mean_fit_time,std_fit_time,mean_score_time,std_score_time,param_colsample_bytree,param_learning_rate,param_max_depth,param_min_child_weight,param_n_estimators,param_subsample,params,split0_test_score,split1_test_score,split2_test_score,split3_test_score,split4_test_score,mean_test_score,std_test_score,rank_test_score
5.189164638519287,0.10025579921683633,0.06861448287963867,0.001089898369675526,0.6488135039273247,0.22455680991172586,4,4,800,0.9236547993389047,"{'colsample_bytree': np.float64(0.6488135039273247), 'learning_rate': np.float64(0.22455680991172586), 'max_depth': 4, 'min_child_weight': 4, 'n_estimators': 800, 'subsample': np.float64(0.9236547993389047)}",0.8459925100111572,0.8217030210774859,0.834763704566768,0.8160651568366235,0.8263378259139431,0.8289724436811955,0.010484322867786578,94
5.165315008163452,0.11014254796697022,0.05288915634155274,0.003335695836859266,0.7458941130666561,0.14127616337880775,7,9,900,0.7726562945801132,"{'colsample_bytree': np.float64(0.7458941130666561), 'learning_rate': np.float64(0.14127616337880775), 'max_depth': 7, 'min_child_weight': 9, 'n_estimators': 900, 'subsample': np.float64(0.7726562945801132)}",0.8689176274206243,0.8413458627757934,0.8938829223293119,0.8588362255402342,0.8663233792972196,0.8658612034726365,0.017000731195794202,51
0.010239315032958985,0.0007186613449632925,0.0,0.0,0.5776651173213498,0.25365061863264793,9,2,600,1.3360787635373774,"{'colsample_bytree': np.float64(0.5776651173213498), 'learning_rate': np.float64(0.25365061863264793), 'max_depth': 9, 'min_child_weight': 2, 'n_estimators': 600, 'subsample': np.float64(1.3360787635373774)}",,,,,,,,116
0.009969043731689452,0.0007307189961523894,0.0,0.0,0.43739616041726836,0.20445156161535916,1,4,600,1.2781567509498504,"{'colsample_bytree': np.float64(0.43739616041726836), 'learning_rate': np.float64(0.20445156161535916), 'max_depth': 1, 'min_child_weight': 4, 'n_estimators': 600, 'subsample': np.float64(1.2781567509498504)}",,,,,,,,116
0.009531021118164062,0.0012985424081333903,0.0,0.0,0.9700121482468191,0.3035855026698292,9,2,400,1.0204774795512048,"{'colsample_bytree': np.float64(0.9700121482468191), 'learning_rate': np.float64(0.3035855026698292), 'max_depth': 9, 'min_child_weight': 2, 'n_estimators': 400, 'subsample': np.float64(1.0204774795512048)}",,,,,,,,116
5.977497482299805,0.1089870823587752,0.036623144149780275,0.002821598189067585,0.7788795301189603,0.22618979641777504,2,1,1100,0.9146619399905236,"{'colsample_bytree': np.float64(0.7788795301189603), 'learning_rate': np.float64(0.22618979641777504), 'max_depth': 2, 'min_child_weight': 1, 'n_estimators': 1100, 'subsample': np.float64(0.9146619399905236)}",0.8666375485422199,0.8252480085797562,0.8491585001431828,0.8333275662208688,0.8340239450509523,0.8416791137073961,0.014677846294016353,85
0.6618246078491211,0.00705859529285499,0.01731710433959961,0.0006475192873965435,0.36455561210462695,0.242270106830265,8,3,100,0.5187898004363551,"{'colsample_bytree': np.float64(0.36455561210462695), 'learning_rate': np.float64(0.242270106830265), 'max_depth': 8, 'min_child_weight': 3, 'n_estimators': 100, 'subsample': np.float64(0.5187898004363551)}",0.8851225123463731,0.853472768787677,0.9119818911941451,0.8389505008737176,0.8557522621498641,0.8690559870703554,0.026179887575126647,41
0.006913232803344727,0.0008152426812444248,0.0,0.0,0.717635497075877,0.19362871681672641,5,2,500,1.1818202991034834,"{'colsample_bytree': np.float64(0.717635497075877), 'learning_rate': np.float64(0.19362871681672641), 'max_depth': 5, 'min_child_weight': 2, 'n_estimators': 500, 'subsample': np.float64(1.1818202991034834)}",,,,,,,,116
0.00798206329345703,0.0007050675272021297,0.0,0.0,0.459507900573786,0.14110958613980243,2,8,1000,1.4698090677467488,"{'colsample_bytree': np.float64(0.459507900573786), 'learning_rate': np.float64(0.14110958613980243), 'max_depth': 2, 'min_child_weight': 8, 'n_estimators': 1000, 'subsample': np.float64(1.4698090677467488)}",,,,,,,,116
0.007091426849365234,0.00018562827777456511,0.0,0.0,0.7531400357979376,0.061272875540813544,3,1,1500,1.1078306687154678,"{'colsample_bytree': np.float64(0.7531400357979376), 'learning_rate': np.float64(0.061272875540813544), 'max_depth': 3, 'min_child_weight': 1, 'n_estimators': 1500, 'subsample': np.float64(1.1078306687154678)}",,,,,,,,116
0.007394218444824218,0.00039162544941050696,0.0,0.0,0.42504722900835246,0.021527627941820417,5,7,500,1.1527903170054907,"{'colsample_bytree': np.float64(0.42504722900835246), 'learning_rate': np.float64(0.021527627941820417), 'max_depth': 5, 'min_child_weight': 7, 'n_estimators': 500, 'subsample': np.float64(1.1527903170054907)}",,,,,,,,116
8.288929986953736,0.22305472840913326,0.06865153312683106,0.003608006422357716,0.7350588736035638,0.30858987030336626,5,9,1500,0.9663107728563063,"{'colsample_bytree': np.float64(0.7350588736035638), 'learning_rate': np.float64(0.30858987030336626), 'max_depth': 5, 'min_child_weight': 9, 'n_estimators': 1500, 'subsample': np.float64(0.9663107728563063)}",0.8585172676243935,0.8200759377621712,0.8696445786161322,0.8056562397273309,0.831437395110642,0.8370662837681339,0.023784184304577606,89
0.6486340045928956,0.01853289901241755,0.015691709518432618,0.00031007834977237164,0.3444255920016027,0.05769087509365592,6,6,100,0.6381829513486138,"{'colsample_bytree': np.float64(0.3444255920016027), 'learning_rate': np.float64(0.05769087509365592), 'max_depth': 6, 'min_child_weight': 6, 'n_estimators': 100, 'subsample': np.float64(0.6381829513486138)}",0.9038064019512027,0.8640720543845841,0.9153363048330225,0.8685011851416115,0.8681032543815637,0.8839638401383969,0.02128047847622611,3
0.006354618072509766,0.00017671345762144367,0.0,0.0,0.2965823616800535,0.12061755119828922,6,1,200,1.337944907498804,"{'colsample_bytree': np.float64(0.2965823616800535), 'learning_rate': np.float64(0.12061755119828922), 'max_depth': 6, 'min_child_weight': 1, 'n_estimators': 200, 'subsample': np.float64(1.337944907498804)}",,,,,,,,116
2.8577532291412355,0.016147277360002658,0.04307084083557129,0.0012815739446119204,0.19609840789396307,0.3029378395040187,3,1,800,0.9511592145209281,"{'colsample_bytree': np.float64(0.19609840789396307), 'learning_rate': np.float64(0.3029378395040187), 'max_depth': 3, 'min_child_weight': 1, 'n_estimators': 800, 'subsample': np.float64(0.9511592145209281)}",0.7922057844163257,0.7883624082130409,0.827303987041405,0.7816290074222737,0.8098972300558833,0.7998796834297858,0.016595584944234486,106
5.609652662277222,0.16151148781540547,0.14126296043395997,0.016843570439064984,0.11998766540875874,0.1425132763746536,8,3,1000,0.817983179393976,"{'colsample_bytree': np.float64(0.11998766540875874), 'learning_rate': np.float64(0.1425132763746536), 'max_depth': 8, 'min_child_weight': 3, 'n_estimators': 1000, 'subsample': np.float64(0.817983179393976)}",0.818186142655746,0.7959496977192724,0.8701659390937291,0.7900115053893666,0.8077086108756206,0.816404379146747,0.028579972611717356,103
3.096869707107544,0.0887416004471093,0.031771183013916016,0.0007268066559265954,0.51426299451467,0.029244248904635305,3,4,500,0.7653894909394454,"{'colsample_bytree': np.float64(0.51426299451467), 'learning_rate': np.float64(0.029244248904635305), 'max_depth': 3, 'min_child_weight': 4, 'n_estimators': 500, 'subsample': np.float64(0.7653894909394454)}",0.901852820854343,0.851149445169995,0.9147154814550875,0.8652550217131785,0.8682395024135365,0.880242454321228,0.02396036190720123,7
4.5979382514953615,0.0650114671719039,0.03425407409667969,0.0005575465651135747,0.6232480534666996,0.0381821532275325,2,5,1100,0.7777185612810324,"{'colsample_bytree': np.float64(0.6232480534666996), 'learning_rate': np.float64(0.0381821532275325), 'max_depth': 2, 'min_child_weight': 5, 'n_estimators': 1100, 'subsample': np.float64(0.7777185612810324)}",0.9002614144489323,0.8460130512623139,0.9263012698461277,0.8699934254917905,0.8566735583660616,0.8798485438830452,0.029507913878302237,8
1.39981369972229,0.05333192188863413,0.01771516799926758,0.0005949720312162603,0.10935670485653262,0.2627026239003193,1,1,700,0.7894060929472011,"{'colsample_bytree': np.float64(0.10935670485653262), 'learning_rate': np.float64(0.2627026239003193), 'max_depth': 1, 'min_child_weight': 1, 'n_estimators': 700, 'subsample': np.float64(0.7894060929472011)}",0.8854133332180141,0.8628784995805261,0.9022585729369099,0.8629301545009429,0.8597207564144709,0.8746402633301728,0.016594501994603446,24
3.9688344478607176,0.04657622260815807,0.04415912628173828,0.001022145861138926,0.2831913620071168,0.18595388044302494,9,9,1400,0.5046954761925471,"{'colsample_bytree': np.float64(0.2831913620071168), 'learning_rate': np.float64(0.18595388044302494), 'max_depth': 9, 'min_child_weight': 9, 'n_estimators': 1400, 'subsample': np.float64(0.5046954761925471)}",0.851149445169995,0.8120118750054056,0.892439070776051,0.8358297721413865,0.8456050277686464,0.8474070381722971,0.026199188828733556,75
0.006597661972045898,0.00018390958273547227,0.0,0.0,0.7778165367962301,0.09100239195764945,3,1,900,1.256106693865041,"{'colsample_bytree': np.float64(0.7778165367962301), 'learning_rate': np.float64(0.09100239195764945), 'max_depth': 3, 'min_child_weight': 1, 'n_estimators': 900, 'subsample': np.float64(1.256106693865041)}",,,,,,,,116
0.007006311416625976,0.0007456715476559923,0.0,0.0,0.49609827542336227,0.2788115162527231,9,5,400,1.452749011516985,"{'colsample_bytree': np.float64(0.49609827542336227), 'learning_rate': np.float64(0.2788115162527231), 'max_depth': 9, 'min_child_weight': 5, 'n_estimators': 400, 'subsample': np.float64(1.452749011516985)}",,,,,,,,116
0.007910633087158203,0.0010393325264479423,0.0,0.0,0.5471253786176273,0.26392260174133836,7,9,100,1.0812728726358587,"{'colsample_bytree': np.float64(0.5471253786176273), 'learning_rate': np.float64(0.26392260174133836), 'max_depth': 7, 'min_child_weight': 9, 'n_estimators': 100, 'subsample': np.float64(1.0812728726358587)}",,,,,,,,116
0.009175443649291992,0.003040807586216666,0.0,0.0,0.9817353618548528,0.21775947702332976,10,7,600,1.4560836347232238,"{'colsample_bytree': np.float64(0.9817353618548528), 'learning_rate': np.float64(0.21775947702332976), 'max_depth': 10, 'min_child_weight': 7, 'n_estimators': 600, 'subsample': np.float64(1.4560836347232238)}",,,,,,,,116
0.007542991638183593,0.0006164279714316047,0.0,0.0,0.7439901992296374,0.1371565145674539,10,7,600,1.2160745312286432,"{'colsample_bytree': np.float64(0.7439901992296374), 'learning_rate': np.float64(0.1371565145674539), 'max_depth': 10, 'min_child_weight': 7, 'n_estimators': 600, 'subsample': np.float64(1.2160745312286432)}",,,,,,,,116
5.520965051651001,0.09888656826728516,0.10086798667907715,0.012482075078471913,0.3879910043632805,0.12503866751048437,10,3,900,0.6354740642224502,"{'colsample_bytree': np.float64(0.3879910043632805), 'learning_rate': np.float64(0.12503866751048437), 'max_depth': 10, 'min_child_weight': 3, 'n_estimators': 900, 'subsample': np.float64(0.6354740642224502)}",0.8502337378157947,0.829588699284732,0.8658409424273756,0.8275943355421373,0.842903856468105,0.8432323143076289,0.01407815678214323,82
0.006522369384765625,0.00028347868393830783,0.0,0.0,0.39828232595603075,0.18098947321037948,10,2,700,1.1532008198571337,"{'colsample_bytree': np.float64(0.39828232595603075), 'learning_rate': np.float64(0.18098947321037948), 'max_depth': 10, 'min_child_weight': 2, 'n_estimators': 700, 'subsample': np.float64(1.1532008198571337)}",,,,,,,,116
0.007142448425292968,0.00031451712669076183,0.0,0.0,0.7521032700016889,0.1394255306301922,4,7,400,1.3919233550156722,"{'colsample_bytree': np.float64(0.7521032700016889), 'learning_rate': np.float64(0.1394255306301922), 'max_depth': 4, 'min_child_weight': 7, 'n_estimators': 400, 'subsample': np.float64(1.3919233550156722)}",,,,,,,,116
0.007002830505371094,0.0003490396210020502,0.0,0.0,0.9061939890460857,0.2211665750621099,1,9,500,1.2142412995491114,"{'colsample_bytree': np.float64(0.9061939890460857), 'learning_rate': np.float64(0.2211665750621099), 'max_depth': 1, 'min_child_weight': 9, 'n_estimators': 500, 'subsample': np.float64(1.2142412995491114)}",,,,,,,,116
0.0067615509033203125,0.00032453394762568837,0.0,0.0,1.0988470065678666,0.05483449139739813,9,3,1200,1.1155595642838443,"{'colsample_bytree': np.float64(1.0988470065678666), 'learning_rate': np.float64(0.05483449139739813), 'max_depth': 9, 'min_child_weight': 3, 'n_estimators': 1200, 'subsample': np.float64(1.1155595642838443)}",,,,,,,,116
4.952636766433716,0.07700746348304525,0.08968076705932618,0.008031616646478534,0.22381998284944152,0.26440246879667034,5,6,1400,0.6399725854932017,"{'colsample_bytree': np.float64(0.22381998284944152), 'learning_rate': np.float64(0.26440246879667034), 'max_depth': 5, 'min_child_weight': 6, 'n_estimators': 1400, 'subsample': np.float64(0.6399725854932017)}",0.840088521981301,0.7847460668909627,0.8745903986604205,0.8142009377324867,0.818640893441063,0.8264533637412468,0.029845424831589126,96
0.006486225128173828,9.965387815054336e-05,0.0,0.0,0.13322238526617727,0.30477248794755807,8,4,1500,1.222055599470348,"{'colsample_bytree': np.float64(0.13322238526617727), 'learning_rate': np.float64(0.30477248794755807), 'max_depth': 8, 'min_child_weight': 4, 'n_estimators': 1500, 'subsample': np.float64(1.222055599470348)}",,,,,,,,116
0.006992530822753906,0.0007547820779387463,0.0,0.0,0.9663823259286292,0.30265645150086573,8,8,1400,1.229990562424058,"{'colsample_bytree': np.float64(0.9663823259286292), 'learning_rate': np.float64(0.30265645150086573), 'max_depth': 8, 'min_child_weight': 8, 'n_estimators': 1400, 'subsample': np.float64(1.229990562424058)}",,,,,,,,116
2.348950815200806,0.024779704135216712,0.031226396560668945,0.00022867347253235852,0.2716296772614405,0.1663109818612388,2,6,900,0.6794902609178557,"{'colsample_bytree': np.float64(0.2716296772614405), 'learning_rate': np.float64(0.1663109818612388), 'max_depth': 2, 'min_child_weight': 6, 'n_estimators': 900, 'subsample': np.float64(0.6794902609178557)}",0.8523429999740532,0.8369338182510098,0.9100166791632875,0.8459034758386823,0.8492858872990883,0.8588965721052242,0.026075900840437507,64
0.006520986557006836,0.0002270962184355477,0.0,0.0,0.27098659868313146,0.1490352932153449,6,1,1500,1.2044144019235328,"{'colsample_bytree': np.float64(0.27098659868313146), 'learning_rate': np.float64(0.1490352932153449), 'max_depth': 6, 'min_child_weight': 1, 'n_estimators': 1500, 'subsample': np.float64(1.2044144019235328)}",,,,,,,,116
1.8938358306884766,0.026303080198533942,0.040181541442871095,0.0015553311440024767,0.13183892953130785,0.05940824694937383,9,9,500,0.7378928213745086,"{'colsample_bytree': np.float64(0.13183892953130785), 'learning_rate': np.float64(0.05940824694937383), 'max_depth': 9, 'min_child_weight': 9, 'n_estimators': 500, 'subsample': np.float64(0.7378928213745086)}",0.8833246123109124,0.8520089343631347,0.9037505164419826,0.8539507603937784,0.8477568816069483,0.8681583410233513,0.02179769237759136,45
0.0066681385040283205,0.00018415074465598843,0.0,0.0,1.0342139979247937,0.1941897867897688,4,3,1500,1.2508442456284317,"{'colsample_bytree': np.float64(1.0342139979247937), 'learning_rate': np.float64(0.1941897867897688), 'max_depth': 4, 'min_child_weight': 3, 'n_estimators': 1500, 'subsample': np.float64(1.2508442456284317)}",,,,,,,,116
0.006625652313232422,0.00023458110497170205,0.0,0.0,1.064489767789431,0.17627273052533207,5,3,600,0.7187493737367718,"{'colsample_bytree': np.float64(1.064489767789431), 'learning_rate': np.float64(0.17627273052533207), 'max_depth': 5, 'min_child_weight': 3, 'n_estimators': 600, 'subsample': np.float64(0.7187493737367718)}",,,,,,,,116
4.107987546920777,0.10720917650474916,0.0396216869354248,0.0018521963289341485,0.669573534574738,0.1456327105100277,6,8,800,0.5580291603238756,"{'colsample_bytree': np.float64(0.669573534574738), 'learning_rate': np.float64(0.1456327105100277), 'max_depth': 6, 'min_child_weight': 8, 'n_estimators': 800, 'subsample': np.float64(0.5580291603238756)}",0.8690808763113967,0.8303411577481599,0.8952994489099522,0.8542600217996851,0.8629409678368138,0.8623844945212016,0.021077608510444493,62
0.0066563129425048825,0.00031348562228669267,0.0,0.0,0.5344166255581208,0.10353876459823076,3,4,200,1.0424987750103973,"{'colsample_bytree': np.float64(0.5344166255581208), 'learning_rate': np.float64(0.10353876459823076), 'max_depth': 3, 'min_child_weight': 4, 'n_estimators': 200, 'subsample': np.float64(1.0424987750103973)}",,,,,,,,116
0.006781435012817383,0.0003562840199275093,0.0,0.0,0.9546135803107144,0.23315036359293634,3,1,1200,1.0365792111087222,"{'colsample_bytree': np.float64(0.9546135803107144), 'learning_rate': np.float64(0.23315036359293634), 'max_depth': 3, 'min_child_weight': 1, 'n_estimators': 1200, 'subsample': np.float64(1.0365792111087222)}",,,,,,,,116
0.341933012008667,0.0029297319625545223,0.008251380920410157,0.0009024777875123193,0.9966712930403421,0.3071016842190113,1,7,100,0.7633223767371506,"{'colsample_bytree': np.float64(0.9966712930403421), 'learning_rate': np.float64(0.3071016842190113), 'max_depth': 1, 'min_child_weight': 7, 'n_estimators': 100, 'subsample': np.float64(0.7633223767371506)}",0.8922687055119745,0.8653931811695108,0.9054140607751111,0.8605058045986955,0.8643856295091611,0.8775934763128905,0.01791440881108643,14
0.00663290023803711,0.00020550993356888546,0.0,0.0,0.12065099946572869,0.23751359615084244,4,4,900,1.145784598501899,"{'colsample_bytree': np.float64(0.12065099946572869), 'learning_rate': np.float64(0.23751359615084244), 'max_depth': 4, 'min_child_weight': 4, 'n_estimators': 900, 'subsample': np.float64(1.145784598501899)}",,,,,,,,116
2.0303720474243163,0.03678251662585078,0.01973590850830078,0.00032989442486272704,0.4246829720664653,0.16591335809748287,1,4,900,0.7735420348156358,"{'colsample_bytree': np.float64(0.4246829720664653), 'learning_rate': np.float64(0.16591335809748287), 'max_depth': 1, 'min_child_weight': 4, 'n_estimators': 900, 'subsample': np.float64(0.7735420348156358)}",0.8899529497236661,0.8415372207470961,0.9030542761396153,0.8634275679510026,0.8645586428830949,0.8725061314888951,0.02164364540322563,30
1.0883338928222657,0.026007413659076925,0.014935493469238281,0.0003647121976486541,0.8980468339125637,0.06569078329178565,5,8,100,0.9834086165987527,"{'colsample_bytree': np.float64(0.8980468339125637), 'learning_rate': np.float64(0.06569078329178565), 'max_depth': 5, 'min_child_weight': 8, 'n_estimators': 100, 'subsample': np.float64(0.9834086165987527)}",0.896680750036758,0.8585378088755503,0.9116321315446042,0.8853029464177581,0.8585269641343276,0.8821361202017997,0.0210041056849452,5
0.006725168228149414,0.0003741739266264917,0.0,0.0,0.8887394275320365,0.0788325503413136,7,5,300,1.0182007139306632,"{'colsample_bytree': np.float64(0.8887394275320365), 'learning_rate': np.float64(0.0788325503413136), 'max_depth': 7, 'min_child_weight': 5, 'n_estimators': 300, 'subsample': np.float64(1.0182007139306632)}",,,,,,,,116
0.5137844562530518,0.013701626759334774,0.017287015914916992,0.00028861992484577646,0.12566271805453158,0.07224102263233281,9,6,100,0.7148807367505782,"{'colsample_bytree': np.float64(0.12566271805453158), 'learning_rate': np.float64(0.07224102263233281), 'max_depth': 9, 'min_child_weight': 6, 'n_estimators': 100, 'subsample': np.float64(0.7148807367505782)}",0.8856760450091246,0.8434908018439558,0.9116561775205101,0.854908821951937,0.8636265333310265,0.8718716759313108,0.02422627490112496,34
0.006963300704956055,0.0005111630149338681,0.0,0.0,0.2864582194893385,0.25227408065763623,8,5,1500,1.2168596811925938,"{'colsample_bytree': np.float64(0.2864582194893385), 'learning_rate': np.float64(0.25227408065763623), 'max_depth': 8, 'min_child_weight': 5, 'n_estimators': 1500, 'subsample': np.float64(1.2168596811925938)}",,,,,,,,116
2.6691942691802977,0.08557195510479955,0.050842666625976564,0.00444096019554421,0.4960597028072937,0.1796263935575527,6,3,400,0.6649588680867573,"{'colsample_bytree': np.float64(0.4960597028072937), 'learning_rate': np.float64(0.1796263935575527), 'max_depth': 6, 'min_child_weight': 3, 'n_estimators': 400, 'subsample': np.float64(0.6649588680867573)}",0.8729318203440551,0.846951462104635,0.8839399112922088,0.8424064430180453,0.8571190678039413,0.8606697409125772,0.015660178315984766,63
0.006896305084228516,0.000358813653301158,0.0,0.0,0.224833057490086,0.2266241987208246,3,8,200,1.4037197397459336,"{'colsample_bytree': np.float64(0.224833057490086), 'learning_rate': np.float64(0.2266241987208246), 'max_depth': 3, 'min_child_weight': 8, 'n_estimators': 200, 'subsample': np.float64(1.4037197397459336)}",,,,,,,,116
2.1083584785461427,0.05432398458022877,0.02277960777282715,0.0004047378686971973,0.18342243544201856,0.17565774097672196,1,4,1100,0.7869150433006046,"{'colsample_bytree': np.float64(0.18342243544201856), 'learning_rate': np.float64(0.17565774097672196), 'max_depth': 1, 'min_child_weight': 4, 'n_estimators': 1100, 'subsample': np.float64(0.7869150433006046)}",0.8851149445169995,0.8477677065584972,0.9031537390399536,0.8432801605564111,0.8552808007058945,0.8669194702755512,0.023259678254804392,47
0.006828117370605469,0.0004110371817415471,0.0,0.0,0.7772633053384269,0.02891148690081302,7,7,800,1.16991654659091,"{'colsample_bytree': np.float64(0.7772633053384269), 'learning_rate': np.float64(0.02891148690081302), 'max_depth': 7, 'min_child_weight': 7, 'n_estimators': 800, 'subsample': np.float64(1.16991654659091)}",,,,,,,,116
8.189096832275391,0.23503603303368942,0.06696147918701172,0.0043671439459178245,0.8851529120231377,0.09451903172618471,7,9,1000,0.9856275959346229,"{'colsample_bytree': np.float64(0.8851529120231377), 'learning_rate': np.float64(0.09451903172618471), 'max_depth': 7, 'min_child_weight': 9, 'n_estimators': 1000, 'subsample': np.float64(0.9856275959346229)}",0.8866144558514457,0.8498639952949724,0.885877798350446,0.8587367428502224,0.8631766985587985,0.8688539381811771,0.014835460389854161,42
0.006523275375366211,0.0001482754720229404,0.0,0.0,1.0774951397444468,0.27295157359497724,10,3,1300,0.9551688151933373,"{'colsample_bytree': np.float64(1.0774951397444468), 'learning_rate': np.float64(0.27295157359497724), 'max_depth': 10, 'min_child_weight': 3, 'n_estimators': 1300, 'subsample': np.float64(0.9551688151933373)}",,,,,,,,116
0.006844997406005859,0.000677487475640892,0.0,0.0,0.9788697417774708,0.15768047245154762,5,5,1300,1.130447936866791,"{'colsample_bytree': np.float64(0.9788697417774708), 'learning_rate': np.float64(0.15768047245154762), 'max_depth': 5, 'min_child_weight': 5, 'n_estimators': 1300, 'subsample': np.float64(1.130447936866791)}",,,,,,,,116
0.006589317321777343,0.00016988575035992178,0.0,0.0,0.974287966624947,0.09790608535233901,2,6,1000,1.2733260096105699,"{'colsample_bytree': np.float64(0.974287966624947), 'learning_rate': np.float64(0.09790608535233901), 'max_depth': 2, 'min_child_weight': 6, 'n_estimators': 1000, 'subsample': np.float64(1.2733260096105699)}",,,,,,,,116
0.006843471527099609,0.00038669081635056275,0.0,0.0,1.074258663857233,0.2686929332050849,8,4,700,0.9783703070399881,"{'colsample_bytree': np.float64(1.074258663857233), 'learning_rate': np.float64(0.2686929332050849), 'max_depth': 8, 'min_child_weight': 4, 'n_estimators': 700, 'subsample': np.float64(0.9783703070399881)}",,,,,,,,116
2.4697248458862306,0.02513921582177551,0.019833183288574217,0.00027491837834781616,0.5973913654986627,0.2018417549196171,1,4,900,0.9282238321164081,"{'colsample_bytree': np.float64(0.5973913654986627), 'learning_rate': np.float64(0.2018417549196171), 'max_depth': 1, 'min_child_weight': 4, 'n_estimators': 900, 'subsample': np.float64(0.9282238321164081)}",0.889356172321637,0.8508153795590766,0.9021591100365718,0.8569979584421876,0.8592233429644112,0.871710392664777,0.020236015580873172,36
0.007319211959838867,0.0007726910080521386,0.0,0.0,0.3978418185550563,0.1303397024675883,2,5,500,1.3621915174216834,"{'colsample_bytree': np.float64(0.3978418185550563), 'learning_rate': np.float64(0.1303397024675883), 'max_depth': 2, 'min_child_weight': 5, 'n_estimators': 500, 'subsample': np.float64(1.3621915174216834)}",,,,,,,,116
0.006905555725097656,0.00031494850645776056,0.0,0.0,1.0729194890231304,0.2982503974189,9,5,700,0.9072411714138073,"{'colsample_bytree': np.float64(1.0729194890231304), 'learning_rate': np.float64(0.2982503974189), 'max_depth': 9, 'min_child_weight': 5, 'n_estimators': 700, 'subsample': np.float64(0.9072411714138073)}",,,,,,,,116
3.83084454536438,0.048418832636104664,0.06359567642211914,0.0022136839272110186,0.3322341421709427,0.049746290427394896,3,2,1100,0.511427458625031,"{'colsample_bytree': np.float64(0.3322341421709427), 'learning_rate': np.float64(0.049746290427394896), 'max_depth': 3, 'min_child_weight': 2, 'n_estimators': 1100, 'subsample': np.float64(0.511427458625031)}",0.877066017418981,0.8321952759446813,0.9116080855686983,0.852830498797557,0.8517729545493866,0.8650945664558609,0.02726557945056677,53
0.006740283966064453,0.00031766390445804056,0.0,0.0,0.8705807485027762,0.054083993620112514,2,2,100,1.1720478073539145,"{'colsample_bytree': np.float64(0.8705807485027762), 'learning_rate': np.float64(0.054083993620112514), 'max_depth': 2, 'min_child_weight': 2, 'n_estimators': 100, 'subsample': np.float64(1.1720478073539145)}",,,,,,,,116
2.2653729915618896,0.036948181577740206,0.05494136810302734,0.011054528709701628,0.34536720985284475,0.13616184000402953,7,4,300,0.8790337721038182,"{'colsample_bytree': np.float64(0.34536720985284475), 'learning_rate': np.float64(0.13616184000402953), 'max_depth': 7, 'min_child_weight': 4, 'n_estimators': 300, 'subsample': np.float64(0.8790337721038182)}",0.8747859385405765,0.8378365521834268,0.9073344598508712,0.8474065295247323,0.8580771293620997,0.8650881218923413,0.02442638530426611,54
2.5693877696990968,0.07443902307704442,0.028301811218261717,0.0013446822453889978,0.1965496098274581,0.08684187322441367,1,9,1400,0.9879345689871769,"{'colsample_bytree': np.float64(0.1965496098274581), 'learning_rate': np.float64(0.08684187322441367), 'max_depth': 1, 'min_child_weight': 9, 'n_estimators': 1400, 'subsample': np.float64(0.9879345689871769)}",0.8953520554224579,0.8654288580794146,0.9151614250082521,0.8556052007820205,0.8548461046038859,0.8772787287792061,0.02397969010797921,17
3.301356887817383,0.11096972458703909,0.04511094093322754,0.0010066261790348699,0.5585145522366506,0.16737778622645438,9,7,500,0.8799269559001205,"{'colsample_bytree': np.float64(0.5585145522366506), 'learning_rate': np.float64(0.16737778622645438), 'max_depth': 9, 'min_child_weight': 7, 'n_estimators': 500, 'subsample': np.float64(0.8799269559001205)}",0.8827710796481608,0.8284232535612043,0.8935604876523913,0.8557890274918252,0.8601295005103895,0.8641346697727942,0.022690045855686118,60
3.4802717685699465,0.1443937687855308,0.0771705150604248,0.005041736041964708,0.281150961736903,0.2465636536919556,7,5,800,0.7065946070752694,"{'colsample_bytree': np.float64(0.281150961736903), 'learning_rate': np.float64(0.2465636536919556), 'max_depth': 7, 'min_child_weight': 5, 'n_estimators': 800, 'subsample': np.float64(0.7065946070752694)}",0.8498639952949724,0.8167579851411075,0.8795875896532352,0.8107190435820688,0.8176460665409436,0.8349149360424656,0.026200955268893454,91
5.676740598678589,0.19884031547977926,0.06088171005249023,0.0066729177887020095,0.9472753225073781,0.21440773872902072,10,4,800,0.5096881707967958,"{'colsample_bytree': np.float64(0.9472753225073781), 'learning_rate': np.float64(0.21440773872902072), 'max_depth': 10, 'min_child_weight': 4, 'n_estimators': 800, 'subsample': np.float64(0.5096881707967958)}",0.8682927409380649,0.8197775490611567,0.8572630870223868,0.8223585183134656,0.8345840758490631,0.8404551942368276,0.019219568084864445,86
1.2272202014923095,0.006585093850708305,0.012337398529052735,0.00011664438867457258,0.9920496580813288,0.050039562874408666,1,9,400,0.5446123012541141,"{'colsample_bytree': np.float64(0.9920496580813288), 'learning_rate': np.float64(0.050039562874408666), 'max_depth': 1, 'min_child_weight': 9, 'n_estimators': 400, 'subsample': np.float64(0.5446123012541141)}",0.888588578199462,0.861514128056322,0.9020082761877073,0.862856623817021,0.8715743351961107,0.8773083882913246,0.01567493964357106,16
8.587073278427123,0.07839739305547493,0.07279510498046875,0.001563653679208575,0.899795884570618,0.03308693409598982,8,1,400,0.9884100599403899,"{'colsample_bytree': np.float64(0.899795884570618), 'learning_rate': np.float64(0.03308693409598982), 'max_depth': 8, 'min_child_weight': 1, 'n_estimators': 400, 'subsample': np.float64(0.9884100599403899)}",0.8696852215427993,0.8386679322960362,0.8707386705198521,0.8471448467966574,0.8439981660582363,0.8540469674427162,0.013478132983720914,69
0.006453275680541992,0.00023831928092703857,0.0,0.0,0.514567485149453,0.06223358566813968,10,3,1400,1.0100168523182502,"{'colsample_bytree': np.float64(0.514567485149453), 'learning_rate': np.float64(0.06223358566813968), 'max_depth': 10, 'min_child_weight': 3, 'n_estimators': 1400, 'subsample': np.float64(1.0100168523182502)}",,,,,,,,116
3.4868462562561033,0.06183796889456638,0.04802579879760742,0.0010755824307489825,0.636177494703452,0.21441775318115136,4,3,500,0.8256847664168154,"{'colsample_bytree': np.float64(0.636177494703452), 'learning_rate': np.float64(0.21441775318115136), 'max_depth': 4, 'min_child_weight': 3, 'n_estimators': 500, 'subsample': np.float64(0.8256847664168154)}",0.8495374975134276,0.8302849395870993,0.855050857239041,0.8241492067336805,0.8240497240436686,0.8366144450233834,0.013116581864427893,90
1.5266845703125,0.013967233455864486,0.04103379249572754,0.002974772775763909,0.24701389488880124,0.05796102014287759,5,2,300,0.5922601704069332,"{'colsample_bytree': np.float64(0.24701389488880124), 'learning_rate': np.float64(0.05796102014287759), 'max_depth': 5, 'min_child_weight': 2, 'n_estimators': 300, 'subsample': np.float64(0.5922601704069332)}",0.8715317719099471,0.8429653782617345,0.9059146542735164,0.8507413623073063,0.8499822661291718,0.8642270865763353,0.02292619304384183,59
0.006757259368896484,0.0005292367479562695,0.0,0.0,1.0105447223934636,0.03489152429685879,10,8,1100,0.5934594564441174,"{'colsample_bytree': np.float64(1.0105447223934636), 'learning_rate': np.float64(0.03489152429685879), 'max_depth': 10, 'min_child_weight': 8, 'n_estimators': 1100, 'subsample': np.float64(0.5934594564441174)}",,,,,,,,116
0.006546592712402344,0.00040163075872386275,0.0,0.0,0.5263058803232388,0.15196620218371312,4,7,1500,1.2567786427368892,"{'colsample_bytree': np.float64(0.5263058803232388), 'learning_rate': np.float64(0.15196620218371312), 'max_depth': 4, 'min_child_weight': 7, 'n_estimators': 1500, 'subsample': np.float64(1.2567786427368892)}",,,,,,,,116
4.5092779159545895,0.054511688691085115,0.029674482345581055,0.000767815407625139,0.7360610554471413,0.08200608201391285,1,8,1500,0.9581388272600428,"{'colsample_bytree': np.float64(0.7360610554471413), 'learning_rate': np.float64(0.08200608201391285), 'max_depth': 1, 'min_child_weight': 8, 'n_estimators': 1500, 'subsample': np.float64(0.9581388272600428)}",0.8968439989275304,0.8558523105664195,0.9163549798123103,0.8568984757521756,0.861275714112701,0.8774450958342275,0.024658294304697966,15
0.0070018768310546875,0.0005815822938931329,0.0,0.0,0.6909841653236849,0.2673167932580664,7,6,1200,1.1216784907560882,"{'colsample_bytree': np.float64(0.6909841653236849), 'learning_rate': np.float64(0.2673167932580664), 'max_depth': 7, 'min_child_weight': 6, 'n_estimators': 1200, 'subsample': np.float64(1.1216784907560882)}",,,,,,,,116
0.008292913436889648,0.0018492425256348324,0.0,0.0,0.9630226166603499,0.057289682720997284,3,6,1200,1.1288984390617003,"{'colsample_bytree': np.float64(0.9630226166603499), 'learning_rate': np.float64(0.057289682720997284), 'max_depth': 3, 'min_child_weight': 6, 'n_estimators': 1200, 'subsample': np.float64(1.1288984390617003)}",,,,,,,,116
0.007202339172363281,0.0013134829195747969,0.0,0.0,0.49843425861967705,0.02881388560700371,3,2,1300,1.242237977931683,"{'colsample_bytree': np.float64(0.49843425861967705), 'learning_rate': np.float64(0.02881388560700371), 'max_depth': 3, 'min_child_weight': 2, 'n_estimators': 1300, 'subsample': np.float64(1.242237977931683)}",,,,,,,,116
2.0027605533599853,0.03385475303856473,0.020223569869995118,0.0005372214352821044,0.4069860559626126,0.04593140472926685,1,9,900,0.9012595008036087,"{'colsample_bytree': np.float64(0.4069860559626126), 'learning_rate': np.float64(0.04593140472926685), 'max_depth': 1, 'min_child_weight': 9, 'n_estimators': 900, 'subsample': np.float64(0.9012595008036087)}",0.8862371455012498,0.8639012376644382,0.9084974106855945,0.8602073565286597,0.8708152390179761,0.8779316778795836,0.017691203104569144,13
0.007030487060546875,0.0003694649262774011,0.0,0.0,1.029291417302714,0.039884479066381394,4,6,1200,0.5559658283494479,"{'colsample_bytree': np.float64(1.029291417302714), 'learning_rate': np.float64(0.039884479066381394), 'max_depth': 4, 'min_child_weight': 6, 'n_estimators': 1200, 'subsample': np.float64(0.5559658283494479)}",,,,,,,,116
1.0835116863250733,0.0075618997463112346,0.025920724868774413,0.0005181337793935795,0.18653249019938803,0.08115198809161342,4,7,300,0.5156060644468282,"{'colsample_bytree': np.float64(0.18653249019938803), 'learning_rate': np.float64(0.08115198809161342), 'max_depth': 4, 'min_child_weight': 7, 'n_estimators': 300, 'subsample': np.float64(0.5156060644468282)}",0.8892567094212989,0.857244791171154,0.9172501459153538,0.8685639024896625,0.8418246855481928,0.8748280469091323,0.02625053536505317,23
5.608740329742432,0.11786782033297205,0.07757058143615722,0.002283288557002562,0.5287957224982378,0.03042222219241606,10,5,700,0.7531911937228519,"{'colsample_bytree': np.float64(0.5287957224982378), 'learning_rate': np.float64(0.03042222219241606), 'max_depth': 10, 'min_child_weight': 5, 'n_estimators': 700, 'subsample': np.float64(0.7531911937228519)}",0.8819396995355515,0.8495299296840539,0.9120813540944832,0.8637368293569092,0.8630404505268257,0.8740656526395647,0.021621450203954135,27
5.860061740875244,0.057700171145343246,0.10834736824035644,0.002043872053339163,0.23105523121525776,0.01361086686929628,4,9,1500,0.8743231966372207,"{'colsample_bytree': np.float64(0.23105523121525776), 'learning_rate': np.float64(0.01361086686929628), 'max_depth': 4, 'min_child_weight': 9, 'n_estimators': 1500, 'subsample': np.float64(0.8743231966372207)}",0.8885604691189317,0.8574437169718303,0.9187420894204263,0.8526574854236233,0.8479558469869721,0.8730719215843568,0.026897830846589088,28
0.007027673721313477,0.0006349786651087699,0.0,0.0,0.14565964198897843,0.10302029199068491,10,8,600,1.1400241552994383,"{'colsample_bytree': np.float64(0.14565964198897843), 'learning_rate': np.float64(0.10302029199068491), 'max_depth': 10, 'min_child_weight': 8, 'n_estimators': 600, 'subsample': np.float64(1.1400241552994383)}",,,,,,,,116
3.4693486213684084,0.0990578155507988,0.0504054069519043,0.0020511675916273005,0.4681024019815341,0.10382598873205728,7,9,800,0.7460631849909645,"{'colsample_bytree': np.float64(0.4681024019815341), 'learning_rate': np.float64(0.10382598873205728), 'max_depth': 7, 'min_child_weight': 9, 'n_estimators': 800, 'subsample': np.float64(0.7460631849909645)}",0.8868771676425563,0.8362732548585465,0.906785774400654,0.8634383812868734,0.8564118756379868,0.8699572907653235,0.024507991215714398,39
0.006702041625976563,0.0004908702754559851,0.0,0.0,0.7658591175591877,0.16519255516068662,3,4,1400,1.2382265807305042,"{'colsample_bytree': np.float64(0.7658591175591877), 'learning_rate': np.float64(0.16519255516068662), 'max_depth': 3, 'min_child_weight': 4, 'n_estimators': 1400, 'subsample': np.float64(1.2382265807305042)}",,,,,,,,116
1.944408369064331,0.038523568297249504,0.02705869674682617,0.0010016767880048527,0.5471438404958363,0.3006709123298308,6,9,400,0.7326269928297655,"{'colsample_bytree': np.float64(0.5471438404958363), 'learning_rate': np.float64(0.3006709123298308), 'max_depth': 6, 'min_child_weight': 9, 'n_estimators': 400, 'subsample': np.float64(0.7326269928297655)}",0.8879712595462762,0.830937935150189,0.8969903182157011,0.8552548486998045,0.8531657122095537,0.864864014764305,0.024274304801440164,55
0.006379556655883789,6.281474904046069e-05,0.0,0.0,0.4485193694925632,0.2544899438110742,9,2,300,1.1971416168283548,"{'colsample_bytree': np.float64(0.4485193694925632), 'learning_rate': np.float64(0.2544899438110742), 'max_depth': 9, 'min_child_weight': 2, 'n_estimators': 300, 'subsample': np.float64(1.1971416168283548)}",,,,,,,,116
0.006568431854248047,0.00018540910182834088,0.0,0.0,0.9970701046031435,0.046317963880325635,1,5,200,1.450952611055394,"{'colsample_bytree': np.float64(0.9970701046031435), 'learning_rate': np.float64(0.046317963880325635), 'max_depth': 1, 'min_child_weight': 5, 'n_estimators': 200, 'subsample': np.float64(1.450952611055394)}",,,,,,,,116
0.9123952865600586,0.00825002933498266,0.012698173522949219,0.0006423993482862949,0.3334202554680963,0.21693047952332514,1,3,400,0.6138166403898612,"{'colsample_bytree': np.float64(0.3334202554680963), 'learning_rate': np.float64(0.21693047952332514), 'max_depth': 1, 'min_child_weight': 3, 'n_estimators': 400, 'subsample': np.float64(0.6138166403898612)}",0.8864717482118301,0.8652299322787382,0.9092690679123939,0.8496730047232651,0.852893216145608,0.872707393854367,0.02238441696062474,29
14.267321586608887,0.16772267403499067,0.1489889144897461,0.005657513838476477,0.7311255415710575,0.049844499630608156,5,1,1300,0.7378072425390388,"{'colsample_bytree': np.float64(0.7311255415710575), 'learning_rate': np.float64(0.049844499630608156), 'max_depth': 5, 'min_child_weight': 1, 'n_estimators': 1300, 'subsample': np.float64(0.7378072425390388)}",0.8395987753089836,0.8198489028809646,0.8400352382846912,0.7913783110434436,0.8308145469644803,0.8243351548965127,0.018042911416757488,97
0.9374828815460206,0.004422460143613041,0.013756322860717773,0.0003141769056086869,0.271853099047643,0.14478749460632143,1,6,500,0.7377418260156388,"{'colsample_bytree': np.float64(0.271853099047643), 'learning_rate': np.float64(0.14478749460632143), 'max_depth': 1, 'min_child_weight': 6, 'n_estimators': 500, 'subsample': np.float64(0.7377418260156388)}",0.8894199583120713,0.8590989093676755,0.9137689444035177,0.8552072700219727,0.8587886468624024,0.875256745793528,0.022882488805655934,21
0.006440114974975586,0.0001566859910840457,0.0,0.0,0.6023894574892614,0.2927750799093791,8,2,1500,1.4402096893547673,"{'colsample_bytree': np.float64(0.6023894574892614), 'learning_rate': np.float64(0.2927750799093791), 'max_depth': 8, 'min_child_weight': 2, 'n_estimators': 1500, 'subsample': np.float64(1.4402096893547673)}",,,,,,,,116
0.006613254547119141,0.0003638060965118152,0.0,0.0,0.8507648618863519,0.21987251806742542,8,5,100,1.207917462675435,"{'colsample_bytree': np.float64(0.8507648618863519), 'learning_rate': np.float64(0.21987251806742542), 'max_depth': 8, 'min_child_weight': 5, 'n_estimators': 100, 'subsample': np.float64(1.207917462675435)}",,,,,,,,116
2.2251824855804445,0.028849234107425556,0.01701517105102539,0.00044734346290158247,0.8090721135651303,0.19352452432988737,1,3,700,0.9174863747960118,"{'colsample_bytree': np.float64(0.8090721135651303), 'learning_rate': np.float64(0.19352452432988737), 'max_depth': 1, 'min_child_weight': 3, 'n_estimators': 700, 'subsample': np.float64(0.9174863747960118)}",0.8891572465209607,0.8556533847657433,0.9002693149301464,0.8563015796121041,0.8576316199242202,0.871802629150635,0.01904433289371895,35
0.006615734100341797,0.00014647445607875956,0.0,0.0,0.23128932847325603,0.1912353412062646,6,5,1100,1.4677946717985018,"{'colsample_bytree': np.float64(0.23128932847325603), 'learning_rate': np.float64(0.1912353412062646), 'max_depth': 6, 'min_child_weight': 5, 'n_estimators': 1100, 'subsample': np.float64(1.4677946717985018)}",,,,,,,,116
0.6941323280334473,0.02974870651781084,0.01452946662902832,0.000627853896280633,0.6468849016694221,0.09244707096027897,6,8,100,0.7155288115645448,"{'colsample_bytree': np.float64(0.6468849016694221), 'learning_rate': np.float64(0.09244707096027897), 'max_depth': 6, 'min_child_weight': 8, 'n_estimators': 100, 'subsample': np.float64(0.7155288115645448)}",0.9063924373599952,0.8700041514949706,0.9217259764305716,0.8700929081818025,0.8589248948943753,0.885428073672343,0.024217867167720595,2
4.752961301803589,0.1586014362236255,0.05855779647827149,0.00527119082874551,0.6799123983985056,0.30272550554197897,9,3,500,0.9017135353795986,"{'colsample_bytree': np.float64(0.6799123983985056), 'learning_rate': np.float64(0.30272550554197897), 'max_depth': 9, 'min_child_weight': 3, 'n_estimators': 500, 'subsample': np.float64(0.9017135353795986)}",0.849374248622655,0.809377189264926,0.823153870199822,0.7717283170989118,0.8035411512309901,0.8114349552834611,0.025376708238929905,104
0.006971931457519532,0.0009334551420892858,0.0,0.0,0.348413465082971,0.1617599151475925,8,9,300,1.2505950229289875,"{'colsample_bytree': np.float64(0.348413465082971), 'learning_rate': np.float64(0.1617599151475925), 'max_depth': 8, 'min_child_weight': 9, 'n_estimators': 300, 'subsample': np.float64(1.2505950229289875)}",,,,,,,,116
4.9464844226837155,0.08762665672794757,0.06744842529296875,0.0017454817287167266,0.4335074657912753,0.28724762998622905,4,7,1200,0.7536425242568228,"{'colsample_bytree': np.float64(0.4335074657912753), 'learning_rate': np.float64(0.28724762998622905), 'max_depth': 4, 'min_child_weight': 7, 'n_estimators': 1200, 'subsample': np.float64(0.7536425242568228)}",0.867198649034345,0.8233225365634271,0.8714589567981252,0.815530978044603,0.8397204103877229,0.8434463061656446,0.022569875204201745,80
2.897620439529419,0.11726623034953539,0.03414239883422852,0.0006365173039824115,0.5461355126592019,0.04138836662274223,3,7,500,0.8868271535673325,"{'colsample_bytree': np.float64(0.5461355126592019), 'learning_rate': np.float64(0.04138836662274223), 'max_depth': 3, 'min_child_weight': 7, 'n_estimators': 500, 'subsample': np.float64(0.8868271535673325)}",0.9011565805519759,0.8413739718563237,0.9203094498499312,0.8661503659232859,0.8633021332549007,0.8784585002872835,0.028366080832878168,12
7.189598035812378,0.16589417148816418,0.08081641197204589,0.009121041383366172,0.630088935959223,0.29341224426894275,3,2,1300,0.8416981148647321,"{'colsample_bytree': np.float64(0.630088935959223), 'learning_rate': np.float64(0.29341224426894275), 'max_depth': 3, 'min_child_weight': 2, 'n_estimators': 1300, 'subsample': np.float64(0.8416981148647321)}",0.777862585516472,0.7639453472985012,0.8108477955305089,0.7523767712244156,0.7852839149466253,0.7780632829033046,0.019930454398836506,111
0.00677180290222168,0.00024863064025530153,0.0,0.0,0.7762424822774628,0.2737704289093981,7,2,1100,1.3563029768335464,"{'colsample_bytree': np.float64(0.7762424822774628), 'learning_rate': np.float64(0.2737704289093981), 'max_depth': 7, 'min_child_weight': 2, 'n_estimators': 1100, 'subsample': np.float64(1.3563029768335464)}",,,,,,,,116
0.0067136287689208984,0.0002623628503067554,0.0,0.0,0.7350567989821495,0.09989304827425799,3,6,1500,1.0305372145627818,"{'colsample_bytree': np.float64(0.7350567989821495), 'learning_rate': np.float64(0.09989304827425799), 'max_depth': 3, 'min_child_weight': 6, 'n_estimators': 1500, 'subsample': np.float64(1.0305372145627818)}",,,,,,,,116
0.006578493118286133,0.0005061271522969678,0.0,0.0,1.0221114617671931,0.03684836350987003,10,4,900,0.9255076374308092,"{'colsample_bytree': np.float64(1.0221114617671931), 'learning_rate': np.float64(0.03684836350987003), 'max_depth': 10, 'min_child_weight': 4, 'n_estimators': 900, 'subsample': np.float64(0.9255076374308092)}",,,,,,,,116
0.00796513557434082,0.0019973418437030767,0.0,0.0,1.0061718405949402,0.012553477016988248,6,9,300,1.0390735467669154,"{'colsample_bytree': np.float64(1.0061718405949402), 'learning_rate': np.float64(0.012553477016988248), 'max_depth': 6, 'min_child_weight': 9, 'n_estimators': 300, 'subsample': np.float64(1.0390735467669154)}",,,,,,,,116
0.007034683227539062,0.00039304991906511435,0.0,0.0,0.8241478484039084,0.12666022912272037,6,7,500,1.1003922370976396,"{'colsample_bytree': np.float64(0.8241478484039084), 'learning_rate': np.float64(0.12666022912272037), 'max_depth': 6, 'min_child_weight': 7, 'n_estimators': 500, 'subsample': np.float64(1.1003922370976396)}",,,,,,,,116
0.006958532333374024,0.0005096619131228071,0.0,0.0,0.6887396099702882,0.29883109595207275,6,6,1200,1.3136786497018633,"{'colsample_bytree': np.float64(0.6887396099702882), 'learning_rate': np.float64(0.29883109595207275), 'max_depth': 6, 'min_child_weight': 6, 'n_estimators': 1200, 'subsample': np.float64(1.3136786497018633)}",,,,,,,,116
0.0067179203033447266,0.00019709866524945905,0.0,0.0,0.6098071966215841,0.11018946087904274,1,8,700,1.3066693253136108,"{'colsample_bytree': np.float64(0.6098071966215841), 'learning_rate': np.float64(0.11018946087904274), 'max_depth': 1, 'min_child_weight': 8, 'n_estimators': 700, 'subsample': np.float64(1.3066693253136108)}",,,,,,,,116
3.5685388088226317,0.04576557718421291,0.05336108207702637,0.0021898284605094405,0.5610068293493948,0.2580472640923445,6,2,400,0.828303308289211,"{'colsample_bytree': np.float64(0.5610068293493948), 'learning_rate': np.float64(0.2580472640923445), 'max_depth': 6, 'min_child_weight': 2, 'n_estimators': 400, 'subsample': np.float64(0.828303308289211)}",0.8445362434159884,0.8312157826000467,0.839935775384353,0.7992006782124259,0.7921741725635392,0.8214125304352706,0.02155072346196036,102
0.008687448501586915,0.0023292233277717083,0.0,0.0,0.5044249428851911,0.17339420722079069,1,8,1100,1.0421294535799384,"{'colsample_bytree': np.float64(0.5044249428851911), 'learning_rate': np.float64(0.17339420722079069), 'max_depth': 1, 'min_child_weight': 8, 'n_estimators': 1100, 'subsample': np.float64(1.0421294535799384)}",,,,,,,,116
0.0075343608856201175,0.0011321588398543166,0.0,0.0,0.22091936113913405,0.2142091716004104,10,5,500,1.4197828107781585,"{'colsample_bytree': np.float64(0.22091936113913405), 'learning_rate': np.float64(0.2142091716004104), 'max_depth': 10, 'min_child_weight': 5, 'n_estimators': 500, 'subsample': np.float64(1.4197828107781585)}",,,,,,,,116
0.009648418426513672,0.0035975732715821393,0.0,0.0,0.1360338174285695,0.06243160124828199,2,6,1000,1.0627831242980728,"{'colsample_bytree': np.float64(0.1360338174285695), 'learning_rate': np.float64(0.06243160124828199), 'max_depth': 2, 'min_child_weight': 6, 'n_estimators': 1000, 'subsample': np.float64(1.0627831242980728)}",,,,,,,,116
0.006817960739135742,0.0002269874396755748,0.0,0.0,1.0063542273675474,0.18403207395889906,2,5,100,1.407875594354326,"{'colsample_bytree': np.float64(1.0063542273675474), 'learning_rate': np.float64(0.18403207395889906), 'max_depth': 2, 'min_child_weight': 5, 'n_estimators': 100, 'subsample': np.float64(1.407875594354326)}",,,,,,,,116
0.0070835590362548825,0.0009198867996237561,0.0,0.0,0.26023046632014324,0.20833525345242984,8,7,300,1.1964631446525007,"{'colsample_bytree': np.float64(0.26023046632014324), 'learning_rate': np.float64(0.20833525345242984), 'max_depth': 8, 'min_child_weight': 7, 'n_estimators': 300, 'subsample': np.float64(1.1964631446525007)}",,,,,,,,116
0.006672811508178711,0.00020889747738440562,0.0,0.0,0.34739875553915367,0.021884656773855315,3,8,1500,1.4077329574850395,"{'colsample_bytree': np.float64(0.34739875553915367), 'learning_rate': np.float64(0.021884656773855315), 'max_depth': 3, 'min_child_weight': 8, 'n_estimators': 1500, 'subsample': np.float64(1.4077329574850395)}",,,,,,,,116
0.006952953338623047,0.0005555518674473062,0.0,0.0,0.839883917829101,0.27941870716412054,4,8,1400,1.0230063893232222,"{'colsample_bytree': np.float64(0.839883917829101), 'learning_rate': np.float64(0.27941870716412054), 'max_depth': 4, 'min_child_weight': 8, 'n_estimators': 1400, 'subsample': np.float64(1.0230063893232222)}",,,,,,,,116
9.266422224044799,0.19939757457993407,0.15241713523864747,0.003612386716577771,0.4205653279867936,0.010929862325316045,6,4,1200,0.8782451749234618,"{'colsample_bytree': np.float64(0.4205653279867936), 'learning_rate': np.float64(0.010929862325316045), 'max_depth': 6, 'min_child_weight': 4, 'n_estimators': 1200, 'subsample': np.float64(0.8782451749234618)}",0.887275019243909,0.8536716945883533,0.9126781314965122,0.8628414851468018,0.8595953217183688,0.875212330438789,0.02195505626300737,22
0.0065442085266113285,0.0003776655532834799,0.0,0.0,1.0795269293354586,0.06239751561850174,2,6,100,1.425702151710163,"{'colsample_bytree': np.float64(1.0795269293354586), 'learning_rate': np.float64(0.06239751561850174), 'max_depth': 2, 'min_child_weight': 6, 'n_estimators': 100, 'subsample': np.float64(1.425702151710163)}",,,,,,,,116
0.006362533569335938,0.00013061174717820325,0.0,0.0,0.40925128964816404,0.13096540991365901,4,5,500,1.0145127432987566,"{'colsample_bytree': np.float64(0.40925128964816404), 'learning_rate': np.float64(0.13096540991365901), 'max_depth': 4, 'min_child_weight': 5, 'n_estimators': 500, 'subsample': np.float64(1.0145127432987566)}",,,,,,,,116
4.79883885383606,0.08979792287934185,0.05149850845336914,0.0035685024041376273,0.4679275805370413,0.1469559673787966,6,9,1300,0.5968039531783742,"{'colsample_bytree': np.float64(0.4679275805370413), 'learning_rate': np.float64(0.1469559673787966), 'max_depth': 6, 'min_child_weight': 9, 'n_estimators': 1300, 'subsample': np.float64(0.5968039531783742)}",0.8708712085174839,0.8359748661575319,0.895199986009614,0.849621100711085,0.8395106316718282,0.8582355586135086,0.022119668821034628,67
4.969961214065552,0.1376773963570224,0.046861124038696286,0.0012866495493515642,0.44339172879091604,0.18730807026114737,2,6,1500,0.8518929961930426,"{'colsample_bytree': np.float64(0.44339172879091604), 'learning_rate': np.float64(0.18730807026114737), 'max_depth': 2, 'min_child_weight': 6, 'n_estimators': 1500, 'subsample': np.float64(0.8518929961930426)}",0.8614298008147309,0.8299151970662769,0.8923669328483332,0.8355421374072216,0.8526423467534041,0.8543792829779934,0.022131958090671804,68
0.006607484817504883,0.00048654021430250867,0.0,0.0,0.8214066679599524,0.20127480835923786,2,8,900,1.0640643603339317,"{'colsample_bytree': np.float64(0.8214066679599524), 'learning_rate': np.float64(0.20127480835923786), 'max_depth': 2, 'min_child_weight': 8, 'n_estimators': 900, 'subsample': np.float64(1.0640643603339317)}",,,,,,,,116
0.0062253475189208984,0.00016255440967828937,0.0,0.0,1.0569329750877765,0.04404577456023204,10,7,900,1.2652705837982596,"{'colsample_bytree': np.float64(1.0569329750877765), 'learning_rate': np.float64(0.04404577456023204), 'max_depth': 10, 'min_child_weight': 7, 'n_estimators': 900, 'subsample': np.float64(1.2652705837982596)}",,,,,,,,116
0.006483793258666992,0.0005274502923704712,0.0,0.0,0.12168872387633992,0.05117540515724155,1,6,700,1.458740923056593,"{'colsample_bytree': np.float64(0.12168872387633992), 'learning_rate': np.float64(0.05117540515724155), 'max_depth': 1, 'min_child_weight': 6, 'n_estimators': 700, 'subsample': np.float64(1.458740923056593)}",,,,,,,,116
0.006343030929565429,6.385570639245247e-05,0.0,0.0,0.21732048038481103,0.04210124205813747,2,8,800,1.4407816592466114,"{'colsample_bytree': np.float64(0.21732048038481103), 'learning_rate': np.float64(0.04210124205813747), 'max_depth': 2, 'min_child_weight': 8, 'n_estimators': 800, 'subsample': np.float64(1.4407816592466114)}",,,,,,,,116
3.8295406341552733,0.03930399592456253,0.09101524353027343,0.002605385497922314,0.15250816744440845,0.18886333610883257,5,3,800,0.8803351835275731,"{'colsample_bytree': np.float64(0.15250816744440845), 'learning_rate': np.float64(0.18886333610883257), 'max_depth': 5, 'min_child_weight': 3, 'n_estimators': 800, 'subsample': np.float64(0.8803351835275731)}",0.82726537566705,0.8054267823319293,0.8570882071976165,0.8044256821052267,0.8170859357428328,0.822258396608931,0.019319673092906407,101
1.6561913013458252,0.05383017281841609,0.02944669723510742,0.0012951548163918985,0.24780867669727238,0.21548033160506783,7,7,500,0.5089312650059014,"{'colsample_bytree': np.float64(0.24780867669727238), 'learning_rate': np.float64(0.21548033160506783), 'max_depth': 7, 'min_child_weight': 7, 'n_estimators': 500, 'subsample': np.float64(0.5089312650059014)}",0.8556890616756472,0.8377933074441495,0.8925385336763892,0.8607155833145902,0.8458039931486704,0.8585080958518893,0.018769056115763124,65
4.111964750289917,0.15459774161660902,0.09222841262817383,0.0049128656374213915,0.19023297948969078,0.1957548398846729,7,4,900,0.6690254061291613,"{'colsample_bytree': np.float64(0.19023297948969078), 'learning_rate': np.float64(0.1957548398846729), 'max_depth': 7, 'min_child_weight': 4, 'n_estimators': 900, 'subsample': np.float64(0.6690254061291613)}",0.8345542764722671,0.8021445066207695,0.8754855647634641,0.8003468918147373,0.8076718455336598,0.8240406170409795,0.028516271243259728,98
12.89148826599121,0.2737593544877155,0.09671955108642578,0.0018150983362601957,0.9595808364196214,0.027560476670667633,5,2,900,0.9797538701970783,"{'colsample_bytree': np.float64(0.9595808364196214), 'learning_rate': np.float64(0.027560476670667633), 'max_depth': 5, 'min_child_weight': 2, 'n_estimators': 900, 'subsample': np.float64(0.9797538701970783)}",0.8805191098502867,0.8387317182864704,0.9059419792461367,0.8515480371632727,0.8473070468347204,0.8648095782761775,0.024903516430507013,56
8.55455927848816,0.15188364488147227,0.10836944580078126,0.0025924362411270025,0.6083903892335468,0.3001777917676561,5,2,1100,0.9837064614240234,"{'colsample_bytree': np.float64(0.6083903892335468), 'learning_rate': np.float64(0.3001777917676561), 'max_depth': 5, 'min_child_weight': 2, 'n_estimators': 1100, 'subsample': np.float64(0.9837064614240234)}",0.8017898997586943,0.7438970861694675,0.8020469683489377,0.7273914773612,0.7821372342082042,0.7714525331693007,0.030565396807881277,112
0.006898927688598633,0.0005725740074716613,0.0,0.0,0.5582590118333156,0.08057885318952529,10,2,600,1.3567552470696485,"{'colsample_bytree': np.float64(0.5582590118333156), 'learning_rate': np.float64(0.08057885318952529), 'max_depth': 10, 'min_child_weight': 2, 'n_estimators': 600, 'subsample': np.float64(1.3567552470696485)}",,,,,,,,116
0.917445707321167,0.015695005446891952,0.01725492477416992,0.0006576931900427464,0.4996673721014476,0.12441914602926628,3,3,200,0.5700421901446446,"{'colsample_bytree': np.float64(0.4996673721014476), 'learning_rate': np.float64(0.12441914602926628), 'max_depth': 3, 'min_child_weight': 3, 'n_estimators': 200, 'subsample': np.float64(0.5700421901446446)}",0.8938676797467588,0.843860544364778,0.9176993684652328,0.8633021332549007,0.8608518313465631,0.8759163114356466,0.02638826910962765,19
0.006558942794799805,0.0002541881721085887,0.0,0.0,0.9224067383556903,0.2060263483340911,2,7,1000,1.3333158076184661,"{'colsample_bytree': np.float64(0.9224067383556903), 'learning_rate': np.float64(0.2060263483340911), 'max_depth': 2, 'min_child_weight': 7, 'n_estimators': 1000, 'subsample': np.float64(1.3333158076184661)}",,,,,,,,116
5.395216989517212,0.22372594494586784,0.05826854705810547,0.0006058034158502133,0.8758032188219843,0.09434588980907868,4,3,600,0.58523306029452,"{'colsample_bytree': np.float64(0.8758032188219843), 'learning_rate': np.float64(0.09434588980907868), 'max_depth': 4, 'min_child_weight': 3, 'n_estimators': 600, 'subsample': np.float64(0.58523306029452)}",0.8645131507252143,0.8382344037847795,0.8742679639835,0.8377307565874842,0.8530402775134518,0.853557310518886,0.014384020333775482,70
0.006268930435180664,0.0002062356485486486,0.0,0.0,0.765677730998295,0.018890445439090367,8,7,800,1.367167159105199,"{'colsample_bytree': np.float64(0.765677730998295), 'learning_rate': np.float64(0.018890445439090367), 'max_depth': 8, 'min_child_weight': 7, 'n_estimators': 800, 'subsample': np.float64(1.367167159105199)}",,,,,,,,116
3.931977415084839,0.1659659661884639,0.045538806915283205,0.004125293521930148,0.12919023484891326,0.1704750564781252,2,4,1400,0.8650998770600098,"{'colsample_bytree': np.float64(0.12919023484891326), 'learning_rate': np.float64(0.1704750564781252), 'max_depth': 2, 'min_child_weight': 4, 'n_estimators': 1400, 'subsample': np.float64(0.8650998770600098)}",0.8490326151823631,0.8220576279395612,0.8971892440163776,0.8254943857160157,0.8457780411425804,0.8479103827993795,0.026851645418447364,74
0.006384611129760742,0.0001930099932902026,0.0,0.0,0.29056691494006803,0.015736869234606935,5,6,400,1.220527517596006,"{'colsample_bytree': np.float64(0.29056691494006803), 'learning_rate': np.float64(0.015736869234606935), 'max_depth': 5, 'min_child_weight': 6, 'n_estimators': 400, 'subsample': np.float64(1.220527517596006)}",,,,,,,,116
3.9476749420166017,0.14819905400205355,0.041350793838500974,0.00110395431666848,0.7334148214970813,0.10221283513426482,3,4,600,0.6000140609215552,"{'colsample_bytree': np.float64(0.7334148214970813), 'learning_rate': np.float64(0.10221283513426482), 'max_depth': 3, 'min_child_weight': 4, 'n_estimators': 600, 'subsample': np.float64(0.6000140609215552)}",0.885619826848064,0.8473774227865181,0.899178502023141,0.847767694942819,0.8613860101385837,0.8682658913478252,0.020787426566356373,44
0.006375026702880859,0.00012250775323664507,0.0,0.0,0.365039698364482,0.029844838635086413,1,8,1200,1.059682405823448,"{'colsample_bytree': np.float64(0.365039698364482), 'learning_rate': np.float64(0.029844838635086413), 'max_depth': 1, 'min_child_weight': 8, 'n_estimators': 1200, 'subsample': np.float64(1.059682405823448)}",,,,,,,,116
2.576494312286377,0.07197681770433777,0.027855443954467773,0.0013038907011982375,0.8734555444490305,0.14692286960172,9,9,300,0.9329842062811807,"{'colsample_bytree': np.float64(0.8734555444490305), 'learning_rate': np.float64(0.14692286960172), 'max_depth': 9, 'min_child_weight': 9, 'n_estimators': 300, 'subsample': np.float64(0.9329842062811807)}",0.8854846870378219,0.8480379861789813,0.877821303423054,0.8630404505268257,0.8563123929479749,0.8661393640229316,0.013744393299905342,50
2.895684766769409,0.05809313903390668,0.0365234375,0.002301876955954538,0.6282340891785357,0.11483208761456046,4,9,600,0.660393536306564,"{'colsample_bytree': np.float64(0.6282340891785357), 'learning_rate': np.float64(0.11483208761456046), 'max_depth': 4, 'min_child_weight': 9, 'n_estimators': 600, 'subsample': np.float64(0.660393536306564)}",0.8904221551448266,0.8504888817775318,0.8986057705970178,0.8622445890067302,0.8595585563764079,0.8722639905805029,0.018759425067820516,32
0.006401777267456055,0.0001130917614431496,0.0,0.0,0.4502072609640009,0.038685964776356774,10,8,1200,1.4873487570739683,"{'colsample_bytree': np.float64(0.4502072609640009), 'learning_rate': np.float64(0.038685964776356774), 'max_depth': 10, 'min_child_weight': 8, 'n_estimators': 1200, 'subsample': np.float64(1.4873487570739683)}",,,,,,,,116
1.2824884891510009,0.016104220841079393,0.011792707443237304,0.0003369515516818214,0.8592824517166681,0.11936338779903598,2,1,200,0.7540252310403572,"{'colsample_bytree': np.float64(0.8592824517166681), 'learning_rate': np.float64(0.11936338779903598), 'max_depth': 2, 'min_child_weight': 1, 'n_estimators': 200, 'subsample': np.float64(0.7540252310403572)}",0.8922405964314442,0.8658623865906713,0.9104385767405461,0.869160798629734,0.8443117527984914,0.8764028222381773,0.022815135780045823,18
0.755922794342041,0.007095226780808334,0.014915943145751953,0.0006338677968606137,0.6510791485078967,0.04957097492211378,4,3,100,0.5974933842150852,"{'colsample_bytree': np.float64(0.6510791485078967), 'learning_rate': np.float64(0.04957097492211378), 'max_depth': 4, 'min_child_weight': 3, 'n_estimators': 100, 'subsample': np.float64(0.5974933842150852)}",0.903508013250188,0.8701036143953088,0.9125272976476477,0.8668099794114085,0.8777163099707608,0.8861330429350627,0.018437521700743423,1
0.007168626785278321,0.0009730964344440174,0.0,0.0,0.9518536993666015,0.1286631489392637,4,4,1000,1.1089886142207679,"{'colsample_bytree': np.float64(0.9518536993666015), 'learning_rate': np.float64(0.1286631489392637), 'max_depth': 4, 'min_child_weight': 4, 'n_estimators': 1000, 'subsample': np.float64(1.1089886142207679)}",,,,,,,,116
0.006590652465820313,0.000605302587964692,0.0,0.0,0.6790112064247336,0.06102989170261382,7,6,1500,1.219620157842288,"{'colsample_bytree': np.float64(0.6790112064247336), 'learning_rate': np.float64(0.06102989170261382), 'max_depth': 7, 'min_child_weight': 6, 'n_estimators': 1500, 'subsample': np.float64(1.219620157842288)}",,,,,,,,116
0.007194900512695312,0.000867016269537224,0.0,0.0,1.0663899714378935,0.16229066417222945,3,3,1000,0.9156082609352576,"{'colsample_bytree': np.float64(1.0663899714378935), 'learning_rate': np.float64(0.16229066417222945), 'max_depth': 3, 'min_child_weight': 3, 'n_estimators': 1000, 'subsample': np.float64(0.9156082609352576)}",,,,,,,,116
0.007477426528930664,0.0015056936139939765,0.0,0.0,1.036617108190112,0.22665520715132084,9,9,1300,0.7476850224923159,"{'colsample_bytree': np.float64(1.036617108190112), 'learning_rate': np.float64(0.22665520715132084), 'max_depth': 9, 'min_child_weight': 9, 'n_estimators': 1300, 'subsample': np.float64(0.7476850224923159)}",,,,,,,,116
0.007059144973754883,0.0006299234064600179,0.0,0.0,0.41823350917706237,0.26763324046957065,8,6,1200,1.0718436381271341,"{'colsample_bytree': np.float64(0.41823350917706237), 'learning_rate': np.float64(0.26763324046957065), 'max_depth': 8, 'min_child_weight': 6, 'n_estimators': 1200, 'subsample': np.float64(1.0718436381271341)}",,,,,,,,116
0.007073211669921875,0.0003089883224388534,0.0,0.0,0.8746834750848023,0.2800306393024854,3,5,1300,1.1756891476442668,"{'colsample_bytree': np.float64(0.8746834750848023), 'learning_rate': np.float64(0.2800306393024854), 'max_depth': 3, 'min_child_weight': 5, 'n_estimators': 1300, 'subsample': np.float64(1.1756891476442668)}",,,,,,,,116
3.5806133270263674,0.08764258971905926,0.06309113502502442,0.0012233765354955238,0.3448894794200994,0.07493717828326293,10,1,300,0.7940766623831661,"{'colsample_bytree': np.float64(0.3448894794200994), 'learning_rate': np.float64(0.07493717828326293), 'max_depth': 10, 'min_child_weight': 1, 'n_estimators': 300, 'subsample': np.float64(0.7940766623831661)}",0.8579561671322684,0.8368138140995147,0.8579352813488481,0.8256414470838596,0.8530143255073617,0.8462722070343706,0.012908042768629818,76
7.492532014846802,0.21592770254073884,0.103033447265625,0.0036698267398518887,0.5530942454488784,0.15818735019616706,7,3,900,0.9269043602110737,"{'colsample_bytree': np.float64(0.5530942454488784), 'learning_rate': np.float64(0.15818735019616706), 'max_depth': 7, 'min_child_weight': 3, 'n_estimators': 900, 'subsample': np.float64(0.9269043602110737)}",0.8553063457330417,0.8198489028809646,0.8448335034768295,0.7920746898735271,0.8079811069395664,0.8240089097807857,0.023268793360204897,99
8.107234859466553,0.16993055176521601,0.0657731056213379,0.0015624513318167608,0.9428548878354571,0.2554099917267515,4,8,1200,0.9246630028405929,"{'colsample_bytree': np.float64(0.9428548878354571), 'learning_rate': np.float64(0.2554099917267515), 'max_depth': 4, 'min_child_weight': 8, 'n_estimators': 1200, 'subsample': np.float64(0.9246630028405929)}",0.8686905925394175,0.8210705667655529,0.8577604015240776,0.8219605875534179,0.8468463987266215,0.8432657094218176,0.01905714927233228,81
0.006452369689941406,0.00010928910022299939,0.0,0.0,0.20761770514958192,0.1804652781009535,4,6,1500,1.4353018858844462,"{'colsample_bytree': np.float64(0.20761770514958192), 'learning_rate': np.float64(0.1804652781009535), 'max_depth': 4, 'min_child_weight': 6, 'n_estimators': 1500, 'subsample': np.float64(1.4353018858844462)}",,,,,,,,116
2.5697301864624023,0.038846363886875145,0.030525064468383788,0.001107927577474978,0.8722655830970694,0.19329595237797767,3,8,400,0.7503982128535728,"{'colsample_bytree': np.float64(0.8722655830970694), 'learning_rate': np.float64(0.19329595237797767), 'max_depth': 3, 'min_child_weight': 8, 'n_estimators': 400, 'subsample': np.float64(0.7503982128535728)}",0.8763059911261795,0.8369694951609137,0.891097961119843,0.8552548486998045,0.8634383812868734,0.8646133354787228,0.01839183129055365,57
0.007012033462524414,0.00035079460132241133,0.0,0.0,0.583393535202392,0.021997840570215088,9,4,600,1.1931528030142677,"{'colsample_bytree': np.float64(0.583393535202392), 'learning_rate': np.float64(0.021997840570215088), 'max_depth': 9, 'min_child_weight': 4, 'n_estimators': 600, 'subsample': np.float64(1.1931528030142677)}",,,,,,,,116
3.978059482574463,0.028516150487462213,0.028299760818481446,0.00038757195153359407,0.8051475406390798,0.18881949702434717,2,4,800,0.8519362404956907,"{'colsample_bytree': np.float64(0.8051475406390798), 'learning_rate': np.float64(0.18881949702434717), 'max_depth': 2, 'min_child_weight': 4, 'n_estimators': 800, 'subsample': np.float64(0.8519362404956907)}",0.8728961434341512,0.8411826138850209,0.8868724273538278,0.8552916140417655,0.8616217408605685,0.8635729079150668,0.015514525287381266,61
4.977816390991211,0.11149616793572018,0.05030074119567871,0.0004900744923210175,0.9975427646494055,0.24099015587502665,5,5,700,0.5850668093144887,"{'colsample_bytree': np.float64(0.9975427646494055), 'learning_rate': np.float64(0.24099015587502665), 'max_depth': 5, 'min_child_weight': 5, 'n_estimators': 700, 'subsample': np.float64(0.5850668093144887)}",0.8604708487212531,0.8243171655668088,0.8874451587799509,0.8238139933216837,0.8550299313136905,0.8502154195406775,0.024009005395503397,73
8.69285683631897,0.26975505759199797,0.2164067268371582,0.007872680565241135,0.3331737511785873,0.034411515621321685,8,4,1500,0.8676261733862233,"{'colsample_bytree': np.float64(0.3331737511785873), 'learning_rate': np.float64(0.034411515621321685), 'max_depth': 8, 'min_child_weight': 4, 'n_estimators': 1500, 'subsample': np.float64(0.8676261733862233)}",0.8542684719903824,0.8244090606377734,0.900992880205134,0.8417987335421028,0.8340131317150816,0.8510964556180948,0.026796341230285473,72
8.670330381393432,0.05382322889967547,0.07609219551086426,0.0025091100917023043,0.8262271830954212,0.21341782306360377,3,2,1300,0.8483567530840184,"{'colsample_bytree': np.float64(0.8262271830954212), 'learning_rate': np.float64(0.21341782306360377), 'max_depth': 3, 'min_child_weight': 2, 'n_estimators': 1300, 'subsample': np.float64(0.8483567530840184)}",0.8092777263645878,0.7893289281358923,0.8133584140148691,0.778058443917715,0.7838911572864582,0.7947829339439044,0.014023073927860029,109
3.5230051994323732,0.05121714074549583,0.09677581787109375,0.0017529574903973621,0.18824823957233275,0.19066875306890374,8,1,500,0.8421375126072165,"{'colsample_bytree': np.float64(0.18824823957233275), 'learning_rate': np.float64(0.19066875306890374), 'max_depth': 8, 'min_child_weight': 1, 'n_estimators': 500, 'subsample': np.float64(0.8421375126072165)}",0.7688114615856981,0.7506529955630897,0.8124872938877314,0.7498529386321562,0.7725868959670583,0.7708783171271467,0.022757979935712262,113
1.6504764556884766,0.04380696328841055,0.023287630081176756,0.0014696182375241605,0.8272499063287814,0.20899537726019654,6,8,300,0.5800610933404337,"{'colsample_bytree': np.float64(0.8272499063287814), 'learning_rate': np.float64(0.20899537726019654), 'max_depth': 6, 'min_child_weight': 8, 'n_estimators': 300, 'subsample': np.float64(0.5800610933404337)}",0.8735210299167107,0.8544317208811548,0.90680982037656,0.8668835100953304,0.8587626948563123,0.8720817552252136,0.018569075661868526,33
2.6192090034484865,0.029834205407742,0.023148298263549805,0.0012161224912184108,0.6171372763282698,0.23653185363498164,1,5,1000,0.6729513542711564,"{'colsample_bytree': np.float64(0.6171372763282698), 'learning_rate': np.float64(0.23653185363498164), 'max_depth': 1, 'min_child_weight': 5, 'n_estimators': 1000, 'subsample': np.float64(0.6729513542711564)}",0.8722917982027487,0.851149445169995,0.9073311808541569,0.8585269641343276,0.8425578297202374,0.8663714436162933,0.022685166849096376,48
0.00860137939453125,0.0018336992450957885,0.0,0.0,0.20721074542854603,0.2552017334384864,4,1,100,1.233289134316726,"{'colsample_bytree': np.float64(0.20721074542854603), 'learning_rate': np.float64(0.2552017334384864), 'max_depth': 4, 'min_child_weight': 1, 'n_estimators': 100, 'subsample': np.float64(1.233289134316726)}",,,,,,,,116
0.011058664321899414,0.0017407260031562625,0.0,0.0,0.5097262056307436,0.12205330424670509,2,7,1300,1.2372785797141679,"{'colsample_bytree': np.float64(0.5097262056307436), 'learning_rate': np.float64(0.12205330424670509), 'max_depth': 2, 'min_child_weight': 7, 'n_estimators': 1300, 'subsample': np.float64(1.2372785797141679)}",,,,,,,,116
0.007522439956665039,0.0006342284221598715,0.0,0.0,0.10515296426902324,0.21824735541073767,3,4,700,1.3852072743848396,"{'colsample_bytree': np.float64(0.10515296426902324), 'learning_rate': np.float64(0.21824735541073767), 'max_depth': 3, 'min_child_weight': 4, 'n_estimators': 700, 'subsample': np.float64(1.3852072743848396)}",,,,,,,,116
0.0078030586242675785,0.0012842244579807827,0.0,0.0,0.9448535836005071,0.1630383999801785,9,2,400,1.4371170419405177,"{'colsample_bytree': np.float64(0.9448535836005071), 'learning_rate': np.float64(0.1630383999801785), 'max_depth': 9, 'min_child_weight': 2, 'n_estimators': 400, 'subsample': np.float64(1.4371170419405177)}",,,,,,,,116
0.006424951553344727,0.00024284026735049667,0.0,0.0,1.0233053075587084,0.09485105565282487,7,5,900,1.46319729526038,"{'colsample_bytree': np.float64(1.0233053075587084), 'learning_rate': np.float64(0.09485105565282487), 'max_depth': 7, 'min_child_weight': 5, 'n_estimators': 900, 'subsample': np.float64(1.46319729526038)}",,,,,,,,116
0.6430818557739257,0.011300773738574146,0.021912908554077147,0.0007131144355447907,0.24780133406539043,0.08707499310600073,9,3,100,0.6855178975231763,"{'colsample_bytree': np.float64(0.24780133406539043), 'learning_rate': np.float64(0.08707499310600073), 'max_depth': 9, 'min_child_weight': 3, 'n_estimators': 100, 'subsample': np.float64(0.6855178975231763)}",0.8763341002067099,0.8593335120782557,0.9122289089466332,0.846463606636793,0.8494480873371512,0.8687616430411087,0.02410747115604292,43
2.4816230297088624,0.03889769681590606,0.02664046287536621,0.0008962607987481918,0.6326685874713607,0.1078808897948117,3,3,400,0.9330774491012684,"{'colsample_bytree': np.float64(0.6326685874713607), 'learning_rate': np.float64(0.1078808897948117), 'max_depth': 3, 'min_child_weight': 3, 'n_estimators': 400, 'subsample': np.float64(0.9330774491012684)}",0.9052702363757449,0.8483720517898998,0.9097696614107993,0.8501185141611447,0.8571450198100313,0.874135096709524,0.027453278701710004,26
0.006500911712646484,0.0002547086461713252,0.0,0.0,0.4573468796779544,0.28449123109468555,2,4,1300,1.0208747951515722,"{'colsample_bytree': np.float64(0.4573468796779544), 'learning_rate': np.float64(0.28449123109468555), 'max_depth': 2, 'min_child_weight': 4, 'n_estimators': 1300, 'subsample': np.float64(1.0208747951515722)}",,,,,,,,116
0.007028818130493164,0.0007593327894973646,0.0,0.0,0.47599427088483737,0.08262991248575677,1,3,1300,1.3786003749184794,"{'colsample_bytree': np.float64(0.47599427088483737), 'learning_rate': np.float64(0.08262991248575677), 'max_depth': 1, 'min_child_weight': 3, 'n_estimators': 1300, 'subsample': np.float64(1.3786003749184794)}",,,,,,,,116
0.00678400993347168,0.00029830379249240306,0.0,0.0,1.0974361275579443,0.11886639902291028,8,6,700,0.9483691788979973,"{'colsample_bytree': np.float64(1.0974361275579443), 'learning_rate': np.float64(0.11886639902291028), 'max_depth': 8, 'min_child_weight': 6, 'n_estimators': 700, 'subsample': np.float64(0.9483691788979973)}",,,,,,,,116
0.006989336013793946,0.000384031799514519,0.0,0.0,0.6678460014775075,0.1963507742101164,3,3,1400,1.1277347561952844,"{'colsample_bytree': np.float64(0.6678460014775075), 'learning_rate': np.float64(0.1963507742101164), 'max_depth': 3, 'min_child_weight': 3, 'n_estimators': 1400, 'subsample': np.float64(1.1277347561952844)}",,,,,,,,116
1.6504940509796142,0.029221830567528497,0.025519084930419923,0.0007040282790898629,0.5014279493055199,0.1350075270726133,4,9,300,0.7646195296897231,"{'colsample_bytree': np.float64(0.5014279493055199), 'learning_rate': np.float64(0.1350075270726133), 'max_depth': 4, 'min_child_weight': 9, 'n_estimators': 300, 'subsample': np.float64(0.7646195296897231)}",0.8942655313481116,0.8511851220798989,0.9020115551844217,0.8654907524351632,0.8652917870551393,0.875648949620547,0.01923799746198923,20
0.006705951690673828,0.0006828388920897142,0.0,0.0,0.675533888310394,0.06847030114802667,6,9,1200,1.2249940940432136,"{'colsample_bytree': np.float64(0.675533888310394), 'learning_rate': np.float64(0.06847030114802667), 'max_depth': 6, 'min_child_weight': 9, 'n_estimators': 1200, 'subsample': np.float64(1.2249940940432136)}",,,,,,,,116
2.751392364501953,0.0406104832881997,0.03849239349365234,0.0020868730446930647,0.26448841169377213,0.23446719048219306,8,9,900,0.5964508606973842,"{'colsample_bytree': np.float64(0.26448841169377213), 'learning_rate': np.float64(0.23446719048219306), 'max_depth': 8, 'min_child_weight': 9, 'n_estimators': 900, 'subsample': np.float64(0.5964508606973842)}",0.8565842277786907,0.8412745089559855,0.8979335762705566,0.8361282202114224,0.859260108306372,0.8582361283046055,0.02170769825009109,66
0.007415676116943359,0.0010696112595254376,0.0,0.0,0.9634706491935857,0.1799518320967488,9,6,800,1.4887490030926775,"{'colsample_bytree': np.float64(0.9634706491935857), 'learning_rate': np.float64(0.1799518320967488), 'max_depth': 9, 'min_child_weight': 6, 'n_estimators': 800, 'subsample': np.float64(1.4887490030926775)}",,,,,,,,116
6.856169176101685,0.10034443323424755,0.07397341728210449,0.0047636565476563645,0.6740318396283186,0.2934847576707279,8,5,900,0.9849656451580705,"{'colsample_bytree': np.float64(0.6740318396283186), 'learning_rate': np.float64(0.2934847576707279), 'max_depth': 8, 'min_child_weight': 5, 'n_estimators': 900, 'subsample': np.float64(0.9849656451580705)}",0.8643855787443457,0.8121264735644909,0.8320541602817314,0.7959177494420319,0.833065883492794,0.8275099691050787,0.023004559211976583,95
0.006825113296508789,0.00037368443337878495,0.0,0.0,1.0011621706491616,0.17639351758607788,5,9,100,0.5385572460589984,"{'colsample_bytree': np.float64(1.0011621706491616), 'learning_rate': np.float64(0.17639351758607788), 'max_depth': 5, 'min_child_weight': 9, 'n_estimators': 100, 'subsample': np.float64(0.5385572460589984)}",,,,,,,,116
6.152418899536133,0.041382230197544764,0.06507372856140137,0.008076308373393026,0.8731100525054192,0.07506107502731219,4,8,800,0.8330720344743188,"{'colsample_bytree': np.float64(0.8731100525054192), 'learning_rate': np.float64(0.07506107502731219), 'max_depth': 4, 'min_child_weight': 8, 'n_estimators': 800, 'subsample': np.float64(0.8330720344743188)}",0.8874739450445853,0.8503256328867593,0.8874932507317628,0.8557522621498641,0.8653285523971003,0.8692747286420144,0.01562449142680384,40
0.006327342987060547,7.862788821393836e-05,0.0,0.0,0.19973294723475402,0.15267673512545313,1,8,1500,1.4930013144781218,"{'colsample_bytree': np.float64(0.19973294723475402), 'learning_rate': np.float64(0.15267673512545313), 'max_depth': 1, 'min_child_weight': 8, 'n_estimators': 1500, 'subsample': np.float64(1.4930013144781218)}",,,,,,,,116
2.511759328842163,0.04772562204501924,0.05937185287475586,0.0006928721472896487,0.26453271965593195,0.16387159691836822,5,2,500,0.7426373266109082,"{'colsample_bytree': np.float64(0.26453271965593195), 'learning_rate': np.float64(0.16387159691836822), 'max_depth': 5, 'min_child_weight': 2, 'n_estimators': 500, 'subsample': np.float64(0.7426373266109082)}",0.8311087518703351,0.8087728440335233,0.8814773847596604,0.8065775359435284,0.8363379989273171,0.8328549031068728,0.02701766946633417,93
3.7271851539611816,0.04693399124856778,0.03903203010559082,0.0007548185727836138,0.8310652091744037,0.3032553469631969,4,1,400,0.8359775423402552,"{'colsample_bytree': np.float64(0.8310652091744037), 'learning_rate': np.float64(0.3032553469631969), 'max_depth': 4, 'min_child_weight': 1, 'n_estimators': 400, 'subsample': np.float64(0.8359775423402552)}",0.8366505652087424,0.7744170609145398,0.8045575868332979,0.7731210747590789,0.7898233533452136,0.7957139282121745,0.02346363570508684,108
0.006436347961425781,0.0002693771659185697,0.0,0.0,0.827771273214418,0.25455981859429405,2,8,1000,1.4745886561450208,"{'colsample_bytree': np.float64(0.827771273214418), 'learning_rate': np.float64(0.25455981859429405), 'max_depth': 2, 'min_child_weight': 8, 'n_estimators': 1000, 'subsample': np.float64(1.4745886561450208)}",,,,,,,,116
0.006619930267333984,0.0003121101184891953,0.0,0.0,0.9915804869744248,0.22027841906203766,4,3,1400,1.1649647021455753,"{'colsample_bytree': np.float64(0.9915804869744248), 'learning_rate': np.float64(0.22027841906203766), 'max_depth': 4, 'min_child_weight': 3, 'n_estimators': 1400, 'subsample': np.float64(1.1649647021455753)}",,,,,,,,116
0.006362485885620117,0.0001460631997609868,0.0,0.0,0.8538900662482234,0.1912232640894828,4,9,400,1.1228940321857523,"{'colsample_bytree': np.float64(0.8538900662482234), 'learning_rate': np.float64(0.1912232640894828), 'max_depth': 4, 'min_child_weight': 9, 'n_estimators': 400, 'subsample': np.float64(1.1228940321857523)}",,,,,,,,116
4.323266553878784,0.10584209756242653,0.10316123962402343,0.018231154515890486,0.2114960572987156,0.14769095805462049,6,6,900,0.982584241712101,"{'colsample_bytree': np.float64(0.2114960572987156), 'learning_rate': np.float64(0.14769095805462049), 'max_depth': 6, 'min_child_weight': 6, 'n_estimators': 900, 'subsample': np.float64(0.982584241712101)}",0.8392571418686917,0.8094971934164209,0.8973881698170538,0.8318245125348189,0.8346100278551531,0.8425154090984277,0.029286956355971127,83
0.0068813800811767575,0.0005598636148360336,0.0,0.0,0.8298276355292675,0.030754797637716845,4,7,200,1.470078102791018,"{'colsample_bytree': np.float64(0.8298276355292675), 'learning_rate': np.float64(0.030754797637716845), 'max_depth': 4, 'min_child_weight': 7, 'n_estimators': 200, 'subsample': np.float64(1.470078102791018)}",,,,,,,,116
8.214403772354126,0.12091237436697894,0.11865530014038086,0.004393157038384318,0.5441214092546122,0.12011387333231098,6,2,1100,0.5755665621924999,"{'colsample_bytree': np.float64(0.5441214092546122), 'learning_rate': np.float64(0.12011387333231098), 'max_depth': 6, 'min_child_weight': 2, 'n_estimators': 1100, 'subsample': np.float64(0.5755665621924999)}",0.8425469854092249,0.8129221767671962,0.8384438318792804,0.8122220972681188,0.8126200280281666,0.8237510238703974,0.01373496213303826,100
0.006612443923950195,0.0003318087254750901,0.0,0.0,0.9288409062040861,0.24713868690520235,8,4,200,1.2239413985013259,"{'colsample_bytree': np.float64(0.9288409062040861), 'learning_rate': np.float64(0.24713868690520235), 'max_depth': 8, 'min_child_weight': 4, 'n_estimators': 200, 'subsample': np.float64(1.2239413985013259)}",,,,,,,,116
0.00699462890625,0.0004606433434196365,0.0,0.0,0.6591737821017022,0.2866895511002343,6,4,1100,1.3339816438766317,"{'colsample_bytree': np.float64(0.6591737821017022), 'learning_rate': np.float64(0.2866895511002343), 'max_depth': 6, 'min_child_weight': 4, 'n_estimators': 1100, 'subsample': np.float64(1.3339816438766317)}",,,,,,,,116
3.9182974815368654,0.09298751141281301,0.10033988952636719,0.002935561512507742,0.31383534680158653,0.24136763888977306,7,2,700,0.7295674446919498,"{'colsample_bytree': np.float64(0.31383534680158653), 'learning_rate': np.float64(0.24136763888977306), 'max_depth': 7, 'min_child_weight': 2, 'n_estimators': 700, 'subsample': np.float64(0.7295674446919498)}",0.7788853236003841,0.7595333027737176,0.8159925413754736,0.7751366805654076,0.790844132251423,0.7840783961132811,0.018834392686882473,110
0.006619453430175781,0.0002727810302794542,0.0,0.0,0.6068629584873134,0.23105594850423566,1,2,500,1.4384120216943856,"{'colsample_bytree': np.float64(0.6068629584873134), 'learning_rate': np.float64(0.23105594850423566), 'max_depth': 1, 'min_child_weight': 2, 'n_estimators': 500, 'subsample': np.float64(1.4384120216943856)}",,,,,,,,116
3.364594268798828,0.10059183770726639,0.041581583023071286,0.0006477078252406356,0.3286465509829455,0.21314234323342723,2,7,1300,0.9758261958572227,"{'colsample_bytree': np.float64(0.3286465509829455), 'learning_rate': np.float64(0.21314234323342723), 'max_depth': 2, 'min_child_weight': 7, 'n_estimators': 1300, 'subsample': np.float64(0.9758261958572227)}",0.8571172191902855,0.811749163214295,0.9029067212874653,0.8538253256976764,0.8370603297634908,0.8525317518306424,0.029876150445001574,71
4.7902271270751955,0.04124105994262368,0.04391732215881348,0.003457670743534108,0.8087703909410486,0.023192629607227178,3,3,700,0.6158614533443827,"{'colsample_bytree': np.float64(0.8087703909410486), 'learning_rate': np.float64(0.023192629607227178), 'max_depth': 3, 'min_child_weight': 3, 'n_estimators': 700, 'subsample': np.float64(0.6158614533443827)}",0.9039415417614447,0.8553268869841983,0.9281910649525529,0.8680405370335127,0.8586632121663005,0.8828326485796018,0.028504408250992267,4
0.0058825016021728516,8.920194642983411e-05,0.0,0.0,0.344376072469455,0.047286668167283434,4,1,900,1.3682549840773977,"{'colsample_bytree': np.float64(0.344376072469455), 'learning_rate': np.float64(0.047286668167283434), 'max_depth': 4, 'min_child_weight': 1, 'n_estimators': 900, 'subsample': np.float64(1.3682549840773977)}",,,,,,,,116
1.2657907962799073,0.027753416544564515,0.01638007164001465,0.0007440715744059562,0.8949877862386675,0.019706869768239703,8,5,100,0.7436778752812322,"{'colsample_bytree': np.float64(0.8949877862386675), 'learning_rate': np.float64(0.019706869768239703), 'max_depth': 8, 'min_child_weight': 5, 'n_estimators': 100, 'subsample': np.float64(0.7436778752812322)}",0.8870328487039552,0.8618481936672404,0.9000703891294701,0.8793967023650928,0.8652809737192686,0.8787258215170055,0.014075976715664188,11
0.006702947616577149,0.000348610340522062,0.0,0.0,0.6886390002919865,0.23597203587765306,6,5,100,1.3398065242143142,"{'colsample_bytree': np.float64(0.6886390002919865), 'learning_rate': np.float64(0.23597203587765306), 'max_depth': 6, 'min_child_weight': 5, 'n_estimators': 100, 'subsample': np.float64(1.3398065242143142)}",,,,,,,,116
2.3385903358459474,0.02775484228563784,0.030133771896362304,0.0005610163625557086,0.32885739019915683,0.05018466721089816,2,5,900,0.9904199084362751,"{'colsample_bytree': np.float64(0.32885739019915683), 'learning_rate': np.float64(0.05018466721089816), 'max_depth': 2, 'min_child_weight': 5, 'n_estimators': 900, 'subsample': np.float64(0.9904199084362751)}",0.893796325926951,0.8450822082493665,0.9074546897304009,0.8525580027336113,0.8630664025329158,0.8723915258346491,0.024140075888602813,31
0.006804370880126953,0.0003077955452679363,0.0,0.0,0.2853485869793828,0.3087445878878905,10,1,400,1.4438508573508195,"{'colsample_bytree': np.float64(0.2853485869793828), 'learning_rate': np.float64(0.3087445878878905), 'max_depth': 10, 'min_child_weight': 1, 'n_estimators': 400, 'subsample': np.float64(1.4438508573508195)}",,,,,,,,116
0.007470846176147461,0.001116627351020106,0.0,0.0,1.0649249408484396,0.22581671860119207,2,3,1500,0.950209164077744,"{'colsample_bytree': np.float64(1.0649249408484396), 'learning_rate': np.float64(0.22581671860119207), 'max_depth': 2, 'min_child_weight': 3, 'n_estimators': 1500, 'subsample': np.float64(0.950209164077744)}",,,,,,,,116
1.084522294998169,0.02370695743072855,0.014630603790283202,0.0006676926912510732,0.9798566872314285,0.023204908687957986,4,6,100,0.8261176923479409,"{'colsample_bytree': np.float64(0.9798566872314285), 'learning_rate': np.float64(0.023204908687957986), 'max_depth': 4, 'min_child_weight': 6, 'n_estimators': 100, 'subsample': np.float64(0.8261176923479409)}",0.8792747424775775,0.8582675292550661,0.8985030286999652,0.8762759736327619,0.8600083911486358,0.8744659330428013,0.01466691286972832,25
0.007041025161743164,0.0007448701530013592,0.0,0.0,0.4001894580146126,0.09003644741352494,8,8,200,1.353245976158513,"{'colsample_bytree': np.float64(0.4001894580146126), 'learning_rate': np.float64(0.09003644741352494), 'max_depth': 8, 'min_child_weight': 8, 'n_estimators': 200, 'subsample': np.float64(1.353245976158513)}",,,,,,,,116
8.632651567459106,0.28013994947690746,0.10581860542297364,0.003967643632190418,0.5753247822120824,0.3007617615153056,4,4,1500,0.9137584288128747,"{'colsample_bytree': np.float64(0.5753247822120824), 'learning_rate': np.float64(0.3007617615153056), 'max_depth': 4, 'min_child_weight': 4, 'n_estimators': 1500, 'subsample': np.float64(0.9137584288128747)}",0.8297238390949742,0.788035910431496,0.8195491598117419,0.751879357774356,0.8047349435111334,0.7987846421247403,0.027347563414422876,107
0.0067100048065185545,7.567142789680812e-05,0.0,0.0,0.7770445393302863,0.1457196895020589,5,4,300,1.21514325202536,"{'colsample_bytree': np.float64(0.7770445393302863), 'learning_rate': np.float64(0.1457196895020589), 'max_depth': 5, 'min_child_weight': 4, 'n_estimators': 300, 'subsample': np.float64(1.21514325202536)}",,,,,,,,116
0.010449934005737304,0.0011756644665537614,0.0,0.0,0.6580512366572625,0.22148441857682785,8,3,800,1.0112217875736866,"{'colsample_bytree': np.float64(0.6580512366572625), 'learning_rate': np.float64(0.22148441857682785), 'max_depth': 8, 'min_child_weight': 3, 'n_estimators': 800, 'subsample': np.float64(1.0112217875736866)}",,,,,,,,116
4.4858301162719725,0.09518605007841047,0.11371011734008789,0.0037238891618599375,0.18329097971899924,0.025322644050777034,6,3,900,0.5006642185902045,"{'colsample_bytree': np.float64(0.18329097971899924), 'learning_rate': np.float64(0.025322644050777034), 'max_depth': 6, 'min_child_weight': 3, 'n_estimators': 900, 'subsample': np.float64(0.5006642185902045)}",0.8789201356155024,0.8398820283512511,0.9096188275619348,0.8445107181785152,0.8486889911590165,0.8643241401732441,0.026454104387587035,58
0.006540775299072266,0.00036018058167047257,0.0,0.0,1.0416677953897564,0.09349758949603429,9,2,1100,0.6089037388413262,"{'colsample_bytree': np.float64(1.0416677953897564), 'learning_rate': np.float64(0.09349758949603429), 'max_depth': 9, 'min_child_weight': 2, 'n_estimators': 1100, 'subsample': np.float64(0.6089037388413262)}",,,,,,,,116
0.007688713073730469,0.001425209506918918,0.0,0.0,0.3646495980028003,0.3025284040636139,10,7,1500,1.4673378020369823,"{'colsample_bytree': np.float64(0.3646495980028003), 'learning_rate': np.float64(0.3025284040636139), 'max_depth': 10, 'min_child_weight': 7, 'n_estimators': 1500, 'subsample': np.float64(1.4673378020369823)}",,,,,,,,116
11.389764785766602,0.2013561305713807,0.12146368026733398,0.013492508987426469,0.9611230080657867,0.19529709477077298,9,1,900,0.7516267562253555,"{'colsample_bytree': np.float64(0.9611230080657867), 'learning_rate': np.float64(0.19529709477077298), 'max_depth': 9, 'min_child_weight': 1, 'n_estimators': 900, 'subsample': np.float64(0.7516267562253555)}",0.7704742218109166,0.7449911780731875,0.7867570066694793,0.7129773006453399,0.7784931400197235,0.7587385694437294,0.026818224815345224,115
0.006405830383300781,0.00026326235211629023,0.0,0.0,0.25788387026060233,0.24605800819458962,10,6,400,1.0259509385903214,"{'colsample_bytree': np.float64(0.25788387026060233), 'learning_rate': np.float64(0.24605800819458962), 'max_depth': 10, 'min_child_weight': 6, 'n_estimators': 400, 'subsample': np.float64(1.0259509385903214)}",,,,,,,,116
5.247244119644165,0.10795193541800782,0.0489896297454834,0.0036286328317555426,0.8042712939311184,0.29666516456393455,9,9,1000,0.7959498335889278,"{'colsample_bytree': np.float64(0.8042712939311184), 'learning_rate': np.float64(0.29666516456393455), 'max_depth': 9, 'min_child_weight': 9, 'n_estimators': 1000, 'subsample': np.float64(0.7959498335889278)}",0.8631206701204799,0.819841335051591,0.8754615187875582,0.8172849011228568,0.8418722642260247,0.8435161378617021,0.023048303352136694,79
0.006691646575927734,0.0003807383440122151,0.0,0.0,1.0292916715697835,0.0897716882010373,5,2,100,1.2833966455148058,"{'colsample_bytree': np.float64(1.0292916715697835), 'learning_rate': np.float64(0.0897716882010373), 'max_depth': 5, 'min_child_weight': 2, 'n_estimators': 100, 'subsample': np.float64(1.2833966455148058)}",,,,,,,,116
0.006502008438110352,0.0003490877125110117,0.0,0.0,0.6189899203864317,0.029822279155501577,2,7,800,1.3955129342048438,"{'colsample_bytree': np.float64(0.6189899203864317), 'learning_rate': np.float64(0.029822279155501577), 'max_depth': 2, 'min_child_weight': 7, 'n_estimators': 800, 'subsample': np.float64(1.3955129342048438)}",,,,,,,,116
2.3238916397094727,0.022333480529109988,0.04389176368713379,0.0007078122912599473,0.3086833295059046,0.1226051295482015,3,7,700,0.762799956324489,"{'colsample_bytree': np.float64(0.3086833295059046), 'learning_rate': np.float64(0.1226051295482015), 'max_depth': 3, 'min_child_weight': 7, 'n_estimators': 700, 'subsample': np.float64(0.762799956324489)}",0.8727891127044395,0.8404788057532802,0.9195137466472258,0.8614119621446739,0.8372225298015536,0.8662832314102346,0.029698270217443708,49
5.483532953262329,0.06224247320784579,0.0593876838684082,0.001882163051346769,0.6220624206822644,0.020548017914858253,3,7,1000,0.8071729507489601,"{'colsample_bytree': np.float64(0.6220624206822644), 'learning_rate': np.float64(0.020548017914858253), 'max_depth': 3, 'min_child_weight': 7, 'n_estimators': 1000, 'subsample': np.float64(0.8071729507489601)}",0.9005598031499469,0.8517462225720241,0.9258039553444368,0.8607155833145902,0.8632026505648887,0.8804056429891773,0.028185814565052862,6
0.006673669815063477,0.00039103544523294033,0.0,0.0,1.0847724724695726,0.2105731470042357,10,4,200,1.1308318084098037,"{'colsample_bytree': np.float64(1.0847724724695726), 'learning_rate': np.float64(0.2105731470042357), 'max_depth': 10, 'min_child_weight': 4, 'n_estimators': 200, 'subsample': np.float64(1.1308318084098037)}",,,,,,,,116
0.006769514083862305,0.000560874335418337,0.0,0.0,1.0979940009356586,0.3063667508000578,7,5,500,0.8684909610688152,"{'colsample_bytree': np.float64(1.0979940009356586), 'learning_rate': np.float64(0.3063667508000578), 'max_depth': 7, 'min_child_weight': 5, 'n_estimators': 500, 'subsample': np.float64(0.8684909610688152)}",,,,,,,,116
0.008082342147827149,0.0029423442669383425,0.0,0.0,0.8614366933857249,0.21878405764455644,5,1,100,1.1383901057769485,"{'colsample_bytree': np.float64(0.8614366933857249), 'learning_rate': np.float64(0.21878405764455644), 'max_depth': 5, 'min_child_weight': 1, 'n_estimators': 100, 'subsample': np.float64(1.1383901057769485)}",,,,,,,,116
5.139438104629517,0.17659392086799086,0.05949220657348633,0.0033320103324970102,0.38085949463224267,0.2943465661334769,10,7,1300,0.6081655244763376,"{'colsample_bytree': np.float64(0.38085949463224267), 'learning_rate': np.float64(0.2943465661334769), 'max_depth': 10, 'min_child_weight': 7, 'n_estimators': 1300, 'subsample': np.float64(0.6081655244763376)}",0.8583821278141515,0.8066841231264217,0.8578839104003217,0.8175833491928926,0.8246725721898303,0.8330412165447235,0.021274385851697702,92
3.2430396556854246,0.10164260937948795,0.04982714653015137,0.0019626845503520848,0.4923189400654594,0.07636543831947769,8,8,700,0.6814763203041689,"{'colsample_bytree': np.float64(0.4923189400654594), 'learning_rate': np.float64(0.07636543831947769), 'max_depth': 8, 'min_child_weight': 8, 'n_estimators': 700, 'subsample': np.float64(0.6814763203041689)}",0.8785579609240536,0.8401166310618313,0.9096942444863669,0.8613492447966228,0.849584335369124,0.8678604833275996,0.0245382752024977,46
0.0066185474395751955,0.00023166137997613143,0.0,0.0,0.26628957000858877,0.08214711868690605,9,2,1200,1.206410577667011,"{'colsample_bytree': np.float64(0.26628957000858877), 'learning_rate': np.float64(0.08214711868690605), 'max_depth': 9, 'min_child_weight': 2, 'n_estimators': 1200, 'subsample': np.float64(1.206410577667011)}",,,,,,,,116
4.585582256317139,0.10299818192678037,0.0749082088470459,0.0019022183289132254,0.12457702430696607,0.20019607639177225,3,8,1400,0.8328309863824814,"{'colsample_bytree': np.float64(0.12457702430696607), 'learning_rate': np.float64(0.20019607639177225), 'max_depth': 3, 'min_child_weight': 8, 'n_estimators': 1400, 'subsample': np.float64(0.8328309863824814)}",0.845686553480769,0.8060516688144888,0.9020869721088539,0.8269866260661949,0.8285783491063858,0.8418780339153384,0.03262448509864097,84
0.00643157958984375,0.00010599833694289627,0.0,0.0,1.0322492029932766,0.24659828823033764,10,7,1000,0.6039908379712331,"{'colsample_bytree': np.float64(1.0322492029932766), 'learning_rate': np.float64(0.24659828823033764), 'max_depth': 10, 'min_child_weight': 7, 'n_estimators': 1000, 'subsample': np.float64(0.6039908379712331)}",,,,,,,,116
1.6544979572296143,0.040648091319772144,0.021817111968994142,0.0009286928480349082,0.7339816530073832,0.23530968986047562,4,8,300,0.6035784634483722,"{'colsample_bytree': np.float64(0.7339816530073832), 'learning_rate': np.float64(0.23530968986047562), 'max_depth': 4, 'min_child_weight': 8, 'n_estimators': 300, 'subsample': np.float64(0.6035784634483722)}",0.8733221041160344,0.845551413670527,0.8989041592980324,0.8714229484939187,0.8645954082250558,0.8707592067607137,0.01716142531455981,38
4.329859209060669,0.10846848987857723,0.07779927253723144,0.007021587699324116,0.11809635820147515,0.18717561371438013,8,9,1200,0.8884041171691053,"{'colsample_bytree': np.float64(0.11809635820147515), 'learning_rate': np.float64(0.18717561371438013), 'max_depth': 8, 'min_child_weight': 9, 'n_estimators': 1200, 'subsample': np.float64(0.8884041171691053)}",0.8475406716772904,0.8074084725093192,0.900992880205134,0.8412018374020311,0.8274840395162546,0.8449255802620058,0.031228153338366347,77
5.827214097976684,0.16135777027178436,0.08143548965454102,0.0016440502873148913,0.5862720863293148,0.1864454381305898,8,2,600,0.8895485073455688,"{'colsample_bytree': np.float64(0.5862720863293148), 'learning_rate': np.float64(0.1864454381305898), 'max_depth': 8, 'min_child_weight': 2, 'n_estimators': 600, 'subsample': np.float64(0.8895485073455688)}",0.8130216396675345,0.8065284420650227,0.8194496969114037,0.798802747452378,0.7948602051938615,0.80653254625804,0.008999494059309788,105
4.8339338302612305,0.040712342369216066,0.05053191184997559,0.0005168258530315771,0.3637676864504621,0.2933877155266372,2,6,1500,0.7791717419430242,"{'colsample_bytree': np.float64(0.3637676864504621), 'learning_rate': np.float64(0.2933877155266372), 'max_depth': 2, 'min_child_weight': 6, 'n_estimators': 1500, 'subsample': np.float64(0.7791717419430242)}",0.8343910275814947,0.8242177026664707,0.8654671368019289,0.8303430855205107,0.84624950258655,0.8401336910313908,0.014569416261386267,87
10.026109313964843,0.1666900757953027,0.08559513092041016,0.005374192033334929,0.8972539265801428,0.2813319273808325,9,2,1100,0.8674753222519272,"{'colsample_bytree': np.float64(0.8972539265801428), 'learning_rate': np.float64(0.2813319273808325), 'max_depth': 9, 'min_child_weight': 2, 'n_estimators': 1100, 'subsample': np.float64(0.8674753222519272)}",0.7808464725266171,0.7604998226965689,0.8083371770461486,0.7170193255938684,0.7606965518434574,0.7654798699413321,0.029896443294574925,114
0.006428718566894531,0.00013073306194779762,0.0,0.0,0.806871809420122,0.20486026725258905,1,2,1000,1.3161507522663682,"{'colsample_bytree': np.float64(0.806871809420122), 'learning_rate': np.float64(0.20486026725258905), 'max_depth': 1, 'min_child_weight': 2, 'n_estimators': 1000, 'subsample': np.float64(1.3161507522663682)}",,,,,,,,116
0.006532144546508789,0.00043291508038617555,0.0,0.0,1.0114508753507623,0.0929011458211148,9,3,1300,1.147209857109566,"{'colsample_bytree': np.float64(1.0114508753507623), 'learning_rate': np.float64(0.0929011458211148), 'max_depth': 9, 'min_child_weight': 3, 'n_estimators': 1300, 'subsample': np.float64(1.147209857109566)}",,,,,,,,116
0.0068724632263183595,0.0004910432474989522,0.0,0.0,0.7728891631083058,0.18322396104048938,9,4,400,1.2558675329549962,"{'colsample_bytree': np.float64(0.7728891631083058), 'learning_rate': np.float64(0.18322396104048938), 'max_depth': 9, 'min_child_weight': 4, 'n_estimators': 400, 'subsample': np.float64(1.2558675329549962)}",,,,,,,,116
0.007042360305786133,0.0007710278054253976,0.0,0.0,0.4429207942505555,0.1910948264456779,8,8,1500,1.3152250407163728,"{'colsample_bytree': np.float64(0.4429207942505555), 'learning_rate': np.float64(0.1910948264456779), 'max_depth': 8, 'min_child_weight': 8, 'n_estimators': 1500, 'subsample': np.float64(1.3152250407163728)}",,,,,,,,116
2.909759044647217,0.10429772954408469,0.05097112655639648,0.003199084263116608,0.19861036872281104,0.2503224640765914,3,6,900,0.5510073088287558,"{'colsample_bytree': np.float64(0.19861036872281104), 'learning_rate': np.float64(0.2503224640765914), 'max_depth': 3, 'min_child_weight': 6, 'n_estimators': 900, 'subsample': np.float64(0.5510073088287558)}",0.8318331012532325,0.8039629479073871,0.9060895340982869,0.8320234779148428,0.8485267911209537,0.8444871704589406,0.033967194331447806,78
7.792974519729614,0.350934892558324,0.06069364547729492,0.0028538540215847343,0.7271607114618582,0.16073592229386915,9,5,1500,0.5559814391113277,"{'colsample_bytree': np.float64(0.7271607114618582), 'learning_rate': np.float64(0.16073592229386915), 'max_depth': 9, 'min_child_weight': 5, 'n_estimators': 1500, 'subsample': np.float64(0.5559814391113277)}",0.8625595696283548,0.8132486745487412,0.867257469008016,0.8057557224173428,0.8401183411477706,0.8377879553500451,0.02496299683955062,88
0.007550811767578125,0.0007977239624352033,0.0,0.0,1.050955860190087,0.16433873902763674,3,2,800,0.7605882544682343,"{'colsample_bytree': np.float64(1.050955860190087), 'learning_rate': np.float64(0.16433873902763674), 'max_depth': 3, 'min_child_weight': 2, 'n_estimators': 800, 'subsample': np.float64(0.7605882544682343)}",,,,,,,,116
0.00733184814453125,0.000650323358457356,0.0,0.0,0.5465467390224825,0.038409169324385206,4,5,1000,1.2712411813790805,"{'colsample_bytree': np.float64(0.5465467390224825), 'learning_rate': np.float64(0.038409169324385206), 'max_depth': 4, 'min_child_weight': 5, 'n_estimators': 1000, 'subsample': np.float64(1.2712411813790805)}",,,,,,,,116
2.213921070098877,0.03956080838884098,0.04315705299377441,0.0033259789467898543,0.3783288070303098,0.051739985401121596,7,5,400,0.5355818023100279,"{'colsample_bytree': np.float64(0.3783288070303098), 'learning_rate': np.float64(0.051739985401121596), 'max_depth': 7, 'min_child_weight': 5, 'n_estimators': 400, 'subsample': np.float64(0.5355818023100279)}",0.8983078333520726,0.8443578588664689,0.933983959148073,0.8588621775463243,0.8589616602363362,0.8788946978298551,0.03287283877485625,10
0.006618022918701172,0.00037196880559318995,0.0,0.0,0.4881690830118073,0.17670371164186582,7,3,900,1.146329186596684,"{'colsample_bytree': np.float64(0.4881690830118073), 'learning_rate': np.float64(0.17670371164186582), 'max_depth': 7, 'min_child_weight': 3, 'n_estimators': 900, 'subsample': np.float64(1.146329186596684)}",,,,,,,,116
0.006470203399658203,0.0001584451023703187,0.0,0.0,0.7095367159786091,0.07028516845135935,6,5,400,1.0120807159237846,"{'colsample_bytree': np.float64(0.7095367159786091), 'learning_rate': np.float64(0.07028516845135935), 'max_depth': 6, 'min_child_weight': 5, 'n_estimators': 400, 'subsample': np.float64(1.0120807159237846)}",,,,,,,,116
0.006949567794799804,0.00043479557934469985,0.0,0.0,1.0717630761139512,0.11915343252749133,7,4,400,1.455465933305781,"{'colsample_bytree': np.float64(1.0717630761139512), 'learning_rate': np.float64(0.11915343252749133), 'max_depth': 7, 'min_child_weight': 4, 'n_estimators': 400, 'subsample': np.float64(1.455465933305781)}",,,,,,,,116
2.883915901184082,0.09844161958137218,0.03300619125366211,0.0007551492895630113,0.6983159693646871,0.04567508264380407,10,9,400,0.7659304880823219,"{'colsample_bytree': np.float64(0.6983159693646871), 'learning_rate': np.float64(0.04567508264380407), 'max_depth': 10, 'min_child_weight': 9, 'n_estimators': 400, 'subsample': np.float64(0.7659304880823219)}",0.9021512095553577,0.8570815422803816,0.920209986949593,0.8556787314659423,0.8606161006245783,0.8791475141751706,0.02681939908794486,9
0.006615734100341797,0.00032920302130324706,0.0,0.0,0.24543560340536666,0.06821742659403465,10,1,1500,1.0736097469668153,"{'colsample_bytree': np.float64(0.24543560340536666), 'learning_rate': np.float64(0.06821742659403465), 'max_depth': 10, 'min_child_weight': 1, 'n_estimators': 1500, 'subsample': np.float64(1.0736097469668153)}",,,,,,,,116
0.006304407119750976,0.00011674339005769577,0.0,0.0,1.055046681006283,0.3037858959967532,7,5,1100,1.42209388342308,"{'colsample_bytree': np.float64(1.055046681006283), 'learning_rate': np.float64(0.3037858959967532), 'max_depth': 7, 'min_child_weight': 5, 'n_estimators': 1100, 'subsample': np.float64(1.42209388342308)}",,,,,,,,116
0.006388664245605469,0.0002101083258274295,0.0,0.0,0.7378402990857371,0.03936879955702777,1,2,1100,1.24802279934327,"{'colsample_bytree': np.float64(0.7378402990857371), 'learning_rate': np.float64(0.03936879955702777), 'max_depth': 1, 'min_child_weight': 2, 'n_estimators': 1100, 'subsample': np.float64(1.24802279934327)}",,,,,,,,116
3.490305519104004,0.16049902929286872,0.03397932052612305,0.0019353358177567042,0.8935673680483519,0.10019534760903004,7,5,300,0.9733262004491432,"{'colsample_bytree': np.float64(0.8935673680483519), 'learning_rate': np.float64(0.10019534760903004), 'max_depth': 7, 'min_child_weight': 5, 'n_estimators': 300, 'subsample': np.float64(0.9733262004491432)}",0.8898967315626054,0.8448270642876294,0.8968668093394571,0.8599305351303655,0.86427100814893,0.8711584296937975,0.019384982522299712,37
0.007151269912719726,0.0005559701571696175,0.0,0.0,0.7751259138207569,0.016407604881504494,4,2,100,1.4829901099578398,"{'colsample_bytree': np.float64(0.7751259138207569), 'learning_rate': np.float64(0.016407604881504494), 'max_depth': 4, 'min_child_weight': 2, 'n_estimators': 100, 'subsample': np.float64(1.4829901099578398)}",,,,,,,,116
1.4780236721038817,0.08145629938489257,0.03735442161560058,0.0011566051903164401,0.239745778864955,0.10917889022776309,9,6,300,0.8941608737916288,"{'colsample_bytree': np.float64(0.239745778864955), 'learning_rate': np.float64(0.10917889022776309), 'max_depth': 9, 'min_child_weight': 6, 'n_estimators': 300, 'subsample': np.float64(0.8941608737916288)}",0.8830619005198017,0.8372959929424586,0.9079279582561859,0.8531916642156439,0.8462019239087182,0.8655358879685616,0.02618366833211816,52
