mean_fit_time,std_fit_time,mean_score_time,std_score_time,param_colsample_bytree,param_learning_rate,param_max_depth,param_min_child_weight,param_n_estimators,param_subsample,params,split0_test_score,split1_test_score,split2_test_score,split3_test_score,split4_test_score,mean_test_score,std_test_score,rank_test_score
5.868306589126587,0.16112368429099144,0.07961916923522949,0.002971495617044321,0.6482604056233543,0.07196945610518968,5,6,807,0.9150038493903057,"{'colsample_bytree': np.float64(0.6482604056233543), 'learning_rate': np.float64(0.07196945610518968), 'max_depth': 5, 'min_child_weight': 6, 'n_estimators': 807, 'subsample': np.float64(0.9150038493903057)}",0.8781320002421705,0.8395912074796101,0.8884638337592385,0.8435267046142667,0.8551921313517534,0.8609811754894079,0.019210151547009207,228
4.5911078453063965,0.12334789140662575,0.04815020561218262,0.0011277849771368768,0.6896437002268426,0.04818469867718546,9,9,572,0.9671358263938822,"{'colsample_bytree': np.float64(0.6896437002268426), 'learning_rate': np.float64(0.04818469867718546), 'max_depth': 9, 'min_child_weight': 9, 'n_estimators': 572, 'subsample': np.float64(0.9671358263938822)}",0.8889302116397539,0.8470433571755995,0.9035034986894943,0.8614487274866347,0.8612497621066109,0.8724351114196187,0.02062952676911845,154
3.572736930847168,0.06985622528351225,0.04694423675537109,0.002025897291999686,0.5567069618541549,0.0774722984253515,9,9,700,0.7114813662489088,"{'colsample_bytree': np.float64(0.5567069618541549), 'learning_rate': np.float64(0.0774722984253515), 'max_depth': 9, 'min_child_weight': 9, 'n_estimators': 700, 'subsample': np.float64(0.7114813662489088)}",0.894563920049126,0.8397187794604786,0.8976111415936361,0.8606528659665391,0.865789200505199,0.8716671815149958,0.021789519965579738,165
9.804794120788575,0.3181958415605748,0.11922721862792969,0.016684085474878603,0.8072965554065463,0.04480648235002071,6,6,1076,0.908451295255331,"{'colsample_bytree': np.float64(0.8072965554065463), 'learning_rate': np.float64(0.04480648235002071), 'max_depth': 6, 'min_child_weight': 6, 'n_estimators': 1076, 'subsample': np.float64(0.908451295255331)}",0.8889021025592236,0.849068292092267,0.8969662722397953,0.838191404695583,0.8593336389902939,0.8664923421154326,0.022744869262576718,199
8.161335754394532,0.12377206739761482,0.0938197135925293,0.0026692387809741022,0.7752296988638573,0.08310106751181673,4,6,1084,0.894251112898659,"{'colsample_bytree': np.float64(0.7752296988638573), 'learning_rate': np.float64(0.08310106751181673), 'max_depth': 4, 'min_child_weight': 6, 'n_estimators': 1084, 'subsample': np.float64(0.894251112898659)}",0.8810164243519776,0.8317055292723641,0.8737706494818092,0.8314006297686811,0.8677529022993478,0.8571292270348358,0.02130128042186192,236
8.125935983657836,0.23757915956675224,0.11269302368164062,0.002458314420611065,0.6325729806174275,0.06935881326233168,9,3,1061,0.5997792483282371,"{'colsample_bytree': np.float64(0.6325729806174275), 'learning_rate': np.float64(0.06935881326233168), 'max_depth': 9, 'min_child_weight': 3, 'n_estimators': 1061, 'subsample': np.float64(0.5997792483282371)}",0.8678948893367122,0.8422129197983066,0.8565668467200196,0.8321337739407255,0.8460505372065261,0.8489717934004581,0.012276020561944646,245
6.337057065963745,0.23568480857648522,0.06319327354431152,0.0017514819203538613,0.8674143710532759,0.058068418082030435,6,6,610,0.882304408964359,"{'colsample_bytree': np.float64(0.8674143710532759), 'learning_rate': np.float64(0.058068418082030435), 'max_depth': 6, 'min_child_weight': 6, 'n_estimators': 610, 'subsample': np.float64(0.882304408964359)}",0.880582895840721,0.842340491779175,0.8830928371409772,0.8411391200539802,0.8669202754372913,0.8628151240504289,0.01807092331000652,220
0.6561593532562255,0.02367593693365647,0.011528968811035156,0.0011061602783929406,0.5969601054214257,0.061417880557383175,2,7,153,0.6026102212599848,"{'colsample_bytree': np.float64(0.5969601054214257), 'learning_rate': np.float64(0.061417880557383175), 'max_depth': 2, 'min_child_weight': 7, 'n_estimators': 153, 'subsample': np.float64(0.6026102212599848)}",0.8783157903840997,0.8642990892657909,0.904693774496838,0.861102700738767,0.8624954583989343,0.874181362656886,0.0164521843667837,132
1.0988189220428466,0.024009602207047214,0.024701929092407225,0.0006763328989658028,0.4675074350688156,0.048336209670297205,6,4,142,0.6965790801356141,"{'colsample_bytree': np.float64(0.4675074350688156), 'learning_rate': np.float64(0.048336209670297205), 'max_depth': 6, 'min_child_weight': 4, 'n_estimators': 142, 'subsample': np.float64(0.6965790801356141)}",0.9096747130711549,0.8543322579808166,0.9168042023621892,0.865951400543262,0.8638990293949722,0.882132320670479,0.025798609775128444,18
1.2493019104003906,0.036950958836727735,0.020925188064575197,0.00129903847083887,0.5863757650187679,0.07070704027697296,5,9,219,0.6121196973529106,"{'colsample_bytree': np.float64(0.5863757650187679), 'learning_rate': np.float64(0.07070704027697296), 'max_depth': 5, 'min_child_weight': 9, 'n_estimators': 219, 'subsample': np.float64(0.6121196973529106)}",0.8991673225452124,0.8641715172849223,0.915037916132008,0.8636632986729875,0.8502439488572466,0.8784568006984754,0.024437617539049848,63
6.0617317199707035,0.052485605572346584,0.07420163154602051,0.004539518489967031,0.542706239472373,0.07452164060278622,5,8,1008,0.7909312055239863,"{'colsample_bytree': np.float64(0.542706239472373), 'learning_rate': np.float64(0.07452164060278622), 'max_depth': 5, 'min_child_weight': 8, 'n_estimators': 1008, 'subsample': np.float64(0.7909312055239863)}",0.8832327172399477,0.8506240215877738,0.8993774278238174,0.8572445025000432,0.8605901486184881,0.870213763554014,0.018246019597355913,178
1.995408535003662,0.09078753512364043,0.030769729614257814,0.0016399234719809029,0.5872447065886396,0.09161116092618463,6,7,231,0.9813036369661614,"{'colsample_bytree': np.float64(0.5872447065886396), 'learning_rate': np.float64(0.09161116092618463), 'max_depth': 6, 'min_child_weight': 7, 'n_estimators': 231, 'subsample': np.float64(0.9813036369661614)}",0.8966526409562277,0.8529754542859861,0.9056916824969341,0.8730146715341096,0.8670824754753542,0.8790833849497224,0.019386363296185052,48
6.3257591247558596,0.2633819360207386,0.07923107147216797,0.001909583811000879,0.6665502939916659,0.05034072702010203,6,6,1054,0.606772644522806,"{'colsample_bytree': np.float64(0.6665502939916659), 'learning_rate': np.float64(0.05034072702010203), 'max_depth': 6, 'min_child_weight': 6, 'n_estimators': 1054, 'subsample': np.float64(0.606772644522806)}",0.8871755563435708,0.8445924615770491,0.9018880463081775,0.86582596584716,0.8589984255782972,0.871696091130851,0.02040325374552774,164
1.2893889904022218,0.0615024535792763,0.02239675521850586,0.0023530038045780663,0.40553161472908295,0.06773749388310114,3,8,269,0.9608251821176621,"{'colsample_bytree': np.float64(0.40553161472908295), 'learning_rate': np.float64(0.06773749388310114), 'max_depth': 3, 'min_child_weight': 8, 'n_estimators': 269, 'subsample': np.float64(0.9608251821176621)}",0.8996646370469032,0.8501548161666133,0.9234168457363205,0.8690980812816831,0.8616109275246977,0.8807890615512436,0.026893687621860264,28
2.5826127529144287,0.06986696105074287,0.027633810043334962,0.00153810996691301,0.7112145388818643,0.02152380566364646,3,5,392,0.5786172461753999,"{'colsample_bytree': np.float64(0.7112145388818643), 'learning_rate': np.float64(0.02152380566364646), 'max_depth': 3, 'min_child_weight': 5, 'n_estimators': 392, 'subsample': np.float64(0.5786172461753999)}",0.9005241262400429,0.866821338684149,0.917349608815692,0.8640244640910743,0.8614746794927248,0.8820388434647366,0.022660675121392544,19
1.506385087966919,0.05314557093739901,0.016623306274414062,0.0010013515199721974,0.8850142936980314,0.05424359552192651,2,8,301,0.5445328148351013,"{'colsample_bytree': np.float64(0.8850142936980314), 'learning_rate': np.float64(0.05424359552192651), 'max_depth': 2, 'min_child_weight': 8, 'n_estimators': 301, 'subsample': np.float64(0.5445328148351013)}",0.8988332569342938,0.8606903157730863,0.9209543192037721,0.8567989930621638,0.8497097700652261,0.8773973310077086,0.027664876851902026,80
1.901792573928833,0.05871782828522649,0.032607221603393556,0.0021100175641615235,0.5889661407890232,0.09097937609235476,9,6,230,0.8439827459302411,"{'colsample_bytree': np.float64(0.5889661407890232), 'learning_rate': np.float64(0.09097937609235476), 'max_depth': 9, 'min_child_weight': 6, 'n_estimators': 230, 'subsample': np.float64(0.8439827459302411)}",0.8920135615502374,0.841608574566904,0.8999982512017523,0.8635378639768854,0.8684752331355214,0.8731266968862601,0.02090821826121048,145
8.275222635269165,0.20187011810832378,0.092380952835083,0.0025258907133373673,0.8318757472822824,0.08656827841901671,5,5,1042,0.7893211265187172,"{'colsample_bytree': np.float64(0.8318757472822824), 'learning_rate': np.float64(0.08656827841901671), 'max_depth': 5, 'min_child_weight': 5, 'n_estimators': 1042, 'subsample': np.float64(0.7893211265187172)}",0.8720366542410116,0.8337942501794657,0.8761577590899254,0.8341861450890153,0.8594698870222668,0.8551289391243371,0.018114610140130626,240
3.720937156677246,0.06043654628986497,0.06409997940063476,0.007938188007525679,0.4913508515656162,0.05816905746697363,3,7,878,0.6599516208773607,"{'colsample_bytree': np.float64(0.4913508515656162), 'learning_rate': np.float64(0.05816905746697363), 'max_depth': 3, 'min_child_weight': 7, 'n_estimators': 878, 'subsample': np.float64(0.6599516208773607)}",0.8771654803193192,0.838823613357435,0.928787842354582,0.8638990293949722,0.85452170452776,0.8726395339908137,0.030728766247952465,150
1.0423205375671387,0.040242205914193696,0.014582061767578125,0.000766142686151883,0.3496056625644706,0.08111161578327844,2,3,282,0.6651856109503196,"{'colsample_bytree': np.float64(0.3496056625644706), 'learning_rate': np.float64(0.08111161578327844), 'max_depth': 2, 'min_child_weight': 3, 'n_estimators': 282, 'subsample': np.float64(0.6651856109503196)}",0.9004246633397047,0.8568469395698013,0.91275026942423,0.8559036488520563,0.8581290333742798,0.8768109109120145,0.024633039199080557,85
3.1791748046875,0.11016404182588162,0.05772552490234375,0.006178172408650013,0.44584422134334317,0.0627177425265938,10,7,588,0.7011917823837063,"{'colsample_bytree': np.float64(0.44584422134334317), 'learning_rate': np.float64(0.0627177425265938), 'max_depth': 10, 'min_child_weight': 7, 'n_estimators': 588, 'subsample': np.float64(0.7011917823837063)}",0.8891291374404304,0.8469438942752614,0.9199870151730107,0.8604539005865153,0.8549196352878077,0.8742867165526051,0.02691793200141862,131
2.0186861991882323,0.04573984598903516,0.039771413803100585,0.002728824467263675,0.42549886255132413,0.06150304189798607,4,6,369,0.7296198147767823,"{'colsample_bytree': np.float64(0.42549886255132413), 'learning_rate': np.float64(0.06150304189798607), 'max_depth': 4, 'min_child_weight': 6, 'n_estimators': 369, 'subsample': np.float64(0.7296198147767823)}",0.8942655313481116,0.8498921043755028,0.9341828849487492,0.8650928216751155,0.8540242910777003,0.8794915266850358,0.031437062455053795,41
2.9633485317230224,0.17459816437239978,0.03821706771850586,0.02010443276535531,0.7630223188763574,0.04902710883072224,4,3,280,0.9348437856977797,"{'colsample_bytree': np.float64(0.7630223188763574), 'learning_rate': np.float64(0.04902710883072224), 'max_depth': 4, 'min_child_weight': 3, 'n_estimators': 280, 'subsample': np.float64(0.9348437856977797)}",0.8912178583475321,0.8515829736812517,0.914890361279858,0.8647943736050796,0.8560139448779391,0.8756999023583321,0.02393655262014895,109
1.7876068115234376,0.08984360472515183,0.028312158584594727,0.009171271484530624,0.7209188009364028,0.05284490992290399,5,8,239,0.6687820444632344,"{'colsample_bytree': np.float64(0.7209188009364028), 'learning_rate': np.float64(0.05284490992290399), 'max_depth': 5, 'min_child_weight': 8, 'n_estimators': 239, 'subsample': np.float64(0.6687820444632344)}",0.8999630257479178,0.8608254555833283,0.9230189941349679,0.8590243775843873,0.870689804321874,0.8827043314744951,0.02492753033355278,12
3.1613322257995606,0.04338340867792838,0.03978095054626465,0.0008114362537749975,0.7949613516097205,0.04905640520882944,10,3,252,0.6758493700822115,"{'colsample_bytree': np.float64(0.7949613516097205), 'learning_rate': np.float64(0.04905640520882944), 'max_depth': 10, 'min_child_weight': 3, 'n_estimators': 252, 'subsample': np.float64(0.6758493700822115)}",0.894699059859368,0.856357192897484,0.9035789156139264,0.8660249312271838,0.8546579525597329,0.875063610431539,0.020232113857807196,122
4.0035080909729,0.09073877522467458,0.043161773681640626,0.005911290314698168,0.8789005189668309,0.06285810028159428,8,8,545,0.6388206718152154,"{'colsample_bytree': np.float64(0.8789005189668309), 'learning_rate': np.float64(0.06285810028159428), 'max_depth': 8, 'min_child_weight': 8, 'n_estimators': 545, 'subsample': np.float64(0.6388206718152154)}",0.8993024623554544,0.843860544364778,0.9123043258710655,0.857767867956193,0.864097994774996,0.8754666390644974,0.02594840817895974,112
2.668012809753418,0.06955544453677193,0.039435529708862306,0.0020920268202392553,0.5630336206340223,0.0650397677253729,8,8,387,0.831225214483095,"{'colsample_bytree': np.float64(0.5630336206340223), 'learning_rate': np.float64(0.0650397677253729), 'max_depth': 8, 'min_child_weight': 8, 'n_estimators': 387, 'subsample': np.float64(0.831225214483095)}",0.8991035365547781,0.8512845849802371,0.9036029615898324,0.8653912697451513,0.8547206699077838,0.8748206045555567,0.02220337275365446,124
3.6599836349487305,0.11777570038965456,0.054134368896484375,0.003859386870090464,0.5050187171560087,0.0649827420273344,4,3,538,0.5816467725407488,"{'colsample_bytree': np.float64(0.5050187171560087), 'learning_rate': np.float64(0.0649827420273344), 'max_depth': 4, 'min_child_weight': 3, 'n_estimators': 538, 'subsample': np.float64(0.5816467725407488)}",0.8909551465564214,0.8476758114875325,0.9113610678162101,0.852804546791467,0.857741915950103,0.8721076977203468,0.024786923076726683,159
4.125016880035401,0.1258575134844643,0.05239996910095215,0.0010771946506329144,0.395565739405091,0.046003637652576264,3,9,912,0.9695088628141154,"{'colsample_bytree': np.float64(0.395565739405091), 'learning_rate': np.float64(0.046003637652576264), 'max_depth': 3, 'min_child_weight': 9, 'n_estimators': 912, 'subsample': np.float64(0.9695088628141154)}",0.9030463756584012,0.8444573217668071,0.9173015168638801,0.8629042024948528,0.8660876485752349,0.8787594130718352,0.02707007610700145,54
5.971022891998291,0.2883217360969772,0.08168864250183105,0.0021130401088879525,0.5221364834207909,0.03645659545385928,5,5,816,0.7307738032519266,"{'colsample_bytree': np.float64(0.5221364834207909), 'learning_rate': np.float64(0.03645659545385928), 'max_depth': 5, 'min_child_weight': 5, 'n_estimators': 816, 'subsample': np.float64(0.7307738032519266)}",0.8846251978446822,0.8508229473884502,0.9087750324074175,0.860888596688524,0.8654280350871122,0.8741079618832372,0.020516835410739773,133
1.2213674545288087,0.042296234907645,0.016928815841674806,0.000709462444255882,0.83821330749477,0.0785126022981821,9,6,132,0.5801715102881526,"{'colsample_bytree': np.float64(0.83821330749477), 'learning_rate': np.float64(0.0785126022981821), 'max_depth': 9, 'min_child_weight': 6, 'n_estimators': 132, 'subsample': np.float64(0.5801715102881526)}",0.9013555063526522,0.8671554042950675,0.919613209547564,0.8651555390231664,0.8602181698645306,0.8826995658165963,0.023518028013722485,13
5.343152046203613,0.20703017606960483,0.0666839599609375,0.0018505900792023483,0.5394728114151556,0.05428658916710253,7,8,768,0.924351928982266,"{'colsample_bytree': np.float64(0.5394728114151556), 'learning_rate': np.float64(0.05428658916710253), 'max_depth': 7, 'min_child_weight': 8, 'n_estimators': 768, 'subsample': np.float64(0.924351928982266)}",0.8862803902405272,0.8442940728760346,0.9025842866105448,0.859197390958321,0.8646321735670167,0.8713976628504889,0.020607397434457435,166
2.5249212265014647,0.0750300539324197,0.043136310577392575,0.0016610057604109405,0.434385132298894,0.06480616767991842,9,8,407,0.9229221246519401,"{'colsample_bytree': np.float64(0.434385132298894), 'learning_rate': np.float64(0.06480616767991842), 'max_depth': 9, 'min_child_weight': 8, 'n_estimators': 407, 'subsample': np.float64(0.9229221246519401)}",0.8995013881561308,0.8511851220798989,0.9208821812760544,0.8614487274866347,0.8604539005865153,0.878694263917047,0.026831433267754883,57
1.9636019229888917,0.08933553484737984,0.030047035217285155,0.0017527657654021298,0.572183557125198,0.030611914264138645,9,4,173,0.8479091079806516,"{'colsample_bytree': np.float64(0.572183557125198), 'learning_rate': np.float64(0.030611914264138645), 'max_depth': 9, 'min_child_weight': 4, 'n_estimators': 173, 'subsample': np.float64(0.8479091079806516)}",0.9006949429601889,0.8611595211942467,0.9129011032730945,0.8682395024135365,0.8660876485752349,0.8818165436832602,0.02088583526327714,23
3.58355655670166,0.053573526015579256,0.06256904602050781,0.017346626826530993,0.5955164552454641,0.07246313176291985,5,4,494,0.6389144072967936,"{'colsample_bytree': np.float64(0.5955164552454641), 'learning_rate': np.float64(0.07246313176291985), 'max_depth': 5, 'min_child_weight': 4, 'n_estimators': 494, 'subsample': np.float64(0.6389144072967936)}",0.87435241002932,0.8481731259892233,0.9002725939268609,0.8417360161940518,0.8574434678800671,0.8643955228039047,0.021029761298979592,215
5.345660972595215,0.08550573716142937,0.060187149047851565,0.0058928638718185955,0.7678969567524659,0.08842960492017729,3,7,902,0.7689159657942319,"{'colsample_bytree': np.float64(0.7678969567524659), 'learning_rate': np.float64(0.08842960492017729), 'max_depth': 3, 'min_child_weight': 7, 'n_estimators': 902, 'subsample': np.float64(0.7689159657942319)}",0.8779968604319285,0.8351153769643923,0.9036783785142647,0.8565481236699597,0.8605901486184881,0.8667857776398067,0.022947601327246755,196
4.2581981182098385,0.13419378029661563,0.07578058242797851,0.0021810191103450124,0.3745082565889236,0.034927578667284326,6,3,559,0.7431275770911168,"{'colsample_bytree': np.float64(0.3745082565889236), 'learning_rate': np.float64(0.034927578667284326), 'max_depth': 6, 'min_child_weight': 3, 'n_estimators': 559, 'subsample': np.float64(0.7431275770911168)}",0.8908556836560833,0.8596394686086437,0.9064633397237336,0.8510138583712521,0.8587367428502224,0.873341818641987,0.02146332253716343,142
1.9347457408905029,0.053832628438792,0.025531244277954102,0.0005571102485802244,0.828607758954768,0.08842933396730954,10,8,229,0.8865187082192646,"{'colsample_bytree': np.float64(0.828607758954768), 'learning_rate': np.float64(0.08842933396730954), 'max_depth': 10, 'min_child_weight': 8, 'n_estimators': 229, 'subsample': np.float64(0.8865187082192646)}",0.8997003139568072,0.8460487281722179,0.9177988313655709,0.8712239831138947,0.8649933389851036,0.8799530391187188,0.025580266620592356,36
2.49728045463562,0.059247544630260156,0.03292727470397949,0.0007385643142647642,0.6212507719386384,0.024169577297569748,6,7,276,0.9539478808646216,"{'colsample_bytree': np.float64(0.6212507719386384), 'learning_rate': np.float64(0.024169577297569748), 'max_depth': 6, 'min_child_weight': 7, 'n_estimators': 276, 'subsample': np.float64(0.9539478808646216)}",0.9017533579540049,0.8666580897933767,0.9142181669533966,0.8643596775030711,0.8672446755134172,0.8828467935434533,0.02092316860830556,9
1.7582881927490235,0.052754079626175496,0.018746185302734374,0.00039833354551638376,0.6843301870344924,0.059059509232417116,3,4,246,0.7837864263575182,"{'colsample_bytree': np.float64(0.6843301870344924), 'learning_rate': np.float64(0.059059509232417116), 'max_depth': 3, 'min_child_weight': 4, 'n_estimators': 246, 'subsample': np.float64(0.7837864263575182)}",0.9021512095553577,0.8523429999740532,0.9210056901522985,0.870689804321874,0.8571709718161213,0.880672135163941,0.026618181016212182,29
4.137846517562866,0.16536404872599195,0.0688216209411621,0.005445619661934102,0.46200948376734396,0.03654147510464056,7,7,656,0.866772478861644,"{'colsample_bytree': np.float64(0.46200948376734396), 'learning_rate': np.float64(0.03654147510464056), 'max_depth': 7, 'min_child_weight': 7, 'n_estimators': 656, 'subsample': np.float64(0.866772478861644)}",0.8898253777427976,0.8399177052611551,0.9253820577671781,0.8663860966452707,0.8557154968079033,0.875445346844861,0.029779223292505676,113
5.460387420654297,0.15246455328190012,0.07937684059143066,0.008626981528644188,0.6159540067346305,0.03689891431481684,9,6,762,0.730125215807779,"{'colsample_bytree': np.float64(0.6159540067346305), 'learning_rate': np.float64(0.03689891431481684), 'max_depth': 9, 'min_child_weight': 6, 'n_estimators': 762, 'subsample': np.float64(0.730125215807779)}",0.8960558635541986,0.8488336893816868,0.9052938308955815,0.869171611965605,0.8621451063167183,0.876300020422758,0.021149513114524326,98
5.870186138153076,0.22118863811873699,0.08228282928466797,0.002720136898589652,0.5170424154139013,0.0706144553550343,5,4,909,0.5466335986262145,"{'colsample_bytree': np.float64(0.5170424154139013), 'learning_rate': np.float64(0.0706144553550343), 'max_depth': 5, 'min_child_weight': 4, 'n_estimators': 909, 'subsample': np.float64(0.5466335986262145)}",0.8774357599398033,0.8513559388000449,0.8878670563572095,0.8505532102631533,0.8596320870603298,0.8653688104841082,0.014836137738070037,211
1.4748820304870605,0.029316469134132675,0.019913768768310545,0.0023875105354462336,0.3816564164903408,0.06939571497530725,2,6,429,0.8074328581595127,"{'colsample_bytree': np.float64(0.3816564164903408), 'learning_rate': np.float64(0.06939571497530725), 'max_depth': 2, 'min_child_weight': 6, 'n_estimators': 429, 'subsample': np.float64(0.8074328581595127)}",0.9025133842468063,0.8535008778682074,0.9158336193347134,0.8658151525112892,0.8422226163082407,0.8759771300538514,0.028427196212357675,103
2.3631497383117677,0.252956550034112,0.03110060691833496,0.0004660098979283328,0.7400969974312872,0.05430442078660595,8,3,206,0.5970327858975151,"{'colsample_bytree': np.float64(0.7400969974312872), 'learning_rate': np.float64(0.05430442078660595), 'max_depth': 8, 'min_child_weight': 3, 'n_estimators': 206, 'subsample': np.float64(0.5970327858975151)}",0.9042756073723631,0.8592059400973872,0.9051943679952432,0.8749048426443364,0.8748053599543245,0.8836772236127309,0.018120647148506027,7
6.927361106872558,0.18359842817076608,0.11616239547729493,0.004418244612167628,0.4713262783187846,0.0839331732967682,5,3,1052,0.7990459810642772,"{'colsample_bytree': np.float64(0.4713262783187846), 'learning_rate': np.float64(0.0839331732967682), 'max_depth': 5, 'min_child_weight': 3, 'n_estimators': 1052, 'subsample': np.float64(0.7990459810642772)}",0.8646482905354564,0.8395630983990798,0.8707386705198521,0.823353345213585,0.8495324313569439,0.8495671672049834,0.01710508635564022,244
5.437401008605957,0.16012616116681452,0.06481466293334961,0.000933039582479698,0.8045116698776481,0.06577121685182477,5,3,555,0.7261104091853894,"{'colsample_bytree': np.float64(0.8045116698776481), 'learning_rate': np.float64(0.06577121685182477), 'max_depth': 5, 'min_child_weight': 3, 'n_estimators': 555, 'subsample': np.float64(0.7261104091853894)}",0.8763773449459873,0.849203431902509,0.8903536288656639,0.8474065295247323,0.8584750601221475,0.8643631990722079,0.016564175228498422,216
8.818179655075074,0.17335127558340993,0.09116120338439941,0.0035684862512464725,0.8345673266252052,0.06943070701554038,9,3,815,0.6320919188065559,"{'colsample_bytree': np.float64(0.8345673266252052), 'learning_rate': np.float64(0.06943070701554038), 'max_depth': 9, 'min_child_weight': 3, 'n_estimators': 815, 'subsample': np.float64(0.6320919188065559)}",0.8567269354183064,0.8360818968872437,0.8670585432073397,0.8244108894617554,0.8516842851952456,0.8471925100339781,0.015153801806457095,247
4.074129867553711,0.14878908510026614,0.04198780059814453,0.002747306436799721,0.8689100748580014,0.07309585833437958,8,7,376,0.9643539688377908,"{'colsample_bytree': np.float64(0.8689100748580014), 'learning_rate': np.float64(0.07309585833437958), 'max_depth': 8, 'min_child_weight': 7, 'n_estimators': 376, 'subsample': np.float64(0.9643539688377908)}",0.9104066302834259,0.8383619757656482,0.8961946150129958,0.8602917005484524,0.8639357947369332,0.8738381432694909,0.025989179090235997,137
6.030119132995606,0.22390104958307241,0.09277443885803223,0.011513627377340402,0.605597282552722,0.07171022052397666,9,3,673,0.703145152605579,"{'colsample_bytree': np.float64(0.605597282552722), 'learning_rate': np.float64(0.07171022052397666), 'max_depth': 9, 'min_child_weight': 3, 'n_estimators': 673, 'subsample': np.float64(0.703145152605579)}",0.8672981119346832,0.8415166794959392,0.873050363203536,0.8352804546791467,0.8612605754424818,0.8556812369511574,0.014728163187355531,239
1.0197386264801025,0.01738404875915707,0.017648029327392577,0.0003350503477068359,0.6010707941578499,0.04050925899567471,7,6,104,0.8701440214429896,"{'colsample_bytree': np.float64(0.6010707941578499), 'learning_rate': np.float64(0.04050925899567471), 'max_depth': 7, 'min_child_weight': 6, 'n_estimators': 104, 'subsample': np.float64(0.8701440214429896)}",0.9054972712569516,0.8698052256942943,0.9185191176438441,0.864260194813059,0.861014031384626,0.8838191681585549,0.0235501377202995,6
6.0986145496368405,0.07756216811198884,0.0595736026763916,0.001072048990079313,0.718035417754961,0.040456416392801786,3,6,919,0.742992880908795,"{'colsample_bytree': np.float64(0.718035417754961), 'learning_rate': np.float64(0.040456416392801786), 'max_depth': 3, 'min_child_weight': 6, 'n_estimators': 919, 'subsample': np.float64(0.742992880908795)}",0.8954590861521696,0.8533733058873387,0.908600152582647,0.872318292704026,0.8612497621066109,0.8782001198865584,0.020786125746305003,70
9.995166301727295,0.22479803592567585,0.11107015609741211,0.0021445233660566153,0.8097046799212753,0.035277672217060664,7,5,1039,0.858948885013343,"{'colsample_bytree': np.float64(0.8097046799212753), 'learning_rate': np.float64(0.035277672217060664), 'max_depth': 7, 'min_child_weight': 5, 'n_estimators': 1039, 'subsample': np.float64(0.858948885013343)}",0.8780325373418323,0.8397901332802864,0.9029580922359915,0.8489614872229623,0.8587367428502224,0.865695798586259,0.022539932473937277,207
2.314672565460205,0.08666183541682115,0.03226118087768555,0.002513291748481703,0.3612850002724424,0.07425619641558609,3,9,590,0.5729406058142339,"{'colsample_bytree': np.float64(0.3612850002724424), 'learning_rate': np.float64(0.07425619641558609), 'max_depth': 3, 'min_child_weight': 9, 'n_estimators': 590, 'subsample': np.float64(0.5729406058142339)}",0.8968158898470001,0.8503537419672897,0.9174250257401242,0.8639617467430233,0.8550818353258707,0.8767276479246615,0.02602654942966712,88
6.834052467346192,0.06995323892902458,0.09182024002075195,0.002194672291139332,0.6501310729739265,0.06257129380048805,5,5,1045,0.6434313876086029,"{'colsample_bytree': np.float64(0.6501310729739265), 'learning_rate': np.float64(0.06257129380048805), 'max_depth': 5, 'min_child_weight': 5, 'n_estimators': 1045, 'subsample': np.float64(0.6434313876086029)}",0.8827710796481608,0.8495656065939579,0.8975630496418243,0.8489614872229623,0.853003512171491,0.8663729470556794,0.020030520052559515,201
1.1837884426116942,0.06943715598518518,0.024821090698242187,0.0034155199126531884,0.3999504488747738,0.02172929272437227,8,3,113,0.8871943296308651,"{'colsample_bytree': np.float64(0.3999504488747738), 'learning_rate': np.float64(0.02172929272437227), 'max_depth': 8, 'min_child_weight': 3, 'n_estimators': 113, 'subsample': np.float64(0.8871943296308651)}",0.8931714394443916,0.8491958640731354,0.8985063076966797,0.8715224311839305,0.8511760584093151,0.8727144201614904,0.020504416332781272,148
6.5839861869812015,0.2246411507548656,0.08622169494628906,0.0014551122592596183,0.5003973630328103,0.06271035355986293,10,6,874,0.8882642971294412,"{'colsample_bytree': np.float64(0.5003973630328103), 'learning_rate': np.float64(0.06271035355986293), 'max_depth': 10, 'min_child_weight': 6, 'n_estimators': 874, 'subsample': np.float64(0.8882642971294412)}",0.8775352228401415,0.8393922816789338,0.8976625125421624,0.8489614872229623,0.8600300178203775,0.8647163044209154,0.020790666049393437,214
5.3960205078125,0.14026464690012902,0.0318854808807373,0.0005306483680852438,0.680183289393289,0.03625097635825201,2,3,982,0.9607122262967662,"{'colsample_bytree': np.float64(0.680183289393289), 'learning_rate': np.float64(0.03625097635825201), 'max_depth': 2, 'min_child_weight': 3, 'n_estimators': 982, 'subsample': np.float64(0.9607122262967662)}",0.8947271689398985,0.8522435370737149,0.8970384101675131,0.8679042890015398,0.8514377411373899,0.8726702292640113,0.019854970767448608,149
4.025078630447387,0.0626141052626666,0.03877081871032715,0.0012310768632834168,0.8655922859885044,0.07800992713694535,3,9,666,0.6668041428431303,"{'colsample_bytree': np.float64(0.8655922859885044), 'learning_rate': np.float64(0.07800992713694535), 'max_depth': 3, 'min_child_weight': 9, 'n_estimators': 666, 'subsample': np.float64(0.6668041428431303)}",0.898506759152749,0.8474055318670484,0.9228954852587238,0.8754649734424471,0.8649933389851036,0.8818532177412143,0.02635722444985895,22
6.102837657928466,0.054122162424823504,0.056140899658203125,0.0013933827077163548,0.814418777406247,0.06497276696256538,3,6,921,0.8850777832599563,"{'colsample_bytree': np.float64(0.814418777406247), 'learning_rate': np.float64(0.06497276696256538), 'max_depth': 3, 'min_child_weight': 6, 'n_estimators': 921, 'subsample': np.float64(0.8850777832599563)}",0.8838294946419768,0.8511213360894647,0.8970897811160393,0.8568465717399956,0.8607891139985121,0.8699352595171976,0.01754620901099297,181
6.005335187911987,0.08172277643880121,0.051025772094726564,0.0014503150014517228,0.8897603855593238,0.07472895903839692,3,4,794,0.7006438722689189,"{'colsample_bytree': np.float64(0.8897603855593238), 'learning_rate': np.float64(0.07472895903839692), 'max_depth': 3, 'min_child_weight': 4, 'n_estimators': 794, 'subsample': np.float64(0.7006438722689189)}",0.8817764506447792,0.8436335094835714,0.8851815580480789,0.8487625218429384,0.8531029948615028,0.862491406976174,0.01742986363597755,221
2.5326791763305665,0.09269131981872272,0.05086965560913086,0.0036570090437913847,0.420216490430132,0.07965750442337236,7,3,359,0.5896152382945706,"{'colsample_bytree': np.float64(0.420216490430132), 'learning_rate': np.float64(0.07965750442337236), 'max_depth': 7, 'min_child_weight': 3, 'n_estimators': 359, 'subsample': np.float64(0.5896152382945706)}",0.8758443535343925,0.8647758625163249,0.9185464426164645,0.8377934739355353,0.8585377774701984,0.871099582014583,0.026761175739592403,169
6.697831296920777,0.08087386446031261,0.03425507545471192,0.0007687202790837031,0.8873617634764548,0.049747696782553946,2,3,1043,0.9658693262885775,"{'colsample_bytree': np.float64(0.8873617634764548), 'learning_rate': np.float64(0.049747696782553946), 'max_depth': 2, 'min_child_weight': 3, 'n_estimators': 1043, 'subsample': np.float64(0.9658693262885775)}",0.8923757362416862,0.8445567846671452,0.9070087461772363,0.8734753196422083,0.8429557604802851,0.8720744694417123,0.025454389377609767,160
3.187583827972412,0.08921310026210705,0.03417148590087891,0.0010709817836105965,0.846313973341643,0.0762012881482241,6,9,365,0.8827460056265145,"{'colsample_bytree': np.float64(0.846313973341643), 'learning_rate': np.float64(0.0762012881482241), 'max_depth': 6, 'min_child_weight': 9, 'n_estimators': 365, 'subsample': np.float64(0.8827460056265145)}",0.8938676797467588,0.8457503394712034,0.9021110180847599,0.8708260523538469,0.8601554525164795,0.8745421084346097,0.02089628381881965,127
7.455200958251953,0.07885599900128719,0.08076996803283691,0.00129919866626401,0.8571967446798043,0.04393752080170693,4,4,942,0.5406993247014918,"{'colsample_bytree': np.float64(0.8571967446798043), 'learning_rate': np.float64(0.04393752080170693), 'max_depth': 4, 'min_child_weight': 4, 'n_estimators': 942, 'subsample': np.float64(0.5406993247014918)}",0.878892026534972,0.8535084456975809,0.9027832124112212,0.867417688887351,0.8649306216370525,0.8735063990336356,0.016713295736995506,140
1.7317733764648438,0.02229198589222639,0.017258501052856444,0.00048231760581189865,0.7710354629803875,0.031113342567346446,3,4,228,0.8365428309270541,"{'colsample_bytree': np.float64(0.7710354629803875), 'learning_rate': np.float64(0.031113342567346446), 'max_depth': 3, 'min_child_weight': 4, 'n_estimators': 228, 'subsample': np.float64(0.8365428309270541)}",0.89439310332898,0.8610881673744389,0.9112583259191573,0.8605425699406564,0.8650192909911936,0.8784602915108852,0.02065459509033144,62
1.9596778869628906,0.046662976199763714,0.03669462203979492,0.0008647439510722717,0.480266091444562,0.05078440733738359,8,6,326,0.7053232889791193,"{'colsample_bytree': np.float64(0.480266091444562), 'learning_rate': np.float64(0.05078440733738359), 'max_depth': 8, 'min_child_weight': 6, 'n_estimators': 326, 'subsample': np.float64(0.7053232889791193)}",0.8936687539460825,0.8534370918777731,0.928787842354582,0.8638990293949722,0.8524325680375093,0.8784450571221839,0.029256766077706282,64
1.6751588344573975,0.03936247943013578,0.018328046798706053,0.0002976136101076611,0.39787750690029877,0.038964210978430294,2,3,465,0.7540919859208973,"{'colsample_bytree': np.float64(0.39787750690029877), 'learning_rate': np.float64(0.038964210978430294), 'max_depth': 2, 'min_child_weight': 3, 'n_estimators': 465, 'subsample': np.float64(0.7540919859208973)}",0.8986343311336176,0.8603919270720717,0.9095674566134084,0.8487776605131576,0.8615741621827367,0.8757891075029984,0.02379763524186073,106
4.892084550857544,0.11459971153671562,0.05838069915771484,0.0021997842607025513,0.5982689878451054,0.05826573058174733,10,9,952,0.7057232806331917,"{'colsample_bytree': np.float64(0.5982689878451054), 'learning_rate': np.float64(0.05826573058174733), 'max_depth': 10, 'min_child_weight': 9, 'n_estimators': 952, 'subsample': np.float64(0.7057232806331917)}",0.8896264519421213,0.8446562475674835,0.9034040357891562,0.8717213965639544,0.8596580390664198,0.873813234185827,0.02088324015809139,138
2.0762670993804933,0.05253455349998704,0.03640303611755371,0.0015664044877973476,0.4447146124117519,0.07724369353291309,8,7,427,0.6281004070457767,"{'colsample_bytree': np.float64(0.4447146124117519), 'learning_rate': np.float64(0.07724369353291309), 'max_depth': 8, 'min_child_weight': 7, 'n_estimators': 427, 'subsample': np.float64(0.6281004070457767)}",0.8978105188503818,0.8493947898738119,0.9306776374610073,0.859459073686396,0.8485895084690047,0.8771863056681202,0.03222136142465305,81
8.005633449554443,0.1904789047616612,0.08455281257629395,0.0038734407125073024,0.8134952082886473,0.06953709408076611,5,8,1097,0.9350655588759356,"{'colsample_bytree': np.float64(0.8134952082886473), 'learning_rate': np.float64(0.06953709408076611), 'max_depth': 5, 'min_child_weight': 8, 'n_estimators': 1097, 'subsample': np.float64(0.9350655588759356)}",0.8810802103424118,0.8435340465832332,0.8969662722397953,0.8481656257028668,0.8579408813301268,0.8655374072396868,0.020361660852301372,210
1.0646714687347412,0.02216610254553097,0.02245297431945801,0.0008020202637667685,0.41831476708194315,0.07657118300412494,5,9,189,0.8937518453785205,"{'colsample_bytree': np.float64(0.41831476708194315), 'learning_rate': np.float64(0.07657118300412494), 'max_depth': 5, 'min_child_weight': 9, 'n_estimators': 189, 'subsample': np.float64(0.8937518453785205)}",0.9065913631606715,0.8506521306683041,0.9191158950458731,0.8606161006245783,0.8575689025761691,0.8789088784151191,0.028182931818253657,52
4.728299951553344,0.04712440854669481,0.08510246276855468,0.006588034863266838,0.38703031575539737,0.057851773802524896,5,5,818,0.7212362384921958,"{'colsample_bytree': np.float64(0.38703031575539737), 'learning_rate': np.float64(0.057851773802524896), 'max_depth': 5, 'min_child_weight': 5, 'n_estimators': 818, 'subsample': np.float64(0.7212362384921958)}",0.8802845071397065,0.8476758114875325,0.9111621420155337,0.8419349815740758,0.8569460544300074,0.8676006993293711,0.02540759709537769,194
3.574809265136719,0.09852264464254157,0.05506882667541504,0.0030966897435036386,0.4408176672251296,0.05472087871057424,4,8,845,0.6071745683789079,"{'colsample_bytree': np.float64(0.4408176672251296), 'learning_rate': np.float64(0.05472087871057424), 'max_depth': 4, 'min_child_weight': 8, 'n_estimators': 845, 'subsample': np.float64(0.6071745683789079)}",0.882699725828353,0.8422691379593672,0.9231938739597383,0.869134846623644,0.859359590996384,0.8753314350734973,0.027319289035005044,118
4.890161323547363,0.062034097751147314,0.07764945030212403,0.0022445997508431493,0.42405258405321467,0.06724379474433305,4,7,1041,0.7114324995867829,"{'colsample_bytree': np.float64(0.42405258405321467), 'learning_rate': np.float64(0.06724379474433305), 'max_depth': 4, 'min_child_weight': 7, 'n_estimators': 1041, 'subsample': np.float64(0.7114324995867829)}",0.8772011572292231,0.8442940728760346,0.9074820147030213,0.8604906659284763,0.8590979082683092,0.8697131638010129,0.021570463344698493,183
5.794961452484131,0.13677971635489178,0.06328029632568359,0.0015675634727491262,0.8739121160266462,0.03400255182728912,6,4,598,0.5768983805090997,"{'colsample_bytree': np.float64(0.8739121160266462), 'learning_rate': np.float64(0.03400255182728912), 'max_depth': 6, 'min_child_weight': 4, 'n_estimators': 598, 'subsample': np.float64(0.5768983805090997)}",0.9045739960733776,0.8604989578017834,0.9054927566962578,0.8651295870170763,0.8570087717780585,0.8785408138733107,0.02178592302602805,61
6.288207769393921,0.17513432381890195,0.060779762268066403,0.0029357742517707947,0.8485224920285432,0.02651360800086235,9,5,474,0.940437122758448,"{'colsample_bytree': np.float64(0.8485224920285432), 'learning_rate': np.float64(0.02651360800086235), 'max_depth': 9, 'min_child_weight': 5, 'n_estimators': 474, 'subsample': np.float64(0.940437122758448)}",0.8934060421549719,0.8482369119796577,0.8991030850987087,0.874009498434229,0.867480406235402,0.8764471887805939,0.01834697569832031,95
4.102187585830689,0.11452429068503331,0.03614335060119629,0.0035230454171337132,0.726438100629506,0.07085018110516236,8,9,820,0.547704019528827,"{'colsample_bytree': np.float64(0.726438100629506), 'learning_rate': np.float64(0.07085018110516236), 'max_depth': 8, 'min_child_weight': 9, 'n_estimators': 820, 'subsample': np.float64(0.547704019528827)}",0.8925746620423626,0.8414734347566619,0.910315067864302,0.8523330853474973,0.8588621775463243,0.8711116855114296,0.02599490998937828,168
3.89547119140625,0.0875305139946923,0.04470701217651367,0.002204985978674129,0.7493426957026801,0.07569196767717615,9,9,618,0.7610301035899434,"{'colsample_bytree': np.float64(0.7493426957026801), 'learning_rate': np.float64(0.07569196767717615), 'max_depth': 9, 'min_child_weight': 9, 'n_estimators': 618, 'subsample': np.float64(0.7610301035899434)}",0.8904221551448266,0.8406139455635222,0.9039013502908471,0.861050796726587,0.8647943736050796,0.8721565242661725,0.022422488570562917,158
6.524516534805298,0.2096235678751184,0.06621513366699219,0.003612267221503236,0.8724260072017497,0.06065412222637099,7,6,694,0.7934186110316145,"{'colsample_bytree': np.float64(0.8724260072017497), 'learning_rate': np.float64(0.06065412222637099), 'max_depth': 7, 'min_child_weight': 6, 'n_estimators': 694, 'subsample': np.float64(0.7934186110316145)}",0.87435241002932,0.8533095198969045,0.8999742052258464,0.8519092025813595,0.8718576445959273,0.8702805964658715,0.017471706847701385,177
3.116078281402588,0.0566127779509387,0.04907212257385254,0.018680971371343145,0.7988197046839483,0.08589302063501314,7,6,346,0.8193284050626661,"{'colsample_bytree': np.float64(0.7988197046839483), 'learning_rate': np.float64(0.08589302063501314), 'max_depth': 7, 'min_child_weight': 6, 'n_estimators': 346, 'subsample': np.float64(0.8193284050626661)}",0.8951963743610589,0.855163638093426,0.9081782550053885,0.8648311389470407,0.8648311389470407,0.877640109070791,0.02036728743315432,78
8.201972818374633,0.07690459679363441,0.07908353805541993,0.002507400848215122,0.8699768381139018,0.08789920232395709,4,4,880,0.8679758714112782,"{'colsample_bytree': np.float64(0.8699768381139018), 'learning_rate': np.float64(0.08789920232395709), 'max_depth': 4, 'min_child_weight': 4, 'n_estimators': 880, 'subsample': np.float64(0.8679758714112782)}",0.8622611809273402,0.832337983584297,0.8720557342001544,0.8347830412290871,0.8611610927524698,0.8525198065386697,0.01595692635448742,242
1.0760056972503662,0.012743939492884332,0.013651275634765625,0.0006678951469148519,0.514379593552972,0.029159464496945044,2,5,255,0.6185338044238411,"{'colsample_bytree': np.float64(0.514379593552972), 'learning_rate': np.float64(0.029159464496945044), 'max_depth': 2, 'min_child_weight': 5, 'n_estimators': 255, 'subsample': np.float64(0.6185338044238411)}",0.8760281436763218,0.8616135909566601,0.8997206294799293,0.8702442948839946,0.8701815775359436,0.8755576473065698,0.012927812049829778,111
5.163700580596924,0.06503968896604044,0.07147040367126464,0.0032201317297844987,0.5665713751650688,0.08736319082216026,4,6,800,0.9249620810053107,"{'colsample_bytree': np.float64(0.5665713751650688), 'learning_rate': np.float64(0.08736319082216026), 'max_depth': 4, 'min_child_weight': 6, 'n_estimators': 800, 'subsample': np.float64(0.9249620810053107)}",0.8782314631425088,0.8347532022729435,0.904350572840726,0.8445215315143861,0.8670565234692642,0.8657826586479658,0.02473435731942941,205
5.726349306106568,0.11809486192961986,0.07044515609741211,0.0021444187409457517,0.5958595422068202,0.044037501943100105,6,9,896,0.9115382197949535,"{'colsample_bytree': np.float64(0.5958595422068202), 'learning_rate': np.float64(0.044037501943100105), 'max_depth': 6, 'min_child_weight': 9, 'n_estimators': 896, 'subsample': np.float64(0.9115382197949535)}",0.8898253777427976,0.8477395974779669,0.9054927566962578,0.8618466582466824,0.8613492447966228,0.8732507269920655,0.021150807636767636,144
5.027113199234009,0.13200246777205776,0.06706595420837402,0.001832075194748754,0.6336210148153357,0.05743761471830118,7,6,809,0.6484077324650288,"{'colsample_bytree': np.float64(0.6336210148153357), 'learning_rate': np.float64(0.05743761471830118), 'max_depth': 7, 'min_child_weight': 6, 'n_estimators': 809, 'subsample': np.float64(0.6484077324650288)}",0.8926103389522664,0.8503256328867593,0.8966919295146867,0.8602917005484524,0.8541605391096732,0.8708160282023677,0.019761464214282095,174
1.6561880111694336,0.0320086906842749,0.02251725196838379,0.0004184094966975162,0.4668649726176666,0.03875222498297098,3,6,337,0.9751863731647841,"{'colsample_bytree': np.float64(0.4668649726176666), 'learning_rate': np.float64(0.03875222498297098), 'max_depth': 3, 'min_child_weight': 6, 'n_estimators': 337, 'subsample': np.float64(0.9751863731647841)}",0.9034085503498499,0.8481655581598498,0.9163309338364043,0.8673073928614682,0.859422308344435,0.8789269487104013,0.02630633058666533,51
2.754529905319214,0.06195691460749694,0.04582157135009766,0.001571090147290314,0.4798698118007022,0.04746150128600923,7,9,500,0.9079584861740393,"{'colsample_bytree': np.float64(0.4798698118007022), 'learning_rate': np.float64(0.04746150128600923), 'max_depth': 7, 'min_child_weight': 9, 'n_estimators': 500, 'subsample': np.float64(0.9079584861740393)}",0.8983078333520726,0.8427664524610581,0.9348791252511165,0.8633021332549007,0.8589616602363362,0.8796434409110969,0.03302734332227978,40
3.6167808055877684,0.09276552381325563,0.042273950576782224,0.0010404844044862608,0.7912105767112874,0.06656514860708315,7,9,496,0.8863351856613215,"{'colsample_bytree': np.float64(0.7912105767112874), 'learning_rate': np.float64(0.06656514860708315), 'max_depth': 7, 'min_child_weight': 9, 'n_estimators': 496, 'subsample': np.float64(0.8863351856613215)}",0.8885323600384013,0.8467449684745851,0.8986057705970178,0.8601554525164795,0.8606528659665391,0.8709382835186046,0.019403180776761994,171
1.7771261215209961,0.016078648365990322,0.026405715942382814,0.0007387001076243851,0.5040891262595193,0.03790578808589612,10,8,233,0.8337713696916604,"{'colsample_bytree': np.float64(0.5040891262595193), 'learning_rate': np.float64(0.03790578808589612), 'max_depth': 10, 'min_child_weight': 8, 'n_estimators': 233, 'subsample': np.float64(0.8337713696916604)}",0.8952244834415893,0.8600297523806228,0.9140192411527204,0.8645586428830949,0.8606161006245783,0.8788896440965213,0.0218902310088118,53
4.6183548927307125,0.1135695185204576,0.060336637496948245,0.002223548163420902,0.6308185757462516,0.051039614590386195,5,8,818,0.7213658324894716,"{'colsample_bytree': np.float64(0.6308185757462516), 'learning_rate': np.float64(0.051039614590386195), 'max_depth': 5, 'min_child_weight': 8, 'n_estimators': 818, 'subsample': np.float64(0.7213658324894716)}",0.894563920049126,0.8460487281722179,0.9096942444863669,0.8621451063167183,0.8601554525164795,0.8745214903081816,0.023702648512719745,128
2.928164529800415,0.06313020362954629,0.04356684684753418,0.0011425372211375533,0.5440312729632859,0.08012766537095589,10,6,425,0.7366934030873573,"{'colsample_bytree': np.float64(0.5440312729632859), 'learning_rate': np.float64(0.08012766537095589), 'max_depth': 10, 'min_child_weight': 6, 'n_estimators': 425, 'subsample': np.float64(0.7366934030873573)}",0.8811439963328461,0.8496293925843921,0.9021864350091922,0.8699674734857005,0.8595953217183688,0.8725045238260998,0.018176974938031505,152
7.800816345214844,0.09290443301486624,0.05470409393310547,0.0018001589122802288,0.8633261255774762,0.03904286193182442,3,5,965,0.9408419369935037,"{'colsample_bytree': np.float64(0.8633261255774762), 'learning_rate': np.float64(0.03904286193182442), 'max_depth': 3, 'min_child_weight': 5, 'n_estimators': 965, 'subsample': np.float64(0.9408419369935037)}",0.892311950251252,0.8429015922713001,0.9104899476890724,0.8633388985968615,0.8633388985968615,0.8744762574810695,0.023917101947897694,129
2.9188946723937987,0.03841975691945212,0.026755046844482423,0.0002639237199091307,0.508605439762827,0.09187268692676928,2,7,739,0.7547972056065309,"{'colsample_bytree': np.float64(0.508605439762827), 'learning_rate': np.float64(0.09187268692676928), 'max_depth': 2, 'min_child_weight': 7, 'n_estimators': 739, 'subsample': np.float64(0.7547972056065309)}",0.8912816443379663,0.8442583959661307,0.9173015168638801,0.8620088582847454,0.8476941642588972,0.8725089159423239,0.027867211627940973,151
12.189948892593383,0.192167186928752,0.12145833969116211,0.006780616852129732,0.8379914839063739,0.04629560626412211,8,3,902,0.8628129303440696,"{'colsample_bytree': np.float64(0.8379914839063739), 'learning_rate': np.float64(0.04629560626412211), 'max_depth': 8, 'min_child_weight': 3, 'n_estimators': 902, 'subsample': np.float64(0.8628129303440696)}",0.8587161934250698,0.8280967557796595,0.8531610621326158,0.8328301527708092,0.8432023045381407,0.843201293729259,0.011624256808004852,248
7.660206604003906,0.12744470594618013,0.09000930786132813,0.0007362197190910462,0.8325646309718593,0.04013597271349523,6,4,722,0.8709092622610309,"{'colsample_bytree': np.float64(0.8325646309718593), 'learning_rate': np.float64(0.04013597271349523), 'max_depth': 6, 'min_child_weight': 4, 'n_estimators': 722, 'subsample': np.float64(0.8709092622610309)}",0.8837657086515426,0.8413815396856972,0.9042511099403878,0.8496578660530458,0.8553910967317774,0.8668894642124902,0.023496786339319797,195
1.190765380859375,0.021041654841312134,0.023850011825561523,0.0006616529829785567,0.4760807329514865,0.03290409299930468,9,6,148,0.9323394628172567,"{'colsample_bytree': np.float64(0.4760807329514865), 'learning_rate': np.float64(0.03290409299930468), 'max_depth': 9, 'min_child_weight': 6, 'n_estimators': 148, 'subsample': np.float64(0.9323394628172567)}",0.9008581918509613,0.8550922842736182,0.9180218031421532,0.8747318292704026,0.8713861831519576,0.8840180583378185,0.022460380600852013,5
4.289456939697265,0.04855263985888383,0.06312203407287598,0.0037726592057616554,0.5392286089340563,0.07363758397291742,4,6,661,0.8195029715574051,"{'colsample_bytree': np.float64(0.5392286089340563), 'learning_rate': np.float64(0.07363758397291742), 'max_depth': 4, 'min_child_weight': 6, 'n_estimators': 661, 'subsample': np.float64(0.8195029715574051)}",0.8848241236453586,0.8528122053952136,0.8942807739306645,0.8568465717399956,0.8569460544300074,0.8691419458282479,0.016996869082441905,189
4.369941139221192,0.14308792153369512,0.05613827705383301,0.008047834773381148,0.8245754297499515,0.08814820424359521,6,5,421,0.9690627383435794,"{'colsample_bytree': np.float64(0.8245754297499515), 'learning_rate': np.float64(0.08814820424359521), 'max_depth': 6, 'min_child_weight': 5, 'n_estimators': 421, 'subsample': np.float64(0.9690627383435794)}",0.8854565779572916,0.8407847622836682,0.882372550862704,0.8449194622744338,0.8553910967317774,0.861784890021975,0.018711115409672477,225
3.1021116256713865,0.06764790056330233,0.03348112106323242,0.0012449000571883248,0.8949469921235913,0.05303356904420255,9,7,404,0.6038103248000606,"{'colsample_bytree': np.float64(0.8949469921235913), 'learning_rate': np.float64(0.05303356904420255), 'max_depth': 9, 'min_child_weight': 7, 'n_estimators': 404, 'subsample': np.float64(0.6038103248000606)}",0.8918784217399953,0.8522435370737149,0.9163068878604983,0.8589616602363362,0.8632026505648887,0.8765186314950867,0.02405772764850334,93
1.7940639972686767,0.05113400313914213,0.026997995376586915,0.0026751784494024413,0.5755549172970758,0.029987596307054554,7,7,190,0.9689862070671529,"{'colsample_bytree': np.float64(0.5755549172970758), 'learning_rate': np.float64(0.029987596307054554), 'max_depth': 7, 'min_child_weight': 7, 'n_estimators': 190, 'subsample': np.float64(0.9689862070671529)}",0.9060940486589806,0.8614222329853574,0.919613209547564,0.8702918735618264,0.8668467447533694,0.8848536219014196,0.023429497596148697,4
4.69236192703247,0.05853285413556808,0.06945600509643554,0.003276540073689112,0.647192690446182,0.04030757234290047,7,3,478,0.7177279008406452,"{'colsample_bytree': np.float64(0.647192690446182), 'learning_rate': np.float64(0.04030757234290047), 'max_depth': 7, 'min_child_weight': 3, 'n_estimators': 478, 'subsample': np.float64(0.7177279008406452)}",0.8878080106555037,0.8498639952949724,0.9031570180366679,0.8523071333414073,0.8589357082302462,0.8704143731117595,0.021244148990522488,176
4.281987953186035,0.09477395868746714,0.05615434646606445,0.0007690348558527794,0.6500678531758748,0.04007959466290788,4,7,834,0.5470001988708595,"{'colsample_bytree': np.float64(0.6500678531758748), 'learning_rate': np.float64(0.04007959466290788), 'max_depth': 4, 'min_child_weight': 7, 'n_estimators': 834, 'subsample': np.float64(0.5470001988708595)}",0.9027479869573867,0.8485990866711064,0.9121054000703892,0.869234329313656,0.8584642467862765,0.878230209959763,0.024892860542968805,69
8.021555137634277,0.16214041836188448,0.0801283836364746,0.002817212043180911,0.8360654510661671,0.07149632236451306,10,5,807,0.8157586555575334,"{'colsample_bytree': np.float64(0.8360654510661671), 'learning_rate': np.float64(0.07149632236451306), 'max_depth': 10, 'min_child_weight': 5, 'n_estimators': 807, 'subsample': np.float64(0.8157586555575334)}",0.8759794933446345,0.8369413860803834,0.8753620558872199,0.8466106680046368,0.8570823024619802,0.8583951811557708,0.01547867305112868,234
3.9556402206420898,0.12667091529461952,0.044357919692993165,0.0022604072287947708,0.5268674368240925,0.09008311139185493,5,9,831,0.6491697259161114,"{'colsample_bytree': np.float64(0.5268674368240925), 'learning_rate': np.float64(0.09008311139185493), 'max_depth': 5, 'min_child_weight': 9, 'n_estimators': 831, 'subsample': np.float64(0.6491697259161114)}",0.8840922064330874,0.8403155568625077,0.9024094067857744,0.8616476928666585,0.8660876485752349,0.8709105023046526,0.02102878289691633,172
0.7936341285705566,0.01759659503703289,0.01572127342224121,0.0007914895069274807,0.5914156885805734,0.028070664037583775,4,9,120,0.7088133741724618,"{'colsample_bytree': np.float64(0.5914156885805734), 'learning_rate': np.float64(0.028070664037583775), 'max_depth': 4, 'min_child_weight': 9, 'n_estimators': 120, 'subsample': np.float64(0.7088133741724618)}",0.8805039741915396,0.8657910327708634,0.9039975341944707,0.8658411045173792,0.872668644786242,0.877760458092099,0.014192785053618324,76
4.78273229598999,0.04438448746164014,0.06675052642822266,0.0003937176299224916,0.6378940870506076,0.08847159119623973,4,4,752,0.6886033805383637,"{'colsample_bytree': np.float64(0.6378940870506076), 'learning_rate': np.float64(0.08847159119623973), 'max_depth': 4, 'min_child_weight': 4, 'n_estimators': 752, 'subsample': np.float64(0.6886033805383637)}",0.8787287776441997,0.8535441226074848,0.878867303374962,0.8411758853959411,0.8521449333033444,0.8608922044651864,0.015234761704687553,229
4.250004577636719,0.10029490747369477,0.051840782165527344,0.0018965371621602466,0.7188077948730027,0.08376416478142554,8,4,366,0.9190572364913467,"{'colsample_bytree': np.float64(0.7188077948730027), 'learning_rate': np.float64(0.08376416478142554), 'max_depth': 8, 'min_child_weight': 4, 'n_estimators': 366, 'subsample': np.float64(0.9190572364913467)}",0.8749848643412529,0.8482088028991274,0.8900552401646493,0.8568833370819564,0.8578781639820758,0.8656020816938124,0.014994633233681038,208
3.381004285812378,0.04237818058740461,0.04365448951721192,0.002232490973198021,0.6960065257380998,0.04209210140247639,4,8,482,0.7731705929692921,"{'colsample_bytree': np.float64(0.6960065257380998), 'learning_rate': np.float64(0.04209210140247639), 'max_depth': 4, 'min_child_weight': 8, 'n_estimators': 482, 'subsample': np.float64(0.7731705929692921)}",0.9031458385587393,0.848300697970092,0.9159090362591457,0.8618098929047215,0.8630036851848648,0.8784338301755128,0.02622031559942939,65
5.533890247344971,0.0818568550442051,0.058619117736816405,0.002380478344351943,0.8549260846454877,0.026982590955454532,5,3,489,0.6890121879680464,"{'colsample_bytree': np.float64(0.8549260846454877), 'learning_rate': np.float64(0.026982590955454532), 'max_depth': 5, 'min_child_weight': 3, 'n_estimators': 489, 'subsample': np.float64(0.6890121879680464)}",0.8990397505643439,0.8562577299971459,0.9119818911941451,0.8685747158255333,0.8587994601982734,0.8789307095558883,0.022464781088973776,50
9.806617546081544,0.2357518649198499,0.11593384742736816,0.0024475099142650075,0.6889059235520623,0.04061273912782297,7,3,886,0.7769933914259796,"{'colsample_bytree': np.float64(0.6889059235520623), 'learning_rate': np.float64(0.04061273912782297), 'max_depth': 7, 'min_child_weight': 3, 'n_estimators': 886, 'subsample': np.float64(0.7769933914259796)}",0.8778692884510599,0.8464541476029441,0.8660639142039579,0.8337882143289677,0.8557263101437741,0.8559803749461408,0.015258491718163038,238
4.824275064468384,0.057959137026179594,0.05281510353088379,0.0015404689129690217,0.7453292231621248,0.048507217921476276,7,9,712,0.8044535451731445,"{'colsample_bytree': np.float64(0.7453292231621248), 'learning_rate': np.float64(0.048507217921476276), 'max_depth': 7, 'min_child_weight': 9, 'n_estimators': 712, 'subsample': np.float64(0.8044535451731445)}",0.8989046107541017,0.8512845849802371,0.9034040357891562,0.8607523486565511,0.8588621775463243,0.8746415515452741,0.021924520655438453,126
4.975771093368531,0.13805904910045258,0.057204484939575195,0.0018611418959915227,0.6703643460355284,0.08977029221160851,7,8,671,0.8999689198607647,"{'colsample_bytree': np.float64(0.6703643460355284), 'learning_rate': np.float64(0.08977029221160851), 'max_depth': 7, 'min_child_weight': 8, 'n_estimators': 671, 'subsample': np.float64(0.8999689198607647)}",0.8850230494460349,0.8413458627757934,0.8985817246211119,0.8615849755186076,0.8603911832384643,0.8693853591200025,0.020124212563780615,186
1.7516728401184083,0.050545918697988995,0.019194364547729492,0.0003869208729450779,0.6266656853303896,0.04455977578930624,2,8,446,0.7071455497772796,"{'colsample_bytree': np.float64(0.6266656853303896), 'learning_rate': np.float64(0.04455977578930624), 'max_depth': 2, 'min_child_weight': 8, 'n_estimators': 446, 'subsample': np.float64(0.7071455497772796)}",0.8998278859376756,0.8665229499831346,0.9174490717160302,0.8656161871312653,0.8501077008252738,0.8799047591186759,0.024809704467299392,37
3.8181039810180666,0.059960035293997245,0.0436854362487793,0.0013782204712038842,0.7910148656932009,0.05369397239255161,6,8,448,0.9329227887969804,"{'colsample_bytree': np.float64(0.7910148656932009), 'learning_rate': np.float64(0.05369397239255161), 'max_depth': 6, 'min_child_weight': 8, 'n_estimators': 448, 'subsample': np.float64(0.9329227887969804)}",0.8954590861521696,0.8476401345776287,0.9048959792942288,0.8619461409366944,0.8667840274053185,0.875345073673208,0.02143929142016884,116
6.052573204040527,0.14472109681222983,0.06804866790771484,0.0024175196677365357,0.8316714467977642,0.044152714892531336,9,7,692,0.9259908306479355,"{'colsample_bytree': np.float64(0.8316714467977642), 'learning_rate': np.float64(0.044152714892531336), 'max_depth': 9, 'min_child_weight': 7, 'n_estimators': 692, 'subsample': np.float64(0.9259908306479355)}",0.8934060421549719,0.8553625638941023,0.9017885834078394,0.8655275177771242,0.8642342428069689,0.8760637900082013,0.018121869037805344,101
2.6941565036773683,0.027462770915542,0.03916010856628418,0.0006661551903512531,0.6227424841213005,0.08686396438439112,5,8,423,0.8404162781978657,"{'colsample_bytree': np.float64(0.6227424841213005), 'learning_rate': np.float64(0.08686396438439112), 'max_depth': 5, 'min_child_weight': 8, 'n_estimators': 423, 'subsample': np.float64(0.8404162781978657)}",0.8917151728492229,0.8482369119796577,0.9058906082976105,0.8625430370767659,0.8518724372393986,0.8720516334885311,0.02278809041515772,161
5.73506269454956,0.12736896421103397,0.07244505882263183,0.007993234169755122,0.5033809142317497,0.023637980996433015,10,9,1052,0.6773135787082302,"{'colsample_bytree': np.float64(0.5033809142317497), 'learning_rate': np.float64(0.023637980996433015), 'max_depth': 10, 'min_child_weight': 9, 'n_estimators': 1052, 'subsample': np.float64(0.6773135787082302)}",0.8976115930497055,0.8514478338710096,0.9211051530526366,0.8606161006245783,0.8570714891261094,0.8775704339448079,0.027154985611097148,79
2.454975461959839,0.07161043210502392,0.041811656951904294,0.002590621521988845,0.4809124909477629,0.06101159162183298,8,9,517,0.7354891913121481,"{'colsample_bytree': np.float64(0.4809124909477629), 'learning_rate': np.float64(0.06101159162183298), 'max_depth': 8, 'min_child_weight': 9, 'n_estimators': 517, 'subsample': np.float64(0.7354891913121481)}",0.8936687539460825,0.8475049947673865,0.9336855704470584,0.8671451928234053,0.8581657987162408,0.8800340621400344,0.03087676565261464,35
6.784890937805176,0.20085777513431702,0.06698393821716309,0.004765477601666984,0.8470448060486966,0.03206843671230273,9,8,890,0.6973841746807669,"{'colsample_bytree': np.float64(0.8470448060486966), 'learning_rate': np.float64(0.03206843671230273), 'max_depth': 9, 'min_child_weight': 8, 'n_estimators': 890, 'subsample': np.float64(0.6973841746807669)}",0.9044388562631356,0.8504888817775318,0.9175004426645564,0.859459073686396,0.864097994774996,0.8791970498333231,0.026630909760556487,47
8.382944774627685,0.19643221299819885,0.08346166610717773,0.0026757977413946546,0.8487712148316559,0.0837108056779762,4,6,1083,0.748150855234392,"{'colsample_bytree': np.float64(0.8487712148316559), 'learning_rate': np.float64(0.0837108056779762), 'max_depth': 4, 'min_child_weight': 6, 'n_estimators': 1083, 'subsample': np.float64(0.748150855234392)}",0.8786293147438614,0.8346537393726052,0.8885632966595767,0.846411702624613,0.860825879340473,0.8618167865482258,0.019870412915279623,224
0.8160854816436768,0.009958656968660034,0.014887046813964844,0.0003364008389607654,0.44649264126445704,0.05180689653946329,3,6,171,0.7724552856780325,"{'colsample_bytree': np.float64(0.44649264126445704), 'learning_rate': np.float64(0.05180689653946329), 'max_depth': 3, 'min_child_weight': 6, 'n_estimators': 171, 'subsample': np.float64(0.7724552856780325)}",0.8992311085356466,0.8602924641717336,0.9102636969157757,0.86432291216111,0.8499087354452499,0.8768037834459032,0.023555424594988616,86
5.917337322235108,0.1327109290322019,0.07899060249328613,0.003077253775140853,0.5129735663268752,0.09230055876046603,7,6,975,0.7049701340160832,"{'colsample_bytree': np.float64(0.5129735663268752), 'learning_rate': np.float64(0.09230055876046603), 'max_depth': 7, 'min_child_weight': 6, 'n_estimators': 975, 'subsample': np.float64(0.7049701340160832)}",0.8762422051357452,0.8391933558782574,0.8820741621616895,0.8443225661343622,0.8649673869790135,0.8613599352578136,0.017001200245303508,227
1.7266453742980956,0.03020924390147338,0.020099163055419922,0.00048500047102088,0.8867125071055294,0.03310579043120131,3,8,257,0.6253103183020733,"{'colsample_bytree': np.float64(0.8867125071055294), 'learning_rate': np.float64(0.03310579043120131), 'max_depth': 3, 'min_child_weight': 8, 'n_estimators': 257, 'subsample': np.float64(0.6253103183020733)}",0.8977391650305739,0.8660256354814437,0.922048411107492,0.8745955812384297,0.870852004359937,0.8862521594435753,0.020954597558462754,3
6.612442064285278,0.24377057376098862,0.07362146377563476,0.011913568015468083,0.8569139668710318,0.04278289279363637,5,7,760,0.7659944050524625,"{'colsample_bytree': np.float64(0.8569139668710318), 'learning_rate': np.float64(0.04278289279363637), 'max_depth': 5, 'min_child_weight': 7, 'n_estimators': 760, 'subsample': np.float64(0.7659944050524625)}",0.890024303543474,0.8480379861789813,0.9050949050949051,0.8638363120469212,0.8680773023754736,0.875014161847951,0.020154075852031734,123
5.63478307723999,0.11302215150755668,0.08086948394775391,0.008311004945444228,0.5481181160718147,0.05337136579304161,7,5,705,0.8010447025003415,"{'colsample_bytree': np.float64(0.5481181160718147), 'learning_rate': np.float64(0.05337136579304161), 'max_depth': 7, 'min_child_weight': 5, 'n_estimators': 705, 'subsample': np.float64(0.8010447025003415)}",0.8824726909471463,0.8500629210956487,0.9071595800261008,0.8476682122528072,0.8574434678800671,0.8689613744403539,0.02273706687335184,190
1.8664040088653564,0.03821088572456372,0.023581695556640626,0.0006053750251070588,0.5406876737445929,0.067787117511523,3,9,338,0.9830852829170215,"{'colsample_bytree': np.float64(0.5406876737445929), 'learning_rate': np.float64(0.067787117511523), 'max_depth': 3, 'min_child_weight': 9, 'n_estimators': 338, 'subsample': np.float64(0.9830852829170215)}",0.8947271689398985,0.8455157367606231,0.919016432145535,0.8597207564144709,0.8570714891261094,0.8752103166773274,0.027388300031772644,120
3.1163124084472655,0.11384082516999866,0.03012056350708008,0.0008125101789875085,0.539241029573764,0.07241647420183109,3,3,484,0.9340552608503503,"{'colsample_bytree': np.float64(0.539241029573764), 'learning_rate': np.float64(0.07241647420183109), 'max_depth': 3, 'min_child_weight': 3, 'n_estimators': 484, 'subsample': np.float64(0.9340552608503503)}",0.9036788299703341,0.8407490853737642,0.913075983097865,0.8525688160694822,0.8599932524784166,0.8740131933979726,0.028875153601053503,136
5.661737394332886,0.28147204826449235,0.10514063835144043,0.07620224874141274,0.7677033417634136,0.0707514222603998,8,3,603,0.5636318840200814,"{'colsample_bytree': np.float64(0.7677033417634136), 'learning_rate': np.float64(0.0707514222603998), 'max_depth': 8, 'min_child_weight': 3, 'n_estimators': 603, 'subsample': np.float64(0.5636318840200814)}",0.8808174985513013,0.8434702605927988,0.8908509433673548,0.8421707122960604,0.8618207062405924,0.8638260242096216,0.01952632788027732,218
4.793951082229614,0.2527582201208659,0.0656156063079834,0.0032961340343746087,0.4783475139020067,0.05162864706086548,7,9,1015,0.7296156369528919,"{'colsample_bytree': np.float64(0.4783475139020067), 'learning_rate': np.float64(0.05162864706086548), 'max_depth': 7, 'min_child_weight': 9, 'n_estimators': 1015, 'subsample': np.float64(0.7296156369528919)}",0.8889302116397539,0.8447557104678216,0.920086478073349,0.8649933389851036,0.8599564871364556,0.8757444452604968,0.02632575887189748,108
4.238014507293701,0.2533909054596032,0.0572817325592041,0.002810738436285639,0.5244177726689394,0.06249422655906828,9,5,660,0.5590963676607963,"{'colsample_bytree': np.float64(0.5244177726689394), 'learning_rate': np.float64(0.06249422655906828), 'max_depth': 9, 'min_child_weight': 5, 'n_estimators': 660, 'subsample': np.float64(0.5590963676607963)}",0.887871796645938,0.8562577299971459,0.9072830889023449,0.8712607484558557,0.8580035986781778,0.8761353925358926,0.01926430762722083,100
3.5450600147247315,0.1547040082588757,0.03822445869445801,0.0024725118527476092,0.6745007328979677,0.08466766282975702,9,8,610,0.6017744911195995,"{'colsample_bytree': np.float64(0.6745007328979677), 'learning_rate': np.float64(0.08466766282975702), 'max_depth': 9, 'min_child_weight': 8, 'n_estimators': 610, 'subsample': np.float64(0.6017744911195995)}",0.8896264519421213,0.8496931785748263,0.8976111415936361,0.870925535043859,0.8712239831138947,0.8758160580536675,0.01669228471897404,104
5.756717729568481,0.255089459869588,0.07099394798278809,0.0028902362416088415,0.7236198465731818,0.06776858080301039,6,4,729,0.575990550058676,"{'colsample_bytree': np.float64(0.7236198465731818), 'learning_rate': np.float64(0.06776858080301039), 'max_depth': 6, 'min_child_weight': 4, 'n_estimators': 729, 'subsample': np.float64(0.575990550058676)}",0.872199903131784,0.8342558877712526,0.9018640003322717,0.8498568314330698,0.859433121680306,0.8635219488697368,0.022827071976462485,219
9.227827978134155,0.30849977555524416,0.10516080856323243,0.004386073512675258,0.6872183424946838,0.04804509891045483,10,4,819,0.9205251499074645,"{'colsample_bytree': np.float64(0.6872183424946838), 'learning_rate': np.float64(0.04804509891045483), 'max_depth': 10, 'min_child_weight': 4, 'n_estimators': 819, 'subsample': np.float64(0.9205251499074645)}",0.8719371913406735,0.8344904904818329,0.87066325359542,0.8434639872662157,0.8594698870222668,0.8560049619412817,0.014838164857215641,237
2.4313936710357664,0.06907875521154304,0.04022846221923828,0.0008917868729952079,0.3768317683448143,0.05438521524994762,10,9,486,0.763252650735492,"{'colsample_bytree': np.float64(0.3768317683448143), 'learning_rate': np.float64(0.05438521524994762), 'max_depth': 10, 'min_child_weight': 9, 'n_estimators': 486, 'subsample': np.float64(0.763252650735492)}",0.9030463756584012,0.8412745089559855,0.9325914785433385,0.8616109275246977,0.8580663160262287,0.8793179213417304,0.03350695756300615,44
7.739312934875488,0.10179905255339167,0.06615018844604492,0.0008691388070355044,0.8799208901795693,0.027734940529810095,3,5,1066,0.6570557557154941,"{'colsample_bytree': np.float64(0.8799208901795693), 'learning_rate': np.float64(0.027734940529810095), 'max_depth': 3, 'min_child_weight': 5, 'n_estimators': 1066, 'subsample': np.float64(0.6570557557154941)}",0.9053340223661792,0.8573161449909619,0.9134978806751236,0.8712239831138947,0.8543227391477362,0.880338954058779,0.02455297833272593,32
5.644796848297119,0.16963854043575355,0.06568560600280762,0.0010289604788829376,0.567973830564483,0.04929413217759229,3,8,1085,0.855225745134925,"{'colsample_bytree': np.float64(0.567973830564483), 'learning_rate': np.float64(0.04929413217759229), 'max_depth': 3, 'min_child_weight': 8, 'n_estimators': 1085, 'subsample': np.float64(0.855225745134925)}",0.8893280632411067,0.847839060378305,0.9099926331873815,0.8614487274866347,0.8568098063980345,0.8730836581382926,0.023080956280513865,146
8.27389578819275,0.2763839936053496,0.09553470611572265,0.0049732373230862315,0.6982930369639808,0.04924732627120207,4,6,1094,0.8318672865602228,"{'colsample_bytree': np.float64(0.6982930369639808), 'learning_rate': np.float64(0.04924732627120207), 'max_depth': 4, 'min_child_weight': 6, 'n_estimators': 1094, 'subsample': np.float64(0.8318672865602228)}",0.8873106961538129,0.8430367320815423,0.8948775513326936,0.8475687295627952,0.857741915950103,0.8661071250161895,0.021086586818574678,203
4.495718145370484,0.10070859903720594,0.0456967830657959,0.00262774173842014,0.6906371754577776,0.08626312096026942,3,8,874,0.5850564149772829,"{'colsample_bytree': np.float64(0.6906371754577776), 'learning_rate': np.float64(0.08626312096026942), 'max_depth': 3, 'min_child_weight': 8, 'n_estimators': 874, 'subsample': np.float64(0.5850564149772829)}",0.8790552754257445,0.8447557104678216,0.9021110180847599,0.8558149794979152,0.8654907524351632,0.869445547182281,0.019851451735681657,185
6.746394395828247,0.19815682208251303,0.0945441722869873,0.007940808482340073,0.5686619112532278,0.04969399465129884,9,5,871,0.787071166987189,"{'colsample_bytree': np.float64(0.5686619112532278), 'learning_rate': np.float64(0.04969399465129884), 'max_depth': 9, 'min_child_weight': 5, 'n_estimators': 871, 'subsample': np.float64(0.787071166987189)}",0.8777341486408179,0.8385965784762284,0.8971651980404716,0.8424323950241355,0.8539983390716103,0.8619853318506528,0.02226562997998325,222
3.6663400650024416,0.10481903200778052,0.04881024360656738,0.0030334102875834612,0.5656858655347302,0.05871635859995586,9,9,519,0.9651114214630377,"{'colsample_bytree': np.float64(0.5656858655347302), 'learning_rate': np.float64(0.05871635859995586), 'max_depth': 9, 'min_child_weight': 9, 'n_estimators': 519, 'subsample': np.float64(0.9651114214630377)}",0.8947628458498024,0.8413101858658893,0.9096942444863669,0.8608518313465631,0.8608518313465631,0.873494187779037,0.02497305849599507,141
3.75083589553833,0.16113195271093567,0.057753562927246094,0.003248113469205003,0.40161364490694823,0.08289651548660976,5,8,795,0.7166129339283146,"{'colsample_bytree': np.float64(0.40161364490694823), 'learning_rate': np.float64(0.08289651548660976), 'max_depth': 5, 'min_child_weight': 8, 'n_estimators': 795, 'subsample': np.float64(0.7166129339283146)}",0.8813429221335225,0.8418075003675802,0.906188996998625,0.868972646585581,0.856212910257963,0.8709049952686543,0.02200075743345805,173
3.0742104053497314,0.09711636395631384,0.04464898109436035,0.002644275439106774,0.6346249117824769,0.04679835334247248,10,6,352,0.9154912691643607,"{'colsample_bytree': np.float64(0.6346249117824769), 'learning_rate': np.float64(0.04679835334247248), 'max_depth': 10, 'min_child_weight': 6, 'n_estimators': 352, 'subsample': np.float64(0.9154912691643607)}",0.8970504925575804,0.8527765284853097,0.9102910218883961,0.8671819581653661,0.8664855793352826,0.878757116086387,0.021394394897142205,55
6.393357801437378,0.11533961706322468,0.07332439422607422,0.0016493166704411523,0.7710873634299452,0.0723532641231788,8,6,818,0.7761897566192704,"{'colsample_bytree': np.float64(0.7710873634299452), 'learning_rate': np.float64(0.0723532641231788), 'max_depth': 8, 'min_child_weight': 6, 'n_estimators': 818, 'subsample': np.float64(0.7761897566192704)}",0.8712052741284022,0.8388949671772429,0.885877798350446,0.8437256699942906,0.8696063080676136,0.861862003543599,0.0177788678607576,223
2.4819079399108888,0.04022461747564475,0.027280902862548827,0.0010258473259301718,0.4964361715406519,0.02117281481664283,2,7,735,0.7010491945997022,"{'colsample_bytree': np.float64(0.4964361715406519), 'learning_rate': np.float64(0.02117281481664283), 'max_depth': 2, 'min_child_weight': 7, 'n_estimators': 735, 'subsample': np.float64(0.7010491945997022)}",0.8964461473261778,0.8640363774746802,0.9149624992075758,0.8555057180920085,0.8543486911538262,0.8770598866508538,0.024341025105881608,83
2.654142475128174,0.057446607258880726,0.0305450439453125,0.0007193847590279516,0.37493415131612756,0.08606223096271029,2,8,828,0.6843457892517607,"{'colsample_bytree': np.float64(0.37493415131612756), 'learning_rate': np.float64(0.08606223096271029), 'max_depth': 2, 'min_child_weight': 8, 'n_estimators': 828, 'subsample': np.float64(0.6843457892517607)}",0.8909832556369518,0.8357402634469517,0.9145165556544113,0.8600192044845066,0.8469977854288137,0.8696514129303271,0.029064964760747634,184
5.3488983631134035,0.07382690174617063,0.06208791732788086,0.0007170828624759322,0.7391170417228159,0.05124484482647988,5,4,539,0.8855493221147425,"{'colsample_bytree': np.float64(0.7391170417228159), 'learning_rate': np.float64(0.05124484482647988), 'max_depth': 5, 'min_child_weight': 4, 'n_estimators': 539, 'subsample': np.float64(0.8855493221147425)}",0.8823732280468082,0.8451254529886439,0.8916706925459661,0.8423329123341234,0.8584382947801865,0.8639881161391457,0.019798413100344324,217
5.531937742233277,0.1361109436666456,0.056911373138427736,0.00412843949027535,0.7602071299434996,0.08721366883751847,7,9,979,0.7113846322362173,"{'colsample_bytree': np.float64(0.7602071299434996), 'learning_rate': np.float64(0.08721366883751847), 'max_depth': 7, 'min_child_weight': 9, 'n_estimators': 979, 'subsample': np.float64(0.7113846322362173)}",0.886180927340189,0.8360743290578702,0.8899044063157848,0.852668298759494,0.8680773023754736,0.8665810527697623,0.02027114985626505,198
5.920766735076905,0.12862771069205628,0.06820034980773926,0.0010595439147126104,0.8307112637543048,0.07021478917870565,4,4,756,0.7599713267580157,"{'colsample_bytree': np.float64(0.8307112637543048), 'learning_rate': np.float64(0.07021478917870565), 'max_depth': 4, 'min_child_weight': 4, 'n_estimators': 756, 'subsample': np.float64(0.7599713267580157)}",0.8685554527291754,0.8420777799880644,0.8937594134530678,0.8408774373259054,0.8563859236318967,0.8603312014256218,0.019556508980643973,231
2.853251886367798,0.06418437026257595,0.043819761276245116,0.0011336278161155364,0.5528026235421168,0.04678483336985112,10,3,305,0.6253782495898647,"{'colsample_bytree': np.float64(0.5528026235421168), 'learning_rate': np.float64(0.04678483336985112), 'max_depth': 10, 'min_child_weight': 3, 'n_estimators': 305, 'subsample': np.float64(0.6253782495898647)}",0.8901594433537161,0.8574512848012039,0.9092723469091084,0.860888596688524,0.8649306216370525,0.8765404586779211,0.02000509390092772,92
7.692995548248291,0.12027413792996808,0.11722326278686523,0.004359826784297598,0.6290170671063308,0.027557699918116248,8,3,841,0.639960301921306,"{'colsample_bytree': np.float64(0.6290170671063308), 'learning_rate': np.float64(0.027557699918116248), 'max_depth': 8, 'min_child_weight': 3, 'n_estimators': 841, 'subsample': np.float64(0.639960301921306)}",0.8877085477551656,0.850858624298354,0.8983587528445296,0.8537993736915863,0.859035190920258,0.8699520979019788,0.019322937913944363,180
8.977389001846314,0.23557238350471882,0.10636534690856933,0.007542149904062498,0.6685332242769819,0.0742448458234603,6,4,948,0.8429531324282769,"{'colsample_bytree': np.float64(0.6685332242769819), 'learning_rate': np.float64(0.0742448458234603), 'max_depth': 6, 'min_child_weight': 4, 'n_estimators': 948, 'subsample': np.float64(0.8429531324282769)}",0.8690884441407702,0.8314428174812534,0.8620613522145251,0.8354794200591706,0.8520822159552934,0.8500308499702026,0.014624582363208852,243
6.72560453414917,0.09274730577675154,0.06355676651000977,0.00302503498544046,0.885203819339784,0.06430530039124766,3,5,964,0.6701106267394927,"{'colsample_bytree': np.float64(0.885203819339784), 'learning_rate': np.float64(0.06430530039124766), 'max_depth': 3, 'min_child_weight': 5, 'n_estimators': 964, 'subsample': np.float64(0.6701106267394927)}",0.8844262720440059,0.8522154279931846,0.9046730075176465,0.8465739026626757,0.8555532967698403,0.8686883813974706,0.02225090259183941,191
2.1536428928375244,0.030776669274456214,0.03602399826049805,0.006033513390576086,0.6486407815433053,0.0874730022455357,9,6,316,0.7021369906306129,"{'colsample_bytree': np.float64(0.6486407815433053), 'learning_rate': np.float64(0.0874730022455357), 'max_depth': 9, 'min_child_weight': 6, 'n_estimators': 316, 'subsample': np.float64(0.7021369906306129)}",0.8851862983368073,0.847242282976276,0.9098931702870434,0.8685747158255333,0.8614487274866347,0.8744690389824591,0.021518812821805903,130
2.116720724105835,0.04579456274445422,0.0397334098815918,0.002225806360622711,0.3451914439460462,0.038356336485589504,6,7,335,0.8346024338464918,"{'colsample_bytree': np.float64(0.3451914439460462), 'learning_rate': np.float64(0.038356336485589504), 'max_depth': 6, 'min_child_weight': 7, 'n_estimators': 335, 'subsample': np.float64(0.8346024338464918)}",0.8973132043486909,0.8479028463687392,0.9215030046539894,0.861014031384626,0.8579668333362169,0.8771399840184525,0.02777589851573418,82
4.030521965026855,0.086664922301838,0.0559417724609375,0.0028938475075412553,0.6610103771204289,0.07624702618339131,4,7,640,0.8381735207490237,"{'colsample_bytree': np.float64(0.6610103771204289), 'learning_rate': np.float64(0.07624702618339131), 'max_depth': 4, 'min_child_weight': 7, 'n_estimators': 640, 'subsample': np.float64(0.8381735207490237)}",0.8774000830298994,0.8406496224734261,0.908476643706403,0.8603911832384643,0.854458987179709,0.8682753039255804,0.023305096253836526,193
3.651040267944336,0.11831444331237613,0.03444452285766601,0.0021396339893999237,0.4800016097290869,0.036111090001552465,2,5,1043,0.7518336192973203,"{'colsample_bytree': np.float64(0.4800016097290869), 'learning_rate': np.float64(0.036111090001552465), 'max_depth': 2, 'min_child_weight': 5, 'n_estimators': 1043, 'subsample': np.float64(0.7518336192973203)}",0.898371619342507,0.8495580387645842,0.9177234144411387,0.8675063582414921,0.8553802833959065,0.8777079428371257,0.0261657764956014,77
2.378006935119629,0.07662975243898139,0.040802717208862305,0.002104142446077126,0.45184074414948217,0.035328041850765726,8,5,262,0.9722083839057948,"{'colsample_bytree': np.float64(0.45184074414948217), 'learning_rate': np.float64(0.035328041850765726), 'max_depth': 8, 'min_child_weight': 5, 'n_estimators': 262, 'subsample': np.float64(0.9722083839057948)}",0.890024303543474,0.8505883446778699,0.9199870151730107,0.865789200505199,0.8628414851468018,0.8778460698092712,0.024648155674136224,75
2.0320131301879885,0.09640103676450275,0.01976022720336914,0.00018638128092085098,0.5109681073745262,0.02622587961872925,2,5,483,0.60561445924137,"{'colsample_bytree': np.float64(0.5109681073745262), 'learning_rate': np.float64(0.02622587961872925), 'max_depth': 2, 'min_child_weight': 5, 'n_estimators': 483, 'subsample': np.float64(0.60561445924137)}",0.8958493699241488,0.8696700858840523,0.9141667960048705,0.8591498122804893,0.8682654544196267,0.8814203037026374,0.02043341957065371,26
1.8073894023895263,0.04936782680360237,0.017293167114257813,0.0002442603823374999,0.5128364494325564,0.025966263620334863,2,5,424,0.7290402025512819,"{'colsample_bytree': np.float64(0.5128364494325564), 'learning_rate': np.float64(0.025966263620334863), 'max_depth': 2, 'min_child_weight': 5, 'n_estimators': 424, 'subsample': np.float64(0.7290402025512819)}",0.8878285519066605,0.8679792165783033,0.9108845202937107,0.8633908026090418,0.8614379141507639,0.878304201107696,0.018791896404726015,66
2.259553909301758,0.04774374005755995,0.03516397476196289,0.0017382382978663033,0.5017017108717686,0.08779533782154608,8,6,258,0.9532077153627188,"{'colsample_bytree': np.float64(0.5017017108717686), 'learning_rate': np.float64(0.08779533782154608), 'max_depth': 8, 'min_child_weight': 6, 'n_estimators': 258, 'subsample': np.float64(0.9532077153627188)}",0.8893637401510106,0.8437967583743438,0.9086755695070794,0.8646321735670167,0.8697685081056765,0.8752473499410254,0.022129427119196687,119
4.1119907855987545,0.07714499539608972,0.06027135848999023,0.0008670950191713222,0.5613326997066854,0.03796042950039508,6,4,571,0.5466668948745133,"{'colsample_bytree': np.float64(0.5613326997066854), 'learning_rate': np.float64(0.03796042950039508), 'max_depth': 6, 'min_child_weight': 4, 'n_estimators': 571, 'subsample': np.float64(0.5466668948745133)}",0.902485275166276,0.8531743800866625,0.9005950286037814,0.8636373466668974,0.8571082544680704,0.8754000569983376,0.02161169935814288,115
1.2897281646728516,0.026695474221581722,0.016271543502807618,0.0003848010101607246,0.34856021134653037,0.08722738316206333,2,4,366,0.7761703340096056,"{'colsample_bytree': np.float64(0.34856021134653037), 'learning_rate': np.float64(0.08722738316206333), 'max_depth': 2, 'min_child_weight': 4, 'n_estimators': 366, 'subsample': np.float64(0.7761703340096056)}",0.9043037164528935,0.8482650210601881,0.9106375025412224,0.8723442447101162,0.8607155833145902,0.8792532136158021,0.024348088015831323,46
3.1506747245788573,0.0912769146327447,0.047738504409790036,0.0012765274534842915,0.5966435606025906,0.06370134129939294,9,3,326,0.6956461453819456,"{'colsample_bytree': np.float64(0.5966435606025906), 'learning_rate': np.float64(0.06370134129939294), 'max_depth': 9, 'min_child_weight': 3, 'n_estimators': 326, 'subsample': np.float64(0.6956461453819456)}",0.8782314631425088,0.8501623839959869,0.8906760635425843,0.8480661430128549,0.8584382947801865,0.8651148696948242,0.016638703178047314,213
4.5871720790863035,0.1459310776772105,0.04754037857055664,0.003759030107575642,0.6885927829839749,0.041295924607372324,3,9,857,0.6307156055737984,"{'colsample_bytree': np.float64(0.6885927829839749), 'learning_rate': np.float64(0.041295924607372324), 'max_depth': 3, 'min_child_weight': 9, 'n_estimators': 857, 'subsample': np.float64(0.6307156055737984)}",0.9034442272597538,0.8574793938817342,0.9134224637506914,0.8606161006245783,0.8678415716534889,0.8805607514340494,0.0232200831131463,30
3.5407559394836428,0.0933799171113019,0.0722963809967041,0.008057354246128919,0.44575671047394033,0.04952520584040806,8,3,412,0.7539763366841808,"{'colsample_bytree': np.float64(0.44575671047394033), 'learning_rate': np.float64(0.04952520584040806), 'max_depth': 8, 'min_child_weight': 3, 'n_estimators': 412, 'subsample': np.float64(0.7539763366841808)}",0.8873106961538129,0.8550998521029917,0.9076568945277916,0.83650019896538,0.859433121680306,0.8692001526860563,0.025180997288883587,188
1.0269608974456788,0.031346702197050276,0.018435573577880858,0.003712773662869653,0.34472784976591725,0.05113399913177483,3,7,211,0.9531328096568218,"{'colsample_bytree': np.float64(0.34472784976591725), 'learning_rate': np.float64(0.05113399913177483), 'max_depth': 3, 'min_child_weight': 7, 'n_estimators': 211, 'subsample': np.float64(0.9531328096568218)}",0.9018171439444391,0.8629779624808642,0.9129491952249064,0.8655167044412533,0.8591238602743991,0.8804769732731724,0.022342016649051423,31
2.8888659477233887,0.12673000732469072,0.03210330009460449,0.002444406631752242,0.4636746133954972,0.08226168132590425,2,7,847,0.8068358585109651,"{'colsample_bytree': np.float64(0.4636746133954972), 'learning_rate': np.float64(0.08226168132590425), 'max_depth': 2, 'min_child_weight': 7, 'n_estimators': 847, 'subsample': np.float64(0.8068358585109651)}",0.8972137414483528,0.8429653782617345,0.9264007327464658,0.8613124794546618,0.8425578297202374,0.8740900323262905,0.0328554563238005,134
1.3092702388763429,0.050987943567455965,0.02752199172973633,0.00492744099948827,0.4084584611674027,0.07288248722460136,7,8,203,0.9452820244447976,"{'colsample_bytree': np.float64(0.4084584611674027), 'learning_rate': np.float64(0.07288248722460136), 'max_depth': 7, 'min_child_weight': 8, 'n_estimators': 203, 'subsample': np.float64(0.9452820244447976)}",0.8981089075513964,0.8481017721694155,0.9330887930450293,0.862605754424817,0.852929981487569,0.8789670417356454,0.032229986304460286,49
2.0215523719787596,0.0723650510059738,0.0389406681060791,0.0003749843592074244,0.37174621720961665,0.041606428388132735,7,3,232,0.7400987523241914,"{'colsample_bytree': np.float64(0.37174621720961665), 'learning_rate': np.float64(0.041606428388132735), 'max_depth': 7, 'min_child_weight': 3, 'n_estimators': 232, 'subsample': np.float64(0.7400987523241914)}",0.8920135615502374,0.8646407227060828,0.906188996998625,0.8672814408553782,0.8488252391909894,0.8757899922602626,0.020548008449860974,105
3.157464027404785,0.1328946816774772,0.03711843490600586,0.0015822463724983944,0.8010511221092946,0.06862014523129611,7,9,391,0.9306920884045202,"{'colsample_bytree': np.float64(0.8010511221092946), 'learning_rate': np.float64(0.06862014523129611), 'max_depth': 7, 'min_child_weight': 9, 'n_estimators': 391, 'subsample': np.float64(0.9306920884045202)}",0.8989046107541017,0.8411112600652131,0.9036029615898324,0.861050796726587,0.8602549352064914,0.8729849128684452,0.024206201058287257,147
4.892577123641968,0.11510087084259311,0.036550378799438475,0.0010171352226860464,0.7503900332218421,0.050006944107602036,3,3,624,0.9337266888586668,"{'colsample_bytree': np.float64(0.7503900332218421), 'learning_rate': np.float64(0.050006944107602036), 'max_depth': 3, 'min_child_weight': 3, 'n_estimators': 624, 'subsample': np.float64(0.9337266888586668)}",0.9032809783689815,0.8461838679824599,0.9076809405036976,0.8625430370767659,0.8582025640582017,0.8755782775980213,0.025035514090000623,110
4.218696737289429,0.06223515321485853,0.0392613410949707,0.001931262120931774,0.7525986749373097,0.020918511166177912,6,9,726,0.5508396045969363,"{'colsample_bytree': np.float64(0.7525986749373097), 'learning_rate': np.float64(0.020918511166177912), 'max_depth': 6, 'min_child_weight': 9, 'n_estimators': 726, 'subsample': np.float64(0.5508396045969363)}",0.9051988825559371,0.8695068369932797,0.921924902231248,0.857830585304244,0.8548828699458468,0.8818688154061111,0.02686141617283895,21
3.8779263496398926,0.13447400500252857,0.0409968376159668,0.001408330433151977,0.8344951425951543,0.0812921905377649,5,7,437,0.8138940922948027,"{'colsample_bytree': np.float64(0.8344951425951543), 'learning_rate': np.float64(0.0812921905377649), 'max_depth': 5, 'min_child_weight': 7, 'n_estimators': 437, 'subsample': np.float64(0.8138940922948027)}",0.8813429221335225,0.8446919244773874,0.8972887069167157,0.8655275177771242,0.8575061852281182,0.8692714513065736,0.018369968335119096,187
2.560882806777954,0.11113637324192395,0.042096281051635744,0.001813222350887107,0.47692764147423317,0.06590705023081991,5,9,511,0.8043732189403637,"{'colsample_bytree': np.float64(0.47692764147423317), 'learning_rate': np.float64(0.06590705023081991), 'max_depth': 5, 'min_child_weight': 9, 'n_estimators': 511, 'subsample': np.float64(0.8043732189403637)}",0.8935692910457442,0.8489969382724591,0.9304787116603309,0.869234329313656,0.8488879565390405,0.8782334453662461,0.03085991303981885,67
7.060292291641235,0.15575555025505952,0.06959733963012696,0.009135213364628364,0.8776720748089328,0.031174793873009705,3,8,1057,0.7558643334093471,"{'colsample_bytree': np.float64(0.8776720748089328), 'learning_rate': np.float64(0.031174793873009705), 'max_depth': 3, 'min_child_weight': 8, 'n_estimators': 1057, 'subsample': np.float64(0.7558643334093471)}",0.902449598256372,0.843860544364778,0.9227960223583855,0.8639985120849842,0.8574694198861572,0.8781148193901354,0.029622455574390708,71
1.2221283912658691,0.018005433702511557,0.01655426025390625,0.0025580091086601746,0.8421095483099659,0.033886579069752024,4,6,113,0.8981394273758148,"{'colsample_bytree': np.float64(0.8421095483099659), 'learning_rate': np.float64(0.033886579069752024), 'max_depth': 4, 'min_child_weight': 6, 'n_estimators': 113, 'subsample': np.float64(0.8981394273758148)}",0.8799428736994145,0.8547582186626996,0.9033767108165358,0.8879154483641585,0.867768040969567,0.8787522585024752,0.016662006166118588,56
2.7901312351226806,0.09296136401275526,0.03955793380737305,0.002078305171994268,0.4574042201453535,0.07780819119262969,9,8,689,0.5561879157967016,"{'colsample_bytree': np.float64(0.4574042201453535), 'learning_rate': np.float64(0.07780819119262969), 'max_depth': 9, 'min_child_weight': 8, 'n_estimators': 689, 'subsample': np.float64(0.5561879157967016)}",0.8820034855259857,0.8416723605573382,0.9228954852587238,0.8746691119223515,0.8590611429263482,0.8760603172381494,0.02721136952454996,102
3.9280596733093263,0.08519179754989288,0.05480327606201172,0.0015059559395264315,0.4494772248398663,0.05799842244148378,3,7,878,0.8918685025335276,"{'colsample_bytree': np.float64(0.4494772248398663), 'learning_rate': np.float64(0.05799842244148378), 'max_depth': 3, 'min_child_weight': 7, 'n_estimators': 878, 'subsample': np.float64(0.8918685025335276)}",0.8792542012264208,0.8417080374672421,0.9201859409736872,0.860951314036575,0.8518724372393986,0.8707943861886648,0.027611722358190566,175
2.4352928161621095,0.053703430845382455,0.03163604736328125,0.0022542197403774317,0.5351649735605607,0.07597303913065714,3,8,439,0.9233754028459105,"{'colsample_bytree': np.float64(0.5351649735605607), 'learning_rate': np.float64(0.07597303913065714), 'max_depth': 3, 'min_child_weight': 8, 'n_estimators': 439, 'subsample': np.float64(0.9233754028459105)}",0.8972137414483528,0.8498921043755028,0.9224976336573711,0.8645954082250558,0.8490869219190643,0.8766571619250694,0.02879546544953617,90
3.877258777618408,0.1299827058487924,0.04832196235656738,0.005249178851278283,0.5887505324048529,0.05552046858135131,4,8,793,0.5736811499645543,"{'colsample_bytree': np.float64(0.5887505324048529), 'learning_rate': np.float64(0.05552046858135131), 'max_depth': 4, 'min_child_weight': 8, 'n_estimators': 793, 'subsample': np.float64(0.5736811499645543)}",0.9033447643594157,0.8481017721694155,0.9118070113693746,0.8643964428450319,0.8635010986349245,0.8782302178756325,0.024795907050496193,68
3.078996753692627,0.10902089743628887,0.04569587707519531,0.0013683021314585641,0.5950659052186895,0.0876057864409687,5,3,375,0.7221875443468276,"{'colsample_bytree': np.float64(0.5950659052186895), 'learning_rate': np.float64(0.0876057864409687), 'max_depth': 5, 'min_child_weight': 3, 'n_estimators': 375, 'subsample': np.float64(0.7221875443468276)}",0.8838651715518807,0.8535441226074848,0.888165445058224,0.8443225661343622,0.8620196716206163,0.8663833953945137,0.017033140542417915,200
1.801400375366211,0.04436076484042613,0.027790546417236328,0.0032883247783710174,0.7933230730986565,0.0455826888763784,4,7,231,0.7933213100272745,"{'colsample_bytree': np.float64(0.7933230730986565), 'learning_rate': np.float64(0.0455826888763784), 'max_depth': 4, 'min_child_weight': 7, 'n_estimators': 231, 'subsample': np.float64(0.7933213100272745)}",0.9017533579540049,0.8621184732877245,0.9125272976476477,0.8658519178532501,0.8717841139120054,0.8828070321309266,0.02039242279778142,10
3.738458585739136,0.11983781890033135,0.06815071105957031,0.00990584135740675,0.4523269277898641,0.07384187278108026,10,6,744,0.5874842443852627,"{'colsample_bytree': np.float64(0.4523269277898641), 'learning_rate': np.float64(0.07384187278108026), 'max_depth': 10, 'min_child_weight': 6, 'n_estimators': 744, 'subsample': np.float64(0.5874842443852627)}",0.8857830757388364,0.8475406716772904,0.911385113792116,0.8586999775082613,0.8578046332981539,0.8722426944029316,0.023313187849168502,156
4.929321908950806,0.1848733765673285,0.05039215087890625,0.0014337368604835355,0.842610935815651,0.024637438987228307,10,3,339,0.7086433131581313,"{'colsample_bytree': np.float64(0.842610935815651), 'learning_rate': np.float64(0.024637438987228307), 'max_depth': 10, 'min_child_weight': 3, 'n_estimators': 339, 'subsample': np.float64(0.7086433131581313)}",0.8981445844613003,0.8657348146098027,0.9051943679952432,0.8729151888440977,0.8738105330542052,0.8831598977929298,0.015530981411673663,8
5.299662780761719,0.13842593518421117,0.062129640579223634,0.0008854789071064494,0.7482635628314958,0.06212079447922558,7,5,555,0.7926486523510741,"{'colsample_bytree': np.float64(0.7482635628314958), 'learning_rate': np.float64(0.06212079447922558), 'max_depth': 7, 'min_child_weight': 5, 'n_estimators': 555, 'subsample': np.float64(0.7926486523510741)}",0.8762422051357452,0.8427383433805278,0.894579162631679,0.852804546791467,0.8622813543486911,0.865729122457622,0.018167869490375802,206
4.356402778625489,0.2657393974224806,0.04566631317138672,0.01026962183983012,0.8675695373499234,0.06079525506417814,10,9,467,0.9391463863493541,"{'colsample_bytree': np.float64(0.8675695373499234), 'learning_rate': np.float64(0.06079525506417814), 'max_depth': 10, 'min_child_weight': 9, 'n_estimators': 467, 'subsample': np.float64(0.9391463863493541)}",0.8999987026578217,0.8463471168732324,0.8986057705970178,0.8614487274866347,0.8602549352064914,0.8733310505642395,0.02186450188286963,143
9.314624166488647,0.21438962475968099,0.12432923316955566,0.0030396388441912498,0.6514888781747286,0.07999858417367797,10,3,914,0.9672759806770095,"{'colsample_bytree': np.float64(0.6514888781747286), 'learning_rate': np.float64(0.07999858417367797), 'max_depth': 10, 'min_child_weight': 3, 'n_estimators': 914, 'subsample': np.float64(0.9672759806770095)}",0.8580556300326065,0.8176607190735248,0.8473441219611898,0.81536877800654,0.837903769961418,0.835266603807056,0.016601514721470714,250
4.000015592575073,0.1283326357563391,0.05162353515625,0.003589001769958351,0.7547907351533323,0.03766080338055455,5,5,511,0.5802448903497933,"{'colsample_bytree': np.float64(0.7547907351533323), 'learning_rate': np.float64(0.03766080338055455), 'max_depth': 5, 'min_child_weight': 5, 'n_estimators': 511, 'subsample': np.float64(0.5802448903497933)}",0.8938676797467588,0.8684840989093676,0.9187934603689527,0.8661871312652468,0.859459073686396,0.8813582887953444,0.022060649768907713,27
1.8189579963684082,0.02212309927779573,0.021034717559814453,0.000514025303314083,0.6077218296414513,0.07950685452989265,2,9,489,0.6834842367707509,"{'colsample_bytree': np.float64(0.6077218296414513), 'learning_rate': np.float64(0.07950685452989265), 'max_depth': 2, 'min_child_weight': 9, 'n_estimators': 489, 'subsample': np.float64(0.6834842367707509)}",0.8971780645384488,0.8580404943738594,0.916728785437757,0.8636632986729875,0.8538880430457274,0.877899737213756,0.024710224829967844,74
1.7039566040039062,0.007854525604979023,0.02511110305786133,0.0005016327493544279,0.7950069269383744,0.030641491543399596,6,4,168,0.6442413033137238,"{'colsample_bytree': np.float64(0.7950069269383744), 'learning_rate': np.float64(0.030641491543399596), 'max_depth': 6, 'min_child_weight': 4, 'n_estimators': 168, 'subsample': np.float64(0.6442413033137238)}",0.9031458385587393,0.8733858901064686,0.907430643754495,0.8644591601930829,0.8653545044031904,0.8827552074031952,0.01870812076647074,11
1.9327123165130615,0.05712693736532445,0.027166223526000975,0.0005716480608417812,0.7491588210226325,0.09083062373872541,5,3,199,0.6860415547688196,"{'colsample_bytree': np.float64(0.7491588210226325), 'learning_rate': np.float64(0.09083062373872541), 'max_depth': 5, 'min_child_weight': 3, 'n_estimators': 199, 'subsample': np.float64(0.6860415547688196)}",0.8962904662647788,0.8629855303102378,0.8992779649234791,0.8611870447585599,0.8630772158687867,0.8765636444251685,0.01736534831797691,91
1.2964091300964355,0.029269665126093008,0.0173825740814209,0.00040387114768234875,0.7473352281056901,0.07916008248115697,3,4,200,0.6082900448982123,"{'colsample_bytree': np.float64(0.7473352281056901), 'learning_rate': np.float64(0.07916008248115697), 'max_depth': 3, 'min_child_weight': 4, 'n_estimators': 200, 'subsample': np.float64(0.6082900448982123)}",0.9014549692529904,0.8471071431660339,0.9157101104584693,0.8612129967646499,0.8673441582034291,0.8785658755691145,0.025769384870544372,60
3.2671900272369383,0.05443679277571135,0.04764127731323242,0.00034726472633100913,0.5054412959434185,0.033475129067815905,5,5,401,0.8333708264863318,"{'colsample_bytree': np.float64(0.5054412959434185), 'learning_rate': np.float64(0.033475129067815905), 'max_depth': 5, 'min_child_weight': 5, 'n_estimators': 401, 'subsample': np.float64(0.8333708264863318)}",0.8969510296572423,0.847242282976276,0.9196886264719963,0.8716219138739425,0.860951314036575,0.8792910334032065,0.02594657626035739,45
3.301977014541626,0.048201160293955186,0.03913569450378418,0.0004919963188748486,0.7617951467422808,0.06398062150763828,5,3,311,0.8145304523832319,"{'colsample_bytree': np.float64(0.7617951467422808), 'learning_rate': np.float64(0.06398062150763828), 'max_depth': 5, 'min_child_weight': 3, 'n_estimators': 311, 'subsample': np.float64(0.8145304523832319)}",0.8926460158621704,0.8434345836828949,0.9012672229302426,0.8516107545113237,0.8529040294814789,0.8683725212936221,0.02372085888501786,192
2.016971397399902,0.052170841952988836,0.03734087944030762,0.0029440134714708165,0.4061521777114933,0.05354751623833811,7,8,380,0.751695965901898,"{'colsample_bytree': np.float64(0.4061521777114933), 'learning_rate': np.float64(0.05354751623833811), 'max_depth': 7, 'min_child_weight': 8, 'n_estimators': 380, 'subsample': np.float64(0.751695965901898)}",0.8968158898470001,0.8509505193693188,0.9273953617498476,0.861113514074638,0.8565740756760498,0.8785698721433709,0.029217165311735797,59
3.6292786598205566,0.09983462111528754,0.046985292434692384,0.004922673118779161,0.748473673964256,0.025522185569195506,5,7,474,0.6851639961607898,"{'colsample_bytree': np.float64(0.748473673964256), 'learning_rate': np.float64(0.025522185569195506), 'max_depth': 5, 'min_child_weight': 7, 'n_estimators': 474, 'subsample': np.float64(0.6851639961607898)}",0.902449598256372,0.8623173990884009,0.9255055666434222,0.8602181698645306,0.8606161006245783,0.8822213668954607,0.026943642799347398,16
6.918049287796021,0.0775232883478748,0.06521482467651367,0.0015349467624838817,0.881481436019395,0.05247992667746262,7,8,901,0.7751280367288982,"{'colsample_bytree': np.float64(0.881481436019395), 'learning_rate': np.float64(0.05247992667746262), 'max_depth': 7, 'min_child_weight': 8, 'n_estimators': 901, 'subsample': np.float64(0.7751280367288982)}",0.8747145847207687,0.8485353006806722,0.8996998625007377,0.864134760116957,0.8620456236267063,0.8698260263291683,0.01710300714321387,182
6.587199401855469,0.191361064821443,0.08511676788330078,0.0033695406076772834,0.5051130737858558,0.042417808652602015,9,7,897,0.8962005494159055,"{'colsample_bytree': np.float64(0.5051130737858558), 'learning_rate': np.float64(0.042417808652602015), 'max_depth': 9, 'min_child_weight': 7, 'n_estimators': 897, 'subsample': np.float64(0.8962005494159055)}",0.894699059859368,0.8460844050821217,0.9089739582080939,0.8604906659284763,0.8600927351684285,0.8740681648492977,0.02369303763277461,135
9.90271692276001,0.27577915593117286,0.11134634017944336,0.004778335107751118,0.7452149281106646,0.06075208333579706,10,5,1001,0.9269072829566416,"{'colsample_bytree': np.float64(0.7452149281106646), 'learning_rate': np.float64(0.06075208333579706), 'max_depth': 10, 'min_child_weight': 5, 'n_estimators': 1001, 'subsample': np.float64(0.9269072829566416)}",0.8828067565580647,0.8384333295854559,0.8709616422964344,0.8328928701188603,0.8487992871848995,0.8547787771487428,0.0191278521373952,241
0.5963594913482666,0.01589753453356957,0.010037469863891601,0.000717609164063547,0.8061355454155283,0.03592257685753146,2,9,122,0.6801535256684902,"{'colsample_bytree': np.float64(0.8061355454155283), 'learning_rate': np.float64(0.03592257685753146), 'max_depth': 2, 'min_child_weight': 9, 'n_estimators': 122, 'subsample': np.float64(0.6801535256684902)}",0.8767881699691233,0.8660180676520701,0.890943848274264,0.8712023564421529,0.8561912835862212,0.8722287451847663,0.011557418412479873,157
3.4611403942108154,0.08049043955386109,0.06658916473388672,0.002389813506539746,0.4715190058342858,0.05699098465389648,9,3,415,0.7661777716099063,"{'colsample_bytree': np.float64(0.4715190058342858), 'learning_rate': np.float64(0.05699098465389648), 'max_depth': 9, 'min_child_weight': 3, 'n_estimators': 415, 'subsample': np.float64(0.7661777716099063)}",0.8776346857404796,0.862623355618789,0.9001490850506169,0.8488620045329505,0.8613232927905328,0.8701184847466739,0.01757100193648569,179
5.924483394622802,0.16947306572611365,0.06565828323364258,0.004324538413923848,0.8639504208762241,0.036987488412633544,7,4,641,0.5400885950756675,"{'colsample_bytree': np.float64(0.8639504208762241), 'learning_rate': np.float64(0.036987488412633544), 'max_depth': 7, 'min_child_weight': 4, 'n_estimators': 641, 'subsample': np.float64(0.5400885950756675)}",0.8995370650660347,0.8443935357763728,0.9058906082976105,0.8701664388657243,0.8635378639768854,0.8767051023965255,0.022948899319406902,89
2.241555595397949,0.0361719460787557,0.03670415878295898,0.0033307900162565874,0.6078530814858465,0.07150793785015229,6,5,278,0.7684882062927484,"{'colsample_bytree': np.float64(0.6078530814858465), 'learning_rate': np.float64(0.07150793785015229), 'max_depth': 6, 'min_child_weight': 5, 'n_estimators': 278, 'subsample': np.float64(0.7684882062927484)}",0.8876728708452617,0.8486347635810103,0.9004955657034431,0.8590979082683092,0.8633388985968615,0.8718480013989772,0.01920902677858317,163
5.277997779846191,0.1420799816887276,0.0823967456817627,0.0018188061862956725,0.3614001996539787,0.0366831441024692,5,3,732,0.9244096658197163,"{'colsample_bytree': np.float64(0.3614001996539787), 'learning_rate': np.float64(0.0366831441024692), 'max_depth': 5, 'min_child_weight': 3, 'n_estimators': 732, 'subsample': np.float64(0.9244096658197163)}",0.8937401077658903,0.8514554017003831,0.9086515235311734,0.8419349815740758,0.860726396650461,0.8713016822443969,0.025560157312177277,167
5.871416187286377,0.3848337720662775,0.05930490493774414,0.0010194573966849248,0.7845477175230994,0.02287440039609711,9,4,408,0.982524376373324,"{'colsample_bytree': np.float64(0.7845477175230994), 'learning_rate': np.float64(0.02287440039609711), 'max_depth': 9, 'min_child_weight': 4, 'n_estimators': 408, 'subsample': np.float64(0.982524376373324)}",0.8943012082580154,0.8486347635810103,0.9074820147030213,0.862642519766778,0.8685747158255333,0.8763270444268716,0.021484552453790894,96
2.9317742347717286,0.07798685270225958,0.03411111831665039,0.00022272780373106427,0.7785279524114997,0.037184148757240146,7,7,292,0.911669682667811,"{'colsample_bytree': np.float64(0.7785279524114997), 'learning_rate': np.float64(0.037184148757240146), 'max_depth': 7, 'min_child_weight': 7, 'n_estimators': 292, 'subsample': np.float64(0.911669682667811)}",0.9042399304624593,0.8486985495714446,0.9111107710670074,0.87407221578228,0.8632026505648887,0.8802648234896161,0.02388377700663671,33
1.9472699642181397,0.07172828648723276,0.02918243408203125,0.0016368641534532202,0.4711259045841613,0.030178816312888074,3,7,412,0.7552049875688132,"{'colsample_bytree': np.float64(0.4711259045841613), 'learning_rate': np.float64(0.030178816312888074), 'max_depth': 3, 'min_child_weight': 7, 'n_estimators': 412, 'subsample': np.float64(0.7552049875688132)}",0.902911235848159,0.8590351233772411,0.91963725552347,0.8613751968027128,0.8540870084257512,0.8794091639954669,0.026654019568814847,43
1.7757619857788085,0.05894362716867385,0.020155858993530274,0.00038141451078394477,0.44703850691157043,0.09214619448680422,2,6,516,0.8241968259381837,"{'colsample_bytree': np.float64(0.44703850691157043), 'learning_rate': np.float64(0.09214619448680422), 'max_depth': 2, 'min_child_weight': 6, 'n_estimators': 516, 'subsample': np.float64(0.8241968259381837)}",0.8988689338441979,0.8468087544650194,0.9250082521417313,0.8703913562518383,0.8520346372774615,0.8786223867960498,0.02949012262306649,58
4.186185264587403,0.15825044874920455,0.055916643142700194,0.0011057177243714825,0.4835018701119179,0.0529187309103383,3,5,914,0.7371975380225538,"{'colsample_bytree': np.float64(0.4835018701119179), 'learning_rate': np.float64(0.0529187309103383), 'max_depth': 3, 'min_child_weight': 5, 'n_estimators': 914, 'subsample': np.float64(0.7371975380225538)}",0.8803482931301407,0.8431005180719766,0.9211805699770689,0.8623440716967421,0.8531657122095537,0.8720278330170963,0.027464762848970974,162
4.2185241222381595,0.07091565509862012,0.05375418663024902,0.009597627286260891,0.8315329438903301,0.023712752682243012,5,8,596,0.6816260495573967,"{'colsample_bytree': np.float64(0.8315329438903301), 'learning_rate': np.float64(0.023712752682243012), 'max_depth': 5, 'min_child_weight': 8, 'n_estimators': 596, 'subsample': np.float64(0.6816260495573967)}",0.9067902889613478,0.8611238442843427,0.9194142837468877,0.8599197217944947,0.8600192044845066,0.8814534686543161,0.026151105166365294,25
1.2279810428619384,0.028172865859061768,0.021614217758178712,0.001017729495192151,0.5106168525562308,0.03972983384203177,9,4,126,0.6901437508034196,"{'colsample_bytree': np.float64(0.5106168525562308), 'learning_rate': np.float64(0.03972983384203177), 'max_depth': 9, 'min_child_weight': 4, 'n_estimators': 126, 'subsample': np.float64(0.6901437508034196)}",0.9083816953667586,0.8643066570951643,0.921900856255342,0.8771194138306891,0.8685379504835724,0.8880493146063053,0.022905031875072965,1
4.882898998260498,0.13118844349653472,0.06824221611022949,0.0019842955174917006,0.5274530678192997,0.025308250919947362,5,6,690,0.7208739213704057,"{'colsample_bytree': np.float64(0.5274530678192997), 'learning_rate': np.float64(0.025308250919947362), 'max_depth': 5, 'min_child_weight': 6, 'n_estimators': 690, 'subsample': np.float64(0.7208739213704057)}",0.9044388562631356,0.8451535620691744,0.9193902377709817,0.8649933389851036,0.8651923043651275,0.8798336598907046,0.0275951160289019,38
3.172174167633057,0.04727977270847658,0.037746524810791014,0.0004457679114550951,0.7192518306946702,0.05307507509758013,6,7,487,0.5905131275410964,"{'colsample_bytree': np.float64(0.7192518306946702), 'learning_rate': np.float64(0.05307507509758013), 'max_depth': 6, 'min_child_weight': 7, 'n_estimators': 487, 'subsample': np.float64(0.5905131275410964)}",0.8973132043486909,0.8440594701654545,0.9049200252701346,0.857668385266181,0.8638990293949722,0.8735720228890866,0.02351095153932776,139
3.9374740600585936,0.20507696596890723,0.051891136169433597,0.0036225874996850546,0.6109251441312947,0.027143181190306516,4,7,723,0.537959784017026,"{'colsample_bytree': np.float64(0.6109251441312947), 'learning_rate': np.float64(0.027143181190306516), 'max_depth': 4, 'min_child_weight': 7, 'n_estimators': 723, 'subsample': np.float64(0.537959784017026)}",0.9014549692529904,0.8459135883619757,0.9215030046539894,0.8616109275246977,0.8519351545874496,0.8764835288762205,0.02969398675834238,94
0.7108029842376709,0.02344683021742116,0.011112546920776368,0.0003335820187791135,0.35071203235058135,0.057304380337593545,2,4,188,0.940787464383761,"{'colsample_bytree': np.float64(0.35071203235058135), 'learning_rate': np.float64(0.057304380337593545), 'max_depth': 2, 'min_child_weight': 4, 'n_estimators': 188, 'subsample': np.float64(0.940787464383761)}",0.8826564810890756,0.8612157393553075,0.9056129865757875,0.8665007180055018,0.8679302410076299,0.8767832332066605,0.016075460643869912,87
4.535068559646606,0.24698631339392865,0.05307950973510742,0.0031494151786429806,0.7049590039577567,0.0666286477429267,10,3,304,0.9572858912377092,"{'colsample_bytree': np.float64(0.7049590039577567), 'learning_rate': np.float64(0.0666286477429267), 'max_depth': 10, 'min_child_weight': 3, 'n_estimators': 304, 'subsample': np.float64(0.9572858912377092)}",0.8876447617647314,0.8447632782971952,0.8744668897841764,0.8426681257461202,0.8579776466720878,0.8615041404528622,0.0173138847572145,226
2.3341525077819822,0.044103188652752694,0.03281702995300293,0.0006653074375767276,0.4985123893128231,0.03391387952358222,3,5,511,0.7138115709881845,"{'colsample_bytree': np.float64(0.4985123893128231), 'learning_rate': np.float64(0.03391387952358222), 'max_depth': 3, 'min_child_weight': 5, 'n_estimators': 511, 'subsample': np.float64(0.7138115709881845)}",0.906292974459657,0.8517462225720241,0.9193148208465495,0.8645586428830949,0.8569720064360975,0.8797769334394847,0.02758161266793833,39
7.049452638626098,0.16957685277503354,0.0666358470916748,0.0012684805286913448,0.7652049747733664,0.0610234059040777,8,9,911,0.9824760282008875,"{'colsample_bytree': np.float64(0.7652049747733664), 'learning_rate': np.float64(0.0610234059040777), 'max_depth': 8, 'min_child_weight': 9, 'n_estimators': 911, 'subsample': np.float64(0.9824760282008875)}",0.892908727653281,0.8458854792814454,0.898084410119421,0.8654280350871122,0.8599932524784166,0.8724599809239354,0.01992904579917664,153
5.966225337982178,0.14462121227094238,0.06841883659362794,0.0018103072352133962,0.7159694297513497,0.08409092251241387,10,3,451,0.9445750192285505,"{'colsample_bytree': np.float64(0.7159694297513497), 'learning_rate': np.float64(0.08409092251241387), 'max_depth': 10, 'min_child_weight': 3, 'n_estimators': 451, 'subsample': np.float64(0.9445750192285505)}",0.8645488276351182,0.8173266534626062,0.852763210531263,0.8378670046194571,0.8653393657329711,0.8475690123962831,0.018109712898310017,246
1.6528333663940429,0.02282537666280777,0.02710409164428711,0.0008888061387502137,0.6348425995771296,0.046016447169421326,7,6,259,0.5432219455216561,"{'colsample_bytree': np.float64(0.6348425995771296), 'learning_rate': np.float64(0.046016447169421326), 'max_depth': 7, 'min_child_weight': 6, 'n_estimators': 259, 'subsample': np.float64(0.5432219455216561)}",0.9053978083566134,0.8600297523806228,0.9244114747397023,0.8638622640530114,0.8556787314659423,0.8818760061991785,0.027751007823707638,20
7.068177604675293,0.2806903466753701,0.07269449234008789,0.0013175958919606856,0.8798077367436156,0.06477010716651249,10,4,701,0.654830912542858,"{'colsample_bytree': np.float64(0.8798077367436156), 'learning_rate': np.float64(0.06477010716651249), 'max_depth': 10, 'min_child_weight': 4, 'n_estimators': 701, 'subsample': np.float64(0.654830912542858)}",0.8795244808469049,0.8364440715786925,0.877176434069213,0.8517470025432966,0.8571817851519923,0.8604147548380199,0.0161636084927625,230
8.387471008300782,0.3335575499822406,0.09968814849853516,0.0028899807516373998,0.7914296397720493,0.03230774037591028,6,4,740,0.8864078263953967,"{'colsample_bytree': np.float64(0.7914296397720493), 'learning_rate': np.float64(0.03230774037591028), 'max_depth': 6, 'min_child_weight': 4, 'n_estimators': 740, 'subsample': np.float64(0.8864078263953967)}",0.8887031767585474,0.8398895961806246,0.9022618519336243,0.8531029948615028,0.8489614872229623,0.8665838213914523,0.024360003080077408,197
1.9260320663452148,0.07954448680108635,0.029328203201293944,0.013416981621309549,0.6317494362652099,0.02529869491646674,3,9,331,0.9366165067893315,"{'colsample_bytree': np.float64(0.6317494362652099), 'learning_rate': np.float64(0.02529869491646674), 'max_depth': 3, 'min_child_weight': 9, 'n_estimators': 331, 'subsample': np.float64(0.9366165067893315)}",0.8993305714359847,0.8661250983817819,0.9153603508089285,0.8633280852609907,0.8666110140313846,0.8821510239838141,0.02121613283199976,17
3.223292684555054,0.28013527854905784,0.04916205406188965,0.0037925232828932213,0.4599571160487759,0.04753535852343363,4,9,714,0.6532706695460399,"{'colsample_bytree': np.float64(0.4599571160487759), 'learning_rate': np.float64(0.04753535852343363), 'max_depth': 4, 'min_child_weight': 9, 'n_estimators': 714, 'subsample': np.float64(0.6532706695460399)}",0.8863441762309615,0.850552667767966,0.9258039553444368,0.8666477793733456,0.8522336026574855,0.8763164362748391,0.027881203995835952,97
1.2140041828155517,0.05097906915574807,0.019685697555541993,0.0007536977540308371,0.6334504376947605,0.023075992913473058,4,9,189,0.673142086279602,"{'colsample_bytree': np.float64(0.6334504376947605), 'learning_rate': np.float64(0.023075992913473058), 'max_depth': 4, 'min_child_weight': 9, 'n_estimators': 189, 'subsample': np.float64(0.673142086279602)}",0.881896454796274,0.8680786794786415,0.9007906754077433,0.8687261025277253,0.8593487776605131,0.8757681379741793,0.014436045684187819,107
4.559192085266114,0.18208573827316127,0.055338478088378905,0.0054460971427844505,0.8896165512099351,0.06861808236800662,5,4,495,0.5691218658363366,"{'colsample_bytree': np.float64(0.8896165512099351), 'learning_rate': np.float64(0.06861808236800662), 'max_depth': 5, 'min_child_weight': 4, 'n_estimators': 495, 'subsample': np.float64(0.5691218658363366)}",0.8791904152359866,0.8526132795945374,0.9052697849196755,0.8622813543486911,0.8553543313898164,0.8709418330977414,0.01949542181517257,170
1.6220465660095216,0.03520245870380063,0.026851511001586913,0.0009270526537420263,0.5455085659232761,0.07977509008094238,6,7,226,0.7967511899285389,"{'colsample_bytree': np.float64(0.5455085659232761), 'learning_rate': np.float64(0.07977509008094238), 'max_depth': 6, 'min_child_weight': 7, 'n_estimators': 226, 'subsample': np.float64(0.7967511899285389)}",0.9041404675621211,0.8443578588664689,0.9079039122802799,0.8648938562950916,0.8635010986349245,0.8769594387277773,0.02484325654532052,84
2.5170619010925295,0.04306794522328976,0.0458714485168457,0.002068531531866218,0.34556861811240763,0.03484955451740623,6,4,308,0.9358372082600686,"{'colsample_bytree': np.float64(0.34556861811240763), 'learning_rate': np.float64(0.03484955451740623), 'max_depth': 6, 'min_child_weight': 4, 'n_estimators': 308, 'subsample': np.float64(0.9358372082600686)}",0.8868771676425563,0.8537711574886915,0.9105894105894106,0.8671819581653661,0.8583020467482136,0.8753443481268477,0.02096514991334708,117
5.129857206344605,0.3040832740821232,0.05968356132507324,0.002532577539786712,0.6627919704997891,0.03900938077035821,10,9,960,0.6832084300363024,"{'colsample_bytree': np.float64(0.6627919704997891), 'learning_rate': np.float64(0.03900938077035821), 'max_depth': 10, 'min_child_weight': 9, 'n_estimators': 960, 'subsample': np.float64(0.6832084300363024)}",0.893370365245068,0.8477039205680629,0.9178982942659091,0.8629042024948528,0.8686374331735843,0.8781028431494955,0.024744544119343265,72
7.443329811096191,0.2710096559810097,0.08050689697265626,0.002680572682862497,0.7827615332926671,0.028325016696868207,4,6,917,0.8417728390386074,"{'colsample_bytree': np.float64(0.7827615332926671), 'learning_rate': np.float64(0.028325016696868207), 'max_depth': 4, 'min_child_weight': 6, 'n_estimators': 917, 'subsample': np.float64(0.8417728390386074)}",0.8975478070592713,0.8541690090900442,0.9047965163938906,0.8628414851468018,0.8620456236267063,0.8762800882633428,0.020676645741177765,99
4.369041299819946,0.16278737865969212,0.06830754280090331,0.003222430551592702,0.4011420297453391,0.04909379929055255,10,7,844,0.692275365897094,"{'colsample_bytree': np.float64(0.4011420297453391), 'learning_rate': np.float64(0.04909379929055255), 'max_depth': 10, 'min_child_weight': 7, 'n_estimators': 844, 'subsample': np.float64(0.692275365897094)}",0.8844900580344401,0.8411112600652131,0.9146914354791817,0.8659881658852229,0.8554170487378674,0.872339593640385,0.025468546368093467,155
1.8381242752075195,0.08740846228938313,0.02507476806640625,0.003925119233447586,0.7355094933086527,0.022315082689203403,8,7,166,0.8243111278225052,"{'colsample_bytree': np.float64(0.7355094933086527), 'learning_rate': np.float64(0.022315082689203403), 'max_depth': 8, 'min_child_weight': 7, 'n_estimators': 166, 'subsample': np.float64(0.8243111278225052)}",0.8925033082225547,0.866821338684149,0.9054654317236375,0.8783391581169224,0.8685639024896625,0.8823386278473853,0.01472884832185502,15
2.351778507232666,0.1658086205682249,0.03611946105957031,0.002326679114421359,0.5286878960291223,0.08757585281242303,8,4,317,0.537962019877686,"{'colsample_bytree': np.float64(0.5286878960291223), 'learning_rate': np.float64(0.08757585281242303), 'max_depth': 8, 'min_child_weight': 4, 'n_estimators': 317, 'subsample': np.float64(0.537962019877686)}",0.882834865638595,0.8561582670968076,0.9077804034040358,0.8761981176144916,0.8525688160694822,0.8751080939646825,0.019977416962752063,121
6.1003671169281,0.23190980891877738,0.10003728866577148,0.004507526860040825,0.3778285199181877,0.08512719070708771,5,5,971,0.9353600077683707,"{'colsample_bytree': np.float64(0.3778285199181877), 'learning_rate': np.float64(0.08512719070708771), 'max_depth': 5, 'min_child_weight': 5, 'n_estimators': 971, 'subsample': np.float64(0.9353600077683707)}",0.8815137388536685,0.8400247359908667,0.8818511903851072,0.8287513624803198,0.8542340697935951,0.8572750195007114,0.021503127015941686,235
4.909228563308716,0.20462238340181868,0.0669665813446045,0.0031009455054301937,0.4017688295711196,0.02184912893311505,4,4,786,0.9128319238939695,"{'colsample_bytree': np.float64(0.4017688295711196), 'learning_rate': np.float64(0.02184912893311505), 'max_depth': 4, 'min_child_weight': 4, 'n_estimators': 786, 'subsample': np.float64(0.9128319238939695)}",0.8953596232518315,0.8570177562899474,0.9040008131911852,0.8648938562950916,0.8558149794979152,0.8754174057051941,0.02023981486175354,114
3.9370813369750977,0.1487669646141375,0.055045795440673825,0.009095172621566543,0.5455140928890756,0.03829072002726099,9,8,507,0.976177928582108,"{'colsample_bytree': np.float64(0.5455140928890756), 'learning_rate': np.float64(0.03829072002726099), 'max_depth': 9, 'min_child_weight': 8, 'n_estimators': 507, 'subsample': np.float64(0.976177928582108)}",0.8997003139568072,0.8566199046885947,0.9092963928850143,0.8656897178151871,0.8659881658852229,0.8794588990461651,0.020941163210758295,42
6.533065605163574,0.17915177100903315,0.08088879585266114,0.006276480236138123,0.7304824314882177,0.04855618670826176,7,3,527,0.8656235533599625,"{'colsample_bytree': np.float64(0.7304824314882177), 'learning_rate': np.float64(0.04855618670826176), 'max_depth': 7, 'min_child_weight': 3, 'n_estimators': 527, 'subsample': np.float64(0.8656235533599625)}",0.8815137388536685,0.8498996722048763,0.8910498691680311,0.8483018737348398,0.8600667831623385,0.8661663874247509,0.017179527962842386,202
2.6980259895324705,0.17747627483979247,0.035338544845581056,0.0012418216436347962,0.7462348714872202,0.04062020179760226,7,4,268,0.6246952810091765,"{'colsample_bytree': np.float64(0.7462348714872202), 'learning_rate': np.float64(0.04062020179760226), 'max_depth': 7, 'min_child_weight': 4, 'n_estimators': 268, 'subsample': np.float64(0.6246952810091765)}",0.9074227432732809,0.8631487792010102,0.9131994919741091,0.8710250177338709,0.8766587657225904,0.8862909595809721,0.020159414918663923,2
2.5579012393951417,0.07813030304311101,0.039660072326660155,0.007609789607785993,0.5478677362783453,0.07137143163666813,7,9,388,0.9237853637055191,"{'colsample_bytree': np.float64(0.5478677362783453), 'learning_rate': np.float64(0.07137143163666813), 'max_depth': 7, 'min_child_weight': 9, 'n_estimators': 388, 'subsample': np.float64(0.9237853637055191)}",0.8997003139568072,0.8451535620691744,0.9083017638816326,0.8600559698264676,0.8602549352064914,0.8746933089881146,0.024698961601896705,125
5.88899793624878,0.09599940326887262,0.06677861213684082,0.0015777232146610507,0.7962639850578745,0.08608047274999786,10,5,624,0.8254197307956657,"{'colsample_bytree': np.float64(0.7962639850578745), 'learning_rate': np.float64(0.08608047274999786), 'max_depth': 10, 'min_child_weight': 5, 'n_estimators': 624, 'subsample': np.float64(0.8254197307956657)}",0.875084327241591,0.8415804654863737,0.8893589998622822,0.8355421374072216,0.8513490717832488,0.8585830003561435,0.02045362175561445,233
2.1420325756073,0.06790616964918192,0.027515888214111328,0.00311149901240222,0.7169513261500502,0.06206348046015171,10,9,327,0.6737488955562756,"{'colsample_bytree': np.float64(0.7169513261500502), 'learning_rate': np.float64(0.06206348046015171), 'max_depth': 10, 'min_child_weight': 9, 'n_estimators': 327, 'subsample': np.float64(0.6737488955562756)}",0.8978105188503818,0.8517462225720241,0.9238146973376733,0.8551813180158826,0.8612129967646499,0.8779531507081224,0.028224771847924036,73
5.284392499923706,0.18075331803298092,0.05791373252868652,0.00415819391764087,0.8660390662539041,0.08441343318332722,9,5,531,0.7419893874747561,"{'colsample_bytree': np.float64(0.8660390662539041), 'learning_rate': np.float64(0.08441343318332722), 'max_depth': 9, 'min_child_weight': 5, 'n_estimators': 531, 'subsample': np.float64(0.7419893874747561)}",0.876640056737098,0.8442302868856004,0.8861761870514606,0.8536998910015745,0.8648679042890015,0.865122865192947,0.01511910867155033,212
7.193177032470703,0.28057930759453487,0.08473129272460937,0.0014912064599163439,0.7235449510433318,0.07617337054041938,4,4,1039,0.5540232170735752,"{'colsample_bytree': np.float64(0.7235449510433318), 'learning_rate': np.float64(0.07617337054041938), 'max_depth': 4, 'min_child_weight': 4, 'n_estimators': 1039, 'subsample': np.float64(0.5540232170735752)}",0.8734929208361802,0.8347532022729435,0.8895579256629584,0.8422701949860725,0.8565848890119206,0.8593318265540152,0.02008435892819337,232
9.025509977340699,0.271192426301224,0.08951926231384277,0.007549895643055537,0.7964136172247218,0.07861109070771075,10,3,790,0.8863529852621497,"{'colsample_bytree': np.float64(0.7964136172247218), 'learning_rate': np.float64(0.07861109070771075), 'max_depth': 10, 'min_child_weight': 3, 'n_estimators': 790, 'subsample': np.float64(0.8863529852621497)}",0.856066372025843,0.8199126888713988,0.8392635810578918,0.8253429990138237,0.8412494160798629,0.8363670114097641,0.012748069495212072,249
1.4493983268737793,0.06423476807203507,0.027932119369506837,0.0030372192010106732,0.37813682154830947,0.0842359359106365,6,9,277,0.789809837516441,"{'colsample_bytree': np.float64(0.37813682154830947), 'learning_rate': np.float64(0.0842359359106365), 'max_depth': 6, 'min_child_weight': 9, 'n_estimators': 277, 'subsample': np.float64(0.789809837516441)}",0.9028474498577248,0.8541333321801403,0.9328898672443531,0.8615114448346857,0.8621083409747574,0.8826980870183323,0.030377518967859955,14
5.592174053192139,0.15989794234104704,0.04869551658630371,0.0012896042333805638,0.8886347938714937,0.0911707029578595,4,5,560,0.9768523612438619,"{'colsample_bytree': np.float64(0.8886347938714937), 'learning_rate': np.float64(0.0911707029578595), 'max_depth': 4, 'min_child_weight': 5, 'n_estimators': 560, 'subsample': np.float64(0.9768523612438619)}",0.8899961944629435,0.8355489054756489,0.897960901243177,0.8436261873042786,0.8606269139604491,0.8655518204892994,0.024710479309285202,209
5.781174564361573,0.16098688281803258,0.07240533828735352,0.004656272654579032,0.48869278506771613,0.052654305591095366,5,7,1037,0.8809642836152941,"{'colsample_bytree': np.float64(0.48869278506771613), 'learning_rate': np.float64(0.052654305591095366), 'max_depth': 5, 'min_child_weight': 7, 'n_estimators': 1037, 'subsample': np.float64(0.8809642836152941)}",0.8780963233322667,0.840550159573088,0.9046730075176465,0.8510138583712521,0.8555532967698403,0.8659773291128188,0.022905599340878453,204
2.923955535888672,0.16353754594383463,0.044741153717041016,0.0055714870355196055,0.49851433180931903,0.030551569329759345,8,7,615,0.5515162874851789,"{'colsample_bytree': np.float64(0.49851433180931903), 'learning_rate': np.float64(0.030551569329759345), 'max_depth': 8, 'min_child_weight': 7, 'n_estimators': 615, 'subsample': np.float64(0.5515162874851789)}",0.9001619515485941,0.8619195474870482,0.9298065173338697,0.8638622640530114,0.8515372238274019,0.8814575008499851,0.029237068346732814,24
2.0257665634155275,0.04650485924598835,0.028671455383300782,0.0008164835248966666,0.5593242418100384,0.060500814602215014,8,7,319,0.7427387564235055,"{'colsample_bytree': np.float64(0.5593242418100384), 'learning_rate': np.float64(0.060500814602215014), 'max_depth': 8, 'min_child_weight': 7, 'n_estimators': 319, 'subsample': np.float64(0.7427387564235055)}",0.8932709023447298,0.850091030176179,0.9234922626607528,0.8696322600737036,0.86429696015502,0.8801566830820772,0.025753419112532625,34
