mean_fit_time,std_fit_time,mean_score_time,std_score_time,param_colsample_bytree,param_learning_rate,param_max_depth,param_min_child_weight,param_n_estimators,param_subsample,params,split0_test_score,split1_test_score,split2_test_score,split3_test_score,split4_test_score,mean_test_score,std_test_score,rank_test_score
68.2914300918579,3.6823514667592288,0.12875633239746093,0.004552719821658734,0.5939321535345923,0.21740491624800165,4,4,800,0.6541928796033428,"{'colsample_bytree': np.float64(0.5939321535345923), 'learning_rate': np.float64(0.21740491624800165), 'max_depth': 4, 'min_child_weight': 4, 'n_estimators': 800, 'subsample': np.float64(0.6541928796033428)}",0.9860294117647059,0.9808823529411764,0.9845474613686535,0.9867549668874173,0.9852832965415746,0.9846994979007055,0.0020458814845054794,183
89.46000170707703,3.7210956865260862,0.12450952529907226,0.0025627934723302156,0.6813047017599905,0.13690029126618083,7,9,900,0.5635937767480679,"{'colsample_bytree': np.float64(0.6813047017599905), 'learning_rate': np.float64(0.13690029126618083), 'max_depth': 7, 'min_child_weight': 9, 'n_estimators': 900, 'subsample': np.float64(0.5635937767480679)}",0.9838235294117647,0.9823529411764705,0.9845474613686535,0.9852832965415746,0.9852832965415746,0.9842581050080076,0.001095834626053422,204
66.24795818328857,2.6338539998671795,0.13106131553649902,0.00633377616556432,0.5298986055892149,0.245528931344893,9,2,600,0.9016472581224265,"{'colsample_bytree': np.float64(0.5298986055892149), 'learning_rate': np.float64(0.245528931344893), 'max_depth': 9, 'min_child_weight': 2, 'n_estimators': 600, 'subsample': np.float64(0.9016472581224265)}",0.9794117647058823,0.9816176470588235,0.9867549668874173,0.9845474613686535,0.9867549668874173,0.9838173613816388,0.0028996594068143276,217
69.09880695343017,1.3844867923448854,0.14089274406433105,0.01666619607074461,0.40365654437554155,0.19796984289484718,1,4,600,0.8668940505699103,"{'colsample_bytree': np.float64(0.40365654437554155), 'learning_rate': np.float64(0.19796984289484718), 'max_depth': 1, 'min_child_weight': 4, 'n_estimators': 600, 'subsample': np.float64(0.8668940505699103)}",0.9838235294117647,0.9838235294117647,0.9830757910228108,0.9889624724061811,0.9889624724061811,0.9857295589317404,0.002653746040710844,123
80.21560525894165,3.9186554168368164,0.11873459815979004,0.002074418033027329,0.8830109334221372,0.2937993192475016,9,2,400,0.7122864877307229,"{'colsample_bytree': np.float64(0.8830109334221372), 'learning_rate': np.float64(0.2937993192475016), 'max_depth': 9, 'min_child_weight': 2, 'n_estimators': 400, 'subsample': np.float64(0.7122864877307229)}",0.9860294117647059,0.9823529411764705,0.9874908020603385,0.9867549668874173,0.9867549668874173,0.9858766177552699,0.0018214405292469149,109
82.84832763671875,4.1992642268264415,0.12066817283630371,0.0037205345360769287,0.7109915771070643,0.21898346987051584,2,10,1000,0.9668013502297503,"{'colsample_bytree': np.float64(0.7109915771070643), 'learning_rate': np.float64(0.21898346987051584), 'max_depth': 2, 'min_child_weight': 10, 'n_estimators': 1000, 'subsample': np.float64(0.9668013502297503)}",0.9904411764705883,0.9860294117647059,0.9867549668874173,0.9896983075791023,0.986019131714496,0.987788598883262,0.001896170015690686,17
96.08969469070435,7.630396799238097,0.13135838508605957,0.002321360631341675,0.5696634895750645,0.13025196259725183,4,3,800,0.5299302126546231,"{'colsample_bytree': np.float64(0.5696634895750645), 'learning_rate': np.float64(0.13025196259725183), 'max_depth': 4, 'min_child_weight': 3, 'n_estimators': 800, 'subsample': np.float64(0.5299302126546231)}",0.9860294117647059,0.9852941176470589,0.9904341427520236,0.9882266372332598,0.986019131714496,0.9872006882223088,0.001892658196743547,33
52.02526206970215,3.627809403585754,0.1374141216278076,0.005346579816467381,0.22169635606490684,0.10400089226003208,6,7,900,0.7701603981248542,"{'colsample_bytree': np.float64(0.22169635606490684), 'learning_rate': np.float64(0.10400089226003208), 'max_depth': 6, 'min_child_weight': 7, 'n_estimators': 900, 'subsample': np.float64(0.7701603981248542)}",0.9860294117647059,0.9852941176470589,0.9867549668874173,0.9874908020603385,0.9845474613686535,0.9860233519456347,0.0010391094880744915,102
97.25942711830139,2.939974217108759,0.12226948738098145,0.002712494688033781,0.9493732706631618,0.2077278867400102,9,2,200,0.45956821021538435,"{'colsample_bytree': np.float64(0.9493732706631618), 'learning_rate': np.float64(0.2077278867400102), 'max_depth': 9, 'min_child_weight': 2, 'n_estimators': 200, 'subsample': np.float64(0.45956821021538435)}",0.9889705882352942,0.986764705882353,0.9882266372332598,0.986019131714496,0.9830757910228108,0.9866113708176428,0.002051807773655196,75
166.36084060668946,20.529528953884057,0.14020013809204102,0.01860280497282483,0.9728281609720739,0.19941061038140193,3,1,1500,0.7646984012292807,"{'colsample_bytree': np.float64(0.9728281609720739), 'learning_rate': np.float64(0.19941061038140193), 'max_depth': 3, 'min_child_weight': 1, 'n_estimators': 1500, 'subsample': np.float64(0.7646984012292807)}",0.9911764705882353,0.9889705882352942,0.9896983075791023,0.9896983075791023,0.9889624724061811,0.9897012292775831,0.0008069636974510949,1
233.22952303886413,3.4906640528946324,0.17714600563049315,0.01015930726215403,0.3925425061075173,0.02114337367709307,5,7,500,0.7916741902032944,"{'colsample_bytree': np.float64(0.3925425061075173), 'learning_rate': np.float64(0.02114337367709307), 'max_depth': 5, 'min_child_weight': 7, 'n_estimators': 500, 'subsample': np.float64(0.7916741902032944)}",0.9845588235294118,0.9830882352941176,0.9874908020603385,0.986019131714496,0.9838116261957321,0.9849937237588191,0.0015814070106578697,168
44.30464091300964,1.718216746443358,0.11527323722839355,0.0076275322354873235,0.6715529862432075,0.2986368746265874,5,9,1500,0.6797864637137838,"{'colsample_bytree': np.float64(0.6715529862432075), 'learning_rate': np.float64(0.2986368746265874), 'max_depth': 5, 'min_child_weight': 9, 'n_estimators': 1500, 'subsample': np.float64(0.6797864637137838)}",0.9845588235294118,0.9830882352941176,0.9845474613686535,0.9874908020603385,0.9830757910228108,0.9845522226550665,0.0016098710830511967,192
39.08392786979675,0.3570643965732208,0.12238492965698242,0.0036182668833999424,0.31998303280144247,0.05610117925720072,6,6,100,0.4829097708091683,"{'colsample_bytree': np.float64(0.31998303280144247), 'learning_rate': np.float64(0.05610117925720072), 'max_depth': 6, 'min_child_weight': 6, 'n_estimators': 100, 'subsample': np.float64(0.4829097708091683)}",0.9764705882352941,0.9735294117647059,0.9816041206769683,0.9801324503311258,0.9771891096394407,0.977785136129507,0.0028386264476705034,243
67.65165872573853,0.6723397220067706,0.1457228660583496,0.013612747273392348,0.27692412551204815,0.11693029949167957,6,1,200,0.9027669444992823,"{'colsample_bytree': np.float64(0.27692412551204815), 'learning_rate': np.float64(0.11693029949167957), 'max_depth': 6, 'min_child_weight': 1, 'n_estimators': 200, 'subsample': np.float64(0.9027669444992823)}",0.9852941176470589,0.9838235294117647,0.9867549668874173,0.9882266372332598,0.9852832965415746,0.985876509544215,0.0014967028343162445,111
24.615047407150268,2.772597697232868,0.1218301773071289,0.006107537277180246,0.18648856710456677,0.29317324485388474,3,1,800,0.6706955287125569,"{'colsample_bytree': np.float64(0.18648856710456677), 'learning_rate': np.float64(0.29317324485388474), 'max_depth': 3, 'min_child_weight': 1, 'n_estimators': 800, 'subsample': np.float64(0.6706955287125569)}",0.9889705882352942,0.9875,0.9874908020603385,0.9896983075791023,0.9882266372332598,0.988377267021599,0.0008573546646577615,7
25.696195125579834,1.2195379423010422,0.13594789505004884,0.0045705181303637476,0.11798889886788287,0.13809616716216516,8,3,1000,0.5907899076363856,"{'colsample_bytree': np.float64(0.11798889886788287), 'learning_rate': np.float64(0.13809616716216516), 'max_depth': 8, 'min_child_weight': 3, 'n_estimators': 1000, 'subsample': np.float64(0.5907899076363856)}",0.9889705882352942,0.986764705882353,0.9852832965415746,0.9889624724061811,0.986019131714496,0.9872000389559797,0.0015165074808935813,38
185.1450180530548,5.043458581239685,0.1496213436126709,0.004257092865443656,0.472836695063203,0.028602773941147464,3,4,500,0.5592336945636672,"{'colsample_bytree': np.float64(0.472836695063203), 'learning_rate': np.float64(0.028602773941147464), 'max_depth': 3, 'min_child_weight': 4, 'n_estimators': 500, 'subsample': np.float64(0.5592336945636672)}",0.9838235294117647,0.9838235294117647,0.9867549668874173,0.9852832965415746,0.9838116261957321,0.9846993896896507,0.0011737743651650681,184
273.21001229286196,2.7721271128513987,0.17163925170898436,0.0034535478558611965,0.5709232481200297,0.037242748119948085,2,5,1100,0.5666311367686194,"{'colsample_bytree': np.float64(0.5709232481200297), 'learning_rate': np.float64(0.037242748119948085), 'max_depth': 2, 'min_child_weight': 5, 'n_estimators': 1100, 'subsample': np.float64(0.5666311367686194)}",0.9860294117647059,0.9860294117647059,0.9852832965415746,0.9896983075791023,0.9874908020603385,0.9869062459420854,0.0015690095695149882,50
17.222952795028686,3.0874075052305896,0.11963367462158203,0.003225576004366368,0.10842103437087935,0.254279203103642,1,1,700,0.5736436557683207,"{'colsample_bytree': np.float64(0.10842103437087935), 'learning_rate': np.float64(0.254279203103642), 'max_depth': 1, 'min_child_weight': 1, 'n_estimators': 700, 'subsample': np.float64(0.5736436557683207)}",0.9860294117647059,0.9845588235294118,0.9852832965415746,0.9867549668874173,0.9874908020603385,0.9860234601566896,0.0010374230003277708,97
24.55576753616333,2.069563468002312,0.11942906379699707,0.005963243798575175,0.2648722258064051,0.18008875109492412,9,9,1400,0.4028172857155283,"{'colsample_bytree': np.float64(0.2648722258064051), 'learning_rate': np.float64(0.18008875109492412), 'max_depth': 9, 'min_child_weight': 9, 'n_estimators': 1400, 'subsample': np.float64(0.4028172857155283)}",0.9852941176470589,0.9816176470588235,0.9845474613686535,0.9904341427520236,0.9830757910228108,0.984993831969874,0.002998796599842856,165
249.3729947566986,20.637502280112578,0.1489473819732666,0.004171713676879275,0.7100348831166071,0.08830231222572779,3,1,900,0.8536640163190246,"{'colsample_bytree': np.float64(0.7100348831166071), 'learning_rate': np.float64(0.08830231222572779), 'max_depth': 3, 'min_child_weight': 1, 'n_estimators': 900, 'subsample': np.float64(0.8536640163190246)}",0.9889705882352942,0.9875,0.9882266372332598,0.9904341427520236,0.9882266372332598,0.9886716010907675,0.0009964518257416502,4
47.54680209159851,3.573280048736491,0.11768755912780762,0.004031478644354938,0.45648844788102605,0.2698511323776323,9,5,400,0.971649406910191,"{'colsample_bytree': np.float64(0.45648844788102605), 'learning_rate': np.float64(0.2698511323776323), 'max_depth': 9, 'min_child_weight': 5, 'n_estimators': 400, 'subsample': np.float64(0.971649406910191)}",0.9808823529411764,0.9808823529411764,0.9867549668874173,0.9882266372332598,0.9852832965415746,0.9844059213089208,0.003023796973593399,196
44.98728342056275,4.237382377537849,0.11866483688354493,0.0051392902057276445,0.5024128407558647,0.25545851501662703,7,10,1400,0.8052634487201416,"{'colsample_bytree': np.float64(0.5024128407558647), 'learning_rate': np.float64(0.25545851501662703), 'max_depth': 7, 'min_child_weight': 10, 'n_estimators': 1400, 'subsample': np.float64(0.8052634487201416)}",0.9830882352941176,0.9823529411764705,0.9845474613686535,0.9882266372332598,0.9830757910228108,0.9842582132190625,0.002108510649715995,201
115.02061581611633,9.27649894819753,0.162721586227417,0.023768458830809303,0.3248166480894803,0.10083331626432576,10,1,1300,0.7958010472416477,"{'colsample_bytree': np.float64(0.3248166480894803), 'learning_rate': np.float64(0.10083331626432576), 'max_depth': 10, 'min_child_weight': 1, 'n_estimators': 1300, 'subsample': np.float64(0.7958010472416477)}",0.9830882352941176,0.9845588235294118,0.986019131714496,0.9845474613686535,0.9874908020603385,0.9851408907934035,0.0014965123092489266,156
230.66231422424318,2.115847436857547,0.16419968605041504,0.015690705536953876,0.5798856285249834,0.07685457681683565,9,1,500,0.7638359284767546,"{'colsample_bytree': np.float64(0.5798856285249834), 'learning_rate': np.float64(0.07685457681683565), 'max_depth': 9, 'min_child_weight': 1, 'n_estimators': 500, 'subsample': np.float64(0.7638359284767546)}",0.9830882352941176,0.9830882352941176,0.9896983075791023,0.9889624724061811,0.9882266372332598,0.9866127775613556,0.0029151638301100047,64
32.02165064811707,3.1512281821856445,0.1497493267059326,0.010796465961023584,0.11727387847840018,0.09745669683561929,8,9,900,0.770809257399305,"{'colsample_bytree': np.float64(0.11727387847840018), 'learning_rate': np.float64(0.09745669683561929), 'max_depth': 8, 'min_child_weight': 9, 'n_estimators': 900, 'subsample': np.float64(0.770809257399305)}",0.9882352941176471,0.9852941176470589,0.986019131714496,0.9874908020603385,0.9830757910228108,0.9860230273124703,0.0018036636798952309,107
114.32479305267334,1.604130771979616,0.14241766929626465,0.004806006223095425,0.4858918308511896,0.049287478624510564,7,10,200,0.7445951493097474,"{'colsample_bytree': np.float64(0.4858918308511896), 'learning_rate': np.float64(0.049287478624510564), 'max_depth': 7, 'min_child_weight': 10, 'n_estimators': 200, 'subsample': np.float64(0.7445951493097474)}",0.9808823529411764,0.9808823529411764,0.9874908020603385,0.9845474613686535,0.9830757910228108,0.9833757520668313,0.002483167097261182,227
82.78202505111695,4.511126151066507,0.13364005088806152,0.01606833858468975,0.6878807378714202,0.19910994830048978,4,3,400,0.6205371220287379,"{'colsample_bytree': np.float64(0.6878807378714202), 'learning_rate': np.float64(0.19910994830048978), 'max_depth': 4, 'min_child_weight': 3, 'n_estimators': 400, 'subsample': np.float64(0.6205371220287379)}",0.986764705882353,0.9838235294117647,0.9852832965415746,0.9911699779249448,0.9874908020603385,0.9869064623641952,0.0024770246504341596,47
34.48598232269287,3.3445377549219417,0.12042579650878907,0.003578492479505685,0.49227843273906413,0.2686577729545449,6,8,1200,0.4601361323873807,"{'colsample_bytree': np.float64(0.49227843273906413), 'learning_rate': np.float64(0.2686577729545449), 'max_depth': 6, 'min_child_weight': 8, 'n_estimators': 1200, 'subsample': np.float64(0.4601361323873807)}",0.986764705882353,0.9838235294117647,0.9874908020603385,0.9874908020603385,0.9845474613686535,0.9860234601566896,0.0015410319565130476,97
86.37085347175598,7.6199716661049655,0.1215928077697754,0.0019397178480611947,0.9275343523702062,0.21712997686924232,6,9,300,0.7049892691473345,"{'colsample_bytree': np.float64(0.9275343523702062), 'learning_rate': np.float64(0.21712997686924232), 'max_depth': 6, 'min_child_weight': 9, 'n_estimators': 300, 'subsample': np.float64(0.7049892691473345)}",0.9845588235294118,0.9860294117647059,0.9852832965415746,0.986019131714496,0.9838116261957321,0.9851404579491841,0.0008586968921220432,163
22.780638694763184,1.2673289546870992,0.12474203109741211,0.0039807595539935,0.2501627617436497,0.23592479568662034,5,6,1400,0.483983551295921,"{'colsample_bytree': np.float64(0.2501627617436497), 'learning_rate': np.float64(0.23592479568662034), 'max_depth': 5, 'min_child_weight': 6, 'n_estimators': 1400, 'subsample': np.float64(0.483983551295921)}",0.986764705882353,0.9838235294117647,0.9889624724061811,0.986019131714496,0.9845474613686535,0.9860234601566896,0.001800306899872196,97
15.50059986114502,0.8232997674373733,0.12502765655517578,0.003866707245029448,0.12990014673955955,0.2949467383493061,8,4,1500,0.8332333596822088,"{'colsample_bytree': np.float64(0.12990014673955955), 'learning_rate': np.float64(0.2949467383493061), 'max_depth': 8, 'min_child_weight': 4, 'n_estimators': 1500, 'subsample': np.float64(0.8332333596822088)}",0.9852941176470589,0.986764705882353,0.9830757910228108,0.9882266372332598,0.986019131714496,0.9858760766999957,0.0017038507912719987,120
69.41479420661926,3.384670485847915,0.12669868469238282,0.017337980678208388,0.8797440933357663,0.2929012364508369,8,8,1400,0.8379943374544347,"{'colsample_bytree': np.float64(0.8797440933357663), 'learning_rate': np.float64(0.2929012364508369), 'max_depth': 8, 'min_child_weight': 8, 'n_estimators': 1400, 'subsample': np.float64(0.8379943374544347)}",0.9830882352941176,0.9845588235294118,0.9845474613686535,0.9882266372332598,0.9852832965415746,0.9851408907934035,0.0016997920972234449,156
34.64887933731079,1.9280636998764242,0.14611005783081055,0.021242006064162735,0.2544667095352965,0.1611006157991975,2,6,900,0.5076941565507135,"{'colsample_bytree': np.float64(0.2544667095352965), 'learning_rate': np.float64(0.1611006157991975), 'max_depth': 2, 'min_child_weight': 6, 'n_estimators': 900, 'subsample': np.float64(0.5076941565507135)}",0.9875,0.9875,0.9838116261957321,0.9889624724061811,0.9867549668874173,0.9869058130978662,0.00170485840024078,56
68.87600350379944,7.754394190027366,0.14833950996398926,0.017664753340357654,0.25388793881481836,0.14440078344150006,6,1,1500,0.8226486411541196,"{'colsample_bytree': np.float64(0.25388793881481836), 'learning_rate': np.float64(0.14440078344150006), 'max_depth': 6, 'min_child_weight': 1, 'n_estimators': 1500, 'subsample': np.float64(0.8226486411541196)}",0.9882352941176471,0.986764705882353,0.9882266372332598,0.9896983075791023,0.986019131714496,0.9877888153053715,0.0012820118748215856,16
44.86252307891846,0.9688666476342029,0.1541154384613037,0.004117128925793368,0.12865503657817706,0.057761305384394696,9,9,500,0.5427356928247051,"{'colsample_bytree': np.float64(0.12865503657817706), 'learning_rate': np.float64(0.057761305384394696), 'max_depth': 9, 'min_child_weight': 9, 'n_estimators': 500, 'subsample': np.float64(0.5427356928247051)}",0.9889705882352942,0.986764705882353,0.9852832965415746,0.9882266372332598,0.9838116261957321,0.9866113708176426,0.0018868415561414187,76
135.11912093162536,12.011695865691157,0.12437496185302735,0.003171284669017877,0.9407925981323144,0.18805012723010983,4,3,1500,0.850506547377059,"{'colsample_bytree': np.float64(0.9407925981323144), 'learning_rate': np.float64(0.18805012723010983), 'max_depth': 4, 'min_child_weight': 3, 'n_estimators': 1500, 'subsample': np.float64(0.850506547377059)}",0.9904411764705883,0.9860294117647059,0.9896983075791023,0.9919058130978661,0.9874908020603385,0.9891131021945203,0.0020998326222277197,3
115.40010638237,14.313579231251968,0.1255565643310547,0.006792163159608508,0.9680407910104878,0.17073030617448767,5,3,600,0.5312496242420631,"{'colsample_bytree': np.float64(0.9680407910104878), 'learning_rate': np.float64(0.17073030617448767), 'max_depth': 5, 'min_child_weight': 3, 'n_estimators': 600, 'subsample': np.float64(0.5312496242420631)}",0.9875,0.9882352941176471,0.9845474613686535,0.9882266372332598,0.9852832965415746,0.986758537852227,0.0015460328015597694,63
71.56787095069885,2.553376720271484,0.16200947761535645,0.017937473335516582,0.6126161811172642,0.14111162015969345,6,8,800,0.4348174961943254,"{'colsample_bytree': np.float64(0.6126161811172642), 'learning_rate': np.float64(0.14111162015969345), 'max_depth': 6, 'min_child_weight': 8, 'n_estimators': 800, 'subsample': np.float64(0.4348174961943254)}",0.9852941176470589,0.9852941176470589,0.9867549668874173,0.9867549668874173,0.9838116261957321,0.9855819590529368,0.0011001525834791312,138
78.28825531005859,1.9008288708330638,0.13231759071350097,0.01672673950537438,0.4909749630023087,0.10042080577828974,3,4,200,0.7254992650062384,"{'colsample_bytree': np.float64(0.4909749630023087), 'learning_rate': np.float64(0.10042080577828974), 'max_depth': 3, 'min_child_weight': 4, 'n_estimators': 200, 'subsample': np.float64(0.7254992650062384)}",0.9882352941176471,0.9830882352941176,0.9904341427520236,0.9889624724061811,0.986019131714496,0.987347855256893,0.002562404154396644,27
131.5742893218994,13.368223505912185,0.1416940212249756,0.018134018507169454,0.869152222279643,0.22571201813983843,3,1,1200,0.7219475266652333,"{'colsample_bytree': np.float64(0.869152222279643), 'learning_rate': np.float64(0.22571201813983843), 'max_depth': 3, 'min_child_weight': 1, 'n_estimators': 1200, 'subsample': np.float64(0.7219475266652333)}",0.9919117647058824,0.9889705882352942,0.9889624724061811,0.9889624724061811,0.9889624724061811,0.989553954031944,0.0011789095272907203,2
25.905179595947267,0.3128651212966786,0.11730551719665527,0.018186187021868444,0.9070041637363079,0.2971982947450443,1,7,100,0.5579934260422904,"{'colsample_bytree': np.float64(0.9070041637363079), 'learning_rate': np.float64(0.2971982947450443), 'max_depth': 1, 'min_child_weight': 7, 'n_estimators': 100, 'subsample': np.float64(0.5579934260422904)}",0.9713235294117647,0.9727941176470588,0.9713024282560706,0.9764532744665195,0.9742457689477557,0.9732238237458338,0.001947370045398188,245
16.451673364639284,1.6803828794401003,0.12438931465148925,0.00445300732720635,0.11858589951915582,0.22992980961248102,4,4,900,0.7874707591011395,"{'colsample_bytree': np.float64(0.11858589951915582), 'learning_rate': np.float64(0.22992980961248102), 'max_depth': 4, 'min_child_weight': 4, 'n_estimators': 900, 'subsample': np.float64(0.7874707591011395)}",0.9852941176470589,0.9860294117647059,0.9823399558498896,0.9882266372332598,0.9874908020603385,0.9858761849110506,0.002049332154593008,118
53.913352489471436,1.5176895237341073,0.13031811714172364,0.016972143040649694,0.39221467485981887,0.1607162461609001,1,4,900,0.5641252208893814,"{'colsample_bytree': np.float64(0.39221467485981887), 'learning_rate': np.float64(0.1607162461609001), 'max_depth': 1, 'min_child_weight': 4, 'n_estimators': 900, 'subsample': np.float64(0.5641252208893814)}",0.9830882352941176,0.9852941176470589,0.9816041206769683,0.9882266372332598,0.9896983075791023,0.9855822836861015,0.0030352382557213555,134
103.35803399085998,1.1758473124573687,0.12358646392822266,0.003620934609387293,0.8182421505213073,0.06383442384872613,5,8,100,0.6900451699592516,"{'colsample_bytree': np.float64(0.8182421505213073), 'learning_rate': np.float64(0.06383442384872613), 'max_depth': 5, 'min_child_weight': 8, 'n_estimators': 100, 'subsample': np.float64(0.6900451699592516)}",0.9786764705882353,0.9764705882352941,0.9838116261957321,0.9823399558498896,0.9742457689477557,0.9791088819633813,0.0035595809688993515,241
191.0202105998993,1.3304309538379,0.17820281982421876,0.004202461694451534,0.8098654847788329,0.07653813199660316,7,5,300,0.710920428358398,"{'colsample_bytree': np.float64(0.8098654847788329), 'learning_rate': np.float64(0.07653813199660316), 'max_depth': 7, 'min_child_weight': 5, 'n_estimators': 300, 'subsample': np.float64(0.710920428358398)}",0.9823529411764705,0.9845588235294118,0.9882266372332598,0.9882266372332598,0.9823399558498896,0.9851409990044584,0.0026457650707418226,155
18.57070646286011,0.3777307690432053,0.1413743019104004,0.019722814218189163,0.12309644624907842,0.07016632187792173,9,6,100,0.528928442050347,"{'colsample_bytree': np.float64(0.12309644624907842), 'learning_rate': np.float64(0.07016632187792173), 'max_depth': 9, 'min_child_weight': 6, 'n_estimators': 100, 'subsample': np.float64(0.528928442050347)}",0.9794117647058823,0.9816176470588235,0.9808682855040471,0.986019131714496,0.9801324503311258,0.9816098558628749,0.0023240495982317826,239
30.37386202812195,1.845714241948325,0.13767452239990235,0.017357191616311756,0.26781239754040465,0.24419827796904833,8,5,1500,0.8301158087155562,"{'colsample_bytree': np.float64(0.26781239754040465), 'learning_rate': np.float64(0.24419827796904833), 'max_depth': 8, 'min_child_weight': 5, 'n_estimators': 1500, 'subsample': np.float64(0.8301158087155562)}",0.9830882352941176,0.9845588235294118,0.9867549668874173,0.9874908020603385,0.9889624724061811,0.9861710600354933,0.002096557377448796,88
54.83711938858032,3.980072802796238,0.12426466941833496,0.0026635780897369694,0.4564537325265644,0.1739721804389676,6,3,400,0.4989753208520544,"{'colsample_bytree': np.float64(0.4564537325265644), 'learning_rate': np.float64(0.1739721804389676), 'max_depth': 6, 'min_child_weight': 3, 'n_estimators': 400, 'subsample': np.float64(0.4989753208520544)}",0.9845588235294118,0.9845588235294118,0.986019131714496,0.9896983075791023,0.9838116261957321,0.9857293425096308,0.002109716887766689,125
25.478168630599974,0.2786005959869193,0.13679542541503906,0.01966808839268891,0.2123497517410774,0.2194033920967971,3,8,200,0.9422318438475601,"{'colsample_bytree': np.float64(0.2123497517410774), 'learning_rate': np.float64(0.2194033920967971), 'max_depth': 3, 'min_child_weight': 8, 'n_estimators': 200, 'subsample': np.float64(0.9422318438475601)}",0.9882352941176471,0.9838235294117647,0.986019131714496,0.9904341427520236,0.9852832965415746,0.9867590789075011,0.002325003737197722,62
30.262624406814574,2.582787521894218,0.1367701530456543,0.01314511349096268,0.1750801918978167,0.1701358162774979,1,4,1100,0.5721490259803628,"{'colsample_bytree': np.float64(0.1750801918978167), 'learning_rate': np.float64(0.1701358162774979), 'max_depth': 1, 'min_child_weight': 4, 'n_estimators': 1100, 'subsample': np.float64(0.5721490259803628)}",0.9845588235294118,0.9830882352941176,0.9838116261957321,0.9889624724061811,0.9911699779249448,0.9863182270700775,0.0031731030676659454,79
444.8227134227753,8.83874537261093,0.1954277992248535,0.020126463712886712,0.7095369748045842,0.028281104004119255,7,7,800,0.8019499279545461,"{'colsample_bytree': np.float64(0.7095369748045842), 'learning_rate': np.float64(0.028281104004119255), 'max_depth': 7, 'min_child_weight': 7, 'n_estimators': 800, 'subsample': np.float64(0.8019499279545461)}",0.9838235294117647,0.9852941176470589,0.9867549668874173,0.9874908020603385,0.9845474613686535,0.9855821754750466,0.0013612304514037505,135
167.89683928489686,9.621419752119309,0.13583989143371583,0.0035529575107128434,0.806637620820824,0.09170173066864522,7,9,1000,0.6913765575607738,"{'colsample_bytree': np.float64(0.806637620820824), 'learning_rate': np.float64(0.09170173066864522), 'max_depth': 7, 'min_child_weight': 9, 'n_estimators': 1000, 'subsample': np.float64(0.6913765575607738)}",0.9845588235294118,0.9845588235294118,0.9867549668874173,0.9889624724061811,0.986019131714496,0.9861708436133835,0.0016342965042222008,90
92.72408909797669,6.077358555368106,0.11853270530700684,0.002326327452428866,0.9797456257700021,0.26418652114181135,10,3,1300,0.6731012891160024,"{'colsample_bytree': np.float64(0.9797456257700021), 'learning_rate': np.float64(0.26418652114181135), 'max_depth': 10, 'min_child_weight': 3, 'n_estimators': 1300, 'subsample': np.float64(0.6731012891160024)}",0.9897058823529412,0.9830882352941176,0.9874908020603385,0.9889624724061811,0.9852832965415746,0.9869061377310306,0.0024338819678073813,54
130.478591299057,4.490334459030877,0.12592835426330568,0.0009966036508116645,0.8909827675997237,0.152757790036496,5,5,1300,0.7782687621200747,"{'colsample_bytree': np.float64(0.8909827675997237), 'learning_rate': np.float64(0.152757790036496), 'max_depth': 5, 'min_child_weight': 5, 'n_estimators': 1300, 'subsample': np.float64(0.7782687621200747)}",0.9852941176470589,0.9875,0.9896983075791023,0.9874908020603385,0.9882266372332598,0.9876419729039518,0.001423079612033445,18
240.00097012519836,22.910656056878455,0.14318528175354003,0.006706941627555638,0.8868591699624523,0.09497588250726104,2,6,1000,0.8639956057663419,"{'colsample_bytree': np.float64(0.8868591699624523), 'learning_rate': np.float64(0.09497588250726104), 'max_depth': 2, 'min_child_weight': 6, 'n_estimators': 1000, 'subsample': np.float64(0.8639956057663419)}",0.986764705882353,0.9860294117647059,0.9867549668874173,0.9904341427520236,0.9889624724061811,0.9877891399385362,0.0016485370025502227,14
86.61152768135071,5.203177861546065,0.12003908157348633,0.0007853852602051851,0.9768327974715095,0.2600698354315821,8,4,700,0.6870221842239929,"{'colsample_bytree': np.float64(0.9768327974715095), 'learning_rate': np.float64(0.2600698354315821), 'max_depth': 8, 'min_child_weight': 4, 'n_estimators': 700, 'subsample': np.float64(0.6870221842239929)}",0.9852941176470589,0.9845588235294118,0.986019131714496,0.9904341427520236,0.9830757910228108,0.9858764013331601,0.002478381022903631,114
72.71803035736085,4.564074044135666,0.13396162986755372,0.01574401773496475,0.5476522289487964,0.19544702975562983,1,4,900,0.6569342992698448,"{'colsample_bytree': np.float64(0.5476522289487964), 'learning_rate': np.float64(0.19544702975562983), 'max_depth': 1, 'min_child_weight': 4, 'n_estimators': 900, 'subsample': np.float64(0.6569342992698448)}",0.9830882352941176,0.9845588235294118,0.9823399558498896,0.9889624724061811,0.9867549668874173,0.9851408907934035,0.002433399314405374,156
86.27952079772949,3.213252397149598,0.1348742961883545,0.0036483088730240995,0.3680576366995507,0.126328379052002,2,5,500,0.91731491045301,"{'colsample_bytree': np.float64(0.3680576366995507), 'learning_rate': np.float64(0.126328379052002), 'max_depth': 2, 'min_child_weight': 5, 'n_estimators': 500, 'subsample': np.float64(0.91731491045301)}",0.9875,0.9860294117647059,0.9852832965415746,0.9896983075791023,0.9867549668874173,0.98705319655456,0.0015143228148105199,43
82.09799933433533,4.648555750596367,0.12358522415161133,0.004552738936066721,0.9756275401208173,0.28864205083827005,9,5,700,0.6443447028482844,"{'colsample_bytree': np.float64(0.9756275401208173), 'learning_rate': np.float64(0.28864205083827005), 'max_depth': 9, 'min_child_weight': 5, 'n_estimators': 700, 'subsample': np.float64(0.6443447028482844)}",0.9875,0.9838235294117647,0.986019131714496,0.9830757910228108,0.9823399558498896,0.9845516815997921,0.0019207384322224566,195
127.66875529289246,6.050148508636039,0.19748287200927733,0.02430270846602897,0.3090107279538485,0.04842141407981506,3,2,1100,0.40685647517501866,"{'colsample_bytree': np.float64(0.3090107279538485), 'learning_rate': np.float64(0.04842141407981506), 'max_depth': 3, 'min_child_weight': 2, 'n_estimators': 1100, 'subsample': np.float64(0.40685647517501866)}",0.9897058823529412,0.986764705882353,0.9867549668874173,0.9889624724061811,0.9874908020603385,0.9879357659178462,0.0011959179903707322,13
72.31334443092346,1.467493455028907,0.11625161170959472,0.004030214404789778,0.7935226736524986,0.05261452716610877,2,2,100,0.8032286844123486,"{'colsample_bytree': np.float64(0.7935226736524986), 'learning_rate': np.float64(0.05261452716610877), 'max_depth': 2, 'min_child_weight': 2, 'n_estimators': 100, 'subsample': np.float64(0.8032286844123486)}",0.9514705882352941,0.9470588235294117,0.9536423841059603,0.9529065489330389,0.9573215599705666,0.9524799809548543,0.0033281180924009043,249
56.55065894126892,3.105499760261791,0.1452312469482422,0.016429391722397064,0.32083048886756027,0.13195644533722856,7,4,300,0.627420263262291,"{'colsample_bytree': np.float64(0.32083048886756027), 'learning_rate': np.float64(0.13195644533722856), 'max_depth': 7, 'min_child_weight': 4, 'n_estimators': 300, 'subsample': np.float64(0.627420263262291)}",0.9845588235294118,0.9838235294117647,0.9867549668874173,0.9896983075791023,0.9867549668874173,0.9863181188590227,0.0020555021162888365,80
60.79784083366394,6.56972513343156,0.16959471702575685,0.045572619608294944,0.1868946488447123,0.08428047745026655,1,9,1400,0.6927607413923061,"{'colsample_bytree': np.float64(0.1868946488447123), 'learning_rate': np.float64(0.08428047745026655), 'max_depth': 1, 'min_child_weight': 9, 'n_estimators': 1400, 'subsample': np.float64(0.6927607413923061)}",0.9838235294117647,0.9816176470588235,0.9808682855040471,0.9874908020603385,0.9874908020603385,0.9842582132190625,0.002812557939152162,201
70.75773706436158,5.0182408640775655,0.12532601356506348,0.0028111690887870798,0.5126630970129855,0.1621318600189059,9,7,500,0.6279561735400723,"{'colsample_bytree': np.float64(0.5126630970129855), 'learning_rate': np.float64(0.1621318600189059), 'max_depth': 9, 'min_child_weight': 7, 'n_estimators': 500, 'subsample': np.float64(0.6279561735400723)}",0.9860294117647059,0.9875,0.9845474613686535,0.9896983075791023,0.9852832965415746,0.9866116954508073,0.0018265278372765047,73
25.27679944038391,1.6684171248699853,0.1465987205505371,0.019388326575284946,0.26303586556321273,0.23867819856889042,7,5,800,0.5239567642451617,"{'colsample_bytree': np.float64(0.26303586556321273), 'learning_rate': np.float64(0.23867819856889042), 'max_depth': 7, 'min_child_weight': 5, 'n_estimators': 800, 'subsample': np.float64(0.5239567642451617)}",0.9860294117647059,0.9860294117647059,0.9852832965415746,0.9874908020603385,0.986019131714496,0.9861704107691642,0.0007201460415080251,93
72.07990598678589,2.612680225810075,0.12706990242004396,0.013433853933397836,0.8625477902566403,0.20759414743805335,10,4,800,0.40581290247807755,"{'colsample_bytree': np.float64(0.8625477902566403), 'learning_rate': np.float64(0.20759414743805335), 'max_depth': 10, 'min_child_weight': 4, 'n_estimators': 800, 'subsample': np.float64(0.40581290247807755)}",0.9882352941176471,0.9801470588235294,0.986019131714496,0.9874908020603385,0.9816041206769683,0.9846992814785958,0.0032354513959032146,187
89.76143527030945,1.2032306496157217,0.12715425491333007,0.018685864888418686,0.902844692273196,0.04870491077859504,1,9,400,0.42676738075246845,"{'colsample_bytree': np.float64(0.902844692273196), 'learning_rate': np.float64(0.04870491077859504), 'max_depth': 1, 'min_child_weight': 9, 'n_estimators': 400, 'subsample': np.float64(0.42676738075246845)}",0.9698529411764706,0.9632352941176471,0.9646799116997793,0.9683590875643856,0.9668874172185431,0.9666029303553652,0.0023986065052334416,246
461.9400949001312,4.373866335028688,0.1831594944000244,0.017163491177928737,0.8198162961135562,0.03231736962612349,8,1,400,0.6930460359642339,"{'colsample_bytree': np.float64(0.8198162961135562), 'learning_rate': np.float64(0.03231736962612349), 'max_depth': 8, 'min_child_weight': 1, 'n_estimators': 400, 'subsample': np.float64(0.6930460359642339)}",0.9801470588235294,0.9823529411764705,0.986019131714496,0.9838116261957321,0.9838116261957321,0.9832284768211921,0.0019354369357368081,229
187.27352485656738,15.073794512078443,0.1676020622253418,0.020601347641348577,0.47311073663450776,0.060492466145868354,10,3,1400,0.7060101113909502,"{'colsample_bytree': np.float64(0.47311073663450776), 'learning_rate': np.float64(0.060492466145868354), 'max_depth': 10, 'min_child_weight': 3, 'n_estimators': 1400, 'subsample': np.float64(0.7060101113909502)}",0.9830882352941176,0.9823529411764705,0.9874908020603385,0.9896983075791023,0.9852832965415746,0.9855827165303207,0.0027321207101605916,131
66.25020713806153,4.9003318564694665,0.12373647689819336,0.001282381394167862,0.5825597452331068,0.207603828075113,4,3,500,0.5954108598500892,"{'colsample_bytree': np.float64(0.5825597452331068), 'learning_rate': np.float64(0.207603828075113), 'max_depth': 4, 'min_child_weight': 3, 'n_estimators': 500, 'subsample': np.float64(0.5954108598500892)}",0.9852941176470589,0.986764705882353,0.9845474613686535,0.9882266372332598,0.9882266372332598,0.986611911872917,0.001499103698497651,69
63.20058093070984,1.1726759470716375,0.14942288398742676,0.004287079530717254,0.23231250539992113,0.05636231947144833,5,2,300,0.45535610224415995,"{'colsample_bytree': np.float64(0.23231250539992113), 'learning_rate': np.float64(0.05636231947144833), 'max_depth': 5, 'min_child_weight': 2, 'n_estimators': 300, 'subsample': np.float64(0.45535610224415995)}",0.9852941176470589,0.9838235294117647,0.9882266372332598,0.986019131714496,0.986019131714496,0.985876509544215,0.0014225111646546144,111
392.02582211494445,4.112581200045954,0.1820744514465332,0.014001858141514384,0.9194902501541172,0.03406180682029683,10,8,1100,0.4560756738664704,"{'colsample_bytree': np.float64(0.9194902501541172), 'learning_rate': np.float64(0.03406180682029683), 'max_depth': 10, 'min_child_weight': 8, 'n_estimators': 1100, 'subsample': np.float64(0.4560756738664704)}",0.9845588235294118,0.9845588235294118,0.986019131714496,0.986019131714496,0.9830757910228108,0.9848463403021253,0.0011000959897686032,179
78.97380628585816,4.309599494567436,0.13795552253723145,0.015500193773729506,0.4836752922909149,0.14723399544425603,4,7,1500,0.8540671856421336,"{'colsample_bytree': np.float64(0.4836752922909149), 'learning_rate': np.float64(0.14723399544425603), 'max_depth': 4, 'min_child_weight': 7, 'n_estimators': 1500, 'subsample': np.float64(0.8540671856421336)}",0.986764705882353,0.9852941176470589,0.986019131714496,0.9874908020603385,0.986019131714496,0.9863175778037483,0.000748597288752641,86
190.03010187149047,17.721494003854158,0.13802781105041503,0.002956972240286321,0.6724549499024272,0.07960587928011575,1,8,1500,0.6748832963560257,"{'colsample_bytree': np.float64(0.6724549499024272), 'learning_rate': np.float64(0.07960587928011575), 'max_depth': 1, 'min_child_weight': 8, 'n_estimators': 1500, 'subsample': np.float64(0.6748832963560257)}",0.9845588235294118,0.9830882352941176,0.9793966151582045,0.9896983075791023,0.9882266372332598,0.9849937237588193,0.0036805566872692703,167
57.33059291839599,2.5547606427508542,0.1282780647277832,0.015425624504895829,0.6318857487913164,0.2587395668161308,7,6,1200,0.7730070944536529,"{'colsample_bytree': np.float64(0.6318857487913164), 'learning_rate': np.float64(0.2587395668161308), 'max_depth': 7, 'min_child_weight': 6, 'n_estimators': 1200, 'subsample': np.float64(0.7730070944536529)}",0.9830882352941176,0.9852941176470589,0.9867549668874173,0.9874908020603385,0.9867549668874173,0.9858766177552699,0.0015660758916697071,109
317.01366009712217,32.55823650852018,0.1671156883239746,0.02070059147592063,0.876720354994315,0.05571335996363071,3,6,1200,0.7773390634370203,"{'colsample_bytree': np.float64(0.876720354994315), 'learning_rate': np.float64(0.05571335996363071), 'max_depth': 3, 'min_child_weight': 6, 'n_estimators': 1200, 'subsample': np.float64(0.7773390634370203)}",0.9882352941176471,0.9860294117647059,0.9882266372332598,0.9896983075791023,0.9882266372332598,0.9880832575855949,0.0011739590871336768,11
418.0153998851776,10.767027468320634,0.21705660820007325,0.015500624887770858,0.4585908327577094,0.02818675608677025,3,2,1300,0.8453427867590098,"{'colsample_bytree': np.float64(0.4585908327577094), 'learning_rate': np.float64(0.02818675608677025), 'max_depth': 3, 'min_child_weight': 2, 'n_estimators': 1300, 'subsample': np.float64(0.8453427867590098)}",0.9882352941176471,0.9882352941176471,0.9889624724061811,0.9896983075791023,0.9874908020603385,0.9885244340561833,0.0007490601517670766,5
100.54218449592591,1.7883375521517655,0.14142413139343263,0.01791753766446347,0.37628745036635136,0.04473369123829128,1,9,900,0.6407557004821652,"{'colsample_bytree': np.float64(0.37628745036635136), 'learning_rate': np.float64(0.04473369123829128), 'max_depth': 1, 'min_child_weight': 9, 'n_estimators': 900, 'subsample': np.float64(0.6407557004821652)}",0.9772058823529411,0.9764705882352941,0.9764532744665195,0.9793966151582045,0.9793966151582045,0.9777845950742329,0.0013439608959594756,244
337.11153388023376,9.427484905929601,0.16278386116027832,0.004057328584533342,0.9363622755724426,0.038888329764168686,4,6,1200,0.43357949700966875,"{'colsample_bytree': np.float64(0.9363622755724426), 'learning_rate': np.float64(0.038888329764168686), 'max_depth': 4, 'min_child_weight': 6, 'n_estimators': 1200, 'subsample': np.float64(0.43357949700966875)}",0.9875,0.986764705882353,0.9874908020603385,0.9882266372332598,0.9845474613686535,0.9869059213089211,0.0012666160131565066,55
31.37455897331238,0.2828577568773557,0.13755078315734864,0.004792147852795184,0.17787924117944923,0.0787802551552263,4,7,300,0.40936363866809694,"{'colsample_bytree': np.float64(0.17787924117944923), 'learning_rate': np.float64(0.0787802551552263), 'max_depth': 4, 'min_child_weight': 7, 'n_estimators': 300, 'subsample': np.float64(0.40936363866809694)}",0.9845588235294118,0.9830882352941176,0.9852832965415746,0.9867549668874173,0.9838116261957321,0.9846993896896507,0.0012625407859143394,184
262.8646362781525,4.555228422087759,0.21609482765197754,0.045988512054635014,0.48591615024841406,0.02974148145266886,10,5,700,0.5519147162337111,"{'colsample_bytree': np.float64(0.48591615024841406), 'learning_rate': np.float64(0.02974148145266886), 'max_depth': 10, 'min_child_weight': 5, 'n_estimators': 700, 'subsample': np.float64(0.5519147162337111)}",0.9838235294117647,0.9838235294117647,0.9882266372332598,0.9874908020603385,0.9823399558498896,0.9851408907934035,0.0022960850433299393,156
241.9856512069702,1.2635035608019523,0.25420536994934084,0.006241288360261405,0.217949708093732,0.013490504640319739,4,9,1500,0.6245939179823324,"{'colsample_bytree': np.float64(0.217949708093732), 'learning_rate': np.float64(0.013490504640319739), 'max_depth': 4, 'min_child_weight': 9, 'n_estimators': 1500, 'subsample': np.float64(0.6245939179823324)}",0.9845588235294118,0.9838235294117647,0.9867549668874173,0.9874908020603385,0.9830757910228108,0.9851407825823486,0.0017009529630964192,161
37.79456567764282,1.7636535656544354,0.14408669471740723,0.005423870171719103,0.14109367779008058,0.09991961559099541,10,8,600,0.7840144931796631,"{'colsample_bytree': np.float64(0.14109367779008058), 'learning_rate': np.float64(0.09991961559099541), 'max_depth': 10, 'min_child_weight': 8, 'n_estimators': 600, 'subsample': np.float64(0.7840144931796631)}",0.9860294117647059,0.9845588235294118,0.9867549668874173,0.9896983075791023,0.9845474613686535,0.9863177942258581,0.001893684833737235,84
75.5456980228424,4.746216504717553,0.14108734130859374,0.010151568615460084,0.4312921617833807,0.10069845577432203,7,9,800,0.5476379109945787,"{'colsample_bytree': np.float64(0.4312921617833807), 'learning_rate': np.float64(0.10069845577432203), 'max_depth': 7, 'min_child_weight': 9, 'n_estimators': 800, 'subsample': np.float64(0.5476379109945787)}",0.9875,0.9830882352941176,0.9882266372332598,0.9838116261957321,0.9867549668874173,0.9858762931221055,0.0020478635218720673,115
78.70859775543212,3.2213107136901575,0.1283543586730957,0.007411598459435204,0.6992732058032689,0.16001946998866373,3,10,1200,0.5722309119517779,"{'colsample_bytree': np.float64(0.6992732058032689), 'learning_rate': np.float64(0.16001946998866373), 'max_depth': 3, 'min_child_weight': 10, 'n_estimators': 1200, 'subsample': np.float64(0.5722309119517779)}",0.9838235294117647,0.9852941176470589,0.9838116261957321,0.9852832965415746,0.9838116261957321,0.9844048391983726,0.0007216963162069006,199
168.0973889350891,7.75579080687537,0.14861626625061036,0.016897041133885085,0.735917235645681,0.13030849210673356,5,2,600,0.9549801471719153,"{'colsample_bytree': np.float64(0.735917235645681), 'learning_rate': np.float64(0.13030849210673356), 'max_depth': 5, 'min_child_weight': 2, 'n_estimators': 600, 'subsample': np.float64(0.9549801471719153)}",0.9823529411764705,0.986764705882353,0.9874908020603385,0.986019131714496,0.9852832965415746,0.9855821754750466,0.0017747927841556118,135
69.93173451423645,3.778608348777147,0.1729884147644043,0.018058611901316163,0.14140657979856724,0.07746182792063198,5,2,800,0.9912948565859785,"{'colsample_bytree': np.float64(0.14140657979856724), 'learning_rate': np.float64(0.07746182792063198), 'max_depth': 5, 'min_child_weight': 2, 'n_estimators': 800, 'subsample': np.float64(0.9912948565859785)}",0.9889705882352942,0.9852941176470589,0.9896983075791023,0.9904341427520236,0.9845474613686535,0.9877889235164264,0.002398766224218865,15
75.36554236412049,7.281964232674745,0.11760239601135254,0.0036022204104508696,0.9720745342033166,0.2724350202094788,8,6,1200,0.544927411896378,"{'colsample_bytree': np.float64(0.9720745342033166), 'learning_rate': np.float64(0.2724350202094788), 'max_depth': 8, 'min_child_weight': 6, 'n_estimators': 1200, 'subsample': np.float64(0.544927411896378)}",0.986764705882353,0.9838235294117647,0.9852832965415746,0.9852832965415746,0.9816041206769683,0.9845517898108472,0.001742774699461853,194
35.472532987594604,0.5420057041214337,0.1209794044494629,0.0011788359468356687,0.3054372489103342,0.1519577053619642,7,7,100,0.9500362115981091,"{'colsample_bytree': np.float64(0.3054372489103342), 'learning_rate': np.float64(0.1519577053619642), 'max_depth': 7, 'min_child_weight': 7, 'n_estimators': 100, 'subsample': np.float64(0.9500362115981091)}",0.9823529411764705,0.9823529411764705,0.9867549668874173,0.986019131714496,0.9830757910228108,0.984111154395533,0.0018912814017415232,210
26.55624613761902,2.0134718472999964,0.13118538856506348,0.015744033945421867,0.20243497635087504,0.19302640705560667,3,5,1000,0.5946429181789827,"{'colsample_bytree': np.float64(0.20243497635087504), 'learning_rate': np.float64(0.19302640705560667), 'max_depth': 3, 'min_child_weight': 5, 'n_estimators': 1000, 'subsample': np.float64(0.5946429181789827)}",0.9860294117647059,0.9838235294117647,0.9852832965415746,0.9882266372332598,0.9867549668874173,0.9860235683677445,0.001468105183596871,95
59.06491231918335,2.0871482071664333,0.12512965202331544,0.016073164440542593,0.7121039838643857,0.24070507638035266,5,8,400,0.5826810444263917,"{'colsample_bytree': np.float64(0.7121039838643857), 'learning_rate': np.float64(0.24070507638035266), 'max_depth': 5, 'min_child_weight': 8, 'n_estimators': 400, 'subsample': np.float64(0.5826810444263917)}",0.9860294117647059,0.9801470588235294,0.986019131714496,0.9838116261957321,0.9867549668874173,0.9845524390771763,0.002414122750462242,191
146.10515542030333,0.577762225480346,0.12526745796203614,0.0007405650951877406,0.8552702100327871,0.07894512954453523,3,4,200,0.7803986186467964,"{'colsample_bytree': np.float64(0.8552702100327871), 'learning_rate': np.float64(0.07894512954453523), 'max_depth': 3, 'min_child_weight': 4, 'n_estimators': 200, 'subsample': np.float64(0.7803986186467964)}",0.9860294117647059,0.9852941176470589,0.9874908020603385,0.986019131714496,0.9852832965415746,0.9860233519456347,0.0008041055943344718,102
67.91400337219238,4.48715775338548,0.13965582847595215,0.018577088287449604,0.8805604649162183,0.2826608099128825,5,2,800,0.4791112228977715,"{'colsample_bytree': np.float64(0.8805604649162183), 'learning_rate': np.float64(0.2826608099128825), 'max_depth': 5, 'min_child_weight': 2, 'n_estimators': 800, 'subsample': np.float64(0.4791112228977715)}",0.9860294117647059,0.9860294117647059,0.9874908020603385,0.9904341427520236,0.986019131714496,0.987200580011254,0.0017134320551236016,35
51.037557220458986,1.1781152706514204,0.11674799919128417,0.0020125899247180274,0.7371257164078914,0.21563091293388778,8,5,100,0.4914128234126383,"{'colsample_bytree': np.float64(0.7371257164078914), 'learning_rate': np.float64(0.21563091293388778), 'max_depth': 8, 'min_child_weight': 5, 'n_estimators': 100, 'subsample': np.float64(0.4914128234126383)}",0.9845588235294118,0.9852941176470589,0.9830757910228108,0.9852832965415746,0.9823399558498896,0.9841103969181493,0.0011985696184385296,214
218.08816556930543,10.919555321038981,0.16605939865112304,0.015351010956704565,0.47573773731641067,0.04807390525724425,10,10,1300,0.976154070624944,"{'colsample_bytree': np.float64(0.47573773731641067), 'learning_rate': np.float64(0.04807390525724425), 'max_depth': 10, 'min_child_weight': 10, 'n_estimators': 1300, 'subsample': np.float64(0.976154070624944)}",0.9801470588235294,0.9838235294117647,0.9867549668874173,0.9882266372332598,0.9845474613686535,0.9846999307449249,0.0027633603146137347,181
152.94746503829955,2.249911608993941,0.2520448684692383,0.017919230339419074,0.16519100271921758,0.015597175870810593,9,2,600,0.5552213932429008,"{'colsample_bytree': np.float64(0.16519100271921758), 'learning_rate': np.float64(0.015597175870810593), 'max_depth': 9, 'min_child_weight': 2, 'n_estimators': 600, 'subsample': np.float64(0.5552213932429008)}",0.9823529411764705,0.9823529411764705,0.9830757910228108,0.9867549668874173,0.9823399558498896,0.9833753192226118,0.001713139021372104,228
45.95938649177551,1.2506446565444758,0.13470258712768554,0.01637922964546778,0.29397593040809034,0.17817459553556664,10,3,900,0.6732664896700162,"{'colsample_bytree': np.float64(0.29397593040809034), 'learning_rate': np.float64(0.17817459553556664), 'max_depth': 10, 'min_child_weight': 3, 'n_estimators': 900, 'subsample': np.float64(0.6732664896700162)}",0.9852941176470589,0.986764705882353,0.986019131714496,0.9882266372332598,0.9889624724061811,0.9870534129766696,0.00136155592129303,40
103.74594187736511,7.871294209651876,0.13834848403930664,0.0019073978453486256,0.46154218184163875,0.08203990487406158,10,9,800,0.5666642041789063,"{'colsample_bytree': np.float64(0.46154218184163875), 'learning_rate': np.float64(0.08203990487406158), 'max_depth': 10, 'min_child_weight': 9, 'n_estimators': 800, 'subsample': np.float64(0.5666642041789063)}",0.9830882352941176,0.9860294117647059,0.9867549668874173,0.9882266372332598,0.9852832965415746,0.985876509544215,0.001699678881902681,111
149.98441681861877,1.5283899365254006,0.11933889389038085,0.0028466087213368583,0.9053768729602799,0.017691540253702964,4,7,100,0.9173911281015414,"{'colsample_bytree': np.float64(0.9053768729602799), 'learning_rate': np.float64(0.017691540253702964), 'max_depth': 4, 'min_child_weight': 7, 'n_estimators': 100, 'subsample': np.float64(0.9173911281015414)}",0.9522058823529411,0.9463235294117647,0.9529065489330389,0.9551140544518028,0.9514348785871964,0.9515969787473487,0.0029083020317672023,250
39.030811357498166,1.4750455540002896,0.1510561466217041,0.017133210190849783,0.1438212663779757,0.0835563320344786,7,4,300,0.7074709952554523,"{'colsample_bytree': np.float64(0.1438212663779757), 'learning_rate': np.float64(0.0835563320344786), 'max_depth': 7, 'min_child_weight': 4, 'n_estimators': 300, 'subsample': np.float64(0.7074709952554523)}",0.9860294117647059,0.9875,0.9852832965415746,0.9882266372332598,0.9830757910228108,0.9860230273124703,0.0018039284422856946,107
128.4542712688446,11.146493069189267,0.1417156219482422,0.01522906073766897,0.5595660162425621,0.12217987453452643,1,5,1400,0.8263170416334074,"{'colsample_bytree': np.float64(0.5595660162425621), 'learning_rate': np.float64(0.12217987453452643), 'max_depth': 1, 'min_child_weight': 5, 'n_estimators': 1400, 'subsample': np.float64(0.8263170416334074)}",0.9830882352941176,0.9852941176470589,0.9808682855040471,0.9882266372332598,0.9874908020603385,0.9849936155477643,0.0027359639284803747,169
55.75016770362854,3.129177342483542,0.13821349143981934,0.015245036620340758,0.2844313182637316,0.1090924533107723,2,8,1300,0.5636098707184705,"{'colsample_bytree': np.float64(0.2844313182637316), 'learning_rate': np.float64(0.1090924533107723), 'max_depth': 2, 'min_child_weight': 8, 'n_estimators': 1300, 'subsample': np.float64(0.5636098707184705)}",0.9875,0.986764705882353,0.9845474613686535,0.9889624724061811,0.9874908020603385,0.9870530883435051,0.001442109691141453,45
17.324338674545288,1.7638418847076327,0.12729268074035643,0.016719813623738887,0.23344177793286502,0.25832786328172846,7,7,700,0.40473046210506425,"{'colsample_bytree': np.float64(0.23344177793286502), 'learning_rate': np.float64(0.25832786328172846), 'max_depth': 7, 'min_child_weight': 7, 'n_estimators': 700, 'subsample': np.float64(0.40473046210506425)}",0.9816176470588235,0.9830882352941176,0.986019131714496,0.9845474613686535,0.9852832965415746,0.984111154395533,0.0015791517192000524,210
68.12261161804199,2.1180362074278167,0.1263733386993408,0.002107020770775634,0.435411162838896,0.16385579222320673,4,3,1300,0.7016257244614168,"{'colsample_bytree': np.float64(0.435411162838896), 'learning_rate': np.float64(0.16385579222320673), 'max_depth': 4, 'min_child_weight': 3, 'n_estimators': 1300, 'subsample': np.float64(0.7016257244614168)}",0.9882352941176471,0.9875,0.9889624724061811,0.9904341427520236,0.9867549668874173,0.9883773752326539,0.0012645010487945848,6
62.210215187072755,4.470499809985445,0.13410682678222657,0.004357500814231677,0.23826478363485543,0.13339721485493466,6,2,1200,0.9813184598524121,"{'colsample_bytree': np.float64(0.23826478363485543), 'learning_rate': np.float64(0.13339721485493466), 'max_depth': 6, 'min_child_weight': 2, 'n_estimators': 1200, 'subsample': np.float64(0.9813184598524121)}",0.9852941176470589,0.986764705882353,0.9867549668874173,0.9904341427520236,0.9852832965415746,0.9869062459420854,0.0018826522376002215,50
435.03671727180483,30.303731125349692,0.1953226089477539,0.015247299229699059,0.7218043528805145,0.03883075436480842,9,3,1000,0.8031742843574934,"{'colsample_bytree': np.float64(0.7218043528805145), 'learning_rate': np.float64(0.03883075436480842), 'max_depth': 9, 'min_child_weight': 3, 'n_estimators': 1000, 'subsample': np.float64(0.8031742843574934)}",0.9816176470588235,0.9845588235294118,0.9889624724061811,0.9882266372332598,0.9838116261957321,0.9854354412846817,0.002764471386660918,141
247.9735562801361,3.217568684214912,0.14322147369384766,0.02018380555105395,0.9539749186484566,0.010783932029115782,7,5,100,0.9832495045158547,"{'colsample_bytree': np.float64(0.9539749186484566), 'learning_rate': np.float64(0.010783932029115782), 'max_depth': 7, 'min_child_weight': 5, 'n_estimators': 100, 'subsample': np.float64(0.9832495045158547)}",0.9632352941176471,0.9558823529411765,0.9698307579102281,0.9676232523914643,0.9595290654893304,0.9632201445699693,0.005109893296303254,247
71.23745250701904,2.8392180896701014,0.11769661903381348,0.0011831704839739593,0.8504364108032978,0.27528929147789466,6,6,1200,0.8882071898211181,"{'colsample_bytree': np.float64(0.8504364108032978), 'learning_rate': np.float64(0.27528929147789466), 'max_depth': 6, 'min_child_weight': 6, 'n_estimators': 1200, 'subsample': np.float64(0.8882071898211181)}",0.9830882352941176,0.9875,0.9867549668874173,0.9889624724061811,0.9823399558498896,0.9857291260875212,0.0025730779723650934,129
115.08887796401977,1.2122876408197738,0.12894105911254883,0.005049045511058504,0.5588264769594258,0.10684981218307464,1,8,700,0.8840015951881665,"{'colsample_bytree': np.float64(0.5588264769594258), 'learning_rate': np.float64(0.10684981218307464), 'max_depth': 1, 'min_child_weight': 8, 'n_estimators': 700, 'subsample': np.float64(0.8840015951881665)}",0.9830882352941176,0.9823529411764705,0.9808682855040471,0.9838116261957321,0.986019131714496,0.9832280439769727,0.0017020311627227768,230
57.10215153694153,2.538316367224955,0.12242646217346191,0.0017627325682598714,0.5149061464144554,0.24977902195593304,6,2,400,0.5969819849735266,"{'colsample_bytree': np.float64(0.5149061464144554), 'learning_rate': np.float64(0.24977902195593304), 'max_depth': 6, 'min_child_weight': 2, 'n_estimators': 400, 'subsample': np.float64(0.5969819849735266)}",0.9860294117647059,0.9852941176470589,0.9852832965415746,0.9889624724061811,0.9882266372332598,0.986759187118556,0.0015404628860463583,60
65.9078336238861,8.274379960821145,0.13278660774230958,0.015320339876034499,0.46398244859667204,0.16794773364676432,1,8,1100,0.725277672147963,"{'colsample_bytree': np.float64(0.46398244859667204), 'learning_rate': np.float64(0.16794773364676432), 'max_depth': 1, 'min_child_weight': 8, 'n_estimators': 1100, 'subsample': np.float64(0.725277672147963)}",0.9845588235294118,0.9794117647058823,0.9816041206769683,0.9874908020603385,0.9882266372332598,0.984258429641172,0.0033710727227575883,200
31.031701183319093,1.7808915738191617,0.12950739860534669,0.012253456408816508,0.20882742502522064,0.20740219921373004,10,5,500,0.9518696864668951,"{'colsample_bytree': np.float64(0.20882742502522064), 'learning_rate': np.float64(0.20740219921373004), 'max_depth': 10, 'min_child_weight': 5, 'n_estimators': 500, 'subsample': np.float64(0.9518696864668951)}",0.9852941176470589,0.9860294117647059,0.9867549668874173,0.9904341427520236,0.986019131714496,0.9869063541531403,0.0018233874334568903,49
61.28940863609314,4.664041040137014,0.1589674949645996,0.013855236973946897,0.13243043568571256,0.06068388120667259,2,6,1000,0.7376698745788436,"{'colsample_bytree': np.float64(0.13243043568571256), 'learning_rate': np.float64(0.06068388120667259), 'max_depth': 2, 'min_child_weight': 6, 'n_estimators': 1000, 'subsample': np.float64(0.7376698745788436)}",0.9882352941176471,0.9860294117647059,0.9838116261957321,0.9896983075791023,0.9896983075791023,0.987494589447258,0.0022791381955253663,24
67.4258207321167,0.6004380752089907,0.12119441032409668,0.013757287207924573,0.9157188046307927,0.17823100482693577,2,5,100,0.9447253566125956,"{'colsample_bytree': np.float64(0.9157188046307927), 'learning_rate': np.float64(0.17823100482693577), 'max_depth': 2, 'min_child_weight': 5, 'n_estimators': 100, 'subsample': np.float64(0.9447253566125956)}",0.9816176470588235,0.9779411764705882,0.9845474613686535,0.9838116261957321,0.9830757910228108,0.9821987404233218,0.0023388727480488512,237
31.536045789718628,2.677131977136909,0.12356839179992676,0.0031778348879567806,0.24420741968812895,0.20172407833734884,8,7,300,0.8178778867915004,"{'colsample_bytree': np.float64(0.24420741968812895), 'learning_rate': np.float64(0.20172407833734884), 'max_depth': 8, 'min_child_weight': 7, 'n_estimators': 300, 'subsample': np.float64(0.8178778867915004)}",0.9875,0.9838235294117647,0.9867549668874173,0.9867549668874173,0.9845474613686535,0.9858761849110504,0.0014254958307861128,119
326.1632381916046,5.071544120272757,0.24575433731079102,0.01795970265369024,0.32265887998523834,0.02148850154806014,3,8,1500,0.9446397744910237,"{'colsample_bytree': np.float64(0.32265887998523834), 'learning_rate': np.float64(0.02148850154806014), 'max_depth': 3, 'min_child_weight': 8, 'n_estimators': 1500, 'subsample': np.float64(0.9446397744910237)}",0.9860294117647059,0.9852941176470589,0.9889624724061811,0.9874908020603385,0.9852832965415746,0.9866120200839716,0.0014239866165090946,68
61.117641830444335,7.080924923710202,0.13369526863098144,0.017024991532999113,0.7658955260461909,0.2704380835919832,4,8,1400,0.7138038335939334,"{'colsample_bytree': np.float64(0.7658955260461909), 'learning_rate': np.float64(0.2704380835919832), 'max_depth': 4, 'min_child_weight': 8, 'n_estimators': 1400, 'subsample': np.float64(0.7138038335939334)}",0.9882352941176471,0.9838235294117647,0.9838116261957321,0.986019131714496,0.986019131714496,0.9855817426308272,0.0016521852094549929,139
507.40496077537534,4.0982529654969335,0.2972103595733643,0.01174073853881962,0.3885087951881142,0.010898866914472177,6,4,1200,0.6269471049540771,"{'colsample_bytree': np.float64(0.3885087951881142), 'learning_rate': np.float64(0.010898866914472177), 'max_depth': 6, 'min_child_weight': 4, 'n_estimators': 1200, 'subsample': np.float64(0.6269471049540771)}",0.9845588235294118,0.9838235294117647,0.9867549668874173,0.9867549668874173,0.9830757910228108,0.9849936155477643,0.0015126740334116362,169
92.74832272529602,2.0855199200997503,0.12890706062316895,0.020559664353923736,0.9815742364019128,0.06065093176455168,2,6,100,0.9554212910260976,"{'colsample_bytree': np.float64(0.9815742364019128), 'learning_rate': np.float64(0.06065093176455168), 'max_depth': 2, 'min_child_weight': 6, 'n_estimators': 100, 'subsample': np.float64(0.9554212910260976)}",0.9602941176470589,0.9551470588235295,0.9529065489330389,0.9595290654893304,0.9617365710080942,0.9579226723802103,0.003335134158373665,248
76.28669934272766,5.312618026785313,0.15153722763061522,0.020330578226558232,0.3783261606833477,0.12693322958320372,4,5,500,0.7087076459792541,"{'colsample_bytree': np.float64(0.3783261606833477), 'learning_rate': np.float64(0.12693322958320372), 'max_depth': 4, 'min_child_weight': 5, 'n_estimators': 500, 'subsample': np.float64(0.7087076459792541)}",0.9882352941176471,0.9875,0.9882266372332598,0.9882266372332598,0.9852832965415746,0.9874943730251482,0.0011410763940534602,25
59.89164872169495,1.9494775882700375,0.13684329986572266,0.024182238618245075,0.43113482248333723,0.14239076846617005,6,10,900,0.612703632251042,"{'colsample_bytree': np.float64(0.43113482248333723), 'learning_rate': np.float64(0.14239076846617005), 'max_depth': 6, 'min_child_weight': 10, 'n_estimators': 900, 'subsample': np.float64(0.612703632251042)}",0.9830882352941176,0.9845588235294118,0.986019131714496,0.9889624724061811,0.9845474613686535,0.985435224862572,0.0019923346003095544,142
72.98671078681946,11.364253832107273,0.12981195449829103,0.014925397058319682,0.6913177967746,0.1991695962950423,2,6,1500,0.6111357977158256,"{'colsample_bytree': np.float64(0.6913177967746), 'learning_rate': np.float64(0.1991695962950423), 'max_depth': 2, 'min_child_weight': 6, 'n_estimators': 1500, 'subsample': np.float64(0.6111357977158256)}",0.9882352941176471,0.9852941176470589,0.9852832965415746,0.9904341427520236,0.9874908020603385,0.9873475306237285,0.001939762477980324,28
93.34491486549378,8.314074711465521,0.1426456928253174,0.019383658216342144,0.7492660011639573,0.19489898141392992,2,8,900,0.7384386162003591,"{'colsample_bytree': np.float64(0.7492660011639573), 'learning_rate': np.float64(0.19489898141392992), 'max_depth': 2, 'min_child_weight': 8, 'n_estimators': 900, 'subsample': np.float64(0.7384386162003591)}",0.9852941176470589,0.9852941176470589,0.9816041206769683,0.9904341427520236,0.9838116261957321,0.9852876249837683,0.0029063208993095886,149
340.4116063594818,5.419918707642823,0.16936025619506836,0.01961214475284209,0.9612396775789989,0.0429109154082243,10,10,700,0.4886113469240244,"{'colsample_bytree': np.float64(0.9612396775789989), 'learning_rate': np.float64(0.0429109154082243), 'max_depth': 10, 'min_child_weight': 10, 'n_estimators': 700, 'subsample': np.float64(0.4886113469240244)}",0.9852941176470589,0.9852941176470589,0.9845474613686535,0.9845474613686535,0.9845474613686535,0.9848461238800157,0.0003657853790677484,180
76.59456210136413,0.7211042583473547,0.14652252197265625,0.006296435511514813,0.1563724027538288,0.08015149421843058,1,1,1200,0.9226495434630672,"{'colsample_bytree': np.float64(0.1563724027538288), 'learning_rate': np.float64(0.08015149421843058), 'max_depth': 1, 'min_child_weight': 1, 'n_estimators': 1200, 'subsample': np.float64(0.9226495434630672)}",0.9838235294117647,0.9845588235294118,0.9838116261957321,0.9845474613686535,0.9874908020603385,0.9848464485131802,0.0013624938783699417,178
57.166944646835326,3.7946549124827915,0.15934276580810547,0.025779579348343216,0.26146906288613997,0.13565083253400728,2,8,800,0.9644689955479668,"{'colsample_bytree': np.float64(0.26146906288613997), 'learning_rate': np.float64(0.13565083253400728), 'max_depth': 2, 'min_child_weight': 8, 'n_estimators': 800, 'subsample': np.float64(0.9644689955479668)}",0.986764705882353,0.986764705882353,0.9852832965415746,0.9889624724061811,0.9874908020603385,0.98705319655456,0.0011946407533762972,43
25.250397634506225,0.5706665126205039,0.1397411823272705,0.018835412891460915,0.14725735069996762,0.18290122490520483,5,3,800,0.6282011101165439,"{'colsample_bytree': np.float64(0.14725735069996762), 'learning_rate': np.float64(0.18290122490520483), 'max_depth': 5, 'min_child_weight': 3, 'n_estimators': 800, 'subsample': np.float64(0.6282011101165439)}",0.9897058823529412,0.9845588235294118,0.9852832965415746,0.9882266372332598,0.9852832965415746,0.9866115872397524,0.0019962765308070224,74
19.974764394760133,0.7391247530864532,0.13183979988098143,0.0173082219820615,0.23302780902754516,0.20863098721823223,7,7,500,0.40535875900354085,"{'colsample_bytree': np.float64(0.23302780902754516), 'learning_rate': np.float64(0.20863098721823223), 'max_depth': 7, 'min_child_weight': 7, 'n_estimators': 500, 'subsample': np.float64(0.40535875900354085)}",0.9816176470588235,0.9808823529411764,0.9823399558498896,0.9852832965415746,0.9838116261957321,0.9827869757174392,0.0015796373288436316,233
24.376970720291137,2.488142073901424,0.14619383811950684,0.025325404992830286,0.1812096815407217,0.18956301188851712,7,4,900,0.5014152436774968,"{'colsample_bytree': np.float64(0.1812096815407217), 'learning_rate': np.float64(0.18956301188851712), 'max_depth': 7, 'min_child_weight': 4, 'n_estimators': 900, 'subsample': np.float64(0.5014152436774968)}",0.9875,0.9823529411764705,0.9823399558498896,0.9867549668874173,0.986019131714496,0.9849933991256545,0.002211383081488759,174
672.6187654972076,5.3407403315451045,0.215269136428833,0.01707481149530324,0.8736227527776593,0.02697512744831205,5,2,900,0.687852322118247,"{'colsample_bytree': np.float64(0.8736227527776593), 'learning_rate': np.float64(0.02697512744831205), 'max_depth': 5, 'min_child_weight': 2, 'n_estimators': 900, 'subsample': np.float64(0.687852322118247)}",0.986764705882353,0.9875,0.9882266372332598,0.9904341427520236,0.9852832965415746,0.9876417564818422,0.001702419015362063,21
57.688728189468385,6.210105559624267,0.17349085807800294,0.040570846205086546,0.5575513503101922,0.2905051987087342,5,2,1100,0.690223876854414,"{'colsample_bytree': np.float64(0.5575513503101922), 'learning_rate': np.float64(0.2905051987087342), 'max_depth': 5, 'min_child_weight': 2, 'n_estimators': 1100, 'subsample': np.float64(0.690223876854414)}",0.9860294117647059,0.9845588235294118,0.9874908020603385,0.9867549668874173,0.9882266372332598,0.9866121282950265,0.0012613269660293137,66
191.83147463798522,5.511973149462285,0.1608973979949951,0.005995842985045843,0.5124331106499841,0.07822622474987445,10,2,600,0.914053148241789,"{'colsample_bytree': np.float64(0.5124331106499841), 'learning_rate': np.float64(0.07822622474987445), 'max_depth': 10, 'min_child_weight': 2, 'n_estimators': 600, 'subsample': np.float64(0.914053148241789)}",0.9823529411764705,0.9823529411764705,0.9896983075791023,0.986019131714496,0.9845474613686535,0.9849941566030385,0.002732441577644886,164
55.55539345741272,2.6207879093829787,0.13245697021484376,0.018999533299217206,0.45970063489130286,0.1206051744949574,3,3,200,0.4420253140867868,"{'colsample_bytree': np.float64(0.45970063489130286), 'learning_rate': np.float64(0.1206051744949574), 'max_depth': 3, 'min_child_weight': 3, 'n_estimators': 200, 'subsample': np.float64(0.4420253140867868)}",0.9852941176470589,0.9845588235294118,0.9838116261957321,0.9896983075791023,0.9867549668874173,0.9860235683677445,0.002078889897696727,95
117.45950961112976,3.9515295410248608,0.13396735191345216,0.017304578037890095,0.8401660645201213,0.1994921367229547,2,7,1000,0.8999894845710796,"{'colsample_bytree': np.float64(0.8401660645201213), 'learning_rate': np.float64(0.1994921367229547), 'max_depth': 2, 'min_child_weight': 7, 'n_estimators': 1000, 'subsample': np.float64(0.8999894845710796)}",0.986764705882353,0.9845588235294118,0.986019131714496,0.9904341427520236,0.9874908020603385,0.9870535211877247,0.0019491900364967784,39
157.84647564888002,5.565053388023784,0.14555826187133789,0.015618377022800623,0.7982228969397859,0.09153436014877606,4,3,600,0.45113983617671205,"{'colsample_bytree': np.float64(0.7982228969397859), 'learning_rate': np.float64(0.09153436014877606), 'max_depth': 4, 'min_child_weight': 3, 'n_estimators': 600, 'subsample': np.float64(0.45113983617671205)}",0.9889705882352942,0.9860294117647059,0.986019131714496,0.9896983075791023,0.986019131714496,0.9873473142016188,0.001638730772323282,32
623.2209493637085,7.868573302964324,0.2091820240020752,0.005781495815841603,0.6991099578984654,0.018594097257787354,8,7,800,0.9203002954631195,"{'colsample_bytree': np.float64(0.6991099578984654), 'learning_rate': np.float64(0.018594097257787354), 'max_depth': 8, 'min_child_weight': 7, 'n_estimators': 800, 'subsample': np.float64(0.9203002954631195)}",0.9794117647058823,0.9852941176470589,0.9867549668874173,0.9874908020603385,0.9830757910228108,0.9844054884647016,0.0029166502338241417,197
23.773358726501463,1.3948185828112247,0.1586219310760498,0.04923325681482705,0.12627121136402195,0.16512588792885435,2,4,1400,0.6190599262360059,"{'colsample_bytree': np.float64(0.12627121136402195), 'learning_rate': np.float64(0.16512588792885435), 'max_depth': 2, 'min_child_weight': 4, 'n_estimators': 1400, 'subsample': np.float64(0.6190599262360059)}",0.9860294117647059,0.9860294117647059,0.9852832965415746,0.9874908020603385,0.9874908020603385,0.9864647448383327,0.0008809581935097148,77
180.949223947525,5.523419380198694,0.20226545333862306,0.03999939013530881,0.27151022344606124,0.015545640260120036,5,6,400,0.8323165105576036,"{'colsample_bytree': np.float64(0.27151022344606124), 'learning_rate': np.float64(0.015545640260120036), 'max_depth': 5, 'min_child_weight': 6, 'n_estimators': 400, 'subsample': np.float64(0.8323165105576036)}",0.9772058823529411,0.9742647058823529,0.9823399558498896,0.9830757910228108,0.9801324503311258,0.979403757087824,0.0032825779770044956,240
114.8177414894104,10.380370656421963,0.14964475631713867,0.02790958998055539,0.6700733393473731,0.09913907396312266,3,10,1300,0.5328378677756633,"{'colsample_bytree': np.float64(0.6700733393473731), 'learning_rate': np.float64(0.09913907396312266), 'max_depth': 3, 'min_child_weight': 10, 'n_estimators': 1300, 'subsample': np.float64(0.5328378677756633)}",0.986764705882353,0.9816176470588235,0.9823399558498896,0.9867549668874173,0.9838116261957321,0.984257780374843,0.002161852185751554,207
91.31735591888427,8.439631769485029,0.1710451602935791,0.008848806073995063,0.19001265482939966,0.08686151252569978,10,1,1300,0.9137657077736692,"{'colsample_bytree': np.float64(0.19001265482939966), 'learning_rate': np.float64(0.08686151252569978), 'max_depth': 10, 'min_child_weight': 1, 'n_estimators': 1300, 'subsample': np.float64(0.9137657077736692)}",0.986764705882353,0.9816176470588235,0.986019131714496,0.9830757910228108,0.9830757910228108,0.9841106133402588,0.0019515760269357165,212
42.64022812843323,3.4081440823842026,0.14509835243225097,0.019967463746839893,0.24590823463794992,0.17230789768879992,6,1,600,0.49202132671560744,"{'colsample_bytree': np.float64(0.24590823463794992), 'learning_rate': np.float64(0.17230789768879992), 'max_depth': 6, 'min_child_weight': 1, 'n_estimators': 600, 'subsample': np.float64(0.49202132671560744)}",0.986764705882353,0.9875,0.9874908020603385,0.9889624724061811,0.9874908020603385,0.9876417564818423,0.0007182169145535332,20
36.942945909500125,0.9123677083437561,0.1399857521057129,0.012828317709948875,0.2796365279081029,0.1355654198215424,6,4,200,0.4422464986807686,"{'colsample_bytree': np.float64(0.2796365279081029), 'learning_rate': np.float64(0.1355654198215424), 'max_depth': 6, 'min_child_weight': 4, 'n_estimators': 200, 'subsample': np.float64(0.4422464986807686)}",0.9875,0.9838235294117647,0.9874908020603385,0.9874908020603385,0.9845474613686535,0.9861705189802189,0.0016368561726768708,92
122.03953862190247,6.027551571107291,0.15356950759887694,0.014567334041911966,0.4796600660377702,0.12261268503137993,6,2,1300,0.9270234972279965,"{'colsample_bytree': np.float64(0.4796600660377702), 'learning_rate': np.float64(0.12261268503137993), 'max_depth': 6, 'min_child_weight': 2, 'n_estimators': 1300, 'subsample': np.float64(0.9270234972279965)}",0.9860294117647059,0.9852941176470589,0.9882266372332598,0.9882266372332598,0.986019131714496,0.986759187118556,0.0012274772749641036,60
66.35510621070861,4.844241342405423,0.11984472274780274,0.0021970897242385326,0.7217062985408766,0.29633113955145074,3,2,1500,0.6735390625941597,"{'colsample_bytree': np.float64(0.7217062985408766), 'learning_rate': np.float64(0.29633113955145074), 'max_depth': 3, 'min_child_weight': 2, 'n_estimators': 1500, 'subsample': np.float64(0.6735390625941597)}",0.9845588235294118,0.9852941176470589,0.9874908020603385,0.9889624724061811,0.9852832965415746,0.986317902436913,0.0016481715387912249,82
157.72066226005555,8.880715770125267,0.13872313499450684,0.0031934252631994,0.6781165744271147,0.08366731700170359,7,9,900,0.6975821772240818,"{'colsample_bytree': np.float64(0.6781165744271147), 'learning_rate': np.float64(0.08366731700170359), 'max_depth': 7, 'min_child_weight': 9, 'n_estimators': 900, 'subsample': np.float64(0.6975821772240818)}",0.9852941176470589,0.9838235294117647,0.9882266372332598,0.986019131714496,0.9852832965415746,0.9857293425096307,0.00143812099425184,127
67.38122539520263,0.7796507073252854,0.12395033836364747,0.003189114244386158,0.7135659505624251,0.09042867867852061,5,7,100,0.4959071721125148,"{'colsample_bytree': np.float64(0.7135659505624251), 'learning_rate': np.float64(0.09042867867852061), 'max_depth': 5, 'min_child_weight': 7, 'n_estimators': 100, 'subsample': np.float64(0.4959071721125148)}",0.9808823529411764,0.9816176470588235,0.9845474613686535,0.9823399558498896,0.9816041206769683,0.9821983075791023,0.001261788340660685,238
13.915863180160523,0.9621561557279639,0.13248658180236816,0.017120463386166,0.1421257192409699,0.2915121184034835,10,5,1000,0.4488217593119832,"{'colsample_bytree': np.float64(0.1421257192409699), 'learning_rate': np.float64(0.2915121184034835), 'max_depth': 10, 'min_child_weight': 5, 'n_estimators': 1000, 'subsample': np.float64(0.4488217593119832)}",0.9860294117647059,0.9845588235294118,0.9830757910228108,0.9852832965415746,0.9823399558498896,0.9842574557416786,0.0013679281692095453,208
92.35278587341308,1.2884081217628418,0.11942014694213868,0.008963432693498079,0.8937068527871491,0.21868984577426356,1,2,300,0.8816152839380667,"{'colsample_bytree': np.float64(0.8937068527871491), 'learning_rate': np.float64(0.21868984577426356), 'max_depth': 1, 'min_child_weight': 2, 'n_estimators': 300, 'subsample': np.float64(0.8816152839380667)}",0.9823529411764705,0.9823529411764705,0.9823399558498896,0.986019131714496,0.986019131714496,0.9838168203263645,0.0017981859699958106,219
95.18168783187866,3.7323049242906765,0.12472968101501465,0.002216312126981901,0.8527276247333774,0.1304311845446931,7,8,1200,0.4197408007320109,"{'colsample_bytree': np.float64(0.8527276247333774), 'learning_rate': np.float64(0.1304311845446931), 'max_depth': 7, 'min_child_weight': 8, 'n_estimators': 1200, 'subsample': np.float64(0.4197408007320109)}",0.9845588235294118,0.9823529411764705,0.9838116261957321,0.986019131714496,0.9845474613686535,0.9842579967969527,0.0011920038833650407,206
238.19680471420287,4.615772380589507,0.16680574417114258,0.004094143900099048,0.4833513505849616,0.03722939589491974,3,5,800,0.675101900239867,"{'colsample_bytree': np.float64(0.4833513505849616), 'learning_rate': np.float64(0.03722939589491974), 'max_depth': 3, 'min_child_weight': 5, 'n_estimators': 800, 'subsample': np.float64(0.675101900239867)}",0.9860294117647059,0.9860294117647059,0.986019131714496,0.9882266372332598,0.986019131714496,0.9864647448383327,0.0008809581935097223,77
122.44224247932434,2.998447808332579,0.14729819297790528,0.01541952816746388,0.5001285590301707,0.10746965725596733,8,3,500,0.811286428611081,"{'colsample_bytree': np.float64(0.5001285590301707), 'learning_rate': np.float64(0.10746965725596733), 'max_depth': 8, 'min_child_weight': 3, 'n_estimators': 500, 'subsample': np.float64(0.811286428611081)}",0.9838235294117647,0.9830882352941176,0.9882266372332598,0.9882266372332598,0.9830757910228108,0.9852881660390427,0.002414484825521377,146
61.17097959518433,9.78374672832783,0.1464527130126953,0.022604172813746663,0.3079630458384791,0.16627186598459334,1,10,1100,0.9536539661352192,"{'colsample_bytree': np.float64(0.3079630458384791), 'learning_rate': np.float64(0.16627186598459334), 'max_depth': 1, 'min_child_weight': 10, 'n_estimators': 1100, 'subsample': np.float64(0.9536539661352192)}",0.9852941176470589,0.9838235294117647,0.9816041206769683,0.9882266372332598,0.986019131714496,0.9849935073367095,0.0022114335226298314,171
68.82607560157776,6.653323125640462,0.13457989692687988,0.006099406958668781,0.3646689961448495,0.14139733118017475,1,7,1300,0.7212809540818704,"{'colsample_bytree': np.float64(0.3646689961448495), 'learning_rate': np.float64(0.14139733118017475), 'max_depth': 1, 'min_child_weight': 7, 'n_estimators': 1300, 'subsample': np.float64(0.7212809540818704)}",0.9852941176470589,0.9845588235294118,0.9823399558498896,0.9874908020603385,0.9882266372332598,0.9855820672639917,0.0021108409693218933,137
44.42326250076294,4.126805578515074,0.1280566692352295,0.016746519831562872,0.4940328264621304,0.292747045560198,7,6,300,0.8908199834535031,"{'colsample_bytree': np.float64(0.4940328264621304), 'learning_rate': np.float64(0.292747045560198), 'max_depth': 7, 'min_child_weight': 6, 'n_estimators': 300, 'subsample': np.float64(0.8908199834535031)}",0.9838235294117647,0.9816176470588235,0.9867549668874173,0.9904341427520236,0.9845474613686535,0.9854355494957364,0.0029896650342688584,140
55.98120307922363,2.6670572259180574,0.15777244567871093,0.010758488050240026,0.19217238260717479,0.05535117117170927,10,10,800,0.42193659137783796,"{'colsample_bytree': np.float64(0.19217238260717479), 'learning_rate': np.float64(0.05535117117170927), 'max_depth': 10, 'min_child_weight': 10, 'n_estimators': 800, 'subsample': np.float64(0.42193659137783796)}",0.9875,0.9845588235294118,0.986019131714496,0.9874908020603385,0.9816041206769683,0.9854345755962429,0.0022034099784571707,145
50.00992932319641,5.659722075943241,0.12734036445617675,0.017456925063857962,0.46622973827165304,0.2645477286337547,2,4,600,0.7578598392097736,"{'colsample_bytree': np.float64(0.46622973827165304), 'learning_rate': np.float64(0.2645477286337547), 'max_depth': 2, 'min_child_weight': 4, 'n_estimators': 600, 'subsample': np.float64(0.7578598392097736)}",0.9882352941176471,0.9860294117647059,0.9845474613686535,0.9889624724061811,0.9889624724061811,0.9873474224126737,0.0017653341351560644,31
16.6639356136322,1.888895333070836,0.13083887100219727,0.019502080589313103,0.20577307861327387,0.29300632184137465,3,8,400,0.5502389277121437,"{'colsample_bytree': np.float64(0.20577307861327387), 'learning_rate': np.float64(0.29300632184137465), 'max_depth': 3, 'min_child_weight': 8, 'n_estimators': 400, 'subsample': np.float64(0.5502389277121437)}",0.9816176470588235,0.9860294117647059,0.9830757910228108,0.9874908020603385,0.9801324503311258,0.9836692204475609,0.00272927989714097,224
409.7835569858551,3.5799883908112777,0.2084120273590088,0.012171504570990163,0.5350541816821528,0.02159791255120792,9,4,600,0.8158916818085606,"{'colsample_bytree': np.float64(0.5350541816821528), 'learning_rate': np.float64(0.02159791255120792), 'max_depth': 9, 'min_child_weight': 4, 'n_estimators': 600, 'subsample': np.float64(0.8158916818085606)}",0.9823529411764705,0.9830882352941176,0.9874908020603385,0.9882266372332598,0.9845474613686535,0.985141215426568,0.0023401764751438928,154
87.58273320198059,7.151039026339468,0.1294802188873291,0.015079639901215927,0.7346327865751718,0.1828588471235356,2,4,800,0.6111617442974144,"{'colsample_bytree': np.float64(0.7346327865751718), 'learning_rate': np.float64(0.1828588471235356), 'max_depth': 2, 'min_child_weight': 4, 'n_estimators': 800, 'subsample': np.float64(0.6111617442974144)}",0.9889705882352942,0.9845588235294118,0.9874908020603385,0.9904341427520236,0.9867549668874173,0.987641864692897,0.001993834168814671,19
67.8408634185791,4.676022898317538,0.1532773494720459,0.03648801103731378,0.907788488184465,0.23329048401252575,5,5,700,0.45104008558869324,"{'colsample_bytree': np.float64(0.907788488184465), 'learning_rate': np.float64(0.23329048401252575), 'max_depth': 5, 'min_child_weight': 5, 'n_estimators': 700, 'subsample': np.float64(0.45104008558869324)}",0.986764705882353,0.9875,0.9830757910228108,0.9852832965415746,0.9838116261957321,0.9852870839284942,0.0016820921709732133,153
204.09295597076417,4.695177182435254,0.200767183303833,0.007861129567122625,0.3098563760607286,0.033597798433944295,8,4,1500,0.620575704031734,"{'colsample_bytree': np.float64(0.3098563760607286), 'learning_rate': np.float64(0.033597798433944295), 'max_depth': 8, 'min_child_weight': 4, 'n_estimators': 1500, 'subsample': np.float64(0.620575704031734)}",0.9845588235294118,0.9860294117647059,0.9874908020603385,0.9874908020603385,0.9845474613686535,0.9860234601566896,0.0013137696006753612,97
90.6365638256073,7.134527792799832,0.12490134239196778,0.004364289900963176,0.7536044647858791,0.20663722896148362,3,2,1300,0.609014051850411,"{'colsample_bytree': np.float64(0.7536044647858791), 'learning_rate': np.float64(0.20663722896148362), 'max_depth': 3, 'min_child_weight': 2, 'n_estimators': 1300, 'subsample': np.float64(0.609014051850411)}",0.986764705882353,0.986764705882353,0.9874908020603385,0.9889624724061811,0.9867549668874173,0.9873475306237285,0.0008554606718218394,28
33.93057470321655,1.1471821826870823,0.133172607421875,0.005006760761992107,0.17942341561509947,0.18464646129994028,8,1,500,0.6052825075643299,"{'colsample_bytree': np.float64(0.17942341561509947), 'learning_rate': np.float64(0.18464646129994028), 'max_depth': 8, 'min_child_weight': 1, 'n_estimators': 500, 'subsample': np.float64(0.6052825075643299)}",0.9845588235294118,0.9860294117647059,0.9823399558498896,0.9889624724061811,0.9874908020603385,0.9858762931221055,0.00229765073213222,115
61.78592252731323,6.192285883135498,0.13606710433959962,0.019996114407266747,0.7545249156959033,0.20236219801819,6,8,300,0.44803665600426024,"{'colsample_bytree': np.float64(0.7545249156959033), 'learning_rate': np.float64(0.20236219801819), 'max_depth': 6, 'min_child_weight': 8, 'n_estimators': 300, 'subsample': np.float64(0.44803665600426024)}",0.9845588235294118,0.9816176470588235,0.9816041206769683,0.9845474613686535,0.9838116261957321,0.9832279357659178,0.0013478063463602842,231
51.30522036552429,3.343067821877396,0.13494625091552734,0.030616410335880914,0.5654235486954429,0.22898079184714892,1,5,1000,0.5037708125626938,"{'colsample_bytree': np.float64(0.5654235486954429), 'learning_rate': np.float64(0.22898079184714892), 'max_depth': 1, 'min_child_weight': 5, 'n_estimators': 1000, 'subsample': np.float64(0.5037708125626938)}",0.9830882352941176,0.9830882352941176,0.9816041206769683,0.9852832965415746,0.9882266372332598,0.9842581050080076,0.0023056924698544915,204
22.68290219306946,0.17205993487063295,0.12871866226196288,0.017843546252813407,0.19648967088569141,0.2470283423238702,4,1,100,0.8399734805900356,"{'colsample_bytree': np.float64(0.19648967088569141), 'learning_rate': np.float64(0.2470283423238702), 'max_depth': 4, 'min_child_weight': 1, 'n_estimators': 100, 'subsample': np.float64(0.8399734805900356)}",0.9860294117647059,0.9823529411764705,0.9889624724061811,0.9882266372332598,0.9874908020603385,0.9866124529281912,0.002340216104421554,65
100.42644972801209,5.1469796745495024,0.13399477005004884,0.004543357755422692,0.4687535850676693,0.11831819410514825,2,7,1300,0.8423671478285008,"{'colsample_bytree': np.float64(0.4687535850676693), 'learning_rate': np.float64(0.11831819410514825), 'max_depth': 2, 'min_child_weight': 7, 'n_estimators': 1300, 'subsample': np.float64(0.8423671478285008)}",0.986764705882353,0.9860294117647059,0.9852832965415746,0.9911699779249448,0.986019131714496,0.9870533047656149,0.00211097546675977,41
20.10800371170044,0.9553952732647722,0.1268026351928711,0.002537139047039027,0.10463766784212092,0.2113057768970464,3,4,700,0.9311243646309038,"{'colsample_bytree': np.float64(0.10463766784212092), 'learning_rate': np.float64(0.2113057768970464), 'max_depth': 3, 'min_child_weight': 4, 'n_estimators': 700, 'subsample': np.float64(0.9311243646309038)}",0.9897058823529412,0.9852941176470589,0.9874908020603385,0.9889624724061811,0.9867549668874173,0.9876416482707875,0.0015700635163412371,22
164.19033851623536,12.127885667933144,0.13174052238464357,0.0036153262609170136,0.8603682252404564,0.1579371199808392,9,2,400,0.9622702251643106,"{'colsample_bytree': np.float64(0.8603682252404564), 'learning_rate': np.float64(0.1579371199808392), 'max_depth': 9, 'min_child_weight': 2, 'n_estimators': 400, 'subsample': np.float64(0.9622702251643106)}",0.9838235294117647,0.9808823529411764,0.9852832965415746,0.9889624724061811,0.9838116261957321,0.9845526554992858,0.002628010336102566,190
249.63605642318726,13.851038232711439,0.1469271659851074,0.009839123205207032,0.9309747768028375,0.09202268713106403,7,5,900,0.977918377156228,"{'colsample_bytree': np.float64(0.9309747768028375), 'learning_rate': np.float64(0.09202268713106403), 'max_depth': 7, 'min_child_weight': 5, 'n_estimators': 900, 'subsample': np.float64(0.977918377156228)}",0.9794117647058823,0.9830882352941176,0.9838116261957321,0.9889624724061811,0.9852832965415746,0.9841114790286977,0.00310256497787697,209
32.99718441963196,0.8309271769151405,0.13181090354919434,0.010226298749168016,0.2330212006588514,0.08450582666913403,9,3,100,0.5113107385139057,"{'colsample_bytree': np.float64(0.2330212006588514), 'learning_rate': np.float64(0.08450582666913403), 'max_depth': 9, 'min_child_weight': 3, 'n_estimators': 100, 'subsample': np.float64(0.5113107385139057)}",0.9816176470588235,0.9823529411764705,0.9823399558498896,0.9852832965415746,0.9816041206769683,0.9826395922607454,0.0013621818192768812,235
122.19749221801757,11.080307208365218,0.14403162002563477,0.014246848075154288,0.5794017287242247,0.10461819346831798,3,3,400,0.6598464694607611,"{'colsample_bytree': np.float64(0.5794017287242247), 'learning_rate': np.float64(0.10461819346831798), 'max_depth': 3, 'min_child_weight': 3, 'n_estimators': 400, 'subsample': np.float64(0.6598464694607611)}",0.986764705882353,0.9845588235294118,0.9889624724061811,0.9882266372332598,0.9874908020603385,0.9872006882223088,0.00151063897599387,33
43.075343418121335,2.7291384185438248,0.12972407341003417,0.013726635432735336,0.42161219171015896,0.2753415233915294,2,4,1300,0.7125248770909433,"{'colsample_bytree': np.float64(0.42161219171015896), 'learning_rate': np.float64(0.2753415233915294), 'max_depth': 2, 'min_child_weight': 4, 'n_estimators': 1300, 'subsample': np.float64(0.7125248770909433)}",0.9860294117647059,0.9860294117647059,0.986019131714496,0.9896983075791023,0.9867549668874173,0.9869062459420854,0.0014242992339614353,50
182.96307406425476,2.5347066240914504,0.163390588760376,0.02087095667382713,0.43839484379635363,0.0802089154028982,1,3,1300,0.9271602249510876,"{'colsample_bytree': np.float64(0.43839484379635363), 'learning_rate': np.float64(0.0802089154028982), 'max_depth': 1, 'min_child_weight': 3, 'n_estimators': 1300, 'subsample': np.float64(0.9271602249510876)}",0.9838235294117647,0.9830882352941176,0.9838116261957321,0.986019131714496,0.9874908020603385,0.9848466649352897,0.001647806164525416,177
172.11467337608337,9.415564009004962,0.13092727661132814,0.002643396804682475,0.9976925148021498,0.11523751905547994,8,6,700,0.6690215073387984,"{'colsample_bytree': np.float64(0.9976925148021498), 'learning_rate': np.float64(0.11523751905547994), 'max_depth': 8, 'min_child_weight': 6, 'n_estimators': 700, 'subsample': np.float64(0.6690215073387984)}",0.9852941176470589,0.9816176470588235,0.9889624724061811,0.9882266372332598,0.9845474613686535,0.9857296671427953,0.002652618047525388,122
83.72882471084594,5.1549729109483,0.1473170280456543,0.018163641567486788,0.6110614013297567,0.19013908173644586,3,3,1400,0.7766408537171707,"{'colsample_bytree': np.float64(0.6110614013297567), 'learning_rate': np.float64(0.19013908173644586), 'max_depth': 3, 'min_child_weight': 3, 'n_estimators': 1400, 'subsample': np.float64(0.7766408537171707)}",0.9897058823529412,0.9860294117647059,0.9874908020603385,0.9882266372332598,0.9867549668874173,0.9876415400597326,0.0012658230034215284,23
64.402952003479,1.5309089686048776,0.13132162094116212,0.006939058753274786,0.461285154374968,0.13084060950352616,4,9,300,0.5587717178138338,"{'colsample_bytree': np.float64(0.461285154374968), 'learning_rate': np.float64(0.13084060950352616), 'max_depth': 4, 'min_child_weight': 9, 'n_estimators': 300, 'subsample': np.float64(0.5587717178138338)}",0.9845588235294118,0.9830882352941176,0.9852832965415746,0.9867549668874173,0.9830757910228108,0.9845522226550665,0.0013935353680458954,192
186.52549681663513,10.799527640493574,0.14334511756896973,0.0036255800721189785,0.6179804994793546,0.06652129110975911,6,9,1200,0.8349964564259282,"{'colsample_bytree': np.float64(0.6179804994793546), 'learning_rate': np.float64(0.06652129110975911), 'max_depth': 6, 'min_child_weight': 9, 'n_estimators': 1200, 'subsample': np.float64(0.8349964564259282)}",0.9852941176470589,0.9845588235294118,0.9867549668874173,0.9882266372332598,0.9838116261957321,0.985729234298576,0.0015827544008514673,128
22.59287223815918,2.972921862860337,0.12078652381896973,0.0017806181379302717,0.24803957052439496,0.22698495079945327,8,9,900,0.4578705164184305,"{'colsample_bytree': np.float64(0.24803957052439496), 'learning_rate': np.float64(0.22698495079945327), 'max_depth': 8, 'min_child_weight': 9, 'n_estimators': 900, 'subsample': np.float64(0.4578705164184305)}",0.986764705882353,0.986764705882353,0.9852832965415746,0.986019131714496,0.9816041206769683,0.985287192139549,0.001921814758809103,152
128.8424868106842,14.349470011131665,0.13149104118347169,0.005256515892252816,0.8771235842742272,0.1742867710268572,9,6,800,0.9932494018556065,"{'colsample_bytree': np.float64(0.8771235842742272), 'learning_rate': np.float64(0.1742867710268572), 'max_depth': 9, 'min_child_weight': 6, 'n_estimators': 800, 'subsample': np.float64(0.9932494018556065)}",0.9838235294117647,0.9830882352941176,0.9838116261957321,0.9874908020603385,0.9838116261957321,0.9844051638315369,0.0015683326496766016,198
49.26542420387268,4.865876908909579,0.13544054031372071,0.01780376443074376,0.6166286556654867,0.2840352657483703,8,5,900,0.6909793870948423,"{'colsample_bytree': np.float64(0.6166286556654867), 'learning_rate': np.float64(0.2840352657483703), 'max_depth': 8, 'min_child_weight': 5, 'n_estimators': 900, 'subsample': np.float64(0.6909793870948423)}",0.9852941176470589,0.9860294117647059,0.9838116261957321,0.9882266372332598,0.9867549668874173,0.986023351945635,0.0014705969303730455,101
54.91720271110535,1.2712524701230774,0.12725253105163575,0.018497045031506093,0.9110459535842454,0.17084706699987529,5,9,100,0.42313434763539903,"{'colsample_bytree': np.float64(0.9110459535842454), 'learning_rate': np.float64(0.17084706699987529), 'max_depth': 5, 'min_child_weight': 9, 'n_estimators': 100, 'subsample': np.float64(0.42313434763539903)}",0.9875,0.9808823529411764,0.9823399558498896,0.986019131714496,0.9823399558498896,0.9838162792710904,0.0025055675083042843,221
192.2111876964569,10.528147089902868,0.159828519821167,0.020405353721283662,0.7957990472548773,0.07289237252640178,4,8,800,0.5998432206845913,"{'colsample_bytree': np.float64(0.7957990472548773), 'learning_rate': np.float64(0.07289237252640178), 'max_depth': 4, 'min_child_weight': 8, 'n_estimators': 800, 'subsample': np.float64(0.5998432206845913)}",0.9852941176470589,0.9838235294117647,0.986019131714496,0.9882266372332598,0.9830757910228108,0.9852878414058781,0.0018004845089614153,147
54.33955292701721,3.9000748715150273,0.1493842124938965,0.021487202545488037,0.18975965251127863,0.1479208439546047,1,8,1500,0.9958007886868732,"{'colsample_bytree': np.float64(0.18975965251127863), 'learning_rate': np.float64(0.1479208439546047), 'max_depth': 1, 'min_child_weight': 8, 'n_estimators': 1500, 'subsample': np.float64(0.9958007886868732)}",0.9823529411764705,0.9852941176470589,0.9823399558498896,0.9867549668874173,0.9889624724061811,0.9851408907934035,0.002563244262781878,156
43.990441513061526,3.398284615646379,0.13483171463012694,0.005523562667567169,0.2480794476903388,0.15874254368775595,5,2,500,0.5455823959665449,"{'colsample_bytree': np.float64(0.2480794476903388), 'learning_rate': np.float64(0.15874254368775595), 'max_depth': 5, 'min_child_weight': 2, 'n_estimators': 500, 'subsample': np.float64(0.5455823959665449)}",0.9889705882352942,0.986764705882353,0.9867549668874173,0.9896983075791023,0.9889624724061811,0.9882302081980695,0.001229936845908458,9
79.09448742866516,7.468790529618416,0.12806253433227538,0.0157657324380556,0.7579586882569633,0.29348016873109034,4,1,400,0.6015865254041531,"{'colsample_bytree': np.float64(0.7579586882569633), 'learning_rate': np.float64(0.29348016873109034), 'max_depth': 4, 'min_child_weight': 1, 'n_estimators': 400, 'subsample': np.float64(0.6015865254041531)}",0.9889705882352942,0.986764705882353,0.9882266372332598,0.9874908020603385,0.986019131714496,0.9874943730251482,0.0010415551865232183,25
85.40193490982055,5.450641003594057,0.13689069747924804,0.023159426661018872,0.7549941458929762,0.2464078246411509,2,8,1000,0.9847531936870125,"{'colsample_bytree': np.float64(0.7549941458929762), 'learning_rate': np.float64(0.2464078246411509), 'max_depth': 2, 'min_child_weight': 8, 'n_estimators': 1000, 'subsample': np.float64(0.9847531936870125)}",0.9860294117647059,0.9845588235294118,0.9882266372332598,0.9882266372332598,0.9867549668874173,0.986759295329611,0.0013914747156602836,59
112.60052089691162,8.938993623207793,0.13671464920043946,0.019026252936887325,0.9024224382769823,0.2132691384266364,4,3,1400,0.7989788212873452,"{'colsample_bytree': np.float64(0.9024224382769823), 'learning_rate': np.float64(0.2132691384266364), 'max_depth': 4, 'min_child_weight': 3, 'n_estimators': 1400, 'subsample': np.float64(0.7989788212873452)}",0.9897058823529412,0.9875,0.9889624724061811,0.9889624724061811,0.9867549668874173,0.9883771588105441,0.0010818137064179118,8
84.37238140106201,7.606738907861413,0.1399446487426758,0.013426618997587876,0.7785010596234011,0.18518248861983336,4,9,400,0.7737364193114515,"{'colsample_bytree': np.float64(0.7785010596234011), 'learning_rate': np.float64(0.18518248861983336), 'max_depth': 4, 'min_child_weight': 9, 'n_estimators': 400, 'subsample': np.float64(0.7737364193114515)}",0.9852941176470589,0.986764705882353,0.9845474613686535,0.9874908020603385,0.9874908020603385,0.9863175778037485,0.0011944552496685175,85
36.5891547203064,3.133733974472629,0.13477845191955568,0.010967015653991817,0.20034645156884404,0.1431012594527998,6,6,900,0.6895505450272605,"{'colsample_bytree': np.float64(0.20034645156884404), 'learning_rate': np.float64(0.1431012594527998), 'max_depth': 6, 'min_child_weight': 6, 'n_estimators': 900, 'subsample': np.float64(0.6895505450272605)}",0.9882352941176471,0.9852941176470589,0.9882266372332598,0.9904341427520236,0.9845474613686535,0.9873475306237285,0.00215151200640694,28
231.34894766807557,4.143172989846253,0.12973837852478026,0.004454912356486234,0.7568448719763408,0.030062971049792955,4,7,200,0.9820468616746109,"{'colsample_bytree': np.float64(0.7568448719763408), 'learning_rate': np.float64(0.030062971049792955), 'max_depth': 4, 'min_child_weight': 7, 'n_estimators': 200, 'subsample': np.float64(0.9820468616746109)}",0.9742647058823529,0.9772058823529411,0.9808682855040471,0.9808682855040471,0.9764532744665195,0.9779320867419816,0.0025848198107798607,242
91.13414278030396,3.3020068569360457,0.15327653884887696,0.020874862967942446,0.49970926832915097,0.11644341088790061,6,2,1100,0.4453399373155,"{'colsample_bytree': np.float64(0.49970926832915097), 'learning_rate': np.float64(0.11644341088790061), 'max_depth': 6, 'min_child_weight': 2, 'n_estimators': 1100, 'subsample': np.float64(0.4453399373155)}",0.986764705882353,0.9889705882352942,0.9882266372332598,0.9882266372332598,0.9874908020603385,0.987935874128901,0.0007495924033257761,12
84.86719388961792,3.230358193919203,0.1268010139465332,0.01863677961919847,0.8459568155836775,0.23923406400836228,8,4,200,0.8343648391007956,"{'colsample_bytree': np.float64(0.8459568155836775), 'learning_rate': np.float64(0.23923406400836228), 'max_depth': 8, 'min_child_weight': 4, 'n_estimators': 200, 'subsample': np.float64(0.8343648391007956)}",0.9830882352941176,0.9845588235294118,0.9874908020603385,0.9874908020603385,0.9845474613686535,0.985435224862572,0.0017615537791556633,142
56.76125979423523,3.600606989424217,0.13389673233032226,0.020512569234193742,0.603256403891532,0.27746656606355985,6,4,1100,0.9003889863259791,"{'colsample_bytree': np.float64(0.603256403891532), 'learning_rate': np.float64(0.27746656606355985), 'max_depth': 6, 'min_child_weight': 4, 'n_estimators': 1100, 'subsample': np.float64(0.9003889863259791)}",0.9875,0.986764705882353,0.9867549668874173,0.9867549668874173,0.9874908020603385,0.9870530883435051,0.0003611760168325528,45
35.01138472557068,2.413788506756519,0.1405421257019043,0.0290700952248253,0.2924518121214279,0.23365538426011395,7,2,700,0.5377404668151698,"{'colsample_bytree': np.float64(0.2924518121214279), 'learning_rate': np.float64(0.23365538426011395), 'max_depth': 7, 'min_child_weight': 2, 'n_estimators': 700, 'subsample': np.float64(0.5377404668151698)}",0.9860294117647059,0.9845588235294118,0.986019131714496,0.9867549668874173,0.986019131714496,0.9858762931221055,0.0007172230837310764,115
90.47723155021667,2.5697180674083713,0.12732524871826173,0.017516375623802483,0.5561766626385821,0.2236874168874278,1,2,500,0.9630472130166314,"{'colsample_bytree': np.float64(0.5561766626385821), 'learning_rate': np.float64(0.2236874168874278), 'max_depth': 1, 'min_child_weight': 2, 'n_estimators': 500, 'subsample': np.float64(0.9630472130166314)}",0.9838235294117647,0.9838235294117647,0.9830757910228108,0.986019131714496,0.9867549668874173,0.9846993896896507,0.0014238996953326384,184
38.54463357925415,3.0906346781688665,0.13820381164550782,0.02311650947956288,0.305781895884651,0.206370931792313,2,7,1300,0.6854957175143337,"{'colsample_bytree': np.float64(0.305781895884651), 'learning_rate': np.float64(0.206370931792313), 'max_depth': 2, 'min_child_weight': 7, 'n_estimators': 1300, 'subsample': np.float64(0.6854957175143337)}",0.9852941176470589,0.9852941176470589,0.9852832965415746,0.9874908020603385,0.9852832965415746,0.9857291260875212,0.0008808512800497451,129
353.2961407184601,2.0570444643980643,0.18364357948303223,0.025925507500423144,0.7378933518469438,0.022752875286986274,3,3,700,0.4695168720066296,"{'colsample_bytree': np.float64(0.7378933518469438), 'learning_rate': np.float64(0.022752875286986274), 'max_depth': 3, 'min_child_weight': 3, 'n_estimators': 700, 'subsample': np.float64(0.4695168720066296)}",0.986764705882353,0.9823529411764705,0.986019131714496,0.9845474613686535,0.986019131714496,0.9851406743712939,0.001568707173986646,162
237.7008831501007,21.83231487021966,0.20583553314208985,0.03567365210512943,0.31993846522250957,0.046043779228373986,4,1,900,0.9209529904464386,"{'colsample_bytree': np.float64(0.31993846522250957), 'learning_rate': np.float64(0.046043779228373986), 'max_depth': 4, 'min_child_weight': 1, 'n_estimators': 900, 'subsample': np.float64(0.9209529904464386)}",0.9897058823529412,0.986764705882353,0.9882266372332598,0.9889624724061811,0.9874908020603385,0.9882300999870148,0.0010400246390315873,10
583.0279462337494,7.286292033251055,0.18565659523010253,0.016473805385665407,0.8154890076148007,0.01938330744263171,8,10,500,0.9988152917191887,"{'colsample_bytree': np.float64(0.8154890076148007), 'learning_rate': np.float64(0.01938330744263171), 'max_depth': 8, 'min_child_weight': 10, 'n_estimators': 500, 'subsample': np.float64(0.9988152917191887)}",0.9808823529411764,0.9816176470588235,0.9867549668874173,0.986019131714496,0.9830757910228108,0.9836699779249448,0.0023397287678007003,223
224.4211624622345,13.396512711146235,0.17247591018676758,0.03437622310574071,0.8057029152644805,0.0771007160726162,10,6,500,0.7722999401679926,"{'colsample_bytree': np.float64(0.8057029152644805), 'learning_rate': np.float64(0.0771007160726162), 'max_depth': 10, 'min_child_weight': 6, 'n_estimators': 500, 'subsample': np.float64(0.7722999401679926)}",0.9838235294117647,0.9852941176470589,0.9882266372332598,0.9896983075791023,0.9845474613686535,0.9863180106479679,0.002257206284338264,81
73.77473826408387,3.8799947991301122,0.13901638984680176,0.021885482291324858,0.6756600186673675,0.2850766873273639,9,2,500,0.8024569935668404,"{'colsample_bytree': np.float64(0.6756600186673675), 'learning_rate': np.float64(0.2850766873273639), 'max_depth': 9, 'min_child_weight': 2, 'n_estimators': 500, 'subsample': np.float64(0.8024569935668404)}",0.9860294117647059,0.9830882352941176,0.9896983075791023,0.9882266372332598,0.9867549668874173,0.9867595117517206,0.002227119914535265,58
169.47633485794069,14.121514550081013,0.1460585117340088,0.01902065229582293,0.8886564021320174,0.07739111474742318,5,10,1300,0.44085585954526396,"{'colsample_bytree': np.float64(0.8886564021320174), 'learning_rate': np.float64(0.07739111474742318), 'max_depth': 5, 'min_child_weight': 10, 'n_estimators': 1300, 'subsample': np.float64(0.44085585954526396)}",0.9860294117647059,0.9845588235294118,0.9852832965415746,0.9845474613686535,0.9830757910228108,0.9846989568454314,0.0009786540436923443,188
77.45767416954041,8.355571966938195,0.1439657211303711,0.023163900512943387,0.9494657716157375,0.2898282328460475,1,9,1300,0.5729803320216346,"{'colsample_bytree': np.float64(0.9494657716157375), 'learning_rate': np.float64(0.2898282328460475), 'max_depth': 1, 'min_child_weight': 9, 'n_estimators': 1300, 'subsample': np.float64(0.5729803320216346)}",0.9801470588235294,0.9808823529411764,0.9801324503311258,0.986019131714496,0.9845474613686535,0.9823456910357962,0.0024582813272434455,236
110.72208418846131,11.104432300807533,0.13573975563049318,0.008702873467500927,0.9290729875771179,0.14056065758254577,6,9,300,0.4850903654208865,"{'colsample_bytree': np.float64(0.9290729875771179), 'learning_rate': np.float64(0.14056065758254577), 'max_depth': 6, 'min_child_weight': 9, 'n_estimators': 300, 'subsample': np.float64(0.4850903654208865)}",0.9845588235294118,0.9845588235294118,0.9838116261957321,0.986019131714496,0.986019131714496,0.9849935073367095,0.0008807444333824939,171
46.39925212860108,2.633670355244651,0.13006353378295898,0.0034899115247878404,0.3850575998981106,0.19174487802814041,6,9,700,0.658069590626044,"{'colsample_bytree': np.float64(0.3850575998981106), 'learning_rate': np.float64(0.19174487802814041), 'max_depth': 6, 'min_child_weight': 9, 'n_estimators': 700, 'subsample': np.float64(0.658069590626044)}",0.9875,0.9845588235294118,0.9882266372332598,0.9874908020603385,0.9852832965415746,0.9866119118729169,0.0014247018577415033,71
56.73140640258789,5.942465214477556,0.14467077255249022,0.03090968818137692,0.6869121353579252,0.2574413330859687,5,10,1100,0.5593795285248684,"{'colsample_bytree': np.float64(0.6869121353579252), 'learning_rate': np.float64(0.2574413330859687), 'max_depth': 5, 'min_child_weight': 10, 'n_estimators': 1100, 'subsample': np.float64(0.5593795285248684)}",0.9838235294117647,0.9816176470588235,0.9838116261957321,0.986019131714496,0.9845474613686535,0.983963879149894,0.0014221332811356492,215
32.372858333587644,2.1656718897706715,0.1637516975402832,0.04122092094020443,0.11215783596404699,0.15028833076350348,10,1,1200,0.6714393790041178,"{'colsample_bytree': np.float64(0.11215783596404699), 'learning_rate': np.float64(0.15028833076350348), 'max_depth': 10, 'min_child_weight': 1, 'n_estimators': 1200, 'subsample': np.float64(0.6714393790041178)}",0.9882352941176471,0.9875,0.986019131714496,0.9882266372332598,0.9845474613686535,0.9869057048868113,0.0014292082387819623,57
24.25223708152771,0.7983373126861553,0.13647232055664063,0.027317986027897877,0.2805739036170116,0.2795478041429516,3,4,200,0.4550368578953209,"{'colsample_bytree': np.float64(0.2805739036170116), 'learning_rate': np.float64(0.2795478041429516), 'max_depth': 3, 'min_child_weight': 4, 'n_estimators': 200, 'subsample': np.float64(0.4550368578953209)}",0.9816176470588235,0.9845588235294118,0.9889624724061811,0.9882266372332598,0.9845474613686535,0.985582608319266,0.0026927663265186013,132
39.7248188495636,4.351408908680962,0.12589468955993652,0.006035097052526059,0.30634848458150904,0.20877033048525387,8,3,800,0.706733072544212,"{'colsample_bytree': np.float64(0.30634848458150904), 'learning_rate': np.float64(0.20877033048525387), 'max_depth': 8, 'min_child_weight': 3, 'n_estimators': 800, 'subsample': np.float64(0.706733072544212)}",0.986764705882353,0.9860294117647059,0.9874908020603385,0.9867549668874173,0.9845474613686535,0.9863174695926936,0.0009984026929794525,87
123.14446983337402,3.7100913156435666,0.24279522895812988,0.024139574492119942,0.1749618817470993,0.024811889249084465,6,3,900,0.4003985311541227,"{'colsample_bytree': np.float64(0.1749618817470993), 'learning_rate': np.float64(0.024811889249084465), 'max_depth': 6, 'min_child_weight': 3, 'n_estimators': 900, 'subsample': np.float64(0.4003985311541227)}",0.9875,0.9838235294117647,0.9867549668874173,0.9889624724061811,0.9830757910228108,0.9860233519456347,0.002230762809237389,102
217.7753876209259,26.5706499670186,0.14763360023498534,0.004249412924309439,0.9475010158507807,0.09071433651283314,9,2,1100,0.46534224330479573,"{'colsample_bytree': np.float64(0.9475010158507807), 'learning_rate': np.float64(0.09071433651283314), 'max_depth': 9, 'min_child_weight': 2, 'n_estimators': 1100, 'subsample': np.float64(0.46534224330479573)}",0.9852941176470589,0.9875,0.9874908020603385,0.9896983075791023,0.9830757910228108,0.9866118036618621,0.0022506763058193326,72
33.84944496154785,3.6069894994582268,0.12854771614074706,0.007006230306328843,0.3381846382025203,0.29277745726149346,10,7,1500,0.9804026812221893,"{'colsample_bytree': np.float64(0.3381846382025203), 'learning_rate': np.float64(0.29277745726149346), 'max_depth': 10, 'min_child_weight': 7, 'n_estimators': 1500, 'subsample': np.float64(0.9804026812221893)}",0.986764705882353,0.9845588235294118,0.9882266372332598,0.9867549668874173,0.9838116261957321,0.9860233519456347,0.0016109566360332963,102
133.29784932136536,6.25852133472009,0.14145946502685547,0.021452473535758174,0.875010707259208,0.18912052494508055,9,1,900,0.5509760537352133,"{'colsample_bytree': np.float64(0.875010707259208), 'learning_rate': np.float64(0.18912052494508055), 'max_depth': 9, 'min_child_weight': 1, 'n_estimators': 900, 'subsample': np.float64(0.5509760537352133)}",0.9882352941176471,0.9845588235294118,0.9867549668874173,0.9882266372332598,0.9867549668874173,0.9869061377310308,0.001346548539378336,53
25.99187903404236,2.3338335300707733,0.14599981307983398,0.020141872236661945,0.24209548323454214,0.2381894079214366,10,6,400,0.7155705631541929,"{'colsample_bytree': np.float64(0.24209548323454214), 'learning_rate': np.float64(0.2381894079214366), 'max_depth': 10, 'min_child_weight': 6, 'n_estimators': 400, 'subsample': np.float64(0.7155705631541929)}",0.9845588235294118,0.9845588235294118,0.9867549668874173,0.9882266372332598,0.9823399558498896,0.9852878414058781,0.0020269159564835224,147
49.91821837425232,2.7915216643036525,0.1250776767730713,0.011645312840146454,0.7338441645380066,0.2871096590784701,9,9,1000,0.5775699001533567,"{'colsample_bytree': np.float64(0.7338441645380066), 'learning_rate': np.float64(0.2871096590784701), 'max_depth': 9, 'min_child_weight': 9, 'n_estimators': 1000, 'subsample': np.float64(0.5775699001533567)}",0.9816176470588235,0.9838235294117647,0.9816041206769683,0.9816041206769683,0.9852832965415746,0.9827865428732199,0.0015147066968133544,234
151.7124176502228,2.289420318973994,0.1272036075592041,0.004219411098042313,0.9363625044128051,0.08711263192766938,5,2,100,0.8700379873088835,"{'colsample_bytree': np.float64(0.9363625044128051), 'learning_rate': np.float64(0.08711263192766938), 'max_depth': 5, 'min_child_weight': 2, 'n_estimators': 100, 'subsample': np.float64(0.8700379873088835)}",0.9772058823529411,0.9816176470588235,0.9874908020603385,0.9867549668874173,0.9808682855040471,0.9827875167727136,0.0038488502053351855,232
294.7090569019318,3.991718334731703,0.16510429382324218,0.019956043483971127,0.5670909283477886,0.02916153651698486,2,7,800,0.9373077605229063,"{'colsample_bytree': np.float64(0.5670909283477886), 'learning_rate': np.float64(0.02916153651698486), 'max_depth': 2, 'min_child_weight': 7, 'n_estimators': 800, 'subsample': np.float64(0.9373077605229063)}",0.9823529411764705,0.9808823529411764,0.986019131714496,0.9845474613686535,0.9838116261957321,0.9835227026793056,0.0017723179066202197,225
51.59663643836975,1.8594083530278604,0.1560737133026123,0.030047401930512124,0.2878149965553142,0.11885162522992812,3,7,700,0.5576799737946935,"{'colsample_bytree': np.float64(0.2878149965553142), 'learning_rate': np.float64(0.11885162522992812), 'max_depth': 3, 'min_child_weight': 7, 'n_estimators': 700, 'subsample': np.float64(0.5576799737946935)}",0.986764705882353,0.9852941176470589,0.9882266372332598,0.9882266372332598,0.9874908020603385,0.987200580011254,0.0010967589239001276,35
365.0114743709564,6.357893449407899,0.19843711853027343,0.011406588417214661,0.5698561786140379,0.02019641731769631,3,7,1000,0.5843037704493761,"{'colsample_bytree': np.float64(0.5698561786140379), 'learning_rate': np.float64(0.02019641731769631), 'max_depth': 3, 'min_child_weight': 7, 'n_estimators': 1000, 'subsample': np.float64(0.5843037704493761)}",0.9852941176470589,0.9845588235294118,0.9838116261957321,0.9874908020603385,0.986019131714496,0.9854349002294075,0.0012641524808951364,144
111.97066359519958,3.1275222347037714,0.12119865417480469,0.0013066725500610714,0.9862952252226153,0.20388737543742783,10,4,200,0.7784990850458823,"{'colsample_bytree': np.float64(0.9862952252226153), 'learning_rate': np.float64(0.20388737543742783), 'max_depth': 10, 'min_child_weight': 4, 'n_estimators': 200, 'subsample': np.float64(0.7784990850458823)}",0.9845588235294118,0.9860294117647059,0.9874908020603385,0.9852832965415746,0.9830757910228108,0.9852876249837683,0.0014715717193006087,149
76.23626728057862,3.8545529173021484,0.138397741317749,0.015515081796120515,0.9981946008420928,0.29648785910672254,7,5,500,0.6210945766412891,"{'colsample_bytree': np.float64(0.9981946008420928), 'learning_rate': np.float64(0.29648785910672254), 'max_depth': 7, 'min_child_weight': 5, 'n_estimators': 500, 'subsample': np.float64(0.6210945766412891)}",0.986764705882353,0.9838235294117647,0.9852832965415746,0.9882266372332598,0.9823399558498896,0.9852876249837683,0.0020809569378446094,149
66.82154183387756,3.2670741674870594,0.12632951736450196,0.01402541441094853,0.7852930240471524,0.21182458905640456,5,10,100,0.9362636535095725,"{'colsample_bytree': np.float64(0.7852930240471524), 'learning_rate': np.float64(0.21182458905640456), 'max_depth': 5, 'min_child_weight': 10, 'n_estimators': 100, 'subsample': np.float64(0.9362636535095725)}",0.9816176470588235,0.9823529411764705,0.9852832965415746,0.9874908020603385,0.9823399558498896,0.9838169285374194,0.002227515572149288,218
154.1799940109253,2.9831981643814967,0.14728612899780275,0.003966499648022634,0.617555539703172,0.08446266677132507,9,10,1100,0.8750568527082225,"{'colsample_bytree': np.float64(0.617555539703172), 'learning_rate': np.float64(0.08446266677132507), 'max_depth': 9, 'min_child_weight': 10, 'n_estimators': 1100, 'subsample': np.float64(0.8750568527082225)}",0.9852941176470589,0.9860294117647059,0.9845474613686535,0.9882266372332598,0.986019131714496,0.9860233519456347,0.0012300045729886138,102
32.09766039848328,3.8601805282279282,0.13506221771240234,0.014947428307648636,0.19734897202870388,0.12377249261898322,2,8,800,0.46146776906315823,"{'colsample_bytree': np.float64(0.19734897202870388), 'learning_rate': np.float64(0.12377249261898322), 'max_depth': 2, 'min_child_weight': 8, 'n_estimators': 800, 'subsample': np.float64(0.46146776906315823)}",0.986764705882353,0.9845588235294118,0.986019131714496,0.9882266372332598,0.9874908020603385,0.9866120200839719,0.0012625127297659759,67
143.29260196685792,5.327054493306423,0.14738659858703612,0.0018192030104808203,0.4573232490544067,0.09022842176066496,9,2,1200,0.8238463466002066,"{'colsample_bytree': np.float64(0.4573232490544067), 'learning_rate': np.float64(0.09022842176066496), 'max_depth': 9, 'min_child_weight': 2, 'n_estimators': 1200, 'subsample': np.float64(0.8238463466002066)}",0.9830882352941176,0.9852941176470589,0.986019131714496,0.9867549668874173,0.9874908020603385,0.9857294507206855,0.0015101980560597982,124
16.53998703956604,0.29195837191778024,0.13119592666625976,0.01533799383989911,0.12211932187626946,0.19385620717871319,3,8,1400,0.5996985918294888,"{'colsample_bytree': np.float64(0.12211932187626946), 'learning_rate': np.float64(0.19385620717871319), 'max_depth': 3, 'min_child_weight': 8, 'n_estimators': 1400, 'subsample': np.float64(0.5996985918294888)}",0.9860294117647059,0.9830882352941176,0.9845474613686535,0.9896983075791023,0.9852832965415746,0.9857293425096308,0.0022097046246672405,125
70.57541604042054,2.4752237857313935,0.12570590972900392,0.0029030081765864467,0.939024282693949,0.2387116786226597,10,7,1000,0.46239450278273986,"{'colsample_bytree': np.float64(0.939024282693949), 'learning_rate': np.float64(0.2387116786226597), 'max_depth': 10, 'min_child_weight': 7, 'n_estimators': 1000, 'subsample': np.float64(0.46239450278273986)}",0.9830882352941176,0.9823529411764705,0.9838116261957321,0.9867549668874173,0.9838116261957321,0.983963879149894,0.0014965564472502464,215
51.55379691123962,5.114934582350564,0.1524733066558838,0.023194151385448045,0.6705834877066449,0.22779936686512645,4,8,300,0.46214707806902333,"{'colsample_bytree': np.float64(0.6705834877066449), 'learning_rate': np.float64(0.22779936686512645), 'max_depth': 4, 'min_child_weight': 8, 'n_estimators': 300, 'subsample': np.float64(0.46214707806902333)}",0.9889705882352942,0.9823529411764705,0.9838116261957321,0.9852832965415746,0.9845474613686535,0.984993182703545,0.0022122178651220576,175
18.122510385513305,0.6047405051966841,0.14348988533020018,0.02382361537510742,0.11628672238132765,0.1812697599239008,8,9,1200,0.6330424703014632,"{'colsample_bytree': np.float64(0.11628672238132765), 'learning_rate': np.float64(0.1812697599239008), 'max_depth': 8, 'min_child_weight': 9, 'n_estimators': 1200, 'subsample': np.float64(0.6330424703014632)}",0.9875,0.9838235294117647,0.9823399558498896,0.9874908020603385,0.9823399558498896,0.9846988486343765,0.002346758913257067,189
81.89443197250367,3.1021871450203893,0.13867039680480958,0.01686411981588823,0.5376448776963834,0.1805639235262368,8,2,600,0.6337291044073413,"{'colsample_bytree': np.float64(0.5376448776963834), 'learning_rate': np.float64(0.1805639235262368), 'max_depth': 8, 'min_child_weight': 2, 'n_estimators': 600, 'subsample': np.float64(0.6337291044073413)}",0.9845588235294118,0.9860294117647059,0.9867549668874173,0.9896983075791023,0.9874908020603385,0.9869064623641952,0.00169937808133564,47
30.962856245040893,3.3555413423822102,0.12919468879699708,0.01692222925769961,0.3373909178054159,0.28394145834241596,2,6,1500,0.5675030451658145,"{'colsample_bytree': np.float64(0.3373909178054159), 'learning_rate': np.float64(0.28394145834241596), 'max_depth': 2, 'min_child_weight': 6, 'n_estimators': 1500, 'subsample': np.float64(0.5675030451658145)}",0.9882352941176471,0.9860294117647059,0.986019131714496,0.9874908020603385,0.9816041206769683,0.9858757520668313,0.0023007315761763014,121
85.9465533733368,6.614996165272253,0.12415809631347656,0.0028275728675015766,0.8175285339221285,0.2722875298014714,9,2,1100,0.6204851933511564,"{'colsample_bytree': np.float64(0.8175285339221285), 'learning_rate': np.float64(0.2722875298014714), 'max_depth': 9, 'min_child_weight': 2, 'n_estimators': 1100, 'subsample': np.float64(0.6204851933511564)}",0.9845588235294118,0.9823529411764705,0.9852832965415746,0.9852832965415746,0.9874908020603385,0.984993831969874,0.0016471779281650332,165
138.357342338562,14.785863520223598,0.1533677101135254,0.02524064457536453,0.7361846284781098,0.19836492501083608,1,2,1000,0.8896904513598209,"{'colsample_bytree': np.float64(0.7361846284781098), 'learning_rate': np.float64(0.19836492501083608), 'max_depth': 1, 'min_child_weight': 2, 'n_estimators': 1000, 'subsample': np.float64(0.8896904513598209)}",0.9823529411764705,0.9838235294117647,0.9852832965415746,0.9882266372332598,0.9882266372332598,0.9855826083192658,0.0023493179347378068,133
253.42180542945863,10.364525164491612,0.14220972061157228,0.004533717005622384,0.9203057878156861,0.09013777429374431,9,3,1300,0.7883259142657395,"{'colsample_bytree': np.float64(0.9203057878156861), 'learning_rate': np.float64(0.09013777429374431), 'max_depth': 9, 'min_child_weight': 3, 'n_estimators': 1300, 'subsample': np.float64(0.7883259142657395)}",0.9845588235294118,0.9860294117647059,0.9874908020603385,0.9896983075791023,0.9830757910228108,0.9861706271912739,0.0022970961823266522,91
100.5868727684021,2.411487412918593,0.14109129905700685,0.014795213701896959,0.7056002467974752,0.17744982900580641,9,4,400,0.8535205197729977,"{'colsample_bytree': np.float64(0.7056002467974752), 'learning_rate': np.float64(0.17744982900580641), 'max_depth': 9, 'min_child_weight': 4, 'n_estimators': 400, 'subsample': np.float64(0.8535205197729977)}",0.9830882352941176,0.9823529411764705,0.986019131714496,0.986019131714496,0.9838116261957321,0.9842582132190625,0.0015099680636137466,201
54.15934157371521,2.550339256949445,0.15735363960266113,0.020910212179222266,0.4086287148255,0.18505833223082196,8,8,1500,0.8891350244298236,"{'colsample_bytree': np.float64(0.4086287148255), 'learning_rate': np.float64(0.18505833223082196), 'max_depth': 8, 'min_child_weight': 8, 'n_estimators': 1500, 'subsample': np.float64(0.8891350244298236)}",0.9808823529411764,0.9830882352941176,0.986019131714496,0.9882266372332598,0.986019131714496,0.9848470977795092,0.0025683229113404736,176
14.546405696868897,1.6716232035978076,0.12142815589904785,0.0037636493394132974,0.18874933185052994,0.24231171527403836,3,10,600,0.4056251066223113,"{'colsample_bytree': np.float64(0.18874933185052994), 'learning_rate': np.float64(0.24231171527403836), 'max_depth': 3, 'min_child_weight': 10, 'n_estimators': 600, 'subsample': np.float64(0.4056251066223113)}",0.9845588235294118,0.9823529411764705,0.9808682855040471,0.9882266372332598,0.9830757910228108,0.9838164956932001,0.0025053134562914824,220
17.07454824447632,1.647166104792558,0.13046255111694335,0.015926267813934823,0.19215095612738003,0.2371495136299088,9,5,1500,0.43358886346679665,"{'colsample_bytree': np.float64(0.19215095612738003), 'learning_rate': np.float64(0.2371495136299088), 'max_depth': 9, 'min_child_weight': 5, 'n_estimators': 1500, 'subsample': np.float64(0.43358886346679665)}",0.9830882352941176,0.9852941176470589,0.9816041206769683,0.9882266372332598,0.9808682855040471,0.9838162792710904,0.0026739343502949434,221
139.78158540725707,13.274792332155537,0.13533644676208495,0.01831292046955241,0.9558602741710783,0.15919411439338216,3,2,800,0.5563529526809405,"{'colsample_bytree': np.float64(0.9558602741710783), 'learning_rate': np.float64(0.15919411439338216), 'max_depth': 3, 'min_child_weight': 2, 'n_estimators': 800, 'subsample': np.float64(0.5563529526809405)}",0.986764705882353,0.986764705882353,0.9867549668874173,0.9904341427520236,0.9852832965415746,0.9872003635891442,0.001715252006909319,37
313.33421607017516,8.039569346433453,0.1656050205230713,0.009926854119097026,0.5018920651202343,0.03746219701357237,4,5,1000,0.8627447088274484,"{'colsample_bytree': np.float64(0.5018920651202343), 'learning_rate': np.float64(0.03746219701357237), 'max_depth': 4, 'min_child_weight': 5, 'n_estimators': 1000, 'subsample': np.float64(0.8627447088274484)}",0.986764705882353,0.9860294117647059,0.9874908020603385,0.9896983075791023,0.9852832965415746,0.9870533047656149,0.0015134080132037776,41
96.12348833084107,2.125220513324107,0.15394058227539062,0.007152259559153296,0.3504959263272789,0.05034865255441754,7,5,400,0.4213490813860168,"{'colsample_bytree': np.float64(0.3504959263272789), 'learning_rate': np.float64(0.05034865255441754), 'max_depth': 7, 'min_child_weight': 5, 'n_estimators': 400, 'subsample': np.float64(0.4213490813860168)}",0.986764705882353,0.9830882352941176,0.986019131714496,0.986019131714496,0.9830757910228108,0.9849933991256548,0.0015842128881584409,173
72.39784846305847,4.122205777351743,0.13866162300109863,0.01554175553842865,0.4493521747106266,0.17114692125380362,7,3,900,0.7877975119580103,"{'colsample_bytree': np.float64(0.4493521747106266), 'learning_rate': np.float64(0.17114692125380362), 'max_depth': 7, 'min_child_weight': 3, 'n_estimators': 900, 'subsample': np.float64(0.7877975119580103)}",0.9845588235294118,0.9830882352941176,0.9874908020603385,0.9889624724061811,0.986019131714496,0.9860238930009089,0.002076131426828777,94
184.09756860733032,3.418609278714224,0.14884209632873535,0.00635428645296439,0.6485830443807482,0.06827566283631403,6,5,400,0.7072484295542707,"{'colsample_bytree': np.float64(0.6485830443807482), 'learning_rate': np.float64(0.06827566283631403), 'max_depth': 6, 'min_child_weight': 5, 'n_estimators': 400, 'subsample': np.float64(0.7072484295542707)}",0.9838235294117647,0.9860294117647059,0.9882266372332598,0.9896983075791023,0.9838116261957321,0.986317902436913,0.0023518908011117513,82
186.90901103019715,9.780400808947286,0.12214007377624511,0.004875159829286371,0.974586768502556,0.11551498477657496,7,10,400,0.9934192804491487,"{'colsample_bytree': np.float64(0.974586768502556), 'learning_rate': np.float64(0.11551498477657496), 'max_depth': 7, 'min_child_weight': 10, 'n_estimators': 400, 'subsample': np.float64(0.9934192804491487)}",0.9801470588235294,0.9830882352941176,0.9830757910228108,0.9867549668874173,0.9845474613686535,0.9835227026793056,0.0021578288004833208,225
564.8232077598572,7.053150491772549,0.14745259284973145,0.03295934823416769,0.7747313003129093,0.01993131365244023,6,10,1400,0.8689490366089645,"{'colsample_bytree': np.float64(0.7747313003129093), 'learning_rate': np.float64(0.01993131365244023), 'max_depth': 6, 'min_child_weight': 10, 'n_estimators': 1400, 'subsample': np.float64(0.8689490366089645)}",0.9838235294117647,0.9845588235294118,0.9874908020603385,0.9896983075791023,0.9852832965415746,0.9861709518244384,0.0021485588095051062,89
74.55677132606506,6.199571732278548,0.12268028259277344,0.0034699825021574306,0.7243723209152924,0.2757386956526065,9,6,1200,0.9957320129567766,"{'colsample_bytree': np.float64(0.7243723209152924), 'learning_rate': np.float64(0.2757386956526065), 'max_depth': 9, 'min_child_weight': 6, 'n_estimators': 1200, 'subsample': np.float64(0.9957320129567766)}",0.9794117647058823,0.9852941176470589,0.9852832965415746,0.9874908020603385,0.986019131714496,0.9846998225338701,0.0027635964836646818,182
44.00876207351685,6.401136020626558,0.11503100395202637,0.01305187509302421,0.55001926210708,0.29899685127260933,2,7,1300,0.6154582526381778,"{'colsample_bytree': np.float64(0.55001926210708), 'learning_rate': np.float64(0.29899685127260933), 'max_depth': 2, 'min_child_weight': 7, 'n_estimators': 1300, 'subsample': np.float64(0.6154582526381778)}",0.9845588235294118,0.9845588235294118,0.9823399558498896,0.986019131714496,0.9830757910228108,0.984110505129204,0.0012845475663020504,213
76.38761329650879,3.843550416088079,0.08563055992126464,0.014431416343142212,0.8989307521545878,0.19519666151600976,6,8,1100,0.8620768745149493,"{'colsample_bytree': np.float64(0.8989307521545878), 'learning_rate': np.float64(0.19519666151600976), 'max_depth': 6, 'min_child_weight': 8, 'n_estimators': 1100, 'subsample': np.float64(0.8620768745149493)}",0.986764705882353,0.9852941176470589,0.9867549668874173,0.9882266372332598,0.986019131714496,0.986611911872917,0.0009735623938659458,69
