score0,score1,class
0.006574,0.993426,1
0.062162,0.937838,1
0.025648,0.974352,1
0.854821,0.145179,0
0.002125,0.997875,1
0.211957,0.788043,1
0.004600,0.995400,1
0.001434,0.998566,1
0.001934,0.998066,1
0.001847,0.998153,1
0.016679,0.983321,1
0.022044,0.977956,1
0.006919,0.993081,1
0.000616,0.999384,1
0.004718,0.995282,1
0.001678,0.998322,1
0.016571,0.983429,1
0.064072,0.935928,1
0.744297,0.255703,0
0.007668,0.992332,1
0.206530,0.793470,1
0.128180,0.871820,1
0.125540,0.874460,1
0.213267,0.786733,1
0.085314,0.914686,1
0.001543,0.998457,1
0.000855,0.999145,1
0.019792,0.980208,1
0.000852,0.999148,1
0.001132,0.998868,1
0.002720,0.997280,1
0.212600,0.787400,1
0.921697,0.078303,0
0.006500,0.993500,1
0.000059,0.999941,1
0.000297,0.999703,1
0.001396,0.998604,1
0.427882,0.572118,1
0.009573,0.990427,1
0.001781,0.998219,1
0.020731,0.979269,1
0.086280,0.913720,1
0.008032,0.991968,1
0.008358,0.991642,1
0.000561,0.999439,1
0.000701,0.999299,1
0.007471,0.992529,1
0.002151,0.997849,1
0.007464,0.992536,1
0.057045,0.942955,1
0.244787,0.755213,1
0.007046,0.992954,1
0.017543,0.982457,1
0.003105,0.996895,1
0.000155,0.999845,1
0.994068,0.005932,0
0.003231,0.996769,1
0.001447,0.998553,1
0.000090,0.999910,1
0.020930,0.979070,1
0.036466,0.963534,1
0.000188,0.999812,1
0.000408,0.999592,1
0.001503,0.998497,1
0.256616,0.743384,1
0.001356,0.998644,1
0.028278,0.971722,1
0.004939,0.995061,1
0.002539,0.997461,1
0.004668,0.995332,1
0.006341,0.993659,1
0.026016,0.973984,1
0.002130,0.997870,1
0.005723,0.994277,1
0.010486,0.989514,1
0.675388,0.324612,0
0.002746,0.997254,1
0.042549,0.957451,1
0.010404,0.989596,1
0.302673,0.697327,1
0.003124,0.996876,1
0.000022,0.999978,1
0.031794,0.968206,1
0.752376,0.247624,0
0.039111,0.960889,1
0.003048,0.996952,1
0.886924,0.113076,0
0.135878,0.864122,1
0.000206,0.999794,1
0.019650,0.980350,1
0.002989,0.997011,1
0.002037,0.997963,1
0.051909,0.948091,1
0.000294,0.999706,1
0.094837,0.905163,1
0.006306,0.993694,1
0.002262,0.997738,1
0.035317,0.964683,1
0.067174,0.932826,1
0.099908,0.900092,1
0.329313,0.670687,1
0.000858,0.999142,1
0.040243,0.959757,1
0.000831,0.999169,1
0.001309,0.998691,1
0.966646,0.033354,0
0.002255,0.997745,1
0.003921,0.996079,1
0.008434,0.991566,1
0.018716,0.981284,1
0.003483,0.996517,1
0.406319,0.593681,1
0.002780,0.997220,1
0.820443,0.179557,0
0.011250,0.988750,1
0.003986,0.996014,1
0.014077,0.985923,1
0.011474,0.988526,1
0.001229,0.998771,1
0.000003,0.999997,1
0.956819,0.043181,0
0.812089,0.187911,0
0.002357,0.997643,1
0.000173,0.999827,1
0.933751,0.066249,0
0.117263,0.882737,1
0.000329,0.999671,1
0.009016,0.990984,1
0.147005,0.852995,1
0.062861,0.937139,1
0.264668,0.735332,1
0.000061,0.999939,1
0.000797,0.999203,1
0.000019,0.999981,1
0.251059,0.748941,1
0.025179,0.974821,1
0.000838,0.999162,1
0.074842,0.925158,1
0.005741,0.994259,1
0.042068,0.957932,1
0.001729,0.998271,1
0.088381,0.911619,1
0.294123,0.705877,1
0.095124,0.904876,1
0.038949,0.961051,1
0.030978,0.969022,1
0.000074,0.999926,1
0.000004,0.999996,1
0.349286,0.650714,1
0.012430,0.987570,1
0.022521,0.977479,1
0.500670,0.499330,0
0.006151,0.993849,1
0.169451,0.830549,1
0.295937,0.704063,1
0.047896,0.952104,1
0.261140,0.738860,1
0.308467,0.691533,1
0.053979,0.946021,1
0.001780,0.998220,1
0.024679,0.975321,1
0.238674,0.761326,1
0.000004,0.999996,1
0.007261,0.992739,1
0.000068,0.999932,1
0.066074,0.933926,1
0.124889,0.875111,1
0.002216,0.997784,1
0.017464,0.982536,1
0.000082,0.999918,1
0.024933,0.975067,1
0.003629,0.996371,1
0.003876,0.996124,1
0.000781,0.999219,1
0.031197,0.968803,1
0.024273,0.975727,1
0.001205,0.998795,1
0.001661,0.998339,1
0.020730,0.979270,1
0.812109,0.187891,0
0.152859,0.847141,1
0.843486,0.156514,0
0.048125,0.951875,1
0.015437,0.984563,1
0.126691,0.873309,1
0.097623,0.902377,1
0.250748,0.749252,1
0.602929,0.397071,0
0.000009,0.999991,1
0.053390,0.946610,1
0.015527,0.984473,1
0.003277,0.996723,1
0.000302,0.999698,1
0.010574,0.989426,1
0.000005,0.999995,1
0.001623,0.998377,1
0.004418,0.995582,1
0.079126,0.920874,1
0.000449,0.999551,1
0.003234,0.996766,1
0.062043,0.937957,1
0.000652,0.999348,1
0.774778,0.225222,0
0.000550,0.999450,1
0.000585,0.999415,1
0.021363,0.978637,1
0.013342,0.986658,1
0.000800,0.999200,1
0.045253,0.954747,1
0.422795,0.577205,1
0.005728,0.994272,1
0.002870,0.997130,1
0.021288,0.978712,1
0.248812,0.751188,1
0.008911,0.991089,1
0.000009,0.999991,1
0.837064,0.162936,0
0.009410,0.990590,1
0.008507,0.991493,1
0.225320,0.774680,1
0.006338,0.993662,1
0.009913,0.990087,1
0.025210,0.974790,1
0.284070,0.715930,1
0.133234,0.866766,1
0.006459,0.993541,1
0.985170,0.014830,0
0.423769,0.576231,1
0.050377,0.949623,1
0.200221,0.799779,1
0.099725,0.900275,1
0.000579,0.999421,1
0.000151,0.999849,1
0.000558,0.999442,1
0.025752,0.974248,1
0.169715,0.830285,1
0.018794,0.981206,1
0.000557,0.999443,1
0.050786,0.949214,1
0.003673,0.996327,1
0.926653,0.073347,0
0.000127,0.999873,1
0.016388,0.983612,1
0.112796,0.887204,1
0.004125,0.995875,1
0.464851,0.535149,1
0.001706,0.998294,1
0.000688,0.999312,1
0.540098,0.459902,0
0.006256,0.993744,1
0.000349,0.999651,1
0.829164,0.170836,0
0.003926,0.996074,1
0.839700,0.160300,0
0.609165,0.390835,0
0.358745,0.641255,1
0.124687,0.875313,1
0.009639,0.990361,1
0.045796,0.954204,1
0.003696,0.996304,1
0.070025,0.929975,1
0.001574,0.998426,1
0.190143,0.809857,1
0.285624,0.714376,1
0.001477,0.998523,1
0.008041,0.991959,1
0.000306,0.999694,1
0.001264,0.998736,1
0.465877,0.534123,1
0.002622,0.997378,1
0.008417,0.991583,1
0.698465,0.301535,0
0.000060,0.999940,1
0.080230,0.919770,1
0.008816,0.991184,1
0.000576,0.999424,1
0.005300,0.994700,1
0.499072,0.500928,1
0.861069,0.138931,0
0.002291,0.997709,1
0.030553,0.969447,1
0.000382,0.999618,1
0.002524,0.997476,1
0.013390,0.986610,1
0.002831,0.997169,1
0.018449,0.981551,1
0.281609,0.718391,1
0.015779,0.984221,1
0.108330,0.891670,1
0.007493,0.992507,1
0.018926,0.981074,1
0.000467,0.999533,1
0.000189,0.999811,1
0.000780,0.999220,1
0.313339,0.686661,1
0.229578,0.770422,1
0.187351,0.812649,1
0.028248,0.971752,1
0.005742,0.994258,1
0.062703,0.937297,1
0.000596,0.999404,1
0.025112,0.974888,1
0.023476,0.976524,1
0.001829,0.998171,1
0.995035,0.004965,0
0.197089,0.802911,1
0.032258,0.967742,1
0.000058,0.999942,1
0.196245,0.803755,1
0.108887,0.891113,1
0.000755,0.999245,1
0.098602,0.901398,1
0.267149,0.732851,1
0.000021,0.999979,1
0.009386,0.990614,1
0.025660,0.974340,1
0.003810,0.996190,1
0.049744,0.950256,1
0.839874,0.160126,0
0.000458,0.999542,1
0.024395,0.975605,1
0.583533,0.416467,0
0.000658,0.999342,1
0.058805,0.941195,1
0.098107,0.901893,1
0.779756,0.220244,0
0.002393,0.997607,1
0.950341,0.049659,0
0.013082,0.986918,1
0.220207,0.779793,1
0.004248,0.995752,1
0.012878,0.987122,1
0.002411,0.997589,1
0.102559,0.897441,1
0.246026,0.753974,1
0.008575,0.991425,1
0.010526,0.989474,1
0.000558,0.999442,1
0.000654,0.999346,1
0.014184,0.985816,1
0.016677,0.983323,1
0.012891,0.987109,1
0.060444,0.939556,1
0.001476,0.998524,1
0.320200,0.679800,1
0.026797,0.973203,1
0.003867,0.996133,1
0.550027,0.449973,0
0.004948,0.995052,1
0.000465,0.999535,1
0.949538,0.050462,0
0.094046,0.905954,1
0.951617,0.048383,0
0.387255,0.612745,1
0.002430,0.997570,1
0.000108,0.999892,1
0.003403,0.996597,1
0.000518,0.999482,1
0.031583,0.968417,1
0.006393,0.993607,1
0.009738,0.990262,1
0.001414,0.998586,1
0.000021,0.999979,1
0.366315,0.633685,1
0.000999,0.999001,1
0.001393,0.998607,1
0.350571,0.649429,1
0.070576,0.929424,1
0.000402,0.999598,1
0.282172,0.717828,1
0.431868,0.568132,1
0.036951,0.963049,1
0.001201,0.998799,1
0.249119,0.750881,1
0.148524,0.851476,1
0.000419,0.999581,1
0.668933,0.331067,0
0.011471,0.988529,1
0.561778,0.438222,0
0.018525,0.981475,1
0.136096,0.863904,1
0.001626,0.998374,1
0.323105,0.676895,1
0.281201,0.718799,1
0.003692,0.996308,1
0.270984,0.729016,1
0.002068,0.997932,1
0.001051,0.998949,1
0.106429,0.893571,1
0.003957,0.996043,1
0.018536,0.981464,1
0.012759,0.987241,1
0.000403,0.999597,1
0.018915,0.981085,1
0.001694,0.998306,1
0.106057,0.893943,1
0.000026,0.999974,1
0.000994,0.999006,1
0.413828,0.586172,1
0.000419,0.999581,1
0.352876,0.647124,1
0.000073,0.999927,1
0.013610,0.986390,1
0.447581,0.552419,1
0.605181,0.394819,0
0.000221,0.999779,1
0.053877,0.946123,1
0.002505,0.997495,1
0.007212,0.992788,1
0.000645,0.999355,1
0.000739,0.999261,1
0.081741,0.918259,1
0.008786,0.991214,1
0.003285,0.996715,1
0.081550,0.918450,1
0.005946,0.994054,1
0.034295,0.965705,1
0.161125,0.838875,1
0.005376,0.994624,1
0.005047,0.994953,1
0.685820,0.314180,0
0.128474,0.871526,1
0.088924,0.911076,1
0.560670,0.439330,0
0.008861,0.991139,1
0.872322,0.127678,0
0.000082,0.999918,1
0.017079,0.982921,1
0.003824,0.996176,1
0.001794,0.998206,1
0.004424,0.995576,1
0.020881,0.979119,1
0.000358,0.999642,1
0.001309,0.998691,1
0.678778,0.321222,0
0.000469,0.999531,1
0.801234,0.198766,0
0.513211,0.486789,0
0.014709,0.985291,1
0.012445,0.987555,1
0.000217,0.999783,1
0.754581,0.245419,0
0.000185,0.999815,1
0.014021,0.985979,1
0.000132,0.999868,1
0.006025,0.993975,1
0.000292,0.999708,1
0.794780,0.205220,0
0.133280,0.866720,1
0.455417,0.544583,1
0.273194,0.726806,1
0.016004,0.983996,1
0.087461,0.912539,1
0.001609,0.998391,1
0.123185,0.876815,1
0.003068,0.996932,1
0.951376,0.048624,0
0.003269,0.996731,1
0.015717,0.984283,1
0.702050,0.297950,0
0.002631,0.997369,1
0.411489,0.588511,1
0.004570,0.995430,1
0.000749,0.999251,1
0.010315,0.989685,1
0.277684,0.722316,1
0.002806,0.997194,1
0.040911,0.959089,1
0.002035,0.997965,1
0.000054,0.999946,1
0.000136,0.999864,1
0.055622,0.944378,1
0.187836,0.812164,1
0.031831,0.968169,1
0.051138,0.948862,1
0.000289,0.999711,1
0.163413,0.836587,1
0.004664,0.995336,1
0.019315,0.980685,1
0.004865,0.995135,1
0.002138,0.997862,1
0.011253,0.988747,1
0.143232,0.856768,1
0.002382,0.997618,1
0.000322,0.999678,1
0.185717,0.814283,1
0.000174,0.999826,1
0.041847,0.958153,1
0.014144,0.985856,1
0.046045,0.953955,1
0.002485,0.997515,1
0.001616,0.998384,1
0.013340,0.986660,1
0.878479,0.121521,0
0.176410,0.823590,1
0.670085,0.329915,0
0.699912,0.300088,0
0.809528,0.190472,0
0.415580,0.584420,1
0.000269,0.999731,1
0.001039,0.998961,1
0.034645,0.965355,1
0.197211,0.802789,1
0.000511,0.999489,1
0.706309,0.293691,0
0.000345,0.999655,1
0.006253,0.993747,1
0.104498,0.895502,1
0.000620,0.999380,1
0.001320,0.998680,1
0.920857,0.079143,0
0.974616,0.025384,0
0.880281,0.119719,0
0.979336,0.020664,0
0.183338,0.816662,1
0.864126,0.135874,0
0.093654,0.906346,1
0.210281,0.789719,1
0.130714,0.869286,1
0.000176,0.999824,1
0.001629,0.998371,1
0.000362,0.999638,1
0.015666,0.984334,1
0.006162,0.993838,1
0.512877,0.487123,0
0.028784,0.971216,1
0.005350,0.994650,1
0.001504,0.998496,1
0.521039,0.478961,0
0.000005,0.999995,1
0.580032,0.419968,0
0.004498,0.995502,1
0.007790,0.992210,1
0.089747,0.910253,1
0.000340,0.999660,1
0.055588,0.944412,1
0.022362,0.977638,1
0.296889,0.703111,1
0.023447,0.976553,1
0.001593,0.998407,1
0.002656,0.997344,1
0.003750,0.996250,1
0.003036,0.996964,1
0.004853,0.995147,1
0.020215,0.979785,1
0.000805,0.999195,1
0.000424,0.999576,1
0.135834,0.864166,1
0.082855,0.917145,1
0.001595,0.998405,1
0.003230,0.996770,1
0.010482,0.989518,1
0.018995,0.981005,1
0.055320,0.944680,1
0.895302,0.104698,0
0.003569,0.996431,1
0.259411,0.740589,1
0.000588,0.999412,1
0.009508,0.990492,1
0.000093,0.999907,1
0.000009,0.999991,1
0.001857,0.998143,1
0.000627,0.999373,1
0.000606,0.999394,1
0.018708,0.981292,1
0.109667,0.890333,1
0.005642,0.994358,1
0.002775,0.997225,1
0.003141,0.996859,1
0.039603,0.960397,1
0.000087,0.999913,1
0.001919,0.998081,1
0.863595,0.136405,0
0.817233,0.182767,0
0.003467,0.996533,1
0.000619,0.999381,1
0.098582,0.901418,1
0.008681,0.991319,1
0.039979,0.960021,1
0.063105,0.936895,1
0.005235,0.994765,1
0.359779,0.640221,1
0.002265,0.997735,1
0.942930,0.057070,0
0.021494,0.978506,1
0.020924,0.979076,1
0.003062,0.996938,1
0.027297,0.972703,1
0.142539,0.857461,1
0.003607,0.996393,1
0.626689,0.373311,0
0.937013,0.062987,0
0.000014,0.999986,1
0.373828,0.626172,1
0.030175,0.969825,1
0.000078,0.999922,1
0.000749,0.999251,1
0.734536,0.265464,0
0.126843,0.873157,1
0.074766,0.925234,1
0.335469,0.664531,1
0.000733,0.999267,1
0.395941,0.604059,1
0.002584,0.997416,1
0.003663,0.996337,1
0.000876,0.999124,1
0.029600,0.970400,1
0.000858,0.999142,1
0.000217,0.999783,1
0.824709,0.175291,0
0.001284,0.998716,1
0.043327,0.956673,1
0.741123,0.258877,0
0.902247,0.097753,0
0.087117,0.912883,1
0.531899,0.468101,0
0.004912,0.995088,1
0.000337,0.999663,1
0.868055,0.131945,0
0.005585,0.994415,1
0.000084,0.999916,1
0.174232,0.825768,1
0.000015,0.999985,1
0.019605,0.980395,1
0.309829,0.690171,1
0.073378,0.926622,1
0.003136,0.996864,1
0.084886,0.915114,1
0.002150,0.997850,1
0.003283,0.996717,1
0.242923,0.757077,1
0.000214,0.999786,1
0.459772,0.540228,1
0.035207,0.964793,1
0.002297,0.997703,1
0.043139,0.956861,1
0.025268,0.974732,1
0.714746,0.285254,0
0.014698,0.985302,1
0.007475,0.992525,1
0.808745,0.191255,0
0.000675,0.999325,1
0.055808,0.944192,1
0.960365,0.039635,0
0.039464,0.960536,1
0.014970,0.985030,1
0.100730,0.899270,1
0.008275,0.991725,1
0.318837,0.681163,1
0.001000,0.999000,1
0.000536,0.999464,1
0.926764,0.073236,0
0.000953,0.999047,1
0.035850,0.964150,1
0.432687,0.567313,1
0.004308,0.995692,1
0.001262,0.998738,1
0.002075,0.997925,1
0.158096,0.841904,1
0.003069,0.996931,1
0.010636,0.989364,1
0.427605,0.572395,1
0.196638,0.803362,1
0.011576,0.988424,1
0.001697,0.998303,1
0.971112,0.028888,0
0.536545,0.463455,0
0.001646,0.998354,1
0.018695,0.981305,1
0.006716,0.993284,1
0.000350,0.999650,1
0.018001,0.981999,1
0.006144,0.993856,1
0.001498,0.998502,1
0.018830,0.981170,1
0.012310,0.987690,1
0.473469,0.526531,1
0.001574,0.998426,1
0.024072,0.975928,1
0.000711,0.999289,1
0.006184,0.993816,1
0.007568,0.992432,1
0.006410,0.993590,1
0.046396,0.953604,1
0.803955,0.196045,0
0.002807,0.997193,1
0.000002,0.999998,1
0.011075,0.988925,1
0.000397,0.999603,1
0.003416,0.996584,1
0.027276,0.972724,1
0.001129,0.998871,1
0.000974,0.999026,1
0.020081,0.979919,1
0.402099,0.597901,1
0.008427,0.991573,1
0.461118,0.538882,1
0.016531,0.983469,1
0.002323,0.997677,1
0.037079,0.962921,1
0.963608,0.036392,0
0.009313,0.990687,1
0.347525,0.652475,1
0.006209,0.993791,1
0.024164,0.975836,1
0.000360,0.999640,1
0.013103,0.986897,1
0.992360,0.007640,0
0.005509,0.994491,1
0.013336,0.986664,1
0.010963,0.989037,1
0.189984,0.810016,1
0.026687,0.973313,1
0.002883,0.997117,1
0.001201,0.998799,1
0.001571,0.998429,1
0.003550,0.996450,1
0.150308,0.849692,1
0.199185,0.800815,1
0.002965,0.997035,1
0.477534,0.522466,1
0.831993,0.168007,0
0.009072,0.990928,1
0.031037,0.968963,1
0.007514,0.992486,1
0.013941,0.986059,1
0.002227,0.997773,1
0.064816,0.935184,1
0.000585,0.999415,1
0.004177,0.995823,1
0.196900,0.803100,1
0.001600,0.998400,1
0.900014,0.099986,0
0.194453,0.805547,1
0.962959,0.037041,0
0.313392,0.686608,1
0.921988,0.078012,0
0.079622,0.920378,1
0.033832,0.966168,1
0.039455,0.960545,1
0.621255,0.378745,0
0.000023,0.999977,1
0.047091,0.952909,1
0.026925,0.973075,1
0.276124,0.723876,1
0.020145,0.979855,1
0.021935,0.978065,1
0.001026,0.998974,1
0.499982,0.500018,1
0.000194,0.999806,1
0.008701,0.991299,1
0.013144,0.986856,1
0.000705,0.999295,1
0.003152,0.996848,1
0.621722,0.378278,0
0.070946,0.929054,1
0.000155,0.999845,1
0.014379,0.985621,1
0.019849,0.980151,1
0.008259,0.991741,1
0.001305,0.998695,1
0.011994,0.988006,1
0.002021,0.997979,1
0.001379,0.998621,1
0.001542,0.998458,1
0.780575,0.219425,0
0.088975,0.911025,1
0.594437,0.405563,0
0.001770,0.998230,1
0.020695,0.979305,1
0.882878,0.117122,0
0.217714,0.782286,1
0.000097,0.999903,1
0.015271,0.984729,1
0.000948,0.999052,1
0.000008,0.999992,1
0.040931,0.959069,1
0.035467,0.964533,1
0.300797,0.699203,1
0.059855,0.940145,1
0.094625,0.905375,1
0.866749,0.133251,0
0.185963,0.814037,1
0.012433,0.987567,1
0.296399,0.703601,1
0.000129,0.999871,1
0.003294,0.996706,1
0.018774,0.981226,1
0.972589,0.027411,0
0.310786,0.689214,1
0.004893,0.995107,1
0.002372,0.997628,1
0.001043,0.998957,1
0.065468,0.934532,1
0.870032,0.129968,0
0.010939,0.989061,1
0.112733,0.887267,1
0.010763,0.989237,1
0.000851,0.999149,1
0.104388,0.895612,1
0.004719,0.995281,1
0.110459,0.889541,1
0.790926,0.209074,0
0.000482,0.999518,1
0.890654,0.109346,0
0.029209,0.970791,1
0.190324,0.809676,1
0.048540,0.951460,1
0.157274,0.842726,1
0.002468,0.997532,1
0.011047,0.988953,1
0.167693,0.832307,1
0.000033,0.999967,1
0.889756,0.110244,0
0.072480,0.927520,1
0.003065,0.996935,1
0.000438,0.999562,1
0.020719,0.979281,1
0.264373,0.735627,1
0.041005,0.958995,1
0.060557,0.939443,1
0.000896,0.999104,1
0.005993,0.994007,1
0.014782,0.985218,1
0.099972,0.900028,1
0.292200,0.707800,1
0.008659,0.991341,1
0.180103,0.819897,1
0.004875,0.995125,1
0.042044,0.957956,1
0.492697,0.507303,1
0.002693,0.997307,1
0.030022,0.969978,1
0.065602,0.934398,1
0.051040,0.948960,1
0.000667,0.999333,1
0.019724,0.980276,1
0.036339,0.963661,1
0.019608,0.980392,1
0.000118,0.999882,1
0.007059,0.992941,1
0.000634,0.999366,1
0.000438,0.999562,1
0.002514,0.997486,1
0.004770,0.995230,1
0.069964,0.930036,1
0.036065,0.963935,1
0.003150,0.996850,1
0.000054,0.999946,1
0.000408,0.999592,1
0.670318,0.329682,0
0.040459,0.959541,1
0.811617,0.188383,0
0.679839,0.320161,0
0.063447,0.936553,1
0.003792,0.996208,1
0.065741,0.934259,1
0.012394,0.987606,1
0.000096,0.999904,1
0.803447,0.196553,0
0.000691,0.999309,1
0.951513,0.048487,0
0.168518,0.831482,1
0.850896,0.149104,0
0.009800,0.990200,1
0.033586,0.966414,1
0.008056,0.991944,1
0.408076,0.591924,1
0.003374,0.996626,1
0.001871,0.998129,1
0.728844,0.271156,0
0.211990,0.788010,1
0.484134,0.515866,1
0.534589,0.465411,0
0.186172,0.813828,1
0.000574,0.999426,1
0.014526,0.985474,1
0.004580,0.995420,1
0.000898,0.999102,1
0.000411,0.999589,1
0.566275,0.433725,0
0.005673,0.994327,1
0.808747,0.191253,0
0.001108,0.998892,1
0.002309,0.997691,1
0.995324,0.004676,0
0.005890,0.994110,1
0.001890,0.998110,1
0.002268,0.997732,1
0.010687,0.989313,1
0.043361,0.956639,1
0.000285,0.999715,1
0.860327,0.139673,0
0.006536,0.993464,1
0.489255,0.510745,1
0.019454,0.980546,1
0.001612,0.998388,1
0.042919,0.957081,1
0.004324,0.995676,1
0.000109,0.999891,1
0.010234,0.989766,1
0.007203,0.992797,1
0.049622,0.950378,1
0.796085,0.203915,0
0.000612,0.999388,1
0.000251,0.999749,1
0.004356,0.995644,1
0.041260,0.958740,1
0.000900,0.999100,1
0.000026,0.999974,1
0.366933,0.633067,1
0.954392,0.045608,0
0.043991,0.956009,1
0.000159,0.999841,1
0.212034,0.787966,1
0.027056,0.972944,1
0.025909,0.974091,1
0.480461,0.519539,1
0.013132,0.986868,1
0.369527,0.630473,1
0.004417,0.995583,1
0.190147,0.809853,1
0.098262,0.901738,1
0.006676,0.993324,1
0.605892,0.394108,0
0.096100,0.903900,1
0.072648,0.927352,1
0.351339,0.648661,1
0.000686,0.999314,1
0.000083,0.999917,1
0.003947,0.996053,1
0.002060,0.997940,1
0.000212,0.999788,1
0.037312,0.962688,1
0.000127,0.999873,1
0.076623,0.923377,1
0.000015,0.999985,1
0.830356,0.169644,0
0.095158,0.904842,1
0.460896,0.539104,1
0.001797,0.998203,1
0.019073,0.980927,1
0.056706,0.943294,1
0.002449,0.997551,1
0.000179,0.999821,1
0.151107,0.848893,1
0.005654,0.994346,1
0.000146,0.999854,1
0.001169,0.998831,1
0.439902,0.560098,1
0.001261,0.998739,1
0.000877,0.999123,1
0.000087,0.999913,1
0.004911,0.995089,1
0.019999,0.980001,1
0.010238,0.989762,1
0.029756,0.970244,1
0.491294,0.508706,1
0.005524,0.994476,1
0.247956,0.752044,1
0.439302,0.560698,1
0.103554,0.896446,1
0.960371,0.039629,0
0.796938,0.203062,0
0.043636,0.956364,1
0.024713,0.975287,1
0.013994,0.986006,1
0.000002,0.999998,1
0.005711,0.994289,1
0.020183,0.979817,1
0.121563,0.878437,1
0.006081,0.993919,1
0.301868,0.698132,1
0.000215,0.999785,1
0.003634,0.996366,1
0.005037,0.994963,1
0.003574,0.996426,1
0.012310,0.987690,1
0.763487,0.236513,0
0.010077,0.989923,1
0.006377,0.993623,1
0.000633,0.999367,1
0.000340,0.999660,1
0.000481,0.999519,1
0.001760,0.998240,1
0.005121,0.994879,1
0.773140,0.226860,0
0.665164,0.334836,0
0.000255,0.999745,1
0.001914,0.998086,1
0.526538,0.473462,0
0.000679,0.999321,1
0.277252,0.722748,1
0.150404,0.849596,1
0.053364,0.946636,1
0.008192,0.991808,1
0.068330,0.931670,1
0.015284,0.984716,1
0.013638,0.986362,1
0.139109,0.860891,1
0.606100,0.393900,0
0.842765,0.157235,0
0.295991,0.704009,1
0.002555,0.997445,1
0.000779,0.999221,1
0.000110,0.999890,1
0.014952,0.985048,1
0.002470,0.997530,1
0.009746,0.990254,1
0.192616,0.807384,1
0.022451,0.977549,1
0.005585,0.994415,1
0.925085,0.074915,0
0.347012,0.652988,1
0.000414,0.999586,1
0.208301,0.791699,1
0.025328,0.974672,1
0.002538,0.997462,1
0.036155,0.963845,1
0.007606,0.992394,1
0.000580,0.999420,1
0.083894,0.916106,1
0.002451,0.997549,1
0.001712,0.998288,1
0.000521,0.999479,1
0.875162,0.124838,0
0.347450,0.652550,1
0.992780,0.007220,0
0.997367,0.002633,0
0.443794,0.556206,1
0.001271,0.998729,1
0.765561,0.234439,0
0.014737,0.985263,1
0.002579,0.997421,1
0.347804,0.652196,1
0.007868,0.992132,1
0.207690,0.792310,1
0.001897,0.998103,1
0.000037,0.999963,1
0.961660,0.038340,0
0.894634,0.105366,0
0.364427,0.635573,1
0.000707,0.999293,1
0.004604,0.995396,1
0.003071,0.996929,1
0.039209,0.960791,1
0.001330,0.998670,1
0.064187,0.935813,1
0.039783,0.960217,1
0.000376,0.999624,1
0.098924,0.901076,1
0.685469,0.314531,0
0.591063,0.408937,0
0.435036,0.564964,1
0.000042,0.999958,1
0.227187,0.772813,1
0.084941,0.915059,1
0.047650,0.952350,1
0.004314,0.995686,1
0.034231,0.965769,1
0.766377,0.233623,0
0.162321,0.837679,1
0.025357,0.974643,1
0.000232,0.999768,1
0.000422,0.999578,1
0.166699,0.833301,1
0.007104,0.992896,1
0.066240,0.933760,1
0.939782,0.060218,0
0.001377,0.998623,1
0.297092,0.702908,1
0.022417,0.977583,1
0.067158,0.932842,1
0.000007,0.999993,1
0.002621,0.997379,1
0.001107,0.998893,1
0.056269,0.943731,1
0.000833,0.999167,1
0.092772,0.907228,1
0.042351,0.957649,1
0.005946,0.994054,1
0.011526,0.988474,1
0.002992,0.997008,1
0.028225,0.971775,1
0.000305,0.999695,1
0.007580,0.992420,1
0.001401,0.998599,1
0.002542,0.997458,1
0.006487,0.993513,1
0.831220,0.168780,0
0.000201,0.999799,1
0.000691,0.999309,1
0.005200,0.994800,1
0.012195,0.987805,1
0.028600,0.971400,1
0.246345,0.753655,1
0.003237,0.996763,1
0.021891,0.978109,1
0.001726,0.998274,1
0.298926,0.701074,1
0.108468,0.891532,1
0.556791,0.443209,0
0.001257,0.998743,1
0.088372,0.911628,1
0.551596,0.448404,0
0.226798,0.773202,1
0.030433,0.969567,1
0.508962,0.491038,0
0.183409,0.816591,1
0.028072,0.971928,1
0.686982,0.313018,0
0.017455,0.982545,1
0.000076,0.999924,1
0.005456,0.994544,1
0.539408,0.460592,0
0.609196,0.390804,0
0.008411,0.991589,1
0.034044,0.965956,1
0.011137,0.988863,1
0.055324,0.944676,1
0.019741,0.980259,1
0.014738,0.985262,1
0.036815,0.963185,1
0.007958,0.992042,1
0.000749,0.999251,1
0.000414,0.999586,1
0.076358,0.923642,1
0.743799,0.256201,0
0.002832,0.997168,1
0.003202,0.996798,1
0.004128,0.995872,1
0.000819,0.999181,1
0.027262,0.972738,1
0.019430,0.980570,1
0.005190,0.994810,1
0.042535,0.957465,1
0.009692,0.990308,1
0.005371,0.994629,1
0.004202,0.995798,1
0.024862,0.975138,1
0.296166,0.703834,1
0.094439,0.905561,1
0.215839,0.784161,1
0.284721,0.715279,1
0.870411,0.129589,0
0.001640,0.998360,1
0.000978,0.999022,1
0.001062,0.998938,1
0.070327,0.929673,1
0.169291,0.830709,1
0.944307,0.055693,0
0.001291,0.998709,1
0.000049,0.999951,1
0.002263,0.997737,1
0.010839,0.989161,1
0.004467,0.995533,1
0.017973,0.982027,1
0.104336,0.895664,1
0.029093,0.970907,1
0.000479,0.999521,1
0.728115,0.271885,0
0.003782,0.996218,1
0.130609,0.869391,1
0.593380,0.406620,0
0.033104,0.966896,1
0.005627,0.994373,1
0.017486,0.982514,1
0.000592,0.999408,1
0.002045,0.997955,1
0.094191,0.905809,1
0.003154,0.996846,1
0.707463,0.292537,0
0.135544,0.864456,1
0.881335,0.118665,0
0.102329,0.897671,1
0.000044,0.999956,1
0.002818,0.997182,1
0.017738,0.982262,1
0.000071,0.999929,1
0.000008,0.999992,1
0.044837,0.955163,1
0.739535,0.260465,0
0.006542,0.993458,1
0.004786,0.995214,1
0.000252,0.999748,1
0.009421,0.990579,1
0.000016,0.999984,1
0.002373,0.997627,1
0.727780,0.272220,0
0.543403,0.456597,0
0.012072,0.987928,1
0.000849,0.999151,1
0.005505,0.994495,1
0.204564,0.795436,1
0.026489,0.973511,1
0.784327,0.215673,0
0.003217,0.996783,1
0.000776,0.999224,1
0.116328,0.883672,1
0.004452,0.995548,1
0.137412,0.862588,1
0.000163,0.999837,1
0.000501,0.999499,1
0.288628,0.711372,1
0.000035,0.999965,1
0.017765,0.982235,1
0.628873,0.371127,0
0.934235,0.065765,0
0.044943,0.955057,1
0.003521,0.996479,1
0.769704,0.230296,0
0.055417,0.944583,1
0.091063,0.908937,1
0.007347,0.992653,1
0.835034,0.164966,0
0.403245,0.596755,1
0.000061,0.999939,1
0.005582,0.994418,1
0.009423,0.990577,1
0.035655,0.964345,1
0.816897,0.183103,0
0.884297,0.115703,0
0.017314,0.982686,1
0.000037,0.999963,1
0.035108,0.964892,1
0.002442,0.997558,1
0.029132,0.970868,1
0.990215,0.009785,0
0.002004,0.997996,1
0.000164,0.999836,1
0.050412,0.949588,1
0.000663,0.999337,1
0.018797,0.981203,1
0.005296,0.994704,1
0.000016,0.999984,1
0.394906,0.605094,1
0.000466,0.999534,1
0.809219,0.190781,0
0.002315,0.997685,1
0.672733,0.327267,0
0.409326,0.590674,1
0.435108,0.564892,1
0.007715,0.992285,1
0.989475,0.010525,0
0.003204,0.996796,1
0.322153,0.677847,1
0.008015,0.991985,1
0.075958,0.924042,1
0.140167,0.859833,1
0.902674,0.097326,0
0.003293,0.996707,1
0.071462,0.928538,1
0.345473,0.654527,1
0.031632,0.968368,1
0.000916,0.999084,1
0.001897,0.998103,1
0.962454,0.037546,0
0.000886,0.999114,1
0.000368,0.999632,1
0.003430,0.996570,1
0.002948,0.997052,1
0.001779,0.998221,1
0.002755,0.997245,1
0.052161,0.947839,1
0.014208,0.985792,1
0.665686,0.334314,0
0.159160,0.840840,1
0.632444,0.367556,0
0.000087,0.999913,1
0.074379,0.925621,1
0.001439,0.998561,1
0.352212,0.647788,1
0.000177,0.999823,1
0.019785,0.980215,1
0.003651,0.996349,1
0.308534,0.691466,1
0.332053,0.667947,1
0.006736,0.993264,1
0.732610,0.267390,0
0.023014,0.976986,1
0.021046,0.978954,1
0.052132,0.947868,1
0.000295,0.999705,1
0.078182,0.921818,1
0.000034,0.999966,1
0.002925,0.997075,1
0.559899,0.440101,0
0.001279,0.998721,1
0.103811,0.896189,1
0.000070,0.999930,1
0.004496,0.995504,1
0.001922,0.998078,1
0.009582,0.990418,1
0.056421,0.943579,1
0.005151,0.994849,1
0.005040,0.994960,1
0.054453,0.945547,1
0.002272,0.997728,1
0.051446,0.948554,1
0.002675,0.997325,1
0.020426,0.979574,1
0.119017,0.880983,1
0.003429,0.996571,1
0.650099,0.349901,0
0.669637,0.330363,0
0.037836,0.962164,1
0.494876,0.505124,1
0.884267,0.115733,0
0.162755,0.837245,1
0.739832,0.260168,0
0.501214,0.498786,0
0.000059,0.999941,1
0.255472,0.744528,1
0.003653,0.996347,1
0.000318,0.999682,1
0.448708,0.551292,1
0.411779,0.588221,1
0.098714,0.901286,1
0.004605,0.995395,1
0.000697,0.999303,1
0.015941,0.984059,1
0.516697,0.483303,0
0.010857,0.989143,1
0.970793,0.029207,0
0.006832,0.993168,1
0.004630,0.995370,1
0.050611,0.949389,1
0.103424,0.896576,1
0.000043,0.999957,1
0.261695,0.738305,1
0.633754,0.366246,0
0.000443,0.999557,1
0.000408,0.999592,1
0.000271,0.999729,1
0.007436,0.992564,1
0.118088,0.881912,1
0.000641,0.999359,1
0.008638,0.991362,1
0.234544,0.765456,1
0.005071,0.994929,1
0.000141,0.999859,1
0.204724,0.795276,1
0.042569,0.957431,1
0.704291,0.295709,0
0.661329,0.338671,0
0.222488,0.777512,1
0.000606,0.999394,1
0.019268,0.980732,1
0.000510,0.999490,1
0.002461,0.997539,1
0.706248,0.293752,0
0.006499,0.993501,1
0.000660,0.999340,1
0.006956,0.993044,1
0.752806,0.247194,0
0.002951,0.997049,1
0.021593,0.978407,1
0.777631,0.222369,0
0.019296,0.980704,1
0.659597,0.340403,0
0.003945,0.996055,1
0.814186,0.185814,0
0.013683,0.986317,1
0.043180,0.956820,1
0.000391,0.999609,1
0.256763,0.743237,1
0.422988,0.577012,1
0.001376,0.998624,1
0.015394,0.984606,1
0.001174,0.998826,1
0.024395,0.975605,1
0.036748,0.963252,1
0.011769,0.988231,1
0.000052,0.999948,1
0.000307,0.999693,1
0.166802,0.833198,1
0.001467,0.998533,1
0.005917,0.994083,1
0.003555,0.996445,1
0.009911,0.990089,1
0.002739,0.997261,1
0.000007,0.999993,1
0.118644,0.881356,1
0.340146,0.659854,1
0.001335,0.998665,1
0.001703,0.998297,1
0.001127,0.998873,1
0.978351,0.021649,0
0.013642,0.986358,1
0.037619,0.962381,1
0.028838,0.971162,1
0.229605,0.770395,1
0.000059,0.999941,1
0.089285,0.910715,1
0.003516,0.996484,1
0.017152,0.982848,1
0.068281,0.931719,1
0.000272,0.999728,1
0.000070,0.999930,1
0.001688,0.998312,1
0.026463,0.973537,1
0.001166,0.998834,1
0.001473,0.998527,1
0.891857,0.108143,0
0.627160,0.372840,0
0.002674,0.997326,1
0.083771,0.916229,1
0.011823,0.988177,1
0.079667,0.920333,1
0.004458,0.995542,1
0.002281,0.997719,1
0.248184,0.751816,1
0.864912,0.135088,0
0.000210,0.999790,1
0.581729,0.418271,0
0.991222,0.008778,0
0.719721,0.280279,0
0.004534,0.995466,1
0.234928,0.765072,1
0.014781,0.985219,1
0.001122,0.998878,1
0.008578,0.991422,1
0.002333,0.997667,1
0.001062,0.998938,1
0.520736,0.479264,0
0.000832,0.999168,1
0.003871,0.996129,1
0.133797,0.866203,1
0.147306,0.852694,1
0.098558,0.901442,1
0.742107,0.257893,0
0.849671,0.150329,0
0.002345,0.997655,1
0.000227,0.999773,1
0.018797,0.981203,1
0.000959,0.999041,1
0.180306,0.819694,1
0.000346,0.999654,1
0.167912,0.832088,1
0.006323,0.993677,1
0.036078,0.963922,1
0.099572,0.900428,1
0.039783,0.960217,1
0.002842,0.997158,1
0.076180,0.923820,1
0.009892,0.990108,1
0.002518,0.997482,1
0.000878,0.999122,1
0.007038,0.992962,1
0.204647,0.795353,1
0.010848,0.989152,1
0.673227,0.326773,0
0.000246,0.999754,1
0.000102,0.999898,1
0.016049,0.983951,1
0.000839,0.999161,1
0.001260,0.998740,1
0.076108,0.923892,1
0.044544,0.955456,1
0.005723,0.994277,1
0.099955,0.900045,1
0.000075,0.999925,1
0.784483,0.215517,0
0.000007,0.999993,1
0.066376,0.933624,1
0.061076,0.938924,1
0.004269,0.995731,1
0.031038,0.968962,1
0.020797,0.979203,1
0.003308,0.996692,1
0.001633,0.998367,1
0.000310,0.999690,1
0.030185,0.969815,1
0.773178,0.226822,0
0.002148,0.997852,1
0.000990,0.999010,1
0.300561,0.699439,1
0.636033,0.363967,0
0.005165,0.994835,1
0.000854,0.999146,1
0.474391,0.525609,1
0.004315,0.995685,1
0.870100,0.129900,0
0.002397,0.997603,1
0.007432,0.992568,1
0.004376,0.995624,1
0.088179,0.911821,1
0.001364,0.998636,1
0.174594,0.825406,1
0.026574,0.973426,1
0.005905,0.994095,1
0.001422,0.998578,1
0.440566,0.559434,1
0.077939,0.922061,1
0.617993,0.382007,0
0.000077,0.999923,1
0.232549,0.767451,1
0.000019,0.999981,1
0.311367,0.688633,1
0.025184,0.974816,1
0.005783,0.994217,1
0.000053,0.999947,1
0.000232,0.999768,1
0.869737,0.130263,0
0.007627,0.992373,1
0.955296,0.044704,0
0.000247,0.999753,1
0.000977,0.999023,1
0.001204,0.998796,1
0.518699,0.481301,0
0.002832,0.997168,1
0.005286,0.994714,1
0.061363,0.938637,1
0.000003,0.999997,1
0.001420,0.998580,1
0.001360,0.998640,1
0.036704,0.963296,1
0.003594,0.996406,1
0.992473,0.007527,0
0.004274,0.995726,1
0.512598,0.487402,0
0.335912,0.664088,1
0.022429,0.977571,1
0.001434,0.998566,1
0.505146,0.494854,0
0.580914,0.419086,0
0.037732,0.962268,1
0.000221,0.999779,1
0.005798,0.994202,1
0.000238,0.999762,1
0.837785,0.162215,0
0.929454,0.070546,0
0.000881,0.999119,1
0.138553,0.861447,1
0.001071,0.998929,1
0.001918,0.998082,1
0.769503,0.230497,0
0.004249,0.995751,1
0.360728,0.639272,1
0.002882,0.997118,1
0.000210,0.999790,1
0.025356,0.974644,1
0.008279,0.991721,1
0.001361,0.998639,1
0.001277,0.998723,1
0.014140,0.985860,1
0.018335,0.981665,1
0.118632,0.881368,1
0.886394,0.113606,0
0.338674,0.661326,1
0.000046,0.999954,1
0.001000,0.999000,1
0.001795,0.998205,1
0.001460,0.998540,1
0.984368,0.015632,0
0.029821,0.970179,1
0.905598,0.094402,0
0.941128,0.058872,0
0.690272,0.309728,0
0.637914,0.362086,0
0.110168,0.889832,1
0.017281,0.982719,1
0.000334,0.999666,1
0.000010,0.999990,1
0.000749,0.999251,1
0.000831,0.999169,1
0.919385,0.080615,0
0.004779,0.995221,1
0.066693,0.933307,1
0.051246,0.948754,1
0.026596,0.973404,1
0.048369,0.951631,1
0.000298,0.999702,1
0.007382,0.992618,1
0.228841,0.771159,1
0.004176,0.995824,1
0.055152,0.944848,1
0.003393,0.996607,1
0.028646,0.971354,1
0.006628,0.993372,1
0.005436,0.994564,1
0.000397,0.999603,1
0.004335,0.995665,1
0.994246,0.005754,0
0.001651,0.998349,1
0.029567,0.970433,1
0.368069,0.631931,1
0.004425,0.995575,1
0.964196,0.035804,0
0.001641,0.998359,1
0.506794,0.493206,0
0.003795,0.996205,1
0.000007,0.999993,1
0.000014,0.999986,1
0.108292,0.891708,1
0.015278,0.984722,1
0.082703,0.917297,1
0.543430,0.456570,0
0.039528,0.960472,1
0.921915,0.078085,0
0.102937,0.897063,1
0.003076,0.996924,1
0.001132,0.998868,1
0.010384,0.989616,1
0.661037,0.338963,0
0.374235,0.625765,1
0.706627,0.293373,0
0.001052,0.998948,1
0.495245,0.504755,1
0.003746,0.996254,1
0.378125,0.621875,1
0.003489,0.996511,1
0.093251,0.906749,1
0.034856,0.965144,1
0.039602,0.960398,1
0.963795,0.036205,0
0.892143,0.107857,0
0.004536,0.995464,1
0.004541,0.995459,1
0.003342,0.996658,1
0.854321,0.145679,0
0.000686,0.999314,1
0.621469,0.378531,0
0.010844,0.989156,1
0.000153,0.999847,1
0.013459,0.986541,1
0.000784,0.999216,1
0.025746,0.974254,1
0.004150,0.995850,1
0.007141,0.992859,1
0.131575,0.868425,1
0.001366,0.998634,1
0.674714,0.325286,0
0.000219,0.999781,1
0.016909,0.983091,1
0.932333,0.067667,0
0.037997,0.962003,1
0.556093,0.443907,0
0.031924,0.968076,1
0.073106,0.926894,1
0.220510,0.779490,1
0.000023,0.999977,1
0.000116,0.999884,1
0.000857,0.999143,1
0.001110,0.998890,1
0.000088,0.999912,1
0.707959,0.292041,0
0.005747,0.994253,1
0.934179,0.065821,0
0.000757,0.999243,1
0.017183,0.982817,1
0.003463,0.996537,1
0.004753,0.995247,1
0.001055,0.998945,1
0.312938,0.687062,1
0.001539,0.998461,1
0.045755,0.954245,1
0.581908,0.418092,0
0.006065,0.993935,1
0.512695,0.487305,0
0.667544,0.332456,0
0.000324,0.999676,1
0.053466,0.946534,1
0.820742,0.179258,0
0.212688,0.787312,1
0.219990,0.780010,1
0.008441,0.991559,1
0.004498,0.995502,1
0.001435,0.998565,1
0.270764,0.729236,1
0.013924,0.986076,1
0.001230,0.998770,1
0.000492,0.999508,1
0.004003,0.995997,1
0.036305,0.963695,1
0.298862,0.701138,1
0.000443,0.999557,1
0.007307,0.992693,1
0.835029,0.164971,0
0.000035,0.999965,1
0.422776,0.577224,1
0.448970,0.551030,1
0.544837,0.455163,0
0.004815,0.995185,1
0.207909,0.792091,1
0.000029,0.999971,1
0.008865,0.991135,1
0.001995,0.998005,1
0.003747,0.996253,1
0.880455,0.119545,0
0.003613,0.996387,1
0.063694,0.936306,1
0.004694,0.995306,1
0.000007,0.999993,1
0.021779,0.978221,1
0.049325,0.950675,1
0.000718,0.999282,1
0.002365,0.997635,1
0.963489,0.036511,0
0.784370,0.215630,0
0.027294,0.972706,1
0.000769,0.999231,1
0.003221,0.996779,1
0.035714,0.964286,1
0.001293,0.998707,1
0.464753,0.535247,1
0.295805,0.704195,1
0.164776,0.835224,1
0.001096,0.998904,1
0.239387,0.760613,1
0.000028,0.999972,1
0.001510,0.998490,1
0.596823,0.403177,0
0.006086,0.993914,1
0.009832,0.990168,1
0.762069,0.237931,0
0.000013,0.999987,1
0.037446,0.962554,1
0.120842,0.879158,1
0.263686,0.736314,1
0.868595,0.131405,0
0.057778,0.942222,1
0.000197,0.999803,1
0.118389,0.881611,1
0.164848,0.835152,1
0.000148,0.999852,1
0.003099,0.996901,1
0.543458,0.456542,0
0.167451,0.832549,1
0.020215,0.979785,1
0.615969,0.384031,0
0.000696,0.999304,1
0.139356,0.860644,1
0.350416,0.649584,1
0.162283,0.837717,1
0.004397,0.995603,1
0.022969,0.977031,1
0.186149,0.813851,1
0.066418,0.933582,1
0.001605,0.998395,1
0.546919,0.453081,0
0.886310,0.113690,0
0.018050,0.981950,1
0.004343,0.995657,1
0.005367,0.994633,1
0.000057,0.999943,1
0.001856,0.998144,1
0.000598,0.999402,1
0.000343,0.999657,1
0.434361,0.565639,1
0.000145,0.999855,1
0.002825,0.997175,1
0.002336,0.997664,1
0.404093,0.595907,1
0.779388,0.220612,0
0.000109,0.999891,1
0.000146,0.999854,1
0.006238,0.993762,1
0.176660,0.823340,1
0.000874,0.999126,1
0.003206,0.996794,1
0.045525,0.954475,1
0.945124,0.054876,0
0.030472,0.969528,1
0.009577,0.990423,1
0.057922,0.942078,1
0.000699,0.999301,1
0.472927,0.527073,1
0.032421,0.967579,1
0.116613,0.883387,1
0.067494,0.932506,1
0.078254,0.921746,1
0.001192,0.998808,1
0.319860,0.680140,1
0.487260,0.512740,1
0.183212,0.816788,1
0.000184,0.999816,1
0.000944,0.999056,1
0.333990,0.666010,1
0.018494,0.981506,1
0.305469,0.694531,1
0.104245,0.895755,1
0.012094,0.987906,1
0.021803,0.978197,1
0.240640,0.759360,1
0.224363,0.775637,1
0.478365,0.521635,1
0.002666,0.997334,1
0.059200,0.940800,1
0.566774,0.433226,0
0.000681,0.999319,1
0.385875,0.614125,1
0.148493,0.851507,1
0.333028,0.666972,1
0.697201,0.302799,0
0.000086,0.999914,1
0.004044,0.995956,1
0.002081,0.997919,1
0.071445,0.928555,1
0.004016,0.995984,1
0.598515,0.401485,0
0.000356,0.999644,1
0.000646,0.999354,1
0.015403,0.984597,1
0.000099,0.999901,1
0.016339,0.983661,1
0.000116,0.999884,1
0.001792,0.998208,1
0.000619,0.999381,1
0.009152,0.990848,1
0.747380,0.252620,0
0.100510,0.899490,1
0.011186,0.988814,1
0.187843,0.812157,1
0.000311,0.999689,1
0.516721,0.483279,0
0.000564,0.999436,1
0.747280,0.252720,0
0.124695,0.875305,1
0.000065,0.999935,1
0.007980,0.992020,1
0.000632,0.999368,1
0.011948,0.988052,1
0.107605,0.892395,1
0.002804,0.997196,1
0.012374,0.987626,1
0.000598,0.999402,1
0.163514,0.836486,1
0.829328,0.170672,0
0.702355,0.297645,0
0.018180,0.981820,1
0.002929,0.997071,1
0.000078,0.999922,1
0.063600,0.936400,1
0.161772,0.838228,1
0.768691,0.231309,0
0.385896,0.614104,1
0.994529,0.005471,0
0.145855,0.854145,1
0.210557,0.789443,1
0.782588,0.217412,0
0.757686,0.242314,0
0.002422,0.997578,1
0.001895,0.998105,1
0.017823,0.982177,1
0.000173,0.999827,1
0.008709,0.991291,1
0.000594,0.999406,1
0.002907,0.997093,1
0.053061,0.946939,1
0.653941,0.346059,0
0.554259,0.445741,0
0.091300,0.908700,1
0.000281,0.999719,1
0.143030,0.856970,1
0.614411,0.385589,0
0.003614,0.996386,1
0.000001,0.999999,1
0.001169,0.998831,1
0.000445,0.999555,1
0.030984,0.969016,1
0.000404,0.999596,1
0.000102,0.999898,1
0.007034,0.992966,1
0.001177,0.998823,1
0.002504,0.997496,1
0.055442,0.944558,1
0.005233,0.994767,1
0.589556,0.410444,0
0.881912,0.118088,0
0.022077,0.977923,1
0.001607,0.998393,1
0.319792,0.680208,1
0.167841,0.832159,1
0.004928,0.995072,1
0.541697,0.458303,0
0.042364,0.957636,1
0.003933,0.996067,1
0.002425,0.997575,1
0.002028,0.997972,1
0.000080,0.999920,1
0.031955,0.968045,1
0.006302,0.993698,1
0.000754,0.999246,1
0.002031,0.997969,1
0.005513,0.994487,1
0.053965,0.946035,1
0.009208,0.990792,1
0.002003,0.997997,1
0.223736,0.776264,1
0.156909,0.843091,1
0.000023,0.999977,1
0.920251,0.079749,0
0.034514,0.965486,1
0.073744,0.926256,1
0.000181,0.999819,1
0.000946,0.999054,1
0.070685,0.929315,1
0.009524,0.990476,1
0.663969,0.336031,0
0.175328,0.824672,1
0.002450,0.997550,1
0.001939,0.998061,1
0.000235,0.999765,1
0.077284,0.922716,1
0.000310,0.999690,1
0.021042,0.978958,1
0.048260,0.951740,1
0.008132,0.991868,1
0.009039,0.990961,1
0.004752,0.995248,1
0.485768,0.514232,1
0.005910,0.994090,1
0.002869,0.997131,1
0.649821,0.350179,0
0.031726,0.968274,1
0.094733,0.905267,1
0.785717,0.214283,0
0.150758,0.849242,1
0.005619,0.994381,1
0.409287,0.590713,1
0.191506,0.808494,1
0.006589,0.993411,1
0.304834,0.695166,1
0.009458,0.990542,1
0.094114,0.905886,1
0.001279,0.998721,1
0.019432,0.980568,1
0.468285,0.531715,1
0.237102,0.762898,1
0.793803,0.206197,0
0.003813,0.996187,1
0.014372,0.985628,1
0.796232,0.203768,0
0.000401,0.999599,1
0.656035,0.343965,0
0.018757,0.981243,1
0.003129,0.996871,1
0.878787,0.121213,0
0.877799,0.122201,0
0.129875,0.870125,1
0.001295,0.998705,1
0.156272,0.843728,1
0.000489,0.999511,1
0.026154,0.973846,1
0.023894,0.976106,1
0.544828,0.455172,0
0.000511,0.999489,1
0.002510,0.997490,1
0.286108,0.713892,1
0.001204,0.998796,1
0.000799,0.999201,1
0.773927,0.226073,0
0.953582,0.046418,0
0.021764,0.978236,1
0.000277,0.999723,1
0.623570,0.376430,0
0.002741,0.997259,1
0.309205,0.690795,1
0.531992,0.468008,0
0.001417,0.998583,1
0.000112,0.999888,1
0.299343,0.700657,1
0.041934,0.958066,1
0.003218,0.996782,1
0.002383,0.997617,1
0.011298,0.988702,1
0.938132,0.061868,0
0.000345,0.999655,1
0.012215,0.987785,1
0.048821,0.951179,1
0.102501,0.897499,1
0.921696,0.078304,0
0.000010,0.999990,1
0.013222,0.986778,1
0.110025,0.889975,1
0.977283,0.022717,0
0.049904,0.950096,1
0.003887,0.996113,1
0.370447,0.629553,1
0.007074,0.992926,1
0.150691,0.849309,1
0.000737,0.999263,1
0.103840,0.896160,1
0.001024,0.998976,1
0.871964,0.128036,0
0.777193,0.222807,0
0.191966,0.808034,1
0.008432,0.991568,1
0.000940,0.999060,1
0.254256,0.745744,1
0.000012,0.999988,1
0.028609,0.971391,1
0.001201,0.998799,1
0.945726,0.054274,0
0.000207,0.999793,1
0.000435,0.999565,1
0.001359,0.998641,1
0.202748,0.797252,1
0.010284,0.989716,1
0.004037,0.995963,1
0.007240,0.992760,1
0.005885,0.994115,1
0.004338,0.995662,1
0.048681,0.951319,1
0.005904,0.994096,1
0.004872,0.995128,1
0.004869,0.995131,1
0.057659,0.942341,1
0.515373,0.484627,0
0.180830,0.819170,1
0.002967,0.997033,1
0.030705,0.969295,1
0.144295,0.855705,1
0.394457,0.605543,1
0.021316,0.978684,1
0.089401,0.910599,1
0.346901,0.653099,1
0.071091,0.928909,1
0.002853,0.997147,1
0.019102,0.980898,1
0.005297,0.994703,1
0.833201,0.166799,0
0.071864,0.928136,1
0.183940,0.816060,1
0.719273,0.280727,0
0.909689,0.090311,0
0.168435,0.831565,1
0.013747,0.986253,1
0.033927,0.966073,1
0.012678,0.987322,1
0.009811,0.990189,1
0.001682,0.998318,1
0.741945,0.258055,0
0.009130,0.990870,1
0.343878,0.656122,1
0.005878,0.994122,1
0.016716,0.983284,1
0.783281,0.216719,0
0.020923,0.979077,1
0.001912,0.998088,1
0.000097,0.999903,1
0.213081,0.786919,1
0.122892,0.877108,1
0.000135,0.999865,1
0.121157,0.878843,1
0.497052,0.502948,1
0.044399,0.955601,1
0.008744,0.991256,1
0.047626,0.952374,1
0.000811,0.999189,1
0.011011,0.988989,1
0.080628,0.919372,1
0.552935,0.447065,0
0.002047,0.997953,1
0.740771,0.259229,0
0.016031,0.983969,1
0.006112,0.993888,1
0.003280,0.996720,1
0.154761,0.845239,1
0.012794,0.987206,1
0.667441,0.332559,0
0.009931,0.990069,1
0.000282,0.999718,1
0.001956,0.998044,1
0.917574,0.082426,0
0.126164,0.873836,1
0.000455,0.999545,1
0.005392,0.994608,1
0.000719,0.999281,1
0.003510,0.996490,1
0.295429,0.704571,1
0.000157,0.999843,1
0.000004,0.999996,1
0.040524,0.959476,1
0.000586,0.999414,1
0.558224,0.441776,0
0.000100,0.999900,1
0.018009,0.981991,1
0.994035,0.005965,0
0.000929,0.999071,1
0.459829,0.540171,1
0.024086,0.975914,1
0.306431,0.693569,1
0.000442,0.999558,1
0.899345,0.100655,0
0.565933,0.434067,0
0.965408,0.034592,0
0.038553,0.961447,1
0.000809,0.999191,1
0.001090,0.998910,1
0.003067,0.996933,1
0.000467,0.999533,1
0.215071,0.784929,1
0.001259,0.998741,1
0.003909,0.996091,1
0.836844,0.163156,0
0.462027,0.537973,1
0.002324,0.997676,1
0.000071,0.999929,1
0.000972,0.999028,1
0.000006,0.999994,1
0.033844,0.966156,1
0.006345,0.993655,1
0.546994,0.453006,0
0.250131,0.749869,1
0.067114,0.932886,1
0.000371,0.999629,1
0.002775,0.997225,1
0.008835,0.991165,1
0.001258,0.998742,1
0.003836,0.996164,1
0.000124,0.999876,1
0.003777,0.996223,1
0.001076,0.998924,1
0.015573,0.984427,1
0.044916,0.955084,1
0.010470,0.989530,1
0.044462,0.955538,1
0.005548,0.994452,1
0.000554,0.999446,1
0.007251,0.992749,1
0.002032,0.997968,1
0.001396,0.998604,1
0.000006,0.999994,1
0.001061,0.998939,1
0.000487,0.999513,1
0.017247,0.982753,1
0.039802,0.960198,1
0.000207,0.999793,1
0.049247,0.950753,1
0.056923,0.943077,1
0.002679,0.997321,1
0.003471,0.996529,1
0.000830,0.999170,1
0.646041,0.353959,0
0.010710,0.989290,1
0.470522,0.529478,1
0.003299,0.996701,1
0.401476,0.598524,1
0.475218,0.524782,1
0.003098,0.996902,1
0.003764,0.996236,1
0.002220,0.997780,1
0.218659,0.781341,1
0.001842,0.998158,1
0.002449,0.997551,1
0.009803,0.990197,1
0.000155,0.999845,1
0.011293,0.988707,1
0.030367,0.969633,1
0.001300,0.998700,1
0.000346,0.999654,1
0.893254,0.106746,0
0.532521,0.467479,0
0.006802,0.993198,1
0.026339,0.973661,1
0.000300,0.999700,1
0.004986,0.995014,1
0.018793,0.981207,1
0.026123,0.973877,1
0.002689,0.997311,1
0.092501,0.907499,1
0.002030,0.997970,1
0.147011,0.852989,1
0.002006,0.997994,1
0.002787,0.997213,1
0.000281,0.999719,1
0.010399,0.989601,1
0.008943,0.991057,1
0.848909,0.151091,0
0.296407,0.703593,1
0.287647,0.712353,1
0.017347,0.982653,1
0.242001,0.757999,1
0.000428,0.999572,1
0.679988,0.320012,0
0.810543,0.189457,0
0.010700,0.989300,1
0.000236,0.999764,1
0.015046,0.984954,1
0.097112,0.902888,1
0.039404,0.960596,1
0.824302,0.175698,0
0.019822,0.980178,1
0.007987,0.992013,1
0.000974,0.999026,1
0.022961,0.977039,1
0.003110,0.996890,1
0.000692,0.999308,1
0.000004,0.999996,1
0.000326,0.999674,1
0.002274,0.997726,1
0.044005,0.955995,1
0.005262,0.994738,1
0.019698,0.980302,1
0.221849,0.778151,1
0.024045,0.975955,1
0.014975,0.985025,1
0.022012,0.977988,1
0.000545,0.999455,1
0.881727,0.118273,0
0.221953,0.778047,1
0.013794,0.986206,1
0.895509,0.104491,0
0.094103,0.905897,1
0.002373,0.997627,1
0.004290,0.995710,1
0.017183,0.982817,1
0.103363,0.896637,1
0.004844,0.995156,1
0.002621,0.997379,1
0.000005,0.999995,1
0.067046,0.932954,1
0.000575,0.999425,1
0.641381,0.358619,0
0.000081,0.999919,1
0.001474,0.998526,1
0.233535,0.766465,1
0.669608,0.330392,0
0.314915,0.685085,1
0.002477,0.997523,1
0.000943,0.999057,1
0.003688,0.996312,1
0.002194,0.997806,1
0.005964,0.994036,1
0.000767,0.999233,1
0.545717,0.454283,0
0.004653,0.995347,1
0.035009,0.964991,1
0.000028,0.999972,1
0.012524,0.987476,1
0.391340,0.608660,1
0.245187,0.754813,1
0.859769,0.140231,0
0.000139,0.999861,1
0.000019,0.999981,1
0.000623,0.999377,1
0.004699,0.995301,1
0.010996,0.989004,1
0.001355,0.998645,1
0.001802,0.998198,1
0.001666,0.998334,1
0.002695,0.997305,1
0.000473,0.999527,1
0.047736,0.952264,1
0.048316,0.951684,1
0.008949,0.991051,1
0.008833,0.991167,1
0.105278,0.894722,1
0.003673,0.996327,1
0.011109,0.988891,1
0.002908,0.997092,1
0.003374,0.996626,1
0.000215,0.999785,1
0.001641,0.998359,1
0.000088,0.999912,1
0.000018,0.999982,1
0.006407,0.993593,1
0.003421,0.996579,1
0.000879,0.999121,1
0.095767,0.904233,1
0.640934,0.359066,0
0.008729,0.991271,1
0.001661,0.998339,1
0.024927,0.975073,1
0.128827,0.871173,1
0.001823,0.998177,1
0.017246,0.982754,1
0.015423,0.984577,1
0.685212,0.314788,0
0.000058,0.999942,1
0.031168,0.968832,1
0.000405,0.999595,1
0.002869,0.997131,1
0.001254,0.998746,1
0.000007,0.999993,1
0.257940,0.742060,1
0.026423,0.973577,1
0.215478,0.784522,1
0.615946,0.384054,0
0.001869,0.998131,1
0.000339,0.999661,1
0.598310,0.401690,0
0.372349,0.627651,1
0.000942,0.999058,1
0.839631,0.160369,0
0.000008,0.999992,1
0.509496,0.490504,0
0.000960,0.999040,1
0.000110,0.999890,1
0.000685,0.999315,1
0.002309,0.997691,1
0.002145,0.997855,1
0.000450,0.999550,1
0.306043,0.693957,1
0.182029,0.817971,1
0.063722,0.936278,1
0.123041,0.876959,1
0.008044,0.991956,1
0.002211,0.997789,1
0.006855,0.993145,1
0.111670,0.888330,1
0.012868,0.987132,1
0.000007,0.999993,1
0.000804,0.999196,1
0.008858,0.991142,1
0.000306,0.999694,1
0.073816,0.926184,1
0.012912,0.987088,1
0.531437,0.468563,0
0.011071,0.988929,1
0.319866,0.680134,1
0.756288,0.243712,0
0.001194,0.998806,1
0.000021,0.999979,1
0.000562,0.999438,1
0.863012,0.136988,0
0.000944,0.999056,1
0.001259,0.998741,1
0.001740,0.998260,1
0.048255,0.951745,1
0.008018,0.991982,1
0.001022,0.998978,1
0.000395,0.999605,1
0.000209,0.999791,1
0.037882,0.962118,1
0.000834,0.999166,1
0.000433,0.999567,1
0.001894,0.998106,1
0.083383,0.916617,1
0.000172,0.999828,1
0.006622,0.993378,1
0.454123,0.545877,1
0.104114,0.895886,1
0.028176,0.971824,1
0.002840,0.997160,1
0.011738,0.988262,1
0.009780,0.990220,1
0.000022,0.999978,1
0.348153,0.651847,1
0.076122,0.923878,1
0.867165,0.132835,0
0.000019,0.999981,1
0.122322,0.877678,1
0.305584,0.694416,1
0.000387,0.999613,1
0.075152,0.924848,1
0.028863,0.971137,1
0.009651,0.990349,1
0.057636,0.942364,1
0.000088,0.999912,1
0.007018,0.992982,1
0.003292,0.996708,1
0.000324,0.999676,1
0.001889,0.998111,1
0.000435,0.999565,1
0.748215,0.251785,0
0.008601,0.991399,1
0.025761,0.974239,1
0.001550,0.998450,1
0.004403,0.995597,1
0.526393,0.473607,0
0.050510,0.949490,1
0.000054,0.999946,1
0.083674,0.916326,1
0.930106,0.069894,0
0.001191,0.998809,1
0.000403,0.999597,1
0.008869,0.991131,1
0.055996,0.944004,1
0.001558,0.998442,1
0.689414,0.310586,0
0.817193,0.182807,0
0.007677,0.992323,1
0.680039,0.319961,0
0.002323,0.997677,1
0.011905,0.988095,1
0.028771,0.971229,1
0.006045,0.993955,1
0.000046,0.999954,1
0.009653,0.990347,1
0.001062,0.998938,1
0.000998,0.999002,1
0.030516,0.969484,1
0.003780,0.996220,1
0.957913,0.042087,0
0.003579,0.996421,1
0.000839,0.999161,1
0.005850,0.994150,1
0.769471,0.230529,0
0.989690,0.010310,0
0.000650,0.999350,1
0.000517,0.999483,1
0.060152,0.939848,1
0.023083,0.976917,1
0.271821,0.728179,1
0.011476,0.988524,1
0.000486,0.999514,1
0.005942,0.994058,1
0.001207,0.998793,1
0.020798,0.979202,1
0.002207,0.997793,1
0.001474,0.998526,1
0.002636,0.997364,1
0.006028,0.993972,1
0.018645,0.981355,1
0.526007,0.473993,0
0.001608,0.998392,1
0.103846,0.896154,1
0.000167,0.999833,1
0.165070,0.834930,1
0.005433,0.994567,1
0.129781,0.870219,1
0.005408,0.994592,1
0.055502,0.944498,1
0.990385,0.009615,0
0.000308,0.999692,1
0.019274,0.980726,1
0.543727,0.456273,0
0.152396,0.847604,1
0.059005,0.940995,1
0.002987,0.997013,1
0.238429,0.761571,1
0.002020,0.997980,1
0.590537,0.409463,0
0.612118,0.387882,0
0.030167,0.969833,1
0.008843,0.991157,1
0.000323,0.999677,1
0.059522,0.940478,1
0.115351,0.884649,1
0.003235,0.996765,1
0.030584,0.969416,1
0.000663,0.999337,1
0.000671,0.999329,1
0.011109,0.988891,1
0.011568,0.988432,1
0.000512,0.999488,1
0.022069,0.977931,1
0.016970,0.983030,1
0.507798,0.492202,0
0.001165,0.998835,1
0.126463,0.873537,1
0.004101,0.995899,1
0.013834,0.986166,1
0.014630,0.985370,1
0.003895,0.996105,1
0.018778,0.981222,1
0.958247,0.041753,0
0.022640,0.977360,1
0.461313,0.538687,1
0.225522,0.774478,1
0.162705,0.837295,1
0.865289,0.134711,0
0.000280,0.999720,1
0.001351,0.998649,1
0.004615,0.995385,1
0.410742,0.589258,1
0.014223,0.985777,1
0.014353,0.985647,1
0.000026,0.999974,1
0.732920,0.267080,0
0.000680,0.999320,1
0.231992,0.768008,1
0.000243,0.999757,1
0.000400,0.999600,1
0.111028,0.888972,1
0.368682,0.631318,1
0.000613,0.999387,1
0.811164,0.188836,0
0.000083,0.999917,1
0.000070,0.999930,1
0.020323,0.979677,1
0.008695,0.991305,1
0.000080,0.999920,1
0.001040,0.998960,1
0.000005,0.999995,1
0.010471,0.989529,1
0.000523,0.999477,1
0.214863,0.785137,1
0.005569,0.994431,1
0.005175,0.994825,1
0.005272,0.994728,1
0.517664,0.482336,0
0.360129,0.639871,1
0.096665,0.903335,1
0.001175,0.998825,1
0.190956,0.809044,1
0.995261,0.004739,0
0.008832,0.991168,1
0.002596,0.997404,1
0.309650,0.690350,1
0.009037,0.990963,1
0.209047,0.790953,1
0.000866,0.999134,1
0.156522,0.843478,1
0.804077,0.195923,0
0.000790,0.999210,1
0.031387,0.968613,1
0.033454,0.966546,1
0.001164,0.998836,1
0.198667,0.801333,1
0.000349,0.999651,1
0.000037,0.999963,1
0.000005,0.999995,1
0.002062,0.997938,1
0.120578,0.879422,1
0.004378,0.995622,1
0.000007,0.999993,1
0.013362,0.986638,1
0.024167,0.975833,1
0.134586,0.865414,1
0.069299,0.930701,1
0.002379,0.997621,1
0.013685,0.986315,1
0.003555,0.996445,1
0.011052,0.988948,1
0.000012,0.999988,1
0.742788,0.257212,0
0.466788,0.533212,1
0.048821,0.951179,1
0.009856,0.990144,1
0.257312,0.742688,1
0.418370,0.581630,1
0.000346,0.999654,1
0.028563,0.971437,1
0.351441,0.648559,1
0.027953,0.972047,1
0.000805,0.999195,1
0.003883,0.996117,1
0.005078,0.994922,1
0.156356,0.843644,1
0.024061,0.975939,1
0.002878,0.997122,1
0.040853,0.959147,1
0.002622,0.997378,1
0.085512,0.914488,1
0.139215,0.860785,1
0.004800,0.995200,1
0.050915,0.949085,1
0.967789,0.032211,0
0.032177,0.967823,1
0.036110,0.963890,1
0.160082,0.839918,1
0.001467,0.998533,1
0.410020,0.589980,1
0.004771,0.995229,1
0.004449,0.995551,1
0.001267,0.998733,1
0.012992,0.987008,1
0.001814,0.998186,1
0.864145,0.135855,0
0.000645,0.999355,1
0.001981,0.998019,1
0.006677,0.993323,1
0.018245,0.981755,1
0.000712,0.999288,1
0.012678,0.987322,1
0.007957,0.992043,1
0.022720,0.977280,1
0.035655,0.964345,1
0.003587,0.996413,1
0.004651,0.995349,1
0.000783,0.999217,1
0.839210,0.160790,0
0.791505,0.208495,0
0.000484,0.999516,1
0.784182,0.215818,0
0.643905,0.356095,0
0.000021,0.999979,1
0.273906,0.726094,1
0.000440,0.999560,1
0.278599,0.721401,1
0.466293,0.533707,1
0.005386,0.994614,1
0.412318,0.587682,1
0.001108,0.998892,1
0.000548,0.999452,1
0.004496,0.995504,1
0.000288,0.999712,1
0.004240,0.995760,1
0.935580,0.064420,0
0.626733,0.373267,0
0.005645,0.994355,1
0.000391,0.999609,1
0.005629,0.994371,1
0.003090,0.996910,1
0.026600,0.973400,1
0.110523,0.889477,1
0.019736,0.980264,1
0.125173,0.874827,1
0.942700,0.057300,0
0.003889,0.996111,1
0.477702,0.522298,1
0.001524,0.998476,1
0.002112,0.997888,1
0.008769,0.991231,1
0.002214,0.997786,1
0.081607,0.918393,1
0.004304,0.995696,1
0.993127,0.006873,0
0.055753,0.944247,1
0.515966,0.484034,0
0.007801,0.992199,1
0.003300,0.996700,1
0.264007,0.735993,1
0.001829,0.998171,1
0.035024,0.964976,1
0.095421,0.904579,1
0.014828,0.985172,1
0.069519,0.930481,1
0.007086,0.992914,1
0.000034,0.999966,1
0.000055,0.999945,1
0.102663,0.897337,1
0.280044,0.719956,1
0.006523,0.993477,1
0.004332,0.995668,1
0.898632,0.101368,0
0.490791,0.509209,1
0.029895,0.970105,1
0.831977,0.168023,0
0.001541,0.998459,1
0.124291,0.875709,1
0.002569,0.997431,1
0.002653,0.997347,1
0.003013,0.996987,1
0.010094,0.989906,1
0.000642,0.999358,1
0.000433,0.999567,1
0.057363,0.942637,1
0.006854,0.993146,1
0.016651,0.983349,1
0.004260,0.995740,1
0.488569,0.511431,1
0.000054,0.999946,1
0.007736,0.992264,1
0.011381,0.988619,1
0.052637,0.947363,1
0.538936,0.461064,0
0.000058,0.999942,1
0.002451,0.997549,1
0.004613,0.995387,1
0.201897,0.798103,1
0.002461,0.997539,1
0.024641,0.975359,1
0.000380,0.999620,1
0.007485,0.992515,1
0.004632,0.995368,1
0.006501,0.993499,1
0.013841,0.986159,1
0.131580,0.868420,1
0.001209,0.998791,1
0.000347,0.999653,1
0.000548,0.999452,1
0.035440,0.964560,1
0.001438,0.998562,1
0.004310,0.995690,1
0.001587,0.998413,1
0.007121,0.992879,1
0.283598,0.716402,1
0.049403,0.950597,1
0.005335,0.994665,1
0.016676,0.983324,1
0.000928,0.999072,1
0.001110,0.998890,1
0.078653,0.921347,1
0.811591,0.188409,0
0.000058,0.999942,1
0.015372,0.984628,1
0.026553,0.973447,1
0.021891,0.978109,1
0.029837,0.970163,1
0.954019,0.045981,0
0.153644,0.846356,1
0.001216,0.998784,1
0.002511,0.997489,1
0.000217,0.999783,1
0.003868,0.996132,1
0.000047,0.999953,1
0.004121,0.995879,1
0.265842,0.734158,1
0.000461,0.999539,1
0.057614,0.942386,1
0.252054,0.747946,1
0.899748,0.100252,0
0.001321,0.998679,1
0.005454,0.994546,1
0.000033,0.999967,1
0.000198,0.999802,1
0.000257,0.999743,1
0.043982,0.956018,1
0.000503,0.999497,1
0.016737,0.983263,1
0.013058,0.986942,1
0.000028,0.999972,1
0.006997,0.993003,1
0.003979,0.996021,1
0.038146,0.961854,1
0.004840,0.995160,1
0.091140,0.908860,1
0.006063,0.993937,1
0.003913,0.996087,1
0.000062,0.999938,1
0.002152,0.997848,1
0.185232,0.814768,1
0.000157,0.999843,1
0.018430,0.981570,1
0.845157,0.154843,0
0.572516,0.427484,0
0.005700,0.994300,1
0.002225,0.997775,1
0.592035,0.407965,0
0.010453,0.989547,1
0.002387,0.997613,1
0.103793,0.896207,1
0.239868,0.760132,1
0.626551,0.373449,0
0.008484,0.991516,1
0.115973,0.884027,1
0.367543,0.632457,1
0.005695,0.994305,1
0.002609,0.997391,1
0.225492,0.774508,1
0.120665,0.879335,1
0.004320,0.995680,1
0.003665,0.996335,1
0.994131,0.005869,0
0.121275,0.878725,1
0.007524,0.992476,1
0.017001,0.982999,1
0.529839,0.470161,0
0.000181,0.999819,1
0.236889,0.763111,1
0.268170,0.731830,1
0.781911,0.218089,0
0.198110,0.801890,1
0.006943,0.993057,1
0.000745,0.999255,1
0.001296,0.998704,1
0.043711,0.956289,1
0.001408,0.998592,1
0.954271,0.045729,0
0.012260,0.987740,1
0.337547,0.662453,1
0.000222,0.999778,1
0.004492,0.995508,1
0.007346,0.992654,1
0.227182,0.772818,1
0.001051,0.998949,1
0.000191,0.999809,1
0.412628,0.587372,1
0.001032,0.998968,1
0.000631,0.999369,1
0.002414,0.997586,1
0.001383,0.998617,1
0.036293,0.963707,1
0.002852,0.997148,1
0.373214,0.626786,1
0.002107,0.997893,1
0.001170,0.998830,1
0.003070,0.996930,1
0.013874,0.986126,1
0.461012,0.538988,1
0.004747,0.995253,1
0.007430,0.992570,1
0.015283,0.984717,1
0.001486,0.998514,1
0.314953,0.685047,1
0.003372,0.996628,1
0.018476,0.981524,1
0.205680,0.794320,1
0.053627,0.946373,1
0.011033,0.988967,1
0.023117,0.976883,1
0.001944,0.998056,1
0.039830,0.960170,1
0.006950,0.993050,1
0.252471,0.747529,1
0.866560,0.133440,0
0.095569,0.904431,1
0.057937,0.942063,1
0.010453,0.989547,1
0.019433,0.980567,1
0.004364,0.995636,1
0.160893,0.839107,1
0.003767,0.996233,1
0.033321,0.966679,1
0.989881,0.010119,0
0.002333,0.997667,1
0.011023,0.988977,1
0.005470,0.994530,1
0.577317,0.422683,0
0.837822,0.162178,0
0.002420,0.997580,1
0.308952,0.691048,1
0.149064,0.850936,1
0.014846,0.985154,1
0.053588,0.946412,1
0.004952,0.995048,1
0.135851,0.864149,1
0.833661,0.166339,0
0.020796,0.979204,1
0.000021,0.999979,1
0.069845,0.930155,1
0.015377,0.984623,1
0.001408,0.998592,1
0.250379,0.749621,1
0.000009,0.999991,1
0.005712,0.994288,1
0.002450,0.997550,1
0.003331,0.996669,1
0.000491,0.999509,1
0.014104,0.985896,1
0.001654,0.998346,1
0.002934,0.997066,1
0.001599,0.998401,1
0.012410,0.987590,1
0.011618,0.988382,1
0.005579,0.994421,1
0.003877,0.996123,1
0.140763,0.859237,1
0.014303,0.985697,1
0.001752,0.998248,1
0.997657,0.002343,0
0.003950,0.996050,1
0.002663,0.997337,1
0.095897,0.904103,1
0.001243,0.998757,1
0.730731,0.269269,0
0.013515,0.986485,1
0.409504,0.590496,1
0.003261,0.996739,1
0.869898,0.130102,0
0.000006,0.999994,1
0.003335,0.996665,1
0.000278,0.999722,1
0.001368,0.998632,1
0.042768,0.957232,1
0.003225,0.996775,1
0.017527,0.982473,1
0.003123,0.996877,1
0.000005,0.999995,1
0.003077,0.996923,1
0.000439,0.999561,1
0.004648,0.995352,1
0.001512,0.998488,1
0.001672,0.998328,1
0.000020,0.999980,1
0.013587,0.986413,1
0.000258,0.999742,1
0.017044,0.982956,1
0.145475,0.854525,1
0.253839,0.746161,1
0.000419,0.999581,1
0.128138,0.871862,1
0.000887,0.999113,1
0.017417,0.982583,1
0.515245,0.484755,0
0.921802,0.078198,0
0.000147,0.999853,1
0.000887,0.999113,1
0.000311,0.999689,1
0.408819,0.591181,1
0.027627,0.972373,1
0.001587,0.998413,1
0.003326,0.996674,1
0.000904,0.999096,1
0.661858,0.338142,0
0.022554,0.977446,1
0.002522,0.997478,1
0.027162,0.972838,1
0.046532,0.953468,1
0.001555,0.998445,1
0.004482,0.995518,1
0.000560,0.999440,1
0.050236,0.949764,1
0.135367,0.864633,1
0.000107,0.999893,1
0.000634,0.999366,1
0.002280,0.997720,1
0.011943,0.988057,1
0.003461,0.996539,1
0.000459,0.999541,1
0.003383,0.996617,1
0.774095,0.225905,0
0.012851,0.987149,1
0.322474,0.677526,1
0.043196,0.956804,1
0.007580,0.992420,1
0.545343,0.454657,0
0.003011,0.996989,1
0.000041,0.999959,1
0.505223,0.494777,0
0.027150,0.972850,1
0.056882,0.943118,1
0.116108,0.883892,1
0.249641,0.750359,1
0.372226,0.627774,1
0.039977,0.960023,1
0.806330,0.193670,0
0.338916,0.661084,1
0.004012,0.995988,1
0.000635,0.999365,1
0.044199,0.955801,1
0.442499,0.557501,1
0.000083,0.999917,1
0.285634,0.714366,1
0.008030,0.991970,1
0.000446,0.999554,1
0.319296,0.680704,1
0.004867,0.995133,1
0.018371,0.981629,1
0.285547,0.714453,1
0.005315,0.994685,1
0.004095,0.995905,1
0.212704,0.787296,1
0.003432,0.996568,1
0.014933,0.985067,1
0.041867,0.958133,1
0.001713,0.998287,1
0.203480,0.796520,1
0.005470,0.994530,1
0.001462,0.998538,1
0.092841,0.907159,1
0.000979,0.999021,1
0.000448,0.999552,1
0.006451,0.993549,1
0.000049,0.999951,1
0.023911,0.976089,1
0.008818,0.991182,1
0.007763,0.992237,1
0.004875,0.995125,1
0.283533,0.716467,1
0.001723,0.998277,1
0.134326,0.865674,1
0.337240,0.662760,1
0.000079,0.999921,1
0.000194,0.999806,1
0.001440,0.998560,1
0.011171,0.988829,1
0.057553,0.942447,1
0.001184,0.998816,1
0.021699,0.978301,1
0.168477,0.831523,1
0.953957,0.046043,0
0.006744,0.993256,1
0.000408,0.999592,1
0.002943,0.997057,1
0.842237,0.157763,0
0.004472,0.995528,1
0.000380,0.999620,1
0.000235,0.999765,1
0.000758,0.999242,1
0.022303,0.977697,1
0.004857,0.995143,1
0.003902,0.996098,1
0.000071,0.999929,1
0.001887,0.998113,1
0.000461,0.999539,1
0.004084,0.995916,1
0.024012,0.975988,1
0.667396,0.332604,0
0.074013,0.925987,1
0.129824,0.870176,1
0.000315,0.999685,1
0.008945,0.991055,1
0.993065,0.006935,0
0.004727,0.995273,1
0.000181,0.999819,1
0.003994,0.996006,1
0.000044,0.999956,1
0.000110,0.999890,1
0.340734,0.659266,1
0.001805,0.998195,1
0.014403,0.985597,1
0.000893,0.999107,1
0.002459,0.997541,1
0.005224,0.994776,1
0.000313,0.999687,1
0.327730,0.672270,1
0.013659,0.986341,1
0.143261,0.856739,1
0.527432,0.472568,0
0.024380,0.975620,1
0.000927,0.999073,1
0.750508,0.249492,0
0.015989,0.984011,1
0.008520,0.991480,1
0.001056,0.998944,1
0.000821,0.999179,1
0.000311,0.999689,1
0.005682,0.994318,1
0.003981,0.996019,1
0.006015,0.993985,1
0.796341,0.203659,0
0.000216,0.999784,1
0.003513,0.996487,1
0.002667,0.997333,1
0.123490,0.876510,1
0.000691,0.999309,1
0.008180,0.991820,1
0.047599,0.952401,1
0.986024,0.013976,0
0.025316,0.974684,1
0.002088,0.997912,1
0.001805,0.998195,1
0.007716,0.992284,1
0.357902,0.642098,1
0.001086,0.998914,1
0.000428,0.999572,1
0.033260,0.966740,1
0.015408,0.984592,1
0.009244,0.990756,1
0.018473,0.981527,1
0.005721,0.994279,1
0.084725,0.915275,1
0.961673,0.038327,0
0.005228,0.994772,1
0.045344,0.954656,1
0.023403,0.976597,1
0.003909,0.996091,1
0.000391,0.999609,1
0.215205,0.784795,1
0.000360,0.999640,1
0.001637,0.998363,1
0.818120,0.181880,0
0.005342,0.994658,1
0.006377,0.993623,1
0.107270,0.892730,1
0.011352,0.988648,1
0.007877,0.992123,1
0.190453,0.809547,1
0.115856,0.884144,1
0.097721,0.902279,1
0.000788,0.999212,1
0.000387,0.999613,1
0.000485,0.999515,1
0.006888,0.993112,1
0.022533,0.977467,1
0.091295,0.908705,1
0.017667,0.982333,1
0.380694,0.619306,1
0.000052,0.999948,1
0.002438,0.997562,1
0.020319,0.979681,1
0.047516,0.952484,1
0.496309,0.503691,1
0.024610,0.975390,1
0.947128,0.052872,0
0.161082,0.838918,1
0.000730,0.999270,1
0.202445,0.797555,1
0.004167,0.995833,1
0.000298,0.999702,1
0.702793,0.297207,0
0.002855,0.997145,1
0.000020,0.999980,1
0.040095,0.959905,1
0.000249,0.999751,1
0.002088,0.997912,1
0.000567,0.999433,1
0.448927,0.551073,1
0.001263,0.998737,1
0.176722,0.823278,1
0.039384,0.960616,1
0.013339,0.986661,1
0.000230,0.999770,1
0.389833,0.610167,1
0.001287,0.998713,1
0.009752,0.990248,1
0.005328,0.994672,1
0.015778,0.984222,1
0.001028,0.998972,1
0.139998,0.860002,1
0.002640,0.997360,1
0.008855,0.991145,1
0.000338,0.999662,1
0.000364,0.999636,1
0.000747,0.999253,1
0.006639,0.993361,1
0.014999,0.985001,1
0.661908,0.338092,0
0.000058,0.999942,1
0.000596,0.999404,1
0.003812,0.996188,1
0.013909,0.986091,1
0.002933,0.997067,1
0.000597,0.999403,1
0.001306,0.998694,1
0.028070,0.971930,1
0.005907,0.994093,1
0.004438,0.995562,1
0.007173,0.992827,1
0.001175,0.998825,1
0.046655,0.953345,1
0.017366,0.982634,1
0.282115,0.717885,1
0.008701,0.991299,1
0.005362,0.994638,1
0.001256,0.998744,1
0.000656,0.999344,1
0.010635,0.989365,1
0.237295,0.762705,1
0.037814,0.962186,1
0.000301,0.999699,1
0.857534,0.142466,0
0.066018,0.933982,1
0.003251,0.996749,1
0.002061,0.997939,1
0.002053,0.997947,1
0.121322,0.878678,1
0.102671,0.897329,1
0.000109,0.999891,1
0.053599,0.946401,1
0.035788,0.964212,1
0.972851,0.027149,0
0.002049,0.997951,1
0.001322,0.998678,1
0.000159,0.999841,1
0.012579,0.987421,1
0.596101,0.403899,0
0.270415,0.729585,1
0.706496,0.293504,0
0.362855,0.637145,1
0.035609,0.964391,1
0.001478,0.998522,1
0.969198,0.030802,0
0.006714,0.993286,1
0.519159,0.480841,0
0.000076,0.999924,1
0.477530,0.522470,1
0.001230,0.998770,1
0.000502,0.999498,1
0.002552,0.997448,1
0.289518,0.710482,1
0.724444,0.275556,0
0.008622,0.991378,1
0.000067,0.999933,1
0.205657,0.794343,1
0.005205,0.994795,1
0.090529,0.909471,1
0.002362,0.997638,1
0.036679,0.963321,1
0.002139,0.997861,1
0.002357,0.997643,1
0.655765,0.344235,0
0.444657,0.555343,1
0.001428,0.998572,1
0.013382,0.986618,1
0.102681,0.897319,1
0.021681,0.978319,1
0.052762,0.947238,1
0.964465,0.035535,0
0.323790,0.676210,1
0.001067,0.998933,1
0.001593,0.998407,1
0.513557,0.486443,0
0.124401,0.875599,1
0.102065,0.897935,1
0.438188,0.561812,1
0.005026,0.994974,1
0.002037,0.997963,1
0.001857,0.998143,1
0.000317,0.999683,1
0.101691,0.898309,1
0.000277,0.999723,1
0.000056,0.999944,1
0.968412,0.031588,0
0.002300,0.997700,1
0.000042,0.999958,1
0.004099,0.995901,1
0.374391,0.625609,1
0.162397,0.837603,1
0.001134,0.998866,1
0.049962,0.950038,1
0.066235,0.933765,1
0.002718,0.997282,1
0.037863,0.962137,1
0.899399,0.100601,0
0.894217,0.105783,0
0.009639,0.990361,1
0.002260,0.997740,1
0.160589,0.839411,1
0.110906,0.889094,1
0.099997,0.900003,1
0.129639,0.870361,1
0.000119,0.999881,1
0.057049,0.942951,1
0.003657,0.996343,1
0.025127,0.974873,1
0.223310,0.776690,1
0.066152,0.933848,1
0.008516,0.991484,1
0.071039,0.928961,1
0.011778,0.988222,1
0.010998,0.989002,1
0.067536,0.932464,1
0.004762,0.995238,1
0.000088,0.999912,1
0.021699,0.978301,1
0.008632,0.991368,1
0.003402,0.996598,1
0.028164,0.971836,1
0.016643,0.983357,1
0.056957,0.943043,1
0.001021,0.998979,1
0.002541,0.997459,1
0.020043,0.979957,1
0.104473,0.895527,1
0.000313,0.999687,1
0.006370,0.993630,1
0.004230,0.995770,1
0.003308,0.996692,1
0.000458,0.999542,1
0.001574,0.998426,1
0.101085,0.898915,1
0.004652,0.995348,1
0.000275,0.999725,1
0.759476,0.240524,0
0.045369,0.954631,1
0.475017,0.524983,1
0.034100,0.965900,1
0.004908,0.995092,1
0.039053,0.960947,1
0.004408,0.995592,1
0.804925,0.195075,0
0.001807,0.998193,1
0.001768,0.998232,1
0.047367,0.952633,1
0.105942,0.894058,1
0.000332,0.999668,1
0.943619,0.056381,0
0.002856,0.997144,1
0.035288,0.964712,1
0.002886,0.997114,1
0.004092,0.995908,1
0.009361,0.990639,1
0.001492,0.998508,1
0.994042,0.005958,0
0.005609,0.994391,1
0.170998,0.829002,1
0.000875,0.999125,1
0.215587,0.784413,1
0.010147,0.989853,1
0.761044,0.238956,0
0.553343,0.446657,0
0.806728,0.193272,0
0.000686,0.999314,1
0.008860,0.991140,1
0.034124,0.965876,1
0.007958,0.992042,1
0.688332,0.311668,0
0.017496,0.982504,1
0.075030,0.924970,1
0.814841,0.185159,0
0.029092,0.970908,1
0.591614,0.408386,0
0.000287,0.999713,1
0.004626,0.995374,1
0.003675,0.996325,1
0.932913,0.067087,0
0.188162,0.811838,1
0.114790,0.885210,1
0.470045,0.529955,1
0.811511,0.188489,0
0.089185,0.910815,1
0.141557,0.858443,1
0.009190,0.990810,1
0.002709,0.997291,1
0.818389,0.181611,0
0.010281,0.989719,1
0.000102,0.999898,1
0.002283,0.997717,1
0.005784,0.994216,1
0.105644,0.894356,1
0.007332,0.992668,1
0.000075,0.999925,1
0.265109,0.734891,1
0.939940,0.060060,0
0.054478,0.945522,1
0.016774,0.983226,1
0.000056,0.999944,1
0.000010,0.999990,1
0.889990,0.110010,0
0.007637,0.992363,1
0.000176,0.999824,1
0.008170,0.991830,1
0.011709,0.988291,1
0.005219,0.994781,1
0.000721,0.999279,1
0.888998,0.111002,0
0.008940,0.991060,1
0.001179,0.998821,1
0.000969,0.999031,1
0.001041,0.998959,1
0.021956,0.978044,1
0.002988,0.997012,1
0.001715,0.998285,1
0.104341,0.895659,1
0.000467,0.999533,1
0.000167,0.999833,1
0.696569,0.303431,0
0.000181,0.999819,1
0.006801,0.993199,1
0.324956,0.675044,1
0.979564,0.020436,0
0.015166,0.984834,1
0.945988,0.054012,0
0.175301,0.824699,1
0.146684,0.853316,1
0.131103,0.868897,1
0.115716,0.884284,1
0.094739,0.905261,1
0.134397,0.865603,1
0.024078,0.975922,1
0.002235,0.997765,1
0.019051,0.980949,1
0.020997,0.979003,1
0.005458,0.994542,1
0.010248,0.989752,1
0.004855,0.995145,1
0.227838,0.772162,1
0.000681,0.999319,1
0.000033,0.999967,1
0.000398,0.999602,1
0.011427,0.988573,1
0.000243,0.999757,1
0.010246,0.989754,1
0.062042,0.937958,1
0.038938,0.961062,1
0.052181,0.947819,1
0.035283,0.964717,1
0.000283,0.999717,1
0.002600,0.997400,1
0.007928,0.992072,1
0.001528,0.998472,1
0.118935,0.881065,1
0.510219,0.489781,0
0.919973,0.080027,0
0.000739,0.999261,1
0.096400,0.903600,1
0.035643,0.964357,1
0.540443,0.459557,0
0.349780,0.650220,1
0.000912,0.999088,1
0.034685,0.965315,1
0.004296,0.995704,1
0.000038,0.999962,1
0.003205,0.996795,1
0.002083,0.997917,1
0.000742,0.999258,1
0.000080,0.999920,1
0.291401,0.708599,1
0.003845,0.996155,1
0.003242,0.996758,1
0.013172,0.986828,1
0.539448,0.460552,0
0.001498,0.998502,1
0.668196,0.331804,0
0.004132,0.995868,1
0.007823,0.992177,1
0.742364,0.257636,0
0.335510,0.664490,1
0.000160,0.999840,1
0.005539,0.994461,1
0.971240,0.028760,0
0.012115,0.987885,1
0.007733,0.992267,1
0.775247,0.224753,0
0.088392,0.911608,1
0.063954,0.936046,1
0.006772,0.993228,1
0.000700,0.999300,1
0.000114,0.999886,1
0.025764,0.974236,1
0.010384,0.989616,1
0.007593,0.992407,1
0.658281,0.341719,0
0.096179,0.903821,1
0.001852,0.998148,1
0.016110,0.983890,1
0.009120,0.990880,1
0.004385,0.995615,1
0.016410,0.983590,1
0.000461,0.999539,1
0.000542,0.999458,1
0.012993,0.987007,1
0.007895,0.992105,1
0.017703,0.982297,1
0.025377,0.974623,1
0.072958,0.927042,1
0.099053,0.900947,1
0.009246,0.990754,1
0.002228,0.997772,1
0.067354,0.932646,1
0.000039,0.999961,1
0.001170,0.998830,1
0.006439,0.993561,1
0.003869,0.996131,1
0.991420,0.008580,0
0.106900,0.893100,1
0.000121,0.999879,1
0.000478,0.999522,1
0.002747,0.997253,1
0.462422,0.537578,1
0.049446,0.950554,1
0.676566,0.323434,0
0.005098,0.994902,1
0.424087,0.575913,1
0.419504,0.580496,1
0.870851,0.129149,0
0.459607,0.540393,1
0.001252,0.998748,1
0.147728,0.852272,1
0.001320,0.998680,1
0.000130,0.999870,1
0.249119,0.750881,1
0.520577,0.479423,0
0.401802,0.598198,1
0.002876,0.997124,1
0.001809,0.998191,1
0.002055,0.997945,1
0.000708,0.999292,1
0.004203,0.995797,1
0.002536,0.997464,1
0.003839,0.996161,1
0.042846,0.957154,1
0.256708,0.743292,1
0.056745,0.943255,1
0.578691,0.421309,0
0.008904,0.991096,1
0.003025,0.996975,1
0.307632,0.692368,1
0.126399,0.873601,1
0.000529,0.999471,1
0.001727,0.998273,1
0.000885,0.999115,1
0.005717,0.994283,1
0.022783,0.977217,1
0.951921,0.048079,0
0.011882,0.988118,1
0.890009,0.109991,0
0.006520,0.993480,1
0.015399,0.984601,1
0.760663,0.239337,0
0.997379,0.002621,0
0.000548,0.999452,1
0.077529,0.922471,1
0.009678,0.990322,1
0.003578,0.996422,1
0.264831,0.735169,1
0.002636,0.997364,1
0.042629,0.957371,1
0.000562,0.999438,1
0.311586,0.688414,1
0.325917,0.674083,1
0.012981,0.987019,1
0.002263,0.997737,1
0.016103,0.983897,1
0.006313,0.993687,1
0.001869,0.998131,1
0.036281,0.963719,1
0.468472,0.531528,1
0.704802,0.295198,0
0.017749,0.982251,1
0.132598,0.867402,1
0.010559,0.989441,1
0.465960,0.534040,1
0.000619,0.999381,1
0.017990,0.982010,1
0.000078,0.999922,1
0.067675,0.932325,1
0.010367,0.989633,1
0.027242,0.972758,1
0.005763,0.994237,1
0.000982,0.999018,1
0.005119,0.994881,1
0.012926,0.987074,1
0.017364,0.982636,1
0.039293,0.960707,1
0.017699,0.982301,1
0.572496,0.427504,0
0.001082,0.998918,1
0.026239,0.973761,1
0.009965,0.990035,1
0.001511,0.998489,1
0.014162,0.985838,1
0.494451,0.505549,1
0.002466,0.997534,1
0.000195,0.999805,1
0.009392,0.990608,1
0.893321,0.106679,0
0.027190,0.972810,1
0.003794,0.996206,1
0.146390,0.853610,1
0.004424,0.995576,1
0.000115,0.999885,1
0.013042,0.986958,1
0.015869,0.984131,1
0.036305,0.963695,1
0.007254,0.992746,1
0.564148,0.435852,0
0.036955,0.963045,1
0.032605,0.967395,1
0.001081,0.998919,1
0.975297,0.024703,0
0.010859,0.989141,1
0.000005,0.999995,1
0.065387,0.934613,1
0.009291,0.990709,1
0.004051,0.995949,1
0.003951,0.996049,1
0.000241,0.999759,1
0.000056,0.999944,1
0.005552,0.994448,1
0.001981,0.998019,1
0.463557,0.536443,1
0.070322,0.929678,1
0.002189,0.997811,1
0.002405,0.997595,1
0.004368,0.995632,1
0.003034,0.996966,1
0.000878,0.999122,1
0.001431,0.998569,1
0.121539,0.878461,1
0.003861,0.996139,1
0.224760,0.775240,1
0.000771,0.999229,1
0.025258,0.974742,1
0.010580,0.989420,1
0.004394,0.995606,1
0.007343,0.992657,1
0.001725,0.998275,1
0.000781,0.999219,1
0.284271,0.715729,1
0.000233,0.999767,1
0.000020,0.999980,1
0.023797,0.976203,1
0.001366,0.998634,1
0.000958,0.999042,1
0.005670,0.994330,1
0.024400,0.975600,1
0.118758,0.881242,1
0.793543,0.206457,0
0.000707,0.999293,1
0.009859,0.990141,1
0.000272,0.999728,1
0.006888,0.993112,1
0.002071,0.997929,1
0.448816,0.551184,1
0.735012,0.264988,0
0.010098,0.989902,1
0.099419,0.900581,1
0.122891,0.877109,1
0.111286,0.888714,1
0.077195,0.922805,1
0.000239,0.999761,1
0.445240,0.554760,1
0.000330,0.999670,1
0.000165,0.999835,1
0.002762,0.997238,1
0.224814,0.775186,1
0.009562,0.990438,1
0.734070,0.265930,0
0.000419,0.999581,1
0.001883,0.998117,1
0.038729,0.961271,1
0.000013,0.999987,1
0.701081,0.298919,0
0.099504,0.900496,1
0.070759,0.929241,1
0.004931,0.995069,1
0.000203,0.999797,1
0.001814,0.998186,1
0.000024,0.999976,1
0.000009,0.999991,1
0.021305,0.978695,1
0.035239,0.964761,1
0.023207,0.976793,1
0.011306,0.988694,1
0.000856,0.999144,1
0.008332,0.991668,1
0.064374,0.935626,1
0.614445,0.385555,0
0.003832,0.996168,1
0.000270,0.999730,1
0.958821,0.041179,0
0.007800,0.992200,1
0.000742,0.999258,1
0.014758,0.985242,1
0.839203,0.160797,0
0.007312,0.992688,1
0.004767,0.995233,1
0.200401,0.799599,1
0.005173,0.994827,1
0.000166,0.999834,1
0.001321,0.998679,1
0.011765,0.988235,1
0.002292,0.997708,1
0.002017,0.997983,1
0.255408,0.744592,1
0.005574,0.994426,1
0.541199,0.458801,0
0.937352,0.062648,0
0.003803,0.996197,1
0.014652,0.985348,1
0.001073,0.998927,1
0.155308,0.844692,1
0.561201,0.438799,0
0.806818,0.193182,0
0.005491,0.994509,1
0.000467,0.999533,1
0.058812,0.941188,1
0.010077,0.989923,1
0.000254,0.999746,1
0.001278,0.998722,1
0.890916,0.109084,0
0.994287,0.005713,0
0.001211,0.998789,1
0.008188,0.991812,1
0.001557,0.998443,1
0.005793,0.994207,1
0.011348,0.988652,1
0.463019,0.536981,1
0.766871,0.233129,0
0.047192,0.952808,1
0.071752,0.928248,1
0.002085,0.997915,1
0.621874,0.378126,0
0.755790,0.244210,0
0.024923,0.975077,1
0.260460,0.739540,1
0.003535,0.996465,1
0.165697,0.834303,1
0.009370,0.990630,1
0.011372,0.988628,1
0.270834,0.729166,1
0.242683,0.757317,1
0.002871,0.997129,1
0.055218,0.944782,1
0.051855,0.948145,1
0.984765,0.015235,0
0.000028,0.999972,1
0.071534,0.928466,1
0.047655,0.952345,1
0.000787,0.999213,1
0.000980,0.999020,1
0.000764,0.999236,1
0.305823,0.694177,1
0.114131,0.885869,1
0.826873,0.173127,0
0.000226,0.999774,1
0.211775,0.788225,1
0.000649,0.999351,1
0.003754,0.996246,1
0.000350,0.999650,1
0.114912,0.885088,1
0.345734,0.654266,1
0.040289,0.959711,1
0.000047,0.999953,1
0.556928,0.443072,0
0.066303,0.933697,1
0.574958,0.425042,0
0.198814,0.801186,1
0.845082,0.154918,0
0.037561,0.962439,1
0.020601,0.979399,1
0.094641,0.905359,1
0.015570,0.984430,1
0.000603,0.999397,1
0.003011,0.996989,1
0.068606,0.931394,1
0.049083,0.950917,1
0.002359,0.997641,1
0.237163,0.762837,1
0.042377,0.957623,1
0.000338,0.999662,1
0.265776,0.734224,1
0.392489,0.607511,1
0.084530,0.915470,1
0.001887,0.998113,1
0.023888,0.976112,1
0.000059,0.999941,1
0.491039,0.508961,1
0.007908,0.992092,1
0.644351,0.355649,0
0.366382,0.633618,1
0.411574,0.588426,1
0.087936,0.912064,1
0.941929,0.058071,0
0.001267,0.998733,1
0.010154,0.989846,1
0.004098,0.995902,1
0.297219,0.702781,1
0.975085,0.024915,0
0.952810,0.047190,0
0.763593,0.236407,0
0.007423,0.992577,1
0.623289,0.376711,0
0.003910,0.996090,1
0.030813,0.969187,1
0.008147,0.991853,1
0.037010,0.962990,1
0.143286,0.856714,1
0.326287,0.673713,1
0.003453,0.996547,1
0.000658,0.999342,1
0.922990,0.077010,0
0.040383,0.959617,1
0.011708,0.988292,1
0.052575,0.947425,1
0.029520,0.970480,1
0.321420,0.678580,1
0.004695,0.995305,1
0.647600,0.352400,0
0.209604,0.790396,1
0.000081,0.999919,1
0.301729,0.698271,1
0.011841,0.988159,1
0.001567,0.998433,1
0.000086,0.999914,1
0.378929,0.621071,1
0.095879,0.904121,1
0.655506,0.344494,0
0.038575,0.961425,1
0.001762,0.998238,1
0.123418,0.876582,1
0.024224,0.975776,1
0.005905,0.994095,1
0.439773,0.560227,1
0.002730,0.997270,1
0.011828,0.988172,1
0.003757,0.996243,1
0.218592,0.781408,1
0.051810,0.948190,1
0.000019,0.999981,1
0.116344,0.883656,1
0.101682,0.898318,1
0.023575,0.976425,1
0.050481,0.949519,1
0.318020,0.681980,1
0.000368,0.999632,1
0.116975,0.883025,1
0.095243,0.904757,1
0.097184,0.902816,1
0.002370,0.997630,1
0.017088,0.982912,1
0.028143,0.971857,1
0.016999,0.983001,1
0.352879,0.647121,1
0.044709,0.955291,1
0.003627,0.996373,1
0.005236,0.994764,1
0.005025,0.994975,1
0.180183,0.819817,1
0.074394,0.925606,1
0.066992,0.933008,1
0.001751,0.998249,1
0.001374,0.998626,1
0.283517,0.716483,1
0.026398,0.973602,1
0.000019,0.999981,1
0.000542,0.999458,1
0.004162,0.995838,1
0.646305,0.353695,0
0.001614,0.998386,1
0.475353,0.524647,1
0.058894,0.941106,1
0.958148,0.041852,0
0.000670,0.999330,1
0.056431,0.943569,1
0.001561,0.998439,1
0.002110,0.997890,1
0.000112,0.999888,1
0.060536,0.939464,1
0.002543,0.997457,1
0.000035,0.999965,1
0.000888,0.999112,1
0.728259,0.271741,0
0.001004,0.998996,1
0.792554,0.207446,0
0.128701,0.871299,1
0.018394,0.981606,1
0.021073,0.978927,1
0.016631,0.983369,1
0.000717,0.999283,1
0.048396,0.951604,1
0.000507,0.999493,1
0.009715,0.990285,1
0.000619,0.999381,1
0.003065,0.996935,1
0.001336,0.998664,1
0.007430,0.992570,1
0.614604,0.385396,0
0.049541,0.950459,1
0.444033,0.555967,1
0.000240,0.999760,1
0.013347,0.986653,1
0.141147,0.858853,1
0.005937,0.994063,1
0.470906,0.529094,1
0.263304,0.736696,1
0.093498,0.906502,1
0.001840,0.998160,1
0.009573,0.990427,1
0.719939,0.280061,0
0.015005,0.984995,1
0.000017,0.999983,1
0.258109,0.741891,1
0.000922,0.999078,1
0.418699,0.581301,1
0.000164,0.999836,1
0.000200,0.999800,1
0.453109,0.546891,1
0.004171,0.995829,1
0.053923,0.946077,1
0.002397,0.997603,1
0.000423,0.999577,1
0.019045,0.980955,1
0.000094,0.999906,1
0.972430,0.027570,0
0.080047,0.919953,1
0.000791,0.999209,1
0.000040,0.999960,1
0.040758,0.959242,1
0.925330,0.074670,0
0.008529,0.991471,1
0.098515,0.901485,1
0.126090,0.873910,1
0.017244,0.982756,1
0.000595,0.999405,1
0.005128,0.994872,1
0.091206,0.908794,1
0.963975,0.036025,0
0.006417,0.993583,1
0.005217,0.994783,1
0.204740,0.795260,1
0.008291,0.991709,1
0.008965,0.991035,1
0.885567,0.114433,0
0.008417,0.991583,1
0.048475,0.951525,1
0.081770,0.918230,1
0.011007,0.988993,1
0.475929,0.524071,1
0.000221,0.999779,1
0.002358,0.997642,1
0.537395,0.462605,0
0.195223,0.804777,1
0.026331,0.973669,1
0.827828,0.172172,0
0.120025,0.879975,1
0.007530,0.992470,1
0.888307,0.111693,0
0.443208,0.556792,1
0.000118,0.999882,1
0.004721,0.995279,1
0.578914,0.421086,0
0.180227,0.819773,1
0.003846,0.996154,1
0.018086,0.981914,1
0.019109,0.980891,1
0.001354,0.998646,1
0.427680,0.572320,1
0.502483,0.497517,0
0.107986,0.892014,1
0.331151,0.668849,1
0.939140,0.060860,0
0.141841,0.858159,1
0.007896,0.992104,1
0.041935,0.958065,1
0.005549,0.994451,1
0.000096,0.999904,1
0.157467,0.842533,1
0.004804,0.995196,1
0.065695,0.934305,1
0.891527,0.108473,0
0.221614,0.778386,1
0.000299,0.999701,1
0.049424,0.950576,1
0.000048,0.999952,1
0.012588,0.987412,1
0.000974,0.999026,1
0.001290,0.998710,1
0.013789,0.986211,1
0.001099,0.998901,1
0.792844,0.207156,0
0.000172,0.999828,1
0.003920,0.996080,1
0.026785,0.973215,1
0.005316,0.994684,1
0.004199,0.995801,1
0.058875,0.941125,1
0.005742,0.994258,1
0.003846,0.996154,1
0.007317,0.992683,1
0.001059,0.998941,1
0.000228,0.999772,1
0.074952,0.925048,1
0.025809,0.974191,1
0.014156,0.985844,1
0.004027,0.995973,1
0.000286,0.999714,1
0.420223,0.579777,1
0.004165,0.995835,1
0.000288,0.999712,1
0.018330,0.981670,1
0.569976,0.430024,0
0.000807,0.999193,1
0.712458,0.287542,0
0.177068,0.822932,1
0.001185,0.998815,1
0.335128,0.664872,1
0.841668,0.158332,0
0.004099,0.995901,1
0.000899,0.999101,1
0.000150,0.999850,1
0.000088,0.999912,1
0.011354,0.988646,1
0.007384,0.992616,1
0.544671,0.455329,0
0.000002,0.999998,1
0.003839,0.996161,1
0.003209,0.996791,1
0.997197,0.002803,0
0.029696,0.970304,1
0.000635,0.999365,1
0.365143,0.634857,1
0.011719,0.988281,1
0.158814,0.841186,1
0.000018,0.999982,1
0.005664,0.994336,1
0.001286,0.998714,1
0.824095,0.175905,0
0.798924,0.201076,0
0.002959,0.997041,1
0.001829,0.998171,1
0.200214,0.799786,1
0.009468,0.990532,1
0.001342,0.998658,1
0.188259,0.811741,1
0.000447,0.999553,1
0.012618,0.987382,1
0.000334,0.999666,1
0.236155,0.763845,1
0.896579,0.103421,0
0.230138,0.769862,1
0.014753,0.985247,1
0.011667,0.988333,1
0.131626,0.868374,1
0.000333,0.999667,1
0.016419,0.983581,1
0.065285,0.934715,1
0.001592,0.998408,1
0.001199,0.998801,1
0.570403,0.429597,0
0.435997,0.564003,1
0.244850,0.755150,1
0.303068,0.696932,1
0.853476,0.146524,0
0.001559,0.998441,1
0.000317,0.999683,1
0.001371,0.998629,1
0.004518,0.995482,1
0.100566,0.899434,1
0.092187,0.907813,1
0.000031,0.999969,1
0.006793,0.993207,1
0.808912,0.191088,0
0.051706,0.948294,1
0.004504,0.995496,1
0.279784,0.720216,1
0.215915,0.784085,1
0.000724,0.999276,1
0.013290,0.986710,1
0.232131,0.767869,1
0.178416,0.821584,1
0.022587,0.977413,1
0.007721,0.992279,1
0.002140,0.997860,1
0.661395,0.338605,0
0.000423,0.999577,1
0.000045,0.999955,1
0.000275,0.999725,1
0.006281,0.993719,1
0.002386,0.997614,1
0.001450,0.998550,1
0.000966,0.999034,1
0.208030,0.791970,1
0.006306,0.993694,1
0.362190,0.637810,1
0.015598,0.984402,1
0.504627,0.495373,0
0.229503,0.770497,1
0.002341,0.997659,1
0.002607,0.997393,1
0.068131,0.931869,1
0.003282,0.996718,1
0.009636,0.990364,1
0.000015,0.999985,1
0.003823,0.996177,1
0.602435,0.397565,0
0.005293,0.994707,1
0.003018,0.996982,1
0.178881,0.821119,1
0.933660,0.066340,0
0.097679,0.902321,1
0.061744,0.938256,1
0.006579,0.993421,1
0.072606,0.927394,1
0.007254,0.992746,1
0.002005,0.997995,1
0.000152,0.999848,1
0.107738,0.892262,1
0.012067,0.987933,1
0.229249,0.770751,1
0.000052,0.999948,1
0.016901,0.983099,1
0.000110,0.999890,1
0.003507,0.996493,1
0.951359,0.048641,0
0.123106,0.876894,1
0.004201,0.995799,1
0.002038,0.997962,1
0.101379,0.898621,1
0.028436,0.971564,1
0.031025,0.968975,1
0.018365,0.981635,1
0.021829,0.978171,1
0.051396,0.948604,1
0.000644,0.999356,1
0.002738,0.997262,1
0.004046,0.995954,1
0.015450,0.984550,1
0.167783,0.832217,1
0.027257,0.972743,1
0.003619,0.996381,1
0.000053,0.999947,1
0.002213,0.997787,1
0.000021,0.999979,1
0.004756,0.995244,1
0.396993,0.603007,1
0.035325,0.964675,1
0.539474,0.460526,0
0.001440,0.998560,1
0.182652,0.817348,1
0.025129,0.974871,1
0.004813,0.995187,1
0.433455,0.566545,1
0.047104,0.952896,1
0.001427,0.998573,1
0.431392,0.568608,1
0.027017,0.972983,1
0.000079,0.999921,1
0.132314,0.867686,1
0.000002,0.999998,1
0.001502,0.998498,1
0.007669,0.992331,1
0.928816,0.071184,0
0.001279,0.998721,1
0.159032,0.840968,1
0.013062,0.986938,1
0.004357,0.995643,1
0.029367,0.970633,1
0.001542,0.998458,1
0.431560,0.568440,1
0.003861,0.996139,1
0.600738,0.399262,0
0.006994,0.993006,1
0.017305,0.982695,1
0.949635,0.050365,0
0.000154,0.999846,1
0.031085,0.968915,1
0.105430,0.894570,1
0.003089,0.996911,1
0.396687,0.603313,1
0.093686,0.906314,1
0.013829,0.986171,1
0.000940,0.999060,1
0.012876,0.987124,1
0.010372,0.989628,1
0.001433,0.998567,1
0.006938,0.993062,1
0.001306,0.998694,1
0.004377,0.995623,1
0.000114,0.999886,1
0.017676,0.982324,1
0.684356,0.315644,0
0.000120,0.999880,1
0.001571,0.998429,1
0.131853,0.868147,1
0.362537,0.637463,1
0.024319,0.975681,1
0.005905,0.994095,1
0.028290,0.971710,1
0.047400,0.952600,1
0.004297,0.995703,1
0.081440,0.918560,1
0.003880,0.996120,1
0.033295,0.966705,1
0.001310,0.998690,1
0.007695,0.992305,1
0.000025,0.999975,1
0.010871,0.989129,1
0.003520,0.996480,1
0.006113,0.993887,1
0.138564,0.861436,1
0.012790,0.987210,1
0.907564,0.092436,0
0.000280,0.999720,1
0.005609,0.994391,1
0.001324,0.998676,1
0.032001,0.967999,1
0.993004,0.006996,0
0.006251,0.993749,1
0.002748,0.997252,1
0.002889,0.997111,1
0.001296,0.998704,1
0.001560,0.998440,1
0.001287,0.998713,1
0.000136,0.999864,1
0.104908,0.895092,1
0.070713,0.929287,1
0.142376,0.857624,1
0.002286,0.997714,1
0.508217,0.491783,0
0.959245,0.040755,0
0.002631,0.997369,1
0.000437,0.999563,1
0.082922,0.917078,1
0.227304,0.772696,1
0.003354,0.996646,1
0.000921,0.999079,1
0.013001,0.986999,1
0.000003,0.999997,1
0.007689,0.992311,1
0.142937,0.857063,1
0.011002,0.988998,1
0.047338,0.952662,1
0.268476,0.731524,1
0.007340,0.992660,1
0.000259,0.999741,1
0.377109,0.622891,1
0.001217,0.998783,1
0.059980,0.940020,1
0.418175,0.581825,1
0.255084,0.744916,1
0.293576,0.706424,1
0.238364,0.761636,1
0.001434,0.998566,1
0.013574,0.986426,1
0.001121,0.998879,1
0.473154,0.526846,1
0.221624,0.778376,1
0.013788,0.986212,1
0.001205,0.998795,1
0.005734,0.994266,1
0.006355,0.993645,1
0.010843,0.989157,1
0.014315,0.985685,1
0.000182,0.999818,1
0.000011,0.999989,1
0.898012,0.101988,0
0.004121,0.995879,1
0.134999,0.865001,1
0.407498,0.592502,1
0.006899,0.993101,1
0.110566,0.889434,1
0.006446,0.993554,1
0.639189,0.360811,0
0.886701,0.113299,0
0.000126,0.999874,1
0.250171,0.749829,1
0.000255,0.999745,1
0.009226,0.990774,1
0.000009,0.999991,1
0.044408,0.955592,1
0.004348,0.995652,1
0.002940,0.997060,1
0.102004,0.897996,1
0.009272,0.990728,1
0.000881,0.999119,1
0.142148,0.857852,1
0.000036,0.999964,1
0.000095,0.999905,1
0.004269,0.995731,1
0.002184,0.997816,1
0.480296,0.519704,1
0.798305,0.201695,0
0.011518,0.988482,1
0.000420,0.999580,1
0.014080,0.985920,1
0.003047,0.996953,1
0.002762,0.997238,1
0.000439,0.999561,1
0.001382,0.998618,1
0.000045,0.999955,1
0.399656,0.600344,1
0.834982,0.165018,0
0.000256,0.999744,1
0.002966,0.997034,1
0.593914,0.406086,0
0.805161,0.194839,0
0.000085,0.999915,1
0.001563,0.998437,1
0.351227,0.648773,1
0.001139,0.998861,1
0.551707,0.448293,0
0.001079,0.998921,1
0.172993,0.827007,1
0.635749,0.364251,0
0.069032,0.930968,1
0.038134,0.961866,1
0.687512,0.312488,0
0.020604,0.979396,1
0.082624,0.917376,1
0.695105,0.304895,0
0.013050,0.986950,1
0.002270,0.997730,1
0.003854,0.996146,1
0.137700,0.862300,1
0.002114,0.997886,1
0.003406,0.996594,1
0.000422,0.999578,1
0.008963,0.991037,1
0.462732,0.537268,1
0.000243,0.999757,1
0.009714,0.990286,1
0.473016,0.526984,1
0.018136,0.981864,1
0.986039,0.013961,0
0.000246,0.999754,1
0.405275,0.594725,1
0.002055,0.997945,1
0.317175,0.682825,1
0.041643,0.958357,1
0.834845,0.165155,0
0.104740,0.895260,1
0.538243,0.461757,0
0.005286,0.994714,1
0.010365,0.989635,1
0.012175,0.987825,1
0.826269,0.173731,0
0.767986,0.232014,0
0.012612,0.987388,1
0.083827,0.916173,1
0.014273,0.985727,1
0.009792,0.990208,1
0.557150,0.442850,0
0.099316,0.900684,1
0.230323,0.769677,1
0.011439,0.988561,1
0.974010,0.025990,0
0.002318,0.997682,1
0.153053,0.846947,1
0.001650,0.998350,1
0.378638,0.621362,1
0.820675,0.179325,0
0.000032,0.999968,1
0.996364,0.003636,0
0.000323,0.999677,1
0.944964,0.055036,0
0.484783,0.515217,1
0.000488,0.999512,1
0.870082,0.129918,0
0.001347,0.998653,1
0.042021,0.957979,1
0.025840,0.974160,1
0.641773,0.358227,0
0.028777,0.971223,1
0.000828,0.999172,1
0.000052,0.999948,1
0.770053,0.229947,0
0.789107,0.210893,0
0.399175,0.600825,1
0.002194,0.997806,1
0.003072,0.996928,1
0.008914,0.991086,1
0.044126,0.955874,1
0.424289,0.575711,1
0.141715,0.858285,1
0.914356,0.085644,0
0.055312,0.944688,1
0.009093,0.990907,1
0.000302,0.999698,1
0.000903,0.999097,1
0.092950,0.907050,1
0.001524,0.998476,1
0.003776,0.996224,1
0.004307,0.995693,1
0.007754,0.992246,1
0.235714,0.764286,1
0.606415,0.393585,0
0.062921,0.937079,1
0.233158,0.766842,1
0.002440,0.997560,1
0.001482,0.998518,1
0.000058,0.999942,1
0.000842,0.999158,1
0.000598,0.999402,1
0.428493,0.571507,1
0.000027,0.999973,1
0.017127,0.982873,1
0.000805,0.999195,1
0.000529,0.999471,1
0.331002,0.668998,1
0.009147,0.990853,1
0.183919,0.816081,1
0.196744,0.803256,1
0.001495,0.998505,1
0.000757,0.999243,1
0.737902,0.262098,0
0.006978,0.993022,1
0.000430,0.999570,1
0.000537,0.999463,1
0.000612,0.999388,1
0.112807,0.887193,1
0.000658,0.999342,1
0.285252,0.714748,1
0.000052,0.999948,1
0.534992,0.465008,0
0.001375,0.998625,1
0.044498,0.955502,1
0.033099,0.966901,1
0.008114,0.991886,1
0.004228,0.995772,1
0.628911,0.371089,0
0.000794,0.999206,1
0.001801,0.998199,1
0.008589,0.991411,1
0.076486,0.923514,1
0.515434,0.484566,0
0.723065,0.276935,0
0.003789,0.996211,1
0.001701,0.998299,1
0.023328,0.976672,1
0.001687,0.998313,1
0.990030,0.009970,0
0.001367,0.998633,1
0.264204,0.735796,1
0.023540,0.976460,1
0.000315,0.999685,1
0.009746,0.990254,1
0.000009,0.999991,1
0.000441,0.999559,1
0.005067,0.994933,1
0.002868,0.997132,1
0.829106,0.170894,0
0.347249,0.652751,1
0.002153,0.997847,1
0.000238,0.999762,1
0.004533,0.995467,1
0.103840,0.896160,1
0.839527,0.160473,0
0.005336,0.994664,1
0.009191,0.990809,1
0.008451,0.991549,1
0.206331,0.793669,1
0.001883,0.998117,1
0.220874,0.779126,1
0.296649,0.703351,1
0.002128,0.997872,1
0.185909,0.814091,1
0.004017,0.995983,1
0.004305,0.995695,1
0.022297,0.977703,1
0.000751,0.999249,1
0.211071,0.788929,1
0.004076,0.995924,1
0.864316,0.135684,0
0.003745,0.996255,1
0.001436,0.998564,1
0.000330,0.999670,1
0.003917,0.996083,1
0.007354,0.992646,1
0.013984,0.986016,1
0.006635,0.993365,1
0.000012,0.999988,1
0.058609,0.941391,1
0.001445,0.998555,1
0.179583,0.820417,1
0.093759,0.906241,1
0.005487,0.994513,1
0.722989,0.277011,0
0.020293,0.979707,1
0.000378,0.999622,1
0.002772,0.997228,1
0.003587,0.996413,1
0.004381,0.995619,1
0.000952,0.999048,1
0.000621,0.999379,1
0.009559,0.990441,1
0.144773,0.855227,1
0.002601,0.997399,1
0.030649,0.969351,1
0.074001,0.925999,1
0.161496,0.838504,1
0.107374,0.892626,1
0.107902,0.892098,1
0.122182,0.877818,1
0.000538,0.999462,1
0.163565,0.836435,1
0.002752,0.997248,1
0.053900,0.946100,1
0.781212,0.218788,0
0.988982,0.011018,0
0.774299,0.225701,0
0.445601,0.554399,1
0.033687,0.966313,1
0.007165,0.992835,1
0.082812,0.917188,1
0.000485,0.999515,1
0.212226,0.787774,1
0.001047,0.998953,1
0.671626,0.328374,0
0.034112,0.965888,1
0.027086,0.972914,1
0.007300,0.992700,1
0.000672,0.999328,1
0.135842,0.864158,1
0.048720,0.951280,1
0.009012,0.990988,1
0.253438,0.746562,1
0.000684,0.999316,1
0.003535,0.996465,1
0.001098,0.998902,1
0.138148,0.861852,1
0.025521,0.974479,1
0.000893,0.999107,1
0.001260,0.998740,1
0.040129,0.959871,1
0.848614,0.151386,0
0.012741,0.987259,1
0.500035,0.499965,0
0.026421,0.973579,1
0.677134,0.322866,0
0.002113,0.997887,1
0.744273,0.255727,0
0.001731,0.998269,1
0.000468,0.999532,1
0.638504,0.361496,0
0.000088,0.999912,1
0.008856,0.991144,1
0.930772,0.069228,0
0.209808,0.790192,1
0.006524,0.993476,1
0.750433,0.249567,0
0.027007,0.972993,1
0.049896,0.950104,1
0.000182,0.999818,1
0.201949,0.798051,1
0.074430,0.925570,1
0.005190,0.994810,1
0.001996,0.998004,1
0.381698,0.618302,1
0.010835,0.989165,1
0.245026,0.754974,1
0.000603,0.999397,1
0.003019,0.996981,1
0.006168,0.993832,1
0.007279,0.992721,1
0.000012,0.999988,1
0.006002,0.993998,1
0.007168,0.992832,1
0.967395,0.032605,0
0.001559,0.998441,1
0.018338,0.981662,1
0.084507,0.915493,1
0.003843,0.996157,1
0.001802,0.998198,1
0.062217,0.937783,1
0.090042,0.909958,1
0.387204,0.612796,1
0.000571,0.999429,1
0.000664,0.999336,1
0.000987,0.999013,1
0.264452,0.735548,1
0.208231,0.791769,1
0.152713,0.847287,1
0.317668,0.682332,1
0.125755,0.874245,1
0.024166,0.975834,1
0.000431,0.999569,1
0.000998,0.999002,1
0.051571,0.948429,1
0.045183,0.954817,1
0.002237,0.997763,1
0.027600,0.972400,1
0.173520,0.826480,1
0.000291,0.999709,1
0.005590,0.994410,1
0.938214,0.061786,0
0.000064,0.999936,1
0.007108,0.992892,1
0.000056,0.999944,1
0.000021,0.999979,1
0.598563,0.401437,0
0.600985,0.399015,0
0.048671,0.951329,1
0.682016,0.317984,0
0.024816,0.975184,1
0.945007,0.054993,0
0.000812,0.999188,1
0.000455,0.999545,1
0.021392,0.978608,1
0.310688,0.689312,1
0.366102,0.633898,1
0.003219,0.996781,1
0.002010,0.997990,1
0.016912,0.983088,1
0.000036,0.999964,1
0.009622,0.990378,1
0.007038,0.992962,1
0.006323,0.993677,1
0.002934,0.997066,1
0.006461,0.993539,1
0.000684,0.999316,1
0.033863,0.966137,1
0.020914,0.979086,1
0.026272,0.973728,1
0.004697,0.995303,1
0.002443,0.997557,1
0.540379,0.459621,0
0.003099,0.996901,1
0.001685,0.998315,1
0.041347,0.958653,1
0.000232,0.999768,1
0.112741,0.887259,1
0.000411,0.999589,1
0.009605,0.990395,1
0.075632,0.924368,1
0.000139,0.999861,1
0.010272,0.989728,1
0.006544,0.993456,1
0.035063,0.964937,1
0.022134,0.977866,1
0.105315,0.894685,1
0.014785,0.985215,1
0.001406,0.998594,1
0.032761,0.967239,1
0.012601,0.987399,1
0.020507,0.979493,1
0.040117,0.959883,1
0.001088,0.998912,1
0.000011,0.999989,1
0.640870,0.359130,0
0.026215,0.973785,1
0.000920,0.999080,1
0.000132,0.999868,1
0.004735,0.995265,1
0.000410,0.999590,1
0.012758,0.987242,1
0.137146,0.862854,1
0.004824,0.995176,1
0.010264,0.989736,1
0.343083,0.656917,1
0.002882,0.997118,1
0.046735,0.953265,1
0.022766,0.977234,1
0.304797,0.695203,1
0.000196,0.999804,1
0.009806,0.990194,1
0.004177,0.995823,1
0.002129,0.997871,1
0.111670,0.888330,1
0.158525,0.841475,1
0.036348,0.963652,1
0.580862,0.419138,0
0.062794,0.937206,1
0.416075,0.583925,1
0.129964,0.870036,1
0.047462,0.952538,1
0.387716,0.612284,1
0.000770,0.999230,1
0.001182,0.998818,1
0.356766,0.643234,1
0.053613,0.946387,1
0.841097,0.158903,0
0.005263,0.994737,1
0.000240,0.999760,1
0.001441,0.998559,1
0.021693,0.978307,1
0.145715,0.854285,1
0.007481,0.992519,1
0.854638,0.145362,0
0.005042,0.994958,1
0.285252,0.714748,1
0.111614,0.888386,1
0.002322,0.997678,1
0.073371,0.926629,1
0.012551,0.987449,1
0.918771,0.081229,0
0.638469,0.361531,0
0.000226,0.999774,1
0.001174,0.998826,1
0.014369,0.985631,1
0.004106,0.995894,1
0.019120,0.980880,1
0.018579,0.981421,1
0.015058,0.984942,1
0.085201,0.914799,1
0.371436,0.628564,1
0.004935,0.995065,1
0.005621,0.994379,1
0.505656,0.494344,0
0.147000,0.853000,1
0.042596,0.957404,1
0.000871,0.999129,1
0.131060,0.868940,1
0.002118,0.997882,1
0.034995,0.965005,1
0.000032,0.999968,1
0.086328,0.913672,1
0.000284,0.999716,1
0.000066,0.999934,1
0.000232,0.999768,1
0.005251,0.994749,1
0.978086,0.021914,0
0.344090,0.655910,1
0.002832,0.997168,1
0.001456,0.998544,1
0.019213,0.980787,1
0.024486,0.975514,1
0.001223,0.998777,1
0.003776,0.996224,1
0.009685,0.990315,1
0.001524,0.998476,1
0.068020,0.931980,1
0.009174,0.990826,1
0.001919,0.998081,1
0.000316,0.999684,1
0.008691,0.991309,1
0.151847,0.848153,1
0.453185,0.546815,1
0.106901,0.893099,1
0.000054,0.999946,1
0.001375,0.998625,1
0.010111,0.989889,1
0.001397,0.998603,1
0.787873,0.212127,0
0.000487,0.999513,1
0.002226,0.997774,1
0.001919,0.998081,1
0.004838,0.995162,1
0.010998,0.989002,1
0.000012,0.999988,1
0.000092,0.999908,1
0.626490,0.373510,0
0.479962,0.520038,1
0.014854,0.985146,1
0.000027,0.999973,1
0.048652,0.951348,1
0.000125,0.999875,1
0.245455,0.754545,1
0.004529,0.995471,1
0.000226,0.999774,1
0.000571,0.999429,1
0.002731,0.997269,1
0.031194,0.968806,1
0.016591,0.983409,1
0.004042,0.995958,1
0.000514,0.999486,1
0.000223,0.999777,1
0.000140,0.999860,1
0.120072,0.879928,1
0.248177,0.751823,1
0.319918,0.680082,1
0.577694,0.422306,0
0.006497,0.993503,1
0.435633,0.564367,1
0.510632,0.489368,0
0.017089,0.982911,1
0.001479,0.998521,1
0.021250,0.978750,1
0.000438,0.999562,1
0.000023,0.999977,1
0.000044,0.999956,1
0.000109,0.999891,1
0.048287,0.951713,1
0.114201,0.885799,1
0.085961,0.914039,1
0.068045,0.931955,1
0.000058,0.999942,1
0.001053,0.998947,1
0.031224,0.968776,1
0.001379,0.998621,1
0.003201,0.996799,1
0.000008,0.999992,1
0.382014,0.617986,1
0.223793,0.776207,1
0.068024,0.931976,1
0.000675,0.999325,1
0.063547,0.936453,1
0.002125,0.997875,1
0.447933,0.552067,1
0.349706,0.650294,1
0.653232,0.346768,0
0.000157,0.999843,1
0.000042,0.999958,1
0.350471,0.649529,1
0.438657,0.561343,1
0.009683,0.990317,1
0.117104,0.882896,1
0.002079,0.997921,1
0.814673,0.185327,0
0.090951,0.909049,1
0.708567,0.291433,0
0.028349,0.971651,1
0.906413,0.093587,0
0.000029,0.999971,1
0.020249,0.979751,1
0.567368,0.432632,0
0.659911,0.340089,0
0.001000,0.999000,1
0.063134,0.936866,1
0.039215,0.960785,1
0.783199,0.216801,0
0.000452,0.999548,1
0.025939,0.974061,1
0.002313,0.997687,1
0.005780,0.994220,1
0.051302,0.948698,1
0.193063,0.806937,1
0.785311,0.214689,0
0.033234,0.966766,1
0.087131,0.912869,1
0.875354,0.124646,0
0.397009,0.602991,1
0.000014,0.999986,1
0.002725,0.997275,1
0.068273,0.931727,1
0.719252,0.280748,0
0.002599,0.997401,1
0.012477,0.987523,1
0.000394,0.999606,1
0.007003,0.992997,1
0.330142,0.669858,1
0.003322,0.996678,1
0.078487,0.921513,1
0.153314,0.846686,1
0.030089,0.969911,1
0.012070,0.987930,1
0.001574,0.998426,1
0.088504,0.911496,1
0.003546,0.996454,1
0.050890,0.949110,1
0.141312,0.858688,1
0.786304,0.213696,0
0.021819,0.978181,1
0.330174,0.669826,1
0.028038,0.971962,1
0.053165,0.946835,1
0.013016,0.986984,1
0.972477,0.027523,0
0.018097,0.981903,1
0.000839,0.999161,1
0.036843,0.963157,1
0.000030,0.999970,1
0.004156,0.995844,1
0.008973,0.991027,1
0.043273,0.956727,1
0.001295,0.998705,1
0.067503,0.932497,1
0.005851,0.994149,1
0.012897,0.987103,1
0.816186,0.183814,0
0.307414,0.692586,1
0.978662,0.021338,0
0.064880,0.935120,1
0.003428,0.996572,1
0.164008,0.835992,1
0.034534,0.965466,1
0.087942,0.912058,1
0.000030,0.999970,1
0.015877,0.984123,1
0.000210,0.999790,1
0.268171,0.731829,1
0.022562,0.977438,1
0.122994,0.877006,1
0.000560,0.999440,1
0.402206,0.597794,1
0.002538,0.997462,1
0.002677,0.997323,1
0.003962,0.996038,1
0.198117,0.801883,1
0.002137,0.997863,1
0.011934,0.988066,1
0.581777,0.418223,0
0.053728,0.946272,1
0.651196,0.348804,0
0.009352,0.990648,1
0.994179,0.005821,0
0.003882,0.996118,1
0.019094,0.980906,1
0.037741,0.962259,1
0.399204,0.600796,1
0.318640,0.681360,1
0.004020,0.995980,1
0.000981,0.999019,1
0.001125,0.998875,1
0.225726,0.774274,1
0.002382,0.997618,1
0.005393,0.994607,1
0.259434,0.740566,1
0.926634,0.073366,0
0.000359,0.999641,1
0.001434,0.998566,1
0.007638,0.992362,1
0.007716,0.992284,1
0.003153,0.996847,1
0.000773,0.999227,1
0.603613,0.396387,0
0.239402,0.760598,1
0.348478,0.651522,1
0.004047,0.995953,1
0.000547,0.999453,1
0.144992,0.855008,1
0.004704,0.995296,1
0.740723,0.259277,0
0.000700,0.999300,1
0.730209,0.269791,0
0.005040,0.994960,1
0.670865,0.329135,0
0.025507,0.974493,1
0.759420,0.240580,0
0.132276,0.867724,1
0.000012,0.999988,1
0.002110,0.997890,1
0.030425,0.969575,1
0.000011,0.999989,1
0.845818,0.154182,0
0.008698,0.991302,1
0.003259,0.996741,1
0.001301,0.998699,1
0.291460,0.708540,1
0.000018,0.999982,1
0.002909,0.997091,1
0.001440,0.998560,1
0.768199,0.231801,0
0.003402,0.996598,1
0.000002,0.999998,1
0.050916,0.949084,1
0.000189,0.999811,1
0.150860,0.849140,1
0.000006,0.999994,1
0.000618,0.999382,1
0.008321,0.991679,1
0.338899,0.661101,1
0.001486,0.998514,1
0.000003,0.999997,1
0.000316,0.999684,1
0.163200,0.836800,1
0.043106,0.956894,1
0.735219,0.264781,0
0.000006,0.999994,1
0.502287,0.497713,0
0.017615,0.982385,1
0.005979,0.994021,1
0.068236,0.931764,1
0.000299,0.999701,1
0.022803,0.977197,1
0.002454,0.997546,1
0.006363,0.993637,1
0.135358,0.864642,1
0.110367,0.889633,1
0.891577,0.108423,0
0.044627,0.955373,1
0.109918,0.890082,1
0.000909,0.999091,1
0.343860,0.656140,1
0.000110,0.999890,1
0.128458,0.871542,1
0.000067,0.999933,1
0.126979,0.873021,1
0.000920,0.999080,1
0.004068,0.995932,1
0.012945,0.987055,1
0.003785,0.996215,1
0.696240,0.303760,0
0.000068,0.999932,1
0.147980,0.852020,1
0.009736,0.990264,1
0.028916,0.971084,1
0.052816,0.947184,1
0.000312,0.999688,1
0.004215,0.995785,1
0.002897,0.997103,1
0.287515,0.712485,1
0.007798,0.992202,1
0.013027,0.986973,1
0.343860,0.656140,1
0.008146,0.991854,1
0.009224,0.990776,1
0.146124,0.853876,1
0.001610,0.998390,1
0.001800,0.998200,1
0.023205,0.976795,1
0.012881,0.987119,1
0.006394,0.993606,1
0.150739,0.849261,1
0.002342,0.997658,1
0.005719,0.994281,1
0.008839,0.991161,1
0.149963,0.850037,1
0.000049,0.999951,1
0.685262,0.314738,0
0.838090,0.161910,0
0.003872,0.996128,1
0.000911,0.999089,1
0.000035,0.999965,1
0.026911,0.973089,1
0.079104,0.920896,1
0.045704,0.954296,1
0.008604,0.991396,1
0.003358,0.996642,1
0.000954,0.999046,1
0.066205,0.933795,1
0.004286,0.995714,1
0.587039,0.412961,0
0.007048,0.992952,1
0.000227,0.999773,1
0.000181,0.999819,1
0.729178,0.270822,0
0.001004,0.998996,1
0.947426,0.052574,0
0.322438,0.677562,1
0.022414,0.977586,1
0.435559,0.564441,1
0.000225,0.999775,1
0.032166,0.967834,1
0.192205,0.807795,1
0.002654,0.997346,1
0.968869,0.031131,0
0.002840,0.997160,1
0.034627,0.965373,1
0.083992,0.916008,1
0.005584,0.994416,1
0.001291,0.998709,1
0.001402,0.998598,1
0.825813,0.174187,0
0.125354,0.874646,1
0.010874,0.989126,1
0.031442,0.968558,1
0.053796,0.946204,1
0.535548,0.464452,0
0.232710,0.767290,1
0.001520,0.998480,1
0.005193,0.994807,1
0.010767,0.989233,1
0.638329,0.361671,0
0.027867,0.972133,1
0.041420,0.958580,1
0.000131,0.999869,1
0.000068,0.999932,1
0.000895,0.999105,1
0.003677,0.996323,1
0.018497,0.981503,1
0.769785,0.230215,0
0.016563,0.983437,1
0.830220,0.169780,0
0.048995,0.951005,1
0.019863,0.980137,1
0.445025,0.554975,1
0.034306,0.965694,1
0.007597,0.992403,1
0.000365,0.999635,1
0.000019,0.999981,1
0.000047,0.999953,1
0.114029,0.885971,1
0.884938,0.115062,0
0.001955,0.998045,1
0.000465,0.999535,1
0.149029,0.850971,1
0.257277,0.742723,1
0.025791,0.974209,1
0.037979,0.962021,1
0.028042,0.971958,1
0.046981,0.953019,1
0.001544,0.998456,1
0.092934,0.907066,1
0.424378,0.575622,1
0.074870,0.925130,1
0.089867,0.910133,1
0.069432,0.930568,1
0.001601,0.998399,1
0.006860,0.993140,1
0.002832,0.997168,1
0.003710,0.996290,1
0.443324,0.556676,1
0.001521,0.998479,1
0.208332,0.791668,1
0.002343,0.997657,1
0.029891,0.970109,1
0.140740,0.859260,1
0.129842,0.870158,1
0.007402,0.992598,1
0.019629,0.980371,1
0.000707,0.999293,1
0.002578,0.997422,1
0.512721,0.487279,0
0.001296,0.998704,1
0.118369,0.881631,1
0.002128,0.997872,1
0.003075,0.996925,1
0.003733,0.996267,1
0.000525,0.999475,1
0.266137,0.733863,1
0.000079,0.999921,1
0.003854,0.996146,1
0.001222,0.998778,1
0.214740,0.785260,1
0.096085,0.903915,1
0.000093,0.999907,1
0.000314,0.999686,1
0.042545,0.957455,1
0.152016,0.847984,1
0.043089,0.956911,1
0.020884,0.979116,1
0.000074,0.999926,1
0.000560,0.999440,1
0.002896,0.997104,1
0.010772,0.989228,1
0.036258,0.963742,1
0.011289,0.988711,1
0.045429,0.954571,1
0.000298,0.999702,1
0.011044,0.988956,1
0.015422,0.984578,1
0.013054,0.986946,1
0.002257,0.997743,1
0.000104,0.999896,1
0.267068,0.732932,1
0.033205,0.966795,1
0.009024,0.990976,1
0.010626,0.989374,1
0.001330,0.998670,1
0.028567,0.971433,1
0.960759,0.039241,0
0.385233,0.614767,1
0.003224,0.996776,1
0.216817,0.783183,1
0.001309,0.998691,1
0.023603,0.976397,1
0.224870,0.775130,1
0.000664,0.999336,1
0.638457,0.361543,0
0.381528,0.618472,1
0.000065,0.999935,1
0.010310,0.989690,1
0.008490,0.991510,1
0.265806,0.734194,1
0.003096,0.996904,1
0.068654,0.931346,1
0.027824,0.972176,1
0.421519,0.578481,1
0.000251,0.999749,1
0.501754,0.498246,0
0.003603,0.996397,1
0.064936,0.935064,1
0.000726,0.999274,1
0.008975,0.991025,1
0.005385,0.994615,1
0.158525,0.841475,1
0.512633,0.487367,0
0.248536,0.751464,1
0.001061,0.998939,1
0.222943,0.777057,1
0.011808,0.988192,1
0.000016,0.999984,1
0.482108,0.517892,1
0.220236,0.779764,1
0.876507,0.123493,0
0.005441,0.994559,1
0.010359,0.989641,1
0.002659,0.997341,1
0.001367,0.998633,1
0.715382,0.284618,0
0.169362,0.830638,1
0.003655,0.996345,1
0.068046,0.931954,1
0.184847,0.815153,1
0.240395,0.759605,1
0.094438,0.905562,1
0.864388,0.135612,0
0.000070,0.999930,1
0.004680,0.995320,1
0.004812,0.995188,1
0.003412,0.996588,1
0.585558,0.414442,0
0.431786,0.568214,1
0.129218,0.870782,1
0.022208,0.977792,1
0.976947,0.023053,0
0.003441,0.996559,1
0.003390,0.996610,1
0.307873,0.692127,1
0.928063,0.071937,0
0.000270,0.999730,1
0.000131,0.999869,1
0.006201,0.993799,1
0.091162,0.908838,1
0.159840,0.840160,1
0.003321,0.996679,1
0.287037,0.712963,1
0.005420,0.994580,1
0.260556,0.739444,1
0.826821,0.173179,0
0.929328,0.070672,0
0.001305,0.998695,1
0.004036,0.995964,1
0.369970,0.630030,1
0.270083,0.729917,1
0.031677,0.968323,1
0.000514,0.999486,1
0.308456,0.691544,1
0.010382,0.989618,1
0.030595,0.969405,1
0.033832,0.966168,1
0.003933,0.996067,1
0.026925,0.973075,1
0.938367,0.061633,0
0.162560,0.837440,1
0.008475,0.991525,1
0.035029,0.964971,1
0.060752,0.939248,1
0.000795,0.999205,1
0.955793,0.044207,0
0.008031,0.991969,1
0.318672,0.681328,1
0.034925,0.965075,1
0.008384,0.991616,1
0.306674,0.693326,1
0.034233,0.965767,1
0.199825,0.800175,1
0.008853,0.991147,1
0.000144,0.999856,1
0.864713,0.135287,0
0.005419,0.994581,1
0.051954,0.948046,1
0.000375,0.999625,1
0.018228,0.981772,1
0.003949,0.996051,1
0.000069,0.999931,1
0.040950,0.959050,1
0.000192,0.999808,1
0.763485,0.236515,0
0.003023,0.996977,1
0.000150,0.999850,1
0.010072,0.989928,1
0.021849,0.978151,1
0.007496,0.992504,1
0.002040,0.997960,1
0.001745,0.998255,1
0.959329,0.040671,0
0.005975,0.994025,1
0.963680,0.036320,0
0.314555,0.685445,1
0.004115,0.995885,1
0.026539,0.973461,1
0.075490,0.924510,1
0.508043,0.491957,0
0.000157,0.999843,1
0.010668,0.989332,1
0.066980,0.933020,1
0.024518,0.975482,1
0.018867,0.981133,1
0.013831,0.986169,1
0.013831,0.986169,1
0.009594,0.990406,1
0.008964,0.991036,1
0.003687,0.996313,1
0.026260,0.973740,1
0.671159,0.328841,0
0.001299,0.998701,1
0.001438,0.998562,1
0.008613,0.991387,1
0.912764,0.087236,0
0.000005,0.999995,1
0.008366,0.991634,1
0.805421,0.194579,0
0.008298,0.991702,1
0.003768,0.996232,1
0.009319,0.990681,1
0.070785,0.929215,1
0.070953,0.929047,1
0.005373,0.994627,1
0.082206,0.917794,1
0.001134,0.998866,1
0.004398,0.995602,1
0.760040,0.239960,0
0.006075,0.993925,1
0.019851,0.980149,1
0.849252,0.150748,0
0.608799,0.391201,0
0.003161,0.996839,1
0.001882,0.998118,1
0.801564,0.198436,0
0.002049,0.997951,1
0.001038,0.998962,1
0.149138,0.850862,1
0.007668,0.992332,1
0.000476,0.999524,1
0.065651,0.934349,1
0.000793,0.999207,1
0.332184,0.667816,1
0.001596,0.998404,1
0.001480,0.998520,1
0.000333,0.999667,1
0.010371,0.989629,1
0.003790,0.996210,1
0.027681,0.972319,1
0.000167,0.999833,1
0.032864,0.967136,1
0.005332,0.994668,1
0.006923,0.993077,1
0.982166,0.017834,0
0.000121,0.999879,1
0.036843,0.963157,1
0.968623,0.031377,0
0.000214,0.999786,1
0.004626,0.995374,1
0.402255,0.597745,1
0.004070,0.995930,1
0.819333,0.180667,0
0.630987,0.369013,0
0.001466,0.998534,1
0.929823,0.070177,0
0.005368,0.994632,1
0.142929,0.857071,1
0.480303,0.519697,1
0.002256,0.997744,1
0.026665,0.973335,1
0.027678,0.972322,1
0.027927,0.972073,1
0.000890,0.999110,1
0.212664,0.787336,1
0.000317,0.999683,1
0.057122,0.942878,1
0.152264,0.847736,1
0.004986,0.995014,1
0.019531,0.980469,1
0.031491,0.968509,1
0.548404,0.451596,0
0.911603,0.088397,0
0.050912,0.949088,1
0.000054,0.999946,1
0.000110,0.999890,1
0.000318,0.999682,1
0.000598,0.999402,1
0.001828,0.998172,1
0.001642,0.998358,1
0.008736,0.991264,1
0.000093,0.999907,1
0.000965,0.999035,1
0.001921,0.998079,1
0.000612,0.999388,1
0.000067,0.999933,1
0.388054,0.611946,1
0.014904,0.985096,1
0.041701,0.958299,1
0.006234,0.993766,1
0.007319,0.992681,1
0.011954,0.988046,1
0.751816,0.248184,0
0.001119,0.998881,1
0.000258,0.999742,1
0.005889,0.994111,1
0.005119,0.994881,1
0.003498,0.996502,1
0.000031,0.999969,1
0.013605,0.986395,1
0.029358,0.970642,1
0.986425,0.013575,0
0.791067,0.208933,0
0.407521,0.592479,1
0.442735,0.557265,1
0.001997,0.998003,1
0.024665,0.975335,1
0.775558,0.224442,0
0.001070,0.998930,1
0.006642,0.993358,1
0.006888,0.993112,1
0.288918,0.711082,1
0.176891,0.823109,1
0.789015,0.210985,0
0.001449,0.998551,1
0.000004,0.999996,1
0.028390,0.971610,1
0.008569,0.991431,1
0.070329,0.929671,1
0.045446,0.954554,1
0.561042,0.438958,0
0.006694,0.993306,1
0.032381,0.967619,1
0.001935,0.998065,1
0.586991,0.413009,0
0.733615,0.266385,0
0.011678,0.988322,1
0.764182,0.235818,0
0.015354,0.984646,1
0.031291,0.968709,1
0.011133,0.988867,1
0.001864,0.998136,1
0.031821,0.968179,1
0.000054,0.999946,1
0.001567,0.998433,1
0.000888,0.999112,1
0.002325,0.997675,1
0.012181,0.987819,1
0.003415,0.996585,1
0.027878,0.972122,1
0.168821,0.831179,1
0.001230,0.998770,1
0.031768,0.968232,1
0.003834,0.996166,1
0.000014,0.999986,1
0.925501,0.074499,0
0.002627,0.997373,1
0.000287,0.999713,1
0.000448,0.999552,1
0.518505,0.481495,0
0.057645,0.942355,1
0.002188,0.997812,1
0.002010,0.997990,1
0.219353,0.780647,1
0.089463,0.910537,1
0.000150,0.999850,1
0.675109,0.324891,0
0.005020,0.994980,1
0.995490,0.004510,0
0.611303,0.388697,0
0.004910,0.995090,1
0.183083,0.816917,1
0.004101,0.995899,1
0.152503,0.847497,1
0.592079,0.407921,0
0.005502,0.994498,1
0.000408,0.999592,1
0.314834,0.685166,1
0.313879,0.686121,1
0.011140,0.988860,1
0.066842,0.933158,1
0.001644,0.998356,1
0.011138,0.988862,1
0.111730,0.888270,1
0.000032,0.999968,1
0.000016,0.999984,1
0.195905,0.804095,1
0.378711,0.621289,1
0.017460,0.982540,1
0.428377,0.571623,1
0.007531,0.992469,1
0.007130,0.992870,1
0.006814,0.993186,1
0.012583,0.987417,1
0.001307,0.998693,1
0.000628,0.999372,1
0.000539,0.999461,1
0.000947,0.999053,1
0.105072,0.894928,1
0.002983,0.997017,1
0.001305,0.998695,1
0.008794,0.991206,1
0.031311,0.968689,1
0.817837,0.182163,0
0.948612,0.051388,0
0.000942,0.999058,1
0.012309,0.987691,1
0.978046,0.021954,0
0.458961,0.541039,1
0.036760,0.963240,1
0.431406,0.568594,1
0.003022,0.996978,1
0.016173,0.983827,1
0.000002,0.999998,1
0.008286,0.991714,1
0.039782,0.960218,1
0.051505,0.948495,1
0.238853,0.761147,1
0.017700,0.982300,1
0.919603,0.080397,0
0.633773,0.366227,0
0.283824,0.716176,1
0.428363,0.571637,1
0.182511,0.817489,1
0.010755,0.989245,1
0.020828,0.979172,1
0.009843,0.990157,1
0.329339,0.670661,1
0.012386,0.987614,1
0.361584,0.638416,1
0.337378,0.662622,1
0.000040,0.999960,1
0.248864,0.751136,1
0.133160,0.866840,1
0.000139,0.999861,1
0.001192,0.998808,1
0.000161,0.999839,1
0.027160,0.972840,1
0.018245,0.981755,1
0.312556,0.687444,1
0.003339,0.996661,1
0.142125,0.857875,1
0.007062,0.992938,1
0.000426,0.999574,1
0.004079,0.995921,1
0.005521,0.994479,1
0.006537,0.993463,1
0.938248,0.061752,0
0.004745,0.995255,1
0.085935,0.914065,1
0.165172,0.834828,1
0.856150,0.143850,0
0.000047,0.999953,1
0.023619,0.976381,1
0.005006,0.994994,1
0.047514,0.952486,1
0.738484,0.261516,0
0.772727,0.227273,0
0.970569,0.029431,0
0.065798,0.934202,1
0.024127,0.975873,1
0.016430,0.983570,1
0.000143,0.999857,1
0.001121,0.998879,1
0.028317,0.971683,1
0.309052,0.690948,1
0.072819,0.927181,1
0.096693,0.903307,1
0.159154,0.840846,1
0.031458,0.968542,1
0.101035,0.898965,1
0.000360,0.999640,1
0.003488,0.996512,1
0.010802,0.989198,1
0.000590,0.999410,1
0.014484,0.985516,1
