score0,score1,class
0.000284,0.999716,1
0.999992,0.000008,0
0.999943,0.000057,0
0.999673,0.000327,0
0.000002,0.999998,1
0.000364,0.999636,1
0.000497,0.999503,1
0.000717,0.999283,1
0.999978,0.000022,0
0.000037,0.999963,1
0.999982,0.000018,0
0.000004,0.999996,1
0.000010,0.999990,1
0.000018,0.999982,1
0.999879,0.000121,0
0.000248,0.999752,1
0.999025,0.000975,0
0.999941,0.000059,0
0.999722,0.000278,0
0.000020,0.999980,1
0.999596,0.000404,0
0.000265,0.999735,1
0.000128,0.999872,1
1.000000,0.000000,0
0.999907,0.000093,0
0.000166,0.999834,1
0.999994,0.000006,0
0.999475,0.000525,0
0.999973,0.000027,0
0.000163,0.999837,1
0.000001,0.999999,1
0.999984,0.000016,0
0.999965,0.000035,0
0.000076,0.999924,1
0.000388,0.999612,1
0.999759,0.000241,0
0.999831,0.000169,0
0.999965,0.000035,0
0.999914,0.000086,0
0.000000,1.000000,1
0.999988,0.000012,0
0.999728,0.000272,0
0.999914,0.000086,0
0.009035,0.990965,1
0.999222,0.000778,0
0.999998,0.000002,0
0.000007,0.999993,1
0.999929,0.000071,0
0.000007,0.999993,1
0.999409,0.000591,0
0.000008,0.999992,1
0.000000,1.000000,1
0.999947,0.000053,0
0.999960,0.000040,0
0.999905,0.000095,0
0.999977,0.000023,0
0.000143,0.999857,1
0.000522,0.999478,1
0.000517,0.999483,1
0.999840,0.000160,0
0.997346,0.002654,0
0.000049,0.999951,1
0.999881,0.000119,0
0.000278,0.999722,1
0.000064,0.999936,1
0.000001,0.999999,1
0.999752,0.000248,0
0.999715,0.000285,0
0.999959,0.000041,0
0.999911,0.000089,0
0.999988,0.000012,0
0.000051,0.999949,1
0.999955,0.000045,0
0.999918,0.000082,0
0.000036,0.999964,1
0.999932,0.000068,0
0.000010,0.999990,1
0.000141,0.999859,1
0.000422,0.999578,1
0.000128,0.999872,1
0.999905,0.000095,0
0.000031,0.999969,1
0.000001,0.999999,1
0.000202,0.999798,1
0.999995,0.000005,0
0.000024,0.999976,1
0.000283,0.999717,1
0.000028,0.999972,1
0.000005,0.999995,1
0.999982,0.000018,0
0.000940,0.999060,1
0.000019,0.999981,1
0.000012,0.999988,1
0.999858,0.000142,0
0.999713,0.000287,0
0.999967,0.000033,0
0.000014,0.999986,1
0.999808,0.000192,0
0.000003,0.999997,1
0.999790,0.000210,0
0.000105,0.999895,1
0.999303,0.000697,0
0.000049,0.999951,1
0.000033,0.999967,1
0.000121,0.999879,1
0.000027,0.999973,1
0.000151,0.999849,1
0.000180,0.999820,1
0.000005,0.999995,1
0.999753,0.000247,0
0.999788,0.000212,0
0.999867,0.000133,0
0.999841,0.000159,0
0.999901,0.000099,0
0.999995,0.000005,0
0.999983,0.000017,0
0.999980,0.000020,0
0.000001,0.999999,1
0.000186,0.999814,1
0.000089,0.999911,1
0.000324,0.999676,1
0.000045,0.999955,1
0.999903,0.000097,0
0.999919,0.000081,0
0.000174,0.999826,1
0.999972,0.000028,0
0.000005,0.999995,1
0.000114,0.999886,1
0.000018,0.999982,1
0.999999,0.000001,0
0.000164,0.999836,1
0.999931,0.000069,0
0.000936,0.999064,1
0.999838,0.000162,0
0.000088,0.999912,1
0.999991,0.000009,0
0.999944,0.000056,0
0.000218,0.999782,1
0.000165,0.999835,1
0.001154,0.998846,1
0.001397,0.998603,1
0.000014,0.999986,1
0.000016,0.999984,1
0.999848,0.000152,0
0.000016,0.999984,1
0.999983,0.000017,0
0.999929,0.000071,0
0.000004,0.999996,1
0.000420,0.999580,1
0.000380,0.999620,1
0.000001,0.999999,1
0.999686,0.000314,0
0.000002,0.999998,1
0.000049,0.999951,1
0.999899,0.000101,0
0.999902,0.000098,0
0.999852,0.000148,0
0.000004,0.999996,1
0.000210,0.999790,1
0.999923,0.000077,0
0.999962,0.000038,0
0.000581,0.999419,1
0.999996,0.000004,0
0.999863,0.000137,0
0.999538,0.000462,0
0.999724,0.000276,0
0.000052,0.999948,1
0.999886,0.000114,0
0.999994,0.000006,0
0.000032,0.999968,1
0.000160,0.999840,1
0.999953,0.000047,0
0.999813,0.000187,0
0.999676,0.000324,0
0.000261,0.999739,1
0.000069,0.999931,1
0.000024,0.999976,1
0.999648,0.000352,0
0.999928,0.000072,0
0.000033,0.999967,1
0.000010,0.999990,1
0.000000,1.000000,1
0.000094,0.999906,1
0.999939,0.000061,0
0.000034,0.999966,1
0.999911,0.000089,0
0.999970,0.000030,0
0.000000,1.000000,1
0.000187,0.999813,1
0.999933,0.000067,0
0.998911,0.001089,0
0.000019,0.999981,1
0.999580,0.000420,0
0.000267,0.999733,1
0.000027,0.999973,1
0.000002,0.999998,1
0.000001,0.999999,1
0.000201,0.999799,1
0.999773,0.000227,0
0.000011,0.999989,1
0.000389,0.999611,1
0.000119,0.999881,1
0.000215,0.999785,1
0.000131,0.999869,1
0.999865,0.000135,0
0.999996,0.000004,0
0.999963,0.000037,0
0.000440,0.999560,1
0.000162,0.999838,1
0.999941,0.000059,0
0.000027,0.999973,1
0.000380,0.999620,1
0.000145,0.999855,1
0.999932,0.000068,0
0.999950,0.000050,0
0.000031,0.999969,1
0.000215,0.999785,1
0.999927,0.000073,0
0.000073,0.999927,1
0.000001,0.999999,1
0.000054,0.999946,1
0.000044,0.999956,1
0.000327,0.999673,1
0.999973,0.000027,0
0.999957,0.000043,0
0.999554,0.000446,0
0.999967,0.000033,0
0.000260,0.999740,1
0.000036,0.999964,1
0.999970,0.000030,0
0.999638,0.000362,0
0.000038,0.999962,1
0.999930,0.000070,0
0.000448,0.999552,1
0.999872,0.000128,0
0.998147,0.001853,0
0.000003,0.999997,1
0.999406,0.000594,0
0.999874,0.000126,0
0.000096,0.999904,1
0.999717,0.000283,0
0.999511,0.000489,0
0.000201,0.999799,1
0.000157,0.999843,1
0.000000,1.000000,1
0.000567,0.999433,1
0.999620,0.000380,0
0.000373,0.999627,1
0.999873,0.000127,0
0.000049,0.999951,1
0.000016,0.999984,1
0.999923,0.000077,0
0.999992,0.000008,0
0.000000,1.000000,1
0.000013,0.999987,1
0.000139,0.999861,1
0.999883,0.000117,0
0.000067,0.999933,1
0.000245,0.999755,1
0.001200,0.998800,1
0.999997,0.000003,0
0.000127,0.999873,1
0.000000,1.000000,1
0.999996,0.000004,0
0.000015,0.999985,1
0.999933,0.000067,0
0.999962,0.000038,0
0.000022,0.999978,1
0.008963,0.991037,1
0.999991,0.000009,0
0.000032,0.999968,1
0.000001,0.999999,1
0.999959,0.000041,0
0.000001,0.999999,1
0.999494,0.000506,0
0.000944,0.999056,1
0.000238,0.999762,1
0.999372,0.000628,0
0.999999,0.000001,0
0.999865,0.000135,0
0.999771,0.000229,0
0.999998,0.000002,0
0.999612,0.000388,0
0.000089,0.999911,1
0.000005,0.999995,1
0.999951,0.000049,0
0.999972,0.000028,0
0.999859,0.000141,0
0.000081,0.999919,1
0.999908,0.000092,0
0.999900,0.000100,0
0.999989,0.000011,0
0.999982,0.000018,0
0.000465,0.999535,1
0.000372,0.999628,1
0.000468,0.999532,1
0.999898,0.000102,0
0.000008,0.999992,1
0.997813,0.002187,0
0.000002,0.999998,1
0.000000,1.000000,1
0.999955,0.000045,0
0.999747,0.000253,0
0.000202,0.999798,1
0.000003,0.999997,1
0.999946,0.000054,0
0.999966,0.000034,0
0.000192,0.999808,1
0.999958,0.000042,0
0.000029,0.999971,1
0.999613,0.000387,0
0.999825,0.000175,0
0.999991,0.000009,0
0.000942,0.999058,1
0.001347,0.998653,1
0.000184,0.999816,1
0.999929,0.000071,0
0.000053,0.999947,1
0.000011,0.999989,1
0.000058,0.999942,1
0.000024,0.999976,1
0.000003,0.999997,1
0.999945,0.000055,0
0.999987,0.000013,0
0.000575,0.999425,1
0.000073,0.999927,1
0.000000,1.000000,1
0.000185,0.999815,1
0.999998,0.000002,0
0.000101,0.999899,1
0.000010,0.999990,1
0.000713,0.999287,1
0.999988,0.000012,0
0.000000,1.000000,1
0.000444,0.999556,1
0.999971,0.000029,0
0.999616,0.000384,0
0.999996,0.000004,0
0.999986,0.000014,0
0.001175,0.998825,1
0.999979,0.000021,0
0.000944,0.999056,1
0.999952,0.000048,0
0.000201,0.999799,1
0.999993,0.000007,0
0.999968,0.000032,0
0.999865,0.000135,0
0.999969,0.000031,0
0.999875,0.000125,0
0.999831,0.000169,0
0.999956,0.000044,0
0.000039,0.999961,1
0.999845,0.000155,0
0.000728,0.999272,1
0.000708,0.999292,1
0.000113,0.999887,1
0.000185,0.999815,1
0.999991,0.000009,0
0.999977,0.000023,0
0.000094,0.999906,1
0.000132,0.999868,1
0.000006,0.999994,1
0.000027,0.999973,1
0.000000,1.000000,1
0.000840,0.999160,1
0.000131,0.999869,1
0.001650,0.998350,1
0.999974,0.000026,0
0.000021,0.999979,1
0.000259,0.999741,1
0.998669,0.001331,0
0.000009,0.999991,1
0.999969,0.000031,0
0.999722,0.000278,0
0.999827,0.000173,0
0.000033,0.999967,1
0.999939,0.000061,0
0.999994,0.000006,0
0.999862,0.000138,0
0.000457,0.999543,1
0.000254,0.999746,1
0.999235,0.000765,0
0.000042,0.999958,1
0.000006,0.999994,1
0.999968,0.000032,0
0.000195,0.999805,1
0.001797,0.998203,1
0.000004,0.999996,1
0.000171,0.999829,1
0.000057,0.999943,1
0.000130,0.999870,1
0.999983,0.000017,0
0.000008,0.999992,1
0.000035,0.999965,1
0.000023,0.999977,1
0.999583,0.000417,0
0.000005,0.999995,1
0.999946,0.000054,0
0.999879,0.000121,0
0.000146,0.999854,1
0.000261,0.999739,1
0.000067,0.999933,1
0.000295,0.999705,1
0.999960,0.000040,0
0.999920,0.000080,0
0.000017,0.999983,1
0.000062,0.999938,1
0.000003,0.999997,1
0.000007,0.999993,1
0.000143,0.999857,1
0.999973,0.000027,0
0.999977,0.000023,0
0.000019,0.999981,1
0.000000,1.000000,1
0.999991,0.000009,0
0.000068,0.999932,1
0.998041,0.001959,0
0.000174,0.999826,1
0.000000,1.000000,1
0.000011,0.999989,1
0.000004,0.999996,1
0.999904,0.000096,0
0.000010,0.999990,1
0.999949,0.000051,0
0.999995,0.000005,0
0.999815,0.000185,0
0.999911,0.000089,0
0.000240,0.999760,1
0.999941,0.000059,0
0.000040,0.999960,1
0.999916,0.000084,0
0.000001,0.999999,1
0.000010,0.999990,1
0.000138,0.999862,1
0.999987,0.000013,0
0.000593,0.999407,1
0.999966,0.000034,0
0.999990,0.000010,0
0.000012,0.999988,1
0.999716,0.000284,0
0.999974,0.000026,0
0.999759,0.000241,0
0.000009,0.999991,1
0.000064,0.999936,1
0.000305,0.999695,1
0.000075,0.999925,1
0.000113,0.999887,1
0.999926,0.000074,0
0.000086,0.999914,1
0.999996,0.000004,0
0.000002,0.999998,1
0.000004,0.999996,1
0.999509,0.000491,0
0.000696,0.999304,1
0.999810,0.000190,0
0.000031,0.999969,1
0.000004,0.999996,1
0.000015,0.999985,1
0.999985,0.000015,0
0.000012,0.999988,1
0.999973,0.000027,0
0.000028,0.999972,1
0.000345,0.999655,1
0.999963,0.000037,0
0.000074,0.999926,1
0.998836,0.001164,0
0.000162,0.999838,1
0.000020,0.999980,1
0.999992,0.000008,0
0.999945,0.000055,0
0.000221,0.999779,1
0.999851,0.000149,0
0.999833,0.000167,0
0.000422,0.999578,1
0.999987,0.000013,0
0.999949,0.000051,0
0.999975,0.000025,0
0.999928,0.000072,0
0.000017,0.999983,1
0.999962,0.000038,0
0.000218,0.999782,1
0.999993,0.000007,0
0.000033,0.999967,1
0.999874,0.000126,0
0.000147,0.999853,1
0.999948,0.000052,0
0.999984,0.000016,0
0.000140,0.999860,1
0.999894,0.000106,0
0.999987,0.000013,0
0.999923,0.000077,0
0.000111,0.999889,1
0.000007,0.999993,1
0.999991,0.000009,0
0.999906,0.000094,0
0.000121,0.999879,1
0.000010,0.999990,1
0.000320,0.999680,1
0.999937,0.000063,0
0.001259,0.998741,1
0.000037,0.999963,1
0.000093,0.999907,1
0.000008,0.999992,1
0.000068,0.999932,1
0.999993,0.000007,0
0.999699,0.000301,0
0.000042,0.999958,1
0.999998,0.000002,0
0.999691,0.000309,0
0.000035,0.999965,1
0.000111,0.999889,1
0.999289,0.000711,0
0.999994,0.000006,0
0.000011,0.999989,1
0.999977,0.000023,0
0.000020,0.999980,1
0.000034,0.999966,1
0.998107,0.001893,0
0.000000,1.000000,1
0.000047,0.999953,1
0.999951,0.000049,0
0.999976,0.000024,0
0.000004,0.999996,1
0.000008,0.999992,1
0.002712,0.997288,1
0.000004,0.999996,1
0.000009,0.999991,1
0.999976,0.000024,0
0.000008,0.999992,1
0.999948,0.000052,0
0.000062,0.999938,1
0.999892,0.000108,0
0.000026,0.999974,1
0.999951,0.000049,0
0.999976,0.000024,0
0.999796,0.000204,0
0.999561,0.000439,0
0.000393,0.999607,1
0.000026,0.999974,1
0.999984,0.000016,0
0.000126,0.999874,1
0.000003,0.999997,1
0.000026,0.999974,1
0.000053,0.999947,1
0.999981,0.000019,0
0.999863,0.000137,0
0.999952,0.000048,0
0.000194,0.999806,1
0.000164,0.999836,1
0.000041,0.999959,1
0.000015,0.999985,1
0.999842,0.000158,0
0.000027,0.999973,1
0.999991,0.000009,0
0.000050,0.999950,1
0.000056,0.999944,1
0.999333,0.000667,0
0.000003,0.999997,1
0.999880,0.000120,0
0.000009,0.999991,1
0.999988,0.000012,0
0.000136,0.999864,1
0.000690,0.999310,1
0.999889,0.000111,0
0.000011,0.999989,1
0.000001,0.999999,1
0.000006,0.999994,1
0.000005,0.999995,1
0.999946,0.000054,0
0.999966,0.000034,0
0.000082,0.999918,1
0.999776,0.000224,0
0.000403,0.999597,1
0.999911,0.000089,0
0.999936,0.000064,0
0.000026,0.999974,1
0.999945,0.000055,0
0.999934,0.000066,0
0.000001,0.999999,1
0.000034,0.999966,1
0.000319,0.999681,1
0.000005,0.999995,1
0.000071,0.999929,1
0.999982,0.000018,0
0.000740,0.999260,1
0.999946,0.000054,0
0.998699,0.001301,0
0.999937,0.000063,0
0.000037,0.999963,1
0.000041,0.999959,1
0.000000,1.000000,1
0.000060,0.999940,1
0.000131,0.999869,1
0.013640,0.986360,1
0.999908,0.000092,0
0.999970,0.000030,0
0.000100,0.999900,1
0.999845,0.000155,0
0.999914,0.000086,0
0.999799,0.000201,0
0.999981,0.000019,0
0.000012,0.999988,1
0.999832,0.000168,0
0.000074,0.999926,1
0.999822,0.000178,0
0.000104,0.999896,1
0.999686,0.000314,0
0.000037,0.999963,1
0.999941,0.000059,0
0.000042,0.999958,1
0.999913,0.000087,0
0.000067,0.999933,1
0.000017,0.999983,1
0.000566,0.999434,1
0.999978,0.000022,0
0.999905,0.000095,0
0.999648,0.000352,0
0.999889,0.000111,0
0.999968,0.000032,0
0.999972,0.000028,0
0.000014,0.999986,1
0.000027,0.999973,1
0.000115,0.999885,1
0.000000,1.000000,1
0.000755,0.999245,1
0.000574,0.999426,1
0.000000,1.000000,1
0.999934,0.000066,0
0.999991,0.000009,0
0.000199,0.999801,1
0.000005,0.999995,1
0.999684,0.000316,0
0.000009,0.999991,1
0.999998,0.000002,0
0.999951,0.000049,0
0.000078,0.999922,1
0.000143,0.999857,1
0.999971,0.000029,0
0.999908,0.000092,0
0.999958,0.000042,0
0.999977,0.000023,0
0.999688,0.000312,0
0.000035,0.999965,1
0.000107,0.999893,1
0.999998,0.000002,0
0.999916,0.000084,0
0.000006,0.999994,1
0.001415,0.998585,1
0.000003,0.999997,1
0.999977,0.000023,0
0.000057,0.999943,1
0.000064,0.999936,1
0.999401,0.000599,0
0.000054,0.999946,1
0.000004,0.999996,1
0.999994,0.000006,0
0.999972,0.000028,0
0.000171,0.999829,1
0.999949,0.000051,0
0.999988,0.000012,0
0.000073,0.999927,1
0.999950,0.000050,0
0.999869,0.000131,0
0.999001,0.000999,0
0.999768,0.000232,0
0.000006,0.999994,1
0.000008,0.999992,1
0.000107,0.999893,1
0.999996,0.000004,0
0.999967,0.000033,0
0.999981,0.000019,0
0.999829,0.000171,0
0.000334,0.999666,1
0.000005,0.999995,1
0.999995,0.000005,0
0.000086,0.999914,1
0.999670,0.000330,0
0.000003,0.999997,1
0.999985,0.000015,0
0.000063,0.999937,1
0.000049,0.999951,1
0.000030,0.999970,1
0.999997,0.000003,0
0.000060,0.999940,1
0.999913,0.000087,0
0.999208,0.000792,0
0.000085,0.999915,1
0.999555,0.000445,0
0.000743,0.999257,1
0.999969,0.000031,0
0.000000,1.000000,1
0.000002,0.999998,1
0.000006,0.999994,1
0.999926,0.000074,0
0.999912,0.000088,0
0.000012,0.999988,1
0.000030,0.999970,1
0.999925,0.000075,0
0.999997,0.000003,0
0.999908,0.000092,0
0.999995,0.000005,0
0.000055,0.999945,1
0.999950,0.000050,0
0.999951,0.000049,0
0.999999,0.000001,0
0.000334,0.999666,1
0.000005,0.999995,1
0.000037,0.999963,1
0.000068,0.999932,1
0.000083,0.999917,1
0.000362,0.999638,1
0.999891,0.000109,0
0.000014,0.999986,1
0.000010,0.999990,1
0.000016,0.999984,1
0.000006,0.999994,1
0.000453,0.999547,1
0.000037,0.999963,1
0.999785,0.000215,0
0.000440,0.999560,1
0.000008,0.999992,1
0.000170,0.999830,1
0.999590,0.000410,0
0.000005,0.999995,1
0.999876,0.000124,0
0.000001,0.999999,1
0.000018,0.999982,1
0.000024,0.999976,1
0.000040,0.999960,1
0.000241,0.999759,1
0.997129,0.002871,0
0.999884,0.000116,0
0.999935,0.000065,0
0.999975,0.000025,0
0.000005,0.999995,1
0.999999,0.000001,0
0.999761,0.000239,0
0.999995,0.000005,0
0.000008,0.999992,1
0.999999,0.000001,0
0.999982,0.000018,0
0.000102,0.999898,1
0.999963,0.000037,0
0.000092,0.999908,1
0.999971,0.000029,0
0.000023,0.999977,1
0.000004,0.999996,1
0.000279,0.999721,1
0.000225,0.999775,1
0.999982,0.000018,0
0.000113,0.999887,1
0.999756,0.000244,0
0.999819,0.000181,0
0.999958,0.000042,0
0.000369,0.999631,1
0.999976,0.000024,0
0.999758,0.000242,0
0.000032,0.999968,1
0.000050,0.999950,1
0.999949,0.000051,0
0.999084,0.000916,0
0.999777,0.000223,0
0.999998,0.000002,0
0.000010,0.999990,1
0.999993,0.000007,0
0.001147,0.998853,1
0.999743,0.000257,0
0.000004,0.999996,1
0.999719,0.000281,0
0.999918,0.000082,0
0.000402,0.999598,1
0.999862,0.000138,0
0.000033,0.999967,1
0.000589,0.999411,1
0.999625,0.000375,0
0.999977,0.000023,0
0.999948,0.000052,0
0.999889,0.000111,0
0.999600,0.000400,0
0.000035,0.999965,1
0.000032,0.999968,1
0.999848,0.000152,0
0.000143,0.999857,1
0.001488,0.998512,1
0.999984,0.000016,0
0.999928,0.000072,0
0.999970,0.000030,0
0.000000,1.000000,1
0.999919,0.000081,0
0.000005,0.999995,1
0.999962,0.000038,0
0.999947,0.000053,0
0.999913,0.000087,0
0.999798,0.000202,0
0.999918,0.000082,0
0.000019,0.999981,1
0.000005,0.999995,1
0.999952,0.000048,0
0.000000,1.000000,1
0.000263,0.999737,1
0.999778,0.000222,0
0.000128,0.999872,1
0.999962,0.000038,0
0.000001,0.999999,1
0.999988,0.000012,0
0.999983,0.000017,0
0.000060,0.999940,1
0.999889,0.000111,0
0.999997,0.000003,0
0.000026,0.999974,1
0.999943,0.000057,0
0.000321,0.999679,1
0.000090,0.999910,1
0.999894,0.000106,0
0.999981,0.000019,0
0.000083,0.999917,1
0.999928,0.000072,0
0.000503,0.999497,1
0.999787,0.000213,0
0.999990,0.000010,0
0.000010,0.999990,1
0.999984,0.000016,0
0.999800,0.000200,0
0.000147,0.999853,1
0.000110,0.999890,1
0.999711,0.000289,0
0.999918,0.000082,0
0.000069,0.999931,1
0.000039,0.999961,1
0.999413,0.000587,0
0.000005,0.999995,1
0.000235,0.999765,1
0.999958,0.000042,0
0.000013,0.999987,1
0.999954,0.000046,0
0.000736,0.999264,1
0.000082,0.999918,1
0.000066,0.999934,1
0.999944,0.000056,0
0.000483,0.999517,1
0.000007,0.999993,1
0.999520,0.000480,0
0.999985,0.000015,0
0.000001,0.999999,1
0.998459,0.001541,0
0.999972,0.000028,0
0.999943,0.000057,0
0.000030,0.999970,1
0.000008,0.999992,1
0.999998,0.000002,0
0.000005,0.999995,1
0.999982,0.000018,0
0.002217,0.997783,1
0.000109,0.999891,1
0.999968,0.000032,0
0.000002,0.999998,1
0.999194,0.000806,0
0.999997,0.000003,0
0.000000,1.000000,1
0.000059,0.999941,1
0.998857,0.001143,0
0.000105,0.999895,1
0.000019,0.999981,1
0.999983,0.000017,0
0.000300,0.999700,1
0.999411,0.000589,0
0.000025,0.999975,1
0.000029,0.999971,1
0.000049,0.999951,1
0.999998,0.000002,0
0.000001,0.999999,1
0.000046,0.999954,1
0.000201,0.999799,1
0.000295,0.999705,1
0.999973,0.000027,0
0.000001,0.999999,1
0.000107,0.999893,1
0.999966,0.000034,0
0.000018,0.999982,1
0.000062,0.999938,1
0.999655,0.000345,0
0.000001,0.999999,1
0.999669,0.000331,0
0.000001,0.999999,1
0.000483,0.999517,1
0.000015,0.999985,1
0.999996,0.000004,0
0.998060,0.001940,0
0.000810,0.999190,1
0.000040,0.999960,1
0.000036,0.999964,1
0.999971,0.000029,0
0.000046,0.999954,1
0.000003,0.999997,1
0.000003,0.999997,1
0.999996,0.000004,0
0.000002,0.999998,1
0.998937,0.001063,0
0.000043,0.999957,1
0.999780,0.000220,0
0.999905,0.000095,0
0.000000,1.000000,1
0.000020,0.999980,1
0.000094,0.999906,1
0.999986,0.000014,0
0.999951,0.000049,0
0.000016,0.999984,1
0.000037,0.999963,1
0.000000,1.000000,1
0.000015,0.999985,1
0.000017,0.999983,1
0.000016,0.999984,1
0.999990,0.000010,0
0.999958,0.000042,0
0.000016,0.999984,1
0.000093,0.999907,1
0.000139,0.999861,1
0.999997,0.000003,0
0.999997,0.000003,0
0.000020,0.999980,1
0.000037,0.999963,1
0.999952,0.000048,0
0.999943,0.000057,0
0.000008,0.999992,1
0.000103,0.999897,1
0.000028,0.999972,1
0.999987,0.000013,0
0.999983,0.000017,0
0.000029,0.999971,1
0.999965,0.000035,0
0.000303,0.999697,1
0.000028,0.999972,1
0.000093,0.999907,1
0.000134,0.999866,1
0.000003,0.999997,1
0.000020,0.999980,1
0.000000,1.000000,1
0.999685,0.000315,0
0.999531,0.000469,0
0.999956,0.000044,0
0.000001,0.999999,1
0.999954,0.000046,0
0.000017,0.999983,1
0.001695,0.998305,1
0.000022,0.999978,1
0.999936,0.000064,0
0.992646,0.007354,0
0.000199,0.999801,1
0.999972,0.000028,0
0.999943,0.000057,0
0.000117,0.999883,1
0.000064,0.999936,1
0.000003,0.999997,1
0.999231,0.000769,0
0.000505,0.999495,1
0.999518,0.000482,0
0.000014,0.999986,1
0.999937,0.000063,0
0.000044,0.999956,1
0.000444,0.999556,1
0.999900,0.000100,0
0.999985,0.000015,0
0.999686,0.000314,0
0.000208,0.999792,1
0.998859,0.001141,0
0.999895,0.000105,0
0.000000,1.000000,1
0.000006,0.999994,1
0.999985,0.000015,0
0.999969,0.000031,0
0.999734,0.000266,0
0.999940,0.000060,0
0.999936,0.000064,0
0.000089,0.999911,1
0.000063,0.999937,1
0.000000,1.000000,1
0.000011,0.999989,1
0.000027,0.999973,1
0.999697,0.000303,0
0.000106,0.999894,1
0.000050,0.999950,1
0.000563,0.999437,1
0.000000,1.000000,1
0.999943,0.000057,0
0.999969,0.000031,0
0.000062,0.999938,1
0.999993,0.000007,0
0.001219,0.998781,1
0.000007,0.999993,1
0.000000,1.000000,1
0.000011,0.999989,1
0.000001,0.999999,1
0.000024,0.999976,1
0.000727,0.999273,1
0.999552,0.000448,0
0.000087,0.999913,1
0.000875,0.999125,1
0.000005,0.999995,1
0.999950,0.000050,0
0.999997,0.000003,0
0.999909,0.000091,0
0.999978,0.000022,0
0.000004,0.999996,1
0.999993,0.000007,0
0.999961,0.000039,0
0.000017,0.999983,1
0.999708,0.000292,0
0.999999,0.000001,0
0.000014,0.999986,1
0.000073,0.999927,1
0.000116,0.999884,1
0.999971,0.000029,0
0.000000,1.000000,1
0.000162,0.999838,1
0.999999,0.000001,0
0.000099,0.999901,1
0.999959,0.000041,0
0.999959,0.000041,0
0.000095,0.999905,1
0.000105,0.999895,1
0.000018,0.999982,1
0.000000,1.000000,1
0.000037,0.999963,1
0.999978,0.000022,0
0.000293,0.999707,1
0.999923,0.000077,0
0.000081,0.999919,1
0.999935,0.000065,0
0.000514,0.999486,1
0.000157,0.999843,1
0.000014,0.999986,1
0.000000,1.000000,1
0.999904,0.000096,0
0.000050,0.999950,1
0.000304,0.999696,1
0.999889,0.000111,0
0.999967,0.000033,0
0.000282,0.999718,1
0.000000,1.000000,1
0.999989,0.000011,0
0.000965,0.999035,1
0.999917,0.000083,0
0.000040,0.999960,1
0.000613,0.999387,1
0.000107,0.999893,1
0.999909,0.000091,0
0.000196,0.999804,1
0.999999,0.000001,0
0.999963,0.000037,0
0.000230,0.999770,1
0.999863,0.000137,0
0.998606,0.001394,0
0.000044,0.999956,1
0.999972,0.000028,0
0.000001,0.999999,1
0.999147,0.000853,0
0.999965,0.000035,0
0.000009,0.999991,1
0.999875,0.000125,0
0.000052,0.999948,1
0.999864,0.000136,0
0.000399,0.999601,1
0.999590,0.000410,0
0.000020,0.999980,1
0.000092,0.999908,1
0.000530,0.999470,1
0.999323,0.000677,0
0.000447,0.999553,1
0.000000,1.000000,1
0.000060,0.999940,1
0.000037,0.999963,1
0.000025,0.999975,1
0.999962,0.000038,0
0.999822,0.000178,0
0.999620,0.000380,0
0.000253,0.999747,1
0.999716,0.000284,0
0.999632,0.000368,0
0.999711,0.000289,0
0.000056,0.999944,1
0.000119,0.999881,1
0.001241,0.998759,1
0.000015,0.999985,1
0.999965,0.000035,0
0.999817,0.000183,0
0.000098,0.999902,1
0.999998,0.000002,0
0.000004,0.999996,1
0.000029,0.999971,1
0.000121,0.999879,1
0.000464,0.999536,1
0.000016,0.999984,1
0.999531,0.000469,0
0.999785,0.000215,0
0.999995,0.000005,0
0.000011,0.999989,1
0.000011,0.999989,1
0.000012,0.999988,1
0.011049,0.988951,1
0.000315,0.999685,1
0.999998,0.000002,0
0.000006,0.999994,1
0.999879,0.000121,0
0.999937,0.000063,0
0.000159,0.999841,1
0.000001,0.999999,1
0.000047,0.999953,1
0.999950,0.000050,0
0.000000,1.000000,1
0.999901,0.000099,0
0.999469,0.000531,0
0.000010,0.999990,1
0.000223,0.999777,1
0.999980,0.000020,0
0.000000,1.000000,1
0.000197,0.999803,1
0.999946,0.000054,0
0.999225,0.000775,0
0.000108,0.999892,1
0.000006,0.999994,1
0.000131,0.999869,1
0.000025,0.999975,1
0.000001,0.999999,1
0.000027,0.999973,1
0.999736,0.000264,0
0.000151,0.999849,1
0.000004,0.999996,1
0.999925,0.000075,0
0.000910,0.999090,1
0.000003,0.999997,1
0.000046,0.999954,1
0.999888,0.000112,0
0.999709,0.000291,0
0.000364,0.999636,1
0.000164,0.999836,1
0.999918,0.000082,0
0.998088,0.001912,0
0.999751,0.000249,0
0.999813,0.000187,0
0.000014,0.999986,1
0.999235,0.000765,0
0.000144,0.999856,1
0.000015,0.999985,1
0.000011,0.999989,1
0.000001,0.999999,1
0.000236,0.999764,1
0.000013,0.999987,1
0.999992,0.000008,0
0.001335,0.998665,1
0.999889,0.000111,0
0.000003,0.999997,1
0.999997,0.000003,0
0.999996,0.000004,0
0.000005,0.999995,1
0.000023,0.999977,1
0.999938,0.000062,0
0.000008,0.999992,1
0.000003,0.999997,1
0.008793,0.991207,1
0.999991,0.000009,0
0.000002,0.999998,1
0.000236,0.999764,1
0.999974,0.000026,0
0.999757,0.000243,0
0.999748,0.000252,0
0.999995,0.000005,0
0.999805,0.000195,0
0.000086,0.999914,1
0.000131,0.999869,1
0.999926,0.000074,0
0.000476,0.999524,1
0.999983,0.000017,0
0.000041,0.999959,1
0.000002,0.999998,1
0.000007,0.999993,1
0.000001,0.999999,1
0.999912,0.000088,0
0.999972,0.000028,0
0.999892,0.000108,0
0.000000,1.000000,1
0.999888,0.000112,0
0.999991,0.000009,0
0.999893,0.000107,0
0.999909,0.000091,0
0.000126,0.999874,1
0.000024,0.999976,1
0.999886,0.000114,0
0.000069,0.999931,1
0.999905,0.000095,0
0.999934,0.000066,0
0.999845,0.000155,0
0.000006,0.999994,1
0.000000,1.000000,1
0.998982,0.001018,0
0.999982,0.000018,0
0.000368,0.999632,1
0.999991,0.000009,0
0.999911,0.000089,0
0.999960,0.000040,0
0.000017,0.999983,1
0.999948,0.000052,0
0.000003,0.999997,1
0.000017,0.999983,1
0.999940,0.000060,0
0.000010,0.999990,1
0.999815,0.000185,0
0.000001,0.999999,1
0.999216,0.000784,0
0.000217,0.999783,1
0.999488,0.000512,0
0.000043,0.999957,1
0.000036,0.999964,1
0.000055,0.999945,1
0.999965,0.000035,0
0.000107,0.999893,1
0.999991,0.000009,0
0.999857,0.000143,0
0.000029,0.999971,1
0.000014,0.999986,1
0.999857,0.000143,0
0.000002,0.999998,1
0.999450,0.000550,0
0.998778,0.001222,0
0.999761,0.000239,0
0.999934,0.000066,0
0.999989,0.000011,0
0.999995,0.000005,0
0.999974,0.000026,0
0.999857,0.000143,0
0.000022,0.999978,1
0.999881,0.000119,0
0.999908,0.000092,0
0.000646,0.999354,1
0.999683,0.000317,0
0.000217,0.999783,1
0.999805,0.000195,0
0.000000,1.000000,1
0.000110,0.999890,1
0.000001,0.999999,1
0.999664,0.000336,0
0.000180,0.999820,1
0.999973,0.000027,0
0.000861,0.999139,1
0.999991,0.000009,0
0.999827,0.000173,0
0.000036,0.999964,1
0.000077,0.999923,1
0.000351,0.999649,1
0.000036,0.999964,1
0.000204,0.999796,1
0.000034,0.999966,1
0.000257,0.999743,1
0.000000,1.000000,1
0.999979,0.000021,0
0.999938,0.000062,0
0.999955,0.000045,0
0.000016,0.999984,1
0.000375,0.999625,1
0.999995,0.000005,0
0.000159,0.999841,1
0.000004,0.999996,1
0.999985,0.000015,0
0.999981,0.000019,0
0.999559,0.000441,0
0.999990,0.000010,0
0.000043,0.999957,1
0.999775,0.000225,0
0.000267,0.999733,1
0.000526,0.999474,1
0.998589,0.001411,0
0.000005,0.999995,1
0.999960,0.000040,0
0.000117,0.999883,1
0.999911,0.000089,0
0.999929,0.000071,0
0.000002,0.999998,1
0.000162,0.999838,1
0.000013,0.999987,1
0.000000,1.000000,1
0.999998,0.000002,0
0.999812,0.000188,0
0.000000,1.000000,1
0.000038,0.999962,1
0.000152,0.999848,1
0.000087,0.999913,1
0.000037,0.999963,1
0.996345,0.003655,0
0.000017,0.999983,1
0.000009,0.999991,1
0.000144,0.999856,1
0.999146,0.000854,0
0.000345,0.999655,1
0.000241,0.999759,1
0.000010,0.999990,1
0.000893,0.999107,1
0.000017,0.999983,1
0.000011,0.999989,1
0.000047,0.999953,1
0.000120,0.999880,1
0.000134,0.999866,1
0.000007,0.999993,1
0.000010,0.999990,1
0.000000,1.000000,1
0.000014,0.999986,1
0.998960,0.001040,0
0.000030,0.999970,1
0.999987,0.000013,0
0.999846,0.000154,0
0.000223,0.999777,1
0.000098,0.999902,1
0.999404,0.000596,0
0.000017,0.999983,1
0.000016,0.999984,1
0.000195,0.999805,1
0.999949,0.000051,0
0.000116,0.999884,1
0.999895,0.000105,0
0.999276,0.000724,0
0.000001,0.999999,1
0.999893,0.000107,0
0.001119,0.998881,1
0.999958,0.000042,0
0.997517,0.002483,0
0.000080,0.999920,1
0.000287,0.999713,1
0.999968,0.000032,0
0.000001,0.999999,1
0.000086,0.999914,1
0.999835,0.000165,0
0.000336,0.999664,1
0.000671,0.999329,1
0.000002,0.999998,1
0.000051,0.999949,1
0.000017,0.999983,1
0.000225,0.999775,1
0.999991,0.000009,0
0.000001,0.999999,1
0.000007,0.999993,1
0.999728,0.000272,0
0.999873,0.000127,0
0.999821,0.000179,0
0.999990,0.000010,0
0.999996,0.000004,0
0.999922,0.000078,0
0.000002,0.999998,1
0.000001,0.999999,1
0.000017,0.999983,1
0.000014,0.999986,1
0.000519,0.999481,1
0.999982,0.000018,0
0.000092,0.999908,1
0.000118,0.999882,1
0.999921,0.000079,0
0.999476,0.000524,0
0.000118,0.999882,1
0.999429,0.000571,0
0.999941,0.000059,0
0.000001,0.999999,1
0.999933,0.000067,0
0.000015,0.999985,1
0.000008,0.999992,1
0.000023,0.999977,1
0.999985,0.000015,0
0.000023,0.999977,1
0.000002,0.999998,1
0.000053,0.999947,1
0.999987,0.000013,0
0.000001,0.999999,1
0.999906,0.000094,0
0.999996,0.000004,0
0.000217,0.999783,1
0.999893,0.000107,0
0.000144,0.999856,1
0.999828,0.000172,0
0.999879,0.000121,0
0.000091,0.999909,1
0.999931,0.000069,0
0.999962,0.000038,0
0.000089,0.999911,1
0.000123,0.999877,1
0.000065,0.999935,1
0.000024,0.999976,1
0.999607,0.000393,0
0.000003,0.999997,1
0.000001,0.999999,1
0.000118,0.999882,1
0.000002,0.999998,1
0.000033,0.999967,1
0.000003,0.999997,1
0.000002,0.999998,1
0.999993,0.000007,0
0.000024,0.999976,1
0.000129,0.999871,1
0.999983,0.000017,0
0.000001,0.999999,1
0.000207,0.999793,1
0.000019,0.999981,1
0.000330,0.999670,1
0.000077,0.999923,1
0.000008,0.999992,1
0.999418,0.000582,0
0.999951,0.000049,0
0.999326,0.000674,0
0.000026,0.999974,1
0.000236,0.999764,1
0.999942,0.000058,0
0.000112,0.999888,1
0.000250,0.999750,1
0.000102,0.999898,1
0.999993,0.000007,0
0.999869,0.000131,0
0.999890,0.000110,0
0.000022,0.999978,1
0.000165,0.999835,1
0.999957,0.000043,0
0.000025,0.999975,1
0.000075,0.999925,1
0.000000,1.000000,1
0.000012,0.999988,1
0.000123,0.999877,1
0.000054,0.999946,1
0.000157,0.999843,1
0.000005,0.999995,1
0.999915,0.000085,0
0.000174,0.999826,1
0.000010,0.999990,1
0.999764,0.000236,0
0.000353,0.999647,1
0.999996,0.000004,0
0.999955,0.000045,0
0.999886,0.000114,0
0.999911,0.000089,0
0.000009,0.999991,1
0.000895,0.999105,1
0.000142,0.999858,1
0.000010,0.999990,1
0.000014,0.999986,1
0.000449,0.999551,1
0.999942,0.000058,0
0.000712,0.999288,1
0.000070,0.999930,1
0.000015,0.999985,1
0.000004,0.999996,1
0.000008,0.999992,1
0.999895,0.000105,0
0.000000,1.000000,1
0.999987,0.000013,0
0.000083,0.999917,1
0.000023,0.999977,1
0.999979,0.000021,0
0.999848,0.000152,0
0.999798,0.000202,0
0.000012,0.999988,1
0.000031,0.999969,1
0.000021,0.999979,1
0.999969,0.000031,0
0.999965,0.000035,0
0.000006,0.999994,1
0.999803,0.000197,0
0.000138,0.999862,1
0.999916,0.000084,0
0.000058,0.999942,1
0.000046,0.999954,1
0.999952,0.000048,0
0.000002,0.999998,1
0.999840,0.000160,0
0.999914,0.000086,0
0.000087,0.999913,1
0.999870,0.000130,0
0.999972,0.000028,0
0.999989,0.000011,0
0.000083,0.999917,1
0.000002,0.999998,1
0.000171,0.999829,1
0.000050,0.999950,1
0.000006,0.999994,1
0.000172,0.999828,1
0.000049,0.999951,1
0.999984,0.000016,0
0.999954,0.000046,0
0.999787,0.000213,0
0.000011,0.999989,1
0.999988,0.000012,0
0.999970,0.000030,0
0.000443,0.999557,1
0.999983,0.000017,0
0.999859,0.000141,0
0.000147,0.999853,1
0.999805,0.000195,0
0.999977,0.000023,0
0.000011,0.999989,1
0.000037,0.999963,1
0.000030,0.999970,1
0.999905,0.000095,0
0.000032,0.999968,1
0.999781,0.000219,0
0.000089,0.999911,1
0.999905,0.000095,0
0.999742,0.000258,0
0.000002,0.999998,1
0.998697,0.001303,0
0.999698,0.000302,0
0.000170,0.999830,1
0.000018,0.999982,1
0.000002,0.999998,1
0.000026,0.999974,1
0.000177,0.999823,1
0.999865,0.000135,0
0.999993,0.000007,0
0.999937,0.000063,0
0.999943,0.000057,0
0.000034,0.999966,1
0.999956,0.000044,0
0.999654,0.000346,0
0.999314,0.000686,0
0.999983,0.000017,0
0.000265,0.999735,1
0.999659,0.000341,0
0.999854,0.000146,0
0.000009,0.999991,1
0.000049,0.999951,1
0.999995,0.000005,0
0.000051,0.999949,1
0.000041,0.999959,1
0.999796,0.000204,0
0.000003,0.999997,1
0.999996,0.000004,0
0.999496,0.000504,0
0.999982,0.000018,0
0.999997,0.000003,0
0.000017,0.999983,1
0.999974,0.000026,0
0.000008,0.999992,1
0.000137,0.999863,1
0.999240,0.000760,0
0.999416,0.000584,0
0.999851,0.000149,0
0.000001,0.999999,1
0.999929,0.000071,0
0.000001,0.999999,1
0.999900,0.000100,0
0.000004,0.999996,1
0.000032,0.999968,1
0.999989,0.000011,0
0.000080,0.999920,1
0.000032,0.999968,1
0.000003,0.999997,1
0.000005,0.999995,1
0.000000,1.000000,1
0.999994,0.000006,0
0.999364,0.000636,0
0.000009,0.999991,1
0.999568,0.000432,0
0.999974,0.000026,0
0.999987,0.000013,0
0.999916,0.000084,0
0.000056,0.999944,1
0.000000,1.000000,1
0.999998,0.000002,0
0.999978,0.000022,0
0.000009,0.999991,1
0.000025,0.999975,1
0.000004,0.999996,1
0.999884,0.000116,0
0.000001,0.999999,1
0.999992,0.000008,0
0.000157,0.999843,1
0.999977,0.000023,0
0.000026,0.999974,1
0.000008,0.999992,1
0.999991,0.000009,0
0.999871,0.000129,0
0.000059,0.999941,1
0.999846,0.000154,0
0.001312,0.998688,1
0.000011,0.999989,1
0.999797,0.000203,0
0.000027,0.999973,1
0.000002,0.999998,1
0.000186,0.999814,1
0.000095,0.999905,1
0.000001,0.999999,1
0.999988,0.000012,0
0.000192,0.999808,1
0.999992,0.000008,0
0.999981,0.000019,0
0.000010,0.999990,1
0.000001,0.999999,1
0.999879,0.000121,0
0.000109,0.999891,1
0.000130,0.999870,1
0.000022,0.999978,1
0.000053,0.999947,1
0.000051,0.999949,1
0.996940,0.003060,0
0.000050,0.999950,1
0.999982,0.000018,0
0.000159,0.999841,1
0.999991,0.000009,0
0.999893,0.000107,0
0.999959,0.000041,0
0.999303,0.000697,0
0.000007,0.999993,1
0.000085,0.999915,1
0.999918,0.000082,0
0.000000,1.000000,1
0.000055,0.999945,1
0.999531,0.000469,0
0.999797,0.000203,0
0.999879,0.000121,0
0.000264,0.999736,1
0.999955,0.000045,0
0.000050,0.999950,1
0.000001,0.999999,1
0.000007,0.999993,1
0.000000,1.000000,1
0.000021,0.999979,1
0.000067,0.999933,1
0.000017,0.999983,1
0.999975,0.000025,0
0.000141,0.999859,1
0.000030,0.999970,1
0.000027,0.999973,1
0.000035,0.999965,1
0.999999,0.000001,0
0.000159,0.999841,1
0.999993,0.000007,0
0.000022,0.999978,1
0.000000,1.000000,1
0.999982,0.000018,0
0.999901,0.000099,0
0.999684,0.000316,0
0.000250,0.999750,1
0.000052,0.999948,1
0.000345,0.999655,1
0.000016,0.999984,1
0.000004,0.999996,1
0.999934,0.000066,0
0.000207,0.999793,1
0.000370,0.999630,1
0.000006,0.999994,1
0.999022,0.000978,0
0.999965,0.000035,0
0.000017,0.999983,1
0.999762,0.000238,0
0.999997,0.000003,0
0.999923,0.000077,0
0.000151,0.999849,1
0.999895,0.000105,0
0.999758,0.000242,0
0.999857,0.000143,0
0.999975,0.000025,0
0.000038,0.999962,1
0.000016,0.999984,1
0.999896,0.000104,0
0.000053,0.999947,1
0.000117,0.999883,1
0.000008,0.999992,1
0.000010,0.999990,1
0.000009,0.999991,1
0.999760,0.000240,0
0.999836,0.000164,0
0.000000,1.000000,1
0.999930,0.000070,0
0.999878,0.000122,0
0.999923,0.000077,0
0.000047,0.999953,1
0.000002,0.999998,1
0.000079,0.999921,1
0.000005,0.999995,1
0.999935,0.000065,0
0.000028,0.999972,1
0.000026,0.999974,1
0.000002,0.999998,1
0.000547,0.999453,1
0.000150,0.999850,1
0.000006,0.999994,1
0.999703,0.000297,0
0.000018,0.999982,1
0.999393,0.000607,0
0.000070,0.999930,1
0.999996,0.000004,0
0.000029,0.999971,1
0.000284,0.999716,1
0.000045,0.999955,1
0.999865,0.000135,0
0.000117,0.999883,1
0.999904,0.000096,0
0.999963,0.000037,0
0.000140,0.999860,1
0.999750,0.000250,0
0.000070,0.999930,1
0.999975,0.000025,0
0.999922,0.000078,0
0.000402,0.999598,1
0.999976,0.000024,0
0.000000,1.000000,1
0.000032,0.999968,1
0.000034,0.999966,1
0.999998,0.000002,0
0.999990,0.000010,0
0.999964,0.000036,0
0.999996,0.000004,0
0.999880,0.000120,0
0.000079,0.999921,1
0.999890,0.000110,0
0.999932,0.000068,0
0.000263,0.999737,1
0.999997,0.000003,0
0.000353,0.999647,1
0.999984,0.000016,0
0.000102,0.999898,1
0.000115,0.999885,1
0.999990,0.000010,0
0.000007,0.999993,1
0.999560,0.000440,0
0.000054,0.999946,1
0.999795,0.000205,0
0.999967,0.000033,0
0.999895,0.000105,0
0.000001,0.999999,1
0.999955,0.000045,0
0.999773,0.000227,0
0.999030,0.000970,0
0.999986,0.000014,0
0.000595,0.999405,1
0.000361,0.999639,1
0.000119,0.999881,1
0.000250,0.999750,1
0.999964,0.000036,0
0.000034,0.999966,1
0.000006,0.999994,1
0.000029,0.999971,1
0.999813,0.000187,0
0.999611,0.000389,0
0.000001,0.999999,1
0.000008,0.999992,1
0.999954,0.000046,0
0.000253,0.999747,1
0.000106,0.999894,1
0.000000,1.000000,1
0.999880,0.000120,0
0.000051,0.999949,1
0.000090,0.999910,1
0.000001,0.999999,1
0.000019,0.999981,1
0.000082,0.999918,1
0.999895,0.000105,0
0.002602,0.997398,1
0.000013,0.999987,1
0.998947,0.001053,0
0.999890,0.000110,0
0.999670,0.000330,0
0.999732,0.000268,0
0.000001,0.999999,1
0.999538,0.000462,0
0.999873,0.000127,0
0.999739,0.000261,0
0.000076,0.999924,1
0.000064,0.999936,1
0.999981,0.000019,0
0.000119,0.999881,1
0.999966,0.000034,0
0.999956,0.000044,0
0.999885,0.000115,0
0.000102,0.999898,1
0.999766,0.000234,0
0.999989,0.000011,0
0.000163,0.999837,1
0.000036,0.999964,1
0.999961,0.000039,0
0.000000,1.000000,1
0.999995,0.000005,0
0.999968,0.000032,0
0.000004,0.999996,1
0.000000,1.000000,1
0.999998,0.000002,0
0.000001,0.999999,1
0.000000,1.000000,1
0.000199,0.999801,1
0.000009,0.999991,1
0.999837,0.000163,0
0.999979,0.000021,0
0.000010,0.999990,1
0.999950,0.000050,0
0.999943,0.000057,0
0.999611,0.000389,0
0.000004,0.999996,1
0.000252,0.999748,1
0.999429,0.000571,0
0.000004,0.999996,1
0.999844,0.000156,0
0.000002,0.999998,1
0.999918,0.000082,0
0.999987,0.000013,0
0.000000,1.000000,1
0.000085,0.999915,1
0.999994,0.000006,0
0.999973,0.000027,0
0.000038,0.999962,1
0.000060,0.999940,1
0.000008,0.999992,1
0.999971,0.000029,0
0.999989,0.000011,0
0.000055,0.999945,1
0.999976,0.000024,0
0.000392,0.999608,1
0.999891,0.000109,0
0.000023,0.999977,1
0.999853,0.000147,0
0.000004,0.999996,1
0.000095,0.999905,1
0.999982,0.000018,0
0.999699,0.000301,0
0.000025,0.999975,1
0.000029,0.999971,1
0.999539,0.000461,0
0.000294,0.999706,1
0.999517,0.000483,0
0.999897,0.000103,0
0.000165,0.999835,1
0.999921,0.000079,0
0.999895,0.000105,0
0.999959,0.000041,0
0.999926,0.000074,0
0.999921,0.000079,0
0.000012,0.999988,1
0.999622,0.000378,0
0.000004,0.999996,1
0.998610,0.001390,0
0.999799,0.000201,0
0.000492,0.999508,1
0.999826,0.000174,0
0.999948,0.000052,0
0.000001,0.999999,1
0.999982,0.000018,0
0.000082,0.999918,1
0.999766,0.000234,0
0.999996,0.000004,0
0.999995,0.000005,0
0.999995,0.000005,0
0.999932,0.000068,0
0.000003,0.999997,1
0.000108,0.999892,1
0.000145,0.999855,1
0.000349,0.999651,1
0.000146,0.999854,1
0.000073,0.999927,1
0.000048,0.999952,1
0.000386,0.999614,1
0.000170,0.999830,1
0.999993,0.000007,0
0.000611,0.999389,1
0.999949,0.000051,0
0.999991,0.000009,0
0.000005,0.999995,1
0.000002,0.999998,1
0.000249,0.999751,1
0.999919,0.000081,0
0.999484,0.000516,0
0.999721,0.000279,0
0.999957,0.000043,0
0.999939,0.000061,0
0.000003,0.999997,1
0.000180,0.999820,1
0.000284,0.999716,1
0.000025,0.999975,1
0.999778,0.000222,0
0.000682,0.999318,1
0.999999,0.000001,0
0.999604,0.000396,0
0.000034,0.999966,1
0.999752,0.000248,0
0.999954,0.000046,0
0.999996,0.000004,0
0.999734,0.000266,0
0.000005,0.999995,1
0.999982,0.000018,0
0.999997,0.000003,0
0.000000,1.000000,1
0.000057,0.999943,1
0.000013,0.999987,1
0.999812,0.000188,0
0.000084,0.999916,1
0.999990,0.000010,0
0.000000,1.000000,1
0.000023,0.999977,1
0.999795,0.000205,0
0.000047,0.999953,1
0.999899,0.000101,0
0.000553,0.999447,1
0.999974,0.000026,0
0.999805,0.000195,0
0.999939,0.000061,0
0.999977,0.000023,0
0.000003,0.999997,1
0.000020,0.999980,1
0.000012,0.999988,1
0.000059,0.999941,1
0.000007,0.999993,1
0.000001,0.999999,1
0.000021,0.999979,1
0.999742,0.000258,0
0.000028,0.999972,1
0.000163,0.999837,1
0.000008,0.999992,1
0.999258,0.000742,0
0.999953,0.000047,0
0.000011,0.999989,1
0.999978,0.000022,0
0.000059,0.999941,1
0.999931,0.000069,0
0.000007,0.999993,1
0.999962,0.000038,0
0.000004,0.999996,1
0.999968,0.000032,0
0.999944,0.000056,0
0.000063,0.999937,1
0.000014,0.999986,1
0.000007,0.999993,1
0.001148,0.998852,1
0.000123,0.999877,1
0.999911,0.000089,0
0.999991,0.000009,0
0.999923,0.000077,0
0.999932,0.000068,0
0.000005,0.999995,1
0.998328,0.001672,0
0.999870,0.000130,0
0.999972,0.000028,0
0.999912,0.000088,0
0.000460,0.999540,1
0.998689,0.001311,0
0.000065,0.999935,1
0.000129,0.999871,1
0.000163,0.999837,1
0.000236,0.999764,1
0.999985,0.000015,0
0.999934,0.000066,0
0.999974,0.000026,0
0.000091,0.999909,1
0.000007,0.999993,1
0.999906,0.000094,0
0.000364,0.999636,1
0.999987,0.000013,0
0.999963,0.000037,0
0.999958,0.000042,0
0.000042,0.999958,1
0.000018,0.999982,1
0.999870,0.000130,0
0.000206,0.999794,1
0.000002,0.999998,1
0.999990,0.000010,0
0.000038,0.999962,1
0.999991,0.000009,0
0.000007,0.999993,1
0.000020,0.999980,1
0.999973,0.000027,0
0.000410,0.999590,1
0.000022,0.999978,1
0.000054,0.999946,1
0.003317,0.996683,1
0.999997,0.000003,0
0.999957,0.000043,0
0.999838,0.000162,0
0.000000,1.000000,1
0.000019,0.999981,1
0.000088,0.999912,1
0.999986,0.000014,0
0.999981,0.000019,0
0.999797,0.000203,0
0.999830,0.000170,0
0.000110,0.999890,1
0.999942,0.000058,0
0.000070,0.999930,1
0.000039,0.999961,1
0.000008,0.999992,1
0.999978,0.000022,0
0.999933,0.000067,0
0.000002,0.999998,1
0.999791,0.000209,0
0.999983,0.000017,0
0.000147,0.999853,1
0.999685,0.000315,0
0.999766,0.000234,0
0.999982,0.000018,0
0.000095,0.999905,1
0.999676,0.000324,0
0.000003,0.999997,1
0.999976,0.000024,0
0.000001,0.999999,1
0.999951,0.000049,0
0.000022,0.999978,1
0.000018,0.999982,1
0.999211,0.000789,0
0.000036,0.999964,1
0.999836,0.000164,0
0.000165,0.999835,1
0.000010,0.999990,1
0.999991,0.000009,0
0.999795,0.000205,0
0.000005,0.999995,1
0.999935,0.000065,0
0.999904,0.000096,0
0.999316,0.000684,0
0.999896,0.000104,0
0.000008,0.999992,1
0.999942,0.000058,0
0.999764,0.000236,0
0.999185,0.000815,0
0.000003,0.999997,1
0.999858,0.000142,0
0.000021,0.999979,1
0.000001,0.999999,1
0.000179,0.999821,1
0.000262,0.999738,1
0.999833,0.000167,0
0.000013,0.999987,1
0.999942,0.000058,0
0.999911,0.000089,0
0.000335,0.999665,1
0.999788,0.000212,0
0.000024,0.999976,1
0.000018,0.999982,1
0.000019,0.999981,1
0.000032,0.999968,1
0.000118,0.999882,1
0.999905,0.000095,0
0.999906,0.000094,0
0.000007,0.999993,1
0.000008,0.999992,1
0.000008,0.999992,1
0.999966,0.000034,0
0.000244,0.999756,1
0.000006,0.999994,1
0.000016,0.999984,1
0.000115,0.999885,1
0.000024,0.999976,1
0.999971,0.000029,0
0.000224,0.999776,1
0.000039,0.999961,1
0.000006,0.999994,1
0.000002,0.999998,1
0.000002,0.999998,1
0.999996,0.000004,0
0.000013,0.999987,1
0.999884,0.000116,0
0.000499,0.999501,1
0.000338,0.999662,1
0.000050,0.999950,1
0.999677,0.000323,0
0.000460,0.999540,1
0.000017,0.999983,1
0.999946,0.000054,0
0.000067,0.999933,1
0.999973,0.000027,0
0.999994,0.000006,0
0.000004,0.999996,1
0.000010,0.999990,1
0.999946,0.000054,0
0.000061,0.999939,1
0.999892,0.000108,0
0.999930,0.000070,0
0.000033,0.999967,1
0.999994,0.000006,0
0.000022,0.999978,1
0.000064,0.999936,1
0.000008,0.999992,1
0.999966,0.000034,0
0.000009,0.999991,1
0.000002,0.999998,1
0.999989,0.000011,0
0.000043,0.999957,1
0.000187,0.999813,1
0.999905,0.000095,0
0.000013,0.999987,1
0.000077,0.999923,1
0.999986,0.000014,0
0.000357,0.999643,1
0.000004,0.999996,1
0.000069,0.999931,1
0.999900,0.000100,0
0.000006,0.999994,1
0.001573,0.998427,1
0.000047,0.999953,1
0.000004,0.999996,1
0.999877,0.000123,0
0.000031,0.999969,1
0.000027,0.999973,1
0.000353,0.999647,1
0.999970,0.000030,0
0.000213,0.999787,1
0.001214,0.998786,1
0.000038,0.999962,1
0.000016,0.999984,1
0.000026,0.999974,1
0.999934,0.000066,0
0.999860,0.000140,0
0.000000,1.000000,1
0.000000,1.000000,1
0.999984,0.000016,0
0.000023,0.999977,1
0.000125,0.999875,1
0.999909,0.000091,0
0.999975,0.000025,0
0.000350,0.999650,1
0.000064,0.999936,1
0.000096,0.999904,1
0.000087,0.999913,1
0.999996,0.000004,0
0.000006,0.999994,1
0.999862,0.000138,0
0.002092,0.997908,1
0.000002,0.999998,1
0.000001,0.999999,1
0.000023,0.999977,1
0.000338,0.999662,1
0.000053,0.999947,1
0.000000,1.000000,1
0.001320,0.998680,1
0.000043,0.999957,1
0.000083,0.999917,1
0.000012,0.999988,1
0.998916,0.001084,0
0.001496,0.998504,1
0.000163,0.999837,1
0.000043,0.999957,1
0.999959,0.000041,0
0.000355,0.999645,1
0.999966,0.000034,0
0.000037,0.999963,1
0.000873,0.999127,1
0.000443,0.999557,1
0.999896,0.000104,0
0.999738,0.000262,0
0.999924,0.000076,0
0.000079,0.999921,1
0.999863,0.000137,0
0.001093,0.998907,1
0.998682,0.001318,0
0.000343,0.999657,1
0.000000,1.000000,1
0.000177,0.999823,1
0.000038,0.999962,1
0.000006,0.999994,1
0.999739,0.000261,0
0.999982,0.000018,0
0.000007,0.999993,1
0.999843,0.000157,0
0.999992,0.000008,0
0.000276,0.999724,1
0.000001,0.999999,1
0.001051,0.998949,1
0.999354,0.000646,0
0.999897,0.000103,0
0.000444,0.999556,1
0.999659,0.000341,0
0.999940,0.000060,0
0.000010,0.999990,1
0.000080,0.999920,1
0.998461,0.001539,0
0.000015,0.999985,1
0.999881,0.000119,0
0.000023,0.999977,1
0.000037,0.999963,1
0.999989,0.000011,0
0.000012,0.999988,1
0.999853,0.000147,0
0.000030,0.999970,1
0.000100,0.999900,1
0.999964,0.000036,0
0.000176,0.999824,1
0.999990,0.000010,0
0.999994,0.000006,0
0.000007,0.999993,1
0.000005,0.999995,1
0.000167,0.999833,1
0.000001,0.999999,1
0.998443,0.001557,0
0.999864,0.000136,0
0.999976,0.000024,0
0.999558,0.000442,0
0.999159,0.000841,0
0.000147,0.999853,1
0.000018,0.999982,1
0.000027,0.999973,1
0.999701,0.000299,0
0.999993,0.000007,0
0.999911,0.000089,0
0.000048,0.999952,1
0.000009,0.999991,1
0.000091,0.999909,1
0.999620,0.000380,0
0.998527,0.001473,0
0.000018,0.999982,1
0.001201,0.998799,1
0.000002,0.999998,1
0.000027,0.999973,1
0.999929,0.000071,0
0.999869,0.000131,0
0.999993,0.000007,0
0.000005,0.999995,1
0.999908,0.000092,0
0.999745,0.000255,0
0.999992,0.000008,0
0.000353,0.999647,1
0.999786,0.000214,0
0.999709,0.000291,0
0.000093,0.999907,1
0.000258,0.999742,1
0.999730,0.000270,0
0.999780,0.000220,0
0.000004,0.999996,1
0.997701,0.002299,0
0.999099,0.000901,0
0.999981,0.000019,0
0.000000,1.000000,1
0.000005,0.999995,1
0.000091,0.999909,1
0.000130,0.999870,1
0.000002,0.999998,1
0.000064,0.999936,1
0.001117,0.998883,1
0.000002,0.999998,1
0.999888,0.000112,0
0.999980,0.000020,0
0.000229,0.999771,1
0.000105,0.999895,1
0.999833,0.000167,0
0.000003,0.999997,1
0.999937,0.000063,0
0.999405,0.000595,0
0.999949,0.000051,0
0.999987,0.000013,0
0.000790,0.999210,1
0.000102,0.999898,1
0.000066,0.999934,1
0.000066,0.999934,1
0.999989,0.000011,0
0.000118,0.999882,1
0.999674,0.000326,0
0.000139,0.999861,1
0.999999,0.000001,0
0.000104,0.999896,1
0.999806,0.000194,0
0.000013,0.999987,1
0.999988,0.000012,0
0.000363,0.999637,1
0.999722,0.000278,0
0.000049,0.999951,1
0.000004,0.999996,1
0.999899,0.000101,0
0.000071,0.999929,1
0.000027,0.999973,1
0.000044,0.999956,1
0.999829,0.000171,0
0.000216,0.999784,1
0.999993,0.000007,0
0.999987,0.000013,0
0.000148,0.999852,1
0.999951,0.000049,0
0.000048,0.999952,1
0.999998,0.000002,0
0.000028,0.999972,1
0.966993,0.033007,0
0.000238,0.999762,1
0.999749,0.000251,0
0.000000,1.000000,1
0.000028,0.999972,1
0.000000,1.000000,1
0.000013,0.999987,1
0.999893,0.000107,0
0.999908,0.000092,0
0.000234,0.999766,1
0.999990,0.000010,0
0.999954,0.000046,0
0.999928,0.000072,0
0.000101,0.999899,1
0.000362,0.999638,1
0.999887,0.000113,0
0.000061,0.999939,1
0.000008,0.999992,1
0.000415,0.999585,1
0.000027,0.999973,1
0.000001,0.999999,1
0.999994,0.000006,0
0.000898,0.999102,1
0.999947,0.000053,0
0.999919,0.000081,0
0.999769,0.000231,0
0.999908,0.000092,0
0.000156,0.999844,1
0.000036,0.999964,1
0.999993,0.000007,0
0.000097,0.999903,1
0.000002,0.999998,1
0.000371,0.999629,1
0.999870,0.000130,0
0.000365,0.999635,1
0.999717,0.000283,0
0.999880,0.000120,0
0.000008,0.999992,1
0.000140,0.999860,1
0.000300,0.999700,1
0.000262,0.999738,1
0.999641,0.000359,0
0.999840,0.000160,0
0.000004,0.999996,1
0.000001,0.999999,1
0.000000,1.000000,1
0.000191,0.999809,1
0.999825,0.000175,0
0.000343,0.999657,1
0.999762,0.000238,0
0.000392,0.999608,1
0.000038,0.999962,1
0.000085,0.999915,1
0.000005,0.999995,1
0.000001,0.999999,1
0.000075,0.999925,1
0.000133,0.999867,1
0.000064,0.999936,1
0.999984,0.000016,0
0.000110,0.999890,1
0.999784,0.000216,0
0.999938,0.000062,0
0.999991,0.000009,0
0.999965,0.000035,0
0.000356,0.999644,1
0.000079,0.999921,1
0.999912,0.000088,0
0.000212,0.999788,1
0.000027,0.999973,1
0.999974,0.000026,0
0.999998,0.000002,0
0.999983,0.000017,0
0.000099,0.999901,1
0.999689,0.000311,0
0.000084,0.999916,1
0.999850,0.000150,0
0.999984,0.000016,0
0.000007,0.999993,1
0.999760,0.000240,0
0.000010,0.999990,1
0.999986,0.000014,0
0.004199,0.995801,1
0.000951,0.999049,1
0.000250,0.999750,1
0.999891,0.000109,0
0.000039,0.999961,1
0.999912,0.000088,0
0.000011,0.999989,1
0.000104,0.999896,1
0.000084,0.999916,1
0.000242,0.999758,1
0.999978,0.000022,0
0.000018,0.999982,1
0.999861,0.000139,0
0.999990,0.000010,0
0.000062,0.999938,1
0.000162,0.999838,1
0.999918,0.000082,0
0.999984,0.000016,0
0.999882,0.000118,0
0.000538,0.999462,1
0.999860,0.000140,0
0.000046,0.999954,1
0.999957,0.000043,0
0.000003,0.999997,1
0.999959,0.000041,0
0.999654,0.000346,0
0.999976,0.000024,0
0.999939,0.000061,0
0.000000,1.000000,1
0.999495,0.000505,0
0.999774,0.000226,0
0.999917,0.000083,0
0.000001,0.999999,1
0.999947,0.000053,0
0.999867,0.000133,0
0.999887,0.000113,0
0.999991,0.000009,0
0.999898,0.000102,0
0.000159,0.999841,1
0.000195,0.999805,1
0.999776,0.000224,0
0.999092,0.000908,0
0.999950,0.000050,0
0.000057,0.999943,1
0.999973,0.000027,0
0.999900,0.000100,0
0.999962,0.000038,0
0.000108,0.999892,1
0.000189,0.999811,1
0.000063,0.999937,1
0.000302,0.999698,1
0.000018,0.999982,1
0.000002,0.999998,1
0.999951,0.000049,0
0.999460,0.000540,0
0.999962,0.000038,0
0.999968,0.000032,0
0.000133,0.999867,1
0.999941,0.000059,0
0.999418,0.000582,0
0.000010,0.999990,1
0.999937,0.000063,0
0.996751,0.003249,0
0.000017,0.999983,1
0.999868,0.000132,0
0.999842,0.000158,0
0.000249,0.999751,1
0.999987,0.000013,0
0.999985,0.000015,0
0.999856,0.000144,0
0.000396,0.999604,1
0.000007,0.999993,1
0.999911,0.000089,0
0.999940,0.000060,0
0.000013,0.999987,1
0.000000,1.000000,1
0.999965,0.000035,0
0.999957,0.000043,0
0.000004,0.999996,1
0.000001,0.999999,1
0.999997,0.000003,0
0.000096,0.999904,1
0.000058,0.999942,1
0.000000,1.000000,1
0.999909,0.000091,0
0.000000,1.000000,1
0.000042,0.999958,1
0.999750,0.000250,0
0.999657,0.000343,0
0.000013,0.999987,1
0.999973,0.000027,0
0.999983,0.000017,0
0.000094,0.999906,1
0.999954,0.000046,0
0.999923,0.000077,0
0.999852,0.000148,0
0.999802,0.000198,0
0.000135,0.999865,1
0.000000,1.000000,1
0.999967,0.000033,0
0.999930,0.000070,0
0.000002,0.999998,1
0.999999,0.000001,0
0.000022,0.999978,1
0.000041,0.999959,1
0.000010,0.999990,1
0.999964,0.000036,0
0.999217,0.000783,0
0.999883,0.000117,0
0.000099,0.999901,1
0.000002,0.999998,1
0.000020,0.999980,1
0.000001,0.999999,1
0.000073,0.999927,1
0.999757,0.000243,0
0.000551,0.999449,1
0.999979,0.000021,0
0.999988,0.000012,0
0.000086,0.999914,1
0.000028,0.999972,1
0.999962,0.000038,0
0.000000,1.000000,1
0.999996,0.000004,0
0.999994,0.000006,0
0.000346,0.999654,1
0.000055,0.999945,1
0.000000,1.000000,1
0.999865,0.000135,0
0.000111,0.999889,1
0.999977,0.000023,0
0.000045,0.999955,1
0.000120,0.999880,1
0.000020,0.999980,1
0.000006,0.999994,1
0.999233,0.000767,0
0.992409,0.007591,0
0.000200,0.999800,1
0.000017,0.999983,1
0.000036,0.999964,1
0.000000,1.000000,1
0.999951,0.000049,0
0.000045,0.999955,1
0.000479,0.999521,1
0.999956,0.000044,0
0.000149,0.999851,1
0.999945,0.000055,0
0.000148,0.999852,1
0.000050,0.999950,1
0.000023,0.999977,1
0.999968,0.000032,0
0.000001,0.999999,1
0.999586,0.000414,0
0.999916,0.000084,0
0.999820,0.000180,0
0.000024,0.999976,1
0.000044,0.999956,1
0.000010,0.999990,1
0.999937,0.000063,0
0.999885,0.000115,0
0.000004,0.999996,1
0.000095,0.999905,1
0.000001,0.999999,1
0.999797,0.000203,0
0.000008,0.999992,1
0.998630,0.001370,0
0.999860,0.000140,0
0.999912,0.000088,0
0.991665,0.008335,0
0.000239,0.999761,1
0.999947,0.000053,0
0.999906,0.000094,0
0.000254,0.999746,1
0.999960,0.000040,0
0.000226,0.999774,1
0.000055,0.999945,1
0.999973,0.000027,0
0.999955,0.000045,0
0.999974,0.000026,0
0.999893,0.000107,0
0.999724,0.000276,0
0.999960,0.000040,0
0.969883,0.030117,0
0.000025,0.999975,1
0.998784,0.001216,0
0.000234,0.999766,1
0.999925,0.000075,0
0.000017,0.999983,1
0.999878,0.000122,0
0.000001,0.999999,1
0.000119,0.999881,1
0.999962,0.000038,0
0.997781,0.002219,0
0.000010,0.999990,1
0.999847,0.000153,0
0.999928,0.000072,0
0.999924,0.000076,0
0.999982,0.000018,0
0.999715,0.000285,0
0.000061,0.999939,1
0.999984,0.000016,0
0.000003,0.999997,1
0.000011,0.999989,1
0.999808,0.000192,0
0.999867,0.000133,0
0.000110,0.999890,1
0.999985,0.000015,0
0.000245,0.999755,1
0.999755,0.000245,0
0.000068,0.999932,1
0.999516,0.000484,0
0.000949,0.999051,1
0.999614,0.000386,0
0.000012,0.999988,1
0.999989,0.000011,0
0.999984,0.000016,0
0.000003,0.999997,1
0.999976,0.000024,0
0.000001,0.999999,1
0.999842,0.000158,0
0.999831,0.000169,0
0.999917,0.000083,0
0.999925,0.000075,0
0.000003,0.999997,1
0.999975,0.000025,0
0.000005,0.999995,1
0.999978,0.000022,0
0.000634,0.999366,1
0.999386,0.000614,0
0.000322,0.999678,1
0.999651,0.000349,0
0.001171,0.998829,1
0.000020,0.999980,1
0.999998,0.000002,0
0.000003,0.999997,1
0.000120,0.999880,1
0.000005,0.999995,1
0.000021,0.999979,1
0.999761,0.000239,0
0.000197,0.999803,1
0.999988,0.000012,0
0.000251,0.999749,1
0.999883,0.000117,0
0.000011,0.999989,1
0.000003,0.999997,1
0.999979,0.000021,0
0.000000,1.000000,1
0.000047,0.999953,1
0.999907,0.000093,0
0.000043,0.999957,1
0.999935,0.000065,0
0.000017,0.999983,1
0.999877,0.000123,0
0.005653,0.994347,1
0.000087,0.999913,1
0.999867,0.000133,0
0.999991,0.000009,0
0.000005,0.999995,1
0.999978,0.000022,0
0.999928,0.000072,0
0.000015,0.999985,1
0.000019,0.999981,1
0.000100,0.999900,1
0.000002,0.999998,1
0.999988,0.000012,0
0.000286,0.999714,1
0.000054,0.999946,1
0.000046,0.999954,1
0.999946,0.000054,0
0.000015,0.999985,1
0.999986,0.000014,0
0.999827,0.000173,0
0.999988,0.000012,0
0.999585,0.000415,0
0.999676,0.000324,0
0.000073,0.999927,1
0.000036,0.999964,1
0.000005,0.999995,1
0.000148,0.999852,1
0.999700,0.000300,0
0.000083,0.999917,1
0.000422,0.999578,1
0.000127,0.999873,1
0.000000,1.000000,1
0.000000,1.000000,1
0.999907,0.000093,0
0.999992,0.000008,0
0.999335,0.000665,0
0.000020,0.999980,1
0.999996,0.000004,0
0.999662,0.000338,0
0.999505,0.000495,0
0.000257,0.999743,1
0.999274,0.000726,0
0.999981,0.000019,0
0.000015,0.999985,1
0.000025,0.999975,1
0.000143,0.999857,1
0.999947,0.000053,0
0.000018,0.999982,1
0.000301,0.999699,1
0.999991,0.000009,0
0.000018,0.999982,1
0.999994,0.000006,0
0.000025,0.999975,1
0.999968,0.000032,0
0.999970,0.000030,0
0.999858,0.000142,0
0.000046,0.999954,1
0.000066,0.999934,1
0.999848,0.000152,0
0.999985,0.000015,0
0.000399,0.999601,1
0.004073,0.995927,1
0.999951,0.000049,0
0.000080,0.999920,1
0.999998,0.000002,0
0.000266,0.999734,1
0.000128,0.999872,1
0.999588,0.000412,0
0.999939,0.000061,0
0.000004,0.999996,1
0.999951,0.000049,0
0.000007,0.999993,1
0.999984,0.000016,0
0.999857,0.000143,0
0.000472,0.999528,1
0.000055,0.999945,1
0.000038,0.999962,1
0.999975,0.000025,0
0.000007,0.999993,1
0.000055,0.999945,1
0.000009,0.999991,1
0.000045,0.999955,1
0.000003,0.999997,1
0.000013,0.999987,1
0.000569,0.999431,1
0.000002,0.999998,1
0.000108,0.999892,1
0.000333,0.999667,1
0.999994,0.000006,0
0.999843,0.000157,0
0.000062,0.999938,1
0.000081,0.999919,1
0.000134,0.999866,1
0.000005,0.999995,1
0.999989,0.000011,0
0.999960,0.000040,0
0.999957,0.000043,0
0.000067,0.999933,1
0.000074,0.999926,1
0.999763,0.000237,0
0.000004,0.999996,1
0.999987,0.000013,0
0.999954,0.000046,0
0.970093,0.029907,0
0.000164,0.999836,1
0.999970,0.000030,0
0.999976,0.000024,0
0.000035,0.999965,1
0.000081,0.999919,1
0.000006,0.999994,1
0.000008,0.999992,1
0.999998,0.000002,0
0.999996,0.000004,0
0.000024,0.999976,1
0.998726,0.001274,0
0.999995,0.000005,0
0.000049,0.999951,1
0.000021,0.999979,1
0.000206,0.999794,1
0.999805,0.000195,0
0.999985,0.000015,0
0.000009,0.999991,1
0.999962,0.000038,0
0.000005,0.999995,1
0.999667,0.000333,0
0.000164,0.999836,1
0.999924,0.000076,0
0.000003,0.999997,1
0.999905,0.000095,0
0.999998,0.000002,0
0.000010,0.999990,1
0.000252,0.999748,1
0.999878,0.000122,0
0.999949,0.000051,0
0.000455,0.999545,1
0.000019,0.999981,1
0.999845,0.000155,0
0.000007,0.999993,1
0.000001,0.999999,1
0.999869,0.000131,0
0.000023,0.999977,1
0.999959,0.000041,0
0.000008,0.999992,1
0.000017,0.999983,1
0.000054,0.999946,1
0.999954,0.000046,0
0.000008,0.999992,1
0.000271,0.999729,1
0.999953,0.000047,0
0.000005,0.999995,1
0.000032,0.999968,1
0.999897,0.000103,0
0.999914,0.000086,0
0.000015,0.999985,1
0.999103,0.000897,0
0.000749,0.999251,1
0.999927,0.000073,0
0.993070,0.006930,0
0.000039,0.999961,1
0.000013,0.999987,1
0.000056,0.999944,1
0.999992,0.000008,0
0.000000,1.000000,1
0.999796,0.000204,0
0.999964,0.000036,0
0.000059,0.999941,1
0.000445,0.999555,1
0.999995,0.000005,0
0.000055,0.999945,1
0.002007,0.997993,1
0.999877,0.000123,0
0.000245,0.999755,1
0.000010,0.999990,1
0.000014,0.999986,1
0.000080,0.999920,1
0.000000,1.000000,1
0.000017,0.999983,1
0.999941,0.000059,0
0.000000,1.000000,1
0.000115,0.999885,1
0.999990,0.000010,0
0.999765,0.000235,0
0.000125,0.999875,1
0.999939,0.000061,0
0.000004,0.999996,1
0.000032,0.999968,1
0.999955,0.000045,0
0.999997,0.000003,0
0.999842,0.000158,0
0.000058,0.999942,1
0.000364,0.999636,1
0.000010,0.999990,1
0.000608,0.999392,1
0.999861,0.000139,0
0.000013,0.999987,1
0.999903,0.000097,0
0.000124,0.999876,1
0.999994,0.000006,0
0.000059,0.999941,1
0.999930,0.000070,0
0.999919,0.000081,0
0.000004,0.999996,1
0.000024,0.999976,1
0.000000,1.000000,1
0.000002,0.999998,1
0.000075,0.999925,1
0.999599,0.000401,0
0.999882,0.000118,0
0.999736,0.000264,0
0.000541,0.999459,1
0.999538,0.000462,0
0.999885,0.000115,0
0.000044,0.999956,1
0.999958,0.000042,0
0.999970,0.000030,0
0.000085,0.999915,1
0.000085,0.999915,1
0.999842,0.000158,0
0.000000,1.000000,1
0.000223,0.999777,1
0.000050,0.999950,1
0.999954,0.000046,0
0.000923,0.999077,1
0.998889,0.001111,0
0.000002,0.999998,1
0.997396,0.002604,0
0.000090,0.999910,1
0.999996,0.000004,0
0.999809,0.000191,0
0.999902,0.000098,0
0.997184,0.002816,0
0.000077,0.999923,1
0.000012,0.999988,1
0.999949,0.000051,0
0.000037,0.999963,1
0.999967,0.000033,0
0.000011,0.999989,1
0.999430,0.000570,0
0.000048,0.999952,1
0.000806,0.999194,1
0.000053,0.999947,1
0.999892,0.000108,0
0.000016,0.999984,1
0.000143,0.999857,1
0.999830,0.000170,0
0.000015,0.999985,1
0.000015,0.999985,1
0.000122,0.999878,1
0.999893,0.000107,0
0.002182,0.997818,1
0.999925,0.000075,0
0.002793,0.997207,1
0.999990,0.000010,0
0.999982,0.000018,0
0.000024,0.999976,1
0.000072,0.999928,1
0.000012,0.999988,1
0.999756,0.000244,0
0.999753,0.000247,0
0.000001,0.999999,1
0.999998,0.000002,0
0.999974,0.000026,0
0.999956,0.000044,0
0.000163,0.999837,1
0.999937,0.000063,0
0.000305,0.999695,1
0.000016,0.999984,1
0.000008,0.999992,1
0.000913,0.999087,1
0.999999,0.000001,0
0.999991,0.000009,0
0.999589,0.000411,0
0.999334,0.000666,0
0.000012,0.999988,1
0.000074,0.999926,1
0.000049,0.999951,1
0.001397,0.998603,1
0.000018,0.999982,1
0.999991,0.000009,0
1.000000,0.000000,0
0.000777,0.999223,1
0.999975,0.000025,0
0.000747,0.999253,1
0.000559,0.999441,1
0.000791,0.999209,1
0.999968,0.000032,0
0.999696,0.000304,0
0.000067,0.999933,1
0.999933,0.000067,0
0.999867,0.000133,0
0.999681,0.000319,0
0.000172,0.999828,1
0.000127,0.999873,1
0.999923,0.000077,0
0.999945,0.000055,0
0.999999,0.000001,0
0.000008,0.999992,1
0.000000,1.000000,1
0.999970,0.000030,0
0.999977,0.000023,0
0.999899,0.000101,0
0.999875,0.000125,0
0.999965,0.000035,0
0.000006,0.999994,1
0.000258,0.999742,1
0.000019,0.999981,1
0.999777,0.000223,0
0.000054,0.999946,1
0.000020,0.999980,1
0.000049,0.999951,1
0.995830,0.004170,0
0.000023,0.999977,1
0.000064,0.999936,1
0.008167,0.991833,1
0.000104,0.999896,1
0.999979,0.000021,0
0.999971,0.000029,0
0.000003,0.999997,1
0.999289,0.000711,0
0.000046,0.999954,1
0.999994,0.000006,0
0.999975,0.000025,0
0.000025,0.999975,1
0.000006,0.999994,1
0.000123,0.999877,1
0.999905,0.000095,0
0.000011,0.999989,1
0.000491,0.999509,1
0.000005,0.999995,1
0.999922,0.000078,0
0.000084,0.999916,1
0.999927,0.000073,0
0.000001,0.999999,1
0.000008,0.999992,1
0.999998,0.000002,0
0.000012,0.999988,1
0.000018,0.999982,1
0.999985,0.000015,0
0.000002,0.999998,1
0.000136,0.999864,1
0.000086,0.999914,1
0.999914,0.000086,0
0.000089,0.999911,1
0.999991,0.000009,0
0.000102,0.999898,1
0.999952,0.000048,0
0.999950,0.000050,0
0.000000,1.000000,1
0.000029,0.999971,1
0.000190,0.999810,1
0.999950,0.000050,0
0.999980,0.000020,0
0.000003,0.999997,1
0.000295,0.999705,1
0.000008,0.999992,1
0.999972,0.000028,0
0.000041,0.999959,1
0.999996,0.000004,0
0.000087,0.999913,1
0.000007,0.999993,1
0.000018,0.999982,1
0.999761,0.000239,0
0.999870,0.000130,0
0.999530,0.000470,0
0.000020,0.999980,1
0.000139,0.999861,1
0.000000,1.000000,1
0.999991,0.000009,0
0.000126,0.999874,1
0.000014,0.999986,1
0.000006,0.999994,1
0.999857,0.000143,0
0.000015,0.999985,1
0.999654,0.000346,0
0.000085,0.999915,1
0.000037,0.999963,1
0.999976,0.000024,0
0.999948,0.000052,0
0.999996,0.000004,0
0.000048,0.999952,1
0.000007,0.999993,1
0.999996,0.000004,0
0.000034,0.999966,1
0.000073,0.999927,1
0.000161,0.999839,1
0.999831,0.000169,0
0.000284,0.999716,1
0.999900,0.000100,0
0.999994,0.000006,0
0.000270,0.999730,1
0.000030,0.999970,1
0.999815,0.000185,0
0.999639,0.000361,0
0.000203,0.999797,1
0.999085,0.000915,0
0.000090,0.999910,1
0.999992,0.000008,0
0.000012,0.999988,1
0.999798,0.000202,0
0.000011,0.999989,1
0.999939,0.000061,0
0.999873,0.000127,0
0.999956,0.000044,0
0.999964,0.000036,0
0.000009,0.999991,1
0.999996,0.000004,0
0.000017,0.999983,1
0.000025,0.999975,1
0.000001,0.999999,1
0.999976,0.000024,0
0.000056,0.999944,1
0.001134,0.998866,1
0.999956,0.000044,0
0.999988,0.000012,0
0.998227,0.001773,0
0.999646,0.000354,0
0.999178,0.000822,0
0.000061,0.999939,1
0.000495,0.999505,1
0.000101,0.999899,1
0.999825,0.000175,0
0.000012,0.999988,1
0.000031,0.999969,1
0.999985,0.000015,0
0.999914,0.000086,0
0.000004,0.999996,1
0.000023,0.999977,1
0.999931,0.000069,0
0.000017,0.999983,1
0.000038,0.999962,1
0.000000,1.000000,1
0.000100,0.999900,1
0.999920,0.000080,0
0.000000,1.000000,1
0.999989,0.000011,0
0.999995,0.000005,0
0.000301,0.999699,1
0.000182,0.999818,1
0.999369,0.000631,0
0.999826,0.000174,0
0.999886,0.000114,0
0.999473,0.000527,0
0.000013,0.999987,1
0.000036,0.999964,1
0.999982,0.000018,0
0.999865,0.000135,0
0.000000,1.000000,1
0.000028,0.999972,1
0.000006,0.999994,1
0.000200,0.999800,1
0.000219,0.999781,1
0.999925,0.000075,0
0.000497,0.999503,1
0.000006,0.999994,1
0.000912,0.999088,1
0.000006,0.999994,1
0.000233,0.999767,1
0.000001,0.999999,1
0.999987,0.000013,0
0.000021,0.999979,1
0.999935,0.000065,0
0.000046,0.999954,1
0.999899,0.000101,0
0.999288,0.000712,0
0.000007,0.999993,1
0.000046,0.999954,1
0.999967,0.000033,0
0.000034,0.999966,1
0.002142,0.997858,1
0.999815,0.000185,0
0.000268,0.999732,1
0.000064,0.999936,1
0.999988,0.000012,0
0.999955,0.000045,0
0.000013,0.999987,1
0.999475,0.000525,0
0.999358,0.000642,0
0.999944,0.000056,0
0.000037,0.999963,1
0.000046,0.999954,1
0.000004,0.999996,1
0.000003,0.999997,1
0.000030,0.999970,1
0.000046,0.999954,1
0.000001,0.999999,1
0.999977,0.000023,0
0.000319,0.999681,1
0.999909,0.000091,0
0.999995,0.000005,0
0.999476,0.000524,0
0.999834,0.000166,0
0.000012,0.999988,1
0.999751,0.000249,0
0.000181,0.999819,1
0.000388,0.999612,1
0.999919,0.000081,0
0.000012,0.999988,1
0.000111,0.999889,1
0.000005,0.999995,1
0.000269,0.999731,1
0.999989,0.000011,0
0.000086,0.999914,1
0.000140,0.999860,1
0.000016,0.999984,1
0.000003,0.999997,1
0.000012,0.999988,1
0.999726,0.000274,0
0.999917,0.000083,0
0.000084,0.999916,1
0.999978,0.000022,0
0.999956,0.000044,0
0.000020,0.999980,1
0.999906,0.000094,0
0.000484,0.999516,1
0.000036,0.999964,1
0.999916,0.000084,0
0.000001,0.999999,1
0.000019,0.999981,1
0.999501,0.000499,0
0.000044,0.999956,1
0.000001,0.999999,1
0.999971,0.000029,0
0.999591,0.000409,0
0.000951,0.999049,1
0.000167,0.999833,1
0.000016,0.999984,1
0.000172,0.999828,1
0.999922,0.000078,0
0.999959,0.000041,0
0.000093,0.999907,1
0.999990,0.000010,0
0.000054,0.999946,1
0.999738,0.000262,0
0.999911,0.000089,0
0.999887,0.000113,0
0.000076,0.999924,1
0.999881,0.000119,0
0.000039,0.999961,1
0.000077,0.999923,1
0.000009,0.999991,1
0.000095,0.999905,1
0.999738,0.000262,0
0.000381,0.999619,1
0.000064,0.999936,1
0.000005,0.999995,1
0.000742,0.999258,1
0.000023,0.999977,1
0.999023,0.000977,0
0.999309,0.000691,0
0.000079,0.999921,1
0.999911,0.000089,0
0.000000,1.000000,1
0.000354,0.999646,1
0.001974,0.998026,1
0.000002,0.999998,1
0.000017,0.999983,1
0.999889,0.000111,0
0.999897,0.000103,0
0.000012,0.999988,1
0.999723,0.000277,0
0.999961,0.000039,0
0.000012,0.999988,1
0.999919,0.000081,0
0.000032,0.999968,1
0.999996,0.000004,0
0.000070,0.999930,1
0.999789,0.000211,0
0.999791,0.000209,0
0.999983,0.000017,0
0.000031,0.999969,1
0.999719,0.000281,0
0.999944,0.000056,0
0.000028,0.999972,1
0.999813,0.000187,0
0.999804,0.000196,0
0.000010,0.999990,1
0.000003,0.999997,1
0.000061,0.999939,1
0.999989,0.000011,0
0.999930,0.000070,0
0.000004,0.999996,1
0.999893,0.000107,0
0.000252,0.999748,1
0.000002,0.999998,1
0.000002,0.999998,1
0.999408,0.000592,0
0.999814,0.000186,0
0.999638,0.000362,0
0.000014,0.999986,1
0.000330,0.999670,1
0.000067,0.999933,1
0.999954,0.000046,0
0.000001,0.999999,1
0.000052,0.999948,1
0.000067,0.999933,1
0.000082,0.999918,1
0.000089,0.999911,1
0.000010,0.999990,1
0.999970,0.000030,0
0.999963,0.000037,0
0.000110,0.999890,1
0.999964,0.000036,0
0.000223,0.999777,1
0.000004,0.999996,1
0.999972,0.000028,0
0.999992,0.000008,0
0.000008,0.999992,1
0.000001,0.999999,1
0.999901,0.000099,0
0.000003,0.999997,1
0.999970,0.000030,0
0.000000,1.000000,1
0.999932,0.000068,0
0.999976,0.000024,0
0.999724,0.000276,0
0.999295,0.000705,0
0.999959,0.000041,0
0.000495,0.999505,1
0.000049,0.999951,1
0.999975,0.000025,0
0.999925,0.000075,0
0.000051,0.999949,1
0.999934,0.000066,0
0.999960,0.000040,0
0.000543,0.999457,1
0.999977,0.000023,0
0.999786,0.000214,0
0.999994,0.000006,0
0.999890,0.000110,0
0.000007,0.999993,1
0.000312,0.999688,1
0.000387,0.999613,1
0.000005,0.999995,1
0.999976,0.000024,0
0.999987,0.000013,0
0.999956,0.000044,0
0.000005,0.999995,1
0.000030,0.999970,1
0.999770,0.000230,0
0.000303,0.999697,1
0.999996,0.000004,0
0.999689,0.000311,0
0.999896,0.000104,0
0.999896,0.000104,0
0.999936,0.000064,0
0.000329,0.999671,1
0.000030,0.999970,1
0.000001,0.999999,1
0.999988,0.000012,0
0.000003,0.999997,1
0.000090,0.999910,1
0.000286,0.999714,1
0.000008,0.999992,1
0.000009,0.999991,1
0.000000,1.000000,1
0.000031,0.999969,1
0.999606,0.000394,0
0.000002,0.999998,1
0.999985,0.000015,0
0.000053,0.999947,1
0.000004,0.999996,1
0.000035,0.999965,1
0.999893,0.000107,0
0.999953,0.000047,0
0.000059,0.999941,1
0.000005,0.999995,1
0.000273,0.999727,1
0.000152,0.999848,1
0.999989,0.000011,0
0.000054,0.999946,1
0.000000,1.000000,1
0.000285,0.999715,1
0.000074,0.999926,1
0.999271,0.000729,0
0.000059,0.999941,1
0.000001,0.999999,1
0.999961,0.000039,0
0.000136,0.999864,1
0.000039,0.999961,1
0.000000,1.000000,1
0.999714,0.000286,0
0.990785,0.009215,0
0.999722,0.000278,0
0.999951,0.000049,0
0.999877,0.000123,0
0.000004,0.999996,1
0.999973,0.000027,0
0.000006,0.999994,1
0.999955,0.000045,0
0.999965,0.000035,0
0.000005,0.999995,1
0.008035,0.991965,1
0.000001,0.999999,1
0.012939,0.987061,1
0.999896,0.000104,0
0.000026,0.999974,1
0.000004,0.999996,1
0.999907,0.000093,0
0.999976,0.000024,0
0.000108,0.999892,1
0.000009,0.999991,1
0.000029,0.999971,1
0.999908,0.000092,0
0.000021,0.999979,1
0.000257,0.999743,1
0.000011,0.999989,1
0.999916,0.000084,0
0.999995,0.000005,0
0.999920,0.000080,0
0.999974,0.000026,0
0.999990,0.000010,0
0.000080,0.999920,1
0.000039,0.999961,1
0.999788,0.000212,0
0.000007,0.999993,1
0.000015,0.999985,1
0.000007,0.999993,1
0.000252,0.999748,1
0.999987,0.000013,0
0.999990,0.000010,0
0.999918,0.000082,0
0.000037,0.999963,1
0.000008,0.999992,1
0.999574,0.000426,0
0.000107,0.999893,1
0.000029,0.999971,1
0.000087,0.999913,1
0.000070,0.999930,1
0.000000,1.000000,1
0.999971,0.000029,0
0.000036,0.999964,1
0.000007,0.999993,1
0.999996,0.000004,0
0.000062,0.999938,1
0.999861,0.000139,0
0.999988,0.000012,0
0.003327,0.996673,1
0.999994,0.000006,0
0.999997,0.000003,0
0.999827,0.000173,0
0.000008,0.999992,1
0.999928,0.000072,0
0.000012,0.999988,1
0.000152,0.999848,1
0.999691,0.000309,0
0.000088,0.999912,1
0.000028,0.999972,1
0.000041,0.999959,1
0.999994,0.000006,0
0.999993,0.000007,0
0.999961,0.000039,0
0.999994,0.000006,0
0.995095,0.004905,0
0.000010,0.999990,1
0.999998,0.000002,0
0.000000,1.000000,1
0.999911,0.000089,0
0.000058,0.999942,1
0.000028,0.999972,1
0.000131,0.999869,1
0.999030,0.000970,0
0.000055,0.999945,1
0.999963,0.000037,0
0.000172,0.999828,1
0.999942,0.000058,0
0.000062,0.999938,1
0.999889,0.000111,0
0.999828,0.000172,0
0.000124,0.999876,1
0.000000,1.000000,1
0.999650,0.000350,0
0.002219,0.997781,1
0.999240,0.000760,0
0.999991,0.000009,0
0.999308,0.000692,0
0.999937,0.000063,0
0.999962,0.000038,0
0.999988,0.000012,0
0.999180,0.000820,0
0.999960,0.000040,0
0.000031,0.999969,1
0.000077,0.999923,1
0.999947,0.000053,0
0.999694,0.000306,0
0.001143,0.998857,1
0.999979,0.000021,0
0.000005,0.999995,1
0.000252,0.999748,1
0.000007,0.999993,1
0.000204,0.999796,1
0.999866,0.000134,0
0.000157,0.999843,1
0.999987,0.000013,0
0.999999,0.000001,0
0.000007,0.999993,1
0.999982,0.000018,0
0.999888,0.000112,0
0.000002,0.999998,1
0.999890,0.000110,0
0.999920,0.000080,0
0.000000,1.000000,1
0.000003,0.999997,1
0.000043,0.999957,1
0.000000,1.000000,1
0.000040,0.999960,1
0.000004,0.999996,1
0.000000,1.000000,1
0.001099,0.998901,1
0.000201,0.999799,1
0.000605,0.999395,1
0.000009,0.999991,1
0.000026,0.999974,1
0.000012,0.999988,1
0.000114,0.999886,1
0.000870,0.999130,1
0.999804,0.000196,0
0.000000,1.000000,1
0.000097,0.999903,1
0.000009,0.999991,1
0.000030,0.999970,1
0.999894,0.000106,0
0.999956,0.000044,0
0.000006,0.999994,1
0.999788,0.000212,0
0.999123,0.000877,0
0.000014,0.999986,1
0.000134,0.999866,1
0.999190,0.000810,0
0.999913,0.000087,0
0.000003,0.999997,1
0.999744,0.000256,0
0.000013,0.999987,1
0.000051,0.999949,1
0.000000,1.000000,1
0.999958,0.000042,0
0.000197,0.999803,1
0.000028,0.999972,1
0.000282,0.999718,1
0.000007,0.999993,1
0.999338,0.000662,0
0.000000,1.000000,1
0.000000,1.000000,1
0.999884,0.000116,0
0.999947,0.000053,0
0.999476,0.000524,0
0.000053,0.999947,1
0.999222,0.000778,0
0.000015,0.999985,1
0.999745,0.000255,0
0.000000,1.000000,1
0.999790,0.000210,0
0.999849,0.000151,0
0.999974,0.000026,0
0.000096,0.999904,1
0.000027,0.999973,1
0.000359,0.999641,1
0.000002,0.999998,1
0.000263,0.999737,1
0.999964,0.000036,0
0.999515,0.000485,0
0.000011,0.999989,1
0.000437,0.999563,1
0.999996,0.000004,0
0.000079,0.999921,1
0.999969,0.000031,0
0.999908,0.000092,0
0.000102,0.999898,1
0.000051,0.999949,1
0.000001,0.999999,1
0.999866,0.000134,0
0.000014,0.999986,1
0.999990,0.000010,0
0.999991,0.000009,0
0.999823,0.000177,0
0.999826,0.000174,0
0.999991,0.000009,0
0.999939,0.000061,0
0.999960,0.000040,0
0.999942,0.000058,0
0.999955,0.000045,0
0.000016,0.999984,1
0.000012,0.999988,1
0.000798,0.999202,1
0.000030,0.999970,1
0.000027,0.999973,1
0.000064,0.999936,1
0.000196,0.999804,1
0.000035,0.999965,1
0.999729,0.000271,0
0.999720,0.000280,0
0.999992,0.000008,0
0.000000,1.000000,1
0.000017,0.999983,1
0.000010,0.999990,1
0.000154,0.999846,1
0.999918,0.000082,0
0.000363,0.999637,1
0.999738,0.000262,0
0.000111,0.999889,1
0.999890,0.000110,0
0.999987,0.000013,0
0.999997,0.000003,0
0.999835,0.000165,0
0.999530,0.000470,0
0.000036,0.999964,1
0.000011,0.999989,1
0.999677,0.000323,0
0.999948,0.000052,0
0.000053,0.999947,1
0.999955,0.000045,0
0.999900,0.000100,0
0.000445,0.999555,1
0.000005,0.999995,1
0.000149,0.999851,1
0.999985,0.000015,0
0.995854,0.004146,0
0.999850,0.000150,0
0.000258,0.999742,1
0.999199,0.000801,0
0.000047,0.999953,1
0.999787,0.000213,0
0.999989,0.000011,0
0.000000,1.000000,1
0.999813,0.000187,0
0.000014,0.999986,1
0.000049,0.999951,1
0.999990,0.000010,0
0.999987,0.000013,0
0.999896,0.000104,0
0.000035,0.999965,1
0.999999,0.000001,0
0.000194,0.999806,1
0.000051,0.999949,1
0.999449,0.000551,0
0.999812,0.000188,0
0.999824,0.000176,0
0.999344,0.000656,0
0.000036,0.999964,1
0.000227,0.999773,1
0.999908,0.000092,0
0.000021,0.999979,1
0.999656,0.000344,0
0.000009,0.999991,1
0.999031,0.000969,0
0.999944,0.000056,0
0.999392,0.000608,0
0.000015,0.999985,1
0.000001,0.999999,1
0.000040,0.999960,1
0.999997,0.000003,0
0.999987,0.000013,0
0.999902,0.000098,0
0.000000,1.000000,1
0.000325,0.999675,1
0.998669,0.001331,0
0.999997,0.000003,0
0.999990,0.000010,0
0.000167,0.999833,1
0.999806,0.000194,0
0.999944,0.000056,0
0.999984,0.000016,0
0.000001,0.999999,1
0.000143,0.999857,1
0.000210,0.999790,1
0.000060,0.999940,1
0.999822,0.000178,0
0.000035,0.999965,1
0.000114,0.999886,1
0.000003,0.999997,1
0.999770,0.000230,0
0.000789,0.999211,1
0.000002,0.999998,1
0.000000,1.000000,1
0.999916,0.000084,0
0.000222,0.999778,1
0.000176,0.999824,1
0.999853,0.000147,0
0.000074,0.999926,1
0.000044,0.999956,1
0.999999,0.000001,0
0.000118,0.999882,1
0.999645,0.000355,0
0.000001,0.999999,1
0.000016,0.999984,1
0.000023,0.999977,1
0.999966,0.000034,0
0.000016,0.999984,1
0.999946,0.000054,0
0.000001,0.999999,1
0.000197,0.999803,1
0.000207,0.999793,1
0.999840,0.000160,0
0.000052,0.999948,1
0.000099,0.999901,1
0.000008,0.999992,1
0.999946,0.000054,0
0.999998,0.000002,0
0.000012,0.999988,1
0.000000,1.000000,1
0.000008,0.999992,1
0.000012,0.999988,1
0.999945,0.000055,0
0.999958,0.000042,0
0.999989,0.000011,0
0.000189,0.999811,1
0.999669,0.000331,0
0.999981,0.000019,0
0.999281,0.000719,0
0.999977,0.000023,0
0.999848,0.000152,0
0.000002,0.999998,1
0.000654,0.999346,1
0.000329,0.999671,1
0.000021,0.999979,1
0.000041,0.999959,1
0.005056,0.994944,1
0.000004,0.999996,1
0.999701,0.000299,0
0.999986,0.000014,0
0.998278,0.001722,0
0.999948,0.000052,0
0.000127,0.999873,1
0.999961,0.000039,0
0.000084,0.999916,1
0.999984,0.000016,0
0.999945,0.000055,0
0.999761,0.000239,0
0.000174,0.999826,1
0.999872,0.000128,0
0.000080,0.999920,1
0.000119,0.999881,1
0.999930,0.000070,0
0.999231,0.000769,0
0.999993,0.000007,0
0.000020,0.999980,1
0.000002,0.999998,1
0.999434,0.000566,0
0.999988,0.000012,0
0.000006,0.999994,1
0.000033,0.999967,1
0.999858,0.000142,0
0.999065,0.000935,0
0.000212,0.999788,1
0.999974,0.000026,0
0.000002,0.999998,1
0.000015,0.999985,1
0.999978,0.000022,0
0.999955,0.000045,0
0.000177,0.999823,1
0.000117,0.999883,1
0.999780,0.000220,0
0.999981,0.000019,0
0.000022,0.999978,1
0.999861,0.000139,0
0.999919,0.000081,0
0.000005,0.999995,1
0.999747,0.000253,0
0.999913,0.000087,0
0.000013,0.999987,1
0.000007,0.999993,1
0.000046,0.999954,1
0.999950,0.000050,0
0.000001,0.999999,1
0.999977,0.000023,0
0.999955,0.000045,0
0.999834,0.000166,0
0.000011,0.999989,1
0.999889,0.000111,0
0.000327,0.999673,1
0.999984,0.000016,0
0.000118,0.999882,1
0.994693,0.005307,0
0.000014,0.999986,1
0.000004,0.999996,1
0.000046,0.999954,1
0.999978,0.000022,0
0.000120,0.999880,1
0.000240,0.999760,1
0.000000,1.000000,1
0.999987,0.000013,0
0.000120,0.999880,1
0.000065,0.999935,1
0.000003,0.999997,1
0.000008,0.999992,1
0.000251,0.999749,1
0.999977,0.000023,0
0.999803,0.000197,0
0.000004,0.999996,1
0.000276,0.999724,1
0.999996,0.000004,0
0.999859,0.000141,0
0.999981,0.000019,0
0.000414,0.999586,1
0.999991,0.000009,0
0.000148,0.999852,1
0.978222,0.021778,0
0.999994,0.000006,0
0.999972,0.000028,0
0.000032,0.999968,1
0.000010,0.999990,1
0.999960,0.000040,0
0.000001,0.999999,1
0.999999,0.000001,0
0.999957,0.000043,0
0.999846,0.000154,0
0.000312,0.999688,1
0.999708,0.000292,0
0.000085,0.999915,1
0.999935,0.000065,0
0.000000,1.000000,1
0.999843,0.000157,0
0.000200,0.999800,1
0.999980,0.000020,0
0.000017,0.999983,1
0.999962,0.000038,0
0.000006,0.999994,1
0.000008,0.999992,1
0.999934,0.000066,0
0.000016,0.999984,1
0.999753,0.000247,0
0.999749,0.000251,0
0.999732,0.000268,0
0.999893,0.000107,0
0.000835,0.999165,1
0.000000,1.000000,1
0.000081,0.999919,1
0.000059,0.999941,1
0.000000,1.000000,1
0.000007,0.999993,1
0.000103,0.999897,1
0.000020,0.999980,1
0.999934,0.000066,0
0.000004,0.999996,1
0.000495,0.999505,1
0.000770,0.999230,1
0.999988,0.000012,0
0.999950,0.000050,0
0.000029,0.999971,1
0.999924,0.000076,0
0.000147,0.999853,1
0.000015,0.999985,1
0.889709,0.110291,0
0.000020,0.999980,1
0.000157,0.999843,1
0.000015,0.999985,1
0.000014,0.999986,1
0.000041,0.999959,1
0.000049,0.999951,1
0.999467,0.000533,0
0.999918,0.000082,0
0.999995,0.000005,0
0.000000,1.000000,1
0.000135,0.999865,1
0.000371,0.999629,1
0.999746,0.000254,0
0.000003,0.999997,1
0.000001,0.999999,1
0.999853,0.000147,0
0.000220,0.999780,1
0.000018,0.999982,1
0.000001,0.999999,1
0.999868,0.000132,0
0.000069,0.999931,1
0.999734,0.000266,0
0.999796,0.000204,0
0.999828,0.000172,0
0.001229,0.998771,1
0.000076,0.999924,1
0.999932,0.000068,0
0.999912,0.000088,0
0.000004,0.999996,1
0.000322,0.999678,1
0.999951,0.000049,0
0.000340,0.999660,1
0.999965,0.000035,0
0.999877,0.000123,0
0.999895,0.000105,0
0.999925,0.000075,0
0.999865,0.000135,0
0.000012,0.999988,1
0.000123,0.999877,1
0.000055,0.999945,1
0.000001,0.999999,1
0.000009,0.999991,1
0.999990,0.000010,0
0.999758,0.000242,0
0.998116,0.001884,0
0.000228,0.999772,1
0.999891,0.000109,0
0.000387,0.999613,1
0.999912,0.000088,0
0.999505,0.000495,0
0.999808,0.000192,0
0.999898,0.000102,0
0.999987,0.000013,0
0.000306,0.999694,1
0.000168,0.999832,1
0.000001,0.999999,1
0.999309,0.000691,0
0.000176,0.999824,1
0.000000,1.000000,1
0.000157,0.999843,1
0.000237,0.999763,1
0.000484,0.999516,1
0.000016,0.999984,1
0.000001,0.999999,1
0.999602,0.000398,0
0.000014,0.999986,1
0.000010,0.999990,1
0.999885,0.000115,0
0.999939,0.000061,0
0.999832,0.000168,0
0.000006,0.999994,1
0.999852,0.000148,0
0.999948,0.000052,0
0.000224,0.999776,1
0.000008,0.999992,1
0.999981,0.000019,0
0.000000,1.000000,1
0.999999,0.000001,0
0.002551,0.997449,1
0.999964,0.000036,0
0.000013,0.999987,1
0.999986,0.000014,0
0.000092,0.999908,1
0.000001,0.999999,1
0.001137,0.998863,1
0.000003,0.999997,1
0.000245,0.999755,1
0.999928,0.000072,0
0.999964,0.000036,0
0.000052,0.999948,1
0.999932,0.000068,0
0.000930,0.999070,1
0.000043,0.999957,1
0.000000,1.000000,1
0.000250,0.999750,1
0.999881,0.000119,0
0.000000,1.000000,1
0.999935,0.000065,0
0.000043,0.999957,1
0.000098,0.999902,1
0.000163,0.999837,1
0.000174,0.999826,1
0.999983,0.000017,0
0.000129,0.999871,1
0.999980,0.000020,0
0.000040,0.999960,1
0.999988,0.000012,0
0.000002,0.999998,1
0.999993,0.000007,0
0.999983,0.000017,0
0.999908,0.000092,0
0.999979,0.000021,0
0.999990,0.000010,0
0.000014,0.999986,1
0.999561,0.000439,0
0.000007,0.999993,1
0.999941,0.000059,0
0.999995,0.000005,0
0.000022,0.999978,1
0.999976,0.000024,0
0.999946,0.000054,0
0.999293,0.000707,0
0.000206,0.999794,1
0.999921,0.000079,0
0.000008,0.999992,1
0.995719,0.004281,0
0.999988,0.000012,0
0.999890,0.000110,0
0.999930,0.000070,0
0.999987,0.000013,0
0.000000,1.000000,1
0.000028,0.999972,1
0.000047,0.999953,1
0.000123,0.999877,1
0.999971,0.000029,0
0.999879,0.000121,0
0.997663,0.002337,0
0.000018,0.999982,1
0.000001,0.999999,1
0.999902,0.000098,0
0.000005,0.999995,1
0.999977,0.000023,0
0.999464,0.000536,0
0.000183,0.999817,1
0.999689,0.000311,0
0.999880,0.000120,0
0.000061,0.999939,1
0.999882,0.000118,0
0.000214,0.999786,1
0.000016,0.999984,1
0.000089,0.999911,1
0.000006,0.999994,1
0.999959,0.000041,0
0.000003,0.999997,1
0.000000,1.000000,1
0.000532,0.999468,1
0.000019,0.999981,1
0.000033,0.999967,1
0.000158,0.999842,1
0.999943,0.000057,0
0.000012,0.999988,1
0.999954,0.000046,0
0.999964,0.000036,0
0.000037,0.999963,1
0.000004,0.999996,1
0.000030,0.999970,1
0.999978,0.000022,0
0.000098,0.999902,1
0.000016,0.999984,1
0.000130,0.999870,1
0.000061,0.999939,1
0.999793,0.000207,0
0.999786,0.000214,0
0.000090,0.999910,1
0.000032,0.999968,1
0.999965,0.000035,0
0.999963,0.000037,0
0.999961,0.000039,0
0.999943,0.000057,0
0.998503,0.001497,0
0.000012,0.999988,1
0.999866,0.000134,0
0.999883,0.000117,0
0.000006,0.999994,1
0.000000,1.000000,1
0.000010,0.999990,1
0.000006,0.999994,1
0.999938,0.000062,0
0.000026,0.999974,1
0.000010,0.999990,1
0.000009,0.999991,1
0.999957,0.000043,0
0.999937,0.000063,0
0.999902,0.000098,0
0.999765,0.000235,0
0.000042,0.999958,1
0.000006,0.999994,1
0.000000,1.000000,1
0.999988,0.000012,0
0.000001,0.999999,1
0.999905,0.000095,0
0.999812,0.000188,0
0.000103,0.999897,1
0.001143,0.998857,1
0.999850,0.000150,0
0.000000,1.000000,1
0.000021,0.999979,1
0.000009,0.999991,1
0.000565,0.999435,1
0.999986,0.000014,0
0.000058,0.999942,1
0.999848,0.000152,0
0.000006,0.999994,1
0.000067,0.999933,1
0.000169,0.999831,1
0.998978,0.001022,0
0.000061,0.999939,1
0.999968,0.000032,0
0.000004,0.999996,1
0.999859,0.000141,0
0.000008,0.999992,1
0.999922,0.000078,0
0.000065,0.999935,1
0.000009,0.999991,1
0.000012,0.999988,1
0.000183,0.999817,1
0.999906,0.000094,0
0.000172,0.999828,1
0.000002,0.999998,1
0.000011,0.999989,1
0.000162,0.999838,1
0.997770,0.002230,0
0.000018,0.999982,1
0.999905,0.000095,0
0.999997,0.000003,0
0.000057,0.999943,1
0.000015,0.999985,1
0.999983,0.000017,0
0.000015,0.999985,1
0.999927,0.000073,0
0.999491,0.000509,0
0.000007,0.999993,1
0.000083,0.999917,1
0.999989,0.000011,0
0.999860,0.000140,0
0.000069,0.999931,1
0.000353,0.999647,1
0.999916,0.000084,0
0.999950,0.000050,0
0.000380,0.999620,1
0.000006,0.999994,1
0.999782,0.000218,0
0.000005,0.999995,1
0.000278,0.999722,1
0.000044,0.999956,1
0.000085,0.999915,1
0.000085,0.999915,1
0.999986,0.000014,0
0.999965,0.000035,0
0.000002,0.999998,1
0.000000,1.000000,1
0.999983,0.000017,0
0.000010,0.999990,1
0.999482,0.000518,0
0.999983,0.000017,0
0.999836,0.000164,0
0.000250,0.999750,1
0.000000,1.000000,1
0.997170,0.002830,0
0.999921,0.000079,0
0.999755,0.000245,0
0.000003,0.999997,1
0.000416,0.999584,1
0.000020,0.999980,1
0.000151,0.999849,1
0.999219,0.000781,0
0.000002,0.999998,1
0.000062,0.999938,1
0.000002,0.999998,1
0.000002,0.999998,1
0.000005,0.999995,1
0.999987,0.000013,0
0.999800,0.000200,0
0.997753,0.002247,0
0.999864,0.000136,0
0.999989,0.000011,0
0.999987,0.000013,0
0.999998,0.000002,0
0.000034,0.999966,1
0.000089,0.999911,1
0.000108,0.999892,1
0.999813,0.000187,0
0.999970,0.000030,0
0.999998,0.000002,0
0.000050,0.999950,1
0.999093,0.000907,0
0.000107,0.999893,1
0.000002,0.999998,1
0.000597,0.999403,1
0.000033,0.999967,1
0.001156,0.998844,1
0.000062,0.999938,1
0.999822,0.000178,0
0.000061,0.999939,1
0.999221,0.000779,0
0.000002,0.999998,1
0.000101,0.999899,1
0.999520,0.000480,0
0.000000,1.000000,1
0.999937,0.000063,0
0.000128,0.999872,1
0.000001,0.999999,1
0.000033,0.999967,1
0.999901,0.000099,0
0.000074,0.999926,1
0.999806,0.000194,0
0.000022,0.999978,1
0.999715,0.000285,0
0.000000,1.000000,1
0.000045,0.999955,1
0.000447,0.999553,1
0.000011,0.999989,1
0.999892,0.000108,0
0.000002,0.999998,1
0.000019,0.999981,1
0.000017,0.999983,1
0.999848,0.000152,0
0.000119,0.999881,1
0.000094,0.999906,1
0.000126,0.999874,1
0.999952,0.000048,0
0.000023,0.999977,1
0.999965,0.000035,0
0.999994,0.000006,0
0.000034,0.999966,1
0.000016,0.999984,1
0.000005,0.999995,1
0.000032,0.999968,1
0.000000,1.000000,1
0.000042,0.999958,1
0.999998,0.000002,0
0.999829,0.000171,0
0.000006,0.999994,1
0.000006,0.999994,1
0.999940,0.000060,0
0.999978,0.000022,0
0.999808,0.000192,0
0.999532,0.000468,0
0.000132,0.999868,1
0.999961,0.000039,0
0.999968,0.000032,0
0.000002,0.999998,1
0.999953,0.000047,0
0.999891,0.000109,0
0.999970,0.000030,0
0.000000,1.000000,1
0.999852,0.000148,0
0.999739,0.000261,0
0.999978,0.000022,0
0.999813,0.000187,0
0.000079,0.999921,1
0.999920,0.000080,0
0.000498,0.999502,1
0.999848,0.000152,0
0.998977,0.001023,0
0.000001,0.999999,1
0.999525,0.000475,0
0.000002,0.999998,1
0.000002,0.999998,1
0.999984,0.000016,0
0.000022,0.999978,1
0.999879,0.000121,0
0.000022,0.999978,1
0.000005,0.999995,1
0.000005,0.999995,1
0.000365,0.999635,1
0.000002,0.999998,1
0.000000,1.000000,1
0.999959,0.000041,0
0.000003,0.999997,1
0.000008,0.999992,1
0.999563,0.000437,0
0.999696,0.000304,0
0.000343,0.999657,1
0.000229,0.999771,1
0.999943,0.000057,0
0.999972,0.000028,0
0.000005,0.999995,1
0.999995,0.000005,0
0.000182,0.999818,1
0.999966,0.000034,0
0.000012,0.999988,1
0.999958,0.000042,0
0.000015,0.999985,1
0.999993,0.000007,0
0.000028,0.999972,1
0.999946,0.000054,0
0.999912,0.000088,0
0.000005,0.999995,1
0.000512,0.999488,1
0.000086,0.999914,1
0.999832,0.000168,0
0.999927,0.000073,0
0.000002,0.999998,1
0.000340,0.999660,1
0.000017,0.999983,1
0.000029,0.999971,1
0.999706,0.000294,0
0.000002,0.999998,1
0.000528,0.999472,1
0.000143,0.999857,1
0.000057,0.999943,1
0.000021,0.999979,1
0.000052,0.999948,1
0.999952,0.000048,0
0.000000,1.000000,1
0.000016,0.999984,1
0.999986,0.000014,0
0.000033,0.999967,1
0.999951,0.000049,0
0.999993,0.000007,0
0.000150,0.999850,1
0.000012,0.999988,1
0.000056,0.999944,1
0.999995,0.000005,0
0.000012,0.999988,1
0.999931,0.000069,0
0.000021,0.999979,1
0.999975,0.000025,0
0.999898,0.000102,0
0.999992,0.000008,0
0.000090,0.999910,1
0.000000,1.000000,1
0.001177,0.998823,1
0.000016,0.999984,1
0.999947,0.000053,0
0.999937,0.000063,0
0.000286,0.999714,1
0.000194,0.999806,1
0.000060,0.999940,1
0.000003,0.999997,1
0.000136,0.999864,1
0.999901,0.000099,0
0.000002,0.999998,1
0.000000,1.000000,1
0.999534,0.000466,0
0.999999,0.000001,0
0.999965,0.000035,0
0.999977,0.000023,0
0.999527,0.000473,0
0.997059,0.002941,0
0.999883,0.000117,0
0.999838,0.000162,0
0.000065,0.999935,1
0.000007,0.999993,1
0.999786,0.000214,0
0.999790,0.000210,0
0.000063,0.999937,1
0.999977,0.000023,0
0.000020,0.999980,1
0.999847,0.000153,0
0.999789,0.000211,0
0.000032,0.999968,1
0.999986,0.000014,0
0.000007,0.999993,1
0.999972,0.000028,0
0.000281,0.999719,1
0.999895,0.000105,0
0.000103,0.999897,1
0.001350,0.998650,1
0.999994,0.000006,0
0.000016,0.999984,1
0.000009,0.999991,1
0.000068,0.999932,1
0.999839,0.000161,0
0.999694,0.000306,0
0.000090,0.999910,1
0.999822,0.000178,0
0.000748,0.999252,1
0.000085,0.999915,1
0.000053,0.999947,1
0.999947,0.000053,0
0.000049,0.999951,1
0.000553,0.999447,1
0.999936,0.000064,0
0.000380,0.999620,1
0.000194,0.999806,1
0.000011,0.999989,1
0.000015,0.999985,1
0.000049,0.999951,1
0.999951,0.000049,0
0.999352,0.000648,0
0.999870,0.000130,0
0.000010,0.999990,1
0.999986,0.000014,0
0.000044,0.999956,1
0.000047,0.999953,1
0.000060,0.999940,1
0.999999,0.000001,0
0.999932,0.000068,0
0.000063,0.999937,1
0.000021,0.999979,1
0.999983,0.000017,0
0.000022,0.999978,1
0.000002,0.999998,1
0.000008,0.999992,1
0.000733,0.999267,1
0.000083,0.999917,1
0.999855,0.000145,0
0.000390,0.999610,1
0.000039,0.999961,1
0.999997,0.000003,0
0.001721,0.998279,1
0.000012,0.999988,1
0.000011,0.999989,1
0.000133,0.999867,1
0.999859,0.000141,0
0.000025,0.999975,1
0.000239,0.999761,1
0.000003,0.999997,1
0.999029,0.000971,0
0.000002,0.999998,1
0.999999,0.000001,0
0.000405,0.999595,1
0.000006,0.999994,1
0.000732,0.999268,1
0.000068,0.999932,1
0.000188,0.999812,1
0.999694,0.000306,0
0.000025,0.999975,1
0.999892,0.000108,0
0.999969,0.000031,0
0.000077,0.999923,1
0.999827,0.000173,0
0.998436,0.001564,0
0.000008,0.999992,1
0.000010,0.999990,1
0.999585,0.000415,0
0.999341,0.000659,0
0.995875,0.004125,0
0.000127,0.999873,1
0.000001,0.999999,1
0.000171,0.999829,1
0.999972,0.000028,0
0.999995,0.000005,0
0.000011,0.999989,1
0.000096,0.999904,1
0.000149,0.999851,1
0.000034,0.999966,1
0.000238,0.999762,1
0.000000,1.000000,1
0.999991,0.000009,0
0.000229,0.999771,1
0.000071,0.999929,1
0.000192,0.999808,1
0.000002,0.999998,1
0.000081,0.999919,1
0.999985,0.000015,0
0.999640,0.000360,0
0.000001,0.999999,1
0.000003,0.999997,1
0.000191,0.999809,1
0.999994,0.000006,0
0.999851,0.000149,0
0.999634,0.000366,0
0.000011,0.999989,1
0.999916,0.000084,0
0.000007,0.999993,1
0.999985,0.000015,0
0.999997,0.000003,0
0.999925,0.000075,0
0.000019,0.999981,1
0.999943,0.000057,0
0.999518,0.000482,0
0.000006,0.999994,1
0.000195,0.999805,1
0.000209,0.999791,1
0.000000,1.000000,1
0.000074,0.999926,1
0.999997,0.000003,0
0.999996,0.000004,0
0.999888,0.000112,0
0.000012,0.999988,1
0.000996,0.999004,1
0.999970,0.000030,0
0.999864,0.000136,0
0.999984,0.000016,0
0.000004,0.999996,1
0.999534,0.000466,0
0.000198,0.999802,1
0.000197,0.999803,1
0.999836,0.000164,0
0.999998,0.000002,0
0.999948,0.000052,0
0.999556,0.000444,0
0.000142,0.999858,1
0.000064,0.999936,1
0.000003,0.999997,1
0.000107,0.999893,1
0.999629,0.000371,0
0.999846,0.000154,0
0.000071,0.999929,1
0.000073,0.999927,1
0.000011,0.999989,1
0.000006,0.999994,1
0.000460,0.999540,1
0.000032,0.999968,1
0.000140,0.999860,1
0.000666,0.999334,1
0.000217,0.999783,1
0.999709,0.000291,0
0.000103,0.999897,1
0.999980,0.000020,0
0.000125,0.999875,1
0.000151,0.999849,1
0.000406,0.999594,1
0.000005,0.999995,1
0.999957,0.000043,0
0.999963,0.000037,0
0.000006,0.999994,1
0.999970,0.000030,0
0.000051,0.999949,1
0.000012,0.999988,1
0.000035,0.999965,1
0.000041,0.999959,1
0.000005,0.999995,1
0.999855,0.000145,0
0.999827,0.000173,0
0.999980,0.000020,0
0.000005,0.999995,1
0.000057,0.999943,1
0.000001,0.999999,1
0.999999,0.000001,0
0.000033,0.999967,1
0.999900,0.000100,0
0.999789,0.000211,0
0.999825,0.000175,0
0.999981,0.000019,0
0.999819,0.000181,0
0.999875,0.000125,0
0.999819,0.000181,0
0.999984,0.000016,0
0.000062,0.999938,1
0.999449,0.000551,0
0.999963,0.000037,0
0.000134,0.999866,1
0.000000,1.000000,1
0.999973,0.000027,0
0.999968,0.000032,0
0.000006,0.999994,1
0.000019,0.999981,1
0.999969,0.000031,0
0.000022,0.999978,1
0.000073,0.999927,1
0.999842,0.000158,0
0.000002,0.999998,1
0.000246,0.999754,1
0.000370,0.999630,1
0.003167,0.996833,1
0.999802,0.000198,0
0.000237,0.999763,1
0.000060,0.999940,1
0.999927,0.000073,0
0.999995,0.000005,0
0.999812,0.000188,0
0.999778,0.000222,0
0.999688,0.000312,0
0.999895,0.000105,0
0.000076,0.999924,1
0.999912,0.000088,0
0.999723,0.000277,0
0.000362,0.999638,1
0.999849,0.000151,0
0.999999,0.000001,0
0.000259,0.999741,1
0.999882,0.000118,0
0.000003,0.999997,1
0.000052,0.999948,1
0.999947,0.000053,0
0.999812,0.000188,0
0.000038,0.999962,1
0.000068,0.999932,1
0.999965,0.000035,0
0.999988,0.000012,0
0.999826,0.000174,0
0.000038,0.999962,1
0.000001,0.999999,1
0.999905,0.000095,0
0.999930,0.000070,0
0.000053,0.999947,1
0.000031,0.999969,1
0.000069,0.999931,1
0.000017,0.999983,1
0.998106,0.001894,0
0.999987,0.000013,0
0.999996,0.000004,0
0.000236,0.999764,1
0.000060,0.999940,1
0.999289,0.000711,0
0.999957,0.000043,0
0.999969,0.000031,0
0.003633,0.996367,1
0.000000,1.000000,1
0.999997,0.000003,0
0.000303,0.999697,1
0.999578,0.000422,0
0.000079,0.999921,1
0.000129,0.999871,1
0.999453,0.000547,0
0.999687,0.000313,0
0.000842,0.999158,1
0.000000,1.000000,1
0.999703,0.000297,0
0.999982,0.000018,0
0.999997,0.000003,0
0.999911,0.000089,0
0.000020,0.999980,1
0.999993,0.000007,0
0.999923,0.000077,0
0.999978,0.000022,0
0.000031,0.999969,1
0.000412,0.999588,1
0.000248,0.999752,1
0.999742,0.000258,0
0.999909,0.000091,0
0.999983,0.000017,0
0.000000,1.000000,1
0.000000,1.000000,1
0.000074,0.999926,1
0.999975,0.000025,0
0.000027,0.999973,1
0.000032,0.999968,1
0.000978,0.999022,1
0.999810,0.000190,0
0.000004,0.999996,1
0.000006,0.999994,1
0.001072,0.998928,1
0.000003,0.999997,1
0.999985,0.000015,0
0.999392,0.000608,0
0.000125,0.999875,1
0.000056,0.999944,1
0.000001,0.999999,1
0.000008,0.999992,1
0.000002,0.999998,1
0.000067,0.999933,1
0.999906,0.000094,0
0.000095,0.999905,1
0.999934,0.000066,0
0.999958,0.000042,0
0.000210,0.999790,1
0.000006,0.999994,1
0.999940,0.000060,0
0.999865,0.000135,0
0.999724,0.000276,0
0.999937,0.000063,0
0.999681,0.000319,0
0.000001,0.999999,1
0.000022,0.999978,1
0.000487,0.999513,1
0.999677,0.000323,0
0.999989,0.000011,0
0.999976,0.000024,0
0.000022,0.999978,1
0.000039,0.999961,1
0.000004,0.999996,1
0.000044,0.999956,1
0.999979,0.000021,0
0.000132,0.999868,1
0.999243,0.000757,0
0.999891,0.000109,0
0.000015,0.999985,1
0.000019,0.999981,1
0.999858,0.000142,0
0.000018,0.999982,1
0.998739,0.001261,0
0.000155,0.999845,1
0.999973,0.000027,0
0.999830,0.000170,0
0.000607,0.999393,1
0.000042,0.999958,1
0.999735,0.000265,0
0.000360,0.999640,1
0.999964,0.000036,0
0.999784,0.000216,0
0.000017,0.999983,1
0.000007,0.999993,1
0.000003,0.999997,1
0.000006,0.999994,1
0.999977,0.000023,0
0.000206,0.999794,1
0.999910,0.000090,0
0.000015,0.999985,1
0.999988,0.000012,0
0.000006,0.999994,1
0.000115,0.999885,1
0.000003,0.999997,1
0.999792,0.000208,0
0.999988,0.000012,0
0.000060,0.999940,1
0.999949,0.000051,0
0.000004,0.999996,1
0.000187,0.999813,1
0.999911,0.000089,0
0.000003,0.999997,1
0.999989,0.000011,0
0.000256,0.999744,1
0.000066,0.999934,1
0.999769,0.000231,0
0.000039,0.999961,1
0.999967,0.000033,0
0.999892,0.000108,0
0.000001,0.999999,1
0.000283,0.999717,1
0.000002,0.999998,1
0.000008,0.999992,1
0.999808,0.000192,0
0.000793,0.999207,1
0.999920,0.000080,0
0.999425,0.000575,0
0.000076,0.999924,1
0.000309,0.999691,1
0.999972,0.000028,0
0.000327,0.999673,1
0.000000,1.000000,1
0.000026,0.999974,1
0.999925,0.000075,0
0.998126,0.001874,0
0.000011,0.999989,1
0.999715,0.000285,0
0.001294,0.998706,1
0.999744,0.000256,0
0.999856,0.000144,0
0.000122,0.999878,1
0.999990,0.000010,0
0.999305,0.000695,0
0.000061,0.999939,1
0.000222,0.999778,1
0.000033,0.999967,1
0.000005,0.999995,1
0.999846,0.000154,0
0.997675,0.002325,0
0.999954,0.000046,0
0.999963,0.000037,0
0.999940,0.000060,0
0.999968,0.000032,0
0.999432,0.000568,0
0.999485,0.000515,0
0.999951,0.000049,0
0.999544,0.000456,0
0.000014,0.999986,1
0.000000,1.000000,1
0.999967,0.000033,0
0.999971,0.000029,0
0.001502,0.998498,1
0.999955,0.000045,0
0.000213,0.999787,1
0.000003,0.999997,1
0.000139,0.999861,1
0.000038,0.999962,1
0.999995,0.000005,0
0.000014,0.999986,1
0.999978,0.000022,0
0.000000,1.000000,1
0.000083,0.999917,1
0.000022,0.999978,1
0.000028,0.999972,1
0.999994,0.000006,0
0.999995,0.000005,0
0.999621,0.000379,0
0.000007,0.999993,1
0.000050,0.999950,1
0.999144,0.000856,0
0.999982,0.000018,0
0.000018,0.999982,1
0.999607,0.000393,0
0.000032,0.999968,1
0.999910,0.000090,0
0.999984,0.000016,0
0.000024,0.999976,1
0.999981,0.000019,0
0.999608,0.000392,0
0.000023,0.999977,1
0.000083,0.999917,1
0.000940,0.999060,1
0.000014,0.999986,1
0.999973,0.000027,0
0.000010,0.999990,1
0.999897,0.000103,0
0.000049,0.999951,1
0.999893,0.000107,0
0.000010,0.999990,1
0.999941,0.000059,0
0.000004,0.999996,1
0.000294,0.999706,1
0.000109,0.999891,1
0.999999,0.000001,0
0.000038,0.999962,1
0.000001,0.999999,1
0.000279,0.999721,1
0.999966,0.000034,0
0.000366,0.999634,1
0.999764,0.000236,0
0.000000,1.000000,1
0.000012,0.999988,1
0.999946,0.000054,0
0.000154,0.999846,1
0.000169,0.999831,1
0.999999,0.000001,0
0.000004,0.999996,1
0.999560,0.000440,0
0.999925,0.000075,0
0.000148,0.999852,1
0.000217,0.999783,1
0.999965,0.000035,0
0.999939,0.000061,0
0.999841,0.000159,0
0.000096,0.999904,1
0.000001,0.999999,1
0.999597,0.000403,0
0.999518,0.000482,0
0.999886,0.000114,0
0.999845,0.000155,0
0.000604,0.999396,1
0.000422,0.999578,1
0.999915,0.000085,0
0.000009,0.999991,1
0.000023,0.999977,1
0.999877,0.000123,0
0.000016,0.999984,1
0.999943,0.000057,0
0.999721,0.000279,0
0.000014,0.999986,1
0.000011,0.999989,1
0.000069,0.999931,1
0.999892,0.000108,0
0.000189,0.999811,1
0.000018,0.999982,1
0.001285,0.998715,1
0.001338,0.998662,1
0.000178,0.999822,1
0.999801,0.000199,0
0.000008,0.999992,1
0.999945,0.000055,0
0.000026,0.999974,1
0.999859,0.000141,0
0.000121,0.999879,1
0.000036,0.999964,1
0.999927,0.000073,0
0.999205,0.000795,0
0.999886,0.000114,0
0.999916,0.000084,0
0.999945,0.000055,0
0.999989,0.000011,0
0.000647,0.999353,1
0.999917,0.000083,0
0.000221,0.999779,1
0.000066,0.999934,1
0.000241,0.999759,1
0.000015,0.999985,1
0.999982,0.000018,0
0.000000,1.000000,1
0.000024,0.999976,1
0.000052,0.999948,1
0.000000,1.000000,1
0.000063,0.999937,1
0.998788,0.001212,0
0.998453,0.001547,0
0.000048,0.999952,1
0.000059,0.999941,1
0.999847,0.000153,0
0.999738,0.000262,0
0.000000,1.000000,1
0.000016,0.999984,1
0.999980,0.000020,0
0.000282,0.999718,1
0.999993,0.000007,0
0.999512,0.000488,0
0.999704,0.000296,0
0.999951,0.000049,0
0.000116,0.999884,1
0.000124,0.999876,1
0.000246,0.999754,1
0.000001,0.999999,1
0.999963,0.000037,0
0.001375,0.998625,1
0.000016,0.999984,1
0.000052,0.999948,1
0.999891,0.000109,0
0.000043,0.999957,1
0.999962,0.000038,0
0.999939,0.000061,0
0.000398,0.999602,1
0.000040,0.999960,1
0.999992,0.000008,0
0.999986,0.000014,0
0.000032,0.999968,1
0.000025,0.999975,1
0.999853,0.000147,0
0.000117,0.999883,1
0.999704,0.000296,0
0.999870,0.000130,0
0.999816,0.000184,0
0.999900,0.000100,0
0.999768,0.000232,0
0.999934,0.000066,0
0.000000,1.000000,1
0.999766,0.000234,0
0.000018,0.999982,1
0.999851,0.000149,0
0.000132,0.999868,1
0.999955,0.000045,0
0.000004,0.999996,1
0.000008,0.999992,1
0.000001,0.999999,1
0.999683,0.000317,0
0.000006,0.999994,1
0.000283,0.999717,1
0.000024,0.999976,1
0.999709,0.000291,0
0.999825,0.000175,0
0.999956,0.000044,0
0.999752,0.000248,0
0.995050,0.004950,0
0.000005,0.999995,1
0.000013,0.999987,1
0.000042,0.999958,1
0.000304,0.999696,1
0.000001,0.999999,1
0.000130,0.999870,1
0.999947,0.000053,0
0.999975,0.000025,0
0.999785,0.000215,0
0.998843,0.001157,0
0.000023,0.999977,1
0.000003,0.999997,1
0.000000,1.000000,1
0.000000,1.000000,1
0.000001,0.999999,1
0.999997,0.000003,0
0.000017,0.999983,1
0.999882,0.000118,0
0.000018,0.999982,1
0.000009,0.999991,1
0.000341,0.999659,1
0.000626,0.999374,1
0.000285,0.999715,1
0.999990,0.000010,0
0.000163,0.999837,1
0.999984,0.000016,0
0.999973,0.000027,0
0.999768,0.000232,0
0.000027,0.999973,1
0.999923,0.000077,0
0.999859,0.000141,0
0.999999,0.000001,0
0.000082,0.999918,1
0.000418,0.999582,1
0.999659,0.000341,0
0.999754,0.000246,0
0.000060,0.999940,1
0.999560,0.000440,0
0.999954,0.000046,0
0.000002,0.999998,1
0.000007,0.999993,1
0.999955,0.000045,0
0.999959,0.000041,0
0.999979,0.000021,0
0.000040,0.999960,1
0.999986,0.000014,0
0.999456,0.000544,0
0.999942,0.000058,0
0.000585,0.999415,1
0.000008,0.999992,1
0.000000,1.000000,1
0.000350,0.999650,1
0.999371,0.000629,0
0.999765,0.000235,0
0.000003,0.999997,1
0.000145,0.999855,1
0.999974,0.000026,0
0.999942,0.000058,0
0.000003,0.999997,1
0.000059,0.999941,1
0.999875,0.000125,0
0.999160,0.000840,0
0.999805,0.000195,0
0.000138,0.999862,1
0.000049,0.999951,1
0.000129,0.999871,1
0.999799,0.000201,0
0.999963,0.000037,0
0.999960,0.000040,0
0.000000,1.000000,1
0.000028,0.999972,1
0.999928,0.000072,0
0.000006,0.999994,1
0.999986,0.000014,0
0.000002,0.999998,1
0.999992,0.000008,0
0.999979,0.000021,0
0.999981,0.000019,0
0.999917,0.000083,0
0.000016,0.999984,1
0.000321,0.999679,1
0.999999,0.000001,0
0.000009,0.999991,1
0.000019,0.999981,1
0.000520,0.999480,1
0.999996,0.000004,0
0.000314,0.999686,1
0.000619,0.999381,1
0.999997,0.000003,0
0.000623,0.999377,1
0.000028,0.999972,1
0.000005,0.999995,1
0.999969,0.000031,0
0.000006,0.999994,1
0.000004,0.999996,1
0.000222,0.999778,1
0.999921,0.000079,0
0.000380,0.999620,1
0.000088,0.999912,1
0.999740,0.000260,0
0.999979,0.000021,0
0.000008,0.999992,1
0.000029,0.999971,1
0.999923,0.000077,0
0.000393,0.999607,1
0.000078,0.999922,1
0.999952,0.000048,0
0.999447,0.000553,0
0.999881,0.000119,0
0.999950,0.000050,0
0.000017,0.999983,1
0.000001,0.999999,1
0.999774,0.000226,0
0.999860,0.000140,0
0.999941,0.000059,0
0.999998,0.000002,0
0.000008,0.999992,1
0.000000,1.000000,1
0.000002,0.999998,1
0.999632,0.000368,0
0.999989,0.000011,0
0.999955,0.000045,0
0.000017,0.999983,1
0.999937,0.000063,0
0.999905,0.000095,0
0.000047,0.999953,1
0.999850,0.000150,0
0.000014,0.999986,1
0.000006,0.999994,1
0.000055,0.999945,1
0.999888,0.000112,0
0.999890,0.000110,0
0.999977,0.000023,0
0.000361,0.999639,1
0.999942,0.000058,0
0.000011,0.999989,1
0.000017,0.999983,1
0.000006,0.999994,1
0.996454,0.003546,0
0.000408,0.999592,1
0.999908,0.000092,0
0.999267,0.000733,0
0.001213,0.998787,1
0.000131,0.999869,1
0.000033,0.999967,1
0.999796,0.000204,0
0.000003,0.999997,1
0.999773,0.000227,0
0.000055,0.999945,1
0.999992,0.000008,0
0.000722,0.999278,1
0.000020,0.999980,1
0.000088,0.999912,1
0.000066,0.999934,1
0.000042,0.999958,1
0.999810,0.000190,0
0.999897,0.000103,0
0.000001,0.999999,1
0.999935,0.000065,0
0.999966,0.000034,0
0.000056,0.999944,1
0.999971,0.000029,0
0.999982,0.000018,0
0.999785,0.000215,0
0.000006,0.999994,1
0.000276,0.999724,1
0.000022,0.999978,1
0.999918,0.000082,0
0.000002,0.999998,1
0.000007,0.999993,1
0.000013,0.999987,1
0.000044,0.999956,1
0.000013,0.999987,1
0.000270,0.999730,1
0.999702,0.000298,0
0.999712,0.000288,0
0.000288,0.999712,1
0.000041,0.999959,1
0.000451,0.999549,1
0.000033,0.999967,1
0.000015,0.999985,1
0.000130,0.999870,1
0.000088,0.999912,1
0.999772,0.000228,0
0.999967,0.000033,0
0.999975,0.000025,0
0.999910,0.000090,0
0.000250,0.999750,1
0.999892,0.000108,0
0.999851,0.000149,0
0.000164,0.999836,1
0.999994,0.000006,0
0.000010,0.999990,1
0.999951,0.000049,0
0.999359,0.000641,0
0.000026,0.999974,1
0.000002,0.999998,1
0.999959,0.000041,0
0.999929,0.000071,0
0.000021,0.999979,1
0.999950,0.000050,0
0.999958,0.000042,0
0.000005,0.999995,1
0.000099,0.999901,1
0.000046,0.999954,1
0.000000,1.000000,1
0.999520,0.000480,0
0.000018,0.999982,1
0.999809,0.000191,0
0.999992,0.000008,0
0.000005,0.999995,1
0.999333,0.000667,0
0.999975,0.000025,0
0.999966,0.000034,0
0.000001,0.999999,1
0.999831,0.000169,0
0.000022,0.999978,1
0.999987,0.000013,0
0.999995,0.000005,0
0.000062,0.999938,1
0.000107,0.999893,1
0.000004,0.999996,1
0.000474,0.999526,1
0.000278,0.999722,1
0.999999,0.000001,0
0.999953,0.000047,0
0.000143,0.999857,1
0.000120,0.999880,1
0.999992,0.000008,0
0.000043,0.999957,1
0.999917,0.000083,0
0.999974,0.000026,0
0.999894,0.000106,0
0.999962,0.000038,0
0.000041,0.999959,1
0.000053,0.999947,1
0.999979,0.000021,0
0.999980,0.000020,0
0.000117,0.999883,1
0.000007,0.999993,1
0.999638,0.000362,0
0.999987,0.000013,0
0.999982,0.000018,0
0.999941,0.000059,0
0.999949,0.000051,0
0.999472,0.000528,0
0.000031,0.999969,1
0.999982,0.000018,0
0.001655,0.998345,1
0.000075,0.999925,1
0.999984,0.000016,0
0.999854,0.000146,0
0.001067,0.998933,1
0.000003,0.999997,1
0.000023,0.999977,1
0.999924,0.000076,0
0.999932,0.000068,0
0.000062,0.999938,1
0.999971,0.000029,0
0.999943,0.000057,0
0.000134,0.999866,1
0.000000,1.000000,1
0.000078,0.999922,1
0.999989,0.000011,0
0.999945,0.000055,0
0.000006,0.999994,1
0.999593,0.000407,0
0.000014,0.999986,1
0.000028,0.999972,1
0.999961,0.000039,0
0.999980,0.000020,0
0.999353,0.000647,0
0.000006,0.999994,1
0.999732,0.000268,0
0.999723,0.000277,0
0.000025,0.999975,1
0.000045,0.999955,1
0.999744,0.000256,0
0.999890,0.000110,0
0.999335,0.000665,0
0.000025,0.999975,1
0.999975,0.000025,0
0.000330,0.999670,1
0.000489,0.999511,1
0.000079,0.999921,1
0.000025,0.999975,1
0.999921,0.000079,0
0.999876,0.000124,0
0.998793,0.001207,0
0.000145,0.999855,1
0.000003,0.999997,1
0.000074,0.999926,1
0.000258,0.999742,1
0.000011,0.999989,1
0.000135,0.999865,1
0.000026,0.999974,1
0.000015,0.999985,1
0.999412,0.000588,0
0.000047,0.999953,1
0.999989,0.000011,0
0.999960,0.000040,0
0.000019,0.999981,1
0.000899,0.999101,1
0.000004,0.999996,1
0.999829,0.000171,0
0.000015,0.999985,1
0.000066,0.999934,1
0.000844,0.999156,1
0.999398,0.000602,0
0.000030,0.999970,1
0.999982,0.000018,0
0.000001,0.999999,1
0.000200,0.999800,1
0.000001,0.999999,1
0.000000,1.000000,1
0.000157,0.999843,1
0.999400,0.000600,0
0.999846,0.000154,0
0.999776,0.000224,0
0.000007,0.999993,1
0.000000,1.000000,1
0.999952,0.000048,0
0.999650,0.000350,0
0.999918,0.000082,0
0.999926,0.000074,0
0.999977,0.000023,0
0.000007,0.999993,1
0.999614,0.000386,0
0.000002,0.999998,1
0.999940,0.000060,0
0.999977,0.000023,0
0.000033,0.999967,1
0.999425,0.000575,0
0.000006,0.999994,1
0.000000,1.000000,1
0.999210,0.000790,0
0.000019,0.999981,1
0.999974,0.000026,0
0.000320,0.999680,1
0.999825,0.000175,0
0.000000,1.000000,1
0.000378,0.999622,1
0.999921,0.000079,0
0.999864,0.000136,0
0.000032,0.999968,1
0.999972,0.000028,0
0.000018,0.999982,1
0.997964,0.002036,0
0.000117,0.999883,1
0.000057,0.999943,1
0.999976,0.000024,0
0.999984,0.000016,0
0.999932,0.000068,0
0.999969,0.000031,0
0.999994,0.000006,0
0.999981,0.000019,0
0.000001,0.999999,1
0.000028,0.999972,1
0.000115,0.999885,1
0.999853,0.000147,0
0.999118,0.000882,0
0.999861,0.000139,0
0.000016,0.999984,1
0.999957,0.000043,0
0.000027,0.999973,1
0.000014,0.999986,1
0.999545,0.000455,0
0.000661,0.999339,1
0.000592,0.999408,1
0.000203,0.999797,1
0.000003,0.999997,1
0.000019,0.999981,1
0.999987,0.000013,0
0.000005,0.999995,1
0.000132,0.999868,1
0.000286,0.999714,1
0.999922,0.000078,0
0.000061,0.999939,1
0.000017,0.999983,1
0.999751,0.000249,0
0.000002,0.999998,1
0.999915,0.000085,0
0.999950,0.000050,0
0.000142,0.999858,1
0.999825,0.000175,0
0.999353,0.000647,0
0.000017,0.999983,1
0.999971,0.000029,0
0.000000,1.000000,1
0.999997,0.000003,0
0.000119,0.999881,1
0.000050,0.999950,1
0.000370,0.999630,1
0.000001,0.999999,1
0.000047,0.999953,1
0.999968,0.000032,0
0.000007,0.999993,1
0.999983,0.000017,0
0.999875,0.000125,0
0.000033,0.999967,1
0.999990,0.000010,0
0.999997,0.000003,0
0.000001,0.999999,1
0.999999,0.000001,0
0.000164,0.999836,1
0.000160,0.999840,1
0.999842,0.000158,0
0.999983,0.000017,0
0.999411,0.000589,0
0.000364,0.999636,1
0.997183,0.002817,0
0.000052,0.999948,1
0.000002,0.999998,1
0.999934,0.000066,0
0.000410,0.999590,1
0.999987,0.000013,0
0.999973,0.000027,0
0.000039,0.999961,1
0.997092,0.002908,0
0.000044,0.999956,1
0.999333,0.000667,0
0.000128,0.999872,1
0.999999,0.000001,0
0.999735,0.000265,0
0.000414,0.999586,1
0.000243,0.999757,1
0.000250,0.999750,1
0.999865,0.000135,0
0.000060,0.999940,1
0.997685,0.002315,0
0.000269,0.999731,1
0.000087,0.999913,1
0.999963,0.000037,0
0.999716,0.000284,0
0.999951,0.000049,0
0.002236,0.997764,1
0.999790,0.000210,0
0.999786,0.000214,0
0.999871,0.000129,0
0.999882,0.000118,0
0.999934,0.000066,0
0.000210,0.999790,1
0.000018,0.999982,1
0.000016,0.999984,1
0.000004,0.999996,1
0.000014,0.999986,1
0.000200,0.999800,1
0.999987,0.000013,0
0.000110,0.999890,1
0.999986,0.000014,0
0.000209,0.999791,1
0.000082,0.999918,1
0.000135,0.999865,1
0.999846,0.000154,0
0.000098,0.999902,1
0.999797,0.000203,0
0.000159,0.999841,1
0.000402,0.999598,1
0.999693,0.000307,0
0.999821,0.000179,0
0.000080,0.999920,1
0.000049,0.999951,1
0.000175,0.999825,1
0.000001,0.999999,1
0.000269,0.999731,1
0.000014,0.999986,1
0.999853,0.000147,0
0.000030,0.999970,1
0.999865,0.000135,0
0.999898,0.000102,0
0.000002,0.999998,1
0.999987,0.000013,0
0.999859,0.000141,0
0.000455,0.999545,1
0.000169,0.999831,1
0.000936,0.999064,1
0.000001,0.999999,1
0.000084,0.999916,1
0.999995,0.000005,0
0.999606,0.000394,0
0.999907,0.000093,0
0.999960,0.000040,0
0.000064,0.999936,1
0.000001,0.999999,1
0.000010,0.999990,1
0.000016,0.999984,1
0.999842,0.000158,0
0.001292,0.998708,1
0.999991,0.000009,0
0.999909,0.000091,0
0.000000,1.000000,1
0.999628,0.000372,0
0.000013,0.999987,1
0.999983,0.000017,0
0.999969,0.000031,0
0.000031,0.999969,1
0.000001,0.999999,1
0.000237,0.999763,1
0.000042,0.999958,1
0.000245,0.999755,1
0.000244,0.999756,1
0.999990,0.000010,0
0.999827,0.000173,0
0.999947,0.000053,0
0.000160,0.999840,1
0.000001,0.999999,1
0.999941,0.000059,0
0.000073,0.999927,1
0.000085,0.999915,1
0.000022,0.999978,1
0.999988,0.000012,0
0.999948,0.000052,0
0.000307,0.999693,1
0.999984,0.000016,0
0.000141,0.999859,1
0.000003,0.999997,1
0.000013,0.999987,1
0.000001,0.999999,1
0.000001,0.999999,1
0.000002,0.999998,1
0.999897,0.000103,0
0.000104,0.999896,1
0.999949,0.000051,0
0.999760,0.000240,0
0.999998,0.000002,0
0.000298,0.999702,1
0.000053,0.999947,1
0.000010,0.999990,1
0.000115,0.999885,1
0.999570,0.000430,0
0.000025,0.999975,1
0.999882,0.000118,0
0.000476,0.999524,1
0.000035,0.999965,1
0.000028,0.999972,1
0.000067,0.999933,1
0.999879,0.000121,0
0.999953,0.000047,0
0.000080,0.999920,1
0.999993,0.000007,0
0.000013,0.999987,1
0.000043,0.999957,1
0.000008,0.999992,1
0.999794,0.000206,0
0.999994,0.000006,0
0.000051,0.999949,1
0.000002,0.999998,1
0.999734,0.000266,0
0.000048,0.999952,1
0.000342,0.999658,1
0.000045,0.999955,1
0.999981,0.000019,0
0.000253,0.999747,1
0.999897,0.000103,0
0.000007,0.999993,1
0.000506,0.999494,1
0.999661,0.000339,0
0.000026,0.999974,1
0.995206,0.004794,0
0.999943,0.000057,0
0.000033,0.999967,1
0.000002,0.999998,1
0.999807,0.000193,0
0.000027,0.999973,1
0.999989,0.000011,0
0.999857,0.000143,0
0.000003,0.999997,1
0.012017,0.987983,1
0.999988,0.000012,0
0.000000,1.000000,1
0.999844,0.000156,0
0.000016,0.999984,1
0.000000,1.000000,1
0.999969,0.000031,0
0.999858,0.000142,0
0.000185,0.999815,1
0.000179,0.999821,1
0.995806,0.004194,0
0.999829,0.000171,0
0.000283,0.999717,1
0.999982,0.000018,0
0.000009,0.999991,1
0.999969,0.000031,0
0.999847,0.000153,0
0.000002,0.999998,1
0.000158,0.999842,1
0.999995,0.000005,0
0.000047,0.999953,1
0.999925,0.000075,0
0.997728,0.002272,0
0.000003,0.999997,1
0.999650,0.000350,0
0.999960,0.000040,0
0.000008,0.999992,1
0.000022,0.999978,1
0.000099,0.999901,1
0.000006,0.999994,1
0.999706,0.000294,0
0.999998,0.000002,0
0.999804,0.000196,0
0.000003,0.999997,1
0.000144,0.999856,1
0.000119,0.999881,1
0.999984,0.000016,0
0.999986,0.000014,0
0.000092,0.999908,1
0.002262,0.997738,1
0.999200,0.000800,0
0.000089,0.999911,1
0.000242,0.999758,1
0.001025,0.998975,1
0.999976,0.000024,0
0.000042,0.999958,1
0.000057,0.999943,1
0.000065,0.999935,1
0.999984,0.000016,0
0.000046,0.999954,1
0.006008,0.993992,1
0.999998,0.000002,0
0.999958,0.000042,0
0.999995,0.000005,0
0.999730,0.000270,0
0.000002,0.999998,1
0.999550,0.000450,0
0.000010,0.999990,1
0.999934,0.000066,0
0.999934,0.000066,0
0.999950,0.000050,0
0.000362,0.999638,1
0.000029,0.999971,1
0.999840,0.000160,0
0.999940,0.000060,0
0.999994,0.000006,0
0.000000,1.000000,1
0.000015,0.999985,1
0.000346,0.999654,1
0.999990,0.000010,0
0.000036,0.999964,1
0.999967,0.000033,0
0.000026,0.999974,1
0.999978,0.000022,0
0.000034,0.999966,1
0.999923,0.000077,0
0.000001,0.999999,1
0.999632,0.000368,0
0.000050,0.999950,1
0.999948,0.000052,0
0.000112,0.999888,1
0.001016,0.998984,1
0.999995,0.000005,0
0.000033,0.999967,1
0.999996,0.000004,0
0.000027,0.999973,1
0.000000,1.000000,1
0.999682,0.000318,0
0.999989,0.000011,0
0.000279,0.999721,1
0.000091,0.999909,1
0.999925,0.000075,0
0.000317,0.999683,1
0.999958,0.000042,0
0.999507,0.000493,0
0.000174,0.999826,1
0.999953,0.000047,0
0.000000,1.000000,1
0.000142,0.999858,1
0.999594,0.000406,0
0.000010,0.999990,1
0.999108,0.000892,0
0.999938,0.000062,0
0.999984,0.000016,0
0.999983,0.000017,0
0.999975,0.000025,0
0.000034,0.999966,1
0.000001,0.999999,1
0.000000,1.000000,1
0.999952,0.000048,0
0.999953,0.000047,0
0.000000,1.000000,1
0.000015,0.999985,1
0.000182,0.999818,1
0.999855,0.000145,0
0.000128,0.999872,1
0.000323,0.999677,1
0.999701,0.000299,0
0.999991,0.000009,0
0.000010,0.999990,1
0.000016,0.999984,1
0.999939,0.000061,0
0.999883,0.000117,0
0.999884,0.000116,0
0.000005,0.999995,1
0.999996,0.000004,0
0.000006,0.999994,1
0.999953,0.000047,0
0.000006,0.999994,1
0.000001,0.999999,1
0.999881,0.000119,0
0.999946,0.000054,0
0.999856,0.000144,0
0.999867,0.000133,0
0.000012,0.999988,1
0.000178,0.999822,1
0.999977,0.000023,0
0.999925,0.000075,0
0.999866,0.000134,0
0.000010,0.999990,1
0.000185,0.999815,1
0.999902,0.000098,0
0.000413,0.999587,1
0.000007,0.999993,1
0.999589,0.000411,0
0.000127,0.999873,1
0.999675,0.000325,0
0.000004,0.999996,1
0.999968,0.000032,0
0.000079,0.999921,1
0.000148,0.999852,1
0.000004,0.999996,1
0.001074,0.998926,1
0.999348,0.000652,0
0.000520,0.999480,1
0.000021,0.999979,1
0.002120,0.997880,1
0.999151,0.000849,0
0.000001,0.999999,1
0.999937,0.000063,0
0.000005,0.999995,1
0.000114,0.999886,1
0.000008,0.999992,1
0.999901,0.000099,0
0.000014,0.999986,1
0.999852,0.000148,0
0.000016,0.999984,1
0.000113,0.999887,1
0.000066,0.999934,1
0.999997,0.000003,0
0.000017,0.999983,1
0.003951,0.996049,1
0.999765,0.000235,0
0.000074,0.999926,1
0.000014,0.999986,1
0.999888,0.000112,0
0.999878,0.000122,0
0.999006,0.000994,0
0.999832,0.000168,0
0.999996,0.000004,0
0.000002,0.999998,1
0.000009,0.999991,1
0.000010,0.999990,1
0.000269,0.999731,1
0.999914,0.000086,0
0.000029,0.999971,1
0.001608,0.998392,1
0.999988,0.000012,0
0.000180,0.999820,1
0.000440,0.999560,1
0.000115,0.999885,1
0.001140,0.998860,1
0.000046,0.999954,1
0.001505,0.998495,1
0.000000,1.000000,1
0.999419,0.000581,0
0.000048,0.999952,1
0.999689,0.000311,0
0.000047,0.999953,1
0.000556,0.999444,1
0.000001,0.999999,1
0.999899,0.000101,0
0.000009,0.999991,1
0.000030,0.999970,1
0.999299,0.000701,0
0.000083,0.999917,1
0.000025,0.999975,1
0.999662,0.000338,0
0.000807,0.999193,1
0.000105,0.999895,1
0.999949,0.000051,0
0.000042,0.999958,1
0.000018,0.999982,1
0.999966,0.000034,0
0.000004,0.999996,1
0.000200,0.999800,1
0.000024,0.999976,1
0.999963,0.000037,0
0.999968,0.000032,0
0.999919,0.000081,0
0.999999,0.000001,0
0.000000,1.000000,1
0.000002,0.999998,1
0.999897,0.000103,0
0.999966,0.000034,0
0.000054,0.999946,1
0.999964,0.000036,0
0.000053,0.999947,1
0.999934,0.000066,0
0.000000,1.000000,1
0.999882,0.000118,0
0.000161,0.999839,1
0.000016,0.999984,1
0.999954,0.000046,0
0.000154,0.999846,1
0.999944,0.000056,0
0.000000,1.000000,1
0.000078,0.999922,1
0.999887,0.000113,0
0.000111,0.999889,1
0.000140,0.999860,1
0.000090,0.999910,1
0.000001,0.999999,1
0.000055,0.999945,1
0.999991,0.000009,0
0.001542,0.998458,1
0.000052,0.999948,1
0.999977,0.000023,0
0.999532,0.000468,0
0.000008,0.999992,1
0.000088,0.999912,1
0.999906,0.000094,0
0.999998,0.000002,0
0.000002,0.999998,1
0.000007,0.999993,1
0.001679,0.998321,1
0.999860,0.000140,0
0.000081,0.999919,1
0.999933,0.000067,0
0.000070,0.999930,1
0.000012,0.999988,1
0.999882,0.000118,0
0.000095,0.999905,1
0.999860,0.000140,0
0.999992,0.000008,0
0.000003,0.999997,1
0.000101,0.999899,1
0.000044,0.999956,1
0.000257,0.999743,1
0.000026,0.999974,1
0.999898,0.000102,0
0.999978,0.000022,0
0.999747,0.000253,0
0.999739,0.000261,0
0.000193,0.999807,1
0.000086,0.999914,1
0.999936,0.000064,0
0.000070,0.999930,1
0.999988,0.000012,0
0.000647,0.999353,1
0.999988,0.000012,0
0.000226,0.999774,1
0.000096,0.999904,1
0.999968,0.000032,0
0.000001,0.999999,1
0.000114,0.999886,1
0.000006,0.999994,1
0.000092,0.999908,1
0.000306,0.999694,1
0.999967,0.000033,0
0.998633,0.001367,0
0.999918,0.000082,0
0.000035,0.999965,1
0.999924,0.000076,0
0.999912,0.000088,0
0.999770,0.000230,0
0.999975,0.000025,0
0.999870,0.000130,0
0.999992,0.000008,0
0.000536,0.999464,1
0.999991,0.000009,0
0.999877,0.000123,0
0.999948,0.000052,0
0.999943,0.000057,0
0.999971,0.000029,0
0.000209,0.999791,1
0.999919,0.000081,0
0.001015,0.998985,1
0.999985,0.000015,0
0.000046,0.999954,1
0.000014,0.999986,1
0.999256,0.000744,0
0.000061,0.999939,1
0.000363,0.999637,1
0.999930,0.000070,0
0.999795,0.000205,0
0.000025,0.999975,1
0.999971,0.000029,0
0.999943,0.000057,0
0.000007,0.999993,1
0.000331,0.999669,1
0.999295,0.000705,0
0.000006,0.999994,1
0.000000,1.000000,1
0.000001,0.999999,1
0.000013,0.999987,1
0.000346,0.999654,1
0.999938,0.000062,0
0.000059,0.999941,1
0.999167,0.000833,0
0.999912,0.000088,0
0.999957,0.000043,0
0.999985,0.000015,0
0.999970,0.000030,0
0.999833,0.000167,0
0.999578,0.000422,0
0.999898,0.000102,0
0.000006,0.999994,1
0.000562,0.999438,1
0.999734,0.000266,0
0.000168,0.999832,1
0.000149,0.999851,1
0.999960,0.000040,0
0.000151,0.999849,1
0.999929,0.000071,0
0.999976,0.000024,0
0.999968,0.000032,0
0.999923,0.000077,0
0.013549,0.986451,1
0.001015,0.998985,1
0.999977,0.000023,0
0.000611,0.999389,1
0.999826,0.000174,0
0.001770,0.998230,1
0.999679,0.000321,0
0.000069,0.999931,1
0.000257,0.999743,1
0.000025,0.999975,1
0.000000,1.000000,1
0.999988,0.000012,0
0.000448,0.999552,1
0.999878,0.000122,0
0.000372,0.999628,1
0.000064,0.999936,1
0.000006,0.999994,1
0.999952,0.000048,0
0.000245,0.999755,1
0.000028,0.999972,1
0.000007,0.999993,1
0.999994,0.000006,0
0.999982,0.000018,0
0.999965,0.000035,0
0.000001,0.999999,1
0.000016,0.999984,1
0.999713,0.000287,0
0.000006,0.999994,1
0.000031,0.999969,1
0.999851,0.000149,0
0.000109,0.999891,1
0.000031,0.999969,1
0.000263,0.999737,1
0.999323,0.000677,0
0.999806,0.000194,0
0.999937,0.000063,0
0.999912,0.000088,0
0.000025,0.999975,1
0.000031,0.999969,1
0.999980,0.000020,0
0.000003,0.999997,1
0.999562,0.000438,0
0.999995,0.000005,0
0.000012,0.999988,1
0.000332,0.999668,1
0.000004,0.999996,1
0.000264,0.999736,1
0.000006,0.999994,1
0.000001,0.999999,1
0.999991,0.000009,0
0.000006,0.999994,1
0.000004,0.999996,1
0.000006,0.999994,1
0.999975,0.000025,0
0.000001,0.999999,1
0.999692,0.000308,0
0.000039,0.999961,1
0.000035,0.999965,1
0.999980,0.000020,0
0.000015,0.999985,1
0.999965,0.000035,0
0.000055,0.999945,1
0.000068,0.999932,1
0.999475,0.000525,0
0.999927,0.000073,0
0.999977,0.000023,0
0.999951,0.000049,0
0.999992,0.000008,0
0.000301,0.999699,1
0.003787,0.996213,1
0.999950,0.000050,0
0.000001,0.999999,1
0.000040,0.999960,1
0.000005,0.999995,1
0.000085,0.999915,1
0.999948,0.000052,0
0.000007,0.999993,1
0.999980,0.000020,0
0.000082,0.999918,1
0.999432,0.000568,0
0.000044,0.999956,1
0.000523,0.999477,1
0.000010,0.999990,1
0.999992,0.000008,0
0.000016,0.999984,1
0.999757,0.000243,0
0.000003,0.999997,1
0.000000,1.000000,1
0.999965,0.000035,0
0.999808,0.000192,0
0.000028,0.999972,1
0.999882,0.000118,0
0.000024,0.999976,1
0.999993,0.000007,0
0.999988,0.000012,0
0.999914,0.000086,0
0.999989,0.000011,0
0.000001,0.999999,1
0.000119,0.999881,1
0.000002,0.999998,1
0.000058,0.999942,1
0.000010,0.999990,1
0.999708,0.000292,0
0.000018,0.999982,1
0.000126,0.999874,1
0.999953,0.000047,0
0.000616,0.999384,1
0.000065,0.999935,1
0.999128,0.000872,0
0.999999,0.000001,0
0.000067,0.999933,1
0.000105,0.999895,1
0.000166,0.999834,1
0.000027,0.999973,1
0.000033,0.999967,1
0.000020,0.999980,1
0.000048,0.999952,1
0.999968,0.000032,0
0.999770,0.000230,0
0.000004,0.999996,1
0.999333,0.000667,0
0.000058,0.999942,1
0.000189,0.999811,1
0.000007,0.999993,1
0.999986,0.000014,0
0.999998,0.000002,0
0.999944,0.000056,0
0.000009,0.999991,1
0.999989,0.000011,0
0.000018,0.999982,1
0.000026,0.999974,1
0.000005,0.999995,1
0.000001,0.999999,1
0.000059,0.999941,1
0.999927,0.000073,0
0.999896,0.000104,0
0.000003,0.999997,1
0.000001,0.999999,1
0.000032,0.999968,1
0.000013,0.999987,1
0.999041,0.000959,0
0.000010,0.999990,1
0.999923,0.000077,0
0.001083,0.998917,1
0.999894,0.000106,0
0.999861,0.000139,0
0.999972,0.000028,0
0.000150,0.999850,1
0.000045,0.999955,1
0.999882,0.000118,0
0.000003,0.999997,1
0.999948,0.000052,0
0.000003,0.999997,1
0.000367,0.999633,1
0.999986,0.000014,0
0.999982,0.000018,0
0.999884,0.000116,0
0.000547,0.999453,1
0.999994,0.000006,0
0.000018,0.999982,1
0.999833,0.000167,0
0.999989,0.000011,0
0.999952,0.000048,0
0.000036,0.999964,1
0.999948,0.000052,0
0.999996,0.000004,0
0.998972,0.001028,0
0.000101,0.999899,1
0.999924,0.000076,0
0.000007,0.999993,1
0.000001,0.999999,1
0.999332,0.000668,0
0.999981,0.000019,0
0.000073,0.999927,1
0.000145,0.999855,1
0.000129,0.999871,1
0.999982,0.000018,0
0.000003,0.999997,1
0.000142,0.999858,1
0.999890,0.000110,0
0.000068,0.999932,1
0.999953,0.000047,0
0.999970,0.000030,0
0.999995,0.000005,0
0.999989,0.000011,0
0.999971,0.000029,0
0.999957,0.000043,0
0.000167,0.999833,1
0.999865,0.000135,0
0.999940,0.000060,0
0.000093,0.999907,1
0.999907,0.000093,0
0.999969,0.000031,0
0.000197,0.999803,1
0.000452,0.999548,1
0.000002,0.999998,1
0.000000,1.000000,1
0.000497,0.999503,1
0.999968,0.000032,0
0.000035,0.999965,1
0.999254,0.000746,0
0.000029,0.999971,1
0.000047,0.999953,1
0.999847,0.000153,0
0.999960,0.000040,0
0.999986,0.000014,0
0.999901,0.000099,0
0.999577,0.000423,0
0.999978,0.000022,0
0.000003,0.999997,1
0.999955,0.000045,0
0.000604,0.999396,1
0.000024,0.999976,1
0.999884,0.000116,0
0.999991,0.000009,0
0.000059,0.999941,1
0.999847,0.000153,0
0.000002,0.999998,1
0.000114,0.999886,1
0.000048,0.999952,1
0.999847,0.000153,0
0.999946,0.000054,0
0.000055,0.999945,1
0.999868,0.000132,0
0.999983,0.000017,0
0.000061,0.999939,1
0.001565,0.998435,1
0.000281,0.999719,1
0.999960,0.000040,0
0.000422,0.999578,1
0.000277,0.999723,1
0.000014,0.999986,1
0.999983,0.000017,0
0.000001,0.999999,1
0.000311,0.999689,1
0.999837,0.000163,0
0.000010,0.999990,1
0.000000,1.000000,1
0.999970,0.000030,0
0.000009,0.999991,1
0.000034,0.999966,1
0.000070,0.999930,1
0.000043,0.999957,1
0.000011,0.999989,1
0.999942,0.000058,0
0.000014,0.999986,1
0.000144,0.999856,1
0.999906,0.000094,0
0.999924,0.000076,0
0.000054,0.999946,1
0.000001,0.999999,1
0.000033,0.999967,1
0.000025,0.999975,1
0.999922,0.000078,0
0.999939,0.000061,0
0.000495,0.999505,1
0.000300,0.999700,1
0.999750,0.000250,0
0.000063,0.999937,1
0.000108,0.999892,1
0.999998,0.000002,0
0.000055,0.999945,1
0.999958,0.000042,0
0.999911,0.000089,0
0.000292,0.999708,1
0.000004,0.999996,1
0.000008,0.999992,1
0.000006,0.999994,1
0.999977,0.000023,0
0.000009,0.999991,1
0.999993,0.000007,0
0.998556,0.001444,0
0.999822,0.000178,0
0.000014,0.999986,1
0.000099,0.999901,1
0.999890,0.000110,0
0.999919,0.000081,0
0.000001,0.999999,1
0.000280,0.999720,1
0.999641,0.000359,0
0.000056,0.999944,1
0.999939,0.000061,0
0.999985,0.000015,0
0.000014,0.999986,1
0.001151,0.998849,1
0.000002,0.999998,1
0.999709,0.000291,0
0.000010,0.999990,1
0.999548,0.000452,0
0.999983,0.000017,0
0.999842,0.000158,0
0.000001,0.999999,1
0.003541,0.996459,1
0.000042,0.999958,1
0.000000,1.000000,1
0.000226,0.999774,1
0.000066,0.999934,1
0.999880,0.000120,0
0.999985,0.000015,0
0.000028,0.999972,1
0.999976,0.000024,0
0.000000,1.000000,1
0.000026,0.999974,1
0.000004,0.999996,1
0.000098,0.999902,1
0.000013,0.999987,1
0.999972,0.000028,0
0.000004,0.999996,1
0.000036,0.999964,1
0.000093,0.999907,1
0.000066,0.999934,1
0.000233,0.999767,1
0.000392,0.999608,1
0.000006,0.999994,1
0.000158,0.999842,1
0.000053,0.999947,1
0.000049,0.999951,1
0.999782,0.000218,0
0.000017,0.999983,1
0.000003,0.999997,1
0.999936,0.000064,0
0.999984,0.000016,0
0.999882,0.000118,0
0.999972,0.000028,0
0.000012,0.999988,1
0.999999,0.000001,0
0.000001,0.999999,1
0.999981,0.000019,0
0.999999,0.000001,0
0.999965,0.000035,0
0.999784,0.000216,0
0.999889,0.000111,0
0.000192,0.999808,1
0.000376,0.999624,1
0.000103,0.999897,1
0.000001,0.999999,1
0.000023,0.999977,1
0.000019,0.999981,1
0.999755,0.000245,0
0.000026,0.999974,1
0.999908,0.000092,0
0.999861,0.000139,0
0.999881,0.000119,0
0.000036,0.999964,1
0.999906,0.000094,0
0.999983,0.000017,0
0.000006,0.999994,1
0.995728,0.004272,0
0.999956,0.000044,0
0.999934,0.000066,0
0.000192,0.999808,1
0.999974,0.000026,0
0.000002,0.999998,1
0.000051,0.999949,1
0.999931,0.000069,0
0.999734,0.000266,0
0.000408,0.999592,1
0.000092,0.999908,1
0.999970,0.000030,0
0.999666,0.000334,0
0.999817,0.000183,0
0.000025,0.999975,1
0.999966,0.000034,0
0.000016,0.999984,1
0.000035,0.999965,1
0.000497,0.999503,1
0.999807,0.000193,0
0.000022,0.999978,1
0.995801,0.004199,0
0.000208,0.999792,1
0.997982,0.002018,0
0.999997,0.000003,0
0.999994,0.000006,0
0.022516,0.977484,1
0.000131,0.999869,1
0.000012,0.999988,1
0.000035,0.999965,1
0.999962,0.000038,0
0.000000,1.000000,1
0.000014,0.999986,1
0.999971,0.000029,0
0.999869,0.000131,0
0.000131,0.999869,1
0.999973,0.000027,0
0.000016,0.999984,1
0.999991,0.000009,0
0.000087,0.999913,1
0.000154,0.999846,1
0.998651,0.001349,0
0.999804,0.000196,0
0.000005,0.999995,1
0.999902,0.000098,0
0.000026,0.999974,1
0.000006,0.999994,1
0.999939,0.000061,0
0.000000,1.000000,1
0.000002,0.999998,1
0.998181,0.001819,0
0.000056,0.999944,1
0.999196,0.000804,0
0.999985,0.000015,0
0.999439,0.000561,0
0.000032,0.999968,1
0.000088,0.999912,1
0.000011,0.999989,1
0.999912,0.000088,0
0.000565,0.999435,1
0.000001,0.999999,1
0.000029,0.999971,1
0.000026,0.999974,1
0.999785,0.000215,0
0.999460,0.000540,0
0.000068,0.999932,1
0.999613,0.000387,0
0.999984,0.000016,0
0.000117,0.999883,1
0.000067,0.999933,1
0.000124,0.999876,1
0.000245,0.999755,1
0.000003,0.999997,1
0.000022,0.999978,1
0.000002,0.999998,1
0.000554,0.999446,1
0.999991,0.000009,0
0.999793,0.000207,0
0.000069,0.999931,1
0.000167,0.999833,1
0.000012,0.999988,1
0.000023,0.999977,1
0.000092,0.999908,1
0.000199,0.999801,1
0.999938,0.000062,0
0.000015,0.999985,1
0.000018,0.999982,1
0.000056,0.999944,1
0.999995,0.000005,0
0.000002,0.999998,1
0.999991,0.000009,0
0.000337,0.999663,1
0.000307,0.999693,1
0.999995,0.000005,0
0.999989,0.000011,0
0.000049,0.999951,1
0.005824,0.994176,1
0.999729,0.000271,0
0.000010,0.999990,1
0.999929,0.000071,0
0.999971,0.000029,0
0.999899,0.000101,0
0.000026,0.999974,1
0.000049,0.999951,1
0.000084,0.999916,1
0.000003,0.999997,1
0.999432,0.000568,0
0.999104,0.000896,0
0.000000,1.000000,1
0.999987,0.000013,0
0.000005,0.999995,1
0.000169,0.999831,1
0.999828,0.000172,0
0.000031,0.999969,1
0.999855,0.000145,0
0.000031,0.999969,1
0.999960,0.000040,0
0.000249,0.999751,1
0.000332,0.999668,1
0.000131,0.999869,1
0.000143,0.999857,1
0.000274,0.999726,1
0.998726,0.001274,0
0.000023,0.999977,1
0.000001,0.999999,1
0.001288,0.998712,1
0.000001,0.999999,1
0.999929,0.000071,0
0.000023,0.999977,1
0.000004,0.999996,1
0.000033,0.999967,1
0.000085,0.999915,1
0.000006,0.999994,1
0.000002,0.999998,1
0.998474,0.001526,0
0.000000,1.000000,1
0.000212,0.999788,1
0.000022,0.999978,1
0.999990,0.000010,0
0.000006,0.999994,1
0.000010,0.999990,1
0.000245,0.999755,1
0.000013,0.999987,1
0.000079,0.999921,1
0.000002,0.999998,1
0.999989,0.000011,0
0.999792,0.000208,0
0.999751,0.000249,0
0.000395,0.999605,1
0.999978,0.000022,0
0.000097,0.999903,1
0.999949,0.000051,0
0.999933,0.000067,0
0.000438,0.999562,1
0.000006,0.999994,1
0.999875,0.000125,0
0.000007,0.999993,1
0.000103,0.999897,1
0.999970,0.000030,0
0.999951,0.000049,0
0.000042,0.999958,1
0.999594,0.000406,0
0.999947,0.000053,0
0.000514,0.999486,1
0.000042,0.999958,1
0.000024,0.999976,1
0.999966,0.000034,0
0.000003,0.999997,1
0.000113,0.999887,1
0.999912,0.000088,0
0.000002,0.999998,1
0.000005,0.999995,1
0.000001,0.999999,1
0.000016,0.999984,1
0.000018,0.999982,1
0.999707,0.000293,0
0.999977,0.000023,0
0.000301,0.999699,1
0.999855,0.000145,0
0.999969,0.000031,0
0.999745,0.000255,0
0.999976,0.000024,0
0.999925,0.000075,0
0.000090,0.999910,1
0.999530,0.000470,0
0.999940,0.000060,0
0.999938,0.000062,0
0.000058,0.999942,1
0.000008,0.999992,1
0.999940,0.000060,0
0.999762,0.000238,0
0.999970,0.000030,0
0.999995,0.000005,0
0.000023,0.999977,1
0.000096,0.999904,1
0.000244,0.999756,1
0.000002,0.999998,1
0.000075,0.999925,1
0.000118,0.999882,1
0.999921,0.000079,0
0.999960,0.000040,0
0.000084,0.999916,1
0.999990,0.000010,0
0.000211,0.999789,1
0.999846,0.000154,0
0.000014,0.999986,1
0.999979,0.000021,0
0.000003,0.999997,1
0.000709,0.999291,1
0.999989,0.000011,0
0.000397,0.999603,1
0.000005,0.999995,1
0.999905,0.000095,0
0.999983,0.000017,0
0.999895,0.000105,0
0.000001,0.999999,1
0.999994,0.000006,0
0.000131,0.999869,1
0.000011,0.999989,1
0.000531,0.999469,1
0.000170,0.999830,1
0.000064,0.999936,1
0.000014,0.999986,1
0.000003,0.999997,1
0.000001,0.999999,1
0.000266,0.999734,1
0.000055,0.999945,1
0.000028,0.999972,1
0.999983,0.000017,0
0.999977,0.000023,0
0.000007,0.999993,1
0.000309,0.999691,1
0.999949,0.000051,0
0.999960,0.000040,0
0.000301,0.999699,1
0.000428,0.999572,1
0.000122,0.999878,1
0.000328,0.999672,1
0.000131,0.999869,1
0.999943,0.000057,0
0.000141,0.999859,1
0.999765,0.000235,0
0.999989,0.000011,0
0.000155,0.999845,1
0.999904,0.000096,0
0.999570,0.000430,0
0.000011,0.999989,1
0.999970,0.000030,0
0.999954,0.000046,0
0.999854,0.000146,0
0.999963,0.000037,0
0.000057,0.999943,1
0.000112,0.999888,1
0.000012,0.999988,1
0.000504,0.999496,1
0.000340,0.999660,1
0.000084,0.999916,1
0.999989,0.000011,0
0.000053,0.999947,1
0.000010,0.999990,1
0.000006,0.999994,1
0.999890,0.000110,0
0.000716,0.999284,1
0.000484,0.999516,1
0.999959,0.000041,0
0.999953,0.000047,0
0.999777,0.000223,0
0.000001,0.999999,1
0.000037,0.999963,1
0.999798,0.000202,0
0.000082,0.999918,1
0.000001,0.999999,1
0.000220,0.999780,1
0.999795,0.000205,0
0.999829,0.000171,0
0.999990,0.000010,0
0.999756,0.000244,0
0.000013,0.999987,1
0.000053,0.999947,1
0.000000,1.000000,1
0.000004,0.999996,1
0.000365,0.999635,1
0.999977,0.000023,0
0.000149,0.999851,1
0.999904,0.000096,0
0.000091,0.999909,1
0.000097,0.999903,1
0.999890,0.000110,0
0.000530,0.999470,1
0.000005,0.999995,1
0.000005,0.999995,1
0.999884,0.000116,0
0.000051,0.999949,1
0.999974,0.000026,0
0.999954,0.000046,0
0.999756,0.000244,0
0.000024,0.999976,1
0.999953,0.000047,0
0.999911,0.000089,0
0.000012,0.999988,1
0.000041,0.999959,1
0.999972,0.000028,0
0.000103,0.999897,1
0.000148,0.999852,1
0.000012,0.999988,1
0.000058,0.999942,1
0.999948,0.000052,0
0.999992,0.000008,0
0.000001,0.999999,1
0.999832,0.000168,0
0.000089,0.999911,1
0.000005,0.999995,1
0.999948,0.000052,0
0.000894,0.999106,1
0.000129,0.999871,1
0.999998,0.000002,0
0.000011,0.999989,1
0.000001,0.999999,1
0.999982,0.000018,0
0.995837,0.004163,0
0.999981,0.000019,0
0.000117,0.999883,1
0.999905,0.000095,0
0.999994,0.000006,0
0.999912,0.000088,0
0.999967,0.000033,0
0.000009,0.999991,1
0.999847,0.000153,0
0.000020,0.999980,1
0.000001,0.999999,1
0.000093,0.999907,1
0.000300,0.999700,1
0.998560,0.001440,0
0.000001,0.999999,1
0.000029,0.999971,1
0.000001,0.999999,1
0.000364,0.999636,1
0.000067,0.999933,1
0.000019,0.999981,1
0.000000,1.000000,1
0.000028,0.999972,1
0.999887,0.000113,0
0.999862,0.000138,0
0.000010,0.999990,1
0.000169,0.999831,1
0.000005,0.999995,1
0.999905,0.000095,0
0.000177,0.999823,1
0.999688,0.000312,0
0.000308,0.999692,1
0.999973,0.000027,0
0.999786,0.000214,0
0.958962,0.041038,0
0.000032,0.999968,1
0.999998,0.000002,0
0.000003,0.999997,1
0.000001,0.999999,1
0.999990,0.000010,0
0.000004,0.999996,1
0.000199,0.999801,1
0.999924,0.000076,0
0.000083,0.999917,1
0.000102,0.999898,1
0.998914,0.001086,0
0.000057,0.999943,1
0.000178,0.999822,1
0.000046,0.999954,1
0.999992,0.000008,0
0.000038,0.999962,1
0.000434,0.999566,1
0.000103,0.999897,1
0.999985,0.000015,0
0.000063,0.999937,1
0.999985,0.000015,0
0.000000,1.000000,1
0.000001,0.999999,1
0.000748,0.999252,1
0.000001,0.999999,1
0.994559,0.005441,0
0.000501,0.999499,1
0.000141,0.999859,1
0.000116,0.999884,1
0.999991,0.000009,0
0.000001,0.999999,1
0.999933,0.000067,0
0.000024,0.999976,1
0.999968,0.000032,0
0.999565,0.000435,0
0.000037,0.999963,1
0.000050,0.999950,1
0.000061,0.999939,1
0.999910,0.000090,0
0.000000,1.000000,1
0.000012,0.999988,1
0.999974,0.000026,0
0.999716,0.000284,0
0.999996,0.000004,0
0.000098,0.999902,1
0.000196,0.999804,1
0.000059,0.999941,1
0.000018,0.999982,1
0.999938,0.000062,0
0.000192,0.999808,1
0.999852,0.000148,0
0.999932,0.000068,0
0.000012,0.999988,1
0.000000,1.000000,1
0.999639,0.000361,0
0.678212,0.321788,0
0.000073,0.999927,1
0.999973,0.000027,0
0.000009,0.999991,1
0.000016,0.999984,1
0.999998,0.000002,0
0.999924,0.000076,0
0.999836,0.000164,0
0.000001,0.999999,1
0.001972,0.998028,1
0.000003,0.999997,1
0.000003,0.999997,1
0.999003,0.000997,0
0.000004,0.999996,1
0.999996,0.000004,0
0.999615,0.000385,0
0.000109,0.999891,1
0.999968,0.000032,0
0.000182,0.999818,1
0.000026,0.999974,1
0.000058,0.999942,1
0.999999,0.000001,0
0.000001,0.999999,1
0.000011,0.999989,1
0.999664,0.000336,0
0.000007,0.999993,1
0.000007,0.999993,1
0.999948,0.000052,0
0.999994,0.000006,0
0.000084,0.999916,1
0.000006,0.999994,1
0.000001,0.999999,1
0.999883,0.000117,0
0.999918,0.000082,0
0.000037,0.999963,1
0.999951,0.000049,0
0.999976,0.000024,0
0.000033,0.999967,1
0.999953,0.000047,0
0.999895,0.000105,0
0.000157,0.999843,1
0.000118,0.999882,1
0.000017,0.999983,1
0.999882,0.000118,0
0.000003,0.999997,1
0.999610,0.000390,0
0.000214,0.999786,1
0.000002,0.999998,1
0.000004,0.999996,1
0.000000,1.000000,1
0.000123,0.999877,1
0.000007,0.999993,1
0.000065,0.999935,1
0.999951,0.000049,0
0.999845,0.000155,0
0.999988,0.000012,0
0.000002,0.999998,1
0.999989,0.000011,0
0.999935,0.000065,0
0.000016,0.999984,1
0.999786,0.000214,0
0.999910,0.000090,0
0.000410,0.999590,1
0.000014,0.999986,1
0.000032,0.999968,1
0.000007,0.999993,1
0.001031,0.998969,1
0.999868,0.000132,0
0.999698,0.000302,0
0.000004,0.999996,1
0.999736,0.000264,0
0.000076,0.999924,1
0.999979,0.000021,0
0.000003,0.999997,1
0.999946,0.000054,0
0.999746,0.000254,0
0.999879,0.000121,0
0.000000,1.000000,1
0.999987,0.000013,0
0.001850,0.998150,1
0.000006,0.999994,1
0.000125,0.999875,1
0.999979,0.000021,0
0.999776,0.000224,0
0.999900,0.000100,0
0.000014,0.999986,1
0.000129,0.999871,1
0.000108,0.999892,1
0.000122,0.999878,1
0.000017,0.999983,1
0.999553,0.000447,0
0.999676,0.000324,0
0.999635,0.000365,0
0.000066,0.999934,1
0.000125,0.999875,1
0.999983,0.000017,0
0.000102,0.999898,1
0.000007,0.999993,1
0.000016,0.999984,1
0.000082,0.999918,1
0.999732,0.000268,0
0.000385,0.999615,1
0.000004,0.999996,1
0.999416,0.000584,0
0.999623,0.000377,0
0.999966,0.000034,0
0.999807,0.000193,0
0.000274,0.999726,1
0.000001,0.999999,1
0.999875,0.000125,0
0.999413,0.000587,0
0.999926,0.000074,0
0.000000,1.000000,1
0.999986,0.000014,0
0.000103,0.999897,1
0.000066,0.999934,1
0.999651,0.000349,0
0.999968,0.000032,0
0.999935,0.000065,0
0.999957,0.000043,0
0.000438,0.999562,1
0.999948,0.000052,0
0.000000,1.000000,1
0.999948,0.000052,0
0.999951,0.000049,0
0.000132,0.999868,1
0.000004,0.999996,1
0.000842,0.999158,1
0.999985,0.000015,0
0.000005,0.999995,1
0.999943,0.000057,0
0.000039,0.999961,1
0.999585,0.000415,0
0.000138,0.999862,1
0.000004,0.999996,1
0.999952,0.000048,0
0.000003,0.999997,1
0.000031,0.999969,1
0.000009,0.999991,1
0.999906,0.000094,0
0.000004,0.999996,1
0.000062,0.999938,1
0.000001,0.999999,1
0.999626,0.000374,0
0.000075,0.999925,1
0.000181,0.999819,1
0.000044,0.999956,1
0.999773,0.000227,0
0.999977,0.000023,0
0.999888,0.000112,0
0.999536,0.000464,0
0.000012,0.999988,1
0.000000,1.000000,1
0.000009,0.999991,1
0.999986,0.000014,0
0.999990,0.000010,0
0.999716,0.000284,0
0.000116,0.999884,1
0.999802,0.000198,0
0.000008,0.999992,1
0.000012,0.999988,1
0.000304,0.999696,1
0.000071,0.999929,1
0.000029,0.999971,1
0.999785,0.000215,0
0.999492,0.000508,0
0.000001,0.999999,1
0.000229,0.999771,1
0.999990,0.000010,0
0.000120,0.999880,1
0.001865,0.998135,1
0.999929,0.000071,0
0.999742,0.000258,0
0.001650,0.998350,1
0.999845,0.000155,0
0.000331,0.999669,1
0.999986,0.000014,0
0.000020,0.999980,1
0.999983,0.000017,0
0.999918,0.000082,0
0.999869,0.000131,0
0.000091,0.999909,1
0.000005,0.999995,1
0.999967,0.000033,0
0.000005,0.999995,1
0.000207,0.999793,1
0.999972,0.000028,0
0.999913,0.000087,0
0.000000,1.000000,1
0.000059,0.999941,1
0.000276,0.999724,1
0.000104,0.999896,1
0.999789,0.000211,0
0.000024,0.999976,1
0.999961,0.000039,0
0.000100,0.999900,1
0.999992,0.000008,0
0.999965,0.000035,0
0.000047,0.999953,1
0.999915,0.000085,0
0.000001,0.999999,1
0.000000,1.000000,1
0.000004,0.999996,1
0.000000,1.000000,1
0.999992,0.000008,0
0.000009,0.999991,1
0.999966,0.000034,0
0.000238,0.999762,1
0.000055,0.999945,1
0.999888,0.000112,0
0.000150,0.999850,1
0.999974,0.000026,0
0.000002,0.999998,1
0.999773,0.000227,0
0.000006,0.999994,1
0.000000,1.000000,1
0.999937,0.000063,0
0.999883,0.000117,0
0.000150,0.999850,1
0.999550,0.000450,0
0.999909,0.000091,0
0.000091,0.999909,1
0.000427,0.999573,1
0.000533,0.999467,1
0.000024,0.999976,1
0.000008,0.999992,1
0.999999,0.000001,0
0.000018,0.999982,1
0.999490,0.000510,0
0.000428,0.999572,1
0.000005,0.999995,1
0.000077,0.999923,1
0.000000,1.000000,1
0.999969,0.000031,0
0.998952,0.001048,0
0.999890,0.000110,0
0.000201,0.999799,1
0.000009,0.999991,1
0.999979,0.000021,0
0.999990,0.000010,0
0.000103,0.999897,1
0.999842,0.000158,0
0.000020,0.999980,1
0.000119,0.999881,1
0.000002,0.999998,1
0.999982,0.000018,0
0.999532,0.000468,0
0.999803,0.000197,0
0.000234,0.999766,1
0.000123,0.999877,1
0.000014,0.999986,1
0.001950,0.998050,1
0.999976,0.000024,0
0.000017,0.999983,1
0.000009,0.999991,1
0.000808,0.999192,1
0.000501,0.999499,1
0.000031,0.999969,1
0.000032,0.999968,1
0.000164,0.999836,1
0.000459,0.999541,1
0.000017,0.999983,1
0.999914,0.000086,0
0.999990,0.000010,0
0.000014,0.999986,1
0.999849,0.000151,0
0.999900,0.000100,0
0.999996,0.000004,0
0.999964,0.000036,0
0.000617,0.999383,1
0.000142,0.999858,1
0.999886,0.000114,0
0.000023,0.999977,1
0.000005,0.999995,1
0.000014,0.999986,1
0.999861,0.000139,0
0.999874,0.000126,0
0.000017,0.999983,1
0.999995,0.000005,0
0.000163,0.999837,1
0.000009,0.999991,1
0.000167,0.999833,1
0.999740,0.000260,0
0.999926,0.000074,0
0.999834,0.000166,0
0.999986,0.000014,0
0.999582,0.000418,0
0.999839,0.000161,0
0.000009,0.999991,1
0.000030,0.999970,1
0.999922,0.000078,0
0.999914,0.000086,0
0.004776,0.995224,1
0.001095,0.998905,1
0.999982,0.000018,0
0.000258,0.999742,1
0.000050,0.999950,1
0.999947,0.000053,0
0.000007,0.999993,1
0.999987,0.000013,0
0.999879,0.000121,0
0.000000,1.000000,1
0.999997,0.000003,0
0.000004,0.999996,1
0.999907,0.000093,0
0.999953,0.000047,0
0.999917,0.000083,0
0.999999,0.000001,0
0.999929,0.000071,0
0.999920,0.000080,0
0.000345,0.999655,1
0.000036,0.999964,1
0.999951,0.000049,0
0.999905,0.000095,0
0.000074,0.999926,1
0.000188,0.999812,1
0.999739,0.000261,0
0.999648,0.000352,0
0.999861,0.000139,0
0.000025,0.999975,1
0.999754,0.000246,0
0.000232,0.999768,1
0.999982,0.000018,0
0.999994,0.000006,0
0.000633,0.999367,1
0.999992,0.000008,0
0.999981,0.000019,0
0.000080,0.999920,1
0.000121,0.999879,1
0.999958,0.000042,0
0.000101,0.999899,1
0.000044,0.999956,1
0.000003,0.999997,1
0.000074,0.999926,1
0.000067,0.999933,1
0.999849,0.000151,0
0.999998,0.000002,0
0.000050,0.999950,1
0.999990,0.000010,0
0.999930,0.000070,0
0.999962,0.000038,0
0.999915,0.000085,0
0.000056,0.999944,1
0.000180,0.999820,1
0.999988,0.000012,0
0.999877,0.000123,0
0.000077,0.999923,1
0.999983,0.000017,0
0.000005,0.999995,1
0.000018,0.999982,1
0.000274,0.999726,1
0.000053,0.999947,1
0.000040,0.999960,1
0.999815,0.000185,0
0.000008,0.999992,1
0.999827,0.000173,0
0.000075,0.999925,1
0.000001,0.999999,1
0.000111,0.999889,1
0.000002,0.999998,1
0.000325,0.999675,1
0.000001,0.999999,1
0.000031,0.999969,1
0.000002,0.999998,1
0.999049,0.000951,0
0.000017,0.999983,1
0.000077,0.999923,1
0.999588,0.000412,0
0.000073,0.999927,1
0.000000,1.000000,1
0.000008,0.999992,1
0.999999,0.000001,0
0.999509,0.000491,0
0.999908,0.000092,0
0.000087,0.999913,1
0.000004,0.999996,1
0.000024,0.999976,1
0.000086,0.999914,1
0.000173,0.999827,1
0.000431,0.999569,1
0.999440,0.000560,0
0.999984,0.000016,0
0.000018,0.999982,1
0.999978,0.000022,0
0.999838,0.000162,0
0.000048,0.999952,1
0.000209,0.999791,1
0.000007,0.999993,1
0.999997,0.000003,0
0.999897,0.000103,0
0.000067,0.999933,1
0.999775,0.000225,0
0.000009,0.999991,1
0.000062,0.999938,1
0.000045,0.999955,1
0.000253,0.999747,1
0.000127,0.999873,1
0.000389,0.999611,1
0.000250,0.999750,1
0.999555,0.000445,0
0.999881,0.000119,0
0.000860,0.999140,1
0.000000,1.000000,1
0.999991,0.000009,0
0.000010,0.999990,1
0.999973,0.000027,0
0.000021,0.999979,1
0.999766,0.000234,0
0.000001,0.999999,1
0.000003,0.999997,1
0.999852,0.000148,0
0.000008,0.999992,1
0.999983,0.000017,0
0.000021,0.999979,1
0.000065,0.999935,1
0.000037,0.999963,1
0.999927,0.000073,0
0.000005,0.999995,1
0.013636,0.986364,1
0.000057,0.999943,1
0.000002,0.999998,1
0.999952,0.000048,0
0.999926,0.000074,0
0.999814,0.000186,0
0.000083,0.999917,1
0.999945,0.000055,0
0.000014,0.999986,1
0.000003,0.999997,1
0.000027,0.999973,1
0.000043,0.999957,1
0.000000,1.000000,1
0.999618,0.000382,0
0.000125,0.999875,1
0.999978,0.000022,0
0.000172,0.999828,1
0.000319,0.999681,1
0.000004,0.999996,1
0.000222,0.999778,1
0.999764,0.000236,0
0.999997,0.000003,0
0.000044,0.999956,1
0.000049,0.999951,1
0.000030,0.999970,1
0.999975,0.000025,0
0.999588,0.000412,0
0.999987,0.000013,0
0.000206,0.999794,1
0.000178,0.999822,1
0.000010,0.999990,1
0.999951,0.000049,0
0.000040,0.999960,1
0.999988,0.000012,0
0.000086,0.999914,1
0.000061,0.999939,1
0.000000,1.000000,1
0.000472,0.999528,1
0.999955,0.000045,0
0.000093,0.999907,1
0.000102,0.999898,1
0.999550,0.000450,0
0.000055,0.999945,1
0.999934,0.000066,0
0.999969,0.000031,0
0.000006,0.999994,1
0.999908,0.000092,0
0.000984,0.999016,1
0.994514,0.005486,0
0.969740,0.030260,0
0.000240,0.999760,1
0.999961,0.000039,0
0.000015,0.999985,1
0.000223,0.999777,1
0.000004,0.999996,1
0.999884,0.000116,0
0.999933,0.000067,0
0.000002,0.999998,1
0.000005,0.999995,1
0.999959,0.000041,0
0.999900,0.000100,0
0.000031,0.999969,1
0.999997,0.000003,0
0.999710,0.000290,0
0.000020,0.999980,1
0.000015,0.999985,1
0.000006,0.999994,1
0.000106,0.999894,1
0.999984,0.000016,0
0.000014,0.999986,1
0.000023,0.999977,1
0.999953,0.000047,0
0.000119,0.999881,1
0.000046,0.999954,1
0.000027,0.999973,1
0.001651,0.998349,1
0.000395,0.999605,1
0.999899,0.000101,0
0.999864,0.000136,0
0.000003,0.999997,1
0.999824,0.000176,0
0.000218,0.999782,1
0.999995,0.000005,0
0.000012,0.999988,1
0.000008,0.999992,1
0.000020,0.999980,1
0.001697,0.998303,1
0.999836,0.000164,0
0.000016,0.999984,1
0.000203,0.999797,1
0.000001,0.999999,1
0.000179,0.999821,1
0.000009,0.999991,1
0.999865,0.000135,0
0.001502,0.998498,1
0.999950,0.000050,0
0.000005,0.999995,1
0.998703,0.001297,0
0.000534,0.999466,1
0.000045,0.999955,1
0.000107,0.999893,1
0.000024,0.999976,1
0.999691,0.000309,0
0.996331,0.003669,0
0.999755,0.000245,0
0.000028,0.999972,1
0.999973,0.000027,0
0.999797,0.000203,0
0.999892,0.000108,0
0.000006,0.999994,1
0.000641,0.999359,1
0.000278,0.999722,1
0.999936,0.000064,0
0.000001,0.999999,1
0.999709,0.000291,0
0.000087,0.999913,1
0.000003,0.999997,1
0.999797,0.000203,0
0.999958,0.000042,0
0.000006,0.999994,1
0.999999,0.000001,0
0.999913,0.000087,0
0.999055,0.000945,0
0.000001,0.999999,1
0.000004,0.999996,1
0.000010,0.999990,1
0.000128,0.999872,1
0.000009,0.999991,1
0.999990,0.000010,0
0.999976,0.000024,0
0.999922,0.000078,0
0.999715,0.000285,0
0.000054,0.999946,1
0.999939,0.000061,0
0.000002,0.999998,1
0.000001,0.999999,1
0.000383,0.999617,1
0.000285,0.999715,1
0.000009,0.999991,1
0.000196,0.999804,1
0.999566,0.000434,0
0.999228,0.000772,0
0.000013,0.999987,1
0.999921,0.000079,0
0.999975,0.000025,0
0.000057,0.999943,1
0.000228,0.999772,1
0.000242,0.999758,1
0.000019,0.999981,1
0.999989,0.000011,0
0.000073,0.999927,1
0.999998,0.000002,0
0.000069,0.999931,1
0.999987,0.000013,0
0.999871,0.000129,0
0.000000,1.000000,1
0.999970,0.000030,0
0.001088,0.998912,1
0.000371,0.999629,1
0.000097,0.999903,1
0.000003,0.999997,1
0.000062,0.999938,1
0.000022,0.999978,1
0.000007,0.999993,1
0.999975,0.000025,0
0.999978,0.000022,0
0.000010,0.999990,1
0.000127,0.999873,1
0.000011,0.999989,1
0.000078,0.999922,1
0.000131,0.999869,1
0.999990,0.000010,0
0.000088,0.999912,1
0.999870,0.000130,0
0.999958,0.000042,0
0.999986,0.000014,0
0.999973,0.000027,0
0.000142,0.999858,1
0.999985,0.000015,0
0.999714,0.000286,0
0.999948,0.000052,0
0.000068,0.999932,1
0.999729,0.000271,0
0.000187,0.999813,1
0.999876,0.000124,0
0.999994,0.000006,0
0.000639,0.999361,1
0.999991,0.000009,0
0.999560,0.000440,0
0.999960,0.000040,0
0.999805,0.000195,0
0.000033,0.999967,1
0.000003,0.999997,1
0.000041,0.999959,1
0.000031,0.999969,1
0.999956,0.000044,0
0.999951,0.000049,0
0.000013,0.999987,1
0.000016,0.999984,1
0.000055,0.999945,1
0.999933,0.000067,0
0.000007,0.999993,1
0.000009,0.999991,1
0.000052,0.999948,1
0.000178,0.999822,1
0.000019,0.999981,1
0.002073,0.997927,1
0.000000,1.000000,1
0.999932,0.000068,0
0.000084,0.999916,1
0.000351,0.999649,1
0.999780,0.000220,0
0.999965,0.000035,0
0.000792,0.999208,1
0.999879,0.000121,0
0.999740,0.000260,0
0.999988,0.000012,0
0.000078,0.999922,1
0.000051,0.999949,1
0.000641,0.999359,1
0.000018,0.999982,1
0.000033,0.999967,1
0.999864,0.000136,0
0.000051,0.999949,1
0.992417,0.007583,0
0.000078,0.999922,1
0.000001,0.999999,1
0.000072,0.999928,1
0.000022,0.999978,1
0.000025,0.999975,1
0.000020,0.999980,1
0.000020,0.999980,1
0.000117,0.999883,1
0.000052,0.999948,1
0.000006,0.999994,1
0.999628,0.000372,0
0.999958,0.000042,0
0.000001,0.999999,1
0.000002,0.999998,1
0.000003,0.999997,1
0.000009,0.999991,1
0.999936,0.000064,0
0.999960,0.000040,0
0.999523,0.000477,0
0.999798,0.000202,0
0.000144,0.999856,1
0.000001,0.999999,1
0.000832,0.999168,1
0.000002,0.999998,1
0.999502,0.000498,0
0.000233,0.999767,1
0.000011,0.999989,1
0.999800,0.000200,0
0.999295,0.000705,0
0.000008,0.999992,1
0.000006,0.999994,1
0.999729,0.000271,0
0.000021,0.999979,1
0.999980,0.000020,0
0.000032,0.999968,1
0.000102,0.999898,1
0.000162,0.999838,1
0.999889,0.000111,0
0.999931,0.000069,0
0.000009,0.999991,1
0.000639,0.999361,1
0.999847,0.000153,0
0.000003,0.999997,1
0.000064,0.999936,1
0.000457,0.999543,1
0.000001,0.999999,1
0.001253,0.998747,1
0.999796,0.000204,0
0.000572,0.999428,1
0.999869,0.000131,0
0.999998,0.000002,0
0.000061,0.999939,1
0.999762,0.000238,0
0.999868,0.000132,0
0.000037,0.999963,1
0.000012,0.999988,1
0.000009,0.999991,1
0.999960,0.000040,0
0.999947,0.000053,0
0.000361,0.999639,1
0.997800,0.002200,0
0.999209,0.000791,0
0.000013,0.999987,1
0.999926,0.000074,0
0.999924,0.000076,0
0.000927,0.999073,1
0.000070,0.999930,1
0.999943,0.000057,0
0.999960,0.000040,0
0.000563,0.999437,1
0.999925,0.000075,0
0.999971,0.000029,0
0.001285,0.998715,1
0.999995,0.000005,0
0.000312,0.999688,1
0.999946,0.000054,0
0.000108,0.999892,1
0.999877,0.000123,0
0.000072,0.999928,1
0.000129,0.999871,1
0.000001,0.999999,1
0.999995,0.000005,0
0.000130,0.999870,1
0.999961,0.000039,0
0.999754,0.000246,0
0.000017,0.999983,1
0.999988,0.000012,0
0.999973,0.000027,0
0.000043,0.999957,1
0.999663,0.000337,0
0.997911,0.002089,0
0.999987,0.000013,0
0.000036,0.999964,1
0.999938,0.000062,0
0.000000,1.000000,1
0.999907,0.000093,0
0.999994,0.000006,0
0.000011,0.999989,1
0.999993,0.000007,0
0.000003,0.999997,1
0.000008,0.999992,1
0.999931,0.000069,0
0.000034,0.999966,1
0.999876,0.000124,0
0.000004,0.999996,1
0.999910,0.000090,0
0.999924,0.000076,0
0.999958,0.000042,0
0.000032,0.999968,1
0.000016,0.999984,1
0.000065,0.999935,1
0.999952,0.000048,0
0.000044,0.999956,1
0.000057,0.999943,1
0.000158,0.999842,1
0.999954,0.000046,0
0.000059,0.999941,1
0.000041,0.999959,1
0.999834,0.000166,0
0.000567,0.999433,1
0.000429,0.999571,1
0.999994,0.000006,0
0.999989,0.000011,0
0.999888,0.000112,0
0.999838,0.000162,0
0.000016,0.999984,1
0.000097,0.999903,1
0.000050,0.999950,1
0.000048,0.999952,1
0.999970,0.000030,0
0.999972,0.000028,0
0.999949,0.000051,0
0.000001,0.999999,1
0.000002,0.999998,1
0.999969,0.000031,0
0.999821,0.000179,0
0.999981,0.000019,0
0.998373,0.001627,0
0.999873,0.000127,0
1.000000,0.000000,0
0.999836,0.000164,0
0.999864,0.000136,0
0.000005,0.999995,1
0.999970,0.000030,0
0.999991,0.000009,0
0.999625,0.000375,0
0.000025,0.999975,1
0.999993,0.000007,0
0.999953,0.000047,0
0.999991,0.000009,0
0.999895,0.000105,0
0.999997,0.000003,0
0.991665,0.008335,0
0.999981,0.000019,0
0.000035,0.999965,1
0.000079,0.999921,1
0.000243,0.999757,1
0.999983,0.000017,0
0.000205,0.999795,1
0.000001,0.999999,1
0.000135,0.999865,1
0.999995,0.000005,0
0.001806,0.998194,1
0.000022,0.999978,1
0.000070,0.999930,1
0.999827,0.000173,0
0.000223,0.999777,1
0.999889,0.000111,0
0.999937,0.000063,0
0.000009,0.999991,1
0.000002,0.999998,1
0.000078,0.999922,1
0.999995,0.000005,0
0.000000,1.000000,1
0.999916,0.000084,0
0.000569,0.999431,1
0.999790,0.000210,0
0.999923,0.000077,0
0.999981,0.000019,0
0.999891,0.000109,0
0.000001,0.999999,1
0.999996,0.000004,0
0.000143,0.999857,1
0.000051,0.999949,1
0.000017,0.999983,1
0.999981,0.000019,0
0.000348,0.999652,1
0.999870,0.000130,0
0.000031,0.999969,1
0.000001,0.999999,1
0.000830,0.999170,1
0.000313,0.999687,1
0.000744,0.999256,1
0.000005,0.999995,1
0.999925,0.000075,0
0.000081,0.999919,1
0.000011,0.999989,1
0.000003,0.999997,1
0.000019,0.999981,1
0.000175,0.999825,1
0.000032,0.999968,1
0.000001,0.999999,1
0.000006,0.999994,1
0.999987,0.000013,0
0.000670,0.999330,1
0.000051,0.999949,1
0.000038,0.999962,1
0.999899,0.000101,0
0.000560,0.999440,1
0.999999,0.000001,0
0.999958,0.000042,0
0.000089,0.999911,1
0.000005,0.999995,1
0.000112,0.999888,1
0.999003,0.000997,0
0.999976,0.000024,0
0.000014,0.999986,1
0.000038,0.999962,1
0.000097,0.999903,1
0.000002,0.999998,1
0.999879,0.000121,0
0.000088,0.999912,1
0.999999,0.000001,0
0.999977,0.000023,0
0.997142,0.002858,0
0.999985,0.000015,0
0.999956,0.000044,0
0.999963,0.000037,0
0.000092,0.999908,1
0.000035,0.999965,1
0.999898,0.000102,0
0.000029,0.999971,1
0.999995,0.000005,0
0.999972,0.000028,0
0.000012,0.999988,1
0.000005,0.999995,1
0.000099,0.999901,1
0.999890,0.000110,0
0.000033,0.999967,1
0.999993,0.000007,0
0.000046,0.999954,1
0.000016,0.999984,1
0.999991,0.000009,0
0.000003,0.999997,1
0.000098,0.999902,1
0.000001,0.999999,1
0.000005,0.999995,1
0.000345,0.999655,1
0.999532,0.000468,0
0.999894,0.000106,0
0.999994,0.000006,0
0.000327,0.999673,1
0.999903,0.000097,0
0.999836,0.000164,0
0.000300,0.999700,1
0.000001,0.999999,1
0.999963,0.000037,0
0.000004,0.999996,1
0.999940,0.000060,0
0.999778,0.000222,0
0.999754,0.000246,0
0.999988,0.000012,0
0.999952,0.000048,0
0.999985,0.000015,0
0.000020,0.999980,1
0.999599,0.000401,0
0.999983,0.000017,0
0.000063,0.999937,1
0.000018,0.999982,1
0.999529,0.000471,0
0.999926,0.000074,0
0.999918,0.000082,0
0.000007,0.999993,1
0.000022,0.999978,1
0.999999,0.000001,0
0.999892,0.000108,0
0.999856,0.000144,0
0.999818,0.000182,0
0.000011,0.999989,1
0.999978,0.000022,0
0.999920,0.000080,0
0.000085,0.999915,1
0.000086,0.999914,1
0.000231,0.999769,1
0.000029,0.999971,1
0.999955,0.000045,0
0.000000,1.000000,1
0.000011,0.999989,1
0.001934,0.998066,1
0.999950,0.000050,0
0.000002,0.999998,1
0.001672,0.998328,1
0.000060,0.999940,1
0.000028,0.999972,1
0.000006,0.999994,1
0.999993,0.000007,0
0.000024,0.999976,1
0.999995,0.000005,0
0.999937,0.000063,0
0.999963,0.000037,0
0.000015,0.999985,1
0.999905,0.000095,0
0.999967,0.000033,0
0.000692,0.999308,1
0.000021,0.999979,1
0.000168,0.999832,1
0.999993,0.000007,0
0.000036,0.999964,1
0.999963,0.000037,0
0.999735,0.000265,0
0.000006,0.999994,1
0.999942,0.000058,0
0.999925,0.000075,0
0.999976,0.000024,0
0.000002,0.999998,1
0.000011,0.999989,1
0.000009,0.999991,1
0.999957,0.000043,0
0.999952,0.000048,0
0.000001,0.999999,1
0.999784,0.000216,0
0.999979,0.000021,0
0.000028,0.999972,1
0.999960,0.000040,0
0.999937,0.000063,0
0.999989,0.000011,0
0.000003,0.999997,1
0.000249,0.999751,1
0.000277,0.999723,1
0.998963,0.001037,0
0.000139,0.999861,1
0.999951,0.000049,0
0.000000,1.000000,1
0.000177,0.999823,1
0.000019,0.999981,1
0.000095,0.999905,1
0.999990,0.000010,0
0.000074,0.999926,1
0.000007,0.999993,1
0.000026,0.999974,1
0.000130,0.999870,1
0.999914,0.000086,0
0.999948,0.000052,0
0.000068,0.999932,1
0.000005,0.999995,1
0.000218,0.999782,1
0.999988,0.000012,0
0.999819,0.000181,0
0.999977,0.000023,0
0.000004,0.999996,1
0.000313,0.999687,1
0.000023,0.999977,1
0.000318,0.999682,1
0.000037,0.999963,1
0.000101,0.999899,1
0.000079,0.999921,1
0.000067,0.999933,1
0.000002,0.999998,1
0.999936,0.000064,0
0.999992,0.000008,0
0.000275,0.999725,1
0.999951,0.000049,0
0.000117,0.999883,1
0.999956,0.000044,0
0.999892,0.000108,0
0.000345,0.999655,1
0.000003,0.999997,1
0.000005,0.999995,1
0.000049,0.999951,1
0.999904,0.000096,0
0.000029,0.999971,1
0.998477,0.001523,0
0.999986,0.000014,0
0.999980,0.000020,0
0.999933,0.000067,0
0.000350,0.999650,1
0.000133,0.999867,1
0.999774,0.000226,0
0.000002,0.999998,1
0.999968,0.000032,0
0.000025,0.999975,1
0.000003,0.999997,1
0.999892,0.000108,0
0.999974,0.000026,0
0.000411,0.999589,1
0.000024,0.999976,1
0.000069,0.999931,1
0.999982,0.000018,0
0.000212,0.999788,1
0.999964,0.000036,0
0.000001,0.999999,1
0.000006,0.999994,1
0.000077,0.999923,1
0.999346,0.000654,0
0.999891,0.000109,0
0.000178,0.999822,1
0.001659,0.998341,1
0.000017,0.999983,1
0.999806,0.000194,0
0.000025,0.999975,1
0.999967,0.000033,0
0.999985,0.000015,0
0.000007,0.999993,1
0.999839,0.000161,0
0.000018,0.999982,1
0.000439,0.999561,1
0.999757,0.000243,0
0.998483,0.001517,0
0.999751,0.000249,0
0.999691,0.000309,0
0.999986,0.000014,0
0.000154,0.999846,1
0.000014,0.999986,1
0.000000,1.000000,1
0.999958,0.000042,0
0.000349,0.999651,1
0.999986,0.000014,0
0.999948,0.000052,0
0.000037,0.999963,1
0.000002,0.999998,1
0.999968,0.000032,0
0.000002,0.999998,1
0.999834,0.000166,0
0.999872,0.000128,0
0.000081,0.999919,1
0.999895,0.000105,0
0.999807,0.000193,0
0.000240,0.999760,1
0.000131,0.999869,1
0.000039,0.999961,1
0.999955,0.000045,0
0.000218,0.999782,1
0.000041,0.999959,1
0.000000,1.000000,1
0.999821,0.000179,0
0.000130,0.999870,1
0.999842,0.000158,0
0.999970,0.000030,0
0.000443,0.999557,1
0.000001,0.999999,1
0.999950,0.000050,0
0.999969,0.000031,0
0.999987,0.000013,0
0.999964,0.000036,0
0.000002,0.999998,1
0.000044,0.999956,1
0.999789,0.000211,0
0.999835,0.000165,0
0.999488,0.000512,0
0.000151,0.999849,1
0.000001,0.999999,1
0.999550,0.000450,0
0.000000,1.000000,1
0.000013,0.999987,1
0.000003,0.999997,1
0.999911,0.000089,0
0.999420,0.000580,0
0.000000,1.000000,1
0.999984,0.000016,0
0.999961,0.000039,0
0.000011,0.999989,1
0.999885,0.000115,0
0.000168,0.999832,1
0.999939,0.000061,0
0.999797,0.000203,0
0.999995,0.000005,0
0.999743,0.000257,0
0.000000,1.000000,1
0.999923,0.000077,0
0.000008,0.999992,1
0.999948,0.000052,0
0.000128,0.999872,1
0.000046,0.999954,1
0.999898,0.000102,0
0.000037,0.999963,1
0.000132,0.999868,1
0.999995,0.000005,0
0.000349,0.999651,1
0.000068,0.999932,1
0.000170,0.999830,1
0.999990,0.000010,0
0.000321,0.999679,1
0.000010,0.999990,1
0.999899,0.000101,0
0.000642,0.999358,1
0.999991,0.000009,0
0.999799,0.000201,0
0.000002,0.999998,1
0.000093,0.999907,1
0.000011,0.999989,1
0.000016,0.999984,1
0.999999,0.000001,0
0.000201,0.999799,1
0.000027,0.999973,1
0.000064,0.999936,1
0.999751,0.000249,0
0.000011,0.999989,1
0.999941,0.000059,0
0.999895,0.000105,0
0.999774,0.000226,0
0.999934,0.000066,0
0.999970,0.000030,0
0.000005,0.999995,1
0.999977,0.000023,0
0.999938,0.000062,0
0.000017,0.999983,1
0.000153,0.999847,1
0.999987,0.000013,0
0.000005,0.999995,1
0.000047,0.999953,1
0.000164,0.999836,1
0.000902,0.999098,1
0.999924,0.000076,0
0.000032,0.999968,1
0.000064,0.999936,1
0.000346,0.999654,1
0.999795,0.000205,0
0.000001,0.999999,1
0.000512,0.999488,1
0.999945,0.000055,0
0.999530,0.000470,0
0.000106,0.999894,1
0.000060,0.999940,1
0.000146,0.999854,1
0.000053,0.999947,1
0.000070,0.999930,1
0.000054,0.999946,1
0.999989,0.000011,0
0.000128,0.999872,1
0.999727,0.000273,0
0.000522,0.999478,1
0.000041,0.999959,1
0.000088,0.999912,1
0.999991,0.000009,0
0.000101,0.999899,1
0.000002,0.999998,1
0.999644,0.000356,0
0.999814,0.000186,0
0.999738,0.000262,0
0.000021,0.999979,1
0.000404,0.999596,1
0.999879,0.000121,0
0.999949,0.000051,0
0.999830,0.000170,0
0.000089,0.999911,1
0.999849,0.000151,0
0.999832,0.000168,0
0.999936,0.000064,0
0.000002,0.999998,1
0.000148,0.999852,1
0.999265,0.000735,0
0.000011,0.999989,1
0.000000,1.000000,1
0.000497,0.999503,1
0.000027,0.999973,1
0.000014,0.999986,1
0.999979,0.000021,0
0.000002,0.999998,1
0.999883,0.000117,0
0.000012,0.999988,1
0.999963,0.000037,0
0.000033,0.999967,1
0.000052,0.999948,1
0.999795,0.000205,0
0.999976,0.000024,0
0.000026,0.999974,1
0.999989,0.000011,0
0.000038,0.999962,1
0.999891,0.000109,0
0.999870,0.000130,0
0.000010,0.999990,1
0.000000,1.000000,1
0.999636,0.000364,0
0.000325,0.999675,1
0.000397,0.999603,1
0.000028,0.999972,1
0.999746,0.000254,0
0.000050,0.999950,1
0.000099,0.999901,1
0.000009,0.999991,1
0.000025,0.999975,1
0.999996,0.000004,0
0.000611,0.999389,1
0.000297,0.999703,1
0.000009,0.999991,1
0.000071,0.999929,1
0.000141,0.999859,1
0.000019,0.999981,1
0.000000,1.000000,1
0.999891,0.000109,0
0.000053,0.999947,1
0.999979,0.000021,0
0.999842,0.000158,0
0.999967,0.000033,0
0.000039,0.999961,1
0.001050,0.998950,1
0.000663,0.999337,1
0.999871,0.000129,0
0.000019,0.999981,1
0.999978,0.000022,0
0.000001,0.999999,1
0.000040,0.999960,1
0.000002,0.999998,1
0.000029,0.999971,1
0.999884,0.000116,0
0.000014,0.999986,1
0.999979,0.000021,0
0.000240,0.999760,1
0.000054,0.999946,1
0.000017,0.999983,1
0.000475,0.999525,1
0.999948,0.000052,0
0.999724,0.000276,0
0.000000,1.000000,1
0.000056,0.999944,1
0.999568,0.000432,0
0.000042,0.999958,1
0.999876,0.000124,0
0.000100,0.999900,1
0.000008,0.999992,1
0.999970,0.000030,0
0.999209,0.000791,0
0.999465,0.000535,0
0.999114,0.000886,0
0.000607,0.999393,1
0.000037,0.999963,1
0.000128,0.999872,1
0.999888,0.000112,0
0.000000,1.000000,1
0.999879,0.000121,0
0.000214,0.999786,1
0.000082,0.999918,1
0.000021,0.999979,1
0.000000,1.000000,1
0.000119,0.999881,1
0.999993,0.000007,0
0.999995,0.000005,0
0.999869,0.000131,0
0.000255,0.999745,1
0.999913,0.000087,0
0.000003,0.999997,1
0.000002,0.999998,1
0.999840,0.000160,0
0.999955,0.000045,0
0.999900,0.000100,0
0.999971,0.000029,0
0.000006,0.999994,1
0.000018,0.999982,1
0.999998,0.000002,0
0.999938,0.000062,0
0.999961,0.000039,0
0.999686,0.000314,0
0.999981,0.000019,0
0.000013,0.999987,1
0.999897,0.000103,0
0.000013,0.999987,1
0.999987,0.000013,0
0.999961,0.000039,0
0.000598,0.999402,1
0.000010,0.999990,1
0.999976,0.000024,0
0.001954,0.998046,1
0.000127,0.999873,1
0.999854,0.000146,0
0.999971,0.000029,0
0.000006,0.999994,1
0.999932,0.000068,0
0.000007,0.999993,1
0.000163,0.999837,1
0.000025,0.999975,1
0.000128,0.999872,1
0.000020,0.999980,1
0.000107,0.999893,1
0.999886,0.000114,0
0.999741,0.000259,0
0.000007,0.999993,1
0.000005,0.999995,1
0.000529,0.999471,1
0.999990,0.000010,0
0.000009,0.999991,1
0.000113,0.999887,1
0.999959,0.000041,0
0.999819,0.000181,0
0.999671,0.000329,0
0.999931,0.000069,0
0.999834,0.000166,0
0.000030,0.999970,1
0.999980,0.000020,0
0.000001,0.999999,1
0.999975,0.000025,0
0.999992,0.000008,0
0.999894,0.000106,0
0.999945,0.000055,0
0.999909,0.000091,0
0.000006,0.999994,1
0.998043,0.001957,0
0.999951,0.000049,0
0.000000,1.000000,1
0.999971,0.000029,0
0.000110,0.999890,1
0.000097,0.999903,1
0.999161,0.000839,0
0.998267,0.001733,0
0.000146,0.999854,1
0.000148,0.999852,1
0.999797,0.000203,0
0.999961,0.000039,0
0.999905,0.000095,0
0.999969,0.000031,0
0.000008,0.999992,1
0.000153,0.999847,1
0.999655,0.000345,0
0.999973,0.000027,0
0.000004,0.999996,1
0.998793,0.001207,0
0.999988,0.000012,0
0.999991,0.000009,0
0.999967,0.000033,0
0.000002,0.999998,1
0.000124,0.999876,1
0.999989,0.000011,0
0.000644,0.999356,1
0.999822,0.000178,0
0.000016,0.999984,1
0.001861,0.998139,1
0.000082,0.999918,1
0.000171,0.999829,1
0.999956,0.000044,0
0.999892,0.000108,0
0.999762,0.000238,0
0.999034,0.000966,0
0.999890,0.000110,0
0.000003,0.999997,1
0.999967,0.000033,0
0.999941,0.000059,0
0.000035,0.999965,1
0.000000,1.000000,1
0.999170,0.000830,0
0.999981,0.000019,0
0.000037,0.999963,1
0.000026,0.999974,1
0.998852,0.001148,0
0.999948,0.000052,0
0.000041,0.999959,1
0.000028,0.999972,1
0.000029,0.999971,1
0.999949,0.000051,0
0.999982,0.000018,0
0.000020,0.999980,1
0.000055,0.999945,1
0.000075,0.999925,1
0.999988,0.000012,0
0.000016,0.999984,1
0.000063,0.999937,1
0.000064,0.999936,1
0.999973,0.000027,0
0.000000,1.000000,1
0.998818,0.001182,0
0.999947,0.000053,0
0.000161,0.999839,1
0.000007,0.999993,1
0.999993,0.000007,0
0.999792,0.000208,0
0.999908,0.000092,0
0.999786,0.000214,0
0.000000,1.000000,1
0.999921,0.000079,0
0.000469,0.999531,1
0.999627,0.000373,0
0.000042,0.999958,1
0.000002,0.999998,1
0.000051,0.999949,1
0.000196,0.999804,1
0.999937,0.000063,0
0.999997,0.000003,0
0.999942,0.000058,0
0.999923,0.000077,0
0.000000,1.000000,1
0.000004,0.999996,1
0.000001,0.999999,1
0.000021,0.999979,1
0.000006,0.999994,1
0.999990,0.000010,0
0.000010,0.999990,1
0.999607,0.000393,0
0.999846,0.000154,0
0.999992,0.000008,0
0.000090,0.999910,1
0.999927,0.000073,0
0.000015,0.999985,1
0.999986,0.000014,0
0.999556,0.000444,0
0.000080,0.999920,1
0.000062,0.999938,1
0.000387,0.999613,1
0.000029,0.999971,1
0.000024,0.999976,1
0.999968,0.000032,0
0.999949,0.000051,0
0.999963,0.000037,0
0.000058,0.999942,1
0.999865,0.000135,0
0.000272,0.999728,1
0.000057,0.999943,1
0.999776,0.000224,0
0.999979,0.000021,0
0.000090,0.999910,1
0.000003,0.999997,1
0.999954,0.000046,0
0.000008,0.999992,1
0.999913,0.000087,0
0.999925,0.000075,0
0.001099,0.998901,1
0.999974,0.000026,0
0.000025,0.999975,1
0.000027,0.999973,1
0.999988,0.000012,0
0.000006,0.999994,1
0.999882,0.000118,0
0.000248,0.999752,1
0.000322,0.999678,1
0.999898,0.000102,0
0.999993,0.000007,0
0.999908,0.000092,0
0.999977,0.000023,0
0.000115,0.999885,1
0.000024,0.999976,1
0.998984,0.001016,0
0.004133,0.995867,1
0.000443,0.999557,1
0.000008,0.999992,1
0.999373,0.000627,0
0.999336,0.000664,0
0.000032,0.999968,1
0.000229,0.999771,1
0.000178,0.999822,1
0.999827,0.000173,0
0.000012,0.999988,1
0.000029,0.999971,1
0.000095,0.999905,1
0.999990,0.000010,0
0.999898,0.000102,0
0.999865,0.000135,0
0.999988,0.000012,0
0.000613,0.999387,1
0.999347,0.000653,0
0.000555,0.999445,1
0.000005,0.999995,1
0.999949,0.000051,0
0.999964,0.000036,0
0.999852,0.000148,0
0.000024,0.999976,1
0.000002,0.999998,1
0.999987,0.000013,0
0.999909,0.000091,0
0.999974,0.000026,0
0.000057,0.999943,1
0.000212,0.999788,1
0.000003,0.999997,1
0.000003,0.999997,1
0.999795,0.000205,0
0.000019,0.999981,1
0.000041,0.999959,1
0.999941,0.000059,0
0.999534,0.000466,0
0.999968,0.000032,0
0.000005,0.999995,1
0.999936,0.000064,0
0.000088,0.999912,1
0.000203,0.999797,1
0.998414,0.001586,0
0.999986,0.000014,0
0.999883,0.000117,0
0.000186,0.999814,1
0.999917,0.000083,0
0.000000,1.000000,1
0.000000,1.000000,1
0.000012,0.999988,1
1.000000,0.000000,0
0.000000,1.000000,1
0.000021,0.999979,1
0.000721,0.999279,1
0.000050,0.999950,1
0.000023,0.999977,1
0.999940,0.000060,0
0.999982,0.000018,0
0.000351,0.999649,1
0.999851,0.000149,0
0.000033,0.999967,1
0.999990,0.000010,0
0.999751,0.000249,0
0.999988,0.000012,0
0.000000,1.000000,1
0.000023,0.999977,1
0.000170,0.999830,1
0.999921,0.000079,0
0.999999,0.000001,0
0.000038,0.999962,1
0.999975,0.000025,0
0.999995,0.000005,0
0.999941,0.000059,0
0.999842,0.000158,0
0.999903,0.000097,0
0.999538,0.000462,0
0.000061,0.999939,1
0.997465,0.002535,0
0.999696,0.000304,0
0.000004,0.999996,1
0.000026,0.999974,1
0.000437,0.999563,1
0.000046,0.999954,1
0.000002,0.999998,1
0.999939,0.000061,0
0.999819,0.000181,0
0.000003,0.999997,1
0.999810,0.000190,0
0.000044,0.999956,1
0.999704,0.000296,0
0.999313,0.000687,0
0.999937,0.000063,0
0.000523,0.999477,1
0.000014,0.999986,1
0.000191,0.999809,1
0.999897,0.000103,0
0.999977,0.000023,0
0.999966,0.000034,0
0.000422,0.999578,1
0.000015,0.999985,1
0.000035,0.999965,1
0.999854,0.000146,0
0.999986,0.000014,0
0.999729,0.000271,0
0.000054,0.999946,1
0.000148,0.999852,1
0.000005,0.999995,1
0.000002,0.999998,1
0.892313,0.107687,0
0.000010,0.999990,1
0.000004,0.999996,1
0.000018,0.999982,1
0.999991,0.000009,0
0.000252,0.999748,1
0.000024,0.999976,1
0.000004,0.999996,1
0.999979,0.000021,0
0.999897,0.000103,0
0.997398,0.002602,0
0.999816,0.000184,0
0.000355,0.999645,1
0.000129,0.999871,1
0.000000,1.000000,1
0.998917,0.001083,0
0.999533,0.000467,0
0.999472,0.000528,0
0.000005,0.999995,1
0.999791,0.000209,0
0.999801,0.000199,0
0.999951,0.000049,0
0.001802,0.998198,1
0.000024,0.999976,1
0.999857,0.000143,0
0.000206,0.999794,1
0.000140,0.999860,1
0.999676,0.000324,0
0.999783,0.000217,0
0.000055,0.999945,1
0.000031,0.999969,1
0.999947,0.000053,0
0.000400,0.999600,1
0.000047,0.999953,1
0.000018,0.999982,1
0.999947,0.000053,0
0.999967,0.000033,0
0.000430,0.999570,1
0.000276,0.999724,1
0.999989,0.000011,0
0.002095,0.997905,1
0.999947,0.000053,0
0.000192,0.999808,1
0.000039,0.999961,1
0.000056,0.999944,1
0.999941,0.000059,0
0.999898,0.000102,0
0.999937,0.000063,0
0.999982,0.000018,0
0.000035,0.999965,1
0.000012,0.999988,1
0.999965,0.000035,0
0.000000,1.000000,1
0.000072,0.999928,1
0.999932,0.000068,0
0.000261,0.999739,1
0.000046,0.999954,1
0.000125,0.999875,1
0.999910,0.000090,0
0.999944,0.000056,0
0.000234,0.999766,1
0.999144,0.000856,0
0.999994,0.000006,0
0.999739,0.000261,0
0.999987,0.000013,0
0.999521,0.000479,0
0.999921,0.000079,0
0.000016,0.999984,1
0.000088,0.999912,1
0.000107,0.999893,1
0.999988,0.000012,0
0.999970,0.000030,0
0.012313,0.987687,1
0.999750,0.000250,0
0.000131,0.999869,1
0.000016,0.999984,1
0.999946,0.000054,0
0.000003,0.999997,1
0.999985,0.000015,0
0.999971,0.000029,0
0.000065,0.999935,1
0.000038,0.999962,1
0.999846,0.000154,0
0.000029,0.999971,1
0.000025,0.999975,1
0.000011,0.999989,1
0.999983,0.000017,0
0.000226,0.999774,1
0.999981,0.000019,0
0.999959,0.000041,0
0.000002,0.999998,1
0.999874,0.000126,0
0.999932,0.000068,0
0.999993,0.000007,0
0.998575,0.001425,0
0.000004,0.999996,1
0.999903,0.000097,0
0.000158,0.999842,1
0.999976,0.000024,0
0.000017,0.999983,1
0.999998,0.000002,0
0.000001,0.999999,1
0.000031,0.999969,1
0.999816,0.000184,0
0.999666,0.000334,0
0.000020,0.999980,1
0.000185,0.999815,1
0.999989,0.000011,0
0.999999,0.000001,0
0.000051,0.999949,1
0.999999,0.000001,0
0.999821,0.000179,0
0.000166,0.999834,1
0.000035,0.999965,1
0.000013,0.999987,1
0.999998,0.000002,0
0.000006,0.999994,1
0.000008,0.999992,1
0.999994,0.000006,0
0.000171,0.999829,1
0.000075,0.999925,1
0.000103,0.999897,1
0.000062,0.999938,1
0.000007,0.999993,1
0.999587,0.000413,0
0.999932,0.000068,0
0.999279,0.000721,0
0.000024,0.999976,1
0.999870,0.000130,0
0.000003,0.999997,1
0.999869,0.000131,0
0.000211,0.999789,1
0.000177,0.999823,1
0.999983,0.000017,0
0.999948,0.000052,0
0.000000,1.000000,1
0.999960,0.000040,0
0.999980,0.000020,0
0.000002,0.999998,1
0.000001,0.999999,1
0.000019,0.999981,1
0.999878,0.000122,0
0.999541,0.000459,0
0.000074,0.999926,1
0.999865,0.000135,0
0.999552,0.000448,0
0.999986,0.000014,0
0.999972,0.000028,0
0.999829,0.000171,0
0.999808,0.000192,0
0.000001,0.999999,1
0.999853,0.000147,0
0.999623,0.000377,0
0.000102,0.999898,1
0.999892,0.000108,0
0.999987,0.000013,0
0.000144,0.999856,1
0.000253,0.999747,1
0.999956,0.000044,0
0.000052,0.999948,1
0.000035,0.999965,1
0.000083,0.999917,1
0.999995,0.000005,0
0.999989,0.000011,0
0.001060,0.998940,1
0.999713,0.000287,0
0.000021,0.999979,1
0.999950,0.000050,0
0.000043,0.999957,1
0.999923,0.000077,0
0.999974,0.000026,0
0.999955,0.000045,0
0.000012,0.999988,1
0.000031,0.999969,1
0.000283,0.999717,1
0.999977,0.000023,0
0.999784,0.000216,0
0.000021,0.999979,1
0.000000,1.000000,1
0.000039,0.999961,1
0.000001,0.999999,1
0.000000,1.000000,1
0.999997,0.000003,0
0.000015,0.999985,1
0.000137,0.999863,1
0.999978,0.000022,0
0.999954,0.000046,0
0.999848,0.000152,0
0.000847,0.999153,1
0.000391,0.999609,1
0.999721,0.000279,0
0.000204,0.999796,1
0.999864,0.000136,0
0.999214,0.000786,0
0.000006,0.999994,1
0.999926,0.000074,0
0.000167,0.999833,1
0.999432,0.000568,0
0.000043,0.999957,1
0.000000,1.000000,1
0.999797,0.000203,0
0.000014,0.999986,1
0.000045,0.999955,1
0.999918,0.000082,0
0.999819,0.000181,0
0.000010,0.999990,1
0.999446,0.000554,0
0.000078,0.999922,1
0.999985,0.000015,0
0.000005,0.999995,1
0.000012,0.999988,1
0.000023,0.999977,1
0.999493,0.000507,0
0.000237,0.999763,1
0.999555,0.000445,0
0.999870,0.000130,0
0.999941,0.000059,0
0.999930,0.000070,0
0.000001,0.999999,1
0.000018,0.999982,1
0.999842,0.000158,0
0.999986,0.000014,0
0.999968,0.000032,0
0.000032,0.999968,1
0.001523,0.998477,1
0.000029,0.999971,1
0.000253,0.999747,1
0.000003,0.999997,1
0.000030,0.999970,1
0.999918,0.000082,0
0.000188,0.999812,1
0.998931,0.001069,0
0.000056,0.999944,1
0.000010,0.999990,1
0.000002,0.999998,1
0.000048,0.999952,1
0.999925,0.000075,0
0.000007,0.999993,1
0.000781,0.999219,1
0.999898,0.000102,0
0.999860,0.000140,0
0.000157,0.999843,1
0.000559,0.999441,1
0.000212,0.999788,1
0.000068,0.999932,1
0.999987,0.000013,0
0.999880,0.000120,0
0.000118,0.999882,1
0.999952,0.000048,0
0.999969,0.000031,0
0.999774,0.000226,0
0.999963,0.000037,0
0.000001,0.999999,1
0.000029,0.999971,1
0.000183,0.999817,1
0.999955,0.000045,0
0.000055,0.999945,1
0.999952,0.000048,0
0.000005,0.999995,1
0.000004,0.999996,1
0.999618,0.000382,0
0.000007,0.999993,1
0.000458,0.999542,1
0.000173,0.999827,1
0.000000,1.000000,1
0.000008,0.999992,1
0.000215,0.999785,1
0.000072,0.999928,1
0.999986,0.000014,0
0.999961,0.000039,0
0.999974,0.000026,0
0.999863,0.000137,0
0.000001,0.999999,1
0.000036,0.999964,1
0.000048,0.999952,1
0.999961,0.000039,0
0.000005,0.999995,1
0.000037,0.999963,1
0.999987,0.000013,0
0.999991,0.000009,0
0.999896,0.000104,0
0.000097,0.999903,1
0.000040,0.999960,1
0.999843,0.000157,0
0.999435,0.000565,0
0.000248,0.999752,1
0.000001,0.999999,1
0.999820,0.000180,0
0.999970,0.000030,0
0.999959,0.000041,0
0.000055,0.999945,1
0.999467,0.000533,0
0.000114,0.999886,1
0.000352,0.999648,1
0.999718,0.000282,0
0.000006,0.999994,1
0.000016,0.999984,1
0.999309,0.000691,0
0.999856,0.000144,0
0.999995,0.000005,0
0.000025,0.999975,1
0.999952,0.000048,0
0.999808,0.000192,0
0.000270,0.999730,1
0.000050,0.999950,1
0.999960,0.000040,0
0.999966,0.000034,0
0.999972,0.000028,0
0.999941,0.000059,0
0.000004,0.999996,1
0.999952,0.000048,0
0.999916,0.000084,0
0.999939,0.000061,0
0.000008,0.999992,1
0.000043,0.999957,1
0.999849,0.000151,0
0.000524,0.999476,1
0.000023,0.999977,1
0.000027,0.999973,1
0.999920,0.000080,0
0.000033,0.999967,1
0.999437,0.000563,0
0.000026,0.999974,1
0.999946,0.000054,0
0.000241,0.999759,1
0.999853,0.000147,0
0.000086,0.999914,1
0.000090,0.999910,1
0.999915,0.000085,0
0.000267,0.999733,1
0.000498,0.999502,1
0.000238,0.999762,1
0.000007,0.999993,1
0.000006,0.999994,1
0.000000,1.000000,1
0.000039,0.999961,1
0.999906,0.000094,0
0.999992,0.000008,0
0.000105,0.999895,1
0.999791,0.000209,0
0.000573,0.999427,1
0.000019,0.999981,1
0.999807,0.000193,0
0.000133,0.999867,1
0.999531,0.000469,0
0.000003,0.999997,1
0.999337,0.000663,0
0.999969,0.000031,0
0.999592,0.000408,0
0.000038,0.999962,1
0.000010,0.999990,1
0.000053,0.999947,1
0.999857,0.000143,0
0.999886,0.000114,0
0.999649,0.000351,0
0.000001,0.999999,1
0.000751,0.999249,1
0.999949,0.000051,0
0.999946,0.000054,0
0.999973,0.000027,0
0.000026,0.999974,1
0.999930,0.000070,0
0.000148,0.999852,1
0.000018,0.999982,1
0.999982,0.000018,0
0.999961,0.000039,0
0.000004,0.999996,1
0.000048,0.999952,1
0.999867,0.000133,0
0.000004,0.999996,1
0.000002,0.999998,1
0.000271,0.999729,1
0.999968,0.000032,0
0.000025,0.999975,1
0.000020,0.999980,1
0.000010,0.999990,1
0.999853,0.000147,0
0.000008,0.999992,1
0.000032,0.999968,1
0.000000,1.000000,1
0.000478,0.999522,1
0.000013,0.999987,1
0.999937,0.000063,0
0.000007,0.999993,1
0.999896,0.000104,0
0.999893,0.000107,0
0.000017,0.999983,1
0.000020,0.999980,1
0.000020,0.999980,1
0.999882,0.000118,0
0.999975,0.000025,0
0.999716,0.000284,0
0.999890,0.000110,0
0.000147,0.999853,1
0.000080,0.999920,1
0.999729,0.000271,0
0.000003,0.999997,1
0.000228,0.999772,1
0.000110,0.999890,1
0.000001,0.999999,1
0.000031,0.999969,1
0.030873,0.969127,1
0.999962,0.000038,0
0.000035,0.999965,1
0.000248,0.999752,1
0.999449,0.000551,0
0.999743,0.000257,0
0.999960,0.000040,0
0.000157,0.999843,1
0.999391,0.000609,0
0.000022,0.999978,1
0.000080,0.999920,1
0.999937,0.000063,0
0.000131,0.999869,1
0.999933,0.000067,0
0.000064,0.999936,1
0.000063,0.999937,1
0.000020,0.999980,1
0.000009,0.999991,1
0.000086,0.999914,1
0.999607,0.000393,0
0.000239,0.999761,1
0.999718,0.000282,0
0.999946,0.000054,0
0.999995,0.000005,0
0.000216,0.999784,1
0.000279,0.999721,1
0.000145,0.999855,1
0.000088,0.999912,1
0.000235,0.999765,1
0.000007,0.999993,1
0.000005,0.999995,1
0.999912,0.000088,0
0.000012,0.999988,1
0.000003,0.999997,1
0.000017,0.999983,1
0.000030,0.999970,1
1.000000,0.000000,0
0.000009,0.999991,1
0.000013,0.999987,1
0.999908,0.000092,0
0.000656,0.999344,1
0.999382,0.000618,0
0.999692,0.000308,0
0.000672,0.999328,1
0.000020,0.999980,1
0.999994,0.000006,0
0.997924,0.002076,0
0.999956,0.000044,0
0.000161,0.999839,1
0.999974,0.000026,0
0.000491,0.999509,1
0.999693,0.000307,0
0.000114,0.999886,1
0.000038,0.999962,1
0.000090,0.999910,1
0.000040,0.999960,1
0.999878,0.000122,0
0.000148,0.999852,1
0.000031,0.999969,1
0.000022,0.999978,1
0.000005,0.999995,1
0.000076,0.999924,1
0.000042,0.999958,1
0.000460,0.999540,1
0.999959,0.000041,0
0.000006,0.999994,1
0.000007,0.999993,1
0.000054,0.999946,1
0.999891,0.000109,0
0.000073,0.999927,1
0.999993,0.000007,0
0.000003,0.999997,1
0.999906,0.000094,0
0.000014,0.999986,1
0.999989,0.000011,0
0.000088,0.999912,1
0.999982,0.000018,0
0.999935,0.000065,0
0.000025,0.999975,1
0.000011,0.999989,1
0.999924,0.000076,0
0.999992,0.000008,0
0.000002,0.999998,1
0.999981,0.000019,0
0.999999,0.000001,0
0.000009,0.999991,1
0.000000,1.000000,1
0.999962,0.000038,0
0.000063,0.999937,1
0.999755,0.000245,0
0.000096,0.999904,1
0.999955,0.000045,0
0.000003,0.999997,1
0.000018,0.999982,1
0.000148,0.999852,1
0.000146,0.999854,1
0.000002,0.999998,1
0.000003,0.999997,1
0.000060,0.999940,1
0.999910,0.000090,0
0.000070,0.999930,1
0.999914,0.000086,0
0.999905,0.000095,0
0.000000,1.000000,1
0.000004,0.999996,1
0.999927,0.000073,0
0.999910,0.000090,0
0.000057,0.999943,1
0.000041,0.999959,1
0.000020,0.999980,1
0.999915,0.000085,0
0.000005,0.999995,1
0.999986,0.000014,0
0.001622,0.998378,1
0.999415,0.000585,0
0.000294,0.999706,1
0.000013,0.999987,1
0.999371,0.000629,0
0.998605,0.001395,0
0.000218,0.999782,1
0.999911,0.000089,0
0.999826,0.000174,0
0.000278,0.999722,1
0.000043,0.999957,1
0.000067,0.999933,1
0.999995,0.000005,0
0.000606,0.999394,1
0.999628,0.000372,0
0.999971,0.000029,0
0.000011,0.999989,1
0.000589,0.999411,1
0.000204,0.999796,1
0.000010,0.999990,1
0.000260,0.999740,1
0.000039,0.999961,1
0.000014,0.999986,1
0.000022,0.999978,1
0.000001,0.999999,1
0.999871,0.000129,0
0.999858,0.000142,0
0.000099,0.999901,1
0.999907,0.000093,0
0.999991,0.000009,0
0.999863,0.000137,0
0.000000,1.000000,1
0.000092,0.999908,1
0.000004,0.999996,1
0.000122,0.999878,1
0.000068,0.999932,1
0.000056,0.999944,1
0.000054,0.999946,1
0.000004,0.999996,1
0.999802,0.000198,0
0.000013,0.999987,1
0.000422,0.999578,1
0.000480,0.999520,1
0.999493,0.000507,0
0.999706,0.000294,0
0.001592,0.998408,1
0.000016,0.999984,1
0.000498,0.999502,1
0.000021,0.999979,1
0.000027,0.999973,1
0.000170,0.999830,1
0.000047,0.999953,1
0.000042,0.999958,1
0.000000,1.000000,1
0.000056,0.999944,1
0.999849,0.000151,0
0.000012,0.999988,1
0.000011,0.999989,1
0.000001,0.999999,1
0.000021,0.999979,1
0.999975,0.000025,0
0.999990,0.000010,0
0.999830,0.000170,0
0.000001,0.999999,1
0.000009,0.999991,1
0.000002,0.999998,1
0.999704,0.000296,0
0.000098,0.999902,1
0.000312,0.999688,1
0.999770,0.000230,0
0.000001,0.999999,1
0.000085,0.999915,1
0.000011,0.999989,1
0.999952,0.000048,0
0.998858,0.001142,0
0.000033,0.999967,1
0.000011,0.999989,1
0.000633,0.999367,1
0.999970,0.000030,0
0.999927,0.000073,0
0.000021,0.999979,1
0.000007,0.999993,1
0.000000,1.000000,1
0.999976,0.000024,0
0.999986,0.000014,0
0.999994,0.000006,0
0.999928,0.000072,0
0.999934,0.000066,0
0.999880,0.000120,0
0.000069,0.999931,1
0.000236,0.999764,1
0.999617,0.000383,0
0.000003,0.999997,1
0.999929,0.000071,0
0.000145,0.999855,1
0.000002,0.999998,1
0.000009,0.999991,1
0.999978,0.000022,0
0.000095,0.999905,1
0.999997,0.000003,0
0.999866,0.000134,0
0.999956,0.000044,0
0.999993,0.000007,0
0.000850,0.999150,1
0.000133,0.999867,1
0.001273,0.998727,1
0.999927,0.000073,0
0.999979,0.000021,0
0.999984,0.000016,0
0.000013,0.999987,1
0.000051,0.999949,1
0.999948,0.000052,0
0.000028,0.999972,1
0.000010,0.999990,1
0.999978,0.000022,0
0.999910,0.000090,0
0.999966,0.000034,0
0.000049,0.999951,1
0.000051,0.999949,1
0.999703,0.000297,0
0.999227,0.000773,0
0.000001,0.999999,1
0.001027,0.998973,1
0.000035,0.999965,1
0.999984,0.000016,0
0.999981,0.000019,0
0.000007,0.999993,1
0.000020,0.999980,1
0.999772,0.000228,0
0.999969,0.000031,0
0.000008,0.999992,1
0.999944,0.000056,0
0.000074,0.999926,1
0.000000,1.000000,1
0.000659,0.999341,1
0.000162,0.999838,1
0.000005,0.999995,1
0.999956,0.000044,0
0.000828,0.999172,1
0.000448,0.999552,1
0.000013,0.999987,1
0.999999,0.000001,0
0.999988,0.000012,0
0.000046,0.999954,1
0.999993,0.000007,0
0.000116,0.999884,1
0.000107,0.999893,1
0.000000,1.000000,1
0.000016,0.999984,1
0.000023,0.999977,1
0.999938,0.000062,0
0.000109,0.999891,1
0.000004,0.999996,1
0.000000,1.000000,1
0.999986,0.000014,0
0.999921,0.000079,0
0.000002,0.999998,1
0.000000,1.000000,1
0.001312,0.998688,1
0.995891,0.004109,0
0.000001,0.999999,1
0.000015,0.999985,1
0.000028,0.999972,1
0.000002,0.999998,1
0.999837,0.000163,0
0.000077,0.999923,1
0.000070,0.999930,1
0.999826,0.000174,0
0.000011,0.999989,1
0.999970,0.000030,0
0.002047,0.997953,1
0.000022,0.999978,1
0.000042,0.999958,1
0.999980,0.000020,0
0.999990,0.000010,0
0.001242,0.998758,1
0.999972,0.000028,0
0.999969,0.000031,0
0.999659,0.000341,0
0.000000,1.000000,1
0.000387,0.999613,1
0.000366,0.999634,1
0.000056,0.999944,1
0.998548,0.001452,0
0.000080,0.999920,1
0.999977,0.000023,0
0.000004,0.999996,1
0.000015,0.999985,1
0.000008,0.999992,1
0.000026,0.999974,1
0.000643,0.999357,1
0.000217,0.999783,1
0.999883,0.000117,0
0.999987,0.000013,0
0.000015,0.999985,1
0.000106,0.999894,1
0.999859,0.000141,0
0.000017,0.999983,1
0.999684,0.000316,0
0.000223,0.999777,1
0.000067,0.999933,1
0.999927,0.000073,0
0.999999,0.000001,0
0.000050,0.999950,1
0.999995,0.000005,0
0.000027,0.999973,1
0.998790,0.001210,0
0.999902,0.000098,0
0.999853,0.000147,0
0.000018,0.999982,1
0.000002,0.999998,1
0.999834,0.000166,0
0.000033,0.999967,1
0.999989,0.000011,0
0.000013,0.999987,1
0.999952,0.000048,0
0.999826,0.000174,0
0.000178,0.999822,1
0.000001,0.999999,1
0.000049,0.999951,1
0.999990,0.000010,0
0.000058,0.999942,1
0.999993,0.000007,0
0.000085,0.999915,1
0.999943,0.000057,0
0.999992,0.000008,0
0.000006,0.999994,1
0.000002,0.999998,1
0.999927,0.000073,0
0.999864,0.000136,0
0.000366,0.999634,1
0.999938,0.000062,0
0.000272,0.999728,1
0.000110,0.999890,1
0.000102,0.999898,1
0.000089,0.999911,1
0.999987,0.000013,0
0.999944,0.000056,0
0.000139,0.999861,1
0.000000,1.000000,1
0.000015,0.999985,1
0.000043,0.999957,1
0.000042,0.999958,1
0.000429,0.999571,1
0.000115,0.999885,1
0.000045,0.999955,1
0.000028,0.999972,1
0.000014,0.999986,1
0.000001,0.999999,1
0.000770,0.999230,1
0.000017,0.999983,1
0.000363,0.999637,1
0.000033,0.999967,1
0.000001,0.999999,1
0.999142,0.000858,0
0.000031,0.999969,1
0.000045,0.999955,1
0.000097,0.999903,1
0.000032,0.999968,1
0.999991,0.000009,0
0.999079,0.000921,0
0.000001,0.999999,1
0.000076,0.999924,1
0.999876,0.000124,0
0.000005,0.999995,1
0.000016,0.999984,1
0.000101,0.999899,1
0.000003,0.999997,1
0.999927,0.000073,0
0.000036,0.999964,1
0.000070,0.999930,1
0.999949,0.000051,0
0.000000,1.000000,1
0.000173,0.999827,1
0.000008,0.999992,1
0.000011,0.999989,1
0.999967,0.000033,0
0.000126,0.999874,1
0.000085,0.999915,1
0.999982,0.000018,0
0.999978,0.000022,0
0.999813,0.000187,0
0.000003,0.999997,1
0.000173,0.999827,1
0.999069,0.000931,0
0.999883,0.000117,0
0.000061,0.999939,1
0.999934,0.000066,0
0.999962,0.000038,0
0.999955,0.000045,0
0.000017,0.999983,1
0.999929,0.000071,0
0.000032,0.999968,1
0.999958,0.000042,0
0.999954,0.000046,0
0.000172,0.999828,1
0.999977,0.000023,0
0.999843,0.000157,0
0.000045,0.999955,1
0.999998,0.000002,0
0.000010,0.999990,1
0.999973,0.000027,0
0.999982,0.000018,0
0.999924,0.000076,0
0.000015,0.999985,1
0.000022,0.999978,1
0.000045,0.999955,1
0.000075,0.999925,1
0.000029,0.999971,1
0.000046,0.999954,1
0.000072,0.999928,1
0.000073,0.999927,1
0.999973,0.000027,0
0.999641,0.000359,0
0.000003,0.999997,1
0.000087,0.999913,1
0.999593,0.000407,0
0.999921,0.000079,0
0.000432,0.999568,1
0.999989,0.000011,0
0.999848,0.000152,0
0.999881,0.000119,0
0.000244,0.999756,1
0.000046,0.999954,1
0.000049,0.999951,1
0.000000,1.000000,1
0.999935,0.000065,0
0.999991,0.000009,0
0.000615,0.999385,1
0.999830,0.000170,0
0.000008,0.999992,1
0.999950,0.000050,0
0.000020,0.999980,1
0.000037,0.999963,1
0.999891,0.000109,0
0.999996,0.000004,0
0.000011,0.999989,1
0.999973,0.000027,0
0.999959,0.000041,0
0.000054,0.999946,1
0.999992,0.000008,0
0.000050,0.999950,1
0.999947,0.000053,0
0.999999,0.000001,0
0.000165,0.999835,1
0.000033,0.999967,1
0.000019,0.999981,1
0.000096,0.999904,1
0.000049,0.999951,1
0.000048,0.999952,1
0.000037,0.999963,1
0.000075,0.999925,1
0.999981,0.000019,0
0.999945,0.000055,0
0.000201,0.999799,1
0.999954,0.000046,0
0.000050,0.999950,1
0.999914,0.000086,0
0.999900,0.000100,0
0.999912,0.000088,0
0.000066,0.999934,1
0.999723,0.000277,0
0.999996,0.000004,0
0.000010,0.999990,1
0.000007,0.999993,1
0.000051,0.999949,1
0.000104,0.999896,1
0.000018,0.999982,1
0.000835,0.999165,1
0.999997,0.000003,0
0.999935,0.000065,0
0.000000,1.000000,1
0.999605,0.000395,0
0.000015,0.999985,1
0.000019,0.999981,1
0.000176,0.999824,1
0.000000,1.000000,1
0.004512,0.995488,1
0.000006,0.999994,1
0.000005,0.999995,1
0.000003,0.999997,1
0.000129,0.999871,1
0.000034,0.999966,1
0.000001,0.999999,1
0.999571,0.000429,0
0.999908,0.000092,0
0.999989,0.000011,0
0.000008,0.999992,1
0.999670,0.000330,0
0.999956,0.000044,0
0.000127,0.999873,1
0.999991,0.000009,0
0.998557,0.001443,0
0.999865,0.000135,0
0.999986,0.000014,0
0.000486,0.999514,1
0.998938,0.001062,0
0.000050,0.999950,1
0.999985,0.000015,0
0.999730,0.000270,0
0.999624,0.000376,0
0.000075,0.999925,1
0.999950,0.000050,0
0.000001,0.999999,1
0.999960,0.000040,0
0.997739,0.002261,0
0.999816,0.000184,0
0.000010,0.999990,1
0.000010,0.999990,1
0.999955,0.000045,0
0.999929,0.000071,0
0.999929,0.000071,0
0.000102,0.999898,1
0.000056,0.999944,1
0.999941,0.000059,0
0.999950,0.000050,0
0.000006,0.999994,1
0.000053,0.999947,1
0.017024,0.982976,1
0.999928,0.000072,0
0.999516,0.000484,0
0.000484,0.999516,1
0.000061,0.999939,1
0.999988,0.000012,0
0.000001,0.999999,1
0.000005,0.999995,1
0.000025,0.999975,1
0.999832,0.000168,0
0.000012,0.999988,1
0.000014,0.999986,1
0.000026,0.999974,1
0.000063,0.999937,1
0.000093,0.999907,1
0.000060,0.999940,1
0.999695,0.000305,0
0.999838,0.000162,0
0.000370,0.999630,1
0.000366,0.999634,1
0.999928,0.000072,0
0.999881,0.000119,0
0.000010,0.999990,1
0.999880,0.000120,0
0.999808,0.000192,0
0.999925,0.000075,0
0.000363,0.999637,1
0.999803,0.000197,0
0.999977,0.000023,0
0.000006,0.999994,1
0.000152,0.999848,1
0.000003,0.999997,1
0.000018,0.999982,1
0.000006,0.999994,1
0.000001,0.999999,1
0.000004,0.999996,1
0.000031,0.999969,1
0.999752,0.000248,0
0.000022,0.999978,1
0.000036,0.999964,1
0.000111,0.999889,1
0.999991,0.000009,0
0.999904,0.000096,0
0.000000,1.000000,1
0.000070,0.999930,1
0.999485,0.000515,0
0.999244,0.000756,0
0.000029,0.999971,1
0.999758,0.000242,0
0.999879,0.000121,0
0.999848,0.000152,0
0.999228,0.000772,0
0.999921,0.000079,0
0.999941,0.000059,0
0.000097,0.999903,1
0.999975,0.000025,0
0.999889,0.000111,0
0.000016,0.999984,1
0.000003,0.999997,1
0.000004,0.999996,1
0.999863,0.000137,0
0.000007,0.999993,1
0.000001,0.999999,1
0.000020,0.999980,1
0.001693,0.998307,1
0.999808,0.000192,0
0.000002,0.999998,1
0.000030,0.999970,1
0.000495,0.999505,1
0.999987,0.000013,0
0.000250,0.999750,1
0.999672,0.000328,0
0.000380,0.999620,1
0.999987,0.000013,0
0.000180,0.999820,1
0.998917,0.001083,0
0.999986,0.000014,0
0.999731,0.000269,0
0.000335,0.999665,1
0.999330,0.000670,0
0.999979,0.000021,0
0.999996,0.000004,0
0.000058,0.999942,1
0.000008,0.999992,1
0.000279,0.999721,1
0.000055,0.999945,1
0.000000,1.000000,1
0.998106,0.001894,0
0.999999,0.000001,0
0.000053,0.999947,1
0.999990,0.000010,0
0.000144,0.999856,1
0.000084,0.999916,1
0.000020,0.999980,1
0.000230,0.999770,1
0.000512,0.999488,1
0.000196,0.999804,1
0.999859,0.000141,0
0.999939,0.000061,0
0.000310,0.999690,1
0.999978,0.000022,0
0.999990,0.000010,0
0.999463,0.000537,0
0.000474,0.999526,1
0.999978,0.000022,0
0.000003,0.999997,1
0.999981,0.000019,0
0.999935,0.000065,0
0.999991,0.000009,0
0.999812,0.000188,0
0.999958,0.000042,0
0.000364,0.999636,1
0.000187,0.999813,1
0.999743,0.000257,0
0.999141,0.000859,0
0.999762,0.000238,0
0.999842,0.000158,0
0.000042,0.999958,1
0.999965,0.000035,0
0.999953,0.000047,0
0.000063,0.999937,1
0.999824,0.000176,0
0.000375,0.999625,1
0.000053,0.999947,1
0.999905,0.000095,0
0.999982,0.000018,0
0.000117,0.999883,1
0.000034,0.999966,1
0.000001,0.999999,1
0.000017,0.999983,1
0.000001,0.999999,1
0.999961,0.000039,0
0.999993,0.000007,0
0.999974,0.000026,0
0.999942,0.000058,0
0.999965,0.000035,0
0.999178,0.000822,0
0.999992,0.000008,0
0.000003,0.999997,1
0.997823,0.002177,0
0.999836,0.000164,0
0.000357,0.999643,1
0.000018,0.999982,1
0.000034,0.999966,1
0.000096,0.999904,1
0.998271,0.001729,0
0.000024,0.999976,1
0.999994,0.000006,0
0.999933,0.000067,0
0.999991,0.000009,0
0.001036,0.998964,1
0.000163,0.999837,1
0.000409,0.999591,1
0.999985,0.000015,0
0.999825,0.000175,0
0.000007,0.999993,1
0.000435,0.999565,1
0.999608,0.000392,0
0.999981,0.000019,0
0.999936,0.000064,0
0.000007,0.999993,1
0.000010,0.999990,1
0.000437,0.999563,1
0.000029,0.999971,1
0.999969,0.000031,0
0.000297,0.999703,1
0.001200,0.998800,1
0.999980,0.000020,0
0.000167,0.999833,1
0.000002,0.999998,1
0.999973,0.000027,0
0.999947,0.000053,0
0.000248,0.999752,1
0.999726,0.000274,0
0.000025,0.999975,1
0.999994,0.000006,0
0.999908,0.000092,0
0.999769,0.000231,0
0.000047,0.999953,1
0.999997,0.000003,0
0.001630,0.998370,1
0.000087,0.999913,1
0.000278,0.999722,1
0.000001,0.999999,1
0.000005,0.999995,1
0.000653,0.999347,1
0.000032,0.999968,1
0.999936,0.000064,0
0.999599,0.000401,0
0.999993,0.000007,0
0.000415,0.999585,1
0.000005,0.999995,1
0.999408,0.000592,0
0.999806,0.000194,0
0.999297,0.000703,0
0.000001,0.999999,1
0.999931,0.000069,0
0.000000,1.000000,1
0.000006,0.999994,1
0.999753,0.000247,0
0.000107,0.999893,1
0.999900,0.000100,0
0.000081,0.999919,1
0.000070,0.999930,1
0.001089,0.998911,1
0.999861,0.000139,0
0.000526,0.999474,1
0.999772,0.000228,0
0.999978,0.000022,0
0.000001,0.999999,1
0.000068,0.999932,1
0.000047,0.999953,1
0.999974,0.000026,0
0.999954,0.000046,0
0.999888,0.000112,0
0.999843,0.000157,0
0.000001,0.999999,1
0.999944,0.000056,0
0.000058,0.999942,1
0.999817,0.000183,0
0.999998,0.000002,0
0.000067,0.999933,1
0.000014,0.999986,1
0.000006,0.999994,1
0.000065,0.999935,1
0.000092,0.999908,1
0.000132,0.999868,1
0.000028,0.999972,1
0.999977,0.000023,0
0.000009,0.999991,1
0.000010,0.999990,1
0.999722,0.000278,0
0.000495,0.999505,1
0.999986,0.000014,0
0.000101,0.999899,1
0.000763,0.999237,1
0.000007,0.999993,1
0.000245,0.999755,1
0.000090,0.999910,1
0.999953,0.000047,0
0.000170,0.999830,1
0.000003,0.999997,1
0.000538,0.999462,1
0.000008,0.999992,1
0.999971,0.000029,0
0.999938,0.000062,0
0.000497,0.999503,1
0.999847,0.000153,0
0.999981,0.000019,0
0.999956,0.000044,0
0.000007,0.999993,1
0.999203,0.000797,0
0.000002,0.999998,1
0.000005,0.999995,1
0.000011,0.999989,1
0.999876,0.000124,0
0.999700,0.000300,0
0.000094,0.999906,1
0.000001,0.999999,1
0.000887,0.999113,1
0.999998,0.000002,0
0.000026,0.999974,1
0.000329,0.999671,1
0.999865,0.000135,0
0.999793,0.000207,0
0.999438,0.000562,0
0.000003,0.999997,1
0.999950,0.000050,0
0.000004,0.999996,1
0.000002,0.999998,1
0.999599,0.000401,0
0.000231,0.999769,1
0.000001,0.999999,1
0.000014,0.999986,1
0.999839,0.000161,0
0.999701,0.000299,0
0.000203,0.999797,1
0.000041,0.999959,1
0.000030,0.999970,1
0.999832,0.000168,0
0.001378,0.998622,1
0.000184,0.999816,1
0.000147,0.999853,1
0.999972,0.000028,0
0.999956,0.000044,0
0.999973,0.000027,0
0.000168,0.999832,1
0.000080,0.999920,1
0.000303,0.999697,1
0.998968,0.001032,0
0.999977,0.000023,0
0.000613,0.999387,1
0.000004,0.999996,1
0.000037,0.999963,1
0.000369,0.999631,1
0.000000,1.000000,1
0.000094,0.999906,1
0.000003,0.999997,1
0.000037,0.999963,1
0.999685,0.000315,0
0.000031,0.999969,1
0.999187,0.000813,0
0.999864,0.000136,0
0.999976,0.000024,0
0.999979,0.000021,0
0.999691,0.000309,0
0.999563,0.000437,0
0.999999,0.000001,0
0.000104,0.999896,1
0.000022,0.999978,1
0.999917,0.000083,0
0.000013,0.999987,1
0.000158,0.999842,1
0.999988,0.000012,0
0.999894,0.000106,0
0.999889,0.000111,0
0.999659,0.000341,0
0.000264,0.999736,1
0.000005,0.999995,1
0.999923,0.000077,0
0.999842,0.000158,0
0.000217,0.999783,1
0.999976,0.000024,0
0.000222,0.999778,1
0.000289,0.999711,1
0.000001,0.999999,1
0.999626,0.000374,0
0.000031,0.999969,1
0.000043,0.999957,1
0.000043,0.999957,1
0.000472,0.999528,1
0.000343,0.999657,1
0.000006,0.999994,1
0.999992,0.000008,0
0.000256,0.999744,1
0.000006,0.999994,1
0.998193,0.001807,0
0.000016,0.999984,1
0.000090,0.999910,1
0.000227,0.999773,1
0.000159,0.999841,1
0.999798,0.000202,0
0.000092,0.999908,1
0.999889,0.000111,0
0.000018,0.999982,1
0.000000,1.000000,1
0.000068,0.999932,1
0.000000,1.000000,1
0.999990,0.000010,0
0.001125,0.998875,1
0.000007,0.999993,1
0.000090,0.999910,1
0.000030,0.999970,1
0.000061,0.999939,1
0.000000,1.000000,1
0.000002,0.999998,1
0.999980,0.000020,0
0.000094,0.999906,1
0.999997,0.000003,0
0.999947,0.000053,0
0.999947,0.000053,0
0.000379,0.999621,1
0.000001,0.999999,1
0.000419,0.999581,1
0.000020,0.999980,1
0.999777,0.000223,0
0.999382,0.000618,0
0.999972,0.000028,0
0.999991,0.000009,0
0.000121,0.999879,1
0.999834,0.000166,0
0.000033,0.999967,1
0.999940,0.000060,0
0.999997,0.000003,0
0.999913,0.000087,0
0.999814,0.000186,0
0.999954,0.000046,0
0.000082,0.999918,1
0.000004,0.999996,1
0.000437,0.999563,1
0.000005,0.999995,1
0.999998,0.000002,0
0.999693,0.000307,0
0.000019,0.999981,1
0.999949,0.000051,0
0.000241,0.999759,1
0.000030,0.999970,1
0.999993,0.000007,0
0.000108,0.999892,1
0.000048,0.999952,1
0.000014,0.999986,1
0.000480,0.999520,1
0.000010,0.999990,1
0.000038,0.999962,1
0.999989,0.000011,0
0.000006,0.999994,1
0.000086,0.999914,1
0.000017,0.999983,1
0.000110,0.999890,1
0.000017,0.999983,1
0.000011,0.999989,1
0.000019,0.999981,1
0.999948,0.000052,0
0.999902,0.000098,0
0.000066,0.999934,1
0.999896,0.000104,0
0.999925,0.000075,0
0.999884,0.000116,0
0.999894,0.000106,0
0.999932,0.000068,0
0.999816,0.000184,0
0.000023,0.999977,1
0.000003,0.999997,1
0.999817,0.000183,0
0.000000,1.000000,1
0.000024,0.999976,1
0.999939,0.000061,0
0.999952,0.000048,0
0.999525,0.000475,0
0.999832,0.000168,0
0.000007,0.999993,1
0.999782,0.000218,0
0.000003,0.999997,1
0.999926,0.000074,0
0.999992,0.000008,0
0.000001,0.999999,1
0.999989,0.000011,0
0.000018,0.999982,1
0.999794,0.000206,0
0.000041,0.999959,1
0.999856,0.000144,0
0.000385,0.999615,1
0.000161,0.999839,1
0.999858,0.000142,0
0.999982,0.000018,0
0.000499,0.999501,1
0.999958,0.000042,0
0.000204,0.999796,1
0.000046,0.999954,1
0.000028,0.999972,1
0.000015,0.999985,1
0.000002,0.999998,1
0.999970,0.000030,0
0.999981,0.000019,0
0.999973,0.000027,0
0.999960,0.000040,0
0.000052,0.999948,1
0.000008,0.999992,1
0.999215,0.000785,0
0.000000,1.000000,1
0.000061,0.999939,1
0.999971,0.000029,0
0.000005,0.999995,1
0.000060,0.999940,1
0.000016,0.999984,1
0.999895,0.000105,0
0.999977,0.000023,0
0.999886,0.000114,0
0.000000,1.000000,1
0.999863,0.000137,0
0.000179,0.999821,1
0.000136,0.999864,1
0.000008,0.999992,1
0.000008,0.999992,1
0.999924,0.000076,0
0.999957,0.000043,0
0.999648,0.000352,0
0.999944,0.000056,0
0.998690,0.001310,0
0.999892,0.000108,0
0.999991,0.000009,0
0.001803,0.998197,1
0.999915,0.000085,0
0.000012,0.999988,1
0.999884,0.000116,0
0.999950,0.000050,0
0.000447,0.999553,1
0.000002,0.999998,1
0.026288,0.973712,1
0.000137,0.999863,1
0.999970,0.000030,0
0.999940,0.000060,0
0.001965,0.998035,1
0.000450,0.999550,1
0.999953,0.000047,0
0.000187,0.999813,1
0.000157,0.999843,1
0.999703,0.000297,0
0.999947,0.000053,0
0.999890,0.000110,0
0.999795,0.000205,0
0.000005,0.999995,1
0.999976,0.000024,0
0.999945,0.000055,0
0.999995,0.000005,0
0.999867,0.000133,0
0.999705,0.000295,0
0.000031,0.999969,1
0.999966,0.000034,0
0.000015,0.999985,1
0.000011,0.999989,1
0.000370,0.999630,1
0.999984,0.000016,0
0.999995,0.000005,0
0.000016,0.999984,1
0.999674,0.000326,0
0.000002,0.999998,1
0.999870,0.000130,0
0.000132,0.999868,1
0.000107,0.999893,1
0.000000,1.000000,1
0.000021,0.999979,1
0.999887,0.000113,0
0.000065,0.999935,1
0.999236,0.000764,0
0.000041,0.999959,1
0.999761,0.000239,0
0.000207,0.999793,1
0.000022,0.999978,1
0.000243,0.999757,1
0.000001,0.999999,1
0.999935,0.000065,0
0.000084,0.999916,1
0.999993,0.000007,0
0.999778,0.000222,0
0.999888,0.000112,0
0.999997,0.000003,0
0.000018,0.999982,1
0.002431,0.997569,1
0.000048,0.999952,1
0.999893,0.000107,0
0.999996,0.000004,0
0.000007,0.999993,1
0.999091,0.000909,0
0.000021,0.999979,1
0.000022,0.999978,1
0.000008,0.999992,1
0.999998,0.000002,0
0.999862,0.000138,0
0.000008,0.999992,1
0.000104,0.999896,1
0.999942,0.000058,0
0.000094,0.999906,1
0.000054,0.999946,1
0.000011,0.999989,1
0.999702,0.000298,0
0.000430,0.999570,1
0.000012,0.999988,1
0.999958,0.000042,0
0.999518,0.000482,0
0.000060,0.999940,1
0.999999,0.000001,0
0.999998,0.000002,0
0.999882,0.000118,0
0.999808,0.000192,0
0.000010,0.999990,1
0.999981,0.000019,0
0.000058,0.999942,1
0.000201,0.999799,1
0.999995,0.000005,0
0.999228,0.000772,0
0.999341,0.000659,0
0.000009,0.999991,1
0.000203,0.999797,1
0.000086,0.999914,1
0.998130,0.001870,0
0.000087,0.999913,1
0.999462,0.000538,0
0.000021,0.999979,1
0.000011,0.999989,1
0.000038,0.999962,1
0.000007,0.999993,1
0.000223,0.999777,1
0.000004,0.999996,1
0.999956,0.000044,0
0.999713,0.000287,0
0.999853,0.000147,0
0.000010,0.999990,1
0.000800,0.999200,1
0.000126,0.999874,1
0.000001,0.999999,1
0.999991,0.000009,0
0.999771,0.000229,0
0.000001,0.999999,1
0.000037,0.999963,1
0.000014,0.999986,1
0.000160,0.999840,1
0.998617,0.001383,0
0.000033,0.999967,1
0.000082,0.999918,1
0.999982,0.000018,0
0.999996,0.000004,0
0.000286,0.999714,1
0.000000,1.000000,1
0.000001,0.999999,1
0.999410,0.000590,0
0.000251,0.999749,1
0.999973,0.000027,0
0.999873,0.000127,0
0.999915,0.000085,0
0.000349,0.999651,1
0.000345,0.999655,1
0.000102,0.999898,1
0.999960,0.000040,0
0.000219,0.999781,1
0.999960,0.000040,0
0.000026,0.999974,1
0.999987,0.000013,0
0.000666,0.999334,1
0.000022,0.999978,1
0.000001,0.999999,1
0.999639,0.000361,0
0.001120,0.998880,1
0.999992,0.000008,0
0.999929,0.000071,0
0.000278,0.999722,1
0.000001,0.999999,1
0.999828,0.000172,0
0.000053,0.999947,1
0.999692,0.000308,0
0.000009,0.999991,1
0.000272,0.999728,1
0.999079,0.000921,0
0.999905,0.000095,0
0.999918,0.000082,0
0.000471,0.999529,1
0.999806,0.000194,0
0.000000,1.000000,1
0.999945,0.000055,0
0.000053,0.999947,1
0.999407,0.000593,0
0.013847,0.986153,1
0.000009,0.999991,1
0.999974,0.000026,0
0.999516,0.000484,0
0.000057,0.999943,1
0.999922,0.000078,0
0.000007,0.999993,1
0.000082,0.999918,1
0.999858,0.000142,0
0.999903,0.000097,0
0.000169,0.999831,1
0.000001,0.999999,1
0.000060,0.999940,1
0.000009,0.999991,1
0.999965,0.000035,0
0.000028,0.999972,1
0.999971,0.000029,0
0.999932,0.000068,0
0.999886,0.000114,0
0.999922,0.000078,0
0.000027,0.999973,1
0.999906,0.000094,0
0.999874,0.000126,0
0.999935,0.000065,0
0.999874,0.000126,0
0.000001,0.999999,1
0.000017,0.999983,1
0.999863,0.000137,0
0.999837,0.000163,0
0.000001,0.999999,1
0.000109,0.999891,1
0.000172,0.999828,1
0.000422,0.999578,1
0.000023,0.999977,1
0.000024,0.999976,1
0.000815,0.999185,1
0.000075,0.999925,1
0.000004,0.999996,1
0.000002,0.999998,1
0.999936,0.000064,0
0.000006,0.999994,1
0.000567,0.999433,1
0.000258,0.999742,1
0.001180,0.998820,1
0.999193,0.000807,0
0.000076,0.999924,1
0.999872,0.000128,0
0.000284,0.999716,1
0.999995,0.000005,0
0.000046,0.999954,1
0.000260,0.999740,1
0.000002,0.999998,1
0.999895,0.000105,0
0.999992,0.000008,0
0.999999,0.000001,0
0.999489,0.000511,0
0.000065,0.999935,1
0.999842,0.000158,0
0.000025,0.999975,1
0.999998,0.000002,0
0.999588,0.000412,0
0.999990,0.000010,0
0.000135,0.999865,1
0.999995,0.000005,0
0.000012,0.999988,1
0.999948,0.000052,0
0.999956,0.000044,0
0.999994,0.000006,0
0.000032,0.999968,1
0.000078,0.999922,1
0.000149,0.999851,1
0.999977,0.000023,0
0.000000,1.000000,1
0.999985,0.000015,0
0.000014,0.999986,1
0.000100,0.999900,1
0.999874,0.000126,0
0.999890,0.000110,0
0.000078,0.999922,1
0.000259,0.999741,1
0.999965,0.000035,0
0.000047,0.999953,1
0.000025,0.999975,1
0.000003,0.999997,1
0.000001,0.999999,1
0.999942,0.000058,0
0.000065,0.999935,1
0.000015,0.999985,1
0.000003,0.999997,1
0.999684,0.000316,0
0.000001,0.999999,1
0.000027,0.999973,1
0.999893,0.000107,0
0.000002,0.999998,1
0.000001,0.999999,1
0.999986,0.000014,0
0.000149,0.999851,1
0.999389,0.000611,0
0.000020,0.999980,1
0.999968,0.000032,0
0.000044,0.999956,1
0.000033,0.999967,1
0.999975,0.000025,0
0.000001,0.999999,1
0.999681,0.000319,0
0.000004,0.999996,1
0.999889,0.000111,0
0.000005,0.999995,1
0.000055,0.999945,1
0.000239,0.999761,1
0.999912,0.000088,0
0.999997,0.000003,0
0.999886,0.000114,0
0.999586,0.000414,0
0.999978,0.000022,0
0.000590,0.999410,1
0.999779,0.000221,0
0.999651,0.000349,0
0.999831,0.000169,0
0.999847,0.000153,0
0.000056,0.999944,1
0.000656,0.999344,1
0.000009,0.999991,1
0.999796,0.000204,0
0.000075,0.999925,1
0.000030,0.999970,1
0.999998,0.000002,0
0.000101,0.999899,1
0.000000,1.000000,1
0.000254,0.999746,1
0.999208,0.000792,0
0.000029,0.999971,1
0.000033,0.999967,1
0.000155,0.999845,1
0.999996,0.000004,0
0.000037,0.999963,1
0.000051,0.999949,1
0.000037,0.999963,1
0.999706,0.000294,0
0.999863,0.000137,0
0.000002,0.999998,1
0.000005,0.999995,1
0.999572,0.000428,0
0.000044,0.999956,1
0.000006,0.999994,1
0.000018,0.999982,1
0.000971,0.999029,1
0.000008,0.999992,1
0.000060,0.999940,1
0.000061,0.999939,1
0.999992,0.000008,0
0.000112,0.999888,1
0.999934,0.000066,0
0.000653,0.999347,1
0.000019,0.999981,1
0.000010,0.999990,1
0.000009,0.999991,1
0.000061,0.999939,1
0.000109,0.999891,1
0.000001,0.999999,1
0.000146,0.999854,1
0.000001,0.999999,1
0.000002,0.999998,1
0.999284,0.000716,0
0.999916,0.000084,0
0.999932,0.000068,0
0.001040,0.998960,1
0.000092,0.999908,1
0.000062,0.999938,1
0.000148,0.999852,1
0.999891,0.000109,0
0.998674,0.001326,0
0.000005,0.999995,1
0.999990,0.000010,0
0.999778,0.000222,0
0.000012,0.999988,1
0.999947,0.000053,0
0.000005,0.999995,1
0.999985,0.000015,0
0.000334,0.999666,1
0.999885,0.000115,0
0.000773,0.999227,1
0.000054,0.999946,1
0.000001,0.999999,1
0.999858,0.000142,0
0.000007,0.999993,1
0.000000,1.000000,1
0.000007,0.999993,1
0.000472,0.999528,1
0.000037,0.999963,1
0.000015,0.999985,1
0.000256,0.999744,1
0.000338,0.999662,1
0.999820,0.000180,0
0.999988,0.000012,0
0.999693,0.000307,0
0.999980,0.000020,0
0.999488,0.000512,0
0.999811,0.000189,0
0.000006,0.999994,1
0.000000,1.000000,1
0.000224,0.999776,1
0.000054,0.999946,1
0.000003,0.999997,1
0.999864,0.000136,0
0.999936,0.000064,0
0.000046,0.999954,1
0.000873,0.999127,1
0.000000,1.000000,1
0.999848,0.000152,0
0.000027,0.999973,1
0.000040,0.999960,1
0.000007,0.999993,1
0.000006,0.999994,1
0.000089,0.999911,1
0.000174,0.999826,1
0.000272,0.999728,1
0.999982,0.000018,0
0.000036,0.999964,1
0.999855,0.000145,0
0.000104,0.999896,1
0.000013,0.999987,1
0.999902,0.000098,0
0.000065,0.999935,1
0.999768,0.000232,0
0.999990,0.000010,0
0.000019,0.999981,1
0.999968,0.000032,0
0.000043,0.999957,1
0.999922,0.000078,0
0.000183,0.999817,1
0.000014,0.999986,1
0.999997,0.000003,0
0.999530,0.000470,0
0.000362,0.999638,1
0.999982,0.000018,0
0.999936,0.000064,0
0.999940,0.000060,0
0.999680,0.000320,0
0.999632,0.000368,0
0.000006,0.999994,1
0.000043,0.999957,1
0.000030,0.999970,1
0.999433,0.000567,0
0.999995,0.000005,0
0.000034,0.999966,1
0.000052,0.999948,1
0.999937,0.000063,0
0.000052,0.999948,1
0.999933,0.000067,0
0.000002,0.999998,1
0.999941,0.000059,0
0.999982,0.000018,0
0.999977,0.000023,0
0.000095,0.999905,1
0.000407,0.999593,1
0.999948,0.000052,0
0.000005,0.999995,1
0.000022,0.999978,1
0.000015,0.999985,1
0.000013,0.999987,1
0.000235,0.999765,1
0.000064,0.999936,1
0.000024,0.999976,1
0.000053,0.999947,1
0.000191,0.999809,1
0.999981,0.000019,0
0.999757,0.000243,0
0.000053,0.999947,1
0.000021,0.999979,1
0.999658,0.000342,0
0.999578,0.000422,0
0.000006,0.999994,1
0.000114,0.999886,1
0.999989,0.000011,0
0.000058,0.999942,1
0.000065,0.999935,1
0.999959,0.000041,0
0.999988,0.000012,0
0.000148,0.999852,1
0.000007,0.999993,1
0.000112,0.999888,1
0.000045,0.999955,1
0.000161,0.999839,1
0.000012,0.999988,1
0.999759,0.000241,0
0.000023,0.999977,1
0.999864,0.000136,0
0.999988,0.000012,0
0.000109,0.999891,1
0.000003,0.999997,1
0.000013,0.999987,1
0.000069,0.999931,1
0.984367,0.015633,0
0.000012,0.999988,1
0.999967,0.000033,0
0.000015,0.999985,1
0.999958,0.000042,0
0.000022,0.999978,1
0.000006,0.999994,1
0.999852,0.000148,0
0.000033,0.999967,1
0.000899,0.999101,1
0.000042,0.999958,1
0.000053,0.999947,1
0.000080,0.999920,1
0.999995,0.000005,0
0.000027,0.999973,1
0.999886,0.000114,0
0.999938,0.000062,0
0.999871,0.000129,0
0.000203,0.999797,1
0.999913,0.000087,0
0.999969,0.000031,0
0.999897,0.000103,0
0.000223,0.999777,1
0.999969,0.000031,0
0.000036,0.999964,1
0.999990,0.000010,0
0.000103,0.999897,1
0.999912,0.000088,0
0.999186,0.000814,0
0.999879,0.000121,0
0.992597,0.007403,0
0.000050,0.999950,1
0.000006,0.999994,1
0.000033,0.999967,1
0.000358,0.999642,1
0.000045,0.999955,1
0.000005,0.999995,1
0.000009,0.999991,1
0.000025,0.999975,1
0.000003,0.999997,1
0.999769,0.000231,0
0.999105,0.000895,0
0.999881,0.000119,0
0.000000,1.000000,1
0.000031,0.999969,1
0.000013,0.999987,1
0.999990,0.000010,0
0.000716,0.999284,1
0.000134,0.999866,1
0.000020,0.999980,1
0.000204,0.999796,1
0.999911,0.000089,0
0.999632,0.000368,0
0.999979,0.000021,0
0.000216,0.999784,1
0.000043,0.999957,1
0.000053,0.999947,1
0.000182,0.999818,1
0.000078,0.999922,1
0.000390,0.999610,1
0.001268,0.998732,1
0.999974,0.000026,0
0.000000,1.000000,1
0.000217,0.999783,1
0.997631,0.002369,0
0.998403,0.001597,0
0.999928,0.000072,0
0.000202,0.999798,1
0.999916,0.000084,0
0.999993,0.000007,0
0.000005,0.999995,1
0.000015,0.999985,1
0.999961,0.000039,0
0.000196,0.999804,1
0.000056,0.999944,1
0.000022,0.999978,1
0.000043,0.999957,1
0.999913,0.000087,0
0.000014,0.999986,1
0.000022,0.999978,1
0.999967,0.000033,0
0.000031,0.999969,1
0.000047,0.999953,1
0.999974,0.000026,0
0.000152,0.999848,1
0.000023,0.999977,1
0.999978,0.000022,0
0.999861,0.000139,0
0.000056,0.999944,1
0.999897,0.000103,0
0.000008,0.999992,1
0.999680,0.000320,0
0.000009,0.999991,1
0.999781,0.000219,0
0.000054,0.999946,1
0.000049,0.999951,1
0.000082,0.999918,1
0.999993,0.000007,0
0.000003,0.999997,1
0.999953,0.000047,0
0.999970,0.000030,0
0.999556,0.000444,0
0.999845,0.000155,0
0.000033,0.999967,1
0.000000,1.000000,1
0.999636,0.000364,0
0.000011,0.999989,1
0.000027,0.999973,1
0.999667,0.000333,0
0.000077,0.999923,1
0.999909,0.000091,0
0.000024,0.999976,1
0.999999,0.000001,0
0.999967,0.000033,0
0.999989,0.000011,0
0.000015,0.999985,1
0.999985,0.000015,0
0.000022,0.999978,1
0.000160,0.999840,1
0.000013,0.999987,1
0.999943,0.000057,0
0.000000,1.000000,1
0.999939,0.000061,0
0.999936,0.000064,0
0.999835,0.000165,0
0.000845,0.999155,1
0.999778,0.000222,0
0.000096,0.999904,1
0.000000,1.000000,1
0.999925,0.000075,0
0.000132,0.999868,1
0.999999,0.000001,0
0.999995,0.000005,0
0.999980,0.000020,0
0.000190,0.999810,1
0.000012,0.999988,1
0.999993,0.000007,0
0.001645,0.998355,1
0.999977,0.000023,0
0.999829,0.000171,0
0.000024,0.999976,1
0.000025,0.999975,1
0.999259,0.000741,0
0.999987,0.000013,0
0.000717,0.999283,1
0.000015,0.999985,1
0.999847,0.000153,0
0.000034,0.999966,1
0.998476,0.001524,0
0.000064,0.999936,1
0.999689,0.000311,0
0.000001,0.999999,1
0.999864,0.000136,0
0.999997,0.000003,0
0.000383,0.999617,1
0.999600,0.000400,0
0.999997,0.000003,0
0.999987,0.000013,0
0.999971,0.000029,0
0.000001,0.999999,1
0.999861,0.000139,0
0.999328,0.000672,0
0.001692,0.998308,1
0.999995,0.000005,0
0.000050,0.999950,1
0.999986,0.000014,0
0.000321,0.999679,1
0.000131,0.999869,1
0.000072,0.999928,1
0.000001,0.999999,1
0.000947,0.999053,1
0.000051,0.999949,1
0.000008,0.999992,1
0.000049,0.999951,1
0.000041,0.999959,1
0.000160,0.999840,1
0.999731,0.000269,0
0.000335,0.999665,1
0.999406,0.000594,0
0.999938,0.000062,0
0.999743,0.000257,0
0.000032,0.999968,1
0.000002,0.999998,1
0.999902,0.000098,0
0.000611,0.999389,1
0.999745,0.000255,0
0.999867,0.000133,0
0.999897,0.000103,0
0.999984,0.000016,0
0.000039,0.999961,1
0.999975,0.000025,0
0.999983,0.000017,0
0.000003,0.999997,1
0.000008,0.999992,1
0.000086,0.999914,1
0.000000,1.000000,1
0.000120,0.999880,1
0.999954,0.000046,0
0.000060,0.999940,1
0.998963,0.001037,0
0.000001,0.999999,1
0.000446,0.999554,1
0.999890,0.000110,0
0.000048,0.999952,1
0.999944,0.000056,0
0.998398,0.001602,0
0.000061,0.999939,1
0.999988,0.000012,0
0.999973,0.000027,0
0.000023,0.999977,1
0.000095,0.999905,1
0.000039,0.999961,1
0.000051,0.999949,1
0.999759,0.000241,0
0.000024,0.999976,1
0.590605,0.409395,0
0.000076,0.999924,1
0.000034,0.999966,1
0.999856,0.000144,0
0.000017,0.999983,1
0.000048,0.999952,1
0.000076,0.999924,1
0.999989,0.000011,0
0.999792,0.000208,0
0.000038,0.999962,1
0.999960,0.000040,0
0.000114,0.999886,1
0.000020,0.999980,1
0.999996,0.000004,0
0.999957,0.000043,0
0.999557,0.000443,0
0.999471,0.000529,0
0.999885,0.000115,0
0.999977,0.000023,0
0.001965,0.998035,1
0.999483,0.000517,0
0.000000,1.000000,1
0.999989,0.000011,0
0.000009,0.999991,1
0.999973,0.000027,0
0.000027,0.999973,1
0.000036,0.999964,1
0.000015,0.999985,1
0.000003,0.999997,1
0.000105,0.999895,1
0.000084,0.999916,1
0.000011,0.999989,1
0.000007,0.999993,1
0.999963,0.000037,0
0.000117,0.999883,1
0.000006,0.999994,1
0.000001,0.999999,1
0.000035,0.999965,1
0.000006,0.999994,1
0.000150,0.999850,1
0.000122,0.999878,1
0.999696,0.000304,0
0.000045,0.999955,1
0.000037,0.999963,1
0.000002,0.999998,1
0.999994,0.000006,0
0.000039,0.999961,1
0.999953,0.000047,0
0.999946,0.000054,0
0.000077,0.999923,1
0.999574,0.000426,0
0.999990,0.000010,0
0.000060,0.999940,1
0.000109,0.999891,1
0.999959,0.000041,0
0.999863,0.000137,0
0.999990,0.000010,0
0.000000,1.000000,1
0.999907,0.000093,0
0.999691,0.000309,0
0.999855,0.000145,0
0.999963,0.000037,0
0.999900,0.000100,0
0.000044,0.999956,1
0.000086,0.999914,1
0.000042,0.999958,1
0.000067,0.999933,1
0.000066,0.999934,1
0.000073,0.999927,1
0.999996,0.000004,0
0.999907,0.000093,0
0.000233,0.999767,1
0.999964,0.000036,0
0.000204,0.999796,1
0.000103,0.999897,1
0.000141,0.999859,1
0.999862,0.000138,0
0.999884,0.000116,0
0.000043,0.999957,1
0.000057,0.999943,1
0.000041,0.999959,1
0.999898,0.000102,0
0.999988,0.000012,0
0.000001,0.999999,1
0.999946,0.000054,0
0.000017,0.999983,1
0.000003,0.999997,1
0.999890,0.000110,0
0.000072,0.999928,1
0.000162,0.999838,1
0.000176,0.999824,1
0.000013,0.999987,1
0.000000,1.000000,1
0.000001,0.999999,1
0.000043,0.999957,1
0.999904,0.000096,0
0.000001,0.999999,1
0.999962,0.000038,0
0.998947,0.001053,0
0.999998,0.000002,0
0.000040,0.999960,1
0.000196,0.999804,1
0.999740,0.000260,0
0.999997,0.000003,0
0.000013,0.999987,1
0.999901,0.000099,0
0.000098,0.999902,1
0.000058,0.999942,1
0.000027,0.999973,1
0.000000,1.000000,1
0.000495,0.999505,1
0.000195,0.999805,1
0.001293,0.998707,1
0.000092,0.999908,1
0.000005,0.999995,1
0.999929,0.000071,0
0.000133,0.999867,1
0.999848,0.000152,0
0.000011,0.999989,1
0.000062,0.999938,1
0.999819,0.000181,0
0.999871,0.000129,0
0.000018,0.999982,1
0.000160,0.999840,1
0.999929,0.000071,0
0.000535,0.999465,1
0.000165,0.999835,1
0.000174,0.999826,1
0.000007,0.999993,1
0.001360,0.998640,1
0.999984,0.000016,0
0.999947,0.000053,0
0.000002,0.999998,1
0.000003,0.999997,1
0.999932,0.000068,0
0.000011,0.999989,1
0.000012,0.999988,1
0.999992,0.000008,0
0.999361,0.000639,0
0.000100,0.999900,1
0.999951,0.000049,0
0.000039,0.999961,1
0.000081,0.999919,1
0.000133,0.999867,1
0.999993,0.000007,0
0.000036,0.999964,1
0.999994,0.000006,0
0.000018,0.999982,1
0.000012,0.999988,1
0.999919,0.000081,0
0.999974,0.000026,0
0.000231,0.999769,1
0.000202,0.999798,1
0.999914,0.000086,0
0.000004,0.999996,1
0.999879,0.000121,0
0.000007,0.999993,1
0.000121,0.999879,1
0.000038,0.999962,1
0.000034,0.999966,1
0.999990,0.000010,0
0.999986,0.000014,0
0.000005,0.999995,1
0.999970,0.000030,0
0.000051,0.999949,1
0.999723,0.000277,0
0.999909,0.000091,0
0.999965,0.000035,0
0.999889,0.000111,0
0.000003,0.999997,1
0.999914,0.000086,0
0.000993,0.999007,1
0.000177,0.999823,1
0.999970,0.000030,0
0.999880,0.000120,0
0.999926,0.000074,0
0.999961,0.000039,0
0.999988,0.000012,0
0.999990,0.000010,0
0.000037,0.999963,1
0.999947,0.000053,0
0.999979,0.000021,0
0.000108,0.999892,1
0.000092,0.999908,1
0.999992,0.000008,0
0.000112,0.999888,1
0.000029,0.999971,1
0.999971,0.000029,0
0.999311,0.000689,0
0.999949,0.000051,0
0.000161,0.999839,1
0.000274,0.999726,1
0.000121,0.999879,1
0.999973,0.000027,0
0.000127,0.999873,1
0.999971,0.000029,0
0.999880,0.000120,0
0.000008,0.999992,1
0.999981,0.000019,0
0.000000,1.000000,1
0.000054,0.999946,1
0.000068,0.999932,1
0.999948,0.000052,0
0.000006,0.999994,1
0.999996,0.000004,0
0.000016,0.999984,1
0.000007,0.999993,1
0.000167,0.999833,1
0.000068,0.999932,1
0.000503,0.999497,1
0.999887,0.000113,0
0.999889,0.000111,0
0.000317,0.999683,1
0.000067,0.999933,1
0.999655,0.000345,0
0.000080,0.999920,1
0.000001,0.999999,1
0.000141,0.999859,1
0.000471,0.999529,1
0.000147,0.999853,1
0.000059,0.999941,1
0.000008,0.999992,1
0.000013,0.999987,1
0.000052,0.999948,1
0.000025,0.999975,1
0.000017,0.999983,1
0.000199,0.999801,1
0.000015,0.999985,1
0.011856,0.988144,1
0.000000,1.000000,1
0.000004,0.999996,1
0.000171,0.999829,1
0.000032,0.999968,1
0.000266,0.999734,1
0.999787,0.000213,0
0.000542,0.999458,1
0.999944,0.000056,0
0.999928,0.000072,0
0.000004,0.999996,1
0.000042,0.999958,1
0.000078,0.999922,1
0.999853,0.000147,0
0.999952,0.000048,0
0.999588,0.000412,0
0.999999,0.000001,0
0.999955,0.000045,0
0.000022,0.999978,1
0.999982,0.000018,0
0.000361,0.999639,1
0.000242,0.999758,1
0.000051,0.999949,1
0.000054,0.999946,1
0.999887,0.000113,0
0.000089,0.999911,1
0.000002,0.999998,1
0.999957,0.000043,0
0.000474,0.999526,1
0.000056,0.999944,1
0.000055,0.999945,1
0.000028,0.999972,1
0.999941,0.000059,0
0.999933,0.000067,0
0.000007,0.999993,1
0.000039,0.999961,1
0.999932,0.000068,0
0.000392,0.999608,1
0.999983,0.000017,0
0.000083,0.999917,1
0.999983,0.000017,0
0.000033,0.999967,1
0.001436,0.998564,1
0.000001,0.999999,1
0.999996,0.000004,0
0.000837,0.999163,1
0.999981,0.000019,0
0.999932,0.000068,0
0.000049,0.999951,1
0.000001,0.999999,1
0.000002,0.999998,1
0.999938,0.000062,0
0.999978,0.000022,0
0.000003,0.999997,1
0.999917,0.000083,0
0.000039,0.999961,1
0.000032,0.999968,1
0.000028,0.999972,1
0.000666,0.999334,1
0.999844,0.000156,0
0.000066,0.999934,1
0.999974,0.000026,0
0.000027,0.999973,1
0.999942,0.000058,0
0.000137,0.999863,1
0.000074,0.999926,1
0.999977,0.000023,0
0.000057,0.999943,1
0.999333,0.000667,0
0.999991,0.000009,0
0.000064,0.999936,1
0.000389,0.999611,1
