score0,score1,class
0.145265,0.854735,1
0.018739,0.981261,1
0.012845,0.987155,1
0.670713,0.329287,0
0.022466,0.977534,1
0.166104,0.833896,1
0.042227,0.957773,1
0.004140,0.995860,1
0.050545,0.949455,1
0.053815,0.946185,1
0.050703,0.949297,1
0.030408,0.969592,1
0.039758,0.960242,1
0.034121,0.965879,1
0.024513,0.975487,1
0.035909,0.964091,1
0.044140,0.955860,1
0.086988,0.913012,1
0.895050,0.104950,0
0.009696,0.990304,1
0.192849,0.807151,1
0.640866,0.359134,0
0.339022,0.660978,1
0.166104,0.833896,1
0.110100,0.889900,1
0.089921,0.910079,1
0.043311,0.956689,1
0.096920,0.903080,1
0.053815,0.946185,1
0.056046,0.943954,1
0.008123,0.991877,1
0.227364,0.772636,1
0.838081,0.161919,0
0.036954,0.963046,1
0.005513,0.994487,1
0.005495,0.994505,1
0.008285,0.991715,1
0.551176,0.448824,0
0.083633,0.916367,1
0.063470,0.936530,1
0.151533,0.848467,1
0.113715,0.886285,1
0.039758,0.960242,1
0.030408,0.969592,1
0.034121,0.965879,1
0.008123,0.991877,1
0.046135,0.953865,1
0.042227,0.957773,1
0.039758,0.960242,1
0.050386,0.949614,1
0.284488,0.715512,1
0.014635,0.985365,1
0.214837,0.785163,1
0.089921,0.910079,1
0.005513,0.994487,1
0.849836,0.150164,0
0.036954,0.963046,1
0.044140,0.955860,1
0.002443,0.997557,1
0.123745,0.876255,1
0.015671,0.984329,1
0.048368,0.951632,1
0.008123,0.991877,1
0.008123,0.991877,1
0.466249,0.533751,1
0.011198,0.988802,1
0.063470,0.936530,1
0.063470,0.936530,1
0.083633,0.916367,1
0.008285,0.991715,1
0.002958,0.997042,1
0.326540,0.673460,1
0.051344,0.948656,1
0.011383,0.988617,1
0.129225,0.870775,1
0.816857,0.183143,0
0.037427,0.962573,1
0.063470,0.936530,1
0.030408,0.969592,1
0.586844,0.413156,0
0.128853,0.871147,1
0.001275,0.998725,1
0.112389,0.887611,1
0.777382,0.222618,0
0.177391,0.822609,1
0.023658,0.976342,1
0.871232,0.128768,0
0.366957,0.633043,1
0.004865,0.995135,1
0.080887,0.919113,1
0.094064,0.905936,1
0.037427,0.962573,1
0.081876,0.918124,1
0.044140,0.955860,1
0.149419,0.850581,1
0.094913,0.905087,1
0.005513,0.994487,1
0.486870,0.513130,1
0.176909,0.823091,1
0.267315,0.732685,1
0.623179,0.376821,0
0.014635,0.985365,1
0.035909,0.964091,1
0.006519,0.993481,1
0.051344,0.948656,1
0.846428,0.153572,0
0.089921,0.910079,1
0.119506,0.880494,1
0.120203,0.879797,1
0.011383,0.988617,1
0.145265,0.854735,1
0.345723,0.654277,1
0.015928,0.984072,1
0.410937,0.589063,1
0.083633,0.916367,1
0.040522,0.959478,1
0.038514,0.961486,1
0.043311,0.956689,1
0.063470,0.936530,1
0.001275,0.998725,1
0.904011,0.095989,0
0.895050,0.104950,0
0.064460,0.935540,1
0.007508,0.992492,1
0.901691,0.098309,0
0.195436,0.804564,1
0.008123,0.991877,1
0.037427,0.962573,1
0.042227,0.957773,1
0.137635,0.862365,1
0.803642,0.196358,0
0.001275,0.998725,1
0.035909,0.964091,1
0.001275,0.998725,1
0.382453,0.617547,1
0.122673,0.877327,1
0.064460,0.935540,1
0.081876,0.918124,1
0.038514,0.961486,1
0.159346,0.840654,1
0.084397,0.915603,1
0.080887,0.919113,1
0.301613,0.698387,1
0.261526,0.738474,1
0.136852,0.863148,1
0.173090,0.826910,1
0.001275,0.998725,1
0.001275,0.998725,1
0.862847,0.137153,0
0.046135,0.953865,1
0.038760,0.961240,1
0.320748,0.679252,1
0.062108,0.937892,1
0.269913,0.730087,1
0.846428,0.153572,0
0.050703,0.949297,1
0.666316,0.333684,0
0.050703,0.949297,1
0.616164,0.383836,0
0.025810,0.974190,1
0.145265,0.854735,1
0.538875,0.461125,0
0.001275,0.998725,1
0.006247,0.993753,1
0.007077,0.992923,1
0.118121,0.881879,1
0.173564,0.826436,1
0.040522,0.959478,1
0.094064,0.905936,1
0.007508,0.992492,1
0.129225,0.870775,1
0.080397,0.919603,1
0.068989,0.931011,1
0.018437,0.981563,1
0.382453,0.617547,1
0.070926,0.929074,1
0.008992,0.991008,1
0.042094,0.957906,1
0.080887,0.919113,1
0.737343,0.262657,0
0.084909,0.915091,1
0.462958,0.537042,1
0.012887,0.987113,1
0.096920,0.903080,1
0.435960,0.564040,1
0.251436,0.748564,1
0.486870,0.513130,1
0.361596,0.638404,1
0.001275,0.998725,1
0.034340,0.965660,1
0.027615,0.972385,1
0.094913,0.905087,1
0.008992,0.991008,1
0.014305,0.985695,1
0.001275,0.998725,1
0.018678,0.981322,1
0.069629,0.930371,1
0.503402,0.496598,0
0.008992,0.991008,1
0.034121,0.965879,1
0.063470,0.936530,1
0.044140,0.955860,1
0.862455,0.137545,0
0.005495,0.994505,1
0.002443,0.997557,1
0.173090,0.826910,1
0.071802,0.928198,1
0.017278,0.982722,1
0.152813,0.847187,1
0.683009,0.316991,0
0.094064,0.905936,1
0.063470,0.936530,1
0.053815,0.946185,1
0.814870,0.185130,0
0.113715,0.886285,1
0.001275,0.998725,1
0.613815,0.386185,0
0.015022,0.984978,1
0.035909,0.964091,1
0.822237,0.177763,0
0.063470,0.936530,1
0.089921,0.910079,1
0.090464,0.909536,1
0.343482,0.656518,1
0.170736,0.829264,1
0.112389,0.887611,1
0.838081,0.161919,0
0.821268,0.178732,0
0.137635,0.862365,1
0.477787,0.522213,1
0.150262,0.849738,1
0.094064,0.905936,1
0.002443,0.997557,1
0.002998,0.997002,1
0.026741,0.973259,1
0.499268,0.500732,1
0.084142,0.915858,1
0.061724,0.938276,1
0.112719,0.887281,1
0.071802,0.928198,1
0.913073,0.086927,0
0.002443,0.997557,1
0.021611,0.978389,1
0.781362,0.218638,0
0.152813,0.847187,1
0.239795,0.760205,1
0.022466,0.977534,1
0.002443,0.997557,1
0.705465,0.294535,0
0.084397,0.915603,1
0.006519,0.993481,1
0.902566,0.097434,0
0.005495,0.994505,1
0.843831,0.156169,0
0.438401,0.561599,1
0.226205,0.773795,1
0.285837,0.714163,1
0.084142,0.915858,1
0.164734,0.835266,1
0.071802,0.928198,1
0.051992,0.948008,1
0.087251,0.912749,1
0.415748,0.584252,1
0.148163,0.851837,1
0.018437,0.981563,1
0.054834,0.945166,1
0.008123,0.991877,1
0.036954,0.963046,1
0.274500,0.725500,1
0.063470,0.936530,1
0.030800,0.969200,1
0.855240,0.144760,0
0.007508,0.992492,1
0.237991,0.762009,1
0.024513,0.975487,1
0.005495,0.994505,1
0.009696,0.990304,1
0.822237,0.177763,0
0.730237,0.269763,0
0.036602,0.963398,1
0.069629,0.930371,1
0.005495,0.994505,1
0.024513,0.975487,1
0.226205,0.773795,1
0.062108,0.937892,1
0.046135,0.953865,1
0.805203,0.194797,0
0.030800,0.969200,1
0.057284,0.942716,1
0.048368,0.951632,1
0.084397,0.915603,1
0.014635,0.985365,1
0.001762,0.998238,1
0.038514,0.961486,1
0.331651,0.668349,1
0.771606,0.228394,0
0.071363,0.928637,1
0.051344,0.948656,1
0.089921,0.910079,1
0.136852,0.863148,1
0.006519,0.993481,1
0.096920,0.903080,1
0.040522,0.959478,1
0.046135,0.953865,1
0.891583,0.108417,0
0.142414,0.857586,1
0.229697,0.770303,1
0.005495,0.994505,1
0.319309,0.680691,1
0.184746,0.815254,1
0.049601,0.950399,1
0.137635,0.862365,1
0.199630,0.800370,1
0.001275,0.998725,1
0.063470,0.936530,1
0.050545,0.949455,1
0.002958,0.997042,1
0.148163,0.851837,1
0.830772,0.169228,0
0.063470,0.936530,1
0.214837,0.785163,1
0.569911,0.430089,0
0.002998,0.997002,1
0.021611,0.978389,1
0.213168,0.786832,1
0.917683,0.082317,0
0.061724,0.938276,1
0.632452,0.367548,0
0.110100,0.889900,1
0.177391,0.822609,1
0.031803,0.968197,1
0.096920,0.903080,1
0.022466,0.977534,1
0.252683,0.747317,1
0.807269,0.192731,0
0.049913,0.950087,1
0.164734,0.835266,1
0.084142,0.915858,1
0.063470,0.936530,1
0.090464,0.909536,1
0.024513,0.975487,1
0.024513,0.975487,1
0.317156,0.682844,1
0.063470,0.936530,1
0.703400,0.296600,0
0.257079,0.742921,1
0.018437,0.981563,1
0.227364,0.772636,1
0.062108,0.937892,1
0.002443,0.997557,1
0.851516,0.148484,0
0.173090,0.826910,1
0.851934,0.148066,0
0.408537,0.591463,1
0.008123,0.991877,1
0.004865,0.995135,1
0.064460,0.935540,1
0.001762,0.998238,1
0.015671,0.984329,1
0.099261,0.900739,1
0.040522,0.959478,1
0.005513,0.994487,1
0.001275,0.998725,1
0.319309,0.680691,1
0.037427,0.962573,1
0.005495,0.994505,1
0.460492,0.539508,1
0.137635,0.862365,1
0.001762,0.998238,1
0.307215,0.692785,1
0.374673,0.625327,1
0.114384,0.885616,1
0.008123,0.991877,1
0.472838,0.527162,1
0.547901,0.452099,0
0.084397,0.915603,1
0.526527,0.473473,0
0.064460,0.935540,1
0.258345,0.741655,1
0.258345,0.741655,1
0.019546,0.980454,1
0.145265,0.854735,1
0.571531,0.428469,0
0.371578,0.628422,1
0.043862,0.956138,1
0.112389,0.887611,1
0.084397,0.915603,1
0.004140,0.995860,1
0.147746,0.852254,1
0.050386,0.949614,1
0.084142,0.915858,1
0.021963,0.978037,1
0.007508,0.992492,1
0.030408,0.969592,1
0.036954,0.963046,1
0.175469,0.824531,1
0.001275,0.998725,1
0.036954,0.963046,1
0.554446,0.445554,0
0.002958,0.997042,1
0.574767,0.425233,0
0.005495,0.994505,1
0.070059,0.929941,1
0.901397,0.098603,0
0.653701,0.346299,0
0.001275,0.998725,1
0.085167,0.914833,1
0.028153,0.971847,1
0.139610,0.860390,1
0.036954,0.963046,1
0.007077,0.992923,1
0.353241,0.646759,1
0.071582,0.928418,1
0.043311,0.956689,1
0.159346,0.840654,1
0.045701,0.954299,1
0.063470,0.936530,1
0.173564,0.826436,1
0.036954,0.963046,1
0.063470,0.936530,1
0.927807,0.072193,0
0.113715,0.886285,1
0.501749,0.498251,0
0.885358,0.114642,0
0.063470,0.936530,1
0.854830,0.145170,0
0.002443,0.997557,1
0.232046,0.767954,1
0.031701,0.968299,1
0.034121,0.965879,1
0.063470,0.936530,1
0.021611,0.978389,1
0.036954,0.963046,1
0.051667,0.948333,1
0.845997,0.154003,0
0.048368,0.951632,1
0.846428,0.153572,0
0.528176,0.471824,0
0.067102,0.932898,1
0.018678,0.981322,1
0.005495,0.994505,1
0.910681,0.089319,0
0.007508,0.992492,1
0.090464,0.909536,1
0.005513,0.994487,1
0.068989,0.931011,1
0.054834,0.945166,1
0.624731,0.375269,0
0.125549,0.874451,1
0.630913,0.369087,0
0.514973,0.485027,0
0.139610,0.860390,1
0.173090,0.826910,1
0.099261,0.900739,1
0.723011,0.276989,0
0.046135,0.953865,1
0.547901,0.452099,0
0.053815,0.946185,1
0.129225,0.870775,1
0.732187,0.267813,0
0.011383,0.988617,1
0.360071,0.639929,1
0.094913,0.905087,1
0.008123,0.991877,1
0.064460,0.935540,1
0.498442,0.501558,1
0.064460,0.935540,1
0.206046,0.793954,1
0.054834,0.945166,1
0.002443,0.997557,1
0.002958,0.997042,1
0.101049,0.898951,1
0.081876,0.918124,1
0.044140,0.955860,1
0.026741,0.973259,1
0.004865,0.995135,1
0.819807,0.180193,0
0.094913,0.905087,1
0.113715,0.886285,1
0.063470,0.936530,1
0.084397,0.915603,1
0.043723,0.956277,1
0.170736,0.829264,1
0.086988,0.913012,1
0.064460,0.935540,1
0.694352,0.305648,0
0.002998,0.997002,1
0.119854,0.880146,1
0.071582,0.928418,1
0.047463,0.952537,1
0.145265,0.854735,1
0.022466,0.977534,1
0.071802,0.928198,1
0.877764,0.122236,0
0.522403,0.477597,0
0.320748,0.679252,1
0.829840,0.170160,0
0.827019,0.172981,0
0.899619,0.100381,0
0.001762,0.998238,1
0.089921,0.910079,1
0.159346,0.840654,1
0.041828,0.958172,1
0.006519,0.993481,1
0.549539,0.450461,0
0.002998,0.997002,1
0.071802,0.928198,1
0.177874,0.822126,1
0.005495,0.994505,1
0.084142,0.915858,1
0.581221,0.418779,0
0.630913,0.369087,0
0.827019,0.172981,0
0.865948,0.134052,0
0.184746,0.815254,1
0.914117,0.085883,0
0.317873,0.682127,1
0.023581,0.976419,1
0.090464,0.909536,1
0.001524,0.998476,1
0.063470,0.936530,1
0.006519,0.993481,1
0.026741,0.973259,1
0.063470,0.936530,1
0.834459,0.165541,0
0.027704,0.972296,1
0.101651,0.898349,1
0.145265,0.854735,1
0.785848,0.214152,0
0.001275,0.998725,1
0.339022,0.660978,1
0.140406,0.859594,1
0.086988,0.913012,1
0.524878,0.475122,0
0.002443,0.997557,1
0.090736,0.909264,1
0.034781,0.965219,1
0.781362,0.218638,0
0.129225,0.870775,1
0.063470,0.936530,1
0.050545,0.949455,1
0.037427,0.962573,1
0.084397,0.915603,1
0.039758,0.960242,1
0.321469,0.678531,1
0.008123,0.991877,1
0.011198,0.988802,1
0.431898,0.568102,1
0.435960,0.564040,1
0.008123,0.991877,1
0.035909,0.964091,1
0.090464,0.909536,1
0.098084,0.901916,1
0.110100,0.889900,1
0.843394,0.156606,0
0.025810,0.974190,1
0.128113,0.871887,1
0.049601,0.950399,1
0.050071,0.949929,1
0.007077,0.992923,1
0.001275,0.998725,1
0.042227,0.957773,1
0.007077,0.992923,1
0.002443,0.997557,1
0.169336,0.830664,1
0.221037,0.778963,1
0.076805,0.923195,1
0.027704,0.972296,1
0.043862,0.956138,1
0.053815,0.946185,1
0.002958,0.997042,1
0.063078,0.936922,1
0.910412,0.089588,0
0.811858,0.188142,0
0.145265,0.854735,1
0.049601,0.950399,1
0.214280,0.785720,1
0.094913,0.905087,1
0.070275,0.929725,1
0.173090,0.826910,1
0.006519,0.993481,1
0.735417,0.264583,0
0.004865,0.995135,1
0.916171,0.083829,0
0.178359,0.821641,1
0.226205,0.773795,1
0.063470,0.936530,1
0.173090,0.826910,1
0.192849,0.807151,1
0.094064,0.905936,1
0.303008,0.696992,1
0.914117,0.085883,0
0.001275,0.998725,1
0.250193,0.749807,1
0.101049,0.898951,1
0.006519,0.993481,1
0.002443,0.997557,1
0.834459,0.165541,0
0.255189,0.744811,1
0.034230,0.965770,1
0.284488,0.715512,1
0.006519,0.993481,1
0.195957,0.804043,1
0.046135,0.953865,1
0.094913,0.905087,1
0.036954,0.963046,1
0.056046,0.943954,1
0.022466,0.977534,1
0.011383,0.988617,1
0.854830,0.145170,0
0.063470,0.936530,1
0.051992,0.948008,1
0.481088,0.518912,1
0.877053,0.122947,0
0.267315,0.732685,1
0.650700,0.349300,0
0.036954,0.963046,1
0.008123,0.991877,1
0.528176,0.471824,0
0.063078,0.936922,1
0.002958,0.997042,1
0.164734,0.835266,1
0.001275,0.998725,1
0.050545,0.949455,1
0.112389,0.887611,1
0.434334,0.565666,1
0.050386,0.949614,1
0.129225,0.870775,1
0.049601,0.950399,1
0.007784,0.992216,1
0.809319,0.190681,0
0.002443,0.997557,1
0.732835,0.267165,0
0.229697,0.770303,1
0.006939,0.993061,1
0.279800,0.720200,1
0.063470,0.936530,1
0.901103,0.098897,0
0.049601,0.950399,1
0.145265,0.854735,1
0.664106,0.335894,0
0.002958,0.997042,1
0.031499,0.968501,1
0.912282,0.087718,0
0.170736,0.829264,1
0.042227,0.957773,1
0.050071,0.949929,1
0.015022,0.984978,1
0.330918,0.669082,1
0.064460,0.935540,1
0.005513,0.994487,1
0.934582,0.065418,0
0.071802,0.928198,1
0.503402,0.496598,0
0.317156,0.682844,1
0.005735,0.994265,1
0.056046,0.943954,1
0.018437,0.981563,1
0.092664,0.907336,1
0.089921,0.910079,1
0.037427,0.962573,1
0.410937,0.589063,1
0.184746,0.815254,1
0.096631,0.903369,1
0.002958,0.997042,1
0.912810,0.087190,0
0.881959,0.118041,0
0.145265,0.854735,1
0.018437,0.981563,1
0.050545,0.949455,1
0.063470,0.936530,1
0.037427,0.962573,1
0.063470,0.936530,1
0.050545,0.949455,1
0.015928,0.984072,1
0.060396,0.939604,1
0.538875,0.461125,0
0.040522,0.959478,1
0.006939,0.993061,1
0.018437,0.981563,1
0.040522,0.959478,1
0.120203,0.879797,1
0.050545,0.949455,1
0.062688,0.937312,1
0.573150,0.426850,0
0.071582,0.928418,1
0.001275,0.998725,1
0.063470,0.936530,1
0.014635,0.985365,1
0.035909,0.964091,1
0.398984,0.601016,1
0.022466,0.977534,1
0.006519,0.993481,1
0.112389,0.887611,1
0.555263,0.444737,0
0.049913,0.950087,1
0.599612,0.400388,0
0.105645,0.894355,1
0.034340,0.965660,1
0.050545,0.949455,1
0.869741,0.130259,0
0.053815,0.946185,1
0.034781,0.965219,1
0.068989,0.931011,1
0.367726,0.632274,1
0.002958,0.997042,1
0.101651,0.898349,1
0.850678,0.149322,0
0.022466,0.977534,1
0.087251,0.912749,1
0.096343,0.903657,1
0.210958,0.789042,1
0.128113,0.871887,1
0.030800,0.969200,1
0.011383,0.988617,1
0.063470,0.936530,1
0.012432,0.987568,1
0.382453,0.617547,1
0.251436,0.748564,1
0.005513,0.994487,1
0.793537,0.206463,0
0.765725,0.234275,0
0.128853,0.871147,1
0.191822,0.808178,1
0.284488,0.715512,1
0.101651,0.898349,1
0.036954,0.963046,1
0.015468,0.984532,1
0.042094,0.957906,1
0.035909,0.964091,1
0.060396,0.939604,1
0.011383,0.988617,1
0.257079,0.742921,1
0.281803,0.718197,1
0.891263,0.108737,0
0.408537,0.591463,1
0.760946,0.239054,0
0.825119,0.174881,0
0.142818,0.857182,1
0.221037,0.778963,1
0.934582,0.065418,0
0.001275,0.998725,1
0.084909,0.915091,1
0.042227,0.957773,1
0.139610,0.860390,1
0.090736,0.909264,1
0.310746,0.689254,1
0.011383,0.988617,1
0.094346,0.905654,1
0.002998,0.997002,1
0.112389,0.887611,1
0.063470,0.936530,1
0.006519,0.993481,1
0.031701,0.968299,1
0.790267,0.209733,0
0.178359,0.821641,1
0.002998,0.997002,1
0.289904,0.710096,1
0.068566,0.931434,1
0.137635,0.862365,1
0.063470,0.936530,1
0.008992,0.991008,1
0.112389,0.887611,1
0.008123,0.991877,1
0.071802,0.928198,1
0.928468,0.071532,0
0.110100,0.889900,1
0.842519,0.157481,0
0.040522,0.959478,1
0.142414,0.857586,1
0.868235,0.131765,0
0.210958,0.789042,1
0.008123,0.991877,1
0.151533,0.848467,1
0.034121,0.965879,1
0.001275,0.998725,1
0.142818,0.857182,1
0.094913,0.905087,1
0.666316,0.333684,0
0.210958,0.789042,1
0.207130,0.792870,1
0.901983,0.098017,0
0.514973,0.485027,0
0.063470,0.936530,1
0.867095,0.132905,0
0.008123,0.991877,1
0.052483,0.947517,1
0.056046,0.943954,1
0.803642,0.196358,0
0.712290,0.287710,0
0.018678,0.981322,1
0.083633,0.916367,1
0.018437,0.981563,1
0.295381,0.704619,1
0.742434,0.257566,0
0.083633,0.916367,1
0.134141,0.865859,1
0.096920,0.903080,1
0.099261,0.900739,1
0.431898,0.568102,1
0.071802,0.928198,1
0.071363,0.928637,1
0.610675,0.389325,0
0.005495,0.994505,1
0.896593,0.103407,0
0.285837,0.714163,1
0.632452,0.367548,0
0.405344,0.594656,1
0.310746,0.689254,1
0.034121,0.965879,1
0.152813,0.847187,1
0.741801,0.258199,0
0.001524,0.998476,1
0.694352,0.305648,0
0.885694,0.114306,0
0.039758,0.960242,1
0.007077,0.992923,1
0.106901,0.893099,1
0.295381,0.704619,1
0.361596,0.638404,1
0.153671,0.846329,1
0.004140,0.995860,1
0.030800,0.969200,1
0.329455,0.670545,1
0.050703,0.949297,1
0.134141,0.865859,1
0.190798,0.809202,1
0.878825,0.121175,0
0.083633,0.916367,1
0.301613,0.698387,1
0.696454,0.303546,0
0.046135,0.953865,1
0.094913,0.905087,1
0.374673,0.625327,1
0.118121,0.881879,1
0.061724,0.938276,1
0.043311,0.956689,1
0.037427,0.962573,1
0.214280,0.785720,1
0.004865,0.995135,1
0.063078,0.936922,1
0.008123,0.991877,1
0.007508,0.992492,1
0.094913,0.905087,1
0.040522,0.959478,1
0.285162,0.714838,1
0.096343,0.903657,1
0.006519,0.993481,1
0.001275,0.998725,1
0.011383,0.988617,1
0.746210,0.253790,0
0.366957,0.633043,1
0.910412,0.089588,0
0.882302,0.117698,0
0.274500,0.725500,1
0.008123,0.991877,1
0.258345,0.741655,1
0.103478,0.896522,1
0.008123,0.991877,1
0.781362,0.218638,0
0.050545,0.949455,1
0.836278,0.163722,0
0.271219,0.728781,1
0.623179,0.376821,0
0.152813,0.847187,1
0.228528,0.771472,1
0.002998,0.997002,1
0.633220,0.366780,0
0.039758,0.960242,1
0.005513,0.994487,1
0.680138,0.319862,0
0.708889,0.291111,0
0.460492,0.539508,1
0.688709,0.311291,0
0.197001,0.802999,1
0.007508,0.992492,1
0.014305,0.985695,1
0.096920,0.903080,1
0.053815,0.946185,1
0.002958,0.997042,1
0.255818,0.744182,1
0.035004,0.964996,1
0.388720,0.611280,1
0.005495,0.994505,1
0.049601,0.950399,1
0.906843,0.093157,0
0.056046,0.943954,1
0.040522,0.959478,1
0.145265,0.854735,1
0.046135,0.953865,1
0.484391,0.515609,1
0.002998,0.997002,1
0.762147,0.237853,0
0.128853,0.871147,1
0.640866,0.359134,0
0.009856,0.990144,1
0.070275,0.929725,1
0.051344,0.948656,1
0.046135,0.953865,1
0.001762,0.998238,1
0.041432,0.958568,1
0.229112,0.770888,1
0.073811,0.926189,1
0.931060,0.068940,0
0.070275,0.929725,1
0.005495,0.994505,1
0.089921,0.910079,1
0.042227,0.957773,1
0.053815,0.946185,1
0.002998,0.997002,1
0.696454,0.303546,0
0.842519,0.157481,0
0.047613,0.952387,1
0.005513,0.994487,1
0.683724,0.316276,0
0.056046,0.943954,1
0.026741,0.973259,1
0.675805,0.324195,0
0.050071,0.949929,1
0.882302,0.117698,0
0.063470,0.936530,1
0.255818,0.744182,1
0.317156,0.682844,1
0.046135,0.953865,1
0.781362,0.218638,0
0.692243,0.307757,0
0.085167,0.914833,1
0.293320,0.706680,1
0.034121,0.965879,1
0.005495,0.994505,1
0.035909,0.964091,1
0.009696,0.990304,1
0.006519,0.993481,1
0.068566,0.931434,1
0.006519,0.993481,1
0.041301,0.958699,1
0.001275,0.998725,1
0.294006,0.705994,1
0.083887,0.916113,1
0.878825,0.121175,0
0.022466,0.977534,1
0.105645,0.894355,1
0.406142,0.593858,1
0.022466,0.977534,1
0.006519,0.993481,1
0.163826,0.836174,1
0.070926,0.929074,1
0.002958,0.997042,1
0.071802,0.928198,1
0.902857,0.097143,0
0.018437,0.981563,1
0.014635,0.985365,1
0.005513,0.994487,1
0.094064,0.905936,1
0.034340,0.965660,1
0.015468,0.984532,1
0.178359,0.821641,1
0.699938,0.300062,0
0.035341,0.964659,1
0.674355,0.325645,0
0.817845,0.182155,0
0.408537,0.591463,1
0.912810,0.087190,0
0.797304,0.202696,0
0.191822,0.808178,1
0.306512,0.693488,1
0.046135,0.953865,1
0.001275,0.998725,1
0.089921,0.910079,1
0.021963,0.978037,1
0.575575,0.424425,0
0.034121,0.965879,1
0.255189,0.744811,1
0.006519,0.993481,1
0.070275,0.929725,1
0.016509,0.983491,1
0.089921,0.910079,1
0.026061,0.973939,1
0.822237,0.177763,0
0.171204,0.828796,1
0.062688,0.937312,1
0.034121,0.965879,1
0.063470,0.936530,1
0.043862,0.956138,1
0.084397,0.915603,1
0.152813,0.847187,1
0.748085,0.251915,0
0.757925,0.242075,0
0.002443,0.997557,1
0.031298,0.968702,1
0.867095,0.132905,0
0.011383,0.988617,1
0.774507,0.225493,0
0.195957,0.804043,1
0.101651,0.898349,1
0.022466,0.977534,1
0.383234,0.616766,1
0.061724,0.938276,1
0.084142,0.915858,1
0.071802,0.928198,1
0.777953,0.222047,0
0.858082,0.141918,0
0.195436,0.804564,1
0.040522,0.959478,1
0.022466,0.977534,1
0.004865,0.995135,1
0.094064,0.905936,1
0.051667,0.948333,1
0.043862,0.956138,1
0.049601,0.950399,1
0.353997,0.646003,1
0.016509,0.983491,1
0.809319,0.190681,0
0.743066,0.256934,0
0.002998,0.997002,1
0.207130,0.792870,1
0.135684,0.864316,1
0.034121,0.965879,1
0.113715,0.886285,1
0.043862,0.956138,1
0.009696,0.990304,1
0.170736,0.829264,1
0.022466,0.977534,1
0.036602,0.963398,1
0.018437,0.981563,1
0.893486,0.106514,0
0.299528,0.700472,1
0.866714,0.133286,0
0.963308,0.036692,0
0.708889,0.291111,0
0.014635,0.985365,1
0.778524,0.221476,0
0.046135,0.953865,1
0.063470,0.936530,1
0.305108,0.694892,1
0.084397,0.915603,1
0.183752,0.816248,1
0.049913,0.950087,1
0.005513,0.994487,1
0.914117,0.085883,0
0.864405,0.135595,0
0.927362,0.072638,0
0.007077,0.992923,1
0.044140,0.955860,1
0.012432,0.987568,1
0.030800,0.969200,1
0.014588,0.985412,1
0.046135,0.953865,1
0.113715,0.886285,1
0.039758,0.960242,1
0.438401,0.561599,1
0.664106,0.335894,0
0.683724,0.316276,0
0.255818,0.744182,1
0.005513,0.994487,1
0.310746,0.689254,1
0.147746,0.852254,1
0.110425,0.889575,1
0.046135,0.953865,1
0.129225,0.870775,1
0.630913,0.369087,0
0.110425,0.889575,1
0.060396,0.939604,1
0.002958,0.997042,1
0.006519,0.993481,1
0.411737,0.588263,1
0.031803,0.968197,1
0.461314,0.538686,1
0.699938,0.300062,0
0.051667,0.948333,1
0.257711,0.742289,1
0.034230,0.965770,1
0.018437,0.981563,1
0.001275,0.998725,1
0.048368,0.951632,1
0.011383,0.988617,1
0.118121,0.881879,1
0.005513,0.994487,1
0.152813,0.847187,1
0.209859,0.790141,1
0.027615,0.972385,1
0.084909,0.915091,1
0.011383,0.988617,1
0.110100,0.889900,1
0.011383,0.988617,1
0.036954,0.963046,1
0.038760,0.961240,1
0.005495,0.994505,1
0.009856,0.990144,1
0.901103,0.098897,0
0.005495,0.994505,1
0.022466,0.977534,1
0.053815,0.946185,1
0.069629,0.930371,1
0.145265,0.854735,1
0.255818,0.744182,1
0.046135,0.953865,1
0.300222,0.699778,1
0.087251,0.912749,1
0.781927,0.218073,0
0.191310,0.808690,1
0.317873,0.682127,1
0.006519,0.993481,1
0.113715,0.886285,1
0.573150,0.426850,0
0.177874,0.822126,1
0.005735,0.994265,1
0.723011,0.276989,0
0.097210,0.902790,1
0.063470,0.936530,1
0.845566,0.154434,0
0.184746,0.815254,1
0.002443,0.997557,1
0.119854,0.880146,1
0.888672,0.111328,0
0.670713,0.329287,0
0.071802,0.928198,1
0.165647,0.834353,1
0.054834,0.945166,1
0.080887,0.919113,1
0.129225,0.870775,1
0.049601,0.950399,1
0.329455,0.670545,1
0.035341,0.964659,1
0.002998,0.997002,1
0.064460,0.935540,1
0.035909,0.964091,1
0.636287,0.363713,0
0.034340,0.965660,1
0.080397,0.919603,1
0.024513,0.975487,1
0.027615,0.972385,1
0.233226,0.766774,1
0.225049,0.774951,1
0.030800,0.969200,1
0.054834,0.945166,1
0.090464,0.909536,1
0.073811,0.926189,1
0.083633,0.916367,1
0.178359,0.821641,1
0.838977,0.161023,0
0.090464,0.909536,1
0.139610,0.860390,1
0.670713,0.329287,0
0.905436,0.094564,0
0.034121,0.965879,1
0.003582,0.996418,1
0.008123,0.991877,1
0.303008,0.696992,1
0.814870,0.185130,0
0.807269,0.192731,0
0.094064,0.905936,1
0.001275,0.998725,1
0.015928,0.984072,1
0.195957,0.804043,1
0.024513,0.975487,1
0.063470,0.936530,1
0.177391,0.822609,1
0.156270,0.843730,1
0.087251,0.912749,1
0.666316,0.333684,0
0.012845,0.987155,1
0.595636,0.404364,0
0.606736,0.393264,0
0.063470,0.936530,1
0.112389,0.887611,1
0.128853,0.871147,1
0.005513,0.994487,1
0.061724,0.938276,1
0.800492,0.199508,0
0.031803,0.968197,1
0.353997,0.646003,1
0.195436,0.804564,1
0.805203,0.194797,0
0.303008,0.696992,1
0.007077,0.992923,1
0.015468,0.984532,1
0.025316,0.974684,1
0.005495,0.994505,1
0.001275,0.998725,1
0.083633,0.916367,1
0.719687,0.280313,0
0.061724,0.938276,1
0.071802,0.928198,1
0.005513,0.994487,1
0.200689,0.799311,1
0.001275,0.998725,1
0.008992,0.991008,1
0.851934,0.148066,0
0.573150,0.426850,0
0.050071,0.949929,1
0.027615,0.972385,1
0.094913,0.905087,1
0.195957,0.804043,1
0.087251,0.912749,1
0.427036,0.572964,1
0.027704,0.972296,1
0.035909,0.964091,1
0.321469,0.678531,1
0.025810,0.974190,1
0.300917,0.699083,1
0.006519,0.993481,1
0.025810,0.974190,1
0.294693,0.705307,1
0.001275,0.998725,1
0.054834,0.945166,1
0.848565,0.151435,0
0.809319,0.190681,0
0.051992,0.948008,1
0.050545,0.949455,1
0.708889,0.291111,0
0.378555,0.621445,1
0.152813,0.847187,1
0.071582,0.928418,1
0.876338,0.123662,0
0.741801,0.258199,0
0.007508,0.992492,1
0.053815,0.946185,1
0.084397,0.915603,1
0.037427,0.962573,1
0.559342,0.440658,0
0.741801,0.258199,0
0.213168,0.786832,1
0.001275,0.998725,1
0.081876,0.918124,1
0.096920,0.903080,1
0.084397,0.915603,1
0.913596,0.086404,0
0.014635,0.985365,1
0.006519,0.993481,1
0.438401,0.561599,1
0.063078,0.936922,1
0.047613,0.952387,1
0.043723,0.956277,1
0.001524,0.998476,1
0.885358,0.114642,0
0.008123,0.991877,1
0.850678,0.149322,0
0.030800,0.969200,1
0.840312,0.159688,0
0.317873,0.682127,1
0.654449,0.345551,0
0.094913,0.905087,1
0.933769,0.066231,0
0.128853,0.871147,1
0.406142,0.593858,1
0.071802,0.928198,1
0.062688,0.937312,1
0.591647,0.408353,0
0.864792,0.135208,0
0.019865,0.980135,1
0.101049,0.898951,1
0.329455,0.670545,1
0.073811,0.926189,1
0.063470,0.936530,1
0.019865,0.980135,1
0.906001,0.093999,0
0.044140,0.955860,1
0.022466,0.977534,1
0.073811,0.926189,1
0.071802,0.928198,1
0.034230,0.965770,1
0.035909,0.964091,1
0.228528,0.771472,1
0.043311,0.956689,1
0.748085,0.251915,0
0.326540,0.673460,1
0.129225,0.870775,1
0.008123,0.991877,1
0.233226,0.766774,1
0.022466,0.977534,1
0.890620,0.109380,0
0.002443,0.997557,1
0.083887,0.916113,1
0.006939,0.993061,1
0.190798,0.809202,1
0.549539,0.450461,0
0.089921,0.910079,1
0.867095,0.132905,0
0.199630,0.800370,1
0.411737,0.588263,1
0.059836,0.940164,1
0.036602,0.963398,1
0.199630,0.800370,1
0.001524,0.998476,1
0.064460,0.935540,1
0.640866,0.359134,0
0.050545,0.949455,1
0.154102,0.845898,1
0.005495,0.994505,1
0.071582,0.928418,1
0.050545,0.949455,1
0.063470,0.936530,1
0.347971,0.652029,1
0.024513,0.975487,1
0.086988,0.913012,1
0.137635,0.862365,1
0.094064,0.905936,1
0.293320,0.706680,1
0.063470,0.936530,1
0.221037,0.778963,1
0.159346,0.840654,1
0.038514,0.961486,1
0.869366,0.130634,0
0.838977,0.161023,0
0.058365,0.941635,1
0.891263,0.108737,0
0.824641,0.175359,0
0.094913,0.905087,1
0.714319,0.285681,0
0.303008,0.696992,1
0.002443,0.997557,1
0.206588,0.793412,1
0.112389,0.887611,1
0.007508,0.992492,1
0.583633,0.416367,0
0.623955,0.376045,0
0.401365,0.598635,1
0.015468,0.984532,1
0.007508,0.992492,1
0.173090,0.826910,1
0.734128,0.265872,0
0.250814,0.749186,1
0.880226,0.119774,0
0.011383,0.988617,1
0.094064,0.905936,1
0.112389,0.887611,1
0.212614,0.787386,1
0.004865,0.995135,1
0.172617,0.827383,1
0.559342,0.440658,0
0.006519,0.993481,1
0.008123,0.991877,1
0.008123,0.991877,1
0.009696,0.990304,1
0.299528,0.700472,1
0.008992,0.991008,1
0.022466,0.977534,1
0.719687,0.280313,0
0.030800,0.969200,1
0.002958,0.997042,1
0.132612,0.867388,1
0.169336,0.830664,1
0.929342,0.070658,0
0.751806,0.248194,0
0.538875,0.461125,0
0.008123,0.991877,1
0.361596,0.638404,1
0.010285,0.989715,1
0.063470,0.936530,1
0.259614,0.740386,1
0.024513,0.975487,1
0.022466,0.977534,1
0.063078,0.936922,1
0.869741,0.130259,0
0.054834,0.945166,1
0.054834,0.945166,1
0.902566,0.097434,0
0.063470,0.936530,1
0.887026,0.112974,0
0.063470,0.936530,1
0.829840,0.170160,0
0.072023,0.927977,1
0.026061,0.973939,1
0.099261,0.900739,1
0.353997,0.646003,1
0.477787,0.522213,1
0.005495,0.994505,1
0.030408,0.969592,1
0.046135,0.953865,1
0.212614,0.787386,1
0.132992,0.867008,1
0.070926,0.929074,1
0.001275,0.998725,1
0.007508,0.992492,1
0.257079,0.742921,1
0.015022,0.984978,1
0.048368,0.951632,1
0.084142,0.915858,1
0.067102,0.932898,1
0.063470,0.936530,1
0.001275,0.998725,1
0.173564,0.826436,1
0.553629,0.446371,0
0.008123,0.991877,1
0.006519,0.993481,1
0.071802,0.928198,1
0.884685,0.115315,0
0.046135,0.953865,1
0.015468,0.984532,1
0.089921,0.910079,1
0.176909,0.823091,1
0.001275,0.998725,1
0.329455,0.670545,1
0.037427,0.962573,1
0.034230,0.965770,1
0.306512,0.693488,1
0.002443,0.997557,1
0.002443,0.997557,1
0.046135,0.953865,1
0.049913,0.950087,1
0.063078,0.936922,1
0.014635,0.985365,1
0.547082,0.452918,0
0.805203,0.194797,0
0.063470,0.936530,1
0.129225,0.870775,1
0.096920,0.903080,1
0.833084,0.166916,0
0.054834,0.945166,1
0.061724,0.938276,1
0.250193,0.749807,1
0.860084,0.139916,0
0.001275,0.998725,1
0.199630,0.800370,1
0.851934,0.148066,0
0.791907,0.208093,0
0.016509,0.983491,1
0.090464,0.909536,1
0.040522,0.959478,1
0.012432,0.987568,1
0.008992,0.991008,1
0.037427,0.962573,1
0.053815,0.946185,1
0.858485,0.141515,0
0.049601,0.950399,1
0.063470,0.936530,1
0.241608,0.758392,1
0.101049,0.898951,1
0.370035,0.629965,1
0.472838,0.527162,1
0.581221,0.418779,0
0.089921,0.910079,1
0.008123,0.991877,1
0.059650,0.940350,1
0.073811,0.926189,1
0.327996,0.672004,1
0.006519,0.993481,1
0.261526,0.738474,1
0.068566,0.931434,1
0.233226,0.766774,1
0.090464,0.909536,1
0.068566,0.931434,1
0.046135,0.953865,1
0.170736,0.829264,1
0.303008,0.696992,1
0.022466,0.977534,1
0.036954,0.963046,1
0.252683,0.747317,1
0.118121,0.881879,1
0.030408,0.969592,1
0.674355,0.325645,0
0.022466,0.977534,1
0.049601,0.950399,1
0.014635,0.985365,1
0.064460,0.935540,1
0.035909,0.964091,1
0.366189,0.633811,1
0.026484,0.973516,1
0.043862,0.956138,1
0.084142,0.915858,1
0.001275,0.998725,1
0.931060,0.068940,0
0.001275,0.998725,1
0.525703,0.474297,0
0.090464,0.909536,1
0.011383,0.988617,1
0.139610,0.860390,1
0.148999,0.851001,1
0.110100,0.889900,1
0.048368,0.951632,1
0.002958,0.997042,1
0.063470,0.936530,1
0.847713,0.152287,0
0.008123,0.991877,1
0.012432,0.987568,1
0.486044,0.513956,1
0.814870,0.185130,0
0.090736,0.909264,1
0.063078,0.936922,1
0.683009,0.316991,0
0.044140,0.955860,1
0.869741,0.130259,0
0.128853,0.871147,1
0.128853,0.871147,1
0.018437,0.981563,1
0.245875,0.754125,1
0.049601,0.950399,1
0.221037,0.778963,1
0.063078,0.936922,1
0.070059,0.929941,1
0.062108,0.937892,1
0.754266,0.245734,0
0.549539,0.450461,0
0.849836,0.150164,0
0.001524,0.998476,1
0.553629,0.446371,0
0.001275,0.998725,1
0.186747,0.813253,1
0.099261,0.900739,1
0.183752,0.816248,1
0.001275,0.998725,1
0.014635,0.985365,1
0.878118,0.121882,0
0.021963,0.978037,1
0.741801,0.258199,0
0.004865,0.995135,1
0.002443,0.997557,1
0.063078,0.936922,1
0.827492,0.172508,0
0.009696,0.990304,1
0.094064,0.905936,1
0.360071,0.639929,1
0.001275,0.998725,1
0.038514,0.961486,1
0.011198,0.988802,1
0.210958,0.789042,1
0.044140,0.955860,1
0.862847,0.137153,0
0.040522,0.959478,1
0.886028,0.113972,0
0.756709,0.243291,0
0.061724,0.938276,1
0.005495,0.994505,1
0.486044,0.513956,1
0.849413,0.150587,0
0.173090,0.826910,1
0.005495,0.994505,1
0.063470,0.936530,1
0.002443,0.997557,1
0.901103,0.098897,0
0.895050,0.104950,0
0.049601,0.950399,1
0.284488,0.715512,1
0.071802,0.928198,1
0.063470,0.936530,1
0.804163,0.195837,0
0.084142,0.915858,1
0.383234,0.616766,1
0.019865,0.980135,1
0.007077,0.992923,1
0.035341,0.964659,1
0.044140,0.955860,1
0.084142,0.915858,1
0.044140,0.955860,1
0.164734,0.835266,1
0.109454,0.890546,1
0.686578,0.313422,0
0.854007,0.145993,0
0.303008,0.696992,1
0.001275,0.998725,1
0.012887,0.987113,1
0.002958,0.997042,1
0.006247,0.993753,1
0.912282,0.087718,0
0.054663,0.945337,1
0.851934,0.148066,0
0.353997,0.646003,1
0.864792,0.135208,0
0.889650,0.110350,0
0.280467,0.719533,1
0.063470,0.936530,1
0.008123,0.991877,1
0.001275,0.998725,1
0.063078,0.936922,1
0.006519,0.993481,1
0.486044,0.513956,1
0.056046,0.943954,1
0.138422,0.861578,1
0.183752,0.816248,1
0.015022,0.984978,1
0.170736,0.829264,1
0.014635,0.985365,1
0.015468,0.984532,1
0.142414,0.857586,1
0.008123,0.991877,1
0.151108,0.848892,1
0.064460,0.935540,1
0.213168,0.786832,1
0.096920,0.903080,1
0.051667,0.948333,1
0.062883,0.937117,1
0.063470,0.936530,1
0.848565,0.151435,0
0.018437,0.981563,1
0.036719,0.963281,1
0.753038,0.246962,0
0.018437,0.981563,1
0.774507,0.225493,0
0.006939,0.993061,1
0.495961,0.504039,1
0.005495,0.994505,1
0.001275,0.998725,1
0.001275,0.998725,1
0.370807,0.629193,1
0.070926,0.929074,1
0.120203,0.879797,1
0.227364,0.772636,1
0.068566,0.931434,1
0.891263,0.108737,0
0.505882,0.494118,0
0.046135,0.953865,1
0.022466,0.977534,1
0.051667,0.948333,1
0.902566,0.097434,0
0.574767,0.425233,0
0.786959,0.213041,0
0.005735,0.994265,1
0.885358,0.114642,0
0.044140,0.955860,1
0.331651,0.668349,1
0.038514,0.961486,1
0.159346,0.840654,1
0.019045,0.980955,1
0.147746,0.852254,1
0.892539,0.107461,0
0.610675,0.389325,0
0.008963,0.991037,1
0.043723,0.956277,1
0.084397,0.915603,1
0.861669,0.138331,0
0.034121,0.965879,1
0.608313,0.391687,0
0.011383,0.988617,1
0.006519,0.993481,1
0.071582,0.928418,1
0.006519,0.993481,1
0.064460,0.935540,1
0.012432,0.987568,1
0.035909,0.964091,1
0.284488,0.715512,1
0.008123,0.991877,1
0.610675,0.389325,0
0.002998,0.997002,1
0.156270,0.843730,1
0.872341,0.127659,0
0.149419,0.850581,1
0.873442,0.126558,0
0.137635,0.862365,1
0.042227,0.957773,1
0.453927,0.546073,1
0.004865,0.995135,1
0.008123,0.991877,1
0.053815,0.946185,1
0.089921,0.910079,1
0.002998,0.997002,1
0.306512,0.693488,1
0.083633,0.916367,1
0.927807,0.072193,0
0.022466,0.977534,1
0.096920,0.903080,1
0.004140,0.995860,1
0.036602,0.963398,1
0.084142,0.915858,1
0.319309,0.680691,1
0.027704,0.972296,1
0.317873,0.682127,1
0.780230,0.219770,0
0.050545,0.949455,1
0.759137,0.240863,0
0.624731,0.375269,0
0.001762,0.998238,1
0.110425,0.889575,1
0.846428,0.153572,0
0.341992,0.658008,1
0.605157,0.394843,0
0.049913,0.950087,1
0.152813,0.847187,1
0.004865,0.995135,1
0.411737,0.588263,1
0.030408,0.969592,1
0.096920,0.903080,1
0.019865,0.980135,1
0.018437,0.981563,1
0.061724,0.938276,1
0.708889,0.291111,0
0.005513,0.994487,1
0.096920,0.903080,1
0.582025,0.417975,0
0.001762,0.998238,1
0.255189,0.744811,1
0.538875,0.461125,0
0.800492,0.199508,0
0.112389,0.887611,1
0.347971,0.652029,1
0.001275,0.998725,1
0.086988,0.913012,1
0.002443,0.997557,1
0.009696,0.990304,1
0.825119,0.174881,0
0.056046,0.943954,1
0.030800,0.969200,1
0.022466,0.977534,1
0.001275,0.998725,1
0.015468,0.984532,1
0.229697,0.770303,1
0.084397,0.915603,1
0.035909,0.964091,1
0.868235,0.131765,0
0.914117,0.085883,0
0.109454,0.890546,1
0.043862,0.956138,1
0.049913,0.950087,1
0.087251,0.912749,1
0.002958,0.997042,1
0.376224,0.623776,1
0.199630,0.800370,1
0.101049,0.898951,1
0.005735,0.994265,1
0.636287,0.363713,0
0.001275,0.998725,1
0.128853,0.871147,1
0.401365,0.598635,1
0.054834,0.945166,1
0.062108,0.937892,1
0.232635,0.767365,1
0.001275,0.998725,1
0.275159,0.724841,1
0.772769,0.227231,0
0.405344,0.594656,1
0.831699,0.168301,0
0.164734,0.835266,1
0.040522,0.959478,1
0.781927,0.218073,0
0.113715,0.886285,1
0.006519,0.993481,1
0.008285,0.991715,1
0.944516,0.055484,0
0.232046,0.767954,1
0.199630,0.800370,1
0.888672,0.111328,0
0.056046,0.943954,1
0.176428,0.823572,1
0.815368,0.184632,0
0.352486,0.647514,1
0.008992,0.991008,1
0.063470,0.936530,1
0.170736,0.829264,1
0.271219,0.728781,1
0.063470,0.936530,1
0.354754,0.645246,1
0.921113,0.078887,0
0.075410,0.924590,1
0.011198,0.988802,1
0.063470,0.936530,1
0.002998,0.997002,1
0.042094,0.957906,1
0.002998,0.997002,1
0.006519,0.993481,1
0.555263,0.444737,0
0.005513,0.994487,1
0.031701,0.968299,1
0.018678,0.981322,1
0.849413,0.150587,0
0.854830,0.145170,0
0.008123,0.991877,1
0.002443,0.997557,1
0.063470,0.936530,1
0.076805,0.923195,1
0.006519,0.993481,1
0.046135,0.953865,1
0.119506,0.880494,1
0.803120,0.196880,0
0.040522,0.959478,1
0.015022,0.984978,1
0.198049,0.801951,1
0.004140,0.995860,1
0.780230,0.219770,0
0.081876,0.918124,1
0.011383,0.988617,1
0.137635,0.862365,1
0.068566,0.931434,1
0.053815,0.946185,1
0.610675,0.389325,0
0.917182,0.082818,0
0.159346,0.840654,1
0.002958,0.997042,1
0.036954,0.963046,1
0.310746,0.689254,1
0.350225,0.649775,1
0.616164,0.383836,0
0.223323,0.776677,1
0.027615,0.972385,1
0.084142,0.915858,1
0.555263,0.444737,0
0.586844,0.413156,0
0.771022,0.228978,0
0.018437,0.981563,1
0.047463,0.952537,1
0.778524,0.221476,0
0.112389,0.887611,1
0.847713,0.152287,0
0.128853,0.871147,1
0.284488,0.715512,1
0.708206,0.291794,0
0.005946,0.994054,1
0.086988,0.913012,1
0.036954,0.963046,1
0.467895,0.532105,1
0.096631,0.903369,1
0.846428,0.153572,0
0.008123,0.991877,1
0.008123,0.991877,1
0.145265,0.854735,1
0.007508,0.992492,1
0.026484,0.973516,1
0.002443,0.997557,1
0.096920,0.903080,1
0.025810,0.974190,1
0.051992,0.948008,1
0.430276,0.569724,1
0.177874,0.822126,1
0.063470,0.936530,1
0.257079,0.742921,1
0.002443,0.997557,1
0.486044,0.513956,1
0.008123,0.991877,1
0.895050,0.104950,0
0.274500,0.725500,1
0.001524,0.998476,1
0.044140,0.955860,1
0.022466,0.977534,1
0.008992,0.991008,1
0.354754,0.645246,1
0.073811,0.926189,1
0.096920,0.903080,1
0.063470,0.936530,1
0.257079,0.742921,1
0.806754,0.193246,0
0.514973,0.485027,0
0.084142,0.915858,1
0.004865,0.995135,1
0.005513,0.994487,1
0.500922,0.499078,0
0.376224,0.623776,1
0.643147,0.356853,0
0.547082,0.452918,0
0.887357,0.112643,0
0.152813,0.847187,1
0.382453,0.617547,1
0.848565,0.151435,0
0.889325,0.110675,0
0.084142,0.915858,1
0.053815,0.946185,1
0.063470,0.936530,1
0.006519,0.993481,1
0.033796,0.966204,1
0.049601,0.950399,1
0.062108,0.937892,1
0.187250,0.812750,1
0.543802,0.456198,0
0.804163,0.195837,0
0.166104,0.833896,1
0.002443,0.997557,1
0.516625,0.483375,0
0.687999,0.312001,0
0.011383,0.988617,1
0.001275,0.998725,1
0.071802,0.928198,1
0.049601,0.950399,1
0.064460,0.935540,1
0.002998,0.997002,1
0.002443,0.997557,1
0.258345,0.741655,1
0.087251,0.912749,1
0.112389,0.887611,1
0.015468,0.984532,1
0.164734,0.835266,1
0.411737,0.588263,1
0.734128,0.265872,0
0.361596,0.638404,1
0.064460,0.935540,1
0.814870,0.185130,0
0.191822,0.808178,1
0.129225,0.870775,1
0.578804,0.421196,0
0.113715,0.886285,1
0.036954,0.963046,1
0.087251,0.912749,1
0.063470,0.936530,1
0.001275,0.998725,1
0.076805,0.923195,1
0.094064,0.905936,1
0.008123,0.991877,1
0.063470,0.936530,1
0.094913,0.905087,1
0.170736,0.829264,1
0.034230,0.965770,1
0.084142,0.915858,1
0.474487,0.525513,1
0.034781,0.965219,1
0.005495,0.994505,1
0.912282,0.087718,0
0.306512,0.693488,1
0.301613,0.698387,1
0.014635,0.985365,1
0.061724,0.938276,1
0.754878,0.245122,0
0.064460,0.935540,1
0.798903,0.201097,0
0.669251,0.330749,0
0.056046,0.943954,1
0.005513,0.994487,1
0.064460,0.935540,1
0.177874,0.822126,1
0.008123,0.991877,1
0.034121,0.965879,1
0.214280,0.785720,1
0.022466,0.977534,1
0.034893,0.965107,1
0.058365,0.941635,1
0.595636,0.404364,0
0.063078,0.936922,1
0.050545,0.949455,1
0.777953,0.222047,0
0.030998,0.969002,1
0.732187,0.267813,0
0.825119,0.174881,0
0.250814,0.749186,1
0.007784,0.992216,1
0.572341,0.427659,0
0.505882,0.494118,0
0.043723,0.956277,1
0.084909,0.915091,1
0.163374,0.836626,1
0.159346,0.840654,1
0.089921,0.910079,1
0.012845,0.987155,1
0.591647,0.408353,0
0.163826,0.836174,1
0.719687,0.280313,0
0.087251,0.912749,1
0.012887,0.987113,1
0.503402,0.496598,0
0.001524,0.998476,1
0.549539,0.450461,0
0.054834,0.945166,1
0.050071,0.949929,1
0.762746,0.237254,0
0.777382,0.222618,0
0.170736,0.829264,1
0.006519,0.993481,1
0.202285,0.797715,1
0.008123,0.991877,1
0.112389,0.887611,1
0.015022,0.984978,1
0.275819,0.724181,1
0.034121,0.965879,1
0.022466,0.977534,1
0.623955,0.376045,0
0.053815,0.946185,1
0.034121,0.965879,1
0.760344,0.239656,0
0.898418,0.101582,0
0.088844,0.911156,1
0.002443,0.997557,1
0.505882,0.494118,0
0.034121,0.965879,1
0.177874,0.822126,1
0.836278,0.163722,0
0.040522,0.959478,1
0.002443,0.997557,1
0.810846,0.189154,0
0.317873,0.682127,1
0.011383,0.988617,1
0.084142,0.915858,1
0.299528,0.700472,1
0.863628,0.136372,0
0.034121,0.965879,1
0.016509,0.983491,1
0.226205,0.773795,1
0.652952,0.347048,0
0.623955,0.376045,0
0.001275,0.998725,1
0.030800,0.969200,1
0.778524,0.221476,0
0.914117,0.085883,0
0.068566,0.931434,1
0.063470,0.936530,1
0.153671,0.846329,1
0.018678,0.981322,1
0.553629,0.446371,0
0.014635,0.985365,1
0.142818,0.857182,1
0.004865,0.995135,1
0.906843,0.093157,0
0.549539,0.450461,0
0.299528,0.700472,1
0.046135,0.953865,1
0.145265,0.854735,1
0.137635,0.862365,1
0.001275,0.998725,1
0.101651,0.898349,1
0.053815,0.946185,1
0.572341,0.427659,0
0.006519,0.993481,1
0.008123,0.991877,1
0.018678,0.981322,1
0.132612,0.867388,1
0.112389,0.887611,1
0.084142,0.915858,1
0.086988,0.913012,1
0.009856,0.990144,1
0.063470,0.936530,1
0.211509,0.788491,1
0.043862,0.956138,1
0.018678,0.981322,1
0.035341,0.964659,1
0.354754,0.645246,1
0.501749,0.498251,0
0.113715,0.886285,1
0.002443,0.997557,1
0.080887,0.919113,1
0.361596,0.638404,1
0.595636,0.404364,0
0.083633,0.916367,1
0.063470,0.936530,1
0.422996,0.577004,1
0.043862,0.956138,1
0.084142,0.915858,1
0.261526,0.738474,1
0.005495,0.994505,1
0.765725,0.234275,0
0.198049,0.801951,1
0.179330,0.820670,1
0.817352,0.182648,0
0.690125,0.309875,0
0.910412,0.089588,0
0.142818,0.857182,1
0.510842,0.489158,0
0.145265,0.854735,1
0.145265,0.854735,1
0.036954,0.963046,1
0.725652,0.274348,0
0.068566,0.931434,1
0.497615,0.502385,1
0.019865,0.980135,1
0.317873,0.682127,1
0.668518,0.331482,0
0.050703,0.949297,1
0.034121,0.965879,1
0.008123,0.991877,1
0.489349,0.510651,1
0.042227,0.957773,1
0.001762,0.998238,1
0.528176,0.471824,0
0.795158,0.204842,0
0.063078,0.936922,1
0.101049,0.898951,1
0.096920,0.903080,1
0.006519,0.993481,1
0.269913,0.730087,1
0.101651,0.898349,1
0.213168,0.786832,1
0.030800,0.969200,1
0.640866,0.359134,0
0.320748,0.679252,1
0.014305,0.985695,1
0.008123,0.991877,1
0.708206,0.291794,0
0.084142,0.915858,1
0.314298,0.685702,1
0.084142,0.915858,1
0.004865,0.995135,1
0.018437,0.981563,1
0.387935,0.612065,1
0.462958,0.537042,1
0.063470,0.936530,1
0.012845,0.987155,1
0.022466,0.977534,1
0.012432,0.987568,1
0.594839,0.405161,0
0.002443,0.997557,1
0.001275,0.998725,1
0.300222,0.699778,1
0.006826,0.993174,1
0.198049,0.801951,1
0.001275,0.998725,1
0.112389,0.887611,1
0.928468,0.071532,0
0.080397,0.919603,1
0.075179,0.924821,1
0.064460,0.935540,1
0.526527,0.473473,0
0.064460,0.935540,1
0.870488,0.129512,0
0.823202,0.176798,0
0.914117,0.085883,0
0.036719,0.963281,1
0.007784,0.992216,1
0.012432,0.987568,1
0.064460,0.935540,1
0.002443,0.997557,1
0.521578,0.478422,0
0.012432,0.987568,1
0.049601,0.950399,1
0.753652,0.246348,0
0.453107,0.546893,1
0.043862,0.956138,1
0.002443,0.997557,1
0.063470,0.936530,1
0.001275,0.998725,1
0.101049,0.898951,1
0.044140,0.955860,1
0.410937,0.589063,1
0.110425,0.889575,1
0.118121,0.881879,1
0.007077,0.992923,1
0.035909,0.964091,1
0.128853,0.871147,1
0.022466,0.977534,1
0.145265,0.854735,1
0.006519,0.993481,1
0.084142,0.915858,1
0.084142,0.915858,1
0.071802,0.928198,1
0.083633,0.916367,1
0.011383,0.988617,1
0.113715,0.886285,1
0.063470,0.936530,1
0.049601,0.950399,1
0.087251,0.912749,1
0.087251,0.912749,1
0.037427,0.962573,1
0.001275,0.998725,1
0.024513,0.975487,1
0.007784,0.992216,1
0.061724,0.938276,1
0.112389,0.887611,1
0.006519,0.993481,1
0.257079,0.742921,1
0.501749,0.498251,0
0.099261,0.900739,1
0.053815,0.946185,1
0.006519,0.993481,1
0.701325,0.298675,0
0.152813,0.847187,1
0.374673,0.625327,1
0.034121,0.965879,1
0.366957,0.633043,1
0.300917,0.699083,1
0.018437,0.981563,1
0.034121,0.965879,1
0.037427,0.962573,1
0.353997,0.646003,1
0.044140,0.955860,1
0.022466,0.977534,1
0.080887,0.919113,1
0.006519,0.993481,1
0.064460,0.935540,1
0.156270,0.843730,1
0.049601,0.950399,1
0.022466,0.977534,1
0.819807,0.180193,0
0.847713,0.152287,0
0.094913,0.905087,1
0.043862,0.956138,1
0.035909,0.964091,1
0.063078,0.936922,1
0.042227,0.957773,1
0.229697,0.770303,1
0.031298,0.968702,1
0.030800,0.969200,1
0.022466,0.977534,1
0.538875,0.461125,0
0.011383,0.988617,1
0.011383,0.988617,1
0.005495,0.994505,1
0.050071,0.949929,1
0.014588,0.985412,1
0.901397,0.098603,0
0.291268,0.708732,1
0.777953,0.222047,0
0.030998,0.969002,1
0.310038,0.689962,1
0.008123,0.991877,1
0.317873,0.682127,1
0.936575,0.063425,0
0.164734,0.835266,1
0.006519,0.993481,1
0.252683,0.747317,1
0.689417,0.310583,0
0.259614,0.740386,1
0.685153,0.314847,0
0.047463,0.952537,1
0.050071,0.949929,1
0.063078,0.936922,1
0.226205,0.773795,1
0.094064,0.905936,1
0.004865,0.995135,1
0.001275,0.998725,1
0.034121,0.965879,1
0.005735,0.994265,1
0.027615,0.972385,1
0.098084,0.901916,1
0.096920,0.903080,1
0.168407,0.831593,1
0.071802,0.928198,1
0.064460,0.935540,1
0.052483,0.947517,1
0.019865,0.980135,1
0.927362,0.072638,0
0.934582,0.065418,0
0.018437,0.981563,1
0.712290,0.287710,0
0.142414,0.857586,1
0.015022,0.984978,1
0.025810,0.974190,1
0.076805,0.923195,1
0.300917,0.699083,1
0.135684,0.864316,1
0.018437,0.981563,1
0.001275,0.998725,1
0.547082,0.452918,0
0.001762,0.998238,1
0.410937,0.589063,1
0.002998,0.997002,1
0.064460,0.935540,1
0.623955,0.376045,0
0.587646,0.412354,0
0.806754,0.193246,0
0.025810,0.974190,1
0.035909,0.964091,1
0.006939,0.993061,1
0.007784,0.992216,1
0.070926,0.929074,1
0.008123,0.991877,1
0.793537,0.206463,0
0.036954,0.963046,1
0.120203,0.879797,1
0.001275,0.998725,1
0.096920,0.903080,1
0.681575,0.318425,0
0.846428,0.153572,0
0.885694,0.114306,0
0.008123,0.991877,1
0.007077,0.992923,1
0.007508,0.992492,1
0.068566,0.931434,1
0.164734,0.835266,1
0.071802,0.928198,1
0.008123,0.991877,1
0.036954,0.963046,1
0.036954,0.963046,1
0.022466,0.977534,1
0.165647,0.834353,1
0.175948,0.824052,1
0.050071,0.949929,1
0.096920,0.903080,1
0.176428,0.823572,1
0.046135,0.953865,1
0.061724,0.938276,1
0.027615,0.972385,1
0.084142,0.915858,1
0.007508,0.992492,1
0.008963,0.991037,1
0.004865,0.995135,1
0.001275,0.998725,1
0.050386,0.949614,1
0.018437,0.981563,1
0.053815,0.946185,1
0.595636,0.404364,0
0.786404,0.213596,0
0.050545,0.949455,1
0.030800,0.969200,1
0.166104,0.833896,1
0.358548,0.641452,1
0.034121,0.965879,1
0.034781,0.965219,1
0.027615,0.972385,1
0.851097,0.148903,0
0.001275,0.998725,1
0.015468,0.984532,1
0.008123,0.991877,1
0.007508,0.992492,1
0.022466,0.977534,1
0.001275,0.998725,1
0.015671,0.984329,1
0.012432,0.987568,1
0.251436,0.748564,1
0.571531,0.428469,0
0.050545,0.949455,1
0.001524,0.998476,1
0.813369,0.186631,0
0.207130,0.792870,1
0.004865,0.995135,1
0.846428,0.153572,0
0.001275,0.998725,1
0.864792,0.135208,0
0.018437,0.981563,1
0.006519,0.993481,1
0.084397,0.915603,1
0.064460,0.935540,1
0.051344,0.948656,1
0.004140,0.995860,1
0.867476,0.132524,0
0.207674,0.792326,1
0.090464,0.909536,1
0.252683,0.747317,1
0.125549,0.874451,1
0.084142,0.915858,1
0.063078,0.936922,1
0.043862,0.956138,1
0.099261,0.900739,1
0.001275,0.998725,1
0.063470,0.936530,1
0.087251,0.912749,1
0.006519,0.993481,1
0.630913,0.369087,0
0.226205,0.773795,1
0.427846,0.572154,1
0.226205,0.773795,1
0.643147,0.356853,0
0.792451,0.207549,0
0.084397,0.915603,1
0.001275,0.998725,1
0.006826,0.993174,1
0.838977,0.161023,0
0.089921,0.910079,1
0.049601,0.950399,1
0.054834,0.945166,1
0.047463,0.952537,1
0.022466,0.977534,1
0.051667,0.948333,1
0.008123,0.991877,1
0.006519,0.993481,1
0.132992,0.867008,1
0.001524,0.998476,1
0.005495,0.994505,1
0.009696,0.990304,1
0.156270,0.843730,1
0.064460,0.935540,1
0.026741,0.973259,1
0.190798,0.809202,1
0.142414,0.857586,1
0.576383,0.423617,0
0.007784,0.992216,1
0.199630,0.800370,1
0.037427,0.962573,1
0.001275,0.998725,1
0.680138,0.319862,0
0.120203,0.879797,1
0.664106,0.335894,0
0.001762,0.998238,1
0.068566,0.931434,1
0.391080,0.608920,1
0.064460,0.935540,1
0.166104,0.833896,1
0.213168,0.786832,1
0.034121,0.965879,1
0.177874,0.822126,1
0.002443,0.997557,1
0.014635,0.985365,1
0.054834,0.945166,1
0.001524,0.998476,1
0.005513,0.994487,1
0.040522,0.959478,1
0.602784,0.397216,0
0.063470,0.936530,1
0.042227,0.957773,1
0.004140,0.995860,1
0.063470,0.936530,1
0.170736,0.829264,1
0.252059,0.747941,1
0.005495,0.994505,1
0.145265,0.854735,1
0.870488,0.129512,0
0.040522,0.959478,1
0.053815,0.946185,1
0.026484,0.973516,1
0.137635,0.862365,1
0.119506,0.880494,1
0.310746,0.689254,1
0.846428,0.153572,0
0.046135,0.953865,1
0.741801,0.258199,0
0.002998,0.997002,1
0.015468,0.984532,1
0.173090,0.826910,1
0.011383,0.988617,1
0.001762,0.998238,1
0.145265,0.854735,1
0.050386,0.949614,1
0.063470,0.936530,1
0.136852,0.863148,1
0.094064,0.905936,1
0.890298,0.109702,0
0.011383,0.988617,1
0.007077,0.992923,1
0.103478,0.896522,1
0.506709,0.493291,0
0.934380,0.065620,0
0.007784,0.992216,1
0.014635,0.985365,1
0.192849,0.807151,1
0.089921,0.910079,1
0.623955,0.376045,0
0.063470,0.936530,1
0.004865,0.995135,1
0.049913,0.950087,1
0.031803,0.968197,1
0.361596,0.638404,1
0.014635,0.985365,1
0.135684,0.864316,1
0.043862,0.956138,1
0.040522,0.959478,1
0.034121,0.965879,1
0.791361,0.208639,0
0.005513,0.994487,1
0.137635,0.862365,1
0.002958,0.997042,1
0.349473,0.650527,1
0.096920,0.903080,1
0.195436,0.804564,1
0.096343,0.903657,1
0.022611,0.977389,1
0.872341,0.127659,0
0.064460,0.935540,1
0.112389,0.887611,1
0.712290,0.287710,0
0.159790,0.840210,1
0.271219,0.728781,1
0.084397,0.915603,1
0.255818,0.744182,1
0.053815,0.946185,1
0.845566,0.154434,0
0.847713,0.152287,0
0.431898,0.568102,1
0.034121,0.965879,1
0.004865,0.995135,1
0.453927,0.546073,1
0.194398,0.805602,1
0.071802,0.928198,1
0.094913,0.905087,1
0.006247,0.993753,1
0.002998,0.997002,1
0.326540,0.673460,1
0.063470,0.936530,1
0.011383,0.988617,1
0.036954,0.963046,1
0.071363,0.928637,1
0.173090,0.826910,1
0.063470,0.936530,1
0.742434,0.257566,0
0.071802,0.928198,1
0.063078,0.936922,1
0.099261,0.900739,1
0.034893,0.965107,1
0.056046,0.943954,1
0.763344,0.236656,0
0.024513,0.975487,1
0.599612,0.400388,0
0.299528,0.700472,1
0.080887,0.919113,1
0.774507,0.225493,0
0.043862,0.956138,1
0.037427,0.962573,1
0.043448,0.956552,1
0.833084,0.166916,0
0.063470,0.936530,1
0.164734,0.835266,1
0.002998,0.997002,1
0.370807,0.629193,1
0.094913,0.905087,1
0.591647,0.408353,0
0.002958,0.997042,1
0.040522,0.959478,1
0.395025,0.604975,1
0.881959,0.118041,0
0.036602,0.963398,1
0.192849,0.807151,1
0.001275,0.998725,1
0.004865,0.995135,1
0.083633,0.916367,1
0.087251,0.912749,1
0.006519,0.993481,1
0.006519,0.993481,1
0.001275,0.998725,1
0.022466,0.977534,1
0.006826,0.993174,1
0.927807,0.072193,0
0.043174,0.956826,1
0.049601,0.950399,1
0.042227,0.957773,1
0.664106,0.335894,0
0.732835,0.267165,0
0.446559,0.553441,1
0.063470,0.936530,1
0.555263,0.444737,0
0.934582,0.065418,0
0.042227,0.957773,1
0.128853,0.871147,1
0.791907,0.208093,0
0.050703,0.949297,1
0.532295,0.467705,0
0.053815,0.946185,1
0.492655,0.507345,1
0.759137,0.240863,0
0.099261,0.900739,1
0.284488,0.715512,1
0.151533,0.848467,1
0.053815,0.946185,1
0.591647,0.408353,0
0.008123,0.991877,1
0.007077,0.992923,1
0.001275,0.998725,1
0.031803,0.968197,1
0.653701,0.346299,0
0.002443,0.997557,1
0.001275,0.998725,1
0.089921,0.910079,1
0.087251,0.912749,1
0.466249,0.533751,1
0.559342,0.440658,0
0.011383,0.988617,1
0.166104,0.833896,1
0.112389,0.887611,1
0.015468,0.984532,1
0.001275,0.998725,1
0.928468,0.071532,0
0.777953,0.222047,0
0.113715,0.886285,1
0.015468,0.984532,1
0.714319,0.285681,0
0.514973,0.485027,0
0.007508,0.992492,1
0.257711,0.742289,1
0.401365,0.598635,1
0.226784,0.773216,1
0.099261,0.900739,1
0.034121,0.965879,1
0.037427,0.962573,1
0.613031,0.386969,0
0.056046,0.943954,1
0.037427,0.962573,1
0.092664,0.907336,1
0.050545,0.949455,1
0.153671,0.846329,1
0.820782,0.179218,0
0.012432,0.987568,1
0.110100,0.889900,1
0.910412,0.089588,0
0.067102,0.932898,1
0.035004,0.964996,1
0.229112,0.770888,1
0.008123,0.991877,1
0.703400,0.296600,0
0.018437,0.981563,1
0.054663,0.945337,1
0.005495,0.994505,1
0.089921,0.910079,1
0.084142,0.915858,1
0.687999,0.312001,0
0.034121,0.965879,1
0.007508,0.992492,1
0.084397,0.915603,1
0.310746,0.689254,1
0.002998,0.997002,1
0.068566,0.931434,1
0.037427,0.962573,1
0.051667,0.948333,1
0.027704,0.972296,1
0.008992,0.991008,1
0.056046,0.943954,1
0.003582,0.996418,1
0.885358,0.114642,0
0.877053,0.122947,0
0.034121,0.965879,1
0.534764,0.465236,0
0.525703,0.474297,0
0.002998,0.997002,1
0.687289,0.312711,0
0.014635,0.985365,1
0.320028,0.679972,1
0.848565,0.151435,0
0.050386,0.949614,1
0.573959,0.426041,0
0.096920,0.903080,1
0.005495,0.994505,1
0.051667,0.948333,1
0.005495,0.994505,1
0.002998,0.997002,1
0.719019,0.280981,0
0.846428,0.153572,0
0.046135,0.953865,1
0.002958,0.997042,1
0.063470,0.936530,1
0.026741,0.973259,1
0.086988,0.913012,1
0.044985,0.955015,1
0.034340,0.965660,1
0.026061,0.973939,1
0.868235,0.131765,0
0.011420,0.988580,1
0.310746,0.689254,1
0.034121,0.965879,1
0.063470,0.936530,1
0.031298,0.968702,1
0.063078,0.936922,1
0.025316,0.974684,1
0.112389,0.887611,1
0.908780,0.091220,0
0.576383,0.423617,0
0.462958,0.537042,1
0.099261,0.900739,1
0.021963,0.978037,1
0.120203,0.879797,1
0.094913,0.905087,1
0.034781,0.965219,1
0.605157,0.394843,0
0.063470,0.936530,1
0.080887,0.919113,1
0.063470,0.936530,1
0.002958,0.997042,1
0.001275,0.998725,1
0.755490,0.244510,0
0.505056,0.494944,0
0.012432,0.987568,1
0.005735,0.994265,1
0.707523,0.292477,0
0.516625,0.483375,0
0.280467,0.719533,1
0.664106,0.335894,0
0.063470,0.936530,1
0.063470,0.936530,1
0.040522,0.959478,1
0.145265,0.854735,1
0.012887,0.987113,1
0.107852,0.892148,1
0.084397,0.915603,1
0.005513,0.994487,1
0.113715,0.886285,1
0.099261,0.900739,1
0.046135,0.953865,1
0.096920,0.903080,1
0.414142,0.585858,1
0.001762,0.998238,1
0.027704,0.972296,1
0.039758,0.960242,1
0.122673,0.877327,1
0.353997,0.646003,1
0.002443,0.997557,1
0.008992,0.991008,1
0.145265,0.854735,1
0.034781,0.965219,1
0.006939,0.993061,1
0.015468,0.984532,1
0.022466,0.977534,1
0.049601,0.950399,1
0.040522,0.959478,1
0.089921,0.910079,1
0.071802,0.928198,1
0.718351,0.281649,0
0.014635,0.985365,1
0.005495,0.994505,1
0.011383,0.988617,1
0.083633,0.916367,1
0.016509,0.983491,1
0.039758,0.960242,1
0.164734,0.835266,1
0.004865,0.995135,1
0.827019,0.172981,0
0.050703,0.949297,1
0.053815,0.946185,1
0.229112,0.770888,1
0.064460,0.935540,1
0.005495,0.994505,1
0.279800,0.720200,1
0.850678,0.149322,0
0.006247,0.993753,1
0.267315,0.732685,1
0.033796,0.966204,1
0.063470,0.936530,1
0.252059,0.747941,1
0.911218,0.088782,0
0.777953,0.222047,0
0.007784,0.992216,1
0.050545,0.949455,1
0.006519,0.993481,1
0.012432,0.987568,1
0.002443,0.997557,1
0.002958,0.997042,1
0.320748,0.679252,1
0.022466,0.977534,1
0.112389,0.887611,1
0.443292,0.556708,1
0.894739,0.105261,0
0.054834,0.945166,1
0.058365,0.941635,1
0.001524,0.998476,1
0.005513,0.994487,1
0.005513,0.994487,1
0.177391,0.822609,1
0.007508,0.992492,1
0.049601,0.950399,1
0.257079,0.742921,1
0.001275,0.998725,1
0.084397,0.915603,1
0.046135,0.953865,1
0.043862,0.956138,1
0.043862,0.956138,1
0.370807,0.629193,1
0.025316,0.974684,1
0.099261,0.900739,1
0.005495,0.994505,1
0.038514,0.961486,1
0.549539,0.450461,0
0.002998,0.997002,1
0.113715,0.886285,1
0.810338,0.189662,0
0.732187,0.267813,0
0.030800,0.969200,1
0.022466,0.977534,1
0.514973,0.485027,0
0.084142,0.915858,1
0.071802,0.928198,1
0.307920,0.692080,1
0.296759,0.703241,1
0.754878,0.245122,0
0.129225,0.870775,1
0.542161,0.457839,0
0.314298,0.685702,1
0.096920,0.903080,1
0.012432,0.987568,1
0.257711,0.742289,1
0.199630,0.800370,1
0.063470,0.936530,1
0.071582,0.928418,1
0.901103,0.098897,0
0.310038,0.689962,1
0.063470,0.936530,1
0.080887,0.919113,1
0.732187,0.267813,0
0.005495,0.994505,1
0.184746,0.815254,1
0.670713,0.329287,0
0.775084,0.224916,0
0.139610,0.860390,1
0.050703,0.949297,1
0.064460,0.935540,1
0.011383,0.988617,1
0.071363,0.928637,1
0.008123,0.991877,1
0.749950,0.250050,0
0.050703,0.949297,1
0.882302,0.117698,0
0.022466,0.977534,1
0.087251,0.912749,1
0.012432,0.987568,1
0.269913,0.730087,1
0.005513,0.994487,1
0.002443,0.997557,1
0.623955,0.376045,0
0.012432,0.987568,1
0.002958,0.997042,1
0.014305,0.985695,1
0.007508,0.992492,1
0.067102,0.932898,1
0.015468,0.984532,1
0.774507,0.225493,0
0.063470,0.936530,1
0.087251,0.912749,1
0.010352,0.989648,1
0.050545,0.949455,1
0.742434,0.257566,0
0.094064,0.905936,1
0.120203,0.879797,1
0.018437,0.981563,1
0.048368,0.951632,1
0.559342,0.440658,0
0.011383,0.988617,1
0.010285,0.989715,1
0.366189,0.633811,1
0.110100,0.889900,1
0.070275,0.929725,1
0.080887,0.919113,1
0.022466,0.977534,1
0.070926,0.929074,1
0.027704,0.972296,1
0.638580,0.361420,0
0.683724,0.316276,0
0.094629,0.905371,1
0.137635,0.862365,1
0.036602,0.963398,1
0.034121,0.965879,1
0.089921,0.910079,1
0.170736,0.829264,1
0.094064,0.905936,1
0.015468,0.984532,1
0.794078,0.205922,0
0.008992,0.991008,1
0.071802,0.928198,1
0.019865,0.980135,1
0.555263,0.444737,0
0.734773,0.265227,0
0.084397,0.915603,1
0.869741,0.130259,0
0.719687,0.280313,0
0.164734,0.835266,1
0.129225,0.870775,1
0.016509,0.983491,1
0.255818,0.744182,1
0.895050,0.104950,0
0.041301,0.958699,1
0.001762,0.998238,1
0.166104,0.833896,1
0.080887,0.919113,1
0.014635,0.985365,1
0.680857,0.319143,0
0.001275,0.998725,1
0.035909,0.964091,1
0.063470,0.936530,1
0.058365,0.941635,1
0.014635,0.985365,1
0.062688,0.937312,1
0.063078,0.936922,1
0.013891,0.986109,1
0.038514,0.961486,1
0.027704,0.972296,1
0.073811,0.926189,1
0.064460,0.935540,1
0.064460,0.935540,1
0.618508,0.381492,0
0.152813,0.847187,1
0.087251,0.912749,1
0.934177,0.065823,0
0.071802,0.928198,1
0.071802,0.928198,1
0.033796,0.966204,1
0.026484,0.973516,1
0.859286,0.140714,0
0.070926,0.929074,1
0.650700,0.349300,0
0.089921,0.910079,1
0.718351,0.281649,0
0.001275,0.998725,1
0.050545,0.949455,1
0.039758,0.960242,1
0.008123,0.991877,1
0.071802,0.928198,1
0.063470,0.936530,1
0.038514,0.961486,1
0.019865,0.980135,1
0.001275,0.998725,1
0.062108,0.937892,1
0.006247,0.993753,1
0.015022,0.984978,1
0.049601,0.950399,1
0.053815,0.946185,1
0.001275,0.998725,1
0.064460,0.935540,1
0.071802,0.928198,1
0.228528,0.771472,1
0.232635,0.767365,1
0.754266,0.245734,0
0.053815,0.946185,1
0.109454,0.890546,1
0.006519,0.993481,1
0.034121,0.965879,1
0.860084,0.139916,0
0.934582,0.065418,0
0.006519,0.993481,1
0.063078,0.936922,1
0.006519,0.993481,1
0.320748,0.679252,1
0.053815,0.946185,1
0.042094,0.957906,1
0.015022,0.984978,1
0.006519,0.993481,1
0.833084,0.166916,0
0.119854,0.880146,1
0.119854,0.880146,1
0.291268,0.708732,1
0.252683,0.747317,1
0.006519,0.993481,1
0.022466,0.977534,1
0.084397,0.915603,1
0.438401,0.561599,1
0.361596,0.638404,1
0.005513,0.994487,1
0.006826,0.993174,1
0.014305,0.985695,1
0.063470,0.936530,1
0.084142,0.915858,1
0.006826,0.993174,1
0.062108,0.937892,1
0.880226,0.119774,0
0.084142,0.915858,1
0.637816,0.362184,0
0.363889,0.636111,1
0.084142,0.915858,1
0.671443,0.328557,0
0.034121,0.965879,1
0.002443,0.997557,1
0.466249,0.533751,1
0.044140,0.955860,1
0.190798,0.809202,1
0.041828,0.958172,1
0.300222,0.699778,1
0.314298,0.685702,1
0.253934,0.746066,1
0.798903,0.201097,0
0.746210,0.253790,0
0.008992,0.991008,1
0.145265,0.854735,1
0.094913,0.905087,1
0.148163,0.851837,1
0.006826,0.993174,1
0.466249,0.533751,1
0.053815,0.946185,1
0.005495,0.994505,1
0.307215,0.692785,1
0.063078,0.936922,1
0.101651,0.898349,1
0.427036,0.572964,1
0.034781,0.965219,1
0.027704,0.972296,1
0.777953,0.222047,0
0.043862,0.956138,1
0.050071,0.949929,1
0.030800,0.969200,1
0.035341,0.964659,1
0.696454,0.303546,0
0.073811,0.926189,1
0.084397,0.915603,1
0.142414,0.857586,1
0.003582,0.996418,1
0.006519,0.993481,1
0.064460,0.935540,1
0.004865,0.995135,1
0.061151,0.938849,1
0.063078,0.936922,1
0.015774,0.984226,1
0.022466,0.977534,1
0.143630,0.856370,1
0.062108,0.937892,1
0.037427,0.962573,1
0.561786,0.438214,0
0.006247,0.993753,1
0.007508,0.992492,1
0.063470,0.936530,1
0.062108,0.937892,1
0.153671,0.846329,1
0.022466,0.977534,1
0.084142,0.915858,1
0.589248,0.410752,0
0.960018,0.039982,0
0.145265,0.854735,1
0.040522,0.959478,1
0.051667,0.948333,1
0.581221,0.418779,0
0.094064,0.905936,1
0.006519,0.993481,1
0.005513,0.994487,1
0.018437,0.981563,1
0.112389,0.887611,1
0.015468,0.984532,1
0.029828,0.970172,1
0.001275,0.998725,1
0.004140,0.995860,1
0.002998,0.997002,1
0.034230,0.965770,1
0.047613,0.952387,1
0.846428,0.153572,0
0.477787,0.522213,1
0.106901,0.893099,1
0.006519,0.993481,1
0.094064,0.905936,1
0.963308,0.036692,0
0.035909,0.964091,1
0.034121,0.965879,1
0.099261,0.900739,1
0.002443,0.997557,1
0.001275,0.998725,1
0.329455,0.670545,1
0.063470,0.936530,1
0.068566,0.931434,1
0.145265,0.854735,1
0.007784,0.992216,1
0.035909,0.964091,1
0.022466,0.977534,1
0.177391,0.822609,1
0.153671,0.846329,1
0.754878,0.245122,0
0.383234,0.616766,1
0.063470,0.936530,1
0.084397,0.915603,1
0.697153,0.302847,0
0.043311,0.956689,1
0.024513,0.975487,1
0.022466,0.977534,1
0.053815,0.946185,1
0.035909,0.964091,1
0.039758,0.960242,1
0.011198,0.988802,1
0.038514,0.961486,1
0.934177,0.065823,0
0.005513,0.994487,1
0.099261,0.900739,1
0.145265,0.854735,1
0.142818,0.857182,1
0.022466,0.977534,1
0.087251,0.912749,1
0.190798,0.809202,1
0.892539,0.107461,0
0.030408,0.969592,1
0.022466,0.977534,1
0.063470,0.936530,1
0.061724,0.938276,1
0.516625,0.483375,0
0.063078,0.936922,1
0.006519,0.993481,1
0.172617,0.827383,1
0.110425,0.889575,1
0.096920,0.903080,1
0.030800,0.969200,1
0.046135,0.953865,1
0.199630,0.800370,1
0.708206,0.291794,0
0.039758,0.960242,1
0.096920,0.903080,1
0.107852,0.892148,1
0.035909,0.964091,1
0.008123,0.991877,1
0.619288,0.380712,0
0.063470,0.936530,1
0.164734,0.835266,1
0.884009,0.115991,0
0.022466,0.977534,1
0.062688,0.937312,1
0.233818,0.766182,1
0.170736,0.829264,1
0.084909,0.915091,1
0.142818,0.857182,1
0.226205,0.773795,1
0.372351,0.627649,1
0.035909,0.964091,1
0.002998,0.997002,1
0.008123,0.991877,1
0.046135,0.953865,1
0.037427,0.962573,1
0.113715,0.886285,1
0.059650,0.940350,1
0.690125,0.309875,0
0.004865,0.995135,1
0.005495,0.994505,1
0.083633,0.916367,1
0.486044,0.513956,1
0.683009,0.316991,0
0.279800,0.720200,1
0.797304,0.202696,0
0.382453,0.617547,1
0.063078,0.936922,1
0.846857,0.153143,0
0.036954,0.963046,1
0.007508,0.992492,1
0.371578,0.628422,1
0.063470,0.936530,1
0.001275,0.998725,1
0.096343,0.903657,1
0.002958,0.997042,1
0.022466,0.977534,1
0.004865,0.995135,1
0.914117,0.085883,0
0.014635,0.985365,1
0.680138,0.319862,0
0.090464,0.909536,1
0.027704,0.972296,1
0.037427,0.962573,1
0.134141,0.865859,1
0.036954,0.963046,1
0.025810,0.974190,1
0.063470,0.936530,1
0.151533,0.848467,1
0.019865,0.980135,1
0.408537,0.591463,1
0.012432,0.987568,1
0.063470,0.936530,1
0.034121,0.965879,1
0.006519,0.993481,1
0.024513,0.975487,1
0.145265,0.854735,1
0.036954,0.963046,1
0.776809,0.223191,0
0.001762,0.998238,1
0.084397,0.915603,1
0.046135,0.953865,1
0.291268,0.708732,1
0.035909,0.964091,1
0.006519,0.993481,1
0.050545,0.949455,1
0.211509,0.788491,1
0.042227,0.957773,1
0.042227,0.957773,1
0.114384,0.885616,1
0.022466,0.977534,1
0.042227,0.957773,1
0.013578,0.986422,1
0.310746,0.689254,1
0.042227,0.957773,1
0.094913,0.905087,1
0.050545,0.949455,1
0.022466,0.977534,1
0.053815,0.946185,1
0.825119,0.174881,0
0.084909,0.915091,1
0.002998,0.997002,1
0.843394,0.156606,0
0.081876,0.918124,1
0.050545,0.949455,1
0.005513,0.994487,1
0.005513,0.994487,1
0.026741,0.973259,1
0.026741,0.973259,1
0.002998,0.997002,1
0.182762,0.817238,1
0.186747,0.813253,1
0.928028,0.071972,0
0.018678,0.981322,1
0.022466,0.977534,1
0.005495,0.994505,1
0.022466,0.977534,1
0.610675,0.389325,0
0.382453,0.617547,1
0.884009,0.115991,0
0.870488,0.129512,0
0.453927,0.546073,1
0.094064,0.905936,1
0.846857,0.153143,0
0.075410,0.924590,1
0.805203,0.194797,0
0.002443,0.997557,1
0.646177,0.353823,0
0.064460,0.935540,1
0.008992,0.991008,1
0.096631,0.903369,1
0.466249,0.533751,1
0.829840,0.170160,0
0.083633,0.916367,1
0.002998,0.997002,1
0.314298,0.685702,1
0.015468,0.984532,1
0.203891,0.796109,1
0.008963,0.991037,1
0.084909,0.915091,1
0.044140,0.955860,1
0.043311,0.956689,1
0.636287,0.363713,0
0.306512,0.693488,1
0.002998,0.997002,1
0.177874,0.822126,1
0.034781,0.965219,1
0.083633,0.916367,1
0.521578,0.478422,0
0.891263,0.108737,0
0.289904,0.710096,1
0.128853,0.871147,1
0.096920,0.903080,1
0.692243,0.307757,0
0.317156,0.682844,1
0.404548,0.595452,1
0.623179,0.376821,0
0.022466,0.977534,1
0.011383,0.988617,1
0.053815,0.946185,1
0.002443,0.997557,1
0.098084,0.901916,1
0.014635,0.985365,1
0.001275,0.998725,1
0.818337,0.181663,0
0.050545,0.949455,1
0.002443,0.997557,1
0.087251,0.912749,1
0.898116,0.101884,0
0.307215,0.692785,1
0.050386,0.949614,1
0.195436,0.804564,1
0.118121,0.881879,1
0.039758,0.960242,1
0.006939,0.993061,1
0.759741,0.240259,0
0.899619,0.100381,0
0.007508,0.992492,1
0.094064,0.905936,1
0.080642,0.919358,1
0.168871,0.831129,1
0.527352,0.472648,0
0.505882,0.494118,0
0.005495,0.994505,1
0.088844,0.911156,1
0.063470,0.936530,1
0.382453,0.617547,1
0.898116,0.101884,0
0.254561,0.745439,1
0.054663,0.945337,1
0.213168,0.786832,1
0.018437,0.981563,1
0.015022,0.984978,1
0.670713,0.329287,0
0.008285,0.991715,1
0.004865,0.995135,1
0.418160,0.581840,1
0.080887,0.919113,1
0.009856,0.990144,1
0.042227,0.957773,1
0.252683,0.747317,1
0.080887,0.919113,1
0.061724,0.938276,1
0.002443,0.997557,1
0.050386,0.949614,1
0.129225,0.870775,1
0.008123,0.991877,1
0.059650,0.940350,1
0.112389,0.887611,1
0.112389,0.887611,1
0.008123,0.991877,1
0.011383,0.988617,1
0.145265,0.854735,1
0.009856,0.990144,1
0.007508,0.992492,1
0.623955,0.376045,0
0.039758,0.960242,1
0.581221,0.418779,0
0.050703,0.949297,1
0.053815,0.946185,1
0.035341,0.964659,1
0.011383,0.988617,1
0.869741,0.130259,0
0.006519,0.993481,1
0.083633,0.916367,1
0.492655,0.507345,1
0.679418,0.320582,0
0.005495,0.994505,1
0.370807,0.629193,1
0.151533,0.848467,1
0.142818,0.857182,1
0.080397,0.919603,1
0.021963,0.978037,1
0.063078,0.936922,1
0.006519,0.993481,1
0.851934,0.148066,0
0.053815,0.946185,1
0.466249,0.533751,1
0.096920,0.903080,1
0.223323,0.776677,1
0.054834,0.945166,1
0.810846,0.189154,0
0.341992,0.658008,1
0.899619,0.100381,0
0.001524,0.998476,1
0.061724,0.938276,1
0.352486,0.647514,1
0.096920,0.903080,1
0.795696,0.204304,0
0.226205,0.773795,1
0.176428,0.823572,1
0.910681,0.089319,0
0.149419,0.850581,1
0.862847,0.137153,0
0.006247,0.993753,1
0.094064,0.905936,1
0.094064,0.905936,1
0.819807,0.180193,0
0.582025,0.417975,0
0.388720,0.611280,1
0.803642,0.196358,0
0.451468,0.548532,1
0.080887,0.919113,1
0.876695,0.123305,0
0.084397,0.915603,1
0.005495,0.994505,1
0.752422,0.247578,0
0.136852,0.863148,1
0.005513,0.994487,1
0.050386,0.949614,1
0.043862,0.956138,1
0.319309,0.680691,1
0.034121,0.965879,1
0.001762,0.998238,1
0.759137,0.240863,0
0.914117,0.085883,0
0.226205,0.773795,1
0.063470,0.936530,1
0.005495,0.994505,1
0.001275,0.998725,1
0.929559,0.070441,0
0.013578,0.986422,1
0.007508,0.992492,1
0.004140,0.995860,1
0.099261,0.900739,1
0.043862,0.956138,1
0.002443,0.997557,1
0.890620,0.109380,0
0.036954,0.963046,1
0.046135,0.953865,1
0.037427,0.962573,1
0.036954,0.963046,1
0.135684,0.864316,1
0.063470,0.936530,1
0.034121,0.965879,1
0.210958,0.789042,1
0.005513,0.994487,1
0.005513,0.994487,1
0.693650,0.306350,0
0.008123,0.991877,1
0.063470,0.936530,1
0.132992,0.867008,1
0.814870,0.185130,0
0.050386,0.949614,1
0.905436,0.094564,0
0.059836,0.940164,1
0.142818,0.857182,1
0.226205,0.773795,1
0.142818,0.857182,1
0.406142,0.593858,1
0.183752,0.816248,1
0.101049,0.898951,1
0.014635,0.985365,1
0.105645,0.894355,1
0.015468,0.984532,1
0.094064,0.905936,1
0.004140,0.995860,1
0.050545,0.949455,1
0.041828,0.958172,1
0.048368,0.951632,1
0.005513,0.994487,1
0.008123,0.991877,1
0.084142,0.915858,1
0.002998,0.997002,1
0.113715,0.886285,1
0.047463,0.952537,1
0.063470,0.936530,1
0.027704,0.972296,1
0.153671,0.846329,1
0.002998,0.997002,1
0.049913,0.950087,1
0.064460,0.935540,1
0.011383,0.988617,1
0.172617,0.827383,1
0.797304,0.202696,0
0.899619,0.100381,0
0.005495,0.994505,1
0.274500,0.725500,1
0.145265,0.854735,1
0.538875,0.461125,0
0.692947,0.307053,0
0.064062,0.935938,1
0.160680,0.839320,1
0.084397,0.915603,1
0.001275,0.998725,1
0.011383,0.988617,1
0.053815,0.946185,1
0.008123,0.991877,1
0.004865,0.995135,1
0.776809,0.223191,0
0.050071,0.949929,1
0.053815,0.946185,1
0.063470,0.936530,1
0.166104,0.833896,1
0.031803,0.968197,1
0.136852,0.863148,1
0.064460,0.935540,1
0.040522,0.959478,1
0.901983,0.098017,0
0.671443,0.328557,0
0.002998,0.997002,1
0.040522,0.959478,1
0.931060,0.068940,0
0.062108,0.937892,1
0.036954,0.963046,1
0.880574,0.119426,0
0.051667,0.948333,1
0.170736,0.829264,1
0.034121,0.965879,1
0.004865,0.995135,1
0.006519,0.993481,1
0.148163,0.851837,1
0.091833,0.908167,1
0.049601,0.950399,1
0.610675,0.389325,0
0.842519,0.157481,0
0.022466,0.977534,1
0.110100,0.889900,1
0.030800,0.969200,1
0.099261,0.900739,1
0.051344,0.948656,1
0.003582,0.996418,1
0.007077,0.992923,1
0.063470,0.936530,1
0.012845,0.987155,1
0.084397,0.915603,1
0.030800,0.969200,1
0.211509,0.788491,1
0.391080,0.608920,1
0.064460,0.935540,1
0.035909,0.964091,1
0.211509,0.788491,1
0.001524,0.998476,1
0.063470,0.936530,1
0.099261,0.900739,1
0.071802,0.928198,1
0.729585,0.270415,0
0.449013,0.550987,1
0.002443,0.997557,1
0.040522,0.959478,1
0.011198,0.988802,1
0.366957,0.633043,1
0.177391,0.822609,1
0.486044,0.513956,1
0.037427,0.962573,1
0.934582,0.065418,0
0.618508,0.381492,0
0.314298,0.685702,1
0.166104,0.833896,1
0.016509,0.983491,1
0.110425,0.889575,1
0.019865,0.980135,1
0.002998,0.997002,1
0.722348,0.277652,0
0.842080,0.157920,0
0.430276,0.569724,1
0.048368,0.951632,1
0.050071,0.949929,1
0.089921,0.910079,1
0.002998,0.997002,1
0.050071,0.949929,1
0.022466,0.977534,1
0.164734,0.835266,1
0.043723,0.956277,1
0.168871,0.831129,1
0.129225,0.870775,1
0.939082,0.060918,0
0.129225,0.870775,1
0.049601,0.950399,1
0.214280,0.785720,1
0.120203,0.879797,1
0.035909,0.964091,1
0.063078,0.936922,1
0.034121,0.965879,1
0.009696,0.990304,1
0.063470,0.936530,1
0.858082,0.141918,0
0.012432,0.987568,1
0.572341,0.427659,0
0.030408,0.969592,1
0.050703,0.949297,1
0.684439,0.315561,0
0.963308,0.036692,0
0.042094,0.957906,1
0.514973,0.485027,0
0.063470,0.936530,1
0.015022,0.984978,1
0.708206,0.291794,0
0.036954,0.963046,1
0.887026,0.112974,0
0.063078,0.936922,1
0.481088,0.518912,1
0.848565,0.151435,0
0.088844,0.911156,1
0.061724,0.938276,1
0.152813,0.847187,1
0.054663,0.945337,1
0.011198,0.988802,1
0.244040,0.755960,1
0.498442,0.501558,1
0.846857,0.153143,0
0.034121,0.965879,1
0.067102,0.932898,1
0.027704,0.972296,1
0.176909,0.823091,1
0.063470,0.936530,1
0.156270,0.843730,1
0.005495,0.994505,1
0.461314,0.538686,1
0.096920,0.903080,1
0.258345,0.741655,1
0.037427,0.962573,1
0.099261,0.900739,1
0.021963,0.978037,1
0.040522,0.959478,1
0.094913,0.905087,1
0.071363,0.928637,1
0.040522,0.959478,1
0.173564,0.826436,1
0.008123,0.991877,1
0.068566,0.931434,1
0.053815,0.946185,1
0.094064,0.905936,1
0.151108,0.848892,1
0.774507,0.225493,0
0.018437,0.981563,1
0.002958,0.997042,1
0.077748,0.922252,1
0.952272,0.047728,0
0.147746,0.852254,1
0.054834,0.945166,1
0.303008,0.696992,1
0.030800,0.969200,1
0.004865,0.995135,1
0.022466,0.977534,1
0.096920,0.903080,1
0.014588,0.985412,1
0.110100,0.889900,1
0.258345,0.741655,1
0.022466,0.977534,1
0.175469,0.824531,1
0.006519,0.993481,1
0.616164,0.383836,0
0.022466,0.977534,1
0.001275,0.998725,1
0.406142,0.593858,1
0.094913,0.905087,1
0.056046,0.943954,1
0.096920,0.903080,1
0.001762,0.998238,1
0.001524,0.998476,1
0.007784,0.992216,1
0.034121,0.965879,1
0.250814,0.749186,1
0.477787,0.522213,1
0.038514,0.961486,1
0.145265,0.854735,1
0.071802,0.928198,1
0.018678,0.981322,1
0.064460,0.935540,1
0.096920,0.903080,1
0.041828,0.958172,1
0.012432,0.987568,1
0.683724,0.316276,0
0.007784,0.992216,1
0.013578,0.986422,1
0.048368,0.951632,1
0.096920,0.903080,1
0.013578,0.986422,1
0.023965,0.976035,1
0.063078,0.936922,1
0.505882,0.494118,0
0.007508,0.992492,1
0.001524,0.998476,1
0.164734,0.835266,1
0.070926,0.929074,1
0.006939,0.993061,1
0.068566,0.931434,1
0.140007,0.859993,1
0.690125,0.309875,0
0.820782,0.179218,0
0.006519,0.993481,1
0.081876,0.918124,1
0.022466,0.977534,1
0.035909,0.964091,1
0.002958,0.997042,1
0.748085,0.251915,0
0.834459,0.165541,0
0.182762,0.817238,1
0.151533,0.848467,1
0.136462,0.863538,1
0.159346,0.840654,1
0.306512,0.693488,1
0.001524,0.998476,1
0.886028,0.113972,0
0.002958,0.997042,1
0.002443,0.997557,1
0.012432,0.987568,1
0.199630,0.800370,1
0.071582,0.928418,1
0.621624,0.378376,0
0.061724,0.938276,1
0.046135,0.953865,1
0.284488,0.715512,1
0.001275,0.998725,1
0.636287,0.363713,0
0.233818,0.766182,1
0.370807,0.629193,1
0.048368,0.951632,1
0.004865,0.995135,1
0.084397,0.915603,1
0.001275,0.998725,1
0.001762,0.998238,1
0.068566,0.931434,1
0.213168,0.786832,1
0.031701,0.968299,1
0.043862,0.956138,1
0.022466,0.977534,1
0.258345,0.741655,1
0.049601,0.950399,1
0.632452,0.367548,0
0.069629,0.930371,1
0.002443,0.997557,1
0.939647,0.060353,0
0.034781,0.965219,1
0.043862,0.956138,1
0.137635,0.862365,1
0.726967,0.273033,0
0.071582,0.928418,1
0.022466,0.977534,1
0.595636,0.404364,0
0.051344,0.948656,1
0.005495,0.994505,1
0.037427,0.962573,1
0.094913,0.905087,1
0.027615,0.972385,1
0.094064,0.905936,1
0.198049,0.801951,1
0.043862,0.956138,1
0.488522,0.511478,1
0.880226,0.119774,0
0.008992,0.991008,1
0.022466,0.977534,1
0.038760,0.961240,1
0.401365,0.598635,1
0.549539,0.450461,0
0.383234,0.616766,1
0.063078,0.936922,1
0.005513,0.994487,1
0.233818,0.766182,1
0.267315,0.732685,1
0.006247,0.993753,1
0.044140,0.955860,1
0.928028,0.071972,0
0.866714,0.133286,0
0.018678,0.981322,1
0.044140,0.955860,1
0.036954,0.963046,1
0.039758,0.960242,1
0.042227,0.957773,1
0.683724,0.316276,0
0.765725,0.234275,0
0.152813,0.847187,1
0.527352,0.472648,0
0.008285,0.991715,1
0.643147,0.356853,0
0.759137,0.240863,0
0.152813,0.847187,1
0.170736,0.829264,1
0.087251,0.912749,1
0.636287,0.363713,0
0.028153,0.971847,1
0.255818,0.744182,1
0.154102,0.845898,1
0.759741,0.240259,0
0.008123,0.991877,1
0.267315,0.732685,1
0.089921,0.910079,1
0.846428,0.153572,0
0.001275,0.998725,1
0.050703,0.949297,1
0.119854,0.880146,1
0.005513,0.994487,1
0.003582,0.996418,1
0.063470,0.936530,1
0.341992,0.658008,1
0.542161,0.457839,0
0.669251,0.330749,0
0.005495,0.994505,1
0.294693,0.705307,1
0.002443,0.997557,1
0.080397,0.919603,1
0.002958,0.997042,1
0.308625,0.691375,1
0.084909,0.915091,1
0.361596,0.638404,1
0.007077,0.992923,1
0.708206,0.291794,0
0.087251,0.912749,1
0.199630,0.800370,1
0.110100,0.889900,1
0.806754,0.193246,0
0.299528,0.700472,1
0.034340,0.965660,1
0.047613,0.952387,1
0.042227,0.957773,1
0.039758,0.960242,1
0.084397,0.915603,1
0.184249,0.815751,1
0.516625,0.483375,0
0.039758,0.960242,1
0.845566,0.154434,0
0.042227,0.957773,1
0.005495,0.994505,1
0.076805,0.923195,1
0.694352,0.305648,0
0.137635,0.862365,1
0.053815,0.946185,1
0.063470,0.936530,1
0.001762,0.998238,1
0.692243,0.307757,0
0.084142,0.915858,1
0.885694,0.114306,0
0.132992,0.867008,1
0.658179,0.341821,0
0.047613,0.952387,1
0.877053,0.122947,0
0.002998,0.997002,1
0.050545,0.949455,1
0.034340,0.965660,1
0.271219,0.728781,1
0.868235,0.131765,0
0.877053,0.122947,0
0.310038,0.689962,1
0.017278,0.982722,1
0.549539,0.450461,0
0.071582,0.928418,1
0.063470,0.936530,1
0.103478,0.896522,1
0.110100,0.889900,1
0.101049,0.898951,1
0.308625,0.691375,1
0.064460,0.935540,1
0.084142,0.915858,1
0.881614,0.118386,0
0.173564,0.826436,1
0.043862,0.956138,1
0.063078,0.936922,1
0.043862,0.956138,1
0.195957,0.804043,1
0.047165,0.952835,1
0.786404,0.213596,0
0.680857,0.319143,0
0.006519,0.993481,1
0.623179,0.376821,0
0.054663,0.945337,1
0.005513,0.994487,1
0.002958,0.997042,1
0.538875,0.461125,0
0.555263,0.444737,0
0.803642,0.196358,0
0.011383,0.988617,1
0.164734,0.835266,1
0.041432,0.958568,1
0.030800,0.969200,1
0.012845,0.987155,1
0.640866,0.359134,0
0.037427,0.962573,1
0.011383,0.988617,1
0.056046,0.943954,1
0.137635,0.862365,1
0.327267,0.672733,1
0.001275,0.998725,1
0.142414,0.857586,1
0.257079,0.742921,1
0.170736,0.829264,1
0.080642,0.919358,1
0.430276,0.569724,1
0.008992,0.991008,1
0.052483,0.947517,1
0.152813,0.847187,1
0.504229,0.495771,0
0.080642,0.919358,1
0.096920,0.903080,1
0.110100,0.889900,1
0.092664,0.907336,1
0.191310,0.808690,1
0.192849,0.807151,1
0.063470,0.936530,1
0.004865,0.995135,1
0.056046,0.943954,1
0.462136,0.537864,1
0.083633,0.916367,1
0.173090,0.826910,1
0.049601,0.950399,1
0.005495,0.994505,1
0.250193,0.749807,1
0.051344,0.948656,1
0.001524,0.998476,1
0.005513,0.994487,1
0.084142,0.915858,1
0.795696,0.204304,0
0.034121,0.965879,1
0.842080,0.157920,0
0.098084,0.901916,1
0.846428,0.153572,0
0.036954,0.963046,1
0.083887,0.916113,1
0.061724,0.938276,1
0.044140,0.955860,1
0.001275,0.998725,1
0.250814,0.749186,1
0.022466,0.977534,1
0.001275,0.998725,1
0.071802,0.928198,1
0.382453,0.617547,1
0.053815,0.946185,1
0.861669,0.138331,0
0.314298,0.685702,1
0.063470,0.936530,1
0.009696,0.990304,1
0.113715,0.886285,1
0.012845,0.987155,1
0.252059,0.747941,1
0.054834,0.945166,1
0.120203,0.879797,1
0.063078,0.936922,1
0.035909,0.964091,1
0.063470,0.936530,1
0.035909,0.964091,1
0.595636,0.404364,0
0.090464,0.909536,1
0.255818,0.744182,1
0.006519,0.993481,1
0.042227,0.957773,1
0.110100,0.889900,1
0.063078,0.936922,1
0.391080,0.608920,1
0.932531,0.067469,0
0.120203,0.879797,1
0.027704,0.972296,1
0.061724,0.938276,1
0.666316,0.333684,0
0.038760,0.961240,1
0.001762,0.998238,1
0.179330,0.820670,1
0.022466,0.977534,1
0.023581,0.976419,1
0.006519,0.993481,1
0.002958,0.997042,1
0.877053,0.122947,0
0.044140,0.955860,1
0.314298,0.685702,1
0.036954,0.963046,1
0.007784,0.992216,1
0.092664,0.907336,1
0.002443,0.997557,1
0.856464,0.143536,0
0.177874,0.822126,1
0.018437,0.981563,1
0.004865,0.995135,1
0.667785,0.332215,0
0.852766,0.147234,0
0.005495,0.994505,1
0.453927,0.546073,1
0.258345,0.741655,1
0.021611,0.978389,1
0.042094,0.957906,1
0.043862,0.956138,1
0.088577,0.911423,1
0.601992,0.398008,0
0.040522,0.959478,1
0.036602,0.963398,1
0.081876,0.918124,1
0.012432,0.987568,1
0.030800,0.969200,1
0.574767,0.425233,0
0.063078,0.936922,1
0.090464,0.909536,1
0.042227,0.957773,1
0.054834,0.945166,1
0.384798,0.615202,1
0.002998,0.997002,1
0.099261,0.900739,1
0.912810,0.087190,0
0.314298,0.685702,1
0.058729,0.941271,1
0.582025,0.417975,0
0.194398,0.805602,1
0.053815,0.946185,1
0.794078,0.205922,0
0.455567,0.544433,1
0.002443,0.997557,1
0.094064,0.905936,1
0.090464,0.909536,1
0.250814,0.749186,1
0.036954,0.963046,1
0.063470,0.936530,1
0.030408,0.969592,1
0.037427,0.962573,1
0.360833,0.639167,1
0.670713,0.329287,0
0.404548,0.595452,1
0.404548,0.595452,1
0.886361,0.113639,0
0.699243,0.300757,0
0.050071,0.949929,1
0.027615,0.972385,1
0.012887,0.987113,1
0.001275,0.998725,1
0.859286,0.140714,0
0.166104,0.833896,1
0.156270,0.843730,1
0.877053,0.122947,0
0.516625,0.483375,0
0.040522,0.959478,1
0.353241,0.646759,1
0.005495,0.994505,1
0.087251,0.912749,1
0.084397,0.915603,1
0.018437,0.981563,1
0.064460,0.935540,1
0.011383,0.988617,1
0.788066,0.211934,0
0.002958,0.997042,1
0.040522,0.959478,1
0.099261,0.900739,1
0.012432,0.987568,1
0.110100,0.889900,1
0.059836,0.940164,1
0.015022,0.984978,1
0.028153,0.971847,1
0.112389,0.887611,1
0.063470,0.936530,1
0.005495,0.994505,1
0.022466,0.977534,1
0.027615,0.972385,1
0.096920,0.903080,1
0.035341,0.964659,1
0.006519,0.993481,1
0.882302,0.117698,0
0.018437,0.981563,1
0.002443,0.997557,1
0.031803,0.968197,1
0.804163,0.195837,0
0.002443,0.997557,1
0.402160,0.597840,1
0.187754,0.812246,1
0.083633,0.916367,1
0.431898,0.568102,1
0.708889,0.291111,0
0.022466,0.977534,1
0.002443,0.997557,1
0.036602,0.963398,1
0.002998,0.997002,1
0.164734,0.835266,1
0.040522,0.959478,1
0.928028,0.071972,0
0.001275,0.998725,1
0.022466,0.977534,1
0.064460,0.935540,1
0.934582,0.065418,0
0.112389,0.887611,1
0.058365,0.941635,1
0.317873,0.682127,1
0.099261,0.900739,1
0.320748,0.679252,1
0.001275,0.998725,1
0.031701,0.968299,1
0.050545,0.949455,1
0.911218,0.088782,0
0.791907,0.208093,0
0.083633,0.916367,1
0.022466,0.977534,1
0.514973,0.485027,0
0.099261,0.900739,1
0.022466,0.977534,1
0.741801,0.258199,0
0.094913,0.905087,1
0.019865,0.980135,1
0.008123,0.991877,1
0.785848,0.214152,0
0.864017,0.135983,0
0.043174,0.956826,1
0.030800,0.969200,1
0.103478,0.896522,1
0.303008,0.696992,1
0.007508,0.992492,1
0.022466,0.977534,1
0.228528,0.771472,1
0.002443,0.997557,1
0.030800,0.969200,1
0.443292,0.556708,1
0.894114,0.105886,0
0.379333,0.620667,1
0.662629,0.337371,0
0.719019,0.280981,0
0.014305,0.985695,1
0.005495,0.994505,1
0.064460,0.935540,1
0.011198,0.988802,1
0.021611,0.978389,1
0.112389,0.887611,1
0.001762,0.998238,1
0.016509,0.983491,1
0.889325,0.110675,0
0.084142,0.915858,1
0.011198,0.988802,1
0.303008,0.696992,1
0.047463,0.952537,1
0.084397,0.915603,1
0.018437,0.981563,1
0.792995,0.207005,0
0.214280,0.785720,1
0.012887,0.987113,1
0.094064,0.905936,1
0.036954,0.963046,1
0.820295,0.179705,0
0.084397,0.915603,1
0.005513,0.994487,1
0.008123,0.991877,1
0.062883,0.937117,1
0.063470,0.936530,1
0.006519,0.993481,1
0.036602,0.963398,1
0.166563,0.833437,1
0.034340,0.965660,1
0.817352,0.182648,0
0.310038,0.689962,1
0.749950,0.250050,0
0.375448,0.624552,1
0.051344,0.948656,1
0.036602,0.963398,1
0.303008,0.696992,1
0.096920,0.903080,1
0.050071,0.949929,1
0.001275,0.998725,1
0.035909,0.964091,1
0.738622,0.261378,0
0.061724,0.938276,1
0.040522,0.959478,1
0.134141,0.865859,1
0.692947,0.307053,0
0.170736,0.829264,1
0.082125,0.917875,1
0.071582,0.928418,1
0.070926,0.929074,1
0.063470,0.936530,1
0.018437,0.981563,1
0.005513,0.994487,1
0.594839,0.405161,0
0.094064,0.905936,1
0.433522,0.566478,1
0.001762,0.998238,1
0.022466,0.977534,1
0.006519,0.993481,1
0.099261,0.900739,1
0.914117,0.085883,0
0.148999,0.851001,1
0.110425,0.889575,1
0.005513,0.994487,1
0.180795,0.819205,1
0.059836,0.940164,1
0.166563,0.833437,1
0.285162,0.714838,1
0.059650,0.940350,1
0.194398,0.805602,1
0.036602,0.963398,1
0.037427,0.962573,1
0.044561,0.955439,1
0.086988,0.913012,1
0.842080,0.157920,0
0.050703,0.949297,1
0.112389,0.887611,1
0.002958,0.997042,1
0.014635,0.985365,1
0.006247,0.993753,1
0.014635,0.985365,1
0.928028,0.071972,0
0.670713,0.329287,0
0.323637,0.676363,1
0.096920,0.903080,1
0.195436,0.804564,1
0.093782,0.906218,1
0.071802,0.928198,1
0.098084,0.901916,1
0.049601,0.950399,1
0.039758,0.960242,1
0.241608,0.758392,1
0.090464,0.909536,1
0.002998,0.997002,1
0.210958,0.789042,1
0.001275,0.998725,1
0.084397,0.915603,1
0.086988,0.913012,1
0.831699,0.168301,0
0.063470,0.936530,1
0.134141,0.865859,1
0.051667,0.948333,1
0.046135,0.953865,1
0.015022,0.984978,1
0.063470,0.936530,1
0.080642,0.919358,1
0.084397,0.915603,1
0.669251,0.330749,0
0.012432,0.987568,1
0.070926,0.929074,1
0.576383,0.423617,0
0.002958,0.997042,1
0.088844,0.911156,1
0.170736,0.829264,1
0.063078,0.936922,1
0.317156,0.682844,1
0.319309,0.680691,1
0.210958,0.789042,1
0.040522,0.959478,1
0.206046,0.793954,1
0.056046,0.943954,1
0.006519,0.993481,1
0.061724,0.938276,1
0.084142,0.915858,1
0.036954,0.963046,1
0.002443,0.997557,1
0.059650,0.940350,1
0.743066,0.256934,0
0.006519,0.993481,1
0.009856,0.990144,1
0.177391,0.822609,1
0.595636,0.404364,0
0.096920,0.903080,1
0.285837,0.714163,1
0.071802,0.928198,1
0.050386,0.949614,1
0.145265,0.854735,1
0.101651,0.898349,1
0.094064,0.905936,1
0.084909,0.915091,1
0.004865,0.995135,1
0.063470,0.936530,1
0.001524,0.998476,1
0.063470,0.936530,1
0.084397,0.915603,1
0.037427,0.962573,1
0.284488,0.715512,1
0.088844,0.911156,1
0.846428,0.153572,0
0.004865,0.995135,1
0.068989,0.931011,1
0.014635,0.985365,1
0.042227,0.957773,1
0.960018,0.039982,0
0.018437,0.981563,1
0.005735,0.994265,1
0.005495,0.994505,1
0.152813,0.847187,1
0.026484,0.973516,1
0.094064,0.905936,1
0.002443,0.997557,1
0.734773,0.265227,0
0.301613,0.698387,1
0.228528,0.771472,1
0.007784,0.992216,1
0.559342,0.440658,0
0.927807,0.072193,0
0.063470,0.936530,1
0.008123,0.991877,1
0.071363,0.928637,1
0.231457,0.768543,1
0.026741,0.973259,1
0.152813,0.847187,1
0.042227,0.957773,1
0.001275,0.998725,1
0.022466,0.977534,1
0.285162,0.714838,1
0.030408,0.969592,1
0.137635,0.862365,1
0.370807,0.629193,1
0.015468,0.984532,1
0.005495,0.994505,1
0.582025,0.417975,0
0.011383,0.988617,1
0.084142,0.915858,1
0.551176,0.448824,0
0.833084,0.166916,0
0.460492,0.539508,1
0.618508,0.381492,0
0.043862,0.956138,1
0.152813,0.847187,1
0.008123,0.991877,1
0.379333,0.620667,1
0.326540,0.673460,1
0.080642,0.919358,1
0.007508,0.992492,1
0.083633,0.916367,1
0.026484,0.973516,1
0.049601,0.950399,1
0.080397,0.919603,1
0.014635,0.985365,1
0.001762,0.998238,1
0.869741,0.130259,0
0.034121,0.965879,1
0.258345,0.741655,1
0.826546,0.173454,0
0.063078,0.936922,1
0.499268,0.500732,1
0.096920,0.903080,1
0.885358,0.114642,0
0.912282,0.087718,0
0.004865,0.995135,1
0.319309,0.680691,1
0.006519,0.993481,1
0.013578,0.986422,1
0.001275,0.998725,1
0.089921,0.910079,1
0.044140,0.955860,1
0.022466,0.977534,1
0.547901,0.452099,0
0.059836,0.940164,1
0.135684,0.864316,1
0.081876,0.918124,1
0.001524,0.998476,1
0.007508,0.992492,1
0.022466,0.977534,1
0.035909,0.964091,1
0.738622,0.261378,0
0.829840,0.170160,0
0.070926,0.929074,1
0.005495,0.994505,1
0.006939,0.993061,1
0.002958,0.997042,1
0.014635,0.985365,1
0.063078,0.936922,1
0.045701,0.954299,1
0.001762,0.998238,1
0.678697,0.321303,0
0.670713,0.329287,0
0.005495,0.994505,1
0.139213,0.860787,1
0.601199,0.398801,0
0.884009,0.115991,0
0.001275,0.998725,1
0.008285,0.991715,1
0.835825,0.164175,0
0.022466,0.977534,1
0.306512,0.693488,1
0.036602,0.963398,1
0.148163,0.851837,1
0.521578,0.478422,0
0.134141,0.865859,1
0.148999,0.851001,1
0.741801,0.258199,0
0.250814,0.749186,1
0.156270,0.843730,1
0.613815,0.386185,0
0.040522,0.959478,1
0.025810,0.974190,1
0.058365,0.941635,1
0.085167,0.914833,1
0.022466,0.977534,1
0.017278,0.982722,1
0.007784,0.992216,1
0.112389,0.887611,1
0.231457,0.768543,1
0.007077,0.992923,1
0.096920,0.903080,1
0.875979,0.124021,0
0.026741,0.973259,1
0.914117,0.085883,0
0.007508,0.992492,1
0.371578,0.628422,1
0.012887,0.987113,1
0.303008,0.696992,1
0.071802,0.928198,1
0.910412,0.089588,0
0.037427,0.962573,1
0.930420,0.069580,0
0.036954,0.963046,1
0.012432,0.987568,1
0.005513,0.994487,1
0.824641,0.175359,0
0.895050,0.104950,0
0.164734,0.835266,1
0.068566,0.931434,1
0.285837,0.714163,1
0.034893,0.965107,1
0.701325,0.298675,0
0.199630,0.800370,1
0.067102,0.932898,1
0.114384,0.885616,1
0.846428,0.153572,0
0.011383,0.988617,1
0.191822,0.808178,1
0.007784,0.992216,1
0.708889,0.291111,0
0.734773,0.265227,0
0.001275,0.998725,1
0.934582,0.065418,0
0.005495,0.994505,1
0.907400,0.092600,0
0.595636,0.404364,0
0.008123,0.991877,1
0.285837,0.714163,1
0.008123,0.991877,1
0.110100,0.889900,1
0.154102,0.845898,1
0.320028,0.679972,1
0.120203,0.879797,1
0.015928,0.984072,1
0.004865,0.995135,1
0.927362,0.072638,0
0.901691,0.098309,0
0.283816,0.716184,1
0.051667,0.948333,1
0.063470,0.936530,1
0.015468,0.984532,1
0.321469,0.678531,1
0.521578,0.478422,0
0.547082,0.452918,0
0.743066,0.256934,0
0.090736,0.909264,1
0.008963,0.991037,1
0.007077,0.992923,1
0.004865,0.995135,1
0.233818,0.766182,1
0.063470,0.936530,1
0.128853,0.871147,1
0.049601,0.950399,1
0.026741,0.973259,1
0.310038,0.689962,1
0.614599,0.385401,0
0.137635,0.862365,1
0.353241,0.646759,1
0.016509,0.983491,1
0.145265,0.854735,1
0.001275,0.998725,1
0.011383,0.988617,1
0.018437,0.981563,1
0.096343,0.903657,1
0.002443,0.997557,1
0.145265,0.854735,1
0.024513,0.975487,1
0.051344,0.948656,1
0.320748,0.679252,1
0.164734,0.835266,1
0.139610,0.860390,1
0.186747,0.813253,1
0.002998,0.997002,1
0.025810,0.974190,1
0.692243,0.307757,0
0.053815,0.946185,1
0.008123,0.991877,1
0.071802,0.928198,1
0.004865,0.995135,1
0.685153,0.314847,0
0.009696,0.990304,1
0.810338,0.189662,0
0.007077,0.992923,1
0.553629,0.446371,0
0.034121,0.965879,1
0.207130,0.792870,1
0.164734,0.835266,1
0.096920,0.903080,1
0.084142,0.915858,1
0.860084,0.139916,0
0.006519,0.993481,1
0.071802,0.928198,1
0.022466,0.977534,1
0.322914,0.677086,1
0.718351,0.281649,0
0.339022,0.660978,1
0.046135,0.953865,1
0.036954,0.963046,1
0.026741,0.973259,1
0.049601,0.950399,1
0.846428,0.153572,0
0.062108,0.937892,1
0.630913,0.369087,0
0.261526,0.738474,1
0.047914,0.952086,1
0.034230,0.965770,1
0.001275,0.998725,1
0.022466,0.977534,1
0.145265,0.854735,1
0.145265,0.854735,1
0.944516,0.055484,0
0.310038,0.689962,1
0.080642,0.919358,1
0.002998,0.997002,1
0.025810,0.974190,1
0.142818,0.857182,1
0.559342,0.440658,0
0.083633,0.916367,1
0.285162,0.714838,1
0.034121,0.965879,1
0.341992,0.658008,1
0.019865,0.980135,1
0.257711,0.742289,1
0.777953,0.222047,0
0.145265,0.854735,1
0.075410,0.924590,1
0.042227,0.957773,1
0.018678,0.981322,1
0.007784,0.992216,1
0.010352,0.989648,1
0.501749,0.498251,0
0.067102,0.932898,1
0.601992,0.398008,0
0.099261,0.900739,1
0.018437,0.981563,1
0.007077,0.992923,1
0.011198,0.988802,1
0.145265,0.854735,1
0.153671,0.846329,1
0.068566,0.931434,1
0.001524,0.998476,1
0.076805,0.923195,1
0.018437,0.981563,1
0.350225,0.649775,1
0.271219,0.728781,1
0.084653,0.915347,1
0.618508,0.381492,0
0.094064,0.905936,1
0.004865,0.995135,1
0.084142,0.915858,1
0.112389,0.887611,1
0.014635,0.985365,1
0.011383,0.988617,1
0.022466,0.977534,1
0.114384,0.885616,1
0.714319,0.285681,0
0.014635,0.985365,1
0.427846,0.572154,1
0.734128,0.265872,0
0.732835,0.267165,0
0.269913,0.730087,1
0.452288,0.547712,1
0.345723,0.654277,1
0.036954,0.963046,1
0.226205,0.773795,1
0.022466,0.977534,1
0.466249,0.533751,1
0.742434,0.257566,0
0.846428,0.153572,0
0.732835,0.267165,0
0.860482,0.139518,0
0.071363,0.928637,1
0.166104,0.833896,1
0.041301,0.958699,1
0.048368,0.951632,1
0.187754,0.812246,1
0.063470,0.936530,1
0.620846,0.379154,0
0.096920,0.903080,1
0.096920,0.903080,1
0.015468,0.984532,1
0.011383,0.988617,1
0.071363,0.928637,1
0.015022,0.984978,1
0.084142,0.915858,1
0.341992,0.658008,1
0.064460,0.935540,1
0.018437,0.981563,1
0.053815,0.946185,1
0.476962,0.523038,1
0.031298,0.968702,1
0.145265,0.854735,1
0.035909,0.964091,1
0.110100,0.889900,1
0.932531,0.067469,0
0.080887,0.919113,1
0.708206,0.291794,0
0.063470,0.936530,1
0.485217,0.514783,1
0.034121,0.965879,1
0.693650,0.306350,0
0.022466,0.977534,1
0.008123,0.991877,1
0.750569,0.249431,0
0.001762,0.998238,1
0.022466,0.977534,1
0.786959,0.213041,0
0.274500,0.725500,1
0.026484,0.973516,1
0.854830,0.145170,0
0.153671,0.846329,1
0.122673,0.877327,1
0.035909,0.964091,1
0.050703,0.949297,1
0.170736,0.829264,1
0.014635,0.985365,1
0.014588,0.985412,1
0.353997,0.646003,1
0.257079,0.742921,1
0.565853,0.434147,0
0.008123,0.991877,1
0.022466,0.977534,1
0.011383,0.988617,1
0.043311,0.956689,1
0.001275,0.998725,1
0.043723,0.956277,1
0.120203,0.879797,1
0.874897,0.125103,0
0.006519,0.993481,1
0.178359,0.821641,1
0.068566,0.931434,1
0.022466,0.977534,1
0.056046,0.943954,1
0.371578,0.628422,1
0.338281,0.661719,1
0.774507,0.225493,0
0.005495,0.994505,1
0.046135,0.953865,1
0.004865,0.995135,1
0.446559,0.553441,1
0.376224,0.623776,1
0.285837,0.714163,1
0.708889,0.291111,0
0.142414,0.857586,1
0.080887,0.919113,1
0.006826,0.993174,1
0.064460,0.935540,1
0.433522,0.566478,1
0.191822,0.808178,1
0.009856,0.990144,1
0.012845,0.987155,1
0.827019,0.172981,0
0.007508,0.992492,1
0.094064,0.905936,1
0.928028,0.071972,0
0.002443,0.997557,1
0.059650,0.940350,1
0.001524,0.998476,1
0.001275,0.998725,1
0.305809,0.694191,1
0.803642,0.196358,0
0.038760,0.961240,1
0.888672,0.111328,0
0.258345,0.741655,1
0.781362,0.218638,0
0.063470,0.936530,1
0.145265,0.854735,1
0.129225,0.870775,1
0.133374,0.866626,1
0.211509,0.788491,1
0.027615,0.972385,1
0.037427,0.962573,1
0.068989,0.931011,1
0.001275,0.998725,1
0.112389,0.887611,1
0.031803,0.968197,1
0.026741,0.973259,1
0.071582,0.928418,1
0.005735,0.994265,1
0.040522,0.959478,1
0.109454,0.890546,1
0.009696,0.990304,1
0.012845,0.987155,1
0.012432,0.987568,1
0.031701,0.968299,1
0.888345,0.111655,0
0.036954,0.963046,1
0.039758,0.960242,1
0.291268,0.708732,1
0.007508,0.992492,1
0.096343,0.903657,1
0.044140,0.955860,1
0.050545,0.949455,1
0.089921,0.910079,1
0.006519,0.993481,1
0.052648,0.947352,1
0.084142,0.915858,1
0.084397,0.915603,1
0.021611,0.978389,1
0.427846,0.572154,1
0.089921,0.910079,1
0.022466,0.977534,1
0.214837,0.785163,1
0.013578,0.986422,1
0.211509,0.788491,1
0.084909,0.915091,1
0.164734,0.835266,1
0.001275,0.998725,1
0.820782,0.179218,0
0.070926,0.929074,1
0.022466,0.977534,1
0.002443,0.997557,1
0.063470,0.936530,1
0.006519,0.993481,1
0.110100,0.889900,1
0.043862,0.956138,1
0.068566,0.931434,1
0.037427,0.962573,1
0.414142,0.585858,1
0.089921,0.910079,1
0.166563,0.833437,1
0.086988,0.913012,1
0.184746,0.815254,1
0.037427,0.962573,1
0.096920,0.903080,1
0.005495,0.994505,1
0.008123,0.991877,1
0.143630,0.856370,1
0.210958,0.789042,1
0.089921,0.910079,1
0.757925,0.242075,0
0.274500,0.725500,1
0.830772,0.169228,0
0.358548,0.641452,1
0.166104,0.833896,1
0.814371,0.185629,0
0.011383,0.988617,1
0.145265,0.854735,1
0.366957,0.633043,1
0.258345,0.741655,1
0.789718,0.210282,0
0.038514,0.961486,1
0.063470,0.936530,1
0.027704,0.972296,1
0.027704,0.972296,1
0.042227,0.957773,1
0.047463,0.952537,1
0.963308,0.036692,0
0.036954,0.963046,1
0.810338,0.189662,0
0.453927,0.546073,1
0.034121,0.965879,1
0.175469,0.824531,1
0.068566,0.931434,1
0.844700,0.155300,0
0.822720,0.177280,0
0.002958,0.997042,1
0.063470,0.936530,1
0.112389,0.887611,1
0.027615,0.972385,1
0.087251,0.912749,1
0.145265,0.854735,1
0.061724,0.938276,1
0.431898,0.568102,1
0.345723,0.654277,1
0.011383,0.988617,1
0.112389,0.887611,1
0.293320,0.706680,1
0.094629,0.905371,1
0.119506,0.880494,1
0.051344,0.948656,1
0.041828,0.958172,1
0.063470,0.936530,1
0.062688,0.937312,1
0.001275,0.998725,1
0.173564,0.826436,1
0.006519,0.993481,1
0.001524,0.998476,1
0.002998,0.997002,1
0.019045,0.980955,1
0.914117,0.085883,0
0.899619,0.100381,0
0.048368,0.951632,1
0.002998,0.997002,1
0.300222,0.699778,1
0.071363,0.928637,1
0.063470,0.936530,1
0.084397,0.915603,1
0.031803,0.968197,1
0.071802,0.928198,1
0.232046,0.767954,1
0.094913,0.905087,1
0.083633,0.916367,1
0.002958,0.997042,1
0.096920,0.903080,1
0.555263,0.444737,0
0.590048,0.409952,0
0.406142,0.593858,1
0.001275,0.998725,1
0.063470,0.936530,1
0.164734,0.835266,1
0.011383,0.988617,1
0.439216,0.560784,1
0.002443,0.997557,1
0.049601,0.950399,1
0.018437,0.981563,1
0.096920,0.903080,1
0.187754,0.812246,1
0.001275,0.998725,1
0.006519,0.993481,1
0.601199,0.398801,0
0.742434,0.257566,0
0.084142,0.915858,1
0.001275,0.998725,1
0.212614,0.787386,1
0.007508,0.992492,1
0.678697,0.321303,0
0.045701,0.954299,1
0.005495,0.994505,1
0.053815,0.946185,1
0.039758,0.960242,1
0.098084,0.901916,1
0.042227,0.957773,1
0.112389,0.887611,1
0.002998,0.997002,1
0.005513,0.994487,1
0.006247,0.993753,1
0.323637,0.676363,1
0.264732,0.735268,1
0.166104,0.833896,1
0.501749,0.498251,0
0.099261,0.900739,1
0.692243,0.307757,0
0.791361,0.208639,0
0.022466,0.977534,1
0.016509,0.983491,1
0.084909,0.915091,1
0.002958,0.997042,1
0.001275,0.998725,1
0.001275,0.998725,1
0.002998,0.997002,1
0.132612,0.867388,1
0.317873,0.682127,1
0.110100,0.889900,1
0.190798,0.809202,1
0.001275,0.998725,1
0.063470,0.936530,1
0.310746,0.689254,1
0.006519,0.993481,1
0.145265,0.854735,1
0.001275,0.998725,1
0.534764,0.465236,0
0.202819,0.797181,1
0.152813,0.847187,1
0.056046,0.943954,1
0.173564,0.826436,1
0.018437,0.981563,1
0.714319,0.285681,0
0.658179,0.341821,0
0.803120,0.196880,0
0.002443,0.997557,1
0.001275,0.998725,1
0.199630,0.800370,1
0.707523,0.292477,0
0.153671,0.846329,1
0.406142,0.593858,1
0.012432,0.987568,1
0.590848,0.409152,0
0.618508,0.381492,0
0.868235,0.131765,0
0.354754,0.645246,1
0.891902,0.108098,0
0.005495,0.994505,1
0.031701,0.968299,1
0.759741,0.240259,0
0.776809,0.223191,0
0.050545,0.949455,1
0.797304,0.202696,0
0.257079,0.742921,1
0.814371,0.185629,0
0.008123,0.991877,1
0.042227,0.957773,1
0.019865,0.980135,1
0.063470,0.936530,1
0.013578,0.986422,1
0.707523,0.292477,0
0.670713,0.329287,0
0.199630,0.800370,1
0.291268,0.708732,1
0.473663,0.526337,1
0.775660,0.224340,0
0.001275,0.998725,1
0.051667,0.948333,1
0.096343,0.903657,1
0.807269,0.192731,0
0.011383,0.988617,1
0.011383,0.988617,1
0.008123,0.991877,1
0.034121,0.965879,1
0.822237,0.177763,0
0.050545,0.949455,1
0.058729,0.941271,1
0.664106,0.335894,0
0.084909,0.915091,1
0.027704,0.972296,1
0.003582,0.996418,1
0.303008,0.696992,1
0.011198,0.988802,1
0.036254,0.963746,1
0.084653,0.915347,1
0.843394,0.156606,0
0.345723,0.654277,1
0.530648,0.469352,0
0.090464,0.909536,1
0.052483,0.947517,1
0.120203,0.879797,1
0.864017,0.135983,0
0.084142,0.915858,1
0.006519,0.993481,1
0.460492,0.539508,1
0.001762,0.998238,1
0.022466,0.977534,1
0.112719,0.887281,1
0.280467,0.719533,1
0.008992,0.991008,1
0.101049,0.898951,1
0.015022,0.984978,1
0.022466,0.977534,1
0.654449,0.345551,0
0.734773,0.265227,0
0.759137,0.240863,0
0.696454,0.303546,0
0.011198,0.988802,1
0.137635,0.862365,1
0.088844,0.911156,1
0.274500,0.725500,1
0.004865,0.995135,1
0.083887,0.916113,1
0.014635,0.985365,1
0.173564,0.826436,1
0.098084,0.901916,1
0.150262,0.849738,1
0.087251,0.912749,1
0.833543,0.166457,0
0.022466,0.977534,1
0.012432,0.987568,1
0.014305,0.985695,1
0.320748,0.679252,1
0.089921,0.910079,1
0.145265,0.854735,1
0.453927,0.546073,1
0.228528,0.771472,1
0.817845,0.182155,0
0.112389,0.887611,1
0.912017,0.087983,0
0.011383,0.988617,1
0.063078,0.936922,1
0.090464,0.909536,1
0.406940,0.593060,1
0.516625,0.483375,0
0.128853,0.871147,1
0.034121,0.965879,1
0.002998,0.997002,1
0.484391,0.515609,1
0.094913,0.905087,1
0.063470,0.936530,1
0.759137,0.240863,0
0.670713,0.329287,0
0.040522,0.959478,1
0.043862,0.956138,1
0.145265,0.854735,1
0.027615,0.972385,1
0.011383,0.988617,1
0.006247,0.993753,1
0.703400,0.296600,0
0.379333,0.620667,1
0.698547,0.301453,0
0.006519,0.993481,1
0.018437,0.981563,1
0.699243,0.300757,0
0.151533,0.848467,1
0.891263,0.108737,0
0.084142,0.915858,1
0.701325,0.298675,0
0.011198,0.988802,1
0.303008,0.696992,1
0.034893,0.965107,1
0.757925,0.242075,0
0.047463,0.952537,1
0.001275,0.998725,1
0.099261,0.900739,1
0.011383,0.988617,1
0.001275,0.998725,1
0.795158,0.204842,0
0.087251,0.912749,1
0.008992,0.991008,1
0.071802,0.928198,1
0.111076,0.888924,1
0.001275,0.998725,1
0.064460,0.935540,1
0.061724,0.938276,1
0.637816,0.362184,0
0.043862,0.956138,1
0.001275,0.998725,1
0.503402,0.496598,0
0.007077,0.992923,1
0.294006,0.705994,1
0.001275,0.998725,1
0.005513,0.994487,1
0.083633,0.916367,1
0.732187,0.267813,0
0.053815,0.946185,1
0.001275,0.998725,1
0.005495,0.994505,1
0.275819,0.724181,1
0.343482,0.656518,1
0.698547,0.301453,0
0.001275,0.998725,1
0.434334,0.565666,1
0.137635,0.862365,1
0.043311,0.956689,1
0.018437,0.981563,1
0.006519,0.993481,1
0.229697,0.770303,1
0.050071,0.949929,1
0.018437,0.981563,1
0.241608,0.758392,1
0.090464,0.909536,1
0.904011,0.095989,0
0.505882,0.494118,0
0.096055,0.903945,1
0.008123,0.991877,1
0.514973,0.485027,0
0.008123,0.991877,1
0.092664,0.907336,1
0.002958,0.997042,1
0.229697,0.770303,1
0.007077,0.992923,1
0.056046,0.943954,1
0.012845,0.987155,1
0.039131,0.960869,1
0.783614,0.216386,0
0.005495,0.994505,1
0.118121,0.881879,1
0.061724,0.938276,1
0.160680,0.839320,1
0.176428,0.823572,1
0.004865,0.995135,1
0.053815,0.946185,1
0.051667,0.948333,1
0.094913,0.905087,1
0.039758,0.960242,1
0.145265,0.854735,1
0.514973,0.485027,0
0.035909,0.964091,1
0.034340,0.965660,1
0.158904,0.841096,1
0.087251,0.912749,1
0.056046,0.943954,1
0.035341,0.964659,1
0.022466,0.977534,1
0.034121,0.965879,1
0.094629,0.905371,1
0.063470,0.936530,1
0.021611,0.978389,1
0.164734,0.835266,1
0.092664,0.907336,1
0.001275,0.998725,1
0.241608,0.758392,1
0.829840,0.170160,0
0.002958,0.997042,1
0.084142,0.915858,1
0.001762,0.998238,1
0.183752,0.816248,1
0.083887,0.916113,1
0.291268,0.708732,1
0.018437,0.981563,1
0.050386,0.949614,1
0.064460,0.935540,1
0.083887,0.916113,1
0.049601,0.950399,1
0.499268,0.500732,1
0.089921,0.910079,1
0.002998,0.997002,1
0.002958,0.997042,1
0.914376,0.085624,0
0.042094,0.957906,1
0.838081,0.161919,0
0.317156,0.682844,1
0.075179,0.924821,1
0.581221,0.418779,0
0.001524,0.998476,1
0.098377,0.901623,1
0.876338,0.123662,0
0.063470,0.936530,1
0.877409,0.122591,0
0.015022,0.984978,1
0.096920,0.903080,1
0.076805,0.923195,1
0.112389,0.887611,1
0.027704,0.972296,1
0.071802,0.928198,1
0.533118,0.466882,0
0.814870,0.185130,0
0.084142,0.915858,1
0.187250,0.812750,1
0.059650,0.940350,1
0.736702,0.263298,0
0.105645,0.894355,1
0.094064,0.905936,1
0.063470,0.936530,1
0.197001,0.802999,1
0.746210,0.253790,0
0.177391,0.822609,1
0.395025,0.604975,1
0.007077,0.992923,1
0.005513,0.994487,1
0.003582,0.996418,1
0.099261,0.900739,1
0.131474,0.868526,1
0.889325,0.110675,0
0.042227,0.957773,1
0.888345,0.111655,0
0.080887,0.919113,1
0.063470,0.936530,1
0.759137,0.240863,0
0.080887,0.919113,1
0.087251,0.912749,1
0.011383,0.988617,1
0.001762,0.998238,1
0.001275,0.998725,1
0.498442,0.501558,1
0.902566,0.097434,0
0.011383,0.988617,1
0.002443,0.997557,1
0.199630,0.800370,1
0.374673,0.625327,1
0.119506,0.880494,1
0.258345,0.741655,1
0.228528,0.771472,1
0.105645,0.894355,1
0.007077,0.992923,1
0.388720,0.611280,1
0.501749,0.498251,0
0.206046,0.793954,1
0.160680,0.839320,1
0.229697,0.770303,1
0.024513,0.975487,1
0.338281,0.661719,1
0.071582,0.928418,1
0.056046,0.943954,1
0.842080,0.157920,0
0.046574,0.953426,1
0.258345,0.741655,1
0.011198,0.988802,1
0.045701,0.954299,1
0.310746,0.689254,1
0.670713,0.329287,0
0.034121,0.965879,1
0.042227,0.957773,1
0.034121,0.965879,1
0.024513,0.975487,1
0.846428,0.153572,0
0.087251,0.912749,1
0.139610,0.860390,1
0.014635,0.985365,1
0.011383,0.988617,1
0.030408,0.969592,1
0.002443,0.997557,1
0.227364,0.772636,1
0.002443,0.997557,1
0.012845,0.987155,1
0.008123,0.991877,1
0.308625,0.691375,1
0.319309,0.680691,1
0.006519,0.993481,1
0.008123,0.991877,1
0.169336,0.830664,1
0.212614,0.787386,1
0.217640,0.782360,1
0.213168,0.786832,1
0.001762,0.998238,1
0.053815,0.946185,1
0.043723,0.956277,1
0.128853,0.871147,1
0.054663,0.945337,1
0.073811,0.926189,1
0.026741,0.973259,1
0.005495,0.994505,1
0.061724,0.938276,1
0.042227,0.957773,1
0.026484,0.973516,1
0.005495,0.994505,1
0.006247,0.993753,1
0.210958,0.789042,1
0.501749,0.498251,0
0.018739,0.981261,1
0.164734,0.835266,1
0.061724,0.938276,1
0.041828,0.958172,1
0.737343,0.262657,0
0.690125,0.309875,0
0.119854,0.880146,1
0.184746,0.815254,1
0.008123,0.991877,1
0.080397,0.919603,1
0.320748,0.679252,1
0.036954,0.963046,1
0.762147,0.237853,0
0.901103,0.098897,0
0.001524,0.998476,1
0.071363,0.928637,1
0.034121,0.965879,1
0.574767,0.425233,0
0.034121,0.965879,1
0.284488,0.715512,1
0.299528,0.700472,1
0.349473,0.650527,1
0.035909,0.964091,1
0.595636,0.404364,0
0.070275,0.929725,1
0.045701,0.954299,1
0.050545,0.949455,1
0.027615,0.972385,1
0.018437,0.981563,1
0.210958,0.789042,1
0.620846,0.379154,0
0.186747,0.813253,1
0.022466,0.977534,1
0.885358,0.114642,0
0.090464,0.909536,1
0.001275,0.998725,1
0.561786,0.438214,0
0.317156,0.682844,1
0.712290,0.287710,0
0.051667,0.948333,1
0.112389,0.887611,1
0.026741,0.973259,1
0.034121,0.965879,1
0.360071,0.639929,1
0.516625,0.483375,0
0.084142,0.915858,1
0.153671,0.846329,1
0.221037,0.778963,1
0.794078,0.205922,0
0.043311,0.956689,1
0.844700,0.155300,0
0.002443,0.997557,1
0.011383,0.988617,1
0.046135,0.953865,1
0.009696,0.990304,1
0.548720,0.451280,0
0.493481,0.506519,1
0.284488,0.715512,1
0.145265,0.854735,1
0.963308,0.036692,0
0.063470,0.936530,1
0.044140,0.955860,1
0.128853,0.871147,1
0.849836,0.150164,0
0.007077,0.992923,1
0.008123,0.991877,1
0.005735,0.994265,1
0.229697,0.770303,1
0.549539,0.450461,0
0.027704,0.972296,1
0.305108,0.694892,1
0.083633,0.916367,1
0.664106,0.335894,0
0.604366,0.395634,0
0.741801,0.258199,0
0.024513,0.975487,1
0.050545,0.949455,1
0.906843,0.093157,0
0.699243,0.300757,0
0.112719,0.887281,1
0.056046,0.943954,1
0.795696,0.204304,0
0.128113,0.871887,1
0.087251,0.912749,1
0.142818,0.857182,1
0.024513,0.975487,1
0.310038,0.689962,1
0.901103,0.098897,0
0.284488,0.715512,1
0.063470,0.936530,1
0.056046,0.943954,1
0.125549,0.874451,1
0.063470,0.936530,1
0.821268,0.178732,0
0.030998,0.969002,1
0.765725,0.234275,0
0.030800,0.969200,1
0.021611,0.978389,1
0.210958,0.789042,1
0.080887,0.919113,1
0.697850,0.302150,0
0.063470,0.936530,1
0.005495,0.994505,1
0.831699,0.168301,0
0.063470,0.936530,1
0.370807,0.629193,1
0.006519,0.993481,1
0.145265,0.854735,1
0.027615,0.972385,1
0.001275,0.998725,1
0.145265,0.854735,1
0.004865,0.995135,1
0.668518,0.331482,0
0.034121,0.965879,1
0.007508,0.992492,1
0.050545,0.949455,1
0.015671,0.984329,1
0.028153,0.971847,1
0.094064,0.905936,1
0.056046,0.943954,1
0.848565,0.151435,0
0.087251,0.912749,1
0.822237,0.177763,0
0.799433,0.200567,0
0.063470,0.936530,1
0.154102,0.845898,1
0.142818,0.857182,1
0.339022,0.660978,1
0.002998,0.997002,1
0.054834,0.945166,1
0.369265,0.630735,1
0.042227,0.957773,1
0.036954,0.963046,1
0.166563,0.833437,1
0.068566,0.931434,1
0.053815,0.946185,1
0.084397,0.915603,1
0.096920,0.903080,1
0.096920,0.903080,1
0.914376,0.085624,0
0.063470,0.936530,1
0.036954,0.963046,1
0.064460,0.935540,1
0.842519,0.157481,0
0.001275,0.998725,1
0.151533,0.848467,1
0.741801,0.258199,0
0.145265,0.854735,1
0.063078,0.936922,1
0.018437,0.981563,1
0.267315,0.732685,1
0.581221,0.418779,0
0.063470,0.936530,1
0.252683,0.747317,1
0.068989,0.931011,1
0.022466,0.977534,1
0.845566,0.154434,0
0.056046,0.943954,1
0.042227,0.957773,1
0.841639,0.158361,0
0.921353,0.078647,0
0.038514,0.961486,1
0.038514,0.961486,1
0.435147,0.564853,1
0.002998,0.997002,1
0.022466,0.977534,1
0.226205,0.773795,1
0.037427,0.962573,1
0.002998,0.997002,1
0.688709,0.311291,0
0.004865,0.995135,1
0.317156,0.682844,1
0.006519,0.993481,1
0.026484,0.973516,1
0.008123,0.991877,1
0.145265,0.854735,1
0.010285,0.989715,1
0.153671,0.846329,1
0.094064,0.905936,1
0.053815,0.946185,1
0.070275,0.929725,1
0.071802,0.928198,1
0.886361,0.113639,0
0.014635,0.985365,1
0.018678,0.981322,1
0.818337,0.181663,0
0.004865,0.995135,1
0.030408,0.969592,1
0.307215,0.692785,1
0.043862,0.956138,1
0.927807,0.072193,0
0.705465,0.294535,0
0.039758,0.960242,1
0.257079,0.742921,1
0.063470,0.936530,1
0.718351,0.281649,0
0.525703,0.474297,0
0.021963,0.978037,1
0.061151,0.938849,1
0.080887,0.919113,1
0.018437,0.981563,1
0.008992,0.991008,1
0.166104,0.833896,1
0.002958,0.997042,1
0.086988,0.913012,1
0.650700,0.349300,0
0.038514,0.961486,1
0.054663,0.945337,1
0.112719,0.887281,1
0.366957,0.633043,1
0.823202,0.176798,0
0.094913,0.905087,1
0.001275,0.998725,1
0.001524,0.998476,1
0.022466,0.977534,1
0.008123,0.991877,1
0.071802,0.928198,1
0.071582,0.928418,1
0.054663,0.945337,1
0.007508,0.992492,1
0.008123,0.991877,1
0.035341,0.964659,1
0.007784,0.992216,1
0.001762,0.998238,1
0.427036,0.572964,1
0.099261,0.900739,1
0.501749,0.498251,0
0.012845,0.987155,1
0.083633,0.916367,1
0.015468,0.984532,1
0.902566,0.097434,0
0.008123,0.991877,1
0.002443,0.997557,1
0.099261,0.900739,1
0.036954,0.963046,1
0.070275,0.929725,1
0.001762,0.998238,1
0.018437,0.981563,1
0.015022,0.984978,1
0.629371,0.370629,0
0.670713,0.329287,0
0.900512,0.099488,0
0.748085,0.251915,0
0.022466,0.977534,1
0.120203,0.879797,1
0.907677,0.092323,0
0.001762,0.998238,1
0.013578,0.986422,1
0.034121,0.965879,1
0.105645,0.894355,1
0.817845,0.182155,0
0.486044,0.513956,1
0.056046,0.943954,1
0.001275,0.998725,1
0.047613,0.952387,1
0.056046,0.943954,1
0.021611,0.978389,1
0.128113,0.871887,1
0.881959,0.118041,0
0.025810,0.974190,1
0.026061,0.973939,1
0.011383,0.988617,1
0.803120,0.196880,0
0.902566,0.097434,0
0.038514,0.961486,1
0.858082,0.141918,0
0.012432,0.987568,1
0.045701,0.954299,1
0.084142,0.915858,1
0.046135,0.953865,1
0.096343,0.903657,1
0.001762,0.998238,1
0.043174,0.956826,1
0.008123,0.991877,1
0.034121,0.965879,1
0.064460,0.935540,1
0.061724,0.938276,1
0.051344,0.948656,1
0.532295,0.467705,0
0.096920,0.903080,1
0.240398,0.759602,1
0.084142,0.915858,1
0.001275,0.998725,1
0.851934,0.148066,0
0.027615,0.972385,1
0.002998,0.997002,1
0.022466,0.977534,1
0.363889,0.636111,1
0.414142,0.585858,1
0.005495,0.994505,1
0.012432,0.987568,1
0.187250,0.812750,1
0.143630,0.856370,1
0.002958,0.997042,1
0.670713,0.329287,0
0.014635,0.985365,1
0.960018,0.039982,0
0.195436,0.804564,1
0.030800,0.969200,1
0.241608,0.758392,1
0.026484,0.973516,1
0.814870,0.185130,0
0.776809,0.223191,0
0.047613,0.952387,1
0.008123,0.991877,1
0.244040,0.755960,1
0.319309,0.680691,1
0.049601,0.950399,1
0.120203,0.879797,1
0.036954,0.963046,1
0.030800,0.969200,1
0.118121,0.881879,1
0.002998,0.997002,1
0.001275,0.998725,1
0.133374,0.866626,1
0.199630,0.800370,1
0.080887,0.919113,1
0.212614,0.787386,1
0.035909,0.964091,1
0.018678,0.981322,1
0.128853,0.871147,1
0.039758,0.960242,1
0.014635,0.985365,1
0.006519,0.993481,1
0.002998,0.997002,1
0.053815,0.946185,1
0.080887,0.919113,1
0.004865,0.995135,1
0.007508,0.992492,1
0.096920,0.903080,1
0.050703,0.949297,1
0.829840,0.170160,0
0.934177,0.065823,0
0.004865,0.995135,1
0.051344,0.948656,1
0.776235,0.223765,0
0.795696,0.204304,0
0.068566,0.931434,1
0.227364,0.772636,1
0.049913,0.950087,1
0.043174,0.956826,1
0.001275,0.998725,1
0.050545,0.949455,1
0.177874,0.822126,1
0.063470,0.936530,1
0.388720,0.611280,1
0.026061,0.973939,1
0.780230,0.219770,0
0.708206,0.291794,0
0.559342,0.440658,0
0.623955,0.376045,0
0.241608,0.758392,1
0.034230,0.965770,1
0.049601,0.950399,1
0.096343,0.903657,1
0.371578,0.628422,1
0.071802,0.928198,1
0.670713,0.329287,0
0.549539,0.450461,0
0.001275,0.998725,1
0.320748,0.679252,1
0.521578,0.478422,0
0.005513,0.994487,1
0.004140,0.995860,1
0.006519,0.993481,1
0.070059,0.929941,1
0.038514,0.961486,1
0.847713,0.152287,0
0.099261,0.900739,1
0.179330,0.820670,1
0.021963,0.978037,1
0.022466,0.977534,1
0.018437,0.981563,1
0.145265,0.854735,1
0.048368,0.951632,1
0.927807,0.072193,0
0.084397,0.915603,1
0.636287,0.363713,0
0.341992,0.658008,1
0.904583,0.095417,0
0.001275,0.998725,1
0.148163,0.851837,1
0.042227,0.957773,1
0.134141,0.865859,1
0.734128,0.265872,0
0.658923,0.341077,0
0.708206,0.291794,0
0.113715,0.886285,1
0.043862,0.956138,1
0.182762,0.817238,1
0.002443,0.997557,1
0.022466,0.977534,1
0.050703,0.949297,1
0.156270,0.843730,1
0.176909,0.823091,1
0.593244,0.406756,0
0.293320,0.706680,1
0.147746,0.852254,1
0.314298,0.685702,1
0.005513,0.994487,1
0.064460,0.935540,1
0.063470,0.936530,1
0.036602,0.963398,1
0.036954,0.963046,1
