score0,score1,class
0.002054,0.997946,1
0.999594,0.000406,0
0.999671,0.000329,0
0.987056,0.012944,0
0.000005,0.999995,1
0.002601,0.997399,1
0.003174,0.996826,1
0.001243,0.998757,1
0.999243,0.000757,0
0.000311,0.999689,1
0.999846,0.000154,0
0.000003,0.999997,1
0.000040,0.999960,1
0.000094,0.999906,1
0.999854,0.000146,0
0.005153,0.994847,1
0.993107,0.006893,0
0.997365,0.002635,0
0.998992,0.001008,0
0.000267,0.999733,1
0.997434,0.002566,0
0.001324,0.998676,1
0.001503,0.998497,1
0.999969,0.000031,0
0.998249,0.001751,0
0.002270,0.997730,1
0.999937,0.000063,0
0.997575,0.002425,0
0.999333,0.000667,0
0.001633,0.998367,1
0.000097,0.999903,1
0.999971,0.000029,0
0.999278,0.000722,0
0.000265,0.999735,1
0.002089,0.997911,1
0.998238,0.001762,0
0.999204,0.000796,0
0.998618,0.001382,0
0.998802,0.001198,0
0.000003,0.999997,1
0.999937,0.000063,0
0.999138,0.000862,0
0.999404,0.000596,0
0.015769,0.984231,1
0.998599,0.001401,0
0.999944,0.000056,0
0.000093,0.999907,1
0.998969,0.001031,0
0.000222,0.999778,1
0.993800,0.006200,0
0.000108,0.999892,1
0.000008,0.999992,1
0.998676,0.001324,0
0.999870,0.000130,0
0.998860,0.001140,0
0.999504,0.000496,0
0.000788,0.999212,1
0.006738,0.993262,1
0.006649,0.993351,1
0.999541,0.000459,0
0.969859,0.030141,0
0.000600,0.999400,1
0.998992,0.001008,0
0.001103,0.998897,1
0.000645,0.999355,1
0.000013,0.999987,1
0.996858,0.003142,0
0.995651,0.004349,0
0.998707,0.001293,0
0.999610,0.000390,0
0.999939,0.000061,0
0.000767,0.999233,1
0.999520,0.000480,0
0.999655,0.000345,0
0.000079,0.999921,1
0.999454,0.000546,0
0.000139,0.999861,1
0.001039,0.998961,1
0.002761,0.997239,1
0.001049,0.998951,1
0.997926,0.002074,0
0.000783,0.999217,1
0.000008,0.999992,1
0.004498,0.995502,1
0.999923,0.000077,0
0.000238,0.999762,1
0.001360,0.998640,1
0.000501,0.999499,1
0.000002,0.999998,1
0.999833,0.000167,0
0.009072,0.990928,1
0.000452,0.999548,1
0.000174,0.999826,1
0.999186,0.000814,0
0.998996,0.001004,0
0.999610,0.000390,0
0.000230,0.999770,1
0.997365,0.002635,0
0.000036,0.999964,1
0.999127,0.000873,0
0.001757,0.998243,1
0.996900,0.003100,0
0.000552,0.999448,1
0.000286,0.999714,1
0.001543,0.998457,1
0.000092,0.999908,1
0.000713,0.999287,1
0.002124,0.997876,1
0.000274,0.999726,1
0.998969,0.001031,0
0.998261,0.001739,0
0.995930,0.004070,0
0.998104,0.001896,0
0.998830,0.001170,0
0.999882,0.000118,0
0.999640,0.000360,0
0.999256,0.000744,0
0.000010,0.999990,1
0.000376,0.999624,1
0.001488,0.998512,1
0.002789,0.997211,1
0.000588,0.999412,1
0.999420,0.000580,0
0.999121,0.000879,0
0.000327,0.999673,1
0.999907,0.000093,0
0.000022,0.999978,1
0.000236,0.999764,1
0.000149,0.999851,1
0.999976,0.000024,0
0.000244,0.999756,1
0.999492,0.000508,0
0.013559,0.986441,1
0.992337,0.007663,0
0.002061,0.997939,1
0.999979,0.000021,0
0.999626,0.000374,0
0.000772,0.999228,1
0.000120,0.999880,1
0.005051,0.994949,1
0.017227,0.982773,1
0.000013,0.999987,1
0.000467,0.999533,1
0.999320,0.000680,0
0.000191,0.999809,1
0.999688,0.000312,0
0.998868,0.001132,0
0.000060,0.999940,1
0.000142,0.999858,1
0.002601,0.997399,1
0.000010,0.999990,1
0.999144,0.000856,0
0.000147,0.999853,1
0.000037,0.999963,1
0.998937,0.001063,0
0.998698,0.001302,0
0.998335,0.001665,0
0.000058,0.999942,1
0.000335,0.999665,1
0.999243,0.000757,0
0.998736,0.001264,0
0.005221,0.994779,1
0.999950,0.000050,0
0.998631,0.001369,0
0.997709,0.002291,0
0.994900,0.005100,0
0.000365,0.999635,1
0.995429,0.004571,0
0.999798,0.000202,0
0.000180,0.999820,1
0.001294,0.998706,1
0.999579,0.000421,0
0.997754,0.002246,0
0.990901,0.009099,0
0.000949,0.999051,1
0.000101,0.999899,1
0.000859,0.999141,1
0.997623,0.002377,0
0.999363,0.000637,0
0.000590,0.999410,1
0.000260,0.999740,1
0.000009,0.999991,1
0.000697,0.999303,1
0.999792,0.000208,0
0.001644,0.998356,1
0.999542,0.000458,0
0.999492,0.000508,0
0.000002,0.999998,1
0.001633,0.998367,1
0.999519,0.000481,0
0.995474,0.004526,0
0.000183,0.999817,1
0.994763,0.005237,0
0.003542,0.996458,1
0.000067,0.999933,1
0.000009,0.999991,1
0.000008,0.999992,1
0.000567,0.999433,1
0.999386,0.000614,0
0.000016,0.999984,1
0.001088,0.998912,1
0.000335,0.999665,1
0.001488,0.998512,1
0.000421,0.999579,1
0.999616,0.000384,0
0.999896,0.000104,0
0.999875,0.000125,0
0.001528,0.998472,1
0.001835,0.998165,1
0.999861,0.000139,0
0.000381,0.999619,1
0.001700,0.998300,1
0.003887,0.996113,1
0.999416,0.000584,0
0.999452,0.000548,0
0.000543,0.999457,1
0.000357,0.999643,1
0.998604,0.001396,0
0.003760,0.996240,1
0.000029,0.999971,1
0.000511,0.999489,1
0.000150,0.999850,1
0.002716,0.997284,1
0.999625,0.000375,0
0.999331,0.000669,0
0.994423,0.005577,0
0.999844,0.000156,0
0.002442,0.997558,1
0.000091,0.999909,1
0.999908,0.000092,0
0.998220,0.001780,0
0.000723,0.999277,1
0.999642,0.000358,0
0.002798,0.997202,1
0.997842,0.002158,0
0.972380,0.027620,0
0.000073,0.999927,1
0.995243,0.004757,0
0.998912,0.001088,0
0.001890,0.998110,1
0.998853,0.001147,0
0.990281,0.009719,0
0.002145,0.997855,1
0.000807,0.999193,1
0.000033,0.999967,1
0.001700,0.998300,1
0.995534,0.004466,0
0.002195,0.997805,1
0.994235,0.005765,0
0.000554,0.999446,1
0.000089,0.999911,1
0.999454,0.000546,0
0.999486,0.000514,0
0.000003,0.999997,1
0.000116,0.999884,1
0.000444,0.999556,1
0.999525,0.000475,0
0.001987,0.998013,1
0.003495,0.996505,1
0.010805,0.989195,1
0.999962,0.000038,0
0.000456,0.999544,1
0.000001,0.999999,1
0.999762,0.000238,0
0.000095,0.999905,1
0.999582,0.000418,0
0.999624,0.000376,0
0.000115,0.999885,1
0.056714,0.943286,1
0.999793,0.000207,0
0.000685,0.999315,1
0.000144,0.999856,1
0.999772,0.000228,0
0.000007,0.999993,1
0.998774,0.001226,0
0.008634,0.991366,1
0.003314,0.996686,1
0.993548,0.006452,0
0.999997,0.000003,0
0.998622,0.001378,0
0.999204,0.000796,0
0.999961,0.000039,0
0.995862,0.004138,0
0.000580,0.999420,1
0.000019,0.999981,1
0.999223,0.000777,0
0.999707,0.000293,0
0.998148,0.001852,0
0.000177,0.999823,1
0.999400,0.000600,0
0.999511,0.000489,0
0.999308,0.000692,0
0.999612,0.000388,0
0.002203,0.997797,1
0.001397,0.998603,1
0.004337,0.995663,1
0.999580,0.000420,0
0.000033,0.999967,1
0.962122,0.037878,0
0.000009,0.999991,1
0.000033,0.999967,1
0.996879,0.003121,0
0.998782,0.001218,0
0.000652,0.999348,1
0.000293,0.999707,1
0.998905,0.001095,0
0.999351,0.000649,0
0.000728,0.999272,1
0.998473,0.001527,0
0.000085,0.999915,1
0.998324,0.001676,0
0.998290,0.001710,0
0.999606,0.000394,0
0.005825,0.994175,1
0.000865,0.999135,1
0.000279,0.999721,1
0.999324,0.000676,0
0.000076,0.999924,1
0.000037,0.999963,1
0.000730,0.999270,1
0.000561,0.999439,1
0.000037,0.999963,1
0.999233,0.000767,0
0.999964,0.000036,0
0.002883,0.997117,1
0.001187,0.998813,1
0.000003,0.999997,1
0.001878,0.998122,1
0.999965,0.000035,0
0.000170,0.999830,1
0.000004,0.999996,1
0.004126,0.995874,1
0.999671,0.000329,0
0.000003,0.999997,1
0.007767,0.992233,1
0.999263,0.000737,0
0.996879,0.003121,0
0.999957,0.000043,0
0.999870,0.000130,0
0.006850,0.993150,1
0.999958,0.000042,0
0.008028,0.991972,1
0.999376,0.000624,0
0.002338,0.997662,1
0.999901,0.000099,0
0.999265,0.000735,0
0.999639,0.000361,0
0.999840,0.000160,0
0.998944,0.001056,0
0.999270,0.000730,0
0.999038,0.000962,0
0.000148,0.999852,1
0.999175,0.000825,0
0.003601,0.996399,1
0.005119,0.994881,1
0.003698,0.996302,1
0.001683,0.998317,1
0.999313,0.000687,0
0.999917,0.000083,0
0.002323,0.997677,1
0.002378,0.997622,1
0.000203,0.999797,1
0.000315,0.999685,1
0.000005,0.999995,1
0.004603,0.995397,1
0.001559,0.998441,1
0.027451,0.972549,1
0.999158,0.000842,0
0.000643,0.999357,1
0.004294,0.995706,1
0.971286,0.028714,0
0.000304,0.999696,1
0.999782,0.000218,0
0.999223,0.000777,0
0.996471,0.003529,0
0.000654,0.999346,1
0.998214,0.001786,0
0.999981,0.000019,0
0.999798,0.000202,0
0.002575,0.997425,1
0.000998,0.999002,1
0.991080,0.008920,0
0.000323,0.999677,1
0.000052,0.999948,1
0.999273,0.000727,0
0.000580,0.999420,1
0.006306,0.993694,1
0.000050,0.999950,1
0.000481,0.999519,1
0.001316,0.998684,1
0.000765,0.999235,1
0.999769,0.000231,0
0.000079,0.999921,1
0.000069,0.999931,1
0.000369,0.999631,1
0.996858,0.003142,0
0.000026,0.999974,1
0.998214,0.001786,0
0.999155,0.000845,0
0.000134,0.999866,1
0.000730,0.999270,1
0.000289,0.999711,1
0.000600,0.999400,1
0.999544,0.000456,0
0.998845,0.001155,0
0.000018,0.999982,1
0.000793,0.999207,1
0.000064,0.999936,1
0.000003,0.999997,1
0.001333,0.998667,1
0.999915,0.000085,0
0.999938,0.000062,0
0.000431,0.999569,1
0.000018,0.999982,1
0.999712,0.000288,0
0.000320,0.999680,1
0.993309,0.006691,0
0.000231,0.999769,1
0.000005,0.999995,1
0.000278,0.999722,1
0.000586,0.999414,1
0.999547,0.000453,0
0.000130,0.999870,1
0.999631,0.000369,0
0.999957,0.000043,0
0.999150,0.000850,0
0.999531,0.000469,0
0.001473,0.998527,1
0.999808,0.000192,0
0.000247,0.999753,1
0.999548,0.000452,0
0.000110,0.999890,1
0.000065,0.999935,1
0.000124,0.999876,1
0.999815,0.000185,0
0.002575,0.997425,1
0.999497,0.000503,0
0.999382,0.000618,0
0.000103,0.999897,1
0.994917,0.005083,0
0.999744,0.000256,0
0.996631,0.003369,0
0.000069,0.999931,1
0.000545,0.999455,1
0.002007,0.997993,1
0.000750,0.999250,1
0.000440,0.999560,1
0.998951,0.001049,0
0.000342,0.999658,1
0.999905,0.000095,0
0.000012,0.999988,1
0.000010,0.999990,1
0.997655,0.002345,0
0.003260,0.996740,1
0.998238,0.001762,0
0.000488,0.999512,1
0.000025,0.999975,1
0.000278,0.999722,1
0.999706,0.000294,0
0.000123,0.999877,1
0.999504,0.000496,0
0.000319,0.999681,1
0.002798,0.997202,1
0.998979,0.001021,0
0.000323,0.999677,1
0.993570,0.006430,0
0.003381,0.996619,1
0.001231,0.998769,1
0.999776,0.000224,0
0.998672,0.001328,0
0.002323,0.997677,1
0.999468,0.000532,0
0.999570,0.000430,0
0.004680,0.995320,1
0.999938,0.000062,0
0.999591,0.000409,0
0.998937,0.001063,0
0.998930,0.001070,0
0.000413,0.999587,1
0.999580,0.000420,0
0.001903,0.998097,1
0.999700,0.000300,0
0.002217,0.997783,1
0.998778,0.001222,0
0.001311,0.998689,1
0.998923,0.001077,0
0.999361,0.000639,0
0.000647,0.999353,1
0.999936,0.000064,0
0.999180,0.000820,0
0.998566,0.001434,0
0.000828,0.999172,1
0.000912,0.999088,1
0.999816,0.000184,0
0.997870,0.002130,0
0.000943,0.999057,1
0.000229,0.999771,1
0.000237,0.999763,1
0.997330,0.002670,0
0.015821,0.984179,1
0.000138,0.999862,1
0.001056,0.998944,1
0.000392,0.999608,1
0.000650,0.999350,1
0.999917,0.000083,0
0.997175,0.002825,0
0.000136,0.999864,1
0.999995,0.000005,0
0.999548,0.000452,0
0.000195,0.999805,1
0.000600,0.999400,1
0.997212,0.002788,0
0.999902,0.000098,0
0.000270,0.999730,1
0.999618,0.000382,0
0.000365,0.999635,1
0.000143,0.999857,1
0.989515,0.010485,0
0.000003,0.999997,1
0.000767,0.999233,1
0.999470,0.000530,0
0.998979,0.001021,0
0.000041,0.999959,1
0.000003,0.999997,1
0.011771,0.988229,1
0.000002,0.999998,1
0.000085,0.999915,1
0.999670,0.000330,0
0.000527,0.999473,1
0.998654,0.001346,0
0.000742,0.999258,1
0.999138,0.000862,0
0.000291,0.999709,1
0.999054,0.000946,0
0.999701,0.000299,0
0.997050,0.002950,0
0.994728,0.005272,0
0.002636,0.997364,1
0.000086,0.999914,1
0.999907,0.000093,0
0.002636,0.997364,1
0.000018,0.999982,1
0.000027,0.999973,1
0.000311,0.999689,1
0.999729,0.000271,0
0.998261,0.001739,0
0.999082,0.000918,0
0.000496,0.999504,1
0.000874,0.999126,1
0.000262,0.999738,1
0.000073,0.999927,1
0.998148,0.001852,0
0.000120,0.999880,1
0.999810,0.000190,0
0.002082,0.997918,1
0.000176,0.999824,1
0.998627,0.001373,0
0.000059,0.999941,1
0.999531,0.000469,0
0.000076,0.999924,1
0.999728,0.000272,0
0.000561,0.999439,1
0.002225,0.997775,1
0.998753,0.001247,0
0.000305,0.999695,1
0.000122,0.999878,1
0.000076,0.999924,1
0.000320,0.999680,1
0.999606,0.000394,0
0.999856,0.000144,0
0.004365,0.995635,1
0.998944,0.001056,0
0.003081,0.996919,1
0.999038,0.000962,0
0.999519,0.000481,0
0.000793,0.999207,1
0.999504,0.000496,0
0.999512,0.000488,0
0.000005,0.999995,1
0.000055,0.999945,1
0.002707,0.997293,1
0.000362,0.999638,1
0.000461,0.999539,1
0.999875,0.000125,0
0.018453,0.981547,1
0.999426,0.000574,0
0.992235,0.007765,0
0.998702,0.001298,0
0.000102,0.999898,1
0.001533,0.998467,1
0.000003,0.999997,1
0.000058,0.999942,1
0.001392,0.998608,1
0.054786,0.945214,1
0.999479,0.000521,0
0.999907,0.000093,0
0.000313,0.999687,1
0.999414,0.000586,0
0.999002,0.000998,0
0.999141,0.000859,0
0.999426,0.000574,0
0.000359,0.999641,1
0.999636,0.000364,0
0.002315,0.997685,1
0.999180,0.000820,0
0.000220,0.999780,1
0.996720,0.003280,0
0.000485,0.999515,1
0.999118,0.000882,0
0.000133,0.999867,1
0.997321,0.002679,0
0.000737,0.999263,1
0.000060,0.999940,1
0.002662,0.997338,1
0.999764,0.000236,0
0.999454,0.000546,0
0.997813,0.002187,0
0.999172,0.000828,0
0.999759,0.000241,0
0.999921,0.000079,0
0.000053,0.999947,1
0.000352,0.999648,1
0.000772,0.999228,1
0.000001,0.999999,1
0.005653,0.994347,1
0.001994,0.998006,1
0.000009,0.999991,1
0.998178,0.001822,0
0.999942,0.000058,0
0.001649,0.998351,1
0.000101,0.999899,1
0.998053,0.001947,0
0.000079,0.999921,1
0.999817,0.000183,0
0.999591,0.000409,0
0.000177,0.999823,1
0.000205,0.999795,1
0.999865,0.000135,0
0.997156,0.002844,0
0.999118,0.000882,0
0.998905,0.001095,0
0.997374,0.002626,0
0.000580,0.999420,1
0.000937,0.999063,1
0.999897,0.000103,0
0.998702,0.001298,0
0.000545,0.999455,1
0.012907,0.987093,1
0.000057,0.999943,1
0.999914,0.000086,0
0.000298,0.999702,1
0.001533,0.998467,1
0.996774,0.003226,0
0.000276,0.999724,1
0.000154,0.999846,1
0.999899,0.000101,0
0.999418,0.000582,0
0.002970,0.997030,1
0.999745,0.000255,0
0.999793,0.000207,0
0.000325,0.999675,1
0.998916,0.001084,0
0.999519,0.000481,0
0.992804,0.007196,0
0.999363,0.000637,0
0.000017,0.999983,1
0.000042,0.999958,1
0.001175,0.998825,1
0.999953,0.000047,0
0.999587,0.000413,0
0.998290,0.001710,0
0.997849,0.002151,0
0.003495,0.996505,1
0.000070,0.999930,1
0.999807,0.000193,0
0.000561,0.999439,1
0.985141,0.014859,0
0.000075,0.999925,1
0.995578,0.004422,0
0.000998,0.999002,1
0.000109,0.999891,1
0.000762,0.999238,1
0.999902,0.000098,0
0.001415,0.998585,1
0.997527,0.002473,0
0.979185,0.020815,0
0.000237,0.999763,1
0.995875,0.004125,0
0.019317,0.980683,1
0.999807,0.000193,0
0.000001,0.999999,1
0.000009,0.999991,1
0.000002,0.999998,1
0.998856,0.001144,0
0.999029,0.000971,0
0.000042,0.999958,1
0.000323,0.999677,1
0.999843,0.000157,0
0.999781,0.000219,0
0.999567,0.000433,0
0.999952,0.000048,0
0.000453,0.999547,1
0.998724,0.001276,0
0.999194,0.000806,0
0.999965,0.000035,0
0.000667,0.999333,1
0.000153,0.999847,1
0.000364,0.999636,1
0.000139,0.999861,1
0.001365,0.998635,1
0.002549,0.997451,1
0.998711,0.001289,0
0.000433,0.999567,1
0.000667,0.999333,1
0.000087,0.999913,1
0.000062,0.999938,1
0.003887,0.996113,1
0.000949,0.999051,1
0.999326,0.000674,0
0.006627,0.993373,1
0.000203,0.999797,1
0.000804,0.999196,1
0.998849,0.001151,0
0.000108,0.999892,1
0.997510,0.002490,0
0.000012,0.999988,1
0.000241,0.999759,1
0.000486,0.999514,1
0.000166,0.999834,1
0.001928,0.998072,1
0.996920,0.003080,0
0.998267,0.001733,0
0.999684,0.000316,0
0.999738,0.000262,0
0.000336,0.999664,1
0.999974,0.000026,0
0.998007,0.001993,0
0.999747,0.000253,0
0.000240,0.999760,1
0.999975,0.000025,0
0.999899,0.000101,0
0.000239,0.999761,1
0.998249,0.001751,0
0.000765,0.999235,1
0.999344,0.000656,0
0.000224,0.999776,1
0.000212,0.999788,1
0.000711,0.999289,1
0.000181,0.999819,1
0.999918,0.000082,0
0.000842,0.999158,1
0.997240,0.002760,0
0.999191,0.000809,0
0.999428,0.000572,0
0.010016,0.989984,1
0.999124,0.000876,0
0.998072,0.001928,0
0.000059,0.999941,1
0.000191,0.999809,1
0.999710,0.000290,0
0.990184,0.009816,0
0.998707,0.001293,0
0.999777,0.000223,0
0.000228,0.999772,1
0.999971,0.000029,0
0.033645,0.966355,1
0.998518,0.001482,0
0.000153,0.999847,1
0.997231,0.002769,0
0.999223,0.000777,0
0.004058,0.995942,1
0.998468,0.001532,0
0.000212,0.999788,1
0.008298,0.991702,1
0.994216,0.005784,0
0.999709,0.000291,0
0.999584,0.000416,0
0.998698,0.001302,0
0.987433,0.012567,0
0.000170,0.999830,1
0.002323,0.997677,1
0.999630,0.000370,0
0.001967,0.998033,1
0.012245,0.987755,1
0.999781,0.000219,0
0.999607,0.000393,0
0.999846,0.000154,0
0.000007,0.999993,1
0.997357,0.002643,0
0.000059,0.999941,1
0.998346,0.001654,0
0.999660,0.000340,0
0.999465,0.000535,0
0.998745,0.001255,0
0.998806,0.001194,0
0.000347,0.999653,1
0.000181,0.999819,1
0.998707,0.001293,0
0.000027,0.999973,1
0.002110,0.997890,1
0.998238,0.001762,0
0.000420,0.999580,1
0.999238,0.000762,0
0.000014,0.999986,1
0.999584,0.000416,0
0.999785,0.000215,0
0.000397,0.999603,1
0.999158,0.000842,0
0.999837,0.000163,0
0.000076,0.999924,1
0.999614,0.000386,0
0.003530,0.996470,1
0.000633,0.999367,1
0.999294,0.000706,0
0.999776,0.000224,0
0.000214,0.999786,1
0.999194,0.000806,0
0.001781,0.998219,1
0.987140,0.012860,0
0.999897,0.000103,0
0.000004,0.999996,1
0.999776,0.000224,0
0.998378,0.001622,0
0.001420,0.998580,1
0.000315,0.999685,1
0.998757,0.001243,0
0.999285,0.000715,0
0.001488,0.998512,1
0.000060,0.999940,1
0.991398,0.008602,0
0.000126,0.999874,1
0.002034,0.997966,1
0.999643,0.000357,0
0.000029,0.999971,1
0.998478,0.001522,0
0.006941,0.993059,1
0.000635,0.999365,1
0.001644,0.998356,1
0.999623,0.000377,0
0.006964,0.993036,1
0.000250,0.999750,1
0.996665,0.003335,0
0.999650,0.000350,0
0.000001,0.999999,1
0.999241,0.000759,0
0.999507,0.000493,0
0.999776,0.000224,0
0.000995,0.999005,1
0.000026,0.999974,1
0.999973,0.000027,0
0.000050,0.999950,1
0.999772,0.000228,0
0.022517,0.977483,1
0.000072,0.999928,1
0.999766,0.000234,0
0.000005,0.999995,1
0.976897,0.023103,0
0.999985,0.000015,0
0.000001,0.999999,1
0.000804,0.999196,1
0.994460,0.005540,0
0.001666,0.998334,1
0.000397,0.999603,1
0.999829,0.000171,0
0.001580,0.998420,1
0.989341,0.010659,0
0.000486,0.999514,1
0.000799,0.999201,1
0.000112,0.999888,1
0.999946,0.000054,0
0.000097,0.999903,1
0.000048,0.999952,1
0.000839,0.999161,1
0.001711,0.998289,1
0.999194,0.000806,0
0.000024,0.999976,1
0.001163,0.998837,1
0.999484,0.000516,0
0.000278,0.999722,1
0.001088,0.998912,1
0.997724,0.002276,0
0.000158,0.999842,1
0.996089,0.003911,0
0.000112,0.999888,1
0.000576,0.999424,1
0.000004,0.999996,1
0.999992,0.000008,0
0.991226,0.008774,0
0.005451,0.994549,1
0.000509,0.999491,1
0.000298,0.999702,1
0.999637,0.000363,0
0.000334,0.999666,1
0.000051,0.999949,1
0.000060,0.999940,1
0.999890,0.000110,0
0.000015,0.999985,1
0.971006,0.028994,0
0.002308,0.997692,1
0.997960,0.002040,0
0.997980,0.002020,0
0.000001,0.999999,1
0.000193,0.999807,1
0.001473,0.998527,1
0.999854,0.000146,0
0.999890,0.000110,0
0.000073,0.999927,1
0.000461,0.999539,1
0.000000,1.000000,1
0.000412,0.999588,1
0.001179,0.998821,1
0.000871,0.999129,1
0.999382,0.000618,0
0.999878,0.000122,0
0.000120,0.999880,1
0.000341,0.999659,1
0.000345,0.999655,1
0.999964,0.000036,0
0.999974,0.000026,0
0.000094,0.999906,1
0.000118,0.999882,1
0.999144,0.000856,0
0.999536,0.000464,0
0.000113,0.999887,1
0.000209,0.999791,1
0.000189,0.999811,1
0.999888,0.000112,0
0.999764,0.000236,0
0.000464,0.999536,1
0.999880,0.000120,0
0.001711,0.998289,1
0.000098,0.999902,1
0.003662,0.996338,1
0.000812,0.999188,1
0.000022,0.999978,1
0.000780,0.999220,1
0.000001,0.999999,1
0.998400,0.001600,0
0.998020,0.001980,0
0.999465,0.000535,0
0.000043,0.999957,1
0.999550,0.000450,0
0.000205,0.999795,1
0.004573,0.995427,1
0.000075,0.999925,1
0.999241,0.000759,0
0.973691,0.026309,0
0.000894,0.999106,1
0.999282,0.000718,0
0.997348,0.002652,0
0.002346,0.997654,1
0.000767,0.999233,1
0.000008,0.999992,1
0.994728,0.005272,0
0.013784,0.986216,1
0.997769,0.002231,0
0.000543,0.999457,1
0.999310,0.000690,0
0.000118,0.999882,1
0.002217,0.997783,1
0.999545,0.000455,0
0.999766,0.000234,0
0.997805,0.002195,0
0.000647,0.999353,1
0.993591,0.006409,0
0.999662,0.000338,0
0.000003,0.999997,1
0.000002,0.999998,1
0.999798,0.000202,0
0.999032,0.000968,0
0.999016,0.000984,0
0.998698,0.001302,0
0.999233,0.000767,0
0.000851,0.999149,1
0.003282,0.996718,1
0.000013,0.999987,1
0.000398,0.999602,1
0.000315,0.999685,1
0.999450,0.000550,0
0.000086,0.999914,1
0.000928,0.999072,1
0.005579,0.994421,1
0.000000,1.000000,1
0.998951,0.001049,0
0.999873,0.000127,0
0.000735,0.999265,1
0.999871,0.000129,0
0.005469,0.994531,1
0.000134,0.999866,1
0.000077,0.999923,1
0.000061,0.999939,1
0.000081,0.999919,1
0.000213,0.999787,1
0.007294,0.992706,1
0.996291,0.003709,0
0.000275,0.999725,1
0.008055,0.991945,1
0.000332,0.999668,1
0.999889,0.000111,0
0.999889,0.000111,0
0.998663,0.001337,0
0.999926,0.000074,0
0.000139,0.999861,1
0.999340,0.000660,0
0.999840,0.000160,0
0.000747,0.999253,1
0.997724,0.002276,0
0.999997,0.000003,0
0.000181,0.999819,1
0.000959,0.999041,1
0.000412,0.999588,1
0.999473,0.000527,0
0.000000,1.000000,1
0.001884,0.998116,1
0.999994,0.000006,0
0.004005,0.995995,1
0.997670,0.002330,0
0.999322,0.000678,0
0.001548,0.998452,1
0.002558,0.997442,1
0.000186,0.999814,1
0.000011,0.999989,1
0.000423,0.999577,1
0.999914,0.000086,0
0.003735,0.996265,1
0.998741,0.001259,0
0.000180,0.999820,1
0.998849,0.001151,0
0.008691,0.991309,1
0.002232,0.997768,1
0.000563,0.999437,1
0.000005,0.999995,1
0.999799,0.000201,0
0.001077,0.998923,1
0.001018,0.998982,1
0.999282,0.000718,0
0.999629,0.000371,0
0.001179,0.998821,1
0.000007,0.999993,1
0.999877,0.000123,0
0.001121,0.998879,1
0.999390,0.000610,0
0.000242,0.999758,1
0.004251,0.995749,1
0.000252,0.999748,1
0.999016,0.000984,0
0.000557,0.999443,1
0.999972,0.000028,0
0.999322,0.000678,0
0.001171,0.998829,1
0.997670,0.002330,0
0.996412,0.003588,0
0.000185,0.999815,1
0.999487,0.000513,0
0.000033,0.999967,1
0.995474,0.004526,0
0.998244,0.001756,0
0.000353,0.999647,1
0.999386,0.000614,0
0.000126,0.999874,1
0.998766,0.001234,0
0.003282,0.996718,1
0.996720,0.003280,0
0.000537,0.999463,1
0.001804,0.998196,1
0.010876,0.989124,1
0.994178,0.005822,0
0.000431,0.999569,1
0.000007,0.999993,1
0.001167,0.998833,1
0.001167,0.998833,1
0.000140,0.999860,1
0.999747,0.000253,0
0.999248,0.000752,0
0.994178,0.005822,0
0.000525,0.999475,1
0.998707,0.001293,0
0.997417,0.002583,0
0.997417,0.002583,0
0.000177,0.999823,1
0.004031,0.995969,1
0.006182,0.993818,1
0.000110,0.999890,1
0.999889,0.000111,0
0.997701,0.002299,0
0.001974,0.998026,1
0.999748,0.000252,0
0.000058,0.999942,1
0.000499,0.999501,1
0.000862,0.999138,1
0.005598,0.994402,1
0.000572,0.999428,1
0.999070,0.000930,0
0.998278,0.001722,0
0.999837,0.000163,0
0.000221,0.999779,1
0.000069,0.999931,1
0.000158,0.999842,1
0.112198,0.887802,1
0.000332,0.999668,1
0.999995,0.000005,0
0.000100,0.999900,1
0.999012,0.000988,0
0.998384,0.001616,0
0.001859,0.998141,1
0.000008,0.999992,1
0.000130,0.999870,1
0.999661,0.000339,0
0.000012,0.999988,1
0.999694,0.000306,0
0.997212,0.002788,0
0.000040,0.999960,1
0.001872,0.998128,1
0.999635,0.000365,0
0.000001,0.999999,1
0.001922,0.998078,1
0.998845,0.001155,0
0.984645,0.015355,0
0.002315,0.997685,1
0.000018,0.999982,1
0.003260,0.996740,1
0.000227,0.999773,1
0.000019,0.999981,1
0.000010,0.999990,1
0.997783,0.002217,0
0.002292,0.997708,1
0.000052,0.999948,1
0.998590,0.001410,0
0.003381,0.996619,1
0.000557,0.999443,1
0.000183,0.999817,1
0.998667,0.001333,0
0.997374,0.002626,0
0.002089,0.997911,1
0.000439,0.999561,1
0.999542,0.000458,0
0.975663,0.024337,0
0.996050,0.003950,0
0.999285,0.000715,0
0.000035,0.999965,1
0.992106,0.007894,0
0.002516,0.997484,1
0.000109,0.999891,1
0.000082,0.999918,1
0.000001,0.999999,1
0.001628,0.998372,1
0.000414,0.999586,1
0.999924,0.000076,0
0.017341,0.982659,1
0.999169,0.000831,0
0.000042,0.999958,1
0.999859,0.000141,0
0.999993,0.000007,0
0.000025,0.999975,1
0.000525,0.999475,1
0.999480,0.000520,0
0.000015,0.999985,1
0.000446,0.999554,1
0.021027,0.978973,1
0.999479,0.000521,0
0.000014,0.999986,1
0.000706,0.999294,1
0.999624,0.000376,0
0.995665,0.004335,0
0.995321,0.004679,0
0.999891,0.000109,0
0.999103,0.000897,0
0.000446,0.999554,1
0.002394,0.997606,1
0.999025,0.000975,0
0.002020,0.997980,1
0.999006,0.000994,0
0.000081,0.999919,1
0.000033,0.999967,1
0.000003,0.999997,1
0.000010,0.999990,1
0.999660,0.000340,0
0.999475,0.000525,0
0.999791,0.000209,0
0.000004,0.999996,1
0.998627,0.001373,0
0.999772,0.000228,0
0.999088,0.000912,0
0.999602,0.000398,0
0.000772,0.999228,1
0.000307,0.999693,1
0.998488,0.001512,0
0.001865,0.998135,1
0.996388,0.003612,0
0.998909,0.001091,0
0.999525,0.000475,0
0.000036,0.999964,1
0.000000,1.000000,1
0.993901,0.006099,0
0.999940,0.000060,0
0.004985,0.995015,1
0.999767,0.000233,0
0.999760,0.000240,0
0.999452,0.000548,0
0.000024,0.999976,1
0.999531,0.000469,0
0.000022,0.999978,1
0.000269,0.999731,1
0.999414,0.000586,0
0.000003,0.999997,1
0.997434,0.002566,0
0.000118,0.999882,1
0.997321,0.002679,0
0.000713,0.999287,1
0.995099,0.004901,0
0.000485,0.999515,1
0.002902,0.997098,1
0.000350,0.999650,1
0.999238,0.000762,0
0.000509,0.999491,1
0.999889,0.000111,0
0.998214,0.001786,0
0.000752,0.999248,1
0.000353,0.999647,1
0.999601,0.000399,0
0.000015,0.999985,1
0.996050,0.003950,0
0.993484,0.006516,0
0.997212,0.002788,0
0.999699,0.000301,0
0.999677,0.000323,0
0.999949,0.000051,0
0.999344,0.000656,0
0.999586,0.000414,0
0.000313,0.999687,1
0.999433,0.000567,0
0.999768,0.000232,0
0.003530,0.996470,1
0.995034,0.004966,0
0.003952,0.996048,1
0.998992,0.001008,0
0.000007,0.999993,1
0.000243,0.999757,1
0.000013,0.999987,1
0.987760,0.012240,0
0.000674,0.999326,1
0.999665,0.000335,0
0.014104,0.985896,1
0.999707,0.000293,0
0.996642,0.003358,0
0.000127,0.999873,1
0.001077,0.998923,1
0.002680,0.997320,1
0.000469,0.999531,1
0.000752,0.999248,1
0.000400,0.999600,1
0.003271,0.996729,1
0.000002,0.999998,1
0.998720,0.001280,0
0.999591,0.000409,0
0.999936,0.000064,0
0.000074,0.999926,1
0.002315,0.997685,1
0.999910,0.000090,0
0.001859,0.998141,1
0.000051,0.999949,1
0.999893,0.000107,0
0.999545,0.000455,0
0.991595,0.008405,0
0.999830,0.000170,0
0.000187,0.999813,1
0.992388,0.007612,0
0.002217,0.997783,1
0.005729,0.994271,1
0.991868,0.008132,0
0.000076,0.999924,1
0.999724,0.000276,0
0.000373,0.999627,1
0.999507,0.000493,0
0.999725,0.000275,0
0.000042,0.999958,1
0.000842,0.999158,1
0.000086,0.999914,1
0.000004,0.999996,1
0.999830,0.000170,0
0.997426,0.002574,0
0.000036,0.999964,1
0.000252,0.999748,1
0.001347,0.998653,1
0.000264,0.999736,1
0.000676,0.999324,1
0.985573,0.014427,0
0.000656,0.999344,1
0.000071,0.999929,1
0.001211,0.998789,1
0.997194,0.002806,0
0.002798,0.997202,1
0.005902,0.994098,1
0.000215,0.999785,1
0.004886,0.995114,1
0.000383,0.999617,1
0.000140,0.999860,1
0.000559,0.999441,1
0.001769,0.998231,1
0.000412,0.999588,1
0.000187,0.999813,1
0.000067,0.999933,1
0.000010,0.999990,1
0.000048,0.999952,1
0.994587,0.005413,0
0.000569,0.999431,1
0.999580,0.000420,0
0.999492,0.000508,0
0.000302,0.999698,1
0.001277,0.998723,1
0.996063,0.003937,0
0.000546,0.999454,1
0.000187,0.999813,1
0.002240,0.997760,1
0.999616,0.000384,0
0.004711,0.995289,1
0.998741,0.001259,0
0.995352,0.004648,0
0.000036,0.999964,1
0.999270,0.000730,0
0.004573,0.995427,1
0.999186,0.000814,0
0.987515,0.012485,0
0.000513,0.999487,1
0.001781,0.998219,1
0.999570,0.000430,0
0.000054,0.999946,1
0.000658,0.999342,1
0.999006,0.000994,0
0.002698,0.997302,1
0.007270,0.992730,1
0.000016,0.999984,1
0.001264,0.998736,1
0.000051,0.999949,1
0.004854,0.995146,1
0.999677,0.000323,0
0.000039,0.999961,1
0.000117,0.999883,1
0.999335,0.000665,0
0.997434,0.002566,0
0.997510,0.002490,0
0.999918,0.000082,0
0.999983,0.000017,0
0.998778,0.001222,0
0.000030,0.999970,1
0.000033,0.999967,1
0.000105,0.999895,1
0.000461,0.999539,1
0.001125,0.998875,1
0.999784,0.000216,0
0.000242,0.999758,1
0.000548,0.999452,1
0.998898,0.001102,0
0.992513,0.007487,0
0.001757,0.998243,1
0.996620,0.003380,0
0.995067,0.004933,0
0.000018,0.999982,1
0.999380,0.000620,0
0.000436,0.999564,1
0.000319,0.999681,1
0.000493,0.999507,1
0.999340,0.000660,0
0.001243,0.998757,1
0.000014,0.999986,1
0.000131,0.999869,1
0.999674,0.000326,0
0.000005,0.999995,1
0.999828,0.000172,0
0.999957,0.000043,0
0.001411,0.998589,1
0.999528,0.000472,0
0.001841,0.998159,1
0.998079,0.001921,0
0.999019,0.000981,0
0.000757,0.999243,1
0.999516,0.000484,0
0.999663,0.000337,0
0.000222,0.999778,1
0.002308,0.997692,1
0.001025,0.998975,1
0.000216,0.999784,1
0.997249,0.002751,0
0.000013,0.999987,1
0.000006,0.999994,1
0.001798,0.998202,1
0.000153,0.999847,1
0.000275,0.999725,1
0.000015,0.999985,1
0.000032,0.999968,1
0.999797,0.000203,0
0.000169,0.999831,1
0.003337,0.996663,1
0.999465,0.000535,0
0.000105,0.999895,1
0.002034,0.997966,1
0.000162,0.999838,1
0.001085,0.998915,1
0.000295,0.999705,1
0.000089,0.999911,1
0.988764,0.011236,0
0.999945,0.000055,0
0.996848,0.003152,0
0.000241,0.999759,1
0.000718,0.999282,1
0.997898,0.002102,0
0.000110,0.999890,1
0.005344,0.994656,1
0.000289,0.999711,1
0.999618,0.000382,0
0.998883,0.001117,0
0.999359,0.000641,0
0.000133,0.999867,1
0.002698,0.997302,1
0.998711,0.001289,0
0.000812,0.999188,1
0.000219,0.999781,1
0.000004,0.999996,1
0.000008,0.999992,1
0.000326,0.999674,1
0.000420,0.999580,1
0.000934,0.999066,1
0.000046,0.999954,1
0.999370,0.000630,0
0.000978,0.999022,1
0.000357,0.999643,1
0.994640,0.005360,0
0.004603,0.995397,1
0.999983,0.000017,0
0.999917,0.000083,0
0.998728,0.001272,0
0.999006,0.000994,0
0.000046,0.999954,1
0.008777,0.991223,1
0.003228,0.996772,1
0.000051,0.999949,1
0.000400,0.999600,1
0.001786,0.998214,1
0.999103,0.000897,0
0.008216,0.991784,1
0.000324,0.999676,1
0.000460,0.999540,1
0.000078,0.999922,1
0.000028,0.999972,1
0.999374,0.000626,0
0.000001,0.999999,1
0.999944,0.000056,0
0.001671,0.998329,1
0.000067,0.999933,1
0.999822,0.000178,0
0.998685,0.001315,0
0.998110,0.001890,0
0.000218,0.999782,1
0.000221,0.999779,1
0.000004,0.999996,1
0.999673,0.000327,0
0.999766,0.000234,0
0.000067,0.999933,1
0.999297,0.000703,0
0.000817,0.999183,1
0.999446,0.000554,0
0.000523,0.999477,1
0.000424,0.999576,1
0.999750,0.000250,0
0.000006,0.999994,1
0.994849,0.005151,0
0.998798,0.001202,0
0.001513,0.998487,1
0.998129,0.001871,0
0.999724,0.000276,0
0.999258,0.000742,0
0.000654,0.999346,1
0.000038,0.999962,1
0.006562,0.993438,1
0.000176,0.999824,1
0.000109,0.999891,1
0.001671,0.998329,1
0.001163,0.998837,1
0.999739,0.000261,0
0.999388,0.000612,0
0.999611,0.000389,0
0.000366,0.999634,1
0.999801,0.000199,0
0.999813,0.000187,0
0.003415,0.996585,1
0.999976,0.000024,0
0.998810,0.001190,0
0.000073,0.999927,1
0.990376,0.009624,0
0.999700,0.000300,0
0.000424,0.999576,1
0.000667,0.999333,1
0.000443,0.999557,1
0.999534,0.000466,0
0.000528,0.999472,1
0.998999,0.001001,0
0.000572,0.999428,1
0.999524,0.000476,0
0.995997,0.004003,0
0.000012,0.999988,1
0.994569,0.005431,0
0.994216,0.005784,0
0.000804,0.999196,1
0.000612,0.999388,1
0.000011,0.999989,1
0.000481,0.999519,1
0.000639,0.999361,1
0.999152,0.000848,0
0.999968,0.000032,0
0.999655,0.000345,0
0.999109,0.000891,0
0.000178,0.999822,1
0.999282,0.000718,0
0.996412,0.003588,0
0.997365,0.002635,0
0.999696,0.000304,0
0.002734,0.997266,1
0.996930,0.003070,0
0.999439,0.000561,0
0.000349,0.999651,1
0.000483,0.999517,1
0.999762,0.000238,0
0.000452,0.999548,1
0.001039,0.998961,1
0.998378,0.001622,0
0.000173,0.999827,1
0.999918,0.000082,0
0.999394,0.000606,0
0.999881,0.000119,0
0.999967,0.000033,0
0.000191,0.999809,1
0.998301,0.001699,0
0.000099,0.999901,1
0.006964,0.993036,1
0.984645,0.015355,0
0.991168,0.008832,0
0.993820,0.006180,0
0.000005,0.999995,1
0.999765,0.000235,0
0.000117,0.999883,1
0.999263,0.000737,0
0.000136,0.999864,1
0.002014,0.997986,1
0.999573,0.000427,0
0.000282,0.999718,1
0.000389,0.999611,1
0.000011,0.999989,1
0.000050,0.999950,1
0.000003,0.999997,1
0.999846,0.000154,0
0.997510,0.002490,0
0.000304,0.999696,1
0.996436,0.003564,0
0.999494,0.000506,0
0.999928,0.000072,0
0.999658,0.000342,0
0.000628,0.999372,1
0.000005,0.999995,1
0.999918,0.000082,0
0.999707,0.000293,0
0.000061,0.999939,1
0.000336,0.999664,1
0.000376,0.999624,1
0.998400,0.001600,0
0.000002,0.999998,1
0.999968,0.000032,0
0.002262,0.997738,1
0.999795,0.000205,0
0.000503,0.999497,1
0.000073,0.999927,1
0.999679,0.000321,0
0.999760,0.000240,0
0.001333,0.998667,1
0.999194,0.000806,0
0.006021,0.993979,1
0.000044,0.999956,1
0.999183,0.000817,0
0.000198,0.999802,1
0.000107,0.999893,1
0.000452,0.999548,1
0.000740,0.999260,1
0.000004,0.999996,1
0.999827,0.000173,0
0.000628,0.999372,1
0.999951,0.000049,0
0.999820,0.000180,0
0.000264,0.999736,1
0.000121,0.999879,1
0.999236,0.000764,0
0.000449,0.999551,1
0.001005,0.998995,1
0.000299,0.999701,1
0.000197,0.999803,1
0.000122,0.999878,1
0.982552,0.017448,0
0.001028,0.998972,1
0.998753,0.001247,0
0.000785,0.999215,1
0.999939,0.000061,0
0.999473,0.000527,0
0.999904,0.000096,0
0.993287,0.006713,0
0.000194,0.999806,1
0.001909,0.998091,1
0.998400,0.001600,0
0.000003,0.999997,1
0.000545,0.999455,1
0.996340,0.003660,0
0.999158,0.000842,0
0.999802,0.000198,0
0.002152,0.997848,1
0.999204,0.000796,0
0.001564,0.998436,1
0.000007,0.999993,1
0.000552,0.999448,1
0.000014,0.999986,1
0.000125,0.999875,1
0.000246,0.999754,1
0.000088,0.999912,1
0.999225,0.000775,0
0.003303,0.996697,1
0.000232,0.999768,1
0.000554,0.999446,1
0.000271,0.999729,1
0.999934,0.000066,0
0.001872,0.998128,1
0.999776,0.000224,0
0.000420,0.999580,1
0.000001,0.999999,1
0.999844,0.000156,0
0.999082,0.000918,0
0.996315,0.003685,0
0.001538,0.998462,1
0.001488,0.998512,1
0.002636,0.997364,1
0.000309,0.999691,1
0.000035,0.999965,1
0.998909,0.001091,0
0.001171,0.998829,1
0.001878,0.998122,1
0.000002,0.999998,1
0.995034,0.004966,0
0.999684,0.000316,0
0.000266,0.999734,1
0.994273,0.005727,0
0.999861,0.000139,0
0.999533,0.000467,0
0.005598,0.994402,1
0.999612,0.000388,0
0.997011,0.002989,0
0.998357,0.001643,0
0.999573,0.000427,0
0.000155,0.999845,1
0.000321,0.999679,1
0.998934,0.001066,0
0.004619,0.995381,1
0.000503,0.999497,1
0.000027,0.999973,1
0.000059,0.999941,1
0.000061,0.999939,1
0.998468,0.001532,0
0.997953,0.002047,0
0.000004,0.999996,1
0.999875,0.000125,0
0.998798,0.001202,0
0.999404,0.000596,0
0.000062,0.999938,1
0.000040,0.999960,1
0.000413,0.999587,1
0.000094,0.999906,1
0.999956,0.000044,0
0.000346,0.999654,1
0.000194,0.999806,1
0.000090,0.999910,1
0.000556,0.999444,1
0.000226,0.999774,1
0.000048,0.999952,1
0.998318,0.001682,0
0.000408,0.999592,1
0.994080,0.005920,0
0.000949,0.999051,1
0.999969,0.000031,0
0.000051,0.999949,1
0.001559,0.998441,1
0.000851,0.999149,1
0.999610,0.000390,0
0.000809,0.999191,1
0.999112,0.000888,0
0.999916,0.000084,0
0.000486,0.999514,1
0.997813,0.002187,0
0.001011,0.998989,1
0.999954,0.000046,0
0.999275,0.000725,0
0.001235,0.998765,1
0.999810,0.000190,0
0.000020,0.999980,1
0.000128,0.999872,1
0.001700,0.998300,1
0.999878,0.000122,0
0.999873,0.000127,0
0.999410,0.000590,0
0.999970,0.000030,0
0.997011,0.002989,0
0.000791,0.999209,1
0.998872,0.001128,0
0.999022,0.000978,0
0.000985,0.999015,1
0.999814,0.000186,0
0.001187,0.998813,1
0.999378,0.000622,0
0.000912,0.999088,1
0.000594,0.999406,1
0.999835,0.000165,0
0.000165,0.999835,1
0.997567,0.002433,0
0.000478,0.999522,1
0.997947,0.002053,0
0.999559,0.000441,0
0.999885,0.000115,0
0.000169,0.999831,1
0.999404,0.000596,0
0.998658,0.001342,0
0.998053,0.001947,0
0.999847,0.000153,0
0.006896,0.993104,1
0.002798,0.997202,1
0.000400,0.999600,1
0.000370,0.999630,1
0.999514,0.000486,0
0.000352,0.999648,1
0.000039,0.999961,1
0.001316,0.998684,1
0.998172,0.001828,0
0.994515,0.005485,0
0.000010,0.999990,1
0.000114,0.999886,1
0.999029,0.000971,0
0.002689,0.997311,1
0.000982,0.999018,1
0.000008,0.999992,1
0.997724,0.002276,0
0.000393,0.999607,1
0.000856,0.999144,1
0.000022,0.999978,1
0.000170,0.999830,1
0.001383,0.998617,1
0.995259,0.004741,0
0.002188,0.997812,1
0.000508,0.999492,1
0.996518,0.003482,0
0.998226,0.001774,0
0.998267,0.001733,0
0.994100,0.005900,0
0.000004,0.999996,1
0.997709,0.002291,0
0.998640,0.001360,0
0.999025,0.000975,0
0.000433,0.999567,1
0.000565,0.999435,1
0.999825,0.000175,0
0.000578,0.999422,1
0.999833,0.000167,0
0.998818,0.001182,0
0.999348,0.000652,0
0.001118,0.998882,1
0.995243,0.004757,0
0.999825,0.000175,0
0.000545,0.999455,1
0.000498,0.999502,1
0.999340,0.000660,0
0.000000,1.000000,1
0.999598,0.000402,0
0.998948,0.001052,0
0.000156,0.999844,1
0.000001,0.999999,1
0.999921,0.000079,0
0.000013,0.999987,1
0.000000,1.000000,1
0.001285,0.998715,1
0.000209,0.999791,1
0.999684,0.000316,0
0.999890,0.000110,0
0.000171,0.999829,1
0.998955,0.001045,0
0.999308,0.000692,0
0.996951,0.003049,0
0.000058,0.999942,1
0.000785,0.999215,1
0.998172,0.001828,0
0.000002,0.999998,1
0.998689,0.001311,0
0.000004,0.999996,1
0.998599,0.001401,0
0.999489,0.000511,0
0.000001,0.999999,1
0.000745,0.999255,1
0.999897,0.000103,0
0.999894,0.000106,0
0.000390,0.999610,1
0.000588,0.999412,1
0.000059,0.999941,1
0.999784,0.000216,0
0.999641,0.000359,0
0.000131,0.999869,1
0.999758,0.000242,0
0.006390,0.993610,1
0.998483,0.001517,0
0.000137,0.999863,1
0.999124,0.000876,0
0.000012,0.999988,1
0.001574,0.998426,1
0.999905,0.000095,0
0.998537,0.001463,0
0.000069,0.999931,1
0.000316,0.999684,1
0.994197,0.005803,0
0.001804,0.998196,1
0.998667,0.001333,0
0.996376,0.003624,0
0.000498,0.999502,1
0.998872,0.001128,0
0.999392,0.000608,0
0.999597,0.000403,0
0.997724,0.002276,0
0.998868,0.001132,0
0.000079,0.999921,1
0.999275,0.000725,0
0.000045,0.999955,1
0.982322,0.017678,0
0.996709,0.003291,0
0.004498,0.995502,1
0.999363,0.000637,0
0.999618,0.000382,0
0.000035,0.999965,1
0.999616,0.000384,0
0.003748,0.996252,1
0.998518,0.001482,0
0.999903,0.000097,0
0.999970,0.000030,0
0.998996,0.001004,0
0.999130,0.000870,0
0.000071,0.999929,1
0.000690,0.999310,1
0.000159,0.999841,1
0.003674,0.996326,1
0.005221,0.994779,1
0.001559,0.998441,1
0.000231,0.999769,1
0.001798,0.998202,1
0.000520,0.999480,1
0.999849,0.000151,0
0.000998,0.999002,1
0.988387,0.011613,0
0.999930,0.000070,0
0.000001,0.999999,1
0.000032,0.999968,1
0.001081,0.998919,1
0.999667,0.000333,0
0.998357,0.001643,0
0.997746,0.002254,0
0.999851,0.000149,0
0.999612,0.000388,0
0.000117,0.999883,1
0.001488,0.998512,1
0.003686,0.996314,1
0.000168,0.999832,1
0.996291,0.003709,0
0.007490,0.992510,1
0.999948,0.000052,0
0.997746,0.002254,0
0.000121,0.999879,1
0.998473,0.001527,0
0.999359,0.000641,0
0.999797,0.000203,0
0.989235,0.010765,0
0.000417,0.999583,1
0.999807,0.000193,0
0.999903,0.000097,0
0.000005,0.999995,1
0.000545,0.999455,1
0.000087,0.999913,1
0.998951,0.001049,0
0.000557,0.999443,1
0.999902,0.000098,0
0.000013,0.999987,1
0.000578,0.999422,1
0.999280,0.000720,0
0.001523,0.998477,1
0.999646,0.000354,0
0.005961,0.994039,1
0.999891,0.000109,0
0.996089,0.003911,0
0.999463,0.000537,0
0.999905,0.000095,0
0.000009,0.999991,1
0.000532,0.999468,1
0.000087,0.999913,1
0.000508,0.999492,1
0.000168,0.999832,1
0.000026,0.999974,1
0.000423,0.999577,1
0.998916,0.001084,0
0.000354,0.999646,1
0.001268,0.998732,1
0.000224,0.999776,1
0.994849,0.005151,0
0.999936,0.000064,0
0.000122,0.999878,1
0.999828,0.000172,0
0.001163,0.998837,1
0.999169,0.000831,0
0.000380,0.999620,1
0.999947,0.000053,0
0.000006,0.999994,1
0.999848,0.000152,0
0.998493,0.001507,0
0.000362,0.999638,1
0.000257,0.999743,1
0.000064,0.999936,1
0.007367,0.992633,1
0.000336,0.999664,1
0.999335,0.000665,0
0.999942,0.000058,0
0.999590,0.000410,0
0.999753,0.000247,0
0.000051,0.999949,1
0.977047,0.022953,0
0.999344,0.000656,0
0.999076,0.000924,0
0.996598,0.003402,0
0.003325,0.996675,1
0.986711,0.013289,0
0.000195,0.999805,1
0.001728,0.998272,1
0.000949,0.999051,1
0.002110,0.997890,1
0.999261,0.000739,0
0.999085,0.000915,0
0.998986,0.001014,0
0.000311,0.999689,1
0.000027,0.999973,1
0.997805,0.002195,0
0.007011,0.992989,1
0.999928,0.000072,0
0.998410,0.001590,0
0.999798,0.000202,0
0.000516,0.999484,1
0.000028,0.999972,1
0.999587,0.000413,0
0.000650,0.999350,1
0.000044,0.999956,1
0.999892,0.000108,0
0.000111,0.999889,1
0.999941,0.000059,0
0.000343,0.999657,1
0.000169,0.999831,1
0.999645,0.000355,0
0.002636,0.997364,1
0.000865,0.999135,1
0.002541,0.997459,1
0.006001,0.993999,1
0.999883,0.000117,0
0.999263,0.000737,0
0.998532,0.001468,0
0.000005,0.999995,1
0.000147,0.999853,1
0.001316,0.998684,1
0.999593,0.000407,0
0.999764,0.000236,0
0.999408,0.000592,0
0.998837,0.001163,0
0.001025,0.998975,1
0.999333,0.000667,0
0.001277,0.998723,1
0.000669,0.999331,1
0.000075,0.999925,1
0.999726,0.000274,0
0.999520,0.000480,0
0.000253,0.999747,1
0.998979,0.001021,0
0.999856,0.000144,0
0.000389,0.999611,1
0.999579,0.000421,0
0.996076,0.003924,0
0.999925,0.000075,0
0.000351,0.999649,1
0.998503,0.001497,0
0.000097,0.999903,1
0.999869,0.000131,0
0.000023,0.999977,1
0.998196,0.001804,0
0.000554,0.999446,1
0.000028,0.999972,1
0.994551,0.005449,0
0.000845,0.999155,1
0.998410,0.001590,0
0.000820,0.999180,1
0.000057,0.999943,1
0.999938,0.000062,0
0.998790,0.001210,0
0.000264,0.999736,1
0.999067,0.000933,0
0.999569,0.000431,0
0.996920,0.003080,0
0.999499,0.000501,0
0.000024,0.999976,1
0.998919,0.001081,0
0.997884,0.002116,0
0.992001,0.007999,0
0.000159,0.999841,1
0.998681,0.001319,0
0.000394,0.999606,1
0.000015,0.999985,1
0.001916,0.998084,1
0.000608,0.999392,1
0.999631,0.000369,0
0.000004,0.999996,1
0.999506,0.000494,0
0.999166,0.000834,0
0.003091,0.996909,1
0.999191,0.000809,0
0.000366,0.999634,1
0.000136,0.999864,1
0.000005,0.999995,1
0.000882,0.999118,1
0.001294,0.998706,1
0.999785,0.000215,0
0.999556,0.000444,0
0.000070,0.999930,1
0.000307,0.999693,1
0.000224,0.999776,1
0.999700,0.000300,0
0.002378,0.997622,1
0.000299,0.999701,1
0.000362,0.999638,1
0.002474,0.997526,1
0.000015,0.999985,1
0.999019,0.000981,0
0.001688,0.998312,1
0.002474,0.997526,1
0.000094,0.999906,1
0.000026,0.999974,1
0.000028,0.999972,1
0.999832,0.000168,0
0.000404,0.999596,1
0.997591,0.002409,0
0.001994,0.998006,1
0.000571,0.999429,1
0.003637,0.996363,1
0.987392,0.012608,0
0.002951,0.997049,1
0.000040,0.999960,1
0.999426,0.000574,0
0.000112,0.999888,1
0.999723,0.000277,0
0.999901,0.000099,0
0.000013,0.999987,1
0.000107,0.999893,1
0.998826,0.001174,0
0.000227,0.999773,1
0.997940,0.002060,0
0.996869,0.003131,0
0.000991,0.999009,1
0.999709,0.000291,0
0.000534,0.999466,1
0.000163,0.999837,1
0.000596,0.999404,1
0.999507,0.000493,0
0.000154,0.999846,1
0.000124,0.999876,1
0.999402,0.000598,0
0.000334,0.999666,1
0.002951,0.997049,1
0.997409,0.002591,0
0.000073,0.999927,1
0.001671,0.998329,1
0.999426,0.000574,0
0.003461,0.996539,1
0.000145,0.999855,1
0.000586,0.999414,1
0.999846,0.000154,0
0.000136,0.999864,1
0.006828,0.993172,1
0.000516,0.999484,1
0.000074,0.999926,1
0.999076,0.000924,0
0.000683,0.999317,1
0.000196,0.999804,1
0.002047,0.997953,1
0.999714,0.000286,0
0.003249,0.996751,1
0.004085,0.995915,1
0.000290,0.999710,1
0.000083,0.999917,1
0.000277,0.999723,1
0.999432,0.000568,0
0.999465,0.000535,0
0.000037,0.999963,1
0.000003,0.999997,1
0.999774,0.000226,0
0.000055,0.999945,1
0.003760,0.996240,1
0.999280,0.000720,0
0.998599,0.001401,0
0.002247,0.997753,1
0.002662,0.997338,1
0.000708,0.999292,1
0.001722,0.998278,1
0.999936,0.000064,0
0.000263,0.999737,1
0.999664,0.000336,0
0.019958,0.980042,1
0.000003,0.999997,1
0.000004,0.999996,1
0.000151,0.999849,1
0.004031,0.995969,1
0.002761,0.997239,1
0.000036,0.999964,1
0.003337,0.996663,1
0.000069,0.999931,1
0.000985,0.999015,1
0.000015,0.999985,1
0.998944,0.001056,0
0.008243,0.991757,1
0.003404,0.996596,1
0.000182,0.999818,1
0.999777,0.000223,0
0.005487,0.994513,1
0.999794,0.000206,0
0.000569,0.999431,1
0.004031,0.995969,1
0.002346,0.997654,1
0.999320,0.000680,0
0.998810,0.001190,0
0.999452,0.000548,0
0.001272,0.998728,1
0.999665,0.000335,0
0.009755,0.990245,1
0.991787,0.008213,0
0.001148,0.998852,1
0.000004,0.999996,1
0.002662,0.997338,1
0.000186,0.999814,1
0.000067,0.999933,1
0.998774,0.001226,0
0.999426,0.000574,0
0.000009,0.999991,1
0.998715,0.001285,0
0.999939,0.000061,0
0.002458,0.997542,1
0.000240,0.999760,1
0.001822,0.998178,1
0.996741,0.003259,0
0.998901,0.001099,0
0.004727,0.995273,1
0.998066,0.001934,0
0.996961,0.003039,0
0.000189,0.999811,1
0.001001,0.998999,1
0.982779,0.017221,0
0.000362,0.999638,1
0.997926,0.002074,0
0.000235,0.999765,1
0.000272,0.999728,1
0.999228,0.000772,0
0.000181,0.999819,1
0.988984,0.011016,0
0.000134,0.999866,1
0.000248,0.999752,1
0.999326,0.000674,0
0.001011,0.998989,1
0.999926,0.000074,0
0.999762,0.000238,0
0.000059,0.999941,1
0.000288,0.999712,1
0.001302,0.998698,1
0.000005,0.999995,1
0.985238,0.014762,0
0.999786,0.000214,0
0.999692,0.000308,0
0.990471,0.009529,0
0.990901,0.009099,0
0.005001,0.994999,1
0.000211,0.999789,1
0.000511,0.999489,1
0.999610,0.000390,0
0.999724,0.000276,0
0.997670,0.002330,0
0.000518,0.999482,1
0.000131,0.999869,1
0.000937,0.999063,1
0.989788,0.010212,0
0.990780,0.009220,0
0.001085,0.998915,1
0.014151,0.985849,1
0.000312,0.999688,1
0.000321,0.999679,1
0.998868,0.001132,0
0.999070,0.000930,0
0.999877,0.000123,0
0.000098,0.999902,1
0.999241,0.000759,0
0.995903,0.004097,0
0.999775,0.000225,0
0.001219,0.998781,1
0.993287,0.006713,0
0.997011,0.002989,0
0.000481,0.999519,1
0.000856,0.999144,1
0.996541,0.003459,0
0.998979,0.001021,0
0.000067,0.999933,1
0.984391,0.015609,0
0.997575,0.002425,0
0.999872,0.000128,0
0.000002,0.999998,1
0.000178,0.999822,1
0.000304,0.999696,1
0.000362,0.999638,1
0.000031,0.999969,1
0.000537,0.999463,1
0.006454,0.993546,1
0.000022,0.999978,1
0.998640,0.001360,0
0.999754,0.000246,0
0.000541,0.999459,1
0.001140,0.998860,1
0.999564,0.000436,0
0.000022,0.999978,1
0.999029,0.000971,0
0.997285,0.002715,0
0.999466,0.000534,0
0.999597,0.000403,0
0.015615,0.984385,1
0.002370,0.997630,1
0.000257,0.999743,1
0.000645,0.999355,1
0.999958,0.000042,0
0.000614,0.999386,1
0.997011,0.002989,0
0.000796,0.999204,1
0.999985,0.000015,0
0.001660,0.998340,1
0.994640,0.005360,0
0.000145,0.999855,1
0.999639,0.000361,0
0.001781,0.998219,1
0.992732,0.007268,0
0.000252,0.999748,1
0.000002,0.999998,1
0.999590,0.000410,0
0.000190,0.999810,1
0.000044,0.999956,1
0.000273,0.999727,1
0.998912,0.001088,0
0.001351,0.998649,1
0.999448,0.000552,0
0.999780,0.000220,0
0.001533,0.998467,1
0.999650,0.000350,0
0.000320,0.999680,1
0.999972,0.000028,0
0.000058,0.999942,1
0.932253,0.067747,0
0.000288,0.999712,1
0.998982,0.001018,0
0.000046,0.999954,1
0.000260,0.999740,1
0.000001,0.999999,1
0.000039,0.999961,1
0.998431,0.001569,0
0.999070,0.000930,0
0.004018,0.995982,1
0.999866,0.000134,0
0.999707,0.000293,0
0.998951,0.001049,0
0.000339,0.999661,1
0.002761,0.997239,1
0.998841,0.001159,0
0.001383,0.998617,1
0.000140,0.999860,1
0.006182,0.993818,1
0.000091,0.999909,1
0.000093,0.999907,1
0.999588,0.000412,0
0.005068,0.994932,1
0.998890,0.001110,0
0.999144,0.000856,0
0.994533,0.005467,0
0.998478,0.001522,0
0.000380,0.999620,1
0.000306,0.999694,1
0.999795,0.000205,0
0.001005,0.998995,1
0.000005,0.999995,1
0.002601,0.997399,1
0.998318,0.001682,0
0.005922,0.994078,1
0.996204,0.003796,0
0.999073,0.000927,0
0.000545,0.999455,1
0.003874,0.996126,1
0.000539,0.999461,1
0.001202,0.998798,1
0.985092,0.014908,0
0.998384,0.001616,0
0.000018,0.999982,1
0.000029,0.999971,1
0.000000,1.000000,1
0.000862,0.999138,1
0.998749,0.001251,0
0.002124,0.997876,1
0.999038,0.000962,0
0.001167,0.998833,1
0.000742,0.999258,1
0.002089,0.997911,1
0.000071,0.999929,1
0.000017,0.999983,1
0.000723,0.999277,1
0.000723,0.999277,1
0.000975,0.999025,1
0.999906,0.000094,0
0.000371,0.999629,1
0.998014,0.001986,0
0.999100,0.000900,0
0.999888,0.000112,0
0.999855,0.000145,0
0.002864,0.997136,1
0.002826,0.997174,1
0.998741,0.001259,0
0.000949,0.999051,1
0.000143,0.999857,1
0.999614,0.000386,0
0.999994,0.000006,0
0.999829,0.000171,0
0.001822,0.998178,1
0.998916,0.001084,0
0.000552,0.999448,1
0.999502,0.000498,0
0.999916,0.000084,0
0.000166,0.999834,1
0.997615,0.002385,0
0.000152,0.999848,1
0.999961,0.000039,0
0.004543,0.995457,1
0.001728,0.998272,1
0.001347,0.998653,1
0.998745,0.001255,0
0.000871,0.999129,1
0.998166,0.001834,0
0.000574,0.999426,1
0.002210,0.997790,1
0.004112,0.995888,1
0.000762,0.999238,1
0.999437,0.000563,0
0.000453,0.999547,1
0.999212,0.000788,0
0.999775,0.000225,0
0.000082,0.999918,1
0.000483,0.999517,1
0.999760,0.000240,0
0.999885,0.000115,0
0.998324,0.001676,0
0.007151,0.992849,1
0.997912,0.002088,0
0.000574,0.999426,1
0.999606,0.000394,0
0.000084,0.999916,1
0.999041,0.000959,0
0.995607,0.004393,0
0.999623,0.000377,0
0.999196,0.000804,0
0.000016,0.999984,1
0.983604,0.016396,0
0.997856,0.002144,0
0.999465,0.000535,0
0.000159,0.999841,1
0.998944,0.001056,0
0.998483,0.001517,0
0.999019,0.000981,0
0.999819,0.000181,0
0.999088,0.000912,0
0.000449,0.999551,1
0.001922,0.998078,1
0.996900,0.003100,0
0.997212,0.002788,0
0.997655,0.002345,0
0.001351,0.998649,1
0.999945,0.000055,0
0.999879,0.000121,0
0.999847,0.000153,0
0.001374,0.998626,1
0.006896,0.993104,1
0.001677,0.998323,1
0.003196,0.996804,1
0.000336,0.999664,1
0.000002,0.999998,1
0.999454,0.000546,0
0.995429,0.004571,0
0.998658,0.001342,0
0.999586,0.000414,0
0.001342,0.998658,1
0.999904,0.000096,0
0.998059,0.001941,0
0.000019,0.999981,1
0.999544,0.000456,0
0.992027,0.007973,0
0.000105,0.999895,1
0.999424,0.000576,0
0.998384,0.001616,0
0.000796,0.999204,1
0.999653,0.000347,0
0.999317,0.000683,0
0.999329,0.000671,0
0.000665,0.999335,1
0.000024,0.999976,1
0.999562,0.000438,0
0.999922,0.000078,0
0.000053,0.999947,1
0.000001,0.999999,1
0.999795,0.000205,0
0.999135,0.000865,0
0.000035,0.999965,1
0.000024,0.999976,1
0.999955,0.000045,0
0.000347,0.999653,1
0.000097,0.999903,1
0.000012,0.999988,1
0.998447,0.001553,0
0.000009,0.999991,1
0.000136,0.999864,1
0.996291,0.003709,0
0.998362,0.001638,0
0.000332,0.999668,1
0.999329,0.000671,0
0.999287,0.000713,0
0.001458,0.998542,1
0.999602,0.000398,0
0.998810,0.001190,0
0.999261,0.000739,0
0.998027,0.001973,0
0.000624,0.999376,1
0.000005,0.999995,1
0.999930,0.000070,0
0.997919,0.002081,0
0.000013,0.999987,1
0.999927,0.000073,0
0.000711,0.999289,1
0.000988,0.999012,1
0.000344,0.999656,1
0.999572,0.000428,0
0.995148,0.004852,0
0.999665,0.000335,0
0.002941,0.997059,1
0.000039,0.999961,1
0.000308,0.999692,1
0.000008,0.999992,1
0.000523,0.999477,1
0.997891,0.002109,0
0.001316,0.998684,1
0.999790,0.000210,0
0.999930,0.000070,0
0.000478,0.999522,1
0.000177,0.999823,1
0.999263,0.000737,0
0.000000,1.000000,1
0.999607,0.000393,0
0.999714,0.000286,0
0.004085,0.995915,1
0.001351,0.998649,1
0.000013,0.999987,1
0.995429,0.004571,0
0.001916,0.998084,1
0.999685,0.000315,0
0.001329,0.998671,1
0.001129,0.998871,1
0.000248,0.999752,1
0.000089,0.999911,1
0.977196,0.022804,0
0.970343,0.029657,0
0.000672,0.999328,1
0.000085,0.999915,1
0.000557,0.999443,1
0.000031,0.999969,1
0.998905,0.001095,0
0.000098,0.999902,1
0.005170,0.994830,1
0.999726,0.000274,0
0.001183,0.998817,1
0.999883,0.000117,0
0.002893,0.997107,1
0.000102,0.999898,1
0.000209,0.999791,1
0.999702,0.000298,0
0.000008,0.999992,1
0.996204,0.003796,0
0.999468,0.000532,0
0.999463,0.000537,0
0.000141,0.999859,1
0.000480,0.999520,1
0.000087,0.999913,1
0.999121,0.000879,0
0.999586,0.000414,0
0.000284,0.999716,1
0.002131,0.997869,1
0.000031,0.999969,1
0.997805,0.002195,0
0.000151,0.999849,1
0.998267,0.001733,0
0.996010,0.003990,0
0.999454,0.000546,0
0.960638,0.039362,0
0.002082,0.997918,1
0.998040,0.001960,0
0.998979,0.001021,0
0.001355,0.998645,1
0.999322,0.000678,0
0.003404,0.996596,1
0.000277,0.999723,1
0.999699,0.000301,0
0.999035,0.000965,0
0.999696,0.000304,0
0.996541,0.003459,0
0.996971,0.003029,0
0.999412,0.000588,0
0.874966,0.125034,0
0.000375,0.999625,1
0.994658,0.005342,0
0.001434,0.998566,1
0.998986,0.001014,0
0.000093,0.999907,1
0.999545,0.000455,0
0.000001,0.999999,1
0.000383,0.999617,1
0.999509,0.000491,0
0.998053,0.001947,0
0.000066,0.999934,1
0.998142,0.001858,0
0.999844,0.000156,0
0.999591,0.000409,0
0.999439,0.000561,0
0.995875,0.004125,0
0.002386,0.997614,1
0.999954,0.000046,0
0.000067,0.999933,1
0.000054,0.999946,1
0.999097,0.000903,0
0.998818,0.001182,0
0.001859,0.998141,1
0.999808,0.000192,0
0.004045,0.995955,1
0.998160,0.001840,0
0.000956,0.999044,1
0.997591,0.002409,0
0.005221,0.994779,1
0.992158,0.007842,0
0.000302,0.999698,1
0.999919,0.000081,0
0.999884,0.000116,0
0.000050,0.999950,1
0.999685,0.000315,0
0.000023,0.999977,1
0.997987,0.002013,0
0.999228,0.000772,0
0.998340,0.001660,0
0.999342,0.000658,0
0.000050,0.999950,1
0.998872,0.001128,0
0.000120,0.999880,1
0.999943,0.000057,0
0.001928,0.998072,1
0.996315,0.003685,0
0.002609,0.997391,1
0.993861,0.006139,0
0.008983,0.991017,1
0.000650,0.999350,1
0.999971,0.000029,0
0.000093,0.999907,1
0.001355,0.998645,1
0.000405,0.999595,1
0.000220,0.999780,1
0.997137,0.002863,0
0.003337,0.996663,1
0.999594,0.000406,0
0.003760,0.996240,1
0.995778,0.004222,0
0.000060,0.999940,1
0.000036,0.999964,1
0.999317,0.000683,0
0.000008,0.999992,1
0.000265,0.999735,1
0.999384,0.000616,0
0.000256,0.999744,1
0.999355,0.000645,0
0.000430,0.999570,1
0.999647,0.000353,0
0.056537,0.943463,1
0.000962,0.999038,1
0.999435,0.000565,0
0.999964,0.000036,0
0.000098,0.999902,1
0.999602,0.000398,0
0.999112,0.000888,0
0.000231,0.999769,1
0.000185,0.999815,1
0.000131,0.999869,1
0.000012,0.999988,1
0.999881,0.000119,0
0.000584,0.999416,1
0.000823,0.999177,1
0.001005,0.998995,1
0.999121,0.000879,0
0.000335,0.999665,1
0.999573,0.000427,0
0.999317,0.000683,0
0.999870,0.000130,0
0.994900,0.005100,0
0.991705,0.008295,0
0.000396,0.999604,1
0.001333,0.998667,1
0.000133,0.999867,1
0.001781,0.998219,1
0.998007,0.001993,0
0.000584,0.999416,1
0.002761,0.997239,1
0.003303,0.996697,1
0.000004,0.999996,1
0.000001,0.999999,1
0.999582,0.000418,0
0.999925,0.000075,0
0.995820,0.004180,0
0.000177,0.999823,1
0.999935,0.000065,0
0.994658,0.005342,0
0.998196,0.001804,0
0.000490,0.999510,1
0.998462,0.001538,0
0.999829,0.000171,0
0.000133,0.999867,1
0.000434,0.999566,1
0.000604,0.999396,1
0.998667,0.001333,0
0.000253,0.999747,1
0.001523,0.998477,1
0.999650,0.000350,0
0.000072,0.999928,1
0.999854,0.000146,0
0.000359,0.999641,1
0.997267,0.002733,0
0.998307,0.001693,0
0.997321,0.002679,0
0.000765,0.999235,1
0.001967,0.998033,1
0.999297,0.000703,0
0.999550,0.000450,0
0.006987,0.993013,1
0.084844,0.915156,1
0.999770,0.000230,0
0.000554,0.999446,1
0.999893,0.000107,0
0.001298,0.998702,1
0.001954,0.998046,1
0.999930,0.000070,0
0.999002,0.000998,0
0.000073,0.999927,1
0.999621,0.000379,0
0.000140,0.999860,1
0.999724,0.000276,0
0.997267,0.002733,0
0.002466,0.997534,1
0.001745,0.998255,1
0.000357,0.999643,1
0.999897,0.000103,0
0.000127,0.999873,1
0.000048,0.999952,1
0.000160,0.999840,1
0.000561,0.999439,1
0.000051,0.999949,1
0.000004,0.999996,1
0.001606,0.998394,1
0.000205,0.999795,1
0.001207,0.998793,1
0.004985,0.995015,1
0.999841,0.000159,0
0.999452,0.000548,0
0.000197,0.999803,1
0.000556,0.999444,1
0.002689,0.997311,1
0.000202,0.999798,1
0.999841,0.000159,0
0.999624,0.000376,0
0.999550,0.000450,0
0.003542,0.996458,1
0.002007,0.997993,1
0.997128,0.002872,0
0.000026,0.999974,1
0.999749,0.000251,0
0.999445,0.000555,0
0.966797,0.033203,0
0.000433,0.999567,1
0.999936,0.000064,0
0.999882,0.000118,0
0.000090,0.999910,1
0.000196,0.999804,1
0.000097,0.999903,1
0.000094,0.999906,1
0.999928,0.000072,0
0.999955,0.000045,0
0.000405,0.999595,1
0.998944,0.001056,0
0.999828,0.000172,0
0.000175,0.999825,1
0.000641,0.999359,1
0.020755,0.979245,1
0.999398,0.000602,0
0.999678,0.000322,0
0.000204,0.999796,1
0.997769,0.002231,0
0.000049,0.999951,1
0.997591,0.002409,0
0.002902,0.997098,1
0.999475,0.000525,0
0.000017,0.999983,1
0.999660,0.000340,0
0.999746,0.000254,0
0.000128,0.999872,1
0.002817,0.997183,1
0.999124,0.000876,0
0.999796,0.000204,0
0.002922,0.997078,1
0.000158,0.999842,1
0.997884,0.002116,0
0.000292,0.999708,1
0.000029,0.999971,1
0.999410,0.000590,0
0.000230,0.999770,1
0.999410,0.000590,0
0.000081,0.999919,1
0.000732,0.999268,1
0.001374,0.998626,1
0.999547,0.000453,0
0.000055,0.999945,1
0.001751,0.998249,1
0.999270,0.000730,0
0.000001,0.999999,1
0.000170,0.999830,1
0.998142,0.001858,0
0.998027,0.001973,0
0.000030,0.999970,1
0.998566,0.001434,0
0.003271,0.996729,1
0.999144,0.000856,0
0.966149,0.033851,0
0.000420,0.999580,1
0.000146,0.999854,1
0.000136,0.999864,1
0.999765,0.000235,0
0.000005,0.999995,1
0.994386,0.005614,0
0.999593,0.000407,0
0.000430,0.999570,1
0.001449,0.998551,1
0.999292,0.000708,0
0.000214,0.999786,1
0.010912,0.989088,1
0.998650,0.001350,0
0.000723,0.999277,1
0.000003,0.999997,1
0.000084,0.999916,1
0.000708,0.999292,1
0.000081,0.999919,1
0.000423,0.999577,1
0.999443,0.000557,0
0.000000,1.000000,1
0.001884,0.998116,1
0.999661,0.000339,0
0.998999,0.001001,0
0.001745,0.998255,1
0.999331,0.000669,0
0.000067,0.999933,1
0.000034,0.999966,1
0.999587,0.000413,0
0.999883,0.000117,0
0.999256,0.000744,0
0.000645,0.999355,1
0.002601,0.997399,1
0.000003,0.999997,1
0.004696,0.995304,1
0.999410,0.000590,0
0.000455,0.999545,1
0.999690,0.000310,0
0.002789,0.997211,1
0.999905,0.000095,0
0.000225,0.999775,1
0.999728,0.000272,0
0.999587,0.000413,0
0.000186,0.999814,1
0.000058,0.999942,1
0.000009,0.999991,1
0.000055,0.999945,1
0.000661,0.999339,1
0.993038,0.006962,0
0.999243,0.000757,0
0.997137,0.002863,0
0.005598,0.994402,1
0.997678,0.002322,0
0.994158,0.005842,0
0.001406,0.998594,1
0.999856,0.000144,0
0.999904,0.000096,0
0.000527,0.999473,1
0.001383,0.998617,1
0.995034,0.004966,0
0.000008,0.999992,1
0.001320,0.998680,1
0.000453,0.999547,1
0.998654,0.001346,0
0.003392,0.996608,1
0.992945,0.007055,0
0.000143,0.999857,1
0.985043,0.014957,0
0.001125,0.998875,1
0.999825,0.000175,0
0.999251,0.000749,0
0.997842,0.002158,0
0.993484,0.006516,0
0.003010,0.996990,1
0.000256,0.999744,1
0.999657,0.000343,0
0.000278,0.999722,1
0.999878,0.000122,0
0.000174,0.999826,1
0.999199,0.000801,0
0.001397,0.998603,1
0.004743,0.995257,1
0.002609,0.997391,1
0.998267,0.001733,0
0.000225,0.999775,1
0.000504,0.999496,1
0.998685,0.001315,0
0.000180,0.999820,1
0.000321,0.999679,1
0.000333,0.999667,1
0.999420,0.000580,0
0.035996,0.964004,1
0.999408,0.000592,0
0.008806,0.991194,1
0.999776,0.000224,0
0.999973,0.000027,0
0.000424,0.999576,1
0.004154,0.995846,1
0.000150,0.999850,1
0.999155,0.000845,0
0.997535,0.002465,0
0.000010,0.999990,1
0.999977,0.000023,0
0.999912,0.000088,0
0.999608,0.000392,0
0.001401,0.998599,1
0.999022,0.000978,0
0.000931,0.999069,1
0.000421,0.999579,1
0.000195,0.999805,1
0.009012,0.990988,1
0.999789,0.000211,0
0.999884,0.000116,0
0.999204,0.000796,0
0.993462,0.006538,0
0.000264,0.999736,1
0.000480,0.999520,1
0.000449,0.999551,1
0.007975,0.992025,1
0.000209,0.999791,1
0.999927,0.000073,0
0.999983,0.000017,0
0.007416,0.992584,1
0.994386,0.005614,0
0.008806,0.991194,1
0.001804,0.998196,1
0.005379,0.994621,1
0.999882,0.000118,0
0.998715,0.001285,0
0.000956,0.999044,1
0.999335,0.000665,0
0.998927,0.001073,0
0.998278,0.001722,0
0.001125,0.998875,1
0.001688,0.998312,1
0.998822,0.001178,0
0.999041,0.000959,0
0.999971,0.000029,0
0.000034,0.999966,1
0.000001,0.999999,1
0.999410,0.000590,0
0.999929,0.000071,0
0.999504,0.000496,0
0.999519,0.000481,0
0.997686,0.002314,0
0.000401,0.999599,1
0.004513,0.995487,1
0.000052,0.999948,1
0.999355,0.000645,0
0.000181,0.999819,1
0.000630,0.999370,1
0.000108,0.999892,1
0.994216,0.005784,0
0.000140,0.999860,1
0.000342,0.999658,1
0.060197,0.939803,1
0.000450,0.999550,1
0.999626,0.000374,0
0.999450,0.000550,0
0.000024,0.999976,1
0.998389,0.001611,0
0.000767,0.999233,1
0.999907,0.000093,0
0.998273,0.001727,0
0.000854,0.999146,1
0.000080,0.999920,1
0.000556,0.999444,1
0.999177,0.000823,0
0.000071,0.999929,1
0.006162,0.993838,1
0.000376,0.999624,1
0.998020,0.001980,0
0.001365,0.998635,1
0.999410,0.000590,0
0.000023,0.999977,1
0.000084,0.999916,1
0.999961,0.000039,0
0.000113,0.999887,1
0.000421,0.999579,1
0.999886,0.000114,0
0.000006,0.999994,1
0.002007,0.997993,1
0.000295,0.999705,1
0.998640,0.001360,0
0.001294,0.998706,1
0.999949,0.000051,0
0.000177,0.999823,1
0.999689,0.000311,0
0.999634,0.000366,0
0.000001,0.999999,1
0.000389,0.999611,1
0.002027,0.997973,1
0.999826,0.000174,0
0.999448,0.000552,0
0.000357,0.999643,1
0.001617,0.998383,1
0.000186,0.999814,1
0.999682,0.000318,0
0.001498,0.998502,1
0.999908,0.000092,0
0.000820,0.999180,1
0.000046,0.999954,1
0.000227,0.999773,1
0.999253,0.000747,0
0.999576,0.000424,0
0.995636,0.004364,0
0.000146,0.999854,1
0.000286,0.999714,1
0.000004,0.999996,1
0.999800,0.000200,0
0.002401,0.997599,1
0.000166,0.999834,1
0.000064,0.999936,1
0.999048,0.000952,0
0.000228,0.999772,1
0.999121,0.000879,0
0.002174,0.997826,1
0.001700,0.998300,1
0.999372,0.000628,0
0.999559,0.000441,0
0.999939,0.000061,0
0.000134,0.999866,1
0.000376,0.999624,1
0.999825,0.000175,0
0.001503,0.998497,1
0.000284,0.999716,1
0.001411,0.998589,1
0.997502,0.002498,0
0.001660,0.998340,1
0.998442,0.001558,0
0.999985,0.000015,0
0.001705,0.998295,1
0.000116,0.999884,1
0.999158,0.000842,0
0.999048,0.000952,0
0.000233,0.999767,1
0.989754,0.010246,0
0.001444,0.998556,1
0.999852,0.000148,0
0.000366,0.999634,1
0.998833,0.001167,0
0.000397,0.999603,1
0.999548,0.000452,0
0.999161,0.000839,0
0.999054,0.000946,0
0.999357,0.000643,0
0.000120,0.999880,1
0.999913,0.000087,0
0.000025,0.999975,1
0.000181,0.999819,1
0.000010,0.999990,1
0.998982,0.001018,0
0.000592,0.999408,1
0.003040,0.996960,1
0.999753,0.000247,0
0.999781,0.000219,0
0.980244,0.019756,0
0.993309,0.006691,0
0.994235,0.005765,0
0.001307,0.998693,1
0.001922,0.998078,1
0.001199,0.998801,1
0.999094,0.000906,0
0.000259,0.999741,1
0.000501,0.999499,1
0.999611,0.000389,0
0.999575,0.000425,0
0.000217,0.999783,1
0.000426,0.999574,1
0.998982,0.001018,0
0.000218,0.999782,1
0.000742,0.999258,1
0.000015,0.999985,1
0.000859,0.999141,1
0.999812,0.000188,0
0.000003,0.999997,1
0.999888,0.000112,0
0.999908,0.000092,0
0.001816,0.998184,1
0.001360,0.998640,1
0.997739,0.002261,0
0.999457,0.000543,0
0.998901,0.001099,0
0.999002,0.000998,0
0.000234,0.999766,1
0.000426,0.999574,1
0.999635,0.000365,0
0.999263,0.000737,0
0.000003,0.999997,1
0.000652,0.999348,1
0.000147,0.999853,1
0.002034,0.997966,1
0.002285,0.997715,1
0.999580,0.000420,0
0.004453,0.995547,1
0.000137,0.999863,1
0.004886,0.995114,1
0.000473,0.999527,1
0.000687,0.999313,1
0.000041,0.999959,1
0.999879,0.000121,0
0.000255,0.999745,1
0.999626,0.000374,0
0.001700,0.998300,1
0.993375,0.006625,0
0.999012,0.000988,0
0.000120,0.999880,1
0.000701,0.999299,1
0.999718,0.000282,0
0.000108,0.999892,1
0.006327,0.993673,1
0.999202,0.000798,0
0.002308,0.997692,1
0.000272,0.999728,1
0.999486,0.000514,0
0.999680,0.000320,0
0.000120,0.999880,1
0.998566,0.001434,0
0.998566,0.001434,0
0.999406,0.000594,0
0.000302,0.999698,1
0.000314,0.999686,1
0.000034,0.999966,1
0.000011,0.999989,1
0.000064,0.999936,1
0.000473,0.999527,1
0.000021,0.999979,1
0.999115,0.000885,0
0.003861,0.996139,1
0.998724,0.001276,0
0.999914,0.000086,0
0.998833,0.001167,0
0.998290,0.001710,0
0.000134,0.999866,1
0.998473,0.001527,0
0.002761,0.997239,1
0.004603,0.995397,1
0.999805,0.000195,0
0.000125,0.999875,1
0.001688,0.998312,1
0.000067,0.999933,1
0.003686,0.996314,1
0.999936,0.000064,0
0.000223,0.999777,1
0.001961,0.998039,1
0.000154,0.999846,1
0.000103,0.999897,1
0.000341,0.999659,1
0.998503,0.001497,0
0.998941,0.001059,0
0.000723,0.999277,1
0.999721,0.000279,0
0.998373,0.001627,0
0.000092,0.999908,1
0.998072,0.001928,0
0.000711,0.999289,1
0.001769,0.998231,1
0.999408,0.000592,0
0.000010,0.999990,1
0.001039,0.998961,1
0.994984,0.005016,0
0.001513,0.998487,1
0.000005,0.999995,1
0.999708,0.000292,0
0.998335,0.001665,0
0.006041,0.993959,1
0.000694,0.999306,1
0.000851,0.999149,1
0.000661,0.999339,1
0.999344,0.000656,0
0.999299,0.000701,0
0.000086,0.999914,1
0.999909,0.000091,0
0.000750,0.999250,1
0.996364,0.003636,0
0.999756,0.000244,0
0.997933,0.002067,0
0.001387,0.998613,1
0.998749,0.001251,0
0.000081,0.999919,1
0.000687,0.999313,1
0.000120,0.999880,1
0.001110,0.998890,1
0.994728,0.005272,0
0.000600,0.999400,1
0.000891,0.999109,1
0.000045,0.999955,1
0.001638,0.998362,1
0.000060,0.999940,1
0.997693,0.002307,0
0.999175,0.000825,0
0.000690,0.999310,1
0.999376,0.000624,0
0.000002,0.999998,1
0.004209,0.995791,1
0.003913,0.996087,1
0.000050,0.999950,1
0.000202,0.999798,1
0.999665,0.000335,0
0.999290,0.000710,0
0.000110,0.999890,1
0.998707,0.001293,0
0.999504,0.000496,0
0.000086,0.999914,1
0.999223,0.000777,0
0.000455,0.999545,1
0.999921,0.000079,0
0.000156,0.999844,1
0.999459,0.000541,0
0.999070,0.000930,0
0.999499,0.000501,0
0.000316,0.999684,1
0.998196,0.001804,0
0.999738,0.000262,0
0.000240,0.999760,1
0.999103,0.000897,0
0.999376,0.000624,0
0.000157,0.999843,1
0.000026,0.999974,1
0.002034,0.997966,1
0.999308,0.000692,0
0.999251,0.000749,0
0.000067,0.999933,1
0.996879,0.003121,0
0.002034,0.997966,1
0.000014,0.999986,1
0.000013,0.999987,1
0.997953,0.002047,0
0.981554,0.018446,0
0.998919,0.001081,0
0.000105,0.999895,1
0.003810,0.996190,1
0.000308,0.999692,1
0.999361,0.000639,0
0.000008,0.999992,1
0.000116,0.999884,1
0.000222,0.999778,1
0.000370,0.999630,1
0.000404,0.999596,1
0.000053,0.999947,1
0.999695,0.000305,0
0.998916,0.001084,0
0.000823,0.999177,1
0.999103,0.000897,0
0.002680,0.997320,1
0.000032,0.999968,1
0.999602,0.000398,0
0.999866,0.000134,0
0.000383,0.999617,1
0.000012,0.999988,1
0.999121,0.000879,0
0.000051,0.999949,1
0.998244,0.001756,0
0.000006,0.999994,1
0.999650,0.000350,0
0.999888,0.000112,0
0.999073,0.000927,0
0.997518,0.002482,0
0.999923,0.000077,0
0.003542,0.996458,1
0.000118,0.999882,1
0.999747,0.000253,0
0.998278,0.001722,0
0.000408,0.999592,1
0.999297,0.000703,0
0.999258,0.000742,0
0.001136,0.998864,1
0.999704,0.000296,0
0.995017,0.004983,0
0.999843,0.000157,0
0.999514,0.000486,0
0.000055,0.999945,1
0.001488,0.998512,1
0.003196,0.996804,1
0.000035,0.999965,1
0.999412,0.000588,0
0.999772,0.000228,0
0.999183,0.000817,0
0.000077,0.999923,1
0.000978,0.999022,1
0.998806,0.001194,0
0.002338,0.997662,1
0.999712,0.000288,0
0.999344,0.000656,0
0.999150,0.000850,0
0.998585,0.001415,0
0.999594,0.000406,0
0.001444,0.998556,1
0.001757,0.998243,1
0.000236,0.999764,1
0.999743,0.000257,0
0.000013,0.999987,1
0.001187,0.998813,1
0.001463,0.998537,1
0.000073,0.999927,1
0.000070,0.999930,1
0.000001,0.999999,1
0.000413,0.999587,1
0.997510,0.002490,0
0.000048,0.999952,1
0.999800,0.000200,0
0.000369,0.999631,1
0.000050,0.999950,1
0.000103,0.999897,1
0.997898,0.002102,0
0.999144,0.000856,0
0.000197,0.999803,1
0.000048,0.999952,1
0.000868,0.999132,1
0.001523,0.998477,1
0.999866,0.000134,0
0.000152,0.999848,1
0.000013,0.999987,1
0.002627,0.997373,1
0.000796,0.999204,1
0.997184,0.002816,0
0.001144,0.998856,1
0.000009,0.999991,1
0.999676,0.000324,0
0.001129,0.998871,1
0.000126,0.999874,1
0.000002,0.999998,1
0.998715,0.001285,0
0.952945,0.047055,0
0.999236,0.000764,0
0.999517,0.000483,0
0.999586,0.000414,0
0.000071,0.999929,1
0.999661,0.000339,0
0.000021,0.999979,1
0.999643,0.000357,0
0.999937,0.000063,0
0.000045,0.999955,1
0.057252,0.942748,1
0.000093,0.999907,1
0.085362,0.914638,1
0.997827,0.002173,0
0.000934,0.999066,1
0.000046,0.999954,1
0.998478,0.001522,0
0.999882,0.000118,0
0.003122,0.996878,1
0.000078,0.999922,1
0.000280,0.999720,1
0.999671,0.000329,0
0.000102,0.999898,1
0.000602,0.999398,1
0.000037,0.999963,1
0.997678,0.002322,0
0.999799,0.000201,0
0.998962,0.001038,0
0.999817,0.000183,0
0.999784,0.000216,0
0.000965,0.999035,1
0.000650,0.999350,1
0.997321,0.002679,0
0.000201,0.999799,1
0.000590,0.999410,1
0.000053,0.999947,1
0.001513,0.998487,1
0.999865,0.000135,0
0.999164,0.000836,0
0.999769,0.000231,0
0.000283,0.999717,1
0.000044,0.999956,1
0.998278,0.001722,0
0.002061,0.997939,1
0.000160,0.999840,1
0.000390,0.999610,1
0.000173,0.999827,1
0.000002,0.999998,1
0.999953,0.000047,0
0.000918,0.999082,1
0.000051,0.999949,1
0.999945,0.000055,0
0.003293,0.996707,1
0.997312,0.002688,0
0.999491,0.000509,0
0.019893,0.980107,1
0.999954,0.000046,0
0.999819,0.000181,0
0.998694,0.001306,0
0.000138,0.999862,1
0.997769,0.002231,0
0.000304,0.999696,1
0.003185,0.996815,1
0.999150,0.000850,0
0.000747,0.999253,1
0.000428,0.999572,1
0.001488,0.998512,1
0.999852,0.000148,0
0.999922,0.000078,0
0.999437,0.000563,0
0.999841,0.000159,0
0.986667,0.013333,0
0.000592,0.999408,1
0.999863,0.000137,0
0.000003,0.999997,1
0.998962,0.001038,0
0.001700,0.998300,1
0.000167,0.999833,1
0.000496,0.999504,1
0.995398,0.004602,0
0.000807,0.999193,1
0.999531,0.000469,0
0.000359,0.999641,1
0.999491,0.000509,0
0.000588,0.999412,1
0.999800,0.000200,0
0.998457,0.001543,0
0.000788,0.999212,1
0.000002,0.999998,1
0.997863,0.002137,0
0.106680,0.893320,1
0.997443,0.002557,0
0.999902,0.000098,0
0.997409,0.002591,0
0.999548,0.000452,0
0.999524,0.000476,0
0.999615,0.000385,0
0.997276,0.002724,0
0.999624,0.000376,0
0.000186,0.999814,1
0.000128,0.999872,1
0.999720,0.000280,0
0.994815,0.005185,0
0.004424,0.995576,1
0.999783,0.000217,0
0.000002,0.999998,1
0.002442,0.997558,1
0.000217,0.999783,1
0.005451,0.994549,1
0.998636,0.001364,0
0.001922,0.998078,1
0.999923,0.000077,0
0.999947,0.000053,0
0.000030,0.999970,1
0.999804,0.000196,0
0.998992,0.001008,0
0.000014,0.999986,1
0.998689,0.001311,0
0.998676,0.001324,0
0.000010,0.999990,1
0.000183,0.999817,1
0.000193,0.999807,1
0.000013,0.999987,1
0.000937,0.999063,1
0.000009,0.999991,1
0.000010,0.999990,1
0.008662,0.991338,1
0.001922,0.998078,1
0.000652,0.999348,1
0.000053,0.999947,1
0.000159,0.999841,1
0.000365,0.999635,1
0.003913,0.996087,1
0.007011,0.992989,1
0.996900,0.003100,0
0.000001,0.999999,1
0.001660,0.998340,1
0.000351,0.999649,1
0.000257,0.999743,1
0.998650,0.001350,0
0.999841,0.000159,0
0.000035,0.999965,1
0.993505,0.006495,0
0.992992,0.007008,0
0.000458,0.999542,1
0.001103,0.998897,1
0.997599,0.002401,0
0.998457,0.001543,0
0.000032,0.999968,1
0.998883,0.001117,0
0.000004,0.999996,1
0.000238,0.999762,1
0.000007,0.999993,1
0.998982,0.001018,0
0.000975,0.999025,1
0.000019,0.999981,1
0.002338,0.997662,1
0.000165,0.999835,1
0.996241,0.003759,0
0.000002,0.999998,1
0.000004,0.999996,1
0.998437,0.001563,0
0.999522,0.000478,0
0.990658,0.009342,0
0.000912,0.999088,1
0.996153,0.003847,0
0.000191,0.999809,1
0.995665,0.004335,0
0.000004,0.999996,1
0.998542,0.001458,0
0.999470,0.000530,0
0.999435,0.000565,0
0.000598,0.999402,1
0.000182,0.999818,1
0.002386,0.997614,1
0.000115,0.999885,1
0.001954,0.998046,1
0.999744,0.000256,0
0.993738,0.006262,0
0.000100,0.999900,1
0.006411,0.993589,1
0.999917,0.000083,0
0.001638,0.998362,1
0.998798,0.001202,0
0.998879,0.001121,0
0.002662,0.997338,1
0.000837,0.999163,1
0.000006,0.999994,1
0.998527,0.001473,0
0.000069,0.999931,1
0.999685,0.000315,0
0.999584,0.000416,0
0.998724,0.001276,0
0.999720,0.000280,0
0.999805,0.000195,0
0.999810,0.000190,0
0.999619,0.000381,0
0.998110,0.001890,0
0.999445,0.000555,0
0.000207,0.999793,1
0.000347,0.999653,1
0.000477,0.999523,1
0.000450,0.999550,1
0.000073,0.999927,1
0.000130,0.999870,1
0.000315,0.999685,1
0.000295,0.999705,1
0.997031,0.002969,0
0.997647,0.002353,0
0.999914,0.000086,0
0.000010,0.999990,1
0.000444,0.999556,1
0.000112,0.999888,1
0.000450,0.999550,1
0.999737,0.000263,0
0.001191,0.998809,1
0.998066,0.001934,0
0.001294,0.998706,1
0.998405,0.001595,0
0.999903,0.000097,0
0.999878,0.000122,0
0.997856,0.002144,0
0.999324,0.000676,0
0.000178,0.999822,1
0.000120,0.999880,1
0.998324,0.001676,0
0.999499,0.000501,0
0.000159,0.999841,1
0.999888,0.000112,0
0.999297,0.000703,0
0.005433,0.994567,1
0.000434,0.999566,1
0.000267,0.999733,1
0.999942,0.000058,0
0.977491,0.022509,0
0.997834,0.002166,0
0.001711,0.998289,1
0.991255,0.008745,0
0.000207,0.999793,1
0.998368,0.001632,0
0.999944,0.000056,0
0.000003,0.999997,1
0.999837,0.000163,0
0.000628,0.999372,1
0.001070,0.998930,1
0.999696,0.000304,0
0.999872,0.000128,0
0.996910,0.003090,0
0.000214,0.999786,1
0.999941,0.000059,0
0.001671,0.998329,1
0.000250,0.999750,1
0.994900,0.005100,0
0.999665,0.000335,0
0.997221,0.002779,0
0.995398,0.004602,0
0.002516,0.997484,1
0.000232,0.999768,1
0.999517,0.000483,0
0.000122,0.999878,1
0.996784,0.003216,0
0.000195,0.999805,1
0.998676,0.001324,0
0.999678,0.000322,0
0.994119,0.005881,0
0.000142,0.999858,1
0.000004,0.999996,1
0.000131,0.999869,1
0.999917,0.000083,0
0.999639,0.000361,0
0.998822,0.001178,0
0.000000,1.000000,1
0.003861,0.996139,1
0.990086,0.009914,0
0.999788,0.000212,0
0.999955,0.000045,0
0.000635,0.999365,1
0.998571,0.001429,0
0.998498,0.001502,0
0.999392,0.000608,0
0.000024,0.999976,1
0.001916,0.998084,1
0.004634,0.995366,1
0.000339,0.999661,1
0.998340,0.001660,0
0.000136,0.999864,1
0.001085,0.998915,1
0.000001,0.999999,1
0.996376,0.003624,0
0.008605,0.991395,1
0.000005,0.999995,1
0.000005,0.999995,1
0.999686,0.000314,0
0.000369,0.999631,1
0.002034,0.997966,1
0.997856,0.002144,0
0.000915,0.999085,1
0.000180,0.999820,1
0.999992,0.000008,0
0.000405,0.999595,1
0.993861,0.006139,0
0.000005,0.999995,1
0.000525,0.999475,1
0.000379,0.999621,1
0.999324,0.000676,0
0.000396,0.999604,1
0.999531,0.000469,0
0.000004,0.999996,1
0.002166,0.997834,1
0.003461,0.996539,1
0.999285,0.000715,0
0.000725,0.999275,1
0.000871,0.999129,1
0.000003,0.999997,1
0.995970,0.004030,0
0.999861,0.000139,0
0.000030,0.999970,1
0.000007,0.999993,1
0.000125,0.999875,1
0.000112,0.999888,1
0.997863,0.002137,0
0.999468,0.000532,0
0.999940,0.000060,0
0.003735,0.996265,1
0.999625,0.000375,0
0.999727,0.000273,0
0.996552,0.003448,0
0.999789,0.000211,0
0.998585,0.001415,0
0.000032,0.999968,1
0.001493,0.998507,1
0.000807,0.999193,1
0.000140,0.999860,1
0.000384,0.999616,1
0.000392,0.999608,1
0.000220,0.999780,1
0.998373,0.001627,0
0.999897,0.000103,0
0.943483,0.056517,0
0.999889,0.000111,0
0.000672,0.999328,1
0.998749,0.001251,0
0.000424,0.999576,1
0.999506,0.000494,0
0.999141,0.000859,0
0.998027,0.001973,0
0.000370,0.999630,1
0.999155,0.000845,0
0.000138,0.999862,1
0.000879,0.999121,1
0.999788,0.000212,0
0.985947,0.014053,0
0.999970,0.000030,0
0.000477,0.999523,1
0.000166,0.999834,1
0.980879,0.019121,0
0.999767,0.000233,0
0.000295,0.999705,1
0.000557,0.999443,1
0.999041,0.000959,0
0.995834,0.004166,0
0.001628,0.998372,1
0.999689,0.000311,0
0.000066,0.999934,1
0.000161,0.999839,1
0.999376,0.000624,0
0.998927,0.001073,0
0.009284,0.990716,1
0.000903,0.999097,1
0.999677,0.000323,0
0.999966,0.000034,0
0.000169,0.999831,1
0.996879,0.003121,0
0.999169,0.000831,0
0.000318,0.999682,1
0.998503,0.001497,0
0.998875,0.001125,0
0.000084,0.999916,1
0.000201,0.999799,1
0.000227,0.999773,1
0.998909,0.001091,0
0.000191,0.999809,1
0.999692,0.000308,0
0.999308,0.000692,0
0.993130,0.006870,0
0.000154,0.999846,1
0.996763,0.003237,0
0.000747,0.999253,1
0.999822,0.000178,0
0.000885,0.999115,1
0.969859,0.030141,0
0.000171,0.999829,1
0.000002,0.999998,1
0.000501,0.999499,1
0.999586,0.000414,0
0.000239,0.999761,1
0.004886,0.995114,1
0.000013,0.999987,1
0.999661,0.000339,0
0.000104,0.999896,1
0.000478,0.999522,1
0.000050,0.999950,1
0.000219,0.999781,1
0.001215,0.998785,1
0.999570,0.000430,0
0.997485,0.002515,0
0.000016,0.999984,1
0.002524,0.997476,1
0.999907,0.000093,0
0.999400,0.000600,0
0.998992,0.001008,0
0.003978,0.996022,1
0.999866,0.000134,0
0.000772,0.999228,1
0.989988,0.010012,0
0.999583,0.000417,0
0.998658,0.001342,0
0.000203,0.999797,1
0.000086,0.999914,1
0.998640,0.001360,0
0.000036,0.999964,1
0.999988,0.000012,0
0.999666,0.000334,0
0.997166,0.002834,0
0.003625,0.996375,1
0.999310,0.000690,0
0.001554,0.998446,1
0.999774,0.000226,0
0.000072,0.999928,1
0.999351,0.000649,0
0.000720,0.999280,1
0.999903,0.000097,0
0.000481,0.999519,1
0.999390,0.000610,0
0.000244,0.999756,1
0.000003,0.999997,1
0.999545,0.000455,0
0.001070,0.998930,1
0.998072,0.001928,0
0.999414,0.000586,0
0.998868,0.001132,0
0.998178,0.001822,0
0.003174,0.996826,1
0.000009,0.999991,1
0.001039,0.998961,1
0.000235,0.999765,1
0.000011,0.999989,1
0.000088,0.999912,1
0.000421,0.999579,1
0.000026,0.999974,1
0.999450,0.000550,0
0.000047,0.999953,1
0.003926,0.996074,1
0.003874,0.996126,1
0.999871,0.000129,0
0.999778,0.000222,0
0.000152,0.999848,1
0.999299,0.000701,0
0.000854,0.999146,1
0.000563,0.999437,1
0.925662,0.074338,0
0.000056,0.999944,1
0.002020,0.997980,1
0.000109,0.999891,1
0.000539,0.999461,1
0.000178,0.999822,1
0.001763,0.998237,1
0.999355,0.000645,0
0.999132,0.000868,0
0.999340,0.000660,0
0.000003,0.999997,1
0.001195,0.998805,1
0.003238,0.996762,1
0.998547,0.001453,0
0.000047,0.999953,1
0.000018,0.999982,1
0.996518,0.003482,0
0.000647,0.999353,1
0.000104,0.999896,1
0.000194,0.999806,1
0.999186,0.000814,0
0.000122,0.999878,1
0.998622,0.001378,0
0.997754,0.002246,0
0.997575,0.002425,0
0.004453,0.995547,1
0.000975,0.999025,1
0.998636,0.001364,0
0.998782,0.001218,0
0.000130,0.999870,1
0.005748,0.994252,1
0.998982,0.001018,0
0.008135,0.991865,1
0.999911,0.000089,0
0.998340,0.001660,0
0.998833,0.001167,0
0.998249,0.001751,0
0.999522,0.000478,0
0.000121,0.999879,1
0.000871,0.999129,1
0.000656,0.999344,1
0.000075,0.999925,1
0.000012,0.999988,1
0.999866,0.000134,0
0.998508,0.001492,0
0.992922,0.007078,0
0.001155,0.998845,1
0.999826,0.000174,0
0.004806,0.995194,1
0.999610,0.000390,0
0.993220,0.006780,0
0.999531,0.000469,0
0.998290,0.001710,0
0.999881,0.000119,0
0.000388,0.999612,1
0.000132,0.999868,1
0.000135,0.999865,1
0.998020,0.001980,0
0.001775,0.998225,1
0.000010,0.999990,1
0.001256,0.998744,1
0.002980,0.997020,1
0.009595,0.990405,1
0.000212,0.999788,1
0.000005,0.999995,1
0.999180,0.000820,0
0.000065,0.999935,1
0.000120,0.999880,1
0.993061,0.006939,0
0.999791,0.000209,0
0.995651,0.004349,0
0.000149,0.999851,1
0.998261,0.001739,0
0.998890,0.001110,0
0.003196,0.996804,1
0.000078,0.999922,1
0.999663,0.000337,0
0.000004,0.999996,1
0.999965,0.000035,0
0.005729,0.994271,1
0.999322,0.000678,0
0.000156,0.999844,1
0.999404,0.000596,0
0.003020,0.996980,1
0.000008,0.999992,1
0.003861,0.996139,1
0.000001,0.999999,1
0.000548,0.999452,1
0.999218,0.000782,0
0.999661,0.000339,0
0.000095,0.999905,1
0.998622,0.001378,0
0.004822,0.995178,1
0.001411,0.998589,1
0.000002,0.999998,1
0.000909,0.999091,1
0.998944,0.001056,0
0.000010,0.999990,1
0.999067,0.000933,0
0.000350,0.999650,1
0.000598,0.999402,1
0.003282,0.996718,1
0.001025,0.998975,1
0.999507,0.000493,0
0.001264,0.998736,1
0.999394,0.000606,0
0.000119,0.999881,1
0.999586,0.000414,0
0.000029,0.999971,1
0.999978,0.000022,0
0.999461,0.000539,0
0.999822,0.000178,0
0.999626,0.000374,0
0.999390,0.000610,0
0.000057,0.999943,1
0.997502,0.002498,0
0.000103,0.999897,1
0.999317,0.000683,0
0.999973,0.000027,0
0.000124,0.999876,1
0.999253,0.000747,0
0.999654,0.000346,0
0.997678,0.002322,0
0.006101,0.993899,1
0.997834,0.002166,0
0.000062,0.999938,1
0.993462,0.006538,0
0.999809,0.000191,0
0.998676,0.001324,0
0.999522,0.000478,0
0.999911,0.000089,0
0.000001,0.999999,1
0.000096,0.999904,1
0.000918,0.999082,1
0.002394,0.997606,1
0.999315,0.000685,0
0.996178,0.003822,0
0.996388,0.003612,0
0.002117,0.997883,1
0.000007,0.999993,1
0.998826,0.001174,0
0.000452,0.999548,1
0.997348,0.002652,0
0.996412,0.003588,0
0.000539,0.999461,1
0.995622,0.004378,0
0.997451,0.002549,0
0.001611,0.998389,1
0.999374,0.000626,0
0.002166,0.997834,1
0.000135,0.999865,1
0.000085,0.999915,1
0.000658,0.999342,1
0.998890,0.001110,0
0.000135,0.999865,1
0.000046,0.999954,1
0.001202,0.998798,1
0.000788,0.999212,1
0.000541,0.999459,1
0.001543,0.998457,1
0.998698,0.001302,0
0.000130,0.999870,1
0.998941,0.001059,0
0.994041,0.005959,0
0.000516,0.999484,1
0.000002,0.999998,1
0.000472,0.999528,1
0.999880,0.000120,0
0.000511,0.999489,1
0.000169,0.999831,1
0.000079,0.999921,1
0.000315,0.999685,1
0.999392,0.000608,0
0.998753,0.001247,0
0.000681,0.999319,1
0.000307,0.999693,1
0.999544,0.000456,0
0.999889,0.000111,0
0.999844,0.000156,0
0.999903,0.000097,0
0.995275,0.004725,0
0.000073,0.999927,1
0.998000,0.002000,0
0.999734,0.000266,0
0.000107,0.999893,1
0.000014,0.999986,1
0.000010,0.999990,1
0.000012,0.999988,1
0.999210,0.000790,0
0.000053,0.999947,1
0.000286,0.999714,1
0.000278,0.999722,1
0.999751,0.000249,0
0.997212,0.002788,0
0.998667,0.001333,0
0.998837,0.001163,0
0.000347,0.999653,1
0.000002,0.999998,1
0.000013,0.999987,1
0.999856,0.000144,0
0.000009,0.999991,1
0.998864,0.001136,0
0.998523,0.001477,0
0.000903,0.999097,1
0.005805,0.994195,1
0.996642,0.003358,0
0.000006,0.999994,1
0.000100,0.999900,1
0.000428,0.999572,1
0.005635,0.994365,1
0.999828,0.000172,0
0.001666,0.998334,1
0.999607,0.000393,0
0.000334,0.999666,1
0.000321,0.999679,1
0.002041,0.997959,1
0.989584,0.010416,0
0.000578,0.999422,1
0.999905,0.000095,0
0.000096,0.999904,1
0.998007,0.001993,0
0.000534,0.999466,1
0.999653,0.000347,0
0.000078,0.999922,1
0.000066,0.999934,1
0.000330,0.999670,1
0.001916,0.998084,1
0.999679,0.000321,0
0.002362,0.997638,1
0.000010,0.999990,1
0.000059,0.999941,1
0.008923,0.991077,1
0.979522,0.020478,0
0.000216,0.999784,1
0.999484,0.000516,0
0.999685,0.000315,0
0.001338,0.998662,1
0.000030,0.999970,1
0.999718,0.000282,0
0.000169,0.999831,1
0.998927,0.001073,0
0.996827,0.003173,0
0.000043,0.999957,1
0.001107,0.998893,1
0.999843,0.000157,0
0.999191,0.000809,0
0.001247,0.998753,1
0.000207,0.999793,1
0.999686,0.000314,0
0.999853,0.000147,0
0.000937,0.999063,1
0.000182,0.999818,1
0.996609,0.003391,0
0.000013,0.999987,1
0.005256,0.994744,1
0.000232,0.999768,1
0.000552,0.999448,1
0.000293,0.999707,1
0.999100,0.000900,0
0.999551,0.000449,0
0.000014,0.999986,1
0.000009,0.999991,1
0.999846,0.000154,0
0.000018,0.999982,1
0.996971,0.003029,0
0.999977,0.000023,0
0.997933,0.002067,0
0.001307,0.998693,1
0.000000,1.000000,1
0.986711,0.013289,0
0.998868,0.001132,0
0.995148,0.004852,0
0.000086,0.999914,1
0.002601,0.997399,1
0.000053,0.999947,1
0.002285,0.997715,1
0.997147,0.002853,0
0.000010,0.999990,1
0.000934,0.999066,1
0.000033,0.999967,1
0.000165,0.999835,1
0.000017,0.999983,1
0.999918,0.000082,0
0.996920,0.003080,0
0.943483,0.056517,0
0.998599,0.001401,0
0.999615,0.000385,0
0.999559,0.000441,0
0.999950,0.000050,0
0.000171,0.999829,1
0.000203,0.999797,1
0.001159,0.998841,1
0.998085,0.001915,0
0.999699,0.000301,0
0.999946,0.000054,0
0.000652,0.999348,1
0.994311,0.005689,0
0.001488,0.998512,1
0.000046,0.999954,1
0.001425,0.998575,1
0.000472,0.999528,1
0.008353,0.991647,1
0.000672,0.999328,1
0.999315,0.000685,0
0.000220,0.999780,1
0.987679,0.012321,0
0.000063,0.999937,1
0.000375,0.999625,1
0.997987,0.002013,0
0.000001,0.999999,1
0.999310,0.000690,0
0.000728,0.999272,1
0.000014,0.999986,1
0.000953,0.999047,1
0.999355,0.000645,0
0.000234,0.999766,1
0.999368,0.000632,0
0.000130,0.999870,1
0.987098,0.012902,0
0.000078,0.999922,1
0.000105,0.999895,1
0.000198,0.999802,1
0.000115,0.999885,1
0.996687,0.003313,0
0.000225,0.999775,1
0.000041,0.999959,1
0.001798,0.998202,1
0.997798,0.002202,0
0.001056,0.998944,1
0.000975,0.999025,1
0.001449,0.998551,1
0.998685,0.001315,0
0.000079,0.999921,1
0.999688,0.000312,0
0.999641,0.000359,0
0.000470,0.999530,1
0.000837,0.999163,1
0.000053,0.999947,1
0.001941,0.998059,1
0.000001,0.999999,1
0.000269,0.999731,1
0.999951,0.000049,0
0.998627,0.001373,0
0.000100,0.999900,1
0.000065,0.999935,1
0.998745,0.001255,0
0.999915,0.000085,0
0.998295,0.001705,0
0.997258,0.002742,0
0.001294,0.998706,1
0.998996,0.001004,0
0.999315,0.000685,0
0.000129,0.999871,1
0.999459,0.000541,0
0.998711,0.001289,0
0.999230,0.000770,0
0.000003,0.999997,1
0.998613,0.001387,0
0.992235,0.007765,0
0.999710,0.000290,0
0.998493,0.001507,0
0.000871,0.999129,1
0.999374,0.000626,0
0.005379,0.994621,1
0.995694,0.004306,0
0.998389,0.001611,0
0.000046,0.999954,1
0.992027,0.007973,0
0.000019,0.999981,1
0.000183,0.999817,1
0.999891,0.000109,0
0.000063,0.999937,1
0.999172,0.000828,0
0.000392,0.999608,1
0.000026,0.999974,1
0.000031,0.999969,1
0.004237,0.995763,1
0.000093,0.999907,1
0.000004,0.999996,1
0.999926,0.000074,0
0.000094,0.999906,1
0.000049,0.999951,1
0.996241,0.003759,0
0.989855,0.010145,0
0.001425,0.998575,1
0.003325,0.996675,1
0.998658,0.001342,0
0.999714,0.000286,0
0.000049,0.999951,1
0.999970,0.000030,0
0.000995,0.999005,1
0.999797,0.000203,0
0.000356,0.999644,1
0.999502,0.000498,0
0.000052,0.999948,1
0.999963,0.000037,0
0.000092,0.999908,1
0.999533,0.000467,0
0.999739,0.000261,0
0.000057,0.999943,1
0.003133,0.996867,1
0.003773,0.996227,1
0.996448,0.003552,0
0.999261,0.000739,0
0.000036,0.999964,1
0.000365,0.999635,1
0.000084,0.999916,1
0.000630,0.999370,1
0.996436,0.003564,0
0.000006,0.999994,1
0.003370,0.996630,1
0.001231,0.998769,1
0.000765,0.999235,1
0.000219,0.999781,1
0.000620,0.999380,1
0.999012,0.000988,0
0.000002,0.999998,1
0.000152,0.999848,1
0.999932,0.000068,0
0.000301,0.999699,1
0.999317,0.000683,0
0.999942,0.000058,0
0.001005,0.998995,1
0.000211,0.999789,1
0.000725,0.999275,1
0.999901,0.000099,0
0.000681,0.999319,1
0.999172,0.000828,0
0.000071,0.999929,1
0.999616,0.000384,0
0.998948,0.001052,0
0.999787,0.000213,0
0.000248,0.999752,1
0.000003,0.999997,1
0.005767,0.994233,1
0.000217,0.999783,1
0.999501,0.000499,0
0.999605,0.000395,0
0.003848,0.996152,1
0.003081,0.996919,1
0.000521,0.999479,1
0.000171,0.999829,1
0.000052,0.999948,1
0.999147,0.000853,0
0.000010,0.999990,1
0.000004,0.999996,1
0.997912,0.002088,0
0.999941,0.000059,0
0.999850,0.000150,0
0.999368,0.000632,0
0.998400,0.001600,0
0.983497,0.016503,0
0.998208,0.001792,0
0.998014,0.001986,0
0.000711,0.999289,1
0.000130,0.999870,1
0.998478,0.001522,0
0.996412,0.003588,0
0.000953,0.999047,1
0.999907,0.000093,0
0.000291,0.999709,1
0.999161,0.000839,0
0.994605,0.005395,0
0.000953,0.999047,1
0.999899,0.000101,0
0.000109,0.999891,1
0.998810,0.001190,0
0.000269,0.999731,1
0.996178,0.003822,0
0.001513,0.998487,1
0.006369,0.993631,1
0.999816,0.000184,0
0.000277,0.999723,1
0.000289,0.999711,1
0.000329,0.999671,1
0.999002,0.000998,0
0.998452,0.001548,0
0.000760,0.999240,1
0.993779,0.006221,0
0.010734,0.989266,1
0.000353,0.999647,1
0.001311,0.998689,1
0.999712,0.000288,0
0.001008,0.998992,1
0.004045,0.995955,1
0.999400,0.000600,0
0.002601,0.997399,1
0.001383,0.998617,1
0.000208,0.999792,1
0.000123,0.999877,1
0.000427,0.999573,1
0.999439,0.000561,0
0.995001,0.004999,0
0.999109,0.000891,0
0.000275,0.999725,1
0.999716,0.000284,0
0.000363,0.999637,1
0.000658,0.999342,1
0.000820,0.999180,1
0.999974,0.000026,0
0.999450,0.000550,0
0.000694,0.999306,1
0.000449,0.999551,1
0.999846,0.000154,0
0.000158,0.999842,1
0.000018,0.999982,1
0.000225,0.999775,1
0.004528,0.995472,1
0.000333,0.999667,1
0.999673,0.000327,0
0.004743,0.995257,1
0.000320,0.999680,1
0.999897,0.000103,0
0.019958,0.980042,1
0.000173,0.999827,1
0.000298,0.999702,1
0.001183,0.998817,1
0.998214,0.001786,0
0.000633,0.999367,1
0.002082,0.997918,1
0.000200,0.999800,1
0.997967,0.002033,0
0.000028,0.999972,1
0.999932,0.000068,0
0.002644,0.997356,1
0.000002,0.999998,1
0.003823,0.996177,1
0.000590,0.999410,1
0.000461,0.999539,1
0.994330,0.005670,0
0.000085,0.999915,1
0.998715,0.001285,0
0.999777,0.000223,0
0.002061,0.997939,1
0.998416,0.001584,0
0.995459,0.004541,0
0.000013,0.999987,1
0.000258,0.999742,1
0.996848,0.003152,0
0.992513,0.007487,0
0.987056,0.012944,0
0.001114,0.998886,1
0.000117,0.999883,1
0.002041,0.997959,1
0.999547,0.000453,0
0.999906,0.000094,0
0.000216,0.999784,1
0.001513,0.998487,1
0.002941,0.997059,1
0.000940,0.999060,1
0.003773,0.996227,1
0.000000,1.000000,1
0.999824,0.000176,0
0.000469,0.999531,1
0.000541,0.999459,1
0.002549,0.997451,1
0.000139,0.999861,1
0.000596,0.999404,1
0.999144,0.000856,0
0.998618,0.001382,0
0.000085,0.999915,1
0.000083,0.999917,1
0.000799,0.999201,1
0.999934,0.000066,0
0.997974,0.002026,0
0.998007,0.001993,0
0.000314,0.999686,1
0.997339,0.002661,0
0.000032,0.999968,1
0.999848,0.000152,0
0.999861,0.000139,0
0.999445,0.000555,0
0.000252,0.999748,1
0.999335,0.000665,0
0.999784,0.000216,0
0.000099,0.999901,1
0.000247,0.999753,1
0.001574,0.998426,1
0.000003,0.999997,1
0.000173,0.999827,1
0.999878,0.000122,0
0.999974,0.000026,0
0.999275,0.000725,0
0.000584,0.999416,1
0.016348,0.983652,1
0.999580,0.000420,0
0.998378,0.001622,0
0.999920,0.000080,0
0.000077,0.999923,1
0.979853,0.020147,0
0.002054,0.997946,1
0.004031,0.995969,1
0.995001,0.004999,0
0.999966,0.000034,0
0.999054,0.000946,0
0.997031,0.002969,0
0.004018,0.995982,1
0.002117,0.997883,1
0.000085,0.999915,1
0.001468,0.998532,1
0.994746,0.005254,0
0.999261,0.000739,0
0.001114,0.998886,1
0.000261,0.999739,1
0.000152,0.999848,1
0.000003,0.999997,1
0.000616,0.999384,1
0.000934,0.999066,1
0.000865,0.999135,1
0.003589,0.996411,1
0.001369,0.998631,1
0.998594,0.001406,0
0.004195,0.995805,1
0.999432,0.000568,0
0.000576,0.999424,1
0.001444,0.998556,1
0.001338,0.998662,1
0.000083,0.999917,1
0.999533,0.000467,0
0.999827,0.000173,0
0.000100,0.999900,1
0.999686,0.000314,0
0.000396,0.999604,1
0.000096,0.999904,1
0.000362,0.999638,1
0.000446,0.999554,1
0.000083,0.999917,1
0.997863,0.002137,0
0.999032,0.000968,0
0.999750,0.000250,0
0.000219,0.999781,1
0.000169,0.999831,1
0.000000,1.000000,1
0.999895,0.000105,0
0.000281,0.999719,1
0.999504,0.000496,0
0.998027,0.001973,0
0.999194,0.000806,0
0.999643,0.000357,0
0.997599,0.002401,0
0.999382,0.000618,0
0.998613,0.001387,0
0.999851,0.000149,0
0.000654,0.999346,1
0.988947,0.011053,0
0.999587,0.000413,0
0.000681,0.999319,1
0.000006,0.999994,1
0.999538,0.000462,0
0.997591,0.002409,0
0.000038,0.999962,1
0.000085,0.999915,1
0.999901,0.000099,0
0.000228,0.999772,1
0.001298,0.998702,1
0.999199,0.000801,0
0.000011,0.999989,1
0.000740,0.999260,1
0.002931,0.997069,1
0.018574,0.981426,1
0.998416,0.001584,0
0.001649,0.998351,1
0.000370,0.999630,1
0.998860,0.001140,0
0.999910,0.000090,0
0.998416,0.001584,0
0.996941,0.003059,0
0.999576,0.000424,0
0.999538,0.000462,0
0.000546,0.999454,1
0.999700,0.000300,0
0.998810,0.001190,0
0.001829,0.998171,1
0.999290,0.000710,0
0.999994,0.000006,0
0.001324,0.998676,1
0.998810,0.001190,0
0.000029,0.999971,1
0.000333,0.999667,1
0.995943,0.004057,0
0.999063,0.000937,0
0.000480,0.999520,1
0.000238,0.999762,1
0.999908,0.000092,0
0.999957,0.000043,0
0.999218,0.000782,0
0.000592,0.999408,1
0.000039,0.999961,1
0.999492,0.000508,0
0.998826,0.001174,0
0.001077,0.998923,1
0.000559,0.999441,1
0.000735,0.999265,1
0.000336,0.999664,1
0.984595,0.015405,0
0.999959,0.000041,0
0.999851,0.000149,0
0.000423,0.999577,1
0.000365,0.999635,1
0.996115,0.003885,0
0.999751,0.000249,0
0.998887,0.001113,0
0.004140,0.995860,1
0.000003,0.999997,1
0.999701,0.000299,0
0.000962,0.999038,1
0.998483,0.001517,0
0.000868,0.999132,1
0.001298,0.998702,1
0.999545,0.000455,0
0.999376,0.000624,0
0.007057,0.992943,1
0.000001,0.999999,1
0.995444,0.004556,0
0.998894,0.001106,0
0.999951,0.000049,0
0.999416,0.000584,0
0.000114,0.999886,1
0.999922,0.000078,0
0.998351,0.001649,0
0.999902,0.000098,0
0.000543,0.999457,1
0.001683,0.998317,1
0.000596,0.999404,1
0.993353,0.006647,0
0.999225,0.000775,0
0.999672,0.000328,0
0.000020,0.999980,1
0.000001,0.999999,1
0.001110,0.998890,1
0.999492,0.000508,0
0.000219,0.999781,1
0.000185,0.999815,1
0.003228,0.996772,1
0.999335,0.000665,0
0.000098,0.999902,1
0.000040,0.999960,1
0.004696,0.995304,1
0.000063,0.999937,1
0.999514,0.000486,0
0.995970,0.004030,0
0.001775,0.998225,1
0.000626,0.999374,1
0.000098,0.999902,1
0.000567,0.999433,1
0.000114,0.999886,1
0.000972,0.999028,1
0.998278,0.001722,0
0.004558,0.995442,1
0.999748,0.000252,0
0.999524,0.000476,0
0.003965,0.996035,1
0.000213,0.999787,1
0.996698,0.003302,0
0.999406,0.000594,0
0.991678,0.008322,0
0.999215,0.000785,0
0.998576,0.001424,0
0.000009,0.999991,1
0.000561,0.999439,1
0.007104,0.992896,1
0.998778,0.001222,0
0.999957,0.000043,0
0.999583,0.000417,0
0.000315,0.999685,1
0.000449,0.999551,1
0.000292,0.999708,1
0.000475,0.999525,1
0.999361,0.000639,0
0.000311,0.999689,1
0.997031,0.002969,0
0.998694,0.001306,0
0.000022,0.999978,1
0.000339,0.999661,1
0.999121,0.000879,0
0.000628,0.999372,1
0.993942,0.006058,0
0.000628,0.999372,1
0.998732,0.001268,0
0.997856,0.002144,0
0.001351,0.998649,1
0.000513,0.999487,1
0.997502,0.002498,0
0.001294,0.998706,1
0.999751,0.000249,0
0.995474,0.004526,0
0.000106,0.999894,1
0.000127,0.999873,1
0.000023,0.999977,1
0.000056,0.999944,1
0.999794,0.000206,0
0.001548,0.998452,1
0.998898,0.001102,0
0.000055,0.999945,1
0.999564,0.000436,0
0.000012,0.999988,1
0.002636,0.997364,1
0.000017,0.999983,1
0.998837,0.001163,0
0.999805,0.000195,0
0.000449,0.999551,1
0.999731,0.000269,0
0.000003,0.999997,1
0.001660,0.998340,1
0.998962,0.001038,0
0.000038,0.999962,1
0.999643,0.000357,0
0.001107,0.998893,1
0.000098,0.999902,1
0.999454,0.000546,0
0.000212,0.999788,1
0.998724,0.001276,0
0.999877,0.000123,0
0.000004,0.999996,1
0.002434,0.997566,1
0.000021,0.999979,1
0.000123,0.999877,1
0.997791,0.002209,0
0.001967,0.998033,1
0.998766,0.001234,0
0.991921,0.008079,0
0.000314,0.999686,1
0.001022,0.998978,1
0.999699,0.000301,0
0.000925,0.999075,1
0.000013,0.999987,1
0.000428,0.999572,1
0.999132,0.000868,0
0.988874,0.011126,0
0.000223,0.999777,1
0.997194,0.002806,0
0.011966,0.988034,1
0.994781,0.005219,0
0.999484,0.000516,0
0.000378,0.999622,1
0.999606,0.000394,0
0.999676,0.000324,0
0.000552,0.999448,1
0.004649,0.995351,1
0.000190,0.999810,1
0.000001,0.999999,1
0.999378,0.000622,0
0.991948,0.008052,0
0.998944,0.001056,0
0.999837,0.000163,0
0.998273,0.001727,0
0.999776,0.000224,0
0.997409,0.002591,0
0.993287,0.006713,0
0.999654,0.000346,0
0.998091,0.001909,0
0.000353,0.999647,1
0.000004,0.999996,1
0.999728,0.000272,0
0.999785,0.000215,0
0.005653,0.994347,1
0.999220,0.000780,0
0.000191,0.999809,1
0.000434,0.999566,1
0.001974,0.998026,1
0.000338,0.999662,1
0.999915,0.000085,0
0.000106,0.999894,1
0.999927,0.000073,0
0.000001,0.999999,1
0.000862,0.999138,1
0.000094,0.999906,1
0.000052,0.999948,1
0.999946,0.000054,0
0.999924,0.000076,0
0.996552,0.003448,0
0.000308,0.999692,1
0.002541,0.997459,1
0.990565,0.009435,0
0.999812,0.000188,0
0.000431,0.999569,1
0.998658,0.001342,0
0.002247,0.997753,1
0.998845,0.001155,0
0.999601,0.000399,0
0.000041,0.999959,1
0.999900,0.000100,0
0.994254,0.005746,0
0.000204,0.999796,1
0.001025,0.998975,1
0.006627,0.993373,1
0.000452,0.999548,1
0.999711,0.000289,0
0.000095,0.999905,1
0.998079,0.001921,0
0.001478,0.998522,1
0.999118,0.000882,0
0.000557,0.999443,1
0.999236,0.000764,0
0.000293,0.999707,1
0.000812,0.999188,1
0.001179,0.998821,1
0.999973,0.000027,0
0.000728,0.999272,1
0.000010,0.999990,1
0.001711,0.998289,1
0.998830,0.001170,0
0.001239,0.998761,1
0.999158,0.000842,0
0.000014,0.999986,1
0.000116,0.999884,1
0.998992,0.001008,0
0.001528,0.998472,1
0.003426,0.996574,1
0.999957,0.000043,0
0.000031,0.999969,1
0.994640,0.005360,0
0.999470,0.000530,0
0.000136,0.999864,1
0.004453,0.995547,1
0.999771,0.000229,0
0.999446,0.000554,0
0.999196,0.000804,0
0.001601,0.998399,1
0.000007,0.999993,1
0.997383,0.002617,0
0.995352,0.004648,0
0.998992,0.001008,0
0.998098,0.001902,0
0.007540,0.992460,1
0.004727,0.995273,1
0.998955,0.001045,0
0.000998,0.999002,1
0.000296,0.999704,1
0.999562,0.000438,0
0.000143,0.999857,1
0.999524,0.000476,0
0.997551,0.002449,0
0.000061,0.999939,1
0.000088,0.999912,1
0.000647,0.999353,1
0.997559,0.002441,0
0.000882,0.999118,1
0.000578,0.999422,1
0.012992,0.987008,1
0.014338,0.985662,1
0.003472,0.996528,1
0.998955,0.001045,0
0.000183,0.999817,1
0.999781,0.000219,0
0.000170,0.999830,1
0.998421,0.001579,0
0.000142,0.999858,1
0.000144,0.999856,1
0.999599,0.000401,0
0.989720,0.010280,0
0.999675,0.000325,0
0.999057,0.000943,0
0.999180,0.000820,0
0.999901,0.000099,0
0.001125,0.998875,1
0.998594,0.001406,0
0.001302,0.998698,1
0.000125,0.999875,1
0.001355,0.998645,1
0.000265,0.999735,1
0.999807,0.000193,0
0.000007,0.999993,1
0.000111,0.999889,1
0.002370,0.997630,1
0.000007,0.999993,1
0.000232,0.999768,1
0.994533,0.005467,0
0.986131,0.013869,0
0.000428,0.999572,1
0.000127,0.999873,1
0.998833,0.001167,0
0.993441,0.006559,0
0.000003,0.999997,1
0.000209,0.999791,1
0.999661,0.000339,0
0.000470,0.999530,1
0.999432,0.000568,0
0.997724,0.002276,0
0.996752,0.003248,0
0.999700,0.000300,0
0.001916,0.998084,1
0.000335,0.999665,1
0.006738,0.993262,1
0.000005,0.999995,1
0.998962,0.001038,0
0.004265,0.995735,1
0.000554,0.999446,1
0.000569,0.999431,1
0.998447,0.001553,0
0.000297,0.999703,1
0.999777,0.000223,0
0.998604,0.001396,0
0.002931,0.997069,1
0.000469,0.999531,1
0.999861,0.000139,0
0.999660,0.000340,0
0.000333,0.999667,1
0.000097,0.999903,1
0.997709,0.002291,0
0.001056,0.998944,1
0.993861,0.006139,0
0.997348,0.002652,0
0.996352,0.003648,0
0.999258,0.000742,0
0.996541,0.003459,0
0.999636,0.000364,0
0.000001,0.999999,1
0.998894,0.001106,0
0.000082,0.999918,1
0.998238,0.001762,0
0.001121,0.998879,1
0.999689,0.000311,0
0.000074,0.999926,1
0.000253,0.999747,1
0.000015,0.999985,1
0.995429,0.004571,0
0.000152,0.999848,1
0.000885,0.999115,1
0.000073,0.999927,1
0.998898,0.001102,0
0.998849,0.001151,0
0.998711,0.001289,0
0.999032,0.000968,0
0.952945,0.047055,0
0.000002,0.999998,1
0.000133,0.999867,1
0.000037,0.999963,1
0.001183,0.998817,1
0.000050,0.999950,1
0.000630,0.999370,1
0.998503,0.001497,0
0.999468,0.000532,0
0.997884,0.002116,0
0.998394,0.001606,0
0.000091,0.999909,1
0.000026,0.999974,1
0.000002,0.999998,1
0.000013,0.999987,1
0.000097,0.999903,1
0.999930,0.000070,0
0.000783,0.999217,1
0.998658,0.001342,0
0.000157,0.999843,1
0.000026,0.999974,1
0.002014,0.997986,1
0.011579,0.988421,1
0.001928,0.998072,1
0.999857,0.000143,0
0.002507,0.997493,1
0.999363,0.000637,0
0.998447,0.001553,0
0.996827,0.003173,0
0.000594,0.999406,1
0.999241,0.000759,0
0.999541,0.000459,0
0.999997,0.000003,0
0.000319,0.999681,1
0.003601,0.996399,1
0.986623,0.013377,0
0.999297,0.000703,0
0.000209,0.999791,1
0.996598,0.003402,0
0.999029,0.000971,0
0.000192,0.999808,1
0.000584,0.999416,1
0.999820,0.000180,0
0.998410,0.001590,0
0.999770,0.000230,0
0.000183,0.999817,1
0.999175,0.000825,0
0.995820,0.004180,0
0.999777,0.000223,0
0.002662,0.997338,1
0.000052,0.999948,1
0.000003,0.999997,1
0.005922,0.994078,1
0.996241,0.003759,0
0.999016,0.000984,0
0.000012,0.999988,1
0.001974,0.998026,1
0.999463,0.000537,0
0.999025,0.000975,0
0.000148,0.999852,1
0.000692,0.999308,1
0.999502,0.000498,0
0.996687,0.003313,0
0.997493,0.002507,0
0.001458,0.998542,1
0.000511,0.999489,1
0.001338,0.998662,1
0.998184,0.001816,0
0.999634,0.000366,0
0.998645,0.001355,0
0.000007,0.999993,1
0.000035,0.999965,1
0.999566,0.000434,0
0.000047,0.999953,1
0.999738,0.000262,0
0.000112,0.999888,1
0.999890,0.000110,0
0.999623,0.000377,0
0.999769,0.000231,0
0.999933,0.000067,0
0.000172,0.999828,1
0.003926,0.996074,1
0.999936,0.000064,0
0.000071,0.999929,1
0.000097,0.999903,1
0.003030,0.996970,1
0.999923,0.000077,0
0.002014,0.997986,1
0.002636,0.997364,1
0.999342,0.000658,0
0.004806,0.995194,1
0.000240,0.999760,1
0.000214,0.999786,1
0.999487,0.000513,0
0.000285,0.999715,1
0.000366,0.999634,1
0.003404,0.996596,1
0.999805,0.000195,0
0.003050,0.996950,1
0.001935,0.998065,1
0.997678,0.002322,0
0.999067,0.000933,0
0.000144,0.999856,1
0.000563,0.999437,1
0.998613,0.001387,0
0.004365,0.995635,1
0.000918,0.999082,1
0.999686,0.000314,0
0.990184,0.009816,0
0.999520,0.000480,0
0.999019,0.000981,0
0.000250,0.999750,1
0.000006,0.999994,1
0.996784,0.003216,0
0.999150,0.000850,0
0.998351,0.001649,0
0.999942,0.000058,0
0.000027,0.999973,1
0.000015,0.999985,1
0.000015,0.999985,1
0.998887,0.001113,0
0.999928,0.000072,0
0.999524,0.000476,0
0.000532,0.999468,1
0.999802,0.000198,0
0.998860,0.001140,0
0.000376,0.999624,1
0.999418,0.000582,0
0.000069,0.999931,1
0.000171,0.999829,1
0.000699,0.999301,1
0.998833,0.001167,0
0.999029,0.000971,0
0.999634,0.000366,0
0.000940,0.999060,1
0.997739,0.002261,0
0.000153,0.999847,1
0.000628,0.999372,1
0.000068,0.999932,1
0.995243,0.004757,0
0.005344,0.994656,1
0.999448,0.000552,0
0.998373,0.001627,0
0.003589,0.996411,1
0.000444,0.999556,1
0.000098,0.999902,1
0.997258,0.002742,0
0.000263,0.999737,1
0.998410,0.001590,0
0.000199,0.999801,1
0.999923,0.000077,0
0.003404,0.996596,1
0.000302,0.999698,1
0.000272,0.999728,1
0.000303,0.999697,1
0.002970,0.997030,1
0.998753,0.001247,0
0.999363,0.000637,0
0.000311,0.999689,1
0.999459,0.000541,0
0.999730,0.000270,0
0.000504,0.999496,1
0.999821,0.000179,0
0.999829,0.000171,0
0.997502,0.002498,0
0.000408,0.999592,1
0.001928,0.998072,1
0.001070,0.998930,1
0.998027,0.001973,0
0.000116,0.999884,1
0.000153,0.999847,1
0.000089,0.999911,1
0.001903,0.998097,1
0.000072,0.999928,1
0.001140,0.998860,1
0.997184,0.002816,0
0.998442,0.001558,0
0.003887,0.996113,1
0.000280,0.999720,1
0.005309,0.994691,1
0.000931,0.999069,1
0.000216,0.999784,1
0.000778,0.999222,1
0.000557,0.999443,1
0.999166,0.000834,0
0.999804,0.000196,0
0.999661,0.000339,0
0.998431,0.001569,0
0.002138,0.997862,1
0.998698,0.001302,0
0.994658,0.005342,0
0.000602,0.999398,1
0.999965,0.000035,0
0.000097,0.999903,1
0.999797,0.000203,0
0.995180,0.004820,0
0.000283,0.999717,1
0.000047,0.999953,1
0.999384,0.000616,0
0.999106,0.000894,0
0.000446,0.999554,1
0.999563,0.000437,0
0.999228,0.000772,0
0.000276,0.999724,1
0.001183,0.998817,1
0.000513,0.999487,1
0.000001,0.999999,1
0.991021,0.008979,0
0.000525,0.999475,1
0.997080,0.002920,0
0.999939,0.000061,0
0.000037,0.999963,1
0.998585,0.001415,0
0.999735,0.000265,0
0.999465,0.000535,0
0.000018,0.999982,1
0.997583,0.002417,0
0.000327,0.999673,1
0.999792,0.000208,0
0.999721,0.000279,0
0.000536,0.999464,1
0.000300,0.999700,1
0.000017,0.999983,1
0.003760,0.996240,1
0.000740,0.999260,1
0.999998,0.000002,0
0.999378,0.000622,0
0.002458,0.997542,1
0.000416,0.999584,1
0.999583,0.000417,0
0.000172,0.999828,1
0.998590,0.001410,0
0.999310,0.000690,0
0.999473,0.000527,0
0.999067,0.000933,0
0.000185,0.999815,1
0.000982,0.999018,1
0.999868,0.000132,0
0.999653,0.000347,0
0.002698,0.997302,1
0.000430,0.999570,1
0.996752,0.003248,0
0.999927,0.000073,0
0.999827,0.000173,0
0.999196,0.000804,0
0.999737,0.000263,0
0.993242,0.006758,0
0.000765,0.999235,1
0.999946,0.000054,0
0.004822,0.995178,1
0.000543,0.999457,1
0.999670,0.000330,0
0.999392,0.000608,0
0.008748,0.991252,1
0.000050,0.999950,1
0.000058,0.999942,1
0.999499,0.000501,0
0.998557,0.001443,0
0.000437,0.999563,1
0.999597,0.000403,0
0.999404,0.000596,0
0.000105,0.999895,1
0.000012,0.999988,1
0.000969,0.999031,1
0.999854,0.000146,0
0.999584,0.000416,0
0.000073,0.999927,1
0.996166,0.003834,0
0.000169,0.999831,1
0.000163,0.999837,1
0.999238,0.000762,0
0.997884,0.002116,0
0.997813,0.002187,0
0.000003,0.999997,1
0.997357,0.002643,0
0.996352,0.003648,0
0.000145,0.999855,1
0.004543,0.995457,1
0.998580,0.001420,0
0.999337,0.000663,0
0.997099,0.002901,0
0.000541,0.999459,1
0.999576,0.000424,0
0.001239,0.998761,1
0.002442,0.997558,1
0.002188,0.997812,1
0.000113,0.999887,1
0.999466,0.000534,0
0.998547,0.001453,0
0.989988,0.010012,0
0.000294,0.999706,1
0.000592,0.999408,1
0.000368,0.999632,1
0.000985,0.999015,1
0.000079,0.999921,1
0.003143,0.996857,1
0.000266,0.999734,1
0.000248,0.999752,1
0.994934,0.005066,0
0.000742,0.999258,1
0.999541,0.000459,0
0.999811,0.000189,0
0.000284,0.999716,1
0.002931,0.997069,1
0.000014,0.999986,1
0.998898,0.001102,0
0.000046,0.999954,1
0.000706,0.999294,1
0.004154,0.995846,1
0.987308,0.012692,0
0.000708,0.999292,1
0.999834,0.000166,0
0.000026,0.999974,1
0.000828,0.999172,1
0.000012,0.999988,1
0.000006,0.999994,1
0.000221,0.999779,1
0.995383,0.004617,0
0.999186,0.000814,0
0.999022,0.000978,0
0.000280,0.999720,1
0.000086,0.999914,1
0.999315,0.000685,0
0.998307,0.001693,0
0.999688,0.000312,0
0.999012,0.000988,0
0.996654,0.003346,0
0.000042,0.999958,1
0.998698,0.001302,0
0.000016,0.999984,1
0.999665,0.000335,0
0.999637,0.000363,0
0.000584,0.999416,1
0.995001,0.004999,0
0.000360,0.999640,1
0.000004,0.999996,1
0.993130,0.006870,0
0.001878,0.998122,1
0.999570,0.000430,0
0.004968,0.995032,1
0.998357,0.001643,0
0.000000,1.000000,1
0.004543,0.995457,1
0.998715,0.001285,0
0.999619,0.000381,0
0.000742,0.999258,1
0.999273,0.000727,0
0.000110,0.999890,1
0.984288,0.015712,0
0.001035,0.998965,1
0.001564,0.998436,1
0.999359,0.000641,0
0.999876,0.000124,0
0.999640,0.000360,0
0.999716,0.000284,0
0.999331,0.000669,0
0.999715,0.000285,0
0.000005,0.999995,1
0.000616,0.999384,1
0.003381,0.996619,1
0.997147,0.002853,0
0.993800,0.006200,0
0.999550,0.000450,0
0.000349,0.999651,1
0.999839,0.000161,0
0.000045,0.999955,1
0.000198,0.999802,1
0.995196,0.004804,0
0.003566,0.996434,1
0.002323,0.997677,1
0.002034,0.997966,1
0.000093,0.999907,1
0.000231,0.999769,1
0.998702,0.001298,0
0.000031,0.999969,1
0.004935,0.995065,1
0.001508,0.998492,1
0.998999,0.001001,0
0.000508,0.999492,1
0.000219,0.999781,1
0.999191,0.000809,0
0.000293,0.999707,1
0.999320,0.000680,0
0.999636,0.000364,0
0.001574,0.998426,1
0.999228,0.000772,0
0.998110,0.001890,0
0.000238,0.999762,1
0.999738,0.000262,0
0.000002,0.999998,1
0.999709,0.000291,0
0.001338,0.998662,1
0.000198,0.999802,1
0.002584,0.997416,1
0.000057,0.999943,1
0.000210,0.999790,1
0.999520,0.000480,0
0.000064,0.999936,1
0.999776,0.000224,0
0.999253,0.000747,0
0.000112,0.999888,1
0.999922,0.000078,0
0.999873,0.000127,0
0.000017,0.999983,1
0.999927,0.000073,0
0.002285,0.997715,1
0.001841,0.998159,1
0.999177,0.000823,0
0.999855,0.000145,0
0.992945,0.007055,0
0.002601,0.997399,1
0.997631,0.002369,0
0.000513,0.999487,1
0.000080,0.999920,1
0.998901,0.001099,0
0.006061,0.993939,1
0.999918,0.000082,0
0.999702,0.000298,0
0.000148,0.999852,1
0.983224,0.016776,0
0.000528,0.999472,1
0.998627,0.001373,0
0.000302,0.999698,1
0.999971,0.000029,0
0.996010,0.003990,0
0.004167,0.995833,1
0.001264,0.998736,1
0.000499,0.999501,1
0.998238,0.001762,0
0.000263,0.999737,1
0.971379,0.028621,0
0.002743,0.997257,1
0.000767,0.999233,1
0.998689,0.001311,0
0.997754,0.002246,0
0.999097,0.000903,0
0.009820,0.990180,1
0.999441,0.000559,0
0.995722,0.004278,0
0.997898,0.002102,0
0.999132,0.000868,0
0.999070,0.000930,0
0.000762,0.999238,1
0.000257,0.999743,1
0.000358,0.999642,1
0.000002,0.999998,1
0.000250,0.999750,1
0.001916,0.998084,1
0.999960,0.000040,0
0.000725,0.999275,1
0.999940,0.000060,0
0.001032,0.998968,1
0.000420,0.999580,1
0.000209,0.999791,1
0.999662,0.000338,0
0.000569,0.999431,1
0.998447,0.001553,0
0.000882,0.999118,1
0.004634,0.995366,1
0.999804,0.000196,0
0.998864,0.001136,0
0.000332,0.999668,1
0.001063,0.998937,1
0.000972,0.999028,1
0.000013,0.999987,1
0.003293,0.996707,1
0.000280,0.999720,1
0.999482,0.000518,0
0.000251,0.999749,1
0.999130,0.000870,0
0.999317,0.000683,0
0.000003,0.999997,1
0.999875,0.000125,0
0.999353,0.000647,0
0.001872,0.998128,1
0.000645,0.999355,1
0.003404,0.996596,1
0.000021,0.999979,1
0.000436,0.999564,1
0.999920,0.000080,0
0.997175,0.002825,0
0.999700,0.000300,0
0.999207,0.000793,0
0.000252,0.999748,1
0.000010,0.999990,1
0.000093,0.999907,1
0.000189,0.999811,1
0.998676,0.001324,0
0.002346,0.997654,1
0.999890,0.000110,0
0.999695,0.000305,0
0.000003,0.999997,1
0.995352,0.004648,0
0.000398,0.999602,1
0.999685,0.000315,0
0.999699,0.000301,0
0.000097,0.999903,1
0.000019,0.999981,1
0.002780,0.997220,1
0.000414,0.999586,1
0.004209,0.995791,1
0.001298,0.998702,1
0.999886,0.000114,0
0.998362,0.001638,0
0.998561,0.001439,0
0.001781,0.998219,1
0.000009,0.999991,1
0.999496,0.000504,0
0.001049,0.998951,1
0.002034,0.997966,1
0.000353,0.999647,1
0.999854,0.000146,0
0.999712,0.000288,0
0.001056,0.998944,1
0.999927,0.000073,0
0.003810,0.996190,1
0.000011,0.999989,1
0.000132,0.999868,1
0.000002,0.999998,1
0.000005,0.999995,1
0.000006,0.999994,1
0.998749,0.001251,0
0.002474,0.997526,1
0.999664,0.000336,0
0.998860,0.001140,0
0.999995,0.000005,0
0.002558,0.997442,1
0.000325,0.999675,1
0.000326,0.999674,1
0.002000,0.998000,1
0.994623,0.005377,0
0.000333,0.999667,1
0.999563,0.000437,0
0.004985,0.995015,1
0.000152,0.999848,1
0.000052,0.999948,1
0.001107,0.998893,1
0.999079,0.000921,0
0.999570,0.000430,0
0.000437,0.999563,1
0.999801,0.000199,0
0.000176,0.999824,1
0.001144,0.998856,1
0.000003,0.999997,1
0.999127,0.000873,0
0.999945,0.000055,0
0.000550,0.999450,1
0.000191,0.999809,1
0.999150,0.000850,0
0.000231,0.999769,1
0.003625,0.996375,1
0.000521,0.999479,1
0.999572,0.000428,0
0.001847,0.998153,1
0.998979,0.001021,0
0.000168,0.999832,1
0.004696,0.995304,1
0.998810,0.001190,0
0.000163,0.999837,1
0.988764,0.011236,0
0.998958,0.001042,0
0.001434,0.998566,1
0.000011,0.999989,1
0.998532,0.001468,0
0.000362,0.999638,1
0.999887,0.000113,0
0.994404,0.005596,0
0.000038,0.999962,1
0.081541,0.918459,1
0.999841,0.000159,0
0.000002,0.999998,1
0.999472,0.000528,0
0.000598,0.999402,1
0.000004,0.999996,1
0.999564,0.000436,0
0.998667,0.001333,0
0.000750,0.999250,1
0.001859,0.998141,1
0.986970,0.013030,0
0.998941,0.001059,0
0.000580,0.999420,1
0.999663,0.000337,0
0.000133,0.999867,1
0.999780,0.000220,0
0.995792,0.004208,0
0.000002,0.999998,1
0.002014,0.997986,1
0.999972,0.000028,0
0.000647,0.999353,1
0.999670,0.000330,0
0.996518,0.003482,0
0.000013,0.999987,1
0.997953,0.002047,0
0.999591,0.000409,0
0.000326,0.999674,1
0.000090,0.999910,1
0.001070,0.998930,1
0.000025,0.999975,1
0.998027,0.001973,0
0.999883,0.000117,0
0.998571,0.001429,0
0.000001,0.999999,1
0.000654,0.999346,1
0.000713,0.999287,1
0.999785,0.000215,0
0.999946,0.000054,0
0.000216,0.999784,1
0.006141,0.993859,1
0.996552,0.003448,0
0.001606,0.998394,1
0.004112,0.995888,1
0.005085,0.994915,1
0.999941,0.000059,0
0.000326,0.999674,1
0.000842,0.999158,1
0.001163,0.998837,1
0.999470,0.000530,0
0.000186,0.999814,1
0.041841,0.958159,1
0.999901,0.000099,0
0.997967,0.002033,0
0.999958,0.000042,0
0.998290,0.001710,0
0.000249,0.999751,1
0.998667,0.001333,0
0.000156,0.999844,1
0.999215,0.000785,0
0.999624,0.000376,0
0.998702,0.001298,0
0.002354,0.997646,1
0.000592,0.999408,1
0.998802,0.001198,0
0.998849,0.001151,0
0.999966,0.000034,0
0.000005,0.999995,1
0.000516,0.999484,1
0.001961,0.998039,1
0.999922,0.000078,0
0.000481,0.999519,1
0.999915,0.000085,0
0.000504,0.999496,1
0.999754,0.000246,0
0.000285,0.999715,1
0.999547,0.000453,0
0.000013,0.999987,1
0.999088,0.000912,0
0.000645,0.999355,1
0.999875,0.000125,0
0.000704,0.999296,1
0.011427,0.988573,1
0.999874,0.000126,0
0.000663,0.999337,1
0.999976,0.000024,0
0.000486,0.999514,1
0.000042,0.999958,1
0.997905,0.002095,0
0.999885,0.000115,0
0.001118,0.998882,1
0.000701,0.999299,1
0.999297,0.000703,0
0.004031,0.995969,1
0.997400,0.002600,0
0.998745,0.001255,0
0.003461,0.996539,1
0.999551,0.000449,0
0.000003,0.999997,1
0.001167,0.998833,1
0.996763,0.003237,0
0.000205,0.999795,1
0.992804,0.007196,0
0.999489,0.000511,0
0.999789,0.000211,0
0.999848,0.000152,0
0.999547,0.000453,0
0.000188,0.999812,1
0.000002,0.999998,1
0.000001,0.999999,1
0.999758,0.000242,0
0.999819,0.000181,0
0.000009,0.999991,1
0.000172,0.999828,1
0.001081,0.998919,1
0.998658,0.001342,0
0.000747,0.999253,1
0.001574,0.998426,1
0.998537,0.001463,0
0.999894,0.000106,0
0.000320,0.999680,1
0.000264,0.999736,1
0.999097,0.000903,0
0.999556,0.000444,0
0.999230,0.000770,0
0.000061,0.999939,1
0.999694,0.000306,0
0.000288,0.999712,1
0.999807,0.000193,0
0.000047,0.999953,1
0.000143,0.999857,1
0.998741,0.001259,0
0.999342,0.000658,0
0.996352,0.003648,0
0.995622,0.004378,0
0.000509,0.999491,1
0.001922,0.998078,1
0.999867,0.000133,0
0.999563,0.000437,0
0.999406,0.000594,0
0.000085,0.999915,1
0.000461,0.999539,1
0.998786,0.001214,0
0.001434,0.998566,1
0.000101,0.999899,1
0.998513,0.001487,0
0.000039,0.999961,1
0.998736,0.001264,0
0.000269,0.999731,1
0.999742,0.000258,0
0.001281,0.998719,1
0.000767,0.999233,1
0.000136,0.999864,1
0.004952,0.995048,1
0.992080,0.007920,0
0.009102,0.990898,1
0.000478,0.999522,1
0.018942,0.981058,1
0.986221,0.013779,0
0.000112,0.999888,1
0.999654,0.000346,0
0.000002,0.999998,1
0.001121,0.998879,1
0.000231,0.999769,1
0.999572,0.000428,0
0.000466,0.999534,1
0.999482,0.000518,0
0.000066,0.999934,1
0.001148,0.998852,1
0.000704,0.999296,1
0.999957,0.000043,0
0.000216,0.999784,1
0.016188,0.983812,1
0.999894,0.000106,0
0.000845,0.999155,1
0.000663,0.999337,1
0.998681,0.001319,0
0.998027,0.001973,0
0.996951,0.003049,0
0.999175,0.000825,0
0.999689,0.000311,0
0.000054,0.999946,1
0.000070,0.999930,1
0.000057,0.999943,1
0.000755,0.999245,1
0.999335,0.000665,0
0.000320,0.999680,1
0.018818,0.981182,1
0.999770,0.000230,0
0.001243,0.998757,1
0.004031,0.995969,1
0.001294,0.998706,1
0.007465,0.992535,1
0.000982,0.999018,1
0.011315,0.988685,1
0.000005,0.999995,1
0.998362,0.001638,0
0.000557,0.999443,1
0.997953,0.002047,0
0.000508,0.999492,1
0.002240,0.997760,1
0.000067,0.999933,1
0.999656,0.000344,0
0.001374,0.998626,1
0.000839,0.999161,1
0.997099,0.002901,0
0.000534,0.999466,1
0.000283,0.999717,1
0.997535,0.002465,0
0.010420,0.989580,1
0.000678,0.999322,1
0.999519,0.000481,0
0.000809,0.999191,1
0.001281,0.998719,1
0.998394,0.001606,0
0.000103,0.999897,1
0.002507,0.997493,1
0.000755,0.999245,1
0.999486,0.000514,0
0.999775,0.000225,0
0.998879,0.001121,0
0.999982,0.000018,0
0.000002,0.999998,1
0.000095,0.999905,1
0.998979,0.001021,0
0.999443,0.000557,0
0.002020,0.997980,1
0.999158,0.000842,0
0.003370,0.996630,1
0.999633,0.000367,0
0.000002,0.999998,1
0.997060,0.002940,0
0.001633,0.998367,1
0.000406,0.999594,1
0.999608,0.000392,0
0.000327,0.999673,1
0.999412,0.000588,0
0.000003,0.999997,1
0.000296,0.999704,1
0.999057,0.000943,0
0.001085,0.998915,1
0.001444,0.998556,1
0.003698,0.996302,1
0.000037,0.999963,1
0.000711,0.999289,1
0.999766,0.000234,0
0.006760,0.993240,1
0.000747,0.999253,1
0.999804,0.000196,0
0.996869,0.003131,0
0.000178,0.999822,1
0.002195,0.997805,1
0.997870,0.002130,0
0.999956,0.000044,0
0.000034,0.999966,1
0.000015,0.999985,1
0.001129,0.998871,1
0.999175,0.000825,0
0.000654,0.999346,1
0.998442,0.001558,0
0.001493,0.998507,1
0.000530,0.999470,1
0.999579,0.000421,0
0.000295,0.999705,1
0.998986,0.001014,0
0.999812,0.000188,0
0.000320,0.999680,1
0.003495,0.996505,1
0.001085,0.998915,1
0.001118,0.998882,1
0.000137,0.999863,1
0.999767,0.000233,0
0.999538,0.000462,0
0.997527,0.002473,0
0.994254,0.005746,0
0.001247,0.998753,1
0.000309,0.999691,1
0.999412,0.000588,0
0.000804,0.999196,1
0.999228,0.000772,0
0.005616,0.994384,1
0.997312,0.002688,0
0.003472,0.996528,1
0.001751,0.998249,1
0.997583,0.002417,0
0.000042,0.999958,1
0.001569,0.998431,1
0.000019,0.999981,1
0.000998,0.999002,1
0.000839,0.999161,1
0.999833,0.000167,0
0.988689,0.011311,0
0.999202,0.000798,0
0.000169,0.999831,1
0.998841,0.001159,0
0.999594,0.000406,0
0.998389,0.001611,0
0.999583,0.000417,0
0.999756,0.000244,0
0.999978,0.000022,0
0.000837,0.999163,1
0.999854,0.000146,0
0.999849,0.000151,0
0.999700,0.000300,0
0.999887,0.000113,0
0.999779,0.000221,0
0.002716,0.997284,1
0.998806,0.001194,0
0.002014,0.997986,1
0.999723,0.000277,0
0.000051,0.999949,1
0.000962,0.999038,1
0.994587,0.005413,0
0.000164,0.999836,1
0.001103,0.998897,1
0.999594,0.000406,0
0.999183,0.000817,0
0.000416,0.999584,1
0.999016,0.000984,0
0.999576,0.000424,0
0.000115,0.999885,1
0.003143,0.996857,1
0.994967,0.005033,0
0.000193,0.999807,1
0.000001,0.999999,1
0.000009,0.999991,1
0.000444,0.999556,1
0.002798,0.997202,1
0.999297,0.000703,0
0.002417,0.997583,1
0.996494,0.003506,0
0.999337,0.000663,0
0.999306,0.000694,0
0.999088,0.000912,0
0.999550,0.000450,0
0.999204,0.000796,0
0.997321,0.002679,0
0.999218,0.000782,0
0.000011,0.999989,1
0.001853,0.998147,1
0.998452,0.001548,0
0.000406,0.999594,1
0.000352,0.999648,1
0.999577,0.000423,0
0.004365,0.995635,1
0.999764,0.000236,0
0.999406,0.000594,0
0.999706,0.000294,0
0.999506,0.000494,0
0.215461,0.784539,1
0.000799,0.999201,1
0.999738,0.000262,0
0.004018,0.995982,1
0.994746,0.005254,0
0.013338,0.986662,1
0.997231,0.002769,0
0.000334,0.999666,1
0.001961,0.998039,1
0.000050,0.999950,1
0.000017,0.999983,1
0.999127,0.000873,0
0.003271,0.996729,1
0.998927,0.001073,0
0.002007,0.997993,1
0.001890,0.998110,1
0.000073,0.999927,1
0.999713,0.000287,0
0.001211,0.998789,1
0.000040,0.999960,1
0.000490,0.999510,1
0.999897,0.000103,0
0.999823,0.000177,0
0.999827,0.000173,0
0.000017,0.999983,1
0.000376,0.999624,1
0.996352,0.003648,0
0.000175,0.999825,1
0.000481,0.999519,1
0.998324,0.001676,0
0.000194,0.999806,1
0.000071,0.999929,1
0.001463,0.998537,1
0.985382,0.014618,0
0.998864,0.001136,0
0.999422,0.000578,0
0.999856,0.000144,0
0.000865,0.999135,1
0.000180,0.999820,1
0.999861,0.000139,0
0.000019,0.999981,1
0.999803,0.000197,0
0.999959,0.000041,0
0.000024,0.999976,1
0.004468,0.995532,1
0.000052,0.999948,1
0.001125,0.998875,1
0.000058,0.999942,1
0.000006,0.999994,1
0.999663,0.000337,0
0.000225,0.999775,1
0.000078,0.999922,1
0.000258,0.999742,1
0.999649,0.000351,0
0.000003,0.999997,1
0.996216,0.003784,0
0.000353,0.999647,1
0.000650,0.999350,1
0.999477,0.000523,0
0.000194,0.999806,1
0.999653,0.000347,0
0.001890,0.998110,1
0.000041,0.999959,1
0.998927,0.001073,0
0.999353,0.000647,0
0.999927,0.000073,0
0.999432,0.000568,0
0.999285,0.000715,0
0.001488,0.998512,1
0.029098,0.970902,1
0.999118,0.000882,0
0.000005,0.999995,1
0.000185,0.999815,1
0.000040,0.999960,1
0.001235,0.998765,1
0.999624,0.000376,0
0.000356,0.999644,1
0.999805,0.000195,0
0.000532,0.999468,1
0.997662,0.002338,0
0.000268,0.999732,1
0.004126,0.995874,1
0.000020,0.999980,1
0.999906,0.000094,0
0.000135,0.999865,1
0.999287,0.000713,0
0.000064,0.999936,1
0.000003,0.999997,1
0.998962,0.001038,0
0.998778,0.001222,0
0.000296,0.999704,1
0.997551,0.002449,0
0.000552,0.999448,1
0.999839,0.000161,0
0.999656,0.000344,0
0.999607,0.000393,0
0.999721,0.000279,0
0.000003,0.999997,1
0.004838,0.995162,1
0.000058,0.999942,1
0.000302,0.999698,1
0.000485,0.999515,1
0.997543,0.002457,0
0.000559,0.999441,1
0.000398,0.999602,1
0.999626,0.000374,0
0.000652,0.999348,1
0.002601,0.997399,1
0.999654,0.000346,0
0.999980,0.000020,0
0.000732,0.999268,1
0.000995,0.999005,1
0.000162,0.999838,1
0.000184,0.999816,1
0.000735,0.999265,1
0.001449,0.998551,1
0.002020,0.997980,1
0.999404,0.000596,0
0.998394,0.001606,0
0.000009,0.999991,1
0.998627,0.001373,0
0.000346,0.999654,1
0.001503,0.998497,1
0.000279,0.999721,1
0.999901,0.000099,0
0.999937,0.000063,0
0.998658,0.001342,0
0.000070,0.999930,1
0.999910,0.000090,0
0.000258,0.999742,1
0.000352,0.999648,1
0.000338,0.999662,1
0.000051,0.999949,1
0.000728,0.999272,1
0.999533,0.000467,0
0.999009,0.000991,0
0.000036,0.999964,1
0.000089,0.999911,1
0.000190,0.999810,1
0.000156,0.999844,1
0.997089,0.002911,0
0.000003,0.999997,1
0.999514,0.000486,0
0.007949,0.992051,1
0.999230,0.000770,0
0.999539,0.000461,0
0.999744,0.000256,0
0.000654,0.999346,1
0.000515,0.999485,1
0.997761,0.002239,0
0.000023,0.999977,1
0.999656,0.000344,0
0.000093,0.999907,1
0.003010,0.996990,1
0.999733,0.000267,0
0.999572,0.000428,0
0.999506,0.000494,0
0.002826,0.997174,1
0.999861,0.000139,0
0.000313,0.999687,1
0.998806,0.001194,0
0.998518,0.001482,0
0.999082,0.000918,0
0.000423,0.999577,1
0.999121,0.000879,0
0.999825,0.000175,0
0.984695,0.015305,0
0.001757,0.998243,1
0.997591,0.002409,0
0.000039,0.999961,1
0.000006,0.999994,1
0.995212,0.004788,0
0.999924,0.000076,0
0.007540,0.992460,1
0.000108,0.999892,1
0.001835,0.998165,1
0.999768,0.000232,0
0.000001,0.999999,1
0.001564,0.998436,1
0.998786,0.001214,0
0.002217,0.997783,1
0.999392,0.000608,0
0.999723,0.000277,0
0.999932,0.000068,0
0.999795,0.000205,0
0.999048,0.000952,0
0.999357,0.000643,0
0.000536,0.999464,1
0.998585,0.001415,0
0.998849,0.001151,0
0.002075,0.997925,1
0.997050,0.002950,0
0.999135,0.000865,0
0.001922,0.998078,1
0.003238,0.996762,1
0.000014,0.999986,1
0.000002,0.999998,1
0.003174,0.996826,1
0.998724,0.001276,0
0.000181,0.999819,1
0.975821,0.024179,0
0.002145,0.997855,1
0.000995,0.999005,1
0.998220,0.001780,0
0.999859,0.000141,0
0.999465,0.000535,0
0.999002,0.000998,0
0.995930,0.004070,0
0.999924,0.000076,0
0.000091,0.999909,1
0.999306,0.000694,0
0.009253,0.990747,1
0.000015,0.999985,1
0.999461,0.000539,0
0.999536,0.000464,0
0.000277,0.999723,1
0.999496,0.000504,0
0.000053,0.999947,1
0.001081,0.998919,1
0.000616,0.999384,1
0.999045,0.000955,0
0.998810,0.001190,0
0.000368,0.999632,1
0.996412,0.003588,0
0.999860,0.000140,0
0.000897,0.999103,1
0.025895,0.974105,1
0.002507,0.997493,1
0.999233,0.000767,0
0.002601,0.997399,1
0.001458,0.998542,1
0.000130,0.999870,1
0.999789,0.000211,0
0.000027,0.999973,1
0.005034,0.994966,1
0.995275,0.004725,0
0.000647,0.999353,1
0.000000,1.000000,1
0.999695,0.000305,0
0.000350,0.999650,1
0.000115,0.999885,1
0.000380,0.999620,1
0.001444,0.998556,1
0.000313,0.999687,1
0.998934,0.001066,0
0.000071,0.999929,1
0.002575,0.997425,1
0.999465,0.000535,0
0.998249,0.001751,0
0.000550,0.999450,1
0.000277,0.999723,1
0.000120,0.999880,1
0.000511,0.999489,1
0.999516,0.000484,0
0.999754,0.000246,0
0.003000,0.997000,1
0.000090,0.999910,1
0.998566,0.001434,0
0.000772,0.999228,1
0.000240,0.999760,1
0.999885,0.000115,0
0.000735,0.999265,1
0.999313,0.000687,0
0.999577,0.000423,0
0.001590,0.998410,1
0.000081,0.999919,1
0.000715,0.999285,1
0.000002,0.999998,1
0.999290,0.000710,0
0.000272,0.999728,1
0.999968,0.000032,0
0.990658,0.009342,0
0.998883,0.001117,0
0.000350,0.999650,1
0.002499,0.997501,1
0.998749,0.001251,0
0.999465,0.000535,0
0.000010,0.999990,1
0.002354,0.997646,1
0.998547,0.001453,0
0.001152,0.998848,1
0.999320,0.000680,0
0.999847,0.000153,0
0.000126,0.999874,1
0.008189,0.991811,1
0.000092,0.999908,1
0.998594,0.001406,0
0.000247,0.999753,1
0.997623,0.002377,0
0.999619,0.000381,0
0.998937,0.001063,0
0.000346,0.999654,1
0.027097,0.972903,1
0.000303,0.999697,1
0.000014,0.999986,1
0.000427,0.999573,1
0.000157,0.999843,1
0.999109,0.000891,0
0.999956,0.000044,0
0.000596,0.999404,1
0.999763,0.000237,0
0.000017,0.999983,1
0.000859,0.999141,1
0.000181,0.999819,1
0.000352,0.999648,1
0.000030,0.999970,1
0.999920,0.000080,0
0.000071,0.999929,1
0.000159,0.999841,1
0.000297,0.999703,1
0.000072,0.999928,1
0.002110,0.997890,1
0.000725,0.999275,1
0.000047,0.999953,1
0.000928,0.999072,1
0.000178,0.999822,1
0.001974,0.998026,1
0.993800,0.006200,0
0.000186,0.999814,1
0.000181,0.999819,1
0.999601,0.000399,0
0.999933,0.000067,0
0.998457,0.001543,0
0.999892,0.000108,0
0.000940,0.999060,1
0.999874,0.000126,0
0.000004,0.999996,1
0.999803,0.000197,0
0.999927,0.000073,0
0.999550,0.000450,0
0.999586,0.000414,0
0.997128,0.002872,0
0.000413,0.999587,1
0.000582,0.999418,1
0.000928,0.999072,1
0.000001,0.999999,1
0.000216,0.999784,1
0.000419,0.999581,1
0.998066,0.001934,0
0.000260,0.999740,1
0.998849,0.001151,0
0.996879,0.003121,0
0.997118,0.002882,0
0.000162,0.999838,1
0.999746,0.000254,0
0.999848,0.000152,0
0.000003,0.999997,1
0.983924,0.016076,0
0.999688,0.000312,0
0.998979,0.001021,0
0.000672,0.999328,1
0.998698,0.001302,0
0.000011,0.999989,1
0.000940,0.999060,1
0.999792,0.000208,0
0.998400,0.001600,0
0.000728,0.999272,1
0.000900,0.999100,1
0.999538,0.000462,0
0.999392,0.000608,0
0.999704,0.000296,0
0.000678,0.999322,1
0.999875,0.000125,0
0.000097,0.999903,1
0.000138,0.999862,1
0.004453,0.995547,1
0.999278,0.000722,0
0.000452,0.999548,1
0.968056,0.031944,0
0.001523,0.998477,1
0.987880,0.012120,0
0.999601,0.000399,0
0.999760,0.000240,0
0.042244,0.957756,1
0.000641,0.999359,1
0.000064,0.999936,1
0.000443,0.999557,1
0.999667,0.000333,0
0.000003,0.999997,1
0.000392,0.999608,1
0.999497,0.000503,0
0.998585,0.001415,0
0.002203,0.997797,1
0.998478,0.001522,0
0.000163,0.999837,1
0.999887,0.000113,0
0.000133,0.999867,1
0.001916,0.998084,1
0.996981,0.003019,0
0.999009,0.000991,0
0.000456,0.999544,1
0.999340,0.000660,0
0.000228,0.999772,1
0.000357,0.999643,1
0.998483,0.001517,0
0.000032,0.999968,1
0.000017,0.999983,1
0.993654,0.006346,0
0.000148,0.999852,1
0.997276,0.002724,0
0.999807,0.000193,0
0.995548,0.004452,0
0.000151,0.999849,1
0.000791,0.999209,1
0.000209,0.999791,1
0.999657,0.000343,0
0.002707,0.997293,1
0.000107,0.999893,1
0.000584,0.999416,1
0.001159,0.998841,1
0.995607,0.004393,0
0.995636,0.004364,0
0.000253,0.999747,1
0.998941,0.001059,0
0.999827,0.000173,0
0.000506,0.999494,1
0.001015,0.998985,1
0.001342,0.998658,1
0.002970,0.997030,1
0.000039,0.999961,1
0.001401,0.998599,1
0.000057,0.999943,1
0.007441,0.992559,1
0.999919,0.000081,0
0.999412,0.000588,0
0.001347,0.998653,1
0.001463,0.998537,1
0.000054,0.999946,1
0.000137,0.999863,1
0.002442,0.997558,1
0.002210,0.997790,1
0.999538,0.000462,0
0.000420,0.999580,1
0.000076,0.999924,1
0.000676,0.999324,1
0.999907,0.000093,0
0.000010,0.999990,1
0.999891,0.000109,0
0.001903,0.998097,1
0.001434,0.998566,1
0.999772,0.000228,0
0.999843,0.000157,0
0.001397,0.998603,1
0.010250,0.989750,1
0.997276,0.002724,0
0.000643,0.999357,1
0.999798,0.000202,0
0.999677,0.000323,0
0.999297,0.000703,0
0.000110,0.999890,1
0.000791,0.999209,1
0.000704,0.999296,1
0.000054,0.999946,1
0.994080,0.005920,0
0.995459,0.004541,0
0.000004,0.999996,1
0.999688,0.000312,0
0.000006,0.999994,1
0.001175,0.998825,1
0.998975,0.001025,0
0.000440,0.999560,1
0.999094,0.000906,0
0.000189,0.999811,1
0.998741,0.001259,0
0.001063,0.998937,1
0.004365,0.995635,1
0.000676,0.999324,1
0.000576,0.999424,1
0.001191,0.998809,1
0.983224,0.016776,0
0.000906,0.999094,1
0.000030,0.999970,1
0.008577,0.991423,1
0.000006,0.999994,1
0.997591,0.002409,0
0.000102,0.999898,1
0.000125,0.999875,1
0.000376,0.999624,1
0.000162,0.999838,1
0.000003,0.999997,1
0.000039,0.999961,1
0.994254,0.005746,0
0.000002,0.999998,1
0.002386,0.997614,1
0.000315,0.999685,1
0.999866,0.000134,0
0.000381,0.999619,1
0.000067,0.999933,1
0.001060,0.998940,1
0.000109,0.999891,1
0.001074,0.998926,1
0.000029,0.999971,1
0.999682,0.000318,0
0.999848,0.000152,0
0.998473,0.001527,0
0.001980,0.998020,1
0.999895,0.000105,0
0.000351,0.999649,1
0.998753,0.001247,0
0.999076,0.000924,0
0.002442,0.997558,1
0.000002,0.999998,1
0.996529,0.003471,0
0.000091,0.999909,1
0.001569,0.998431,1
0.999376,0.000624,0
0.998498,0.001502,0
0.000431,0.999569,1
0.999562,0.000438,0
0.999183,0.000817,0
0.000681,0.999319,1
0.000117,0.999883,1
0.000257,0.999743,1
0.999315,0.000685,0
0.000013,0.999987,1
0.000442,0.999558,1
0.999522,0.000478,0
0.000095,0.999905,1
0.000100,0.999900,1
0.000063,0.999937,1
0.000618,0.999382,1
0.000054,0.999946,1
0.998845,0.001155,0
0.999916,0.000084,0
0.001171,0.998829,1
0.999390,0.000610,0
0.999620,0.000380,0
0.995862,0.004138,0
0.999960,0.000040,0
0.998868,0.001132,0
0.000511,0.999489,1
0.999236,0.000764,0
0.999541,0.000459,0
0.998135,0.001865,0
0.001822,0.998178,1
0.000428,0.999572,1
0.999619,0.000381,0
0.999215,0.000785,0
0.999572,0.000428,0
0.999870,0.000130,0
0.000925,0.999075,1
0.000750,0.999250,1
0.000900,0.999100,1
0.000038,0.999962,1
0.001347,0.998653,1
0.000186,0.999814,1
0.999583,0.000417,0
0.998654,0.001346,0
0.000839,0.999161,1
0.999931,0.000069,0
0.002362,0.997638,1
0.999132,0.000868,0
0.000157,0.999843,1
0.999882,0.000118,0
0.000059,0.999941,1
0.002054,0.997946,1
0.999944,0.000056,0
0.000978,0.999022,1
0.000174,0.999826,1
0.999414,0.000586,0
0.999750,0.000250,0
0.999109,0.000891,0
0.000004,0.999996,1
0.999556,0.000444,0
0.001948,0.998052,1
0.001046,0.998954,1
0.006061,0.993939,1
0.002854,0.997146,1
0.000762,0.999238,1
0.000027,0.999973,1
0.000321,0.999679,1
0.000009,0.999991,1
0.001628,0.998372,1
0.001311,0.998689,1
0.000155,0.999845,1
0.999958,0.000042,0
0.999673,0.000327,0
0.000358,0.999642,1
0.001378,0.998622,1
0.993015,0.006985,0
0.999718,0.000282,0
0.001638,0.998362,1
0.002323,0.997677,1
0.003112,0.996888,1
0.001211,0.998789,1
0.000460,0.999540,1
0.998958,0.001042,0
0.002020,0.997980,1
0.996816,0.003184,0
0.999836,0.000164,0
0.001928,0.998072,1
0.999335,0.000665,0
0.996388,0.003612,0
0.000170,0.999830,1
0.999680,0.000320,0
0.998979,0.001021,0
0.998944,0.001056,0
0.999921,0.000079,0
0.000354,0.999646,1
0.001606,0.998394,1
0.000253,0.999747,1
0.019128,0.980872,1
0.001757,0.998243,1
0.000091,0.999909,1
0.999866,0.000134,0
0.000271,0.999729,1
0.000211,0.999789,1
0.000421,0.999579,1
0.998875,0.001125,0
0.002103,0.997897,1
0.003495,0.996505,1
0.999194,0.000806,0
0.999357,0.000643,0
0.999218,0.000782,0
0.000020,0.999980,1
0.001121,0.998879,1
0.996471,0.003529,0
0.000246,0.999754,1
0.000010,0.999990,1
0.001574,0.998426,1
0.998312,0.001688,0
0.995212,0.004788,0
0.999917,0.000083,0
0.996166,0.003834,0
0.000087,0.999913,1
0.000386,0.999614,1
0.000008,0.999992,1
0.000045,0.999955,1
0.003613,0.996387,1
0.999673,0.000327,0
0.000723,0.999277,1
0.999496,0.000504,0
0.001444,0.998556,1
0.000620,0.999380,1
0.997303,0.002697,0
0.006121,0.993879,1
0.000021,0.999979,1
0.000180,0.999820,1
0.999412,0.000588,0
0.001700,0.998300,1
0.998373,0.001627,0
0.999109,0.000891,0
0.997374,0.002626,0
0.000416,0.999584,1
0.999654,0.000346,0
0.998826,0.001174,0
0.000283,0.999717,1
0.000854,0.999146,1
0.999788,0.000212,0
0.001035,0.998965,1
0.001865,0.998135,1
0.000436,0.999564,1
0.000229,0.999771,1
0.999029,0.000971,0
0.999798,0.000202,0
0.000005,0.999995,1
0.994533,0.005467,0
0.000909,0.999091,1
0.000029,0.999971,1
0.999891,0.000109,0
0.001454,0.998546,1
0.001215,0.998785,1
0.999926,0.000074,0
0.000282,0.999718,1
0.000002,0.999998,1
0.999891,0.000109,0
0.991398,0.008602,0
0.999901,0.000099,0
0.000900,0.999100,1
0.999175,0.000825,0
0.999890,0.000110,0
0.999060,0.000940,0
0.999363,0.000637,0
0.000279,0.999721,1
0.999689,0.000311,0
0.000251,0.999749,1
0.000125,0.999875,1
0.000624,0.999376,1
0.002458,0.997542,1
0.991511,0.008489,0
0.000005,0.999995,1
0.000060,0.999940,1
0.000145,0.999855,1
0.002601,0.997399,1
0.000807,0.999193,1
0.000481,0.999519,1
0.000004,0.999996,1
0.000059,0.999941,1
0.994216,0.005784,0
0.997870,0.002130,0
0.000128,0.999872,1
0.001473,0.998527,1
0.000002,0.999998,1
0.999566,0.000434,0
0.002181,0.997819,1
0.999158,0.000842,0
0.001199,0.998801,1
0.999823,0.000177,0
0.998508,0.001492,0
0.906253,0.093747,0
0.000728,0.999272,1
0.999976,0.000024,0
0.000005,0.999995,1
0.000012,0.999988,1
0.999273,0.000727,0
0.000064,0.999936,1
0.002362,0.997638,1
0.999094,0.000906,0
0.000460,0.999540,1
0.001853,0.998147,1
0.996687,0.003313,0
0.000107,0.999893,1
0.001595,0.998405,1
0.000854,0.999146,1
0.999666,0.000334,0
0.001247,0.998753,1
0.005729,0.994271,1
0.001711,0.998289,1
0.999628,0.000372,0
0.000988,0.999012,1
0.999723,0.000277,0
0.000050,0.999950,1
0.000029,0.999971,1
0.002627,0.997373,1
0.000198,0.999802,1
0.957365,0.042635,0
0.002034,0.997966,1
0.000728,0.999272,1
0.000831,0.999169,1
0.999855,0.000145,0
0.000036,0.999964,1
0.998214,0.001786,0
0.000045,0.999955,1
0.999514,0.000486,0
0.996920,0.003080,0
0.000197,0.999803,1
0.000592,0.999408,1
0.000815,0.999185,1
0.995578,0.004422,0
0.000001,0.999999,1
0.000350,0.999650,1
0.999594,0.000406,0
0.999106,0.000894,0
0.999984,0.000016,0
0.001655,0.998345,1
0.000453,0.999547,1
0.000336,0.999664,1
0.000173,0.999827,1
0.999048,0.000952,0
0.000683,0.999317,1
0.998658,0.001342,0
0.999337,0.000663,0
0.000023,0.999977,1
0.000023,0.999977,1
0.997011,0.002989,0
0.804701,0.195299,0
0.000309,0.999691,1
0.999580,0.000420,0
0.000079,0.999921,1
0.000214,0.999786,1
0.999993,0.000007,0
0.999670,0.000330,0
0.999773,0.000227,0
0.000009,0.999991,1
0.005379,0.994621,1
0.000066,0.999934,1
0.000216,0.999784,1
0.994041,0.005959,0
0.000069,0.999931,1
0.999896,0.000104,0
0.989376,0.010624,0
0.000452,0.999548,1
0.999135,0.000865,0
0.003723,0.996277,1
0.000742,0.999258,1
0.000095,0.999905,1
0.999880,0.000120,0
0.000010,0.999990,1
0.000097,0.999903,1
0.997827,0.002173,0
0.000011,0.999989,1
0.000103,0.999897,1
0.998948,0.001052,0
0.999785,0.000215,0
0.000523,0.999477,1
0.000126,0.999874,1
0.000010,0.999990,1
0.999452,0.000548,0
0.999313,0.000687,0
0.000687,0.999313,1
0.998912,0.001088,0
0.999002,0.000998,0
0.000120,0.999880,1
0.998631,0.001369,0
0.999522,0.000478,0
0.002041,0.997959,1
0.000921,0.999079,1
0.000293,0.999707,1
0.999322,0.000678,0
0.000066,0.999934,1
0.994746,0.005254,0
0.000687,0.999313,1
0.000110,0.999890,1
0.000082,0.999918,1
0.000029,0.999971,1
0.000508,0.999492,1
0.000103,0.999897,1
0.000302,0.999698,1
0.999577,0.000423,0
0.999292,0.000708,0
0.999863,0.000137,0
0.000059,0.999941,1
0.999779,0.000221,0
0.999416,0.000584,0
0.000396,0.999604,1
0.996541,0.003459,0
0.998856,0.001144,0
0.004085,0.995915,1
0.000145,0.999855,1
0.000247,0.999753,1
0.000085,0.999915,1
0.008298,0.991702,1
0.999448,0.000552,0
0.997060,0.002940,0
0.000034,0.999966,1
0.989164,0.010836,0
0.000530,0.999470,1
0.999196,0.000804,0
0.000181,0.999819,1
0.999900,0.000100,0
0.999729,0.000271,0
0.998442,0.001558,0
0.000002,0.999998,1
0.999781,0.000219,0
0.027185,0.972815,1
0.000026,0.999974,1
0.001272,0.998728,1
0.999660,0.000340,0
0.998284,0.001716,0
0.994815,0.005185,0
0.000088,0.999912,1
0.001294,0.998706,1
0.000988,0.999012,1
0.000470,0.999530,1
0.000423,0.999577,1
0.995875,0.004125,0
0.994763,0.005237,0
0.996036,0.003964,0
0.000837,0.999163,1
0.000747,0.999253,1
0.999976,0.000024,0
0.000988,0.999012,1
0.000216,0.999784,1
0.000097,0.999903,1
0.000641,0.999359,1
0.999063,0.000937,0
0.044171,0.955829,1
0.000052,0.999948,1
0.997303,0.002697,0
0.995196,0.004804,0
0.999756,0.000244,0
0.997357,0.002643,0
0.000868,0.999132,1
0.000004,0.999996,1
0.999361,0.000639,0
0.994533,0.005467,0
0.999057,0.000943,0
0.000003,0.999997,1
0.999871,0.000129,0
0.002061,0.997939,1
0.000332,0.999668,1
0.998979,0.001021,0
0.999683,0.000317,0
0.998923,0.001077,0
0.999378,0.000622,0
0.004543,0.995457,1
0.999456,0.000544,0
0.000007,0.999993,1
0.999161,0.000839,0
0.999550,0.000450,0
0.000305,0.999695,1
0.000400,0.999600,1
0.002845,0.997155,1
0.999487,0.000513,0
0.000060,0.999940,1
0.998478,0.001522,0
0.000233,0.999767,1
0.996720,0.003280,0
0.001533,0.998467,1
0.000234,0.999766,1
0.999896,0.000104,0
0.000080,0.999920,1
0.000293,0.999707,1
0.000150,0.999850,1
0.999355,0.000645,0
0.000070,0.999930,1
0.000148,0.999852,1
0.000010,0.999990,1
0.996665,0.003335,0
0.000882,0.999118,1
0.001272,0.998728,1
0.001121,0.998879,1
0.994139,0.005861,0
0.998916,0.001084,0
0.998590,0.001410,0
0.996816,0.003184,0
0.000158,0.999842,1
0.000065,0.999935,1
0.000066,0.999934,1
0.999956,0.000044,0
0.999601,0.000399,0
0.998493,0.001507,0
0.002566,0.997434,1
0.995519,0.004481,0
0.000110,0.999890,1
0.000144,0.999856,1
0.003554,0.996446,1
0.000401,0.999599,1
0.000586,0.999414,1
0.998437,0.001563,0
0.996140,0.003860,0
0.000024,0.999976,1
0.002054,0.997946,1
0.999814,0.000186,0
0.000940,0.999060,1
0.003228,0.996772,1
0.999067,0.000933,0
0.995903,0.004097,0
0.008748,0.991252,1
0.999322,0.000678,0
0.001070,0.998930,1
0.999961,0.000039,0
0.000118,0.999882,1
0.999693,0.000307,0
0.998676,0.001324,0
0.999135,0.000865,0
0.001211,0.998789,1
0.000030,0.999970,1
0.999631,0.000369,0
0.000116,0.999884,1
0.002034,0.997966,1
0.999499,0.000501,0
0.997994,0.002006,0
0.000002,0.999998,1
0.000237,0.999763,1
0.001199,0.998801,1
0.000903,0.999097,1
0.999297,0.000703,0
0.000186,0.999814,1
0.999726,0.000274,0
0.000499,0.999501,1
0.999904,0.000096,0
0.999737,0.000263,0
0.000190,0.999810,1
0.999556,0.000444,0
0.000011,0.999989,1
0.000025,0.999975,1
0.000047,0.999953,1
0.000003,0.999997,1
0.999873,0.000127,0
0.000543,0.999457,1
0.999492,0.000508,0
0.002902,0.997098,1
0.000437,0.999563,1
0.999711,0.000289,0
0.001191,0.998809,1
0.999851,0.000149,0
0.000016,0.999984,1
0.998810,0.001190,0
0.000019,0.999981,1
0.000005,0.999995,1
0.999435,0.000565,0
0.997417,0.002583,0
0.000077,0.999923,1
0.993861,0.006139,0
0.999063,0.000937,0
0.001711,0.998289,1
0.002601,0.997399,1
0.000554,0.999446,1
0.000596,0.999404,1
0.000003,0.999997,1
0.999980,0.000020,0
0.000475,0.999525,1
0.997400,0.002600,0
0.005344,0.994656,1
0.000146,0.999854,1
0.003649,0.996351,1
0.000013,0.999987,1
0.999236,0.000764,0
0.985855,0.014145,0
0.998982,0.001018,0
0.002041,0.997959,1
0.000061,0.999939,1
0.999839,0.000161,0
0.999873,0.000127,0
0.000169,0.999831,1
0.999524,0.000476,0
0.000466,0.999534,1
0.000780,0.999220,1
0.000025,0.999975,1
0.999577,0.000423,0
0.992235,0.007765,0
0.998658,0.001342,0
0.002262,0.997738,1
0.001167,0.998833,1
0.000059,0.999941,1
0.010386,0.989614,1
0.999905,0.000095,0
0.000426,0.999574,1
0.000038,0.999962,1
0.011541,0.988459,1
0.000718,0.999282,1
0.001256,0.998744,1
0.000423,0.999577,1
0.001763,0.998237,1
0.001202,0.998798,1
0.000243,0.999757,1
0.999511,0.000489,0
0.999308,0.000692,0
0.000057,0.999943,1
0.997731,0.002269,0
0.999348,0.000652,0
0.999898,0.000102,0
0.999331,0.000669,0
0.000767,0.999233,1
0.000747,0.999253,1
0.999791,0.000209,0
0.000219,0.999781,1
0.000305,0.999695,1
0.000460,0.999540,1
0.999692,0.000308,0
0.999424,0.000576,0
0.000374,0.999626,1
0.999982,0.000018,0
0.000213,0.999787,1
0.000089,0.999911,1
0.001916,0.998084,1
0.993548,0.006452,0
0.999680,0.000320,0
0.999519,0.000481,0
0.999539,0.000461,0
0.998774,0.001226,0
0.999228,0.000772,0
0.000056,0.999944,1
0.000624,0.999376,1
0.999560,0.000440,0
0.999115,0.000885,0
0.022009,0.977991,1
0.015462,0.984538,1
0.999904,0.000096,0
0.002533,0.997467,1
0.000639,0.999361,1
0.999570,0.000430,0
0.000197,0.999803,1
0.999414,0.000586,0
0.997953,0.002047,0
0.000048,0.999952,1
0.999836,0.000164,0
0.000216,0.999784,1
0.999348,0.000652,0
0.999697,0.000303,0
0.999233,0.000767,0
0.999997,0.000003,0
0.999859,0.000141,0
0.998923,0.001077,0
0.002636,0.997364,1
0.000144,0.999856,1
0.999414,0.000586,0
0.999680,0.000320,0
0.000783,0.999217,1
0.001251,0.998749,1
0.997417,0.002583,0
0.997709,0.002291,0
0.998208,0.001792,0
0.000447,0.999553,1
0.995429,0.004571,0
0.001022,0.998978,1
0.999703,0.000297,0
0.999976,0.000024,0
0.010628,0.989372,1
0.999747,0.000253,0
0.999906,0.000094,0
0.003698,0.996302,1
0.000557,0.999443,1
0.999602,0.000398,0
0.000574,0.999426,1
0.000427,0.999573,1
0.000114,0.999886,1
0.001810,0.998190,1
0.000211,0.999789,1
0.998532,0.001468,0
0.999962,0.000038,0
0.000498,0.999502,1
0.999680,0.000320,0
0.998749,0.001251,0
0.999470,0.000530,0
0.998618,0.001382,0
0.000226,0.999774,1
0.001644,0.998356,1
0.999729,0.000271,0
0.999554,0.000446,0
0.000645,0.999355,1
0.999855,0.000145,0
0.000212,0.999788,1
0.000554,0.999446,1
0.003133,0.996867,1
0.000242,0.999758,1
0.000173,0.999827,1
0.999278,0.000722,0
0.000026,0.999974,1
0.999742,0.000258,0
0.000035,0.999965,1
0.000004,0.999996,1
0.001118,0.998882,1
0.000126,0.999874,1
0.003874,0.996126,1
0.000010,0.999990,1
0.000334,0.999666,1
0.000015,0.999985,1
0.988801,0.011199,0
0.000431,0.999569,1
0.000674,0.999326,1
0.997905,0.002095,0
0.000122,0.999878,1
0.000074,0.999926,1
0.000003,0.999997,1
0.999957,0.000043,0
0.998091,0.001909,0
0.998421,0.001579,0
0.001163,0.998837,1
0.000059,0.999941,1
0.000113,0.999887,1
0.000934,0.999066,1
0.000928,0.999072,1
0.006265,0.993735,1
0.991678,0.008322,0
0.999750,0.000250,0
0.001008,0.998992,1
0.999738,0.000262,0
0.998594,0.001406,0
0.000452,0.999548,1
0.003238,0.996762,1
0.000129,0.999871,1
0.999974,0.000026,0
0.999124,0.000876,0
0.002516,0.997484,1
0.998307,0.001693,0
0.000322,0.999678,1
0.000988,0.999012,1
0.000141,0.999859,1
0.002068,0.997932,1
0.001711,0.998289,1
0.004140,0.995860,1
0.001711,0.998289,1
0.987719,0.012281,0
0.998794,0.001206,0
0.014623,0.985377,1
0.000022,0.999978,1
0.999855,0.000145,0
0.000003,0.999997,1
0.999703,0.000297,0
0.000104,0.999896,1
0.999601,0.000399,0
0.000033,0.999967,1
0.000089,0.999911,1
0.996102,0.003898,0
0.000699,0.999301,1
0.999743,0.000257,0
0.000205,0.999795,1
0.000508,0.999492,1
0.000301,0.999699,1
0.999118,0.000882,0
0.000002,0.999998,1
0.030940,0.969060,1
0.000373,0.999627,1
0.000005,0.999995,1
0.999141,0.000859,0
0.999094,0.000906,0
0.998782,0.001218,0
0.001378,0.998622,1
0.998585,0.001415,0
0.000543,0.999457,1
0.000180,0.999820,1
0.001260,0.998740,1
0.001049,0.998951,1
0.000002,0.999998,1
0.991814,0.008186,0
0.000104,0.999896,1
0.999784,0.000216,0
0.001638,0.998362,1
0.001025,0.998975,1
0.000405,0.999595,1
0.000871,0.999129,1
0.998202,0.001798,0
0.999935,0.000065,0
0.000113,0.999887,1
0.000024,0.999976,1
0.000842,0.999158,1
0.999898,0.000102,0
0.996806,0.003194,0
0.999957,0.000043,0
0.002323,0.997677,1
0.000812,0.999188,1
0.000178,0.999822,1
0.996889,0.003111,0
0.000054,0.999946,1
0.999743,0.000257,0
0.004952,0.995048,1
0.000383,0.999617,1
0.000000,1.000000,1
0.004558,0.995442,1
0.999308,0.000692,0
0.001909,0.998091,1
0.000681,0.999319,1
0.998166,0.001834,0
0.000381,0.999619,1
0.997967,0.002033,0
0.999517,0.000483,0
0.000176,0.999824,1
0.995983,0.004017,0
0.012366,0.987634,1
0.967327,0.032673,0
0.927026,0.072974,0
0.000434,0.999566,1
0.999557,0.000443,0
0.000103,0.999897,1
0.000699,0.999301,1
0.000483,0.999517,1
0.999085,0.000915,0
0.999241,0.000759,0
0.000296,0.999704,1
0.000029,0.999971,1
0.998989,0.001011,0
0.997267,0.002733,0
0.000224,0.999776,1
0.999961,0.000039,0
0.994605,0.005395,0
0.000169,0.999831,1
0.000199,0.999801,1
0.000103,0.999897,1
0.000285,0.999715,1
0.999884,0.000116,0
0.000228,0.999772,1
0.000099,0.999901,1
0.999545,0.000455,0
0.001191,0.998809,1
0.000289,0.999711,1
0.000165,0.999835,1
0.026748,0.973252,1
0.000760,0.999240,1
0.998537,0.001463,0
0.995519,0.004481,0
0.000039,0.999961,1
0.999587,0.000413,0
0.000690,0.999310,1
0.999919,0.000081,0
0.000003,0.999997,1
0.000074,0.999926,1
0.001268,0.998732,1
0.032162,0.967838,1
0.999396,0.000604,0
0.000291,0.999709,1
0.001769,0.998231,1
0.000018,0.999982,1
0.002041,0.997959,1
0.000063,0.999937,1
0.999306,0.000694,0
0.022738,0.977262,1
0.999678,0.000322,0
0.000110,0.999890,1
0.974531,0.025469,0
0.002575,0.997425,1
0.000326,0.999674,1
0.000437,0.999563,1
0.001574,0.998426,1
0.999204,0.000796,0
0.986131,0.013869,0
0.995001,0.004999,0
0.000602,0.999398,1
0.999560,0.000440,0
0.995957,0.004043,0
0.997021,0.002979,0
0.000002,0.999998,1
0.006203,0.993797,1
0.000921,0.999079,1
0.999756,0.000244,0
0.000004,0.999996,1
0.997258,0.002742,0
0.001342,0.998658,1
0.000101,0.999899,1
0.998410,0.001590,0
0.999738,0.000262,0
0.000034,0.999966,1
0.999952,0.000048,0
0.999796,0.000204,0
0.992804,0.007196,0
0.000126,0.999874,1
0.000045,0.999955,1
0.000057,0.999943,1
0.002698,0.997302,1
0.000084,0.999916,1
0.999766,0.000234,0
0.999196,0.000804,0
0.999382,0.000618,0
0.998728,0.001272,0
0.000571,0.999429,1
0.999041,0.000959,0
0.000011,0.999989,1
0.000013,0.999987,1
0.001916,0.998084,1
0.000937,0.999063,1
0.000069,0.999931,1
0.001798,0.998202,1
0.989888,0.010112,0
0.998373,0.001627,0
0.000302,0.999698,1
0.999767,0.000233,0
0.999315,0.000685,0
0.000222,0.999778,1
0.001011,0.998989,1
0.000614,0.999386,1
0.000186,0.999814,1
0.999969,0.000031,0
0.000658,0.999342,1
0.999866,0.000134,0
0.001015,0.998985,1
0.999562,0.000438,0
0.998518,0.001482,0
0.000010,0.999990,1
0.999660,0.000340,0
0.006738,0.993262,1
0.002761,0.997239,1
0.001847,0.998153,1
0.000023,0.999977,1
0.000851,0.999149,1
0.000109,0.999891,1
0.000119,0.999881,1
0.998909,0.001091,0
0.999733,0.000267,0
0.000041,0.999959,1
0.001835,0.998165,1
0.000289,0.999711,1
0.000244,0.999756,1
0.001369,0.998631,1
0.999180,0.000820,0
0.002716,0.997284,1
0.999491,0.000509,0
0.999388,0.000612,0
0.999831,0.000169,0
0.999957,0.000043,0
0.000576,0.999424,1
0.999802,0.000198,0
0.998148,0.001852,0
0.999725,0.000275,0
0.000365,0.999635,1
0.999875,0.000125,0
0.002096,0.997904,1
0.998818,0.001182,0
0.999767,0.000233,0
0.005153,0.994847,1
0.999942,0.000058,0
0.997693,0.002307,0
0.999709,0.000291,0
0.998523,0.001477,0
0.000509,0.999491,1
0.000053,0.999947,1
0.000351,0.999649,1
0.000493,0.999507,1
0.999964,0.000036,0
0.999317,0.000683,0
0.000037,0.999963,1
0.000404,0.999596,1
0.001333,0.998667,1
0.999601,0.000399,0
0.000046,0.999954,1
0.000055,0.999945,1
0.000142,0.999858,1
0.000582,0.999418,1
0.000302,0.999698,1
0.018453,0.981547,1
0.000004,0.999996,1
0.999212,0.000788,0
0.000791,0.999209,1
0.002970,0.997030,1
0.998547,0.001453,0
0.998214,0.001786,0
0.000882,0.999118,1
0.997898,0.002102,0
0.999650,0.000350,0
0.999689,0.000311,0
0.000834,0.999166,1
0.000120,0.999880,1
0.002370,0.997630,1
0.000104,0.999896,1
0.000871,0.999129,1
0.999661,0.000339,0
0.001463,0.998537,1
0.964476,0.035524,0
0.000690,0.999310,1
0.000126,0.999874,1
0.000569,0.999431,1
0.000041,0.999959,1
0.000131,0.999869,1
0.000065,0.999935,1
0.000040,0.999960,1
0.001987,0.998013,1
0.000131,0.999869,1
0.000012,0.999988,1
0.997477,0.002523,0
0.999025,0.000975,0
0.000110,0.999890,1
0.000178,0.999822,1
0.000072,0.999928,1
0.000134,0.999866,1
0.999342,0.000658,0
0.999640,0.000360,0
0.999790,0.000210,0
0.999531,0.000469,0
0.000352,0.999648,1
0.000001,0.999999,1
0.006223,0.993777,1
0.000063,0.999937,1
0.997312,0.002688,0
0.009820,0.990180,1
0.000122,0.999878,1
0.999713,0.000287,0
0.999560,0.000440,0
0.000183,0.999817,1
0.000002,0.999998,1
0.998732,0.001268,0
0.000421,0.999579,1
0.999639,0.000361,0
0.000127,0.999873,1
0.001199,0.998801,1
0.000478,0.999522,1
0.999432,0.000568,0
0.999545,0.000455,0
0.000225,0.999775,1
0.001872,0.998128,1
0.998798,0.001202,0
0.000195,0.999805,1
0.000322,0.999678,1
0.002270,0.997730,1
0.000006,0.999994,1
0.011927,0.988073,1
0.999348,0.000652,0
0.006627,0.993373,1
0.998457,0.001543,0
0.999973,0.000027,0
0.000188,0.999812,1
0.995474,0.004526,0
0.999161,0.000839,0
0.001015,0.998985,1
0.000031,0.999969,1
0.000162,0.999838,1
0.999906,0.000094,0
0.998992,0.001008,0
0.003260,0.996740,1
0.988984,0.011016,0
0.995115,0.004885,0
0.000231,0.999769,1
0.998452,0.001548,0
0.998585,0.001415,0
0.004870,0.995130,1
0.000226,0.999774,1
0.998027,0.001973,0
0.999707,0.000293,0
0.002434,0.997566,1
0.999538,0.000462,0
0.999811,0.000189,0
0.012125,0.987875,1
0.999907,0.000093,0
0.005119,0.994881,1
0.998566,0.001434,0
0.001671,0.998329,1
0.998053,0.001947,0
0.000820,0.999180,1
0.001171,0.998829,1
0.000031,0.999969,1
0.999949,0.000051,0
0.001096,0.998904,1
0.999355,0.000645,0
0.997987,0.002013,0
0.000363,0.999637,1
0.999470,0.000530,0
0.999816,0.000184,0
0.000730,0.999270,1
0.997919,0.002081,0
0.979919,0.020081,0
0.999497,0.000503,0
0.000704,0.999296,1
0.998955,0.001045,0
0.000002,0.999998,1
0.999557,0.000443,0
0.999907,0.000093,0
0.000113,0.999887,1
0.999906,0.000094,0
0.000134,0.999866,1
0.000041,0.999959,1
0.999294,0.000706,0
0.000343,0.999657,1
0.998672,0.001328,0
0.000158,0.999842,1
0.999009,0.000991,0
0.999784,0.000216,0
0.998761,0.001239,0
0.000068,0.999932,1
0.000949,0.999051,1
0.000189,0.999811,1
0.999807,0.000193,0
0.001298,0.998702,1
0.000842,0.999158,1
0.000925,0.999075,1
0.999542,0.000458,0
0.001227,0.998773,1
0.000069,0.999931,1
0.998996,0.001004,0
0.002592,0.997408,1
0.012780,0.987220,1
0.999725,0.000275,0
0.999710,0.000290,0
0.999304,0.000696,0
0.997974,0.002026,0
0.000056,0.999944,1
0.000292,0.999708,1
0.000319,0.999681,1
0.000160,0.999840,1
0.998590,0.001410,0
0.999849,0.000151,0
0.999649,0.000351,0
0.000015,0.999985,1
0.000044,0.999956,1
0.999664,0.000336,0
0.999368,0.000632,0
0.999639,0.000361,0
0.981734,0.018266,0
0.999439,0.000561,0
0.999997,0.000003,0
0.999663,0.000337,0
0.995099,0.004901,0
0.000287,0.999713,1
0.999798,0.000202,0
0.999883,0.000117,0
0.982495,0.017505,0
0.000169,0.999831,1
0.999923,0.000077,0
0.999304,0.000696,0
0.999466,0.000534,0
0.999048,0.000952,0
0.999935,0.000065,0
0.995806,0.004194,0
0.999605,0.000395,0
0.000082,0.999918,1
0.000345,0.999655,1
0.003282,0.996718,1
0.999847,0.000153,0
0.003810,0.996190,1
0.000011,0.999989,1
0.001333,0.998667,1
0.999929,0.000071,0
0.017627,0.982373,1
0.000931,0.999069,1
0.000998,0.999002,1
0.997080,0.002920,0
0.004619,0.995381,1
0.999278,0.000722,0
0.999477,0.000523,0
0.000054,0.999946,1
0.000217,0.999783,1
0.000245,0.999755,1
0.999852,0.000148,0
0.000016,0.999984,1
0.999827,0.000173,0
0.003836,0.996164,1
0.996412,0.003588,0
0.999926,0.000074,0
0.999412,0.000588,0
0.998806,0.001194,0
0.000110,0.999890,1
0.999947,0.000053,0
0.001202,0.998798,1
0.000123,0.999877,1
0.000219,0.999781,1
0.999744,0.000256,0
0.001215,0.998785,1
0.999124,0.000876,0
0.000104,0.999896,1
0.000006,0.999994,1
0.001622,0.998378,1
0.004543,0.995457,1
0.015666,0.984334,1
0.000009,0.999991,1
0.999355,0.000645,0
0.000255,0.999745,1
0.000052,0.999948,1
0.000010,0.999990,1
0.000157,0.999843,1
0.000496,0.999504,1
0.000202,0.999798,1
0.000119,0.999881,1
0.000209,0.999791,1
0.999960,0.000040,0
0.007057,0.992943,1
0.001548,0.998452,1
0.000363,0.999637,1
0.998561,0.001439,0
0.003153,0.996847,1
0.999996,0.000004,0
0.999528,0.000472,0
0.000108,0.999892,1
0.000055,0.999945,1
0.000708,0.999292,1
0.998335,0.001665,0
0.999841,0.000159,0
0.000189,0.999811,1
0.000134,0.999866,1
0.000189,0.999811,1
0.000039,0.999961,1
0.999097,0.000903,0
0.000900,0.999100,1
0.999925,0.000075,0
0.999724,0.000276,0
0.996241,0.003759,0
0.999412,0.000588,0
0.999665,0.000335,0
0.999287,0.000713,0
0.000120,0.999880,1
0.000243,0.999757,1
0.999275,0.000725,0
0.000477,0.999523,1
0.999952,0.000048,0
0.999396,0.000604,0
0.000117,0.999883,1
0.000015,0.999985,1
0.000130,0.999870,1
0.998295,0.001705,0
0.000291,0.999709,1
0.999910,0.000090,0
0.000219,0.999781,1
0.000398,0.999602,1
0.999825,0.000175,0
0.000072,0.999928,1
0.000052,0.999948,1
0.000103,0.999897,1
0.000054,0.999946,1
0.003484,0.996516,1
0.998905,0.001095,0
0.999060,0.000940,0
0.999855,0.000145,0
0.002000,0.998000,1
0.996642,0.003358,0
0.999016,0.000984,0
0.001430,0.998570,1
0.000005,0.999995,1
0.998110,0.001890,0
0.000308,0.999692,1
0.999591,0.000409,0
0.997128,0.002872,0
0.998814,0.001186,0
0.999664,0.000336,0
0.998965,0.001035,0
0.999556,0.000444,0
0.000191,0.999809,1
0.983388,0.016612,0
0.999940,0.000060,0
0.000321,0.999679,1
0.000111,0.999889,1
0.998072,0.001928,0
0.999326,0.000674,0
0.999818,0.000182,0
0.000169,0.999831,1
0.001463,0.998537,1
0.999987,0.000013,0
0.997493,0.002507,0
0.998749,0.001251,0
0.999542,0.000458,0
0.000093,0.999907,1
0.999861,0.000139,0
0.998508,0.001492,0
0.001415,0.998585,1
0.000541,0.999459,1
0.002270,0.997730,1
0.000241,0.999759,1
0.998962,0.001038,0
0.000019,0.999981,1
0.000175,0.999825,1
0.005451,0.994549,1
0.999130,0.000870,0
0.000058,0.999942,1
0.012530,0.987470,1
0.001967,0.998033,1
0.001171,0.998829,1
0.000051,0.999949,1
0.999719,0.000281,0
0.000291,0.999709,1
0.999958,0.000042,0
0.999263,0.000737,0
0.999631,0.000369,0
0.000021,0.999979,1
0.999418,0.000582,0
0.998872,0.001128,0
0.002922,0.997078,1
0.000134,0.999866,1
0.001822,0.998178,1
0.999175,0.000825,0
0.000203,0.999797,1
0.999424,0.000576,0
0.993675,0.006325,0
0.000171,0.999829,1
0.999715,0.000285,0
0.999683,0.000317,0
0.999729,0.000271,0
0.000033,0.999967,1
0.000022,0.999978,1
0.000058,0.999942,1
0.999346,0.000654,0
0.999587,0.000413,0
0.000020,0.999980,1
0.999048,0.000952,0
0.999787,0.000213,0
0.000931,0.999069,1
0.999368,0.000632,0
0.999519,0.000481,0
0.999926,0.000074,0
0.000027,0.999973,1
0.002068,0.997932,1
0.002912,0.997088,1
0.993242,0.006758,0
0.000513,0.999487,1
0.999593,0.000407,0
0.000003,0.999997,1
0.001722,0.998278,1
0.000197,0.999803,1
0.000334,0.999666,1
0.999820,0.000180,0
0.000508,0.999492,1
0.000081,0.999919,1
0.000437,0.999563,1
0.001187,0.998813,1
0.998778,0.001222,0
0.999088,0.000912,0
0.000437,0.999563,1
0.000196,0.999804,1
0.006182,0.993818,1
0.999811,0.000189,0
0.999067,0.000933,0
0.999032,0.000968,0
0.000002,0.999998,1
0.002980,0.997020,1
0.000050,0.999950,1
0.003773,0.996227,1
0.000098,0.999902,1
0.000089,0.999911,1
0.000859,0.999141,1
0.000742,0.999258,1
0.000020,0.999980,1
0.999410,0.000590,0
0.999903,0.000097,0
0.004209,0.995791,1
0.999337,0.000663,0
0.001187,0.998813,1
0.999624,0.000376,0
0.999073,0.000927,0
0.005034,0.994966,1
0.000036,0.999964,1
0.000455,0.999545,1
0.000882,0.999118,1
0.999517,0.000483,0
0.001617,0.998383,1
0.985141,0.014859,0
0.999920,0.000080,0
0.999912,0.000088,0
0.999251,0.000749,0
0.005561,0.994439,1
0.003271,0.996729,1
0.995764,0.004236,0
0.000004,0.999996,1
0.999926,0.000074,0
0.000041,0.999959,1
0.000064,0.999936,1
0.997827,0.002173,0
0.999731,0.000269,0
0.001816,0.998184,1
0.000114,0.999886,1
0.002346,0.997654,1
0.999437,0.000563,0
0.000267,0.999733,1
0.999618,0.000382,0
0.000051,0.999949,1
0.000224,0.999776,1
0.001118,0.998882,1
0.998636,0.001364,0
0.999324,0.000676,0
0.000681,0.999319,1
0.014671,0.985329,1
0.000146,0.999854,1
0.998513,0.001487,0
0.000111,0.999889,1
0.997166,0.002834,0
0.999837,0.000163,0
0.000013,0.999987,1
0.999760,0.000240,0
0.000602,0.999398,1
0.002110,0.997890,1
0.998160,0.001840,0
0.962243,0.037757,0
0.997933,0.002067,0
0.987800,0.012200,0
0.999937,0.000063,0
0.001042,0.998958,1
0.000153,0.999847,1
0.000004,0.999996,1
0.999829,0.000171,0
0.001277,0.998723,1
0.999890,0.000110,0
0.998890,0.001110,0
0.000499,0.999501,1
0.000018,0.999982,1
0.999927,0.000073,0
0.000027,0.999973,1
0.998473,0.001527,0
0.999094,0.000906,0
0.000772,0.999228,1
0.999550,0.000450,0
0.994883,0.005117,0
0.000363,0.999637,1
0.001136,0.998864,1
0.000153,0.999847,1
0.999215,0.000785,0
0.000316,0.999684,1
0.000897,0.999103,1
0.000001,0.999999,1
0.998707,0.001293,0
0.002240,0.997760,1
0.998357,0.001643,0
0.999686,0.000314,0
0.006497,0.993503,1
0.000032,0.999968,1
0.999441,0.000559,0
0.999448,0.000552,0
0.999937,0.000063,0
0.999718,0.000282,0
0.000081,0.999919,1
0.000477,0.999523,1
0.998672,0.001328,0
0.999823,0.000177,0
0.999372,0.000628,0
0.001916,0.998084,1
0.000006,0.999994,1
0.996741,0.003259,0
0.000002,0.999998,1
0.000334,0.999666,1
0.000099,0.999901,1
0.999519,0.000481,0
0.996879,0.003121,0
0.000006,0.999994,1
0.999747,0.000253,0
0.999475,0.000525,0
0.000126,0.999874,1
0.998532,0.001468,0
0.000704,0.999296,1
0.999854,0.000146,0
0.997805,0.002195,0
0.999804,0.000196,0
0.998442,0.001558,0
0.000001,0.999999,1
0.998944,0.001056,0
0.000003,0.999997,1
0.999236,0.000764,0
0.000312,0.999688,1
0.000084,0.999916,1
0.999550,0.000450,0
0.000475,0.999525,1
0.000276,0.999724,1
0.999972,0.000028,0
0.001187,0.998813,1
0.000665,0.999335,1
0.000915,0.999085,1
0.999744,0.000256,0
0.000851,0.999149,1
0.000021,0.999979,1
0.999199,0.000801,0
0.005433,0.994567,1
0.999563,0.000437,0
0.997312,0.002688,0
0.000011,0.999989,1
0.003260,0.996740,1
0.000472,0.999528,1
0.000279,0.999721,1
0.999920,0.000080,0
0.001342,0.998658,1
0.000155,0.999845,1
0.001167,0.998833,1
0.998948,0.001052,0
0.000231,0.999769,1
0.999662,0.000338,0
0.999368,0.000632,0
0.998072,0.001928,0
0.999514,0.000486,0
0.999396,0.000604,0
0.000366,0.999634,1
0.999853,0.000147,0
0.999674,0.000326,0
0.000416,0.999584,1
0.000559,0.999441,1
0.999783,0.000217,0
0.000057,0.999943,1
0.001316,0.998684,1
0.001219,0.998781,1
0.002159,0.997841,1
0.999848,0.000152,0
0.000186,0.999814,1
0.000182,0.999818,1
0.002798,0.997202,1
0.998830,0.001170,0
0.000006,0.999994,1
0.003271,0.996729,1
0.999430,0.000570,0
0.997249,0.002751,0
0.000504,0.999496,1
0.001231,0.998769,1
0.001941,0.998059,1
0.001223,0.998777,1
0.000975,0.999025,1
0.000077,0.999923,1
0.999768,0.000232,0
0.002041,0.997959,1
0.994640,0.005360,0
0.002270,0.997730,1
0.000715,0.999285,1
0.001559,0.998441,1
0.999683,0.000317,0
0.000637,0.999363,1
0.000077,0.999923,1
0.991567,0.008433,0
0.998826,0.001174,0
0.998979,0.001021,0
0.000273,0.999727,1
0.007011,0.992989,1
0.988387,0.011613,0
0.999183,0.000817,0
0.995578,0.004422,0
0.000906,0.999094,1
0.999048,0.000952,0
0.998027,0.001973,0
0.998431,0.001569,0
0.000007,0.999993,1
0.002689,0.997311,1
0.991284,0.008716,0
0.000056,0.999944,1
0.000001,0.999999,1
0.004468,0.995532,1
0.001008,0.998992,1
0.000082,0.999918,1
0.998631,0.001369,0
0.000115,0.999885,1
0.999463,0.000537,0
0.000003,0.999997,1
0.999663,0.000337,0
0.000150,0.999850,1
0.001070,0.998930,1
0.998736,0.001264,0
0.999127,0.000873,0
0.000210,0.999790,1
0.999620,0.000380,0
0.000563,0.999437,1
0.999172,0.000828,0
0.999491,0.000509,0
0.000029,0.999971,1
0.000004,0.999996,1
0.995862,0.004138,0
0.002181,0.997819,1
0.008028,0.991972,1
0.000384,0.999616,1
0.999025,0.000975,0
0.000826,0.999174,1
0.001183,0.998817,1
0.000277,0.999723,1
0.000144,0.999856,1
0.999708,0.000292,0
0.004072,0.995928,1
0.002277,0.997723,1
0.000071,0.999929,1
0.000778,0.999222,1
0.002922,0.997078,1
0.000532,0.999468,1
0.000002,0.999998,1
0.998711,0.001289,0
0.000402,0.999598,1
0.999706,0.000294,0
0.999177,0.000823,0
0.999591,0.000409,0
0.000087,0.999913,1
0.007199,0.992801,1
0.001155,0.998845,1
0.998724,0.001276,0
0.000081,0.999919,1
0.999775,0.000225,0
0.000031,0.999969,1
0.000084,0.999916,1
0.000093,0.999907,1
0.000164,0.999836,1
0.998040,0.001960,0
0.000404,0.999596,1
0.999121,0.000879,0
0.000747,0.999253,1
0.000282,0.999718,1
0.000029,0.999971,1
0.000735,0.999265,1
0.998814,0.001186,0
0.997249,0.002751,0
0.000008,0.999992,1
0.001649,0.998351,1
0.999215,0.000785,0
0.000359,0.999641,1
0.999073,0.000927,0
0.000467,0.999533,1
0.000171,0.999829,1
0.998537,0.001463,0
0.994349,0.005651,0
0.994478,0.005522,0
0.984185,0.015815,0
0.001722,0.998278,1
0.000426,0.999574,1
0.000420,0.999580,1
0.999439,0.000561,0
0.000002,0.999998,1
0.997834,0.002166,0
0.004619,0.995381,1
0.000443,0.999557,1
0.000388,0.999612,1
0.000007,0.999993,1
0.000352,0.999648,1
0.999930,0.000070,0
0.999978,0.000022,0
0.999516,0.000484,0
0.004822,0.995178,1
0.999463,0.000537,0
0.000180,0.999820,1
0.000082,0.999918,1
0.999158,0.000842,0
0.999218,0.000782,0
0.998837,0.001163,0
0.999891,0.000109,0
0.000031,0.999969,1
0.000306,0.999694,1
0.999968,0.000032,0
0.996816,0.003184,0
0.999755,0.000245,0
0.999183,0.000817,0
0.999764,0.000236,0
0.000082,0.999918,1
0.999454,0.000546,0
0.000191,0.999809,1
0.999437,0.000563,0
0.999656,0.000344,0
0.003900,0.996100,1
0.000155,0.999845,1
0.999774,0.000226,0
0.023797,0.976203,1
0.003589,0.996411,1
0.999180,0.000820,0
0.999479,0.000521,0
0.000002,0.999998,1
0.999735,0.000265,0
0.000038,0.999962,1
0.001347,0.998653,1
0.000809,0.999191,1
0.000925,0.999075,1
0.000245,0.999755,1
0.000516,0.999484,1
0.998426,0.001574,0
0.996889,0.003111,0
0.000117,0.999883,1
0.000124,0.999876,1
0.006671,0.993329,1
0.999315,0.000685,0
0.000063,0.999937,1
0.000322,0.999678,1
0.999654,0.000346,0
0.998650,0.001350,0
0.996991,0.003009,0
0.998645,0.001355,0
0.999597,0.000403,0
0.000097,0.999903,1
0.999713,0.000287,0
0.000029,0.999971,1
0.999685,0.000315,0
0.999852,0.000148,0
0.999636,0.000364,0
0.999346,0.000654,0
0.999054,0.000946,0
0.000035,0.999965,1
0.996620,0.003380,0
0.999591,0.000409,0
0.000010,0.999990,1
0.999791,0.000209,0
0.000995,0.999005,1
0.002584,0.997416,1
0.996752,0.003248,0
0.992261,0.007739,0
0.002034,0.997966,1
0.002507,0.997493,1
0.998053,0.001947,0
0.995132,0.004868,0
0.997031,0.002969,0
0.999016,0.000984,0
0.000079,0.999921,1
0.002082,0.997918,1
0.997021,0.002979,0
0.999448,0.000552,0
0.000192,0.999808,1
0.986131,0.013869,0
0.999712,0.000288,0
0.999702,0.000298,0
0.999827,0.000173,0
0.000057,0.999943,1
0.001745,0.998255,1
0.999861,0.000139,0
0.009755,0.990245,1
0.998378,0.001622,0
0.000040,0.999960,1
0.013207,0.986793,1
0.000470,0.999530,1
0.002636,0.997364,1
0.999894,0.000106,0
0.999461,0.000539,0
0.999871,0.000129,0
0.997639,0.002361,0
0.999852,0.000148,0
0.000167,0.999833,1
0.999539,0.000461,0
0.998975,0.001025,0
0.001290,0.998710,1
0.000003,0.999997,1
0.994711,0.005289,0
0.999152,0.000848,0
0.001928,0.998072,1
0.000600,0.999400,1
0.996328,0.003672,0
0.997769,0.002231,0
0.000828,0.999172,1
0.000434,0.999566,1
0.000117,0.999883,1
0.999582,0.000418,0
0.999873,0.000127,0
0.000356,0.999644,1
0.001351,0.998649,1
0.001859,0.998141,1
0.999685,0.000315,0
0.000112,0.999888,1
0.000594,0.999406,1
0.001243,0.998757,1
0.999791,0.000209,0
0.000002,0.999998,1
0.995694,0.004306,0
0.991868,0.008132,0
0.001235,0.998765,1
0.000140,0.999860,1
0.999832,0.000168,0
0.999522,0.000478,0
0.998989,0.001011,0
0.998488,0.001512,0
0.000007,0.999993,1
0.997724,0.002276,0
0.002483,0.997517,1
0.996698,0.003302,0
0.000033,0.999967,1
0.000024,0.999976,1
0.000207,0.999793,1
0.001125,0.998875,1
0.998822,0.001178,0
0.999949,0.000051,0
0.999076,0.000924,0
0.997631,0.002369,0
0.000002,0.999998,1
0.000029,0.999971,1
0.000029,0.999971,1
0.000427,0.999573,1
0.000608,0.999392,1
0.999918,0.000082,0
0.000024,0.999976,1
0.997212,0.002788,0
0.997128,0.002872,0
0.999931,0.000069,0
0.000868,0.999132,1
0.998329,0.001671,0
0.000059,0.999941,1
0.999708,0.000292,0
0.995459,0.004541,0
0.003325,0.996675,1
0.000557,0.999443,1
0.003020,0.996980,1
0.000685,0.999315,1
0.000289,0.999711,1
0.999433,0.000567,0
0.999524,0.000476,0
0.998944,0.001056,0
0.000280,0.999720,1
0.999212,0.000788,0
0.000428,0.999572,1
0.000537,0.999463,1
0.998741,0.001259,0
0.999677,0.000323,0
0.000452,0.999548,1
0.000028,0.999972,1
0.999335,0.000665,0
0.000127,0.999873,1
0.999554,0.000446,0
0.999564,0.000436,0
0.003122,0.996878,1
0.999586,0.000414,0
0.000663,0.999337,1
0.000586,0.999414,1
0.999880,0.000120,0
0.000233,0.999767,1
0.999489,0.000511,0
0.001235,0.998765,1
0.001569,0.998431,1
0.999631,0.000369,0
0.999949,0.000051,0
0.999124,0.000876,0
0.999655,0.000345,0
0.000253,0.999747,1
0.000171,0.999829,1
0.992438,0.007562,0
0.026922,0.973078,1
0.002761,0.997239,1
0.000003,0.999997,1
0.998663,0.001337,0
0.986312,0.013688,0
0.000171,0.999829,1
0.001903,0.998097,1
0.002247,0.997753,1
0.998883,0.001117,0
0.000054,0.999946,1
0.000444,0.999556,1
0.000295,0.999705,1
0.999971,0.000029,0
0.999218,0.000782,0
0.997460,0.002540,0
0.999860,0.000140,0
0.000556,0.999444,1
0.996991,0.003009,0
0.002159,0.997841,1
0.000041,0.999959,1
0.998830,0.001170,0
0.999855,0.000145,0
0.998736,0.001264,0
0.000017,0.999983,1
0.000014,0.999986,1
0.999909,0.000091,0
0.998098,0.001902,0
0.999663,0.000337,0
0.000796,0.999204,1
0.001063,0.998937,1
0.000027,0.999973,1
0.000117,0.999883,1
0.998452,0.001548,0
0.000204,0.999796,1
0.000257,0.999743,1
0.999646,0.000354,0
0.991483,0.008517,0
0.999085,0.000915,0
0.000216,0.999784,1
0.999294,0.000706,0
0.001219,0.998781,1
0.001916,0.998084,1
0.994711,0.005289,0
0.999473,0.000527,0
0.998830,0.001170,0
0.001722,0.998278,1
0.998202,0.001798,0
0.000002,0.999998,1
0.000005,0.999995,1
0.000176,0.999824,1
0.999952,0.000048,0
0.000001,0.999999,1
0.000021,0.999979,1
0.006369,0.993631,1
0.000103,0.999897,1
0.000828,0.999172,1
0.999729,0.000271,0
0.999728,0.000272,0
0.003625,0.996375,1
0.999459,0.000541,0
0.000188,0.999812,1
0.999913,0.000087,0
0.997339,0.002661,0
0.999579,0.000421,0
0.000001,0.999999,1
0.000427,0.999573,1
0.000580,0.999420,1
0.999342,0.000658,0
0.999957,0.000043,0
0.000095,0.999905,1
0.999550,0.000450,0
0.999813,0.000187,0
0.998636,0.001364,0
0.998346,0.001654,0
0.999422,0.000578,0
0.993331,0.006669,0
0.000207,0.999793,1
0.978773,0.021227,0
0.998547,0.001453,0
0.000002,0.999998,1
0.000147,0.999853,1
0.000534,0.999466,1
0.000363,0.999637,1
0.000008,0.999992,1
0.999536,0.000464,0
0.999082,0.000918,0
0.000016,0.999984,1
0.999106,0.000894,0
0.000633,0.999367,1
0.995352,0.004648,0
0.998059,0.001941,0
0.998232,0.001768,0
0.002152,0.997848,1
0.000074,0.999926,1
0.000856,0.999144,1
0.999366,0.000634,0
0.999669,0.000331,0
0.999355,0.000645,0
0.001884,0.998116,1
0.000190,0.999810,1
0.000334,0.999666,1
0.998631,0.001369,0
0.999870,0.000130,0
0.999553,0.000447,0
0.000643,0.999357,1
0.001420,0.998580,1
0.000104,0.999896,1
0.000023,0.999977,1
0.563821,0.436179,0
0.000131,0.999869,1
0.000148,0.999852,1
0.000417,0.999583,1
0.999816,0.000184,0
0.002217,0.997783,1
0.000113,0.999887,1
0.000048,0.999952,1
0.999756,0.000244,0
0.999127,0.000873,0
0.990313,0.009687,0
0.997147,0.002853,0
0.001148,0.998852,1
0.001705,0.998295,1
0.000023,0.999977,1
0.990534,0.009466,0
0.998284,0.001716,0
0.997417,0.002583,0
0.000023,0.999977,1
0.999301,0.000699,0
0.999450,0.000550,0
0.999091,0.000909,0
0.038751,0.961249,1
0.000191,0.999809,1
0.999280,0.000720,0
0.001187,0.998813,1
0.001622,0.998378,1
0.998658,0.001342,0
0.999060,0.000940,0
0.000511,0.999489,1
0.000812,0.999188,1
0.999292,0.000708,0
0.002138,0.997862,1
0.000341,0.999659,1
0.000129,0.999871,1
0.999548,0.000452,0
0.999605,0.000395,0
0.007640,0.992360,1
0.002609,0.997391,1
0.999737,0.000263,0
0.005204,0.994796,1
0.997510,0.002490,0
0.002225,0.997775,1
0.001074,0.998926,1
0.001316,0.998684,1
0.999060,0.000940,0
0.999512,0.000488,0
0.997184,0.002816,0
0.999287,0.000713,0
0.001053,0.998947,1
0.000208,0.999792,1
0.999653,0.000347,0
0.000001,0.999999,1
0.000262,0.999738,1
0.998483,0.001517,0
0.000311,0.999689,1
0.000658,0.999342,1
0.001518,0.998482,1
0.999180,0.000820,0
0.999619,0.000381,0
0.002082,0.997918,1
0.998110,0.001890,0
0.999848,0.000152,0
0.995764,0.004236,0
0.998324,0.001676,0
0.998405,0.001595,0
0.999320,0.000680,0
0.000220,0.999780,1
0.001415,0.998585,1
0.001705,0.998295,1
0.997863,0.002137,0
0.999744,0.000256,0
0.069044,0.930956,1
0.995820,0.004180,0
0.000946,0.999054,1
0.000235,0.999765,1
0.999333,0.000667,0
0.000041,0.999959,1
0.999982,0.000018,0
0.998898,0.001102,0
0.000725,0.999275,1
0.001025,0.998975,1
0.998778,0.001222,0
0.000099,0.999901,1
0.000292,0.999708,1
0.000442,0.999558,1
0.999698,0.000302,0
0.001493,0.998507,1
0.999734,0.000266,0
0.999509,0.000491,0
0.000115,0.999885,1
0.999672,0.000328,0
0.998761,0.001239,0
0.999737,0.000263,0
0.983114,0.016886,0
0.000010,0.999990,1
0.999161,0.000839,0
0.001810,0.998190,1
0.998941,0.001059,0
0.000102,0.999898,1
0.999973,0.000027,0
0.000026,0.999974,1
0.000610,0.999390,1
0.998937,0.001063,0
0.997940,0.002060,0
0.000499,0.999501,1
0.000464,0.999536,1
0.999559,0.000441,0
0.999981,0.000019,0
0.000793,0.999207,1
0.999939,0.000061,0
0.998864,0.001136,0
0.000972,0.999028,1
0.000309,0.999691,1
0.000029,0.999971,1
0.999945,0.000055,0
0.000003,0.999997,1
0.000091,0.999909,1
0.999927,0.000073,0
0.001606,0.998394,1
0.000455,0.999545,1
0.000704,0.999296,1
0.000195,0.999805,1
0.000685,0.999315,1
0.996951,0.003049,0
0.999368,0.000632,0
0.987800,0.012200,0
0.001655,0.998345,1
0.999486,0.000514,0
0.000001,0.999999,1
0.999560,0.000440,0
0.002970,0.997030,1
0.001085,0.998915,1
0.998518,0.001482,0
0.999695,0.000305,0
0.000002,0.999998,1
0.999210,0.000790,0
0.999626,0.000374,0
0.000015,0.999985,1
0.000057,0.999943,1
0.000192,0.999808,1
0.999051,0.000949,0
0.993820,0.006180,0
0.000567,0.999433,1
0.998585,0.001415,0
0.995196,0.004804,0
0.999722,0.000278,0
0.999835,0.000165,0
0.997583,0.002417,0
0.998757,0.001243,0
0.000038,0.999962,1
0.999223,0.000777,0
0.998962,0.001038,0
0.001191,0.998809,1
0.999060,0.000940,0
0.999837,0.000163,0
0.000791,0.999209,1
0.000928,0.999072,1
0.999772,0.000228,0
0.001694,0.998306,1
0.000320,0.999680,1
0.002020,0.997980,1
0.999945,0.000055,0
0.999672,0.000328,0
0.010284,0.989716,1
0.999212,0.000788,0
0.000334,0.999666,1
0.999583,0.000417,0
0.000582,0.999418,1
0.999233,0.000767,0
0.999922,0.000078,0
0.999070,0.000930,0
0.000488,0.999512,1
0.000334,0.999666,1
0.002584,0.997416,1
0.999414,0.000586,0
0.997724,0.002276,0
0.000321,0.999679,1
0.000001,0.999999,1
0.002041,0.997959,1
0.000009,0.999991,1
0.000046,0.999954,1
0.999923,0.000077,0
0.000264,0.999736,1
0.000229,0.999771,1
0.999684,0.000316,0
0.999811,0.000189,0
0.999353,0.000647,0
0.001478,0.998522,1
0.000681,0.999319,1
0.997258,0.002742,0
0.002725,0.997275,1
0.999374,0.000626,0
0.993922,0.006078,0
0.000124,0.999876,1
0.998307,0.001693,0
0.001463,0.998537,1
0.994021,0.005979,0
0.000140,0.999860,1
0.000000,1.000000,1
0.998468,0.001532,0
0.000051,0.999949,1
0.000539,0.999461,1
0.998384,0.001616,0
0.998000,0.002000,0
0.000084,0.999916,1
0.997011,0.002989,0
0.000903,0.999097,1
0.999896,0.000104,0
0.000182,0.999818,1
0.000493,0.999507,1
0.000261,0.999739,1
0.996140,0.003860,0
0.001163,0.998837,1
0.997974,0.002026,0
0.999563,0.000437,0
0.996709,0.003291,0
0.999656,0.000344,0
0.000015,0.999985,1
0.000103,0.999897,1
0.999308,0.000692,0
0.999588,0.000412,0
0.999880,0.000120,0
0.000985,0.999015,1
0.008464,0.991536,1
0.000152,0.999848,1
0.001264,0.998736,1
0.000013,0.999987,1
0.000697,0.999303,1
0.999629,0.000371,0
0.000506,0.999494,1
0.989720,0.010280,0
0.000185,0.999815,1
0.000051,0.999949,1
0.000041,0.999959,1
0.000417,0.999583,1
0.999786,0.000214,0
0.000388,0.999612,1
0.003415,0.996585,1
0.999320,0.000680,0
0.999711,0.000289,0
0.000594,0.999406,1
0.003196,0.996804,1
0.000788,0.999212,1
0.001569,0.998431,1
0.999388,0.000612,0
0.998782,0.001218,0
0.001171,0.998829,1
0.999800,0.000200,0
0.999737,0.000263,0
0.998912,0.001088,0
0.999756,0.000244,0
0.000012,0.999988,1
0.000450,0.999550,1
0.001195,0.998805,1
0.999576,0.000424,0
0.000906,0.999094,1
0.999177,0.000823,0
0.000036,0.999964,1
0.000101,0.999899,1
0.996971,0.003029,0
0.000414,0.999586,1
0.001705,0.998295,1
0.007199,0.992801,1
0.000009,0.999991,1
0.000067,0.999933,1
0.002300,0.997700,1
0.000837,0.999163,1
0.999886,0.000114,0
0.999448,0.000552,0
0.999916,0.000084,0
0.999225,0.000775,0
0.000013,0.999987,1
0.000390,0.999610,1
0.001338,0.998662,1
0.999811,0.000189,0
0.000049,0.999951,1
0.002159,0.997841,1
0.999872,0.000128,0
0.999940,0.000060,0
0.999406,0.000594,0
0.000723,0.999277,1
0.000783,0.999217,1
0.999624,0.000376,0
0.998927,0.001073,0
0.000667,0.999333,1
0.000001,0.999999,1
0.997285,0.002715,0
0.999712,0.000288,0
0.999703,0.000297,0
0.000278,0.999722,1
0.996315,0.003685,0
0.002566,0.997434,1
0.003303,0.996697,1
0.998650,0.001350,0
0.000503,0.999497,1
0.000083,0.999917,1
0.991622,0.008378,0
0.995750,0.004250,0
0.999910,0.000090,0
0.000578,0.999422,1
0.999634,0.000366,0
0.998135,0.001865,0
0.001277,0.998723,1
0.000199,0.999801,1
0.998761,0.001239,0
0.999324,0.000676,0
0.999837,0.000163,0
0.999199,0.000801,0
0.000344,0.999656,1
0.999511,0.000489,0
0.998566,0.001434,0
0.999815,0.000185,0
0.000003,0.999997,1
0.000075,0.999925,1
0.998452,0.001548,0
0.003133,0.996867,1
0.000060,0.999940,1
0.000075,0.999925,1
0.999735,0.000265,0
0.000235,0.999765,1
0.999466,0.000534,0
0.000195,0.999805,1
0.999649,0.000351,0
0.003773,0.996227,1
0.998958,0.001042,0
0.000216,0.999784,1
0.000791,0.999209,1
0.998916,0.001084,0
0.006964,0.993036,1
0.005825,0.994175,1
0.001260,0.998740,1
0.000064,0.999936,1
0.000072,0.999928,1
0.000004,0.999996,1
0.000095,0.999905,1
0.998972,0.001028,0
0.999687,0.000313,0
0.000534,0.999466,1
0.997820,0.002180,0
0.002089,0.997911,1
0.000586,0.999414,1
0.997994,0.002006,0
0.000379,0.999621,1
0.997535,0.002465,0
0.000057,0.999943,1
0.957365,0.042635,0
0.999777,0.000223,0
0.998814,0.001186,0
0.000081,0.999919,1
0.000354,0.999646,1
0.001585,0.998415,1
0.995259,0.004741,0
0.998667,0.001333,0
0.999147,0.000853,0
0.000085,0.999915,1
0.005451,0.994549,1
0.998937,0.001063,0
0.998732,0.001268,0
0.998818,0.001182,0
0.000409,0.999591,1
0.998284,0.001716,0
0.001406,0.998594,1
0.000472,0.999528,1
0.999751,0.000249,0
0.999605,0.000395,0
0.000044,0.999956,1
0.001329,0.998671,1
0.999359,0.000641,0
0.000225,0.999775,1
0.000024,0.999976,1
0.000998,0.999002,1
0.998905,0.001095,0
0.000148,0.999852,1
0.000394,0.999606,1
0.000061,0.999939,1
0.999572,0.000428,0
0.000216,0.999784,1
0.000352,0.999648,1
0.000002,0.999998,1
0.002725,0.997275,1
0.000040,0.999960,1
0.998856,0.001144,0
0.000012,0.999988,1
0.996698,0.003302,0
0.999692,0.000308,0
0.000033,0.999967,1
0.000116,0.999884,1
0.000290,0.999710,1
0.999246,0.000754,0
0.999963,0.000037,0
0.995259,0.004741,0
0.992337,0.007663,0
0.000801,0.999199,1
0.001360,0.998640,1
0.998278,0.001722,0
0.000009,0.999991,1
0.002592,0.997408,1
0.002902,0.997098,1
0.000072,0.999928,1
0.000208,0.999792,1
0.133702,0.866298,1
0.998295,0.001705,0
0.000856,0.999144,1
0.001717,0.998283,1
0.996709,0.003291,0
0.997518,0.002482,0
0.997980,0.002020,0
0.000498,0.999502,1
0.995337,0.004663,0
0.000307,0.999693,1
0.000126,0.999874,1
0.999220,0.000780,0
0.001195,0.998805,1
0.999225,0.000775,0
0.000090,0.999910,1
0.000228,0.999772,1
0.000413,0.999587,1
0.000195,0.999805,1
0.000298,0.999702,1
0.997607,0.002393,0
0.001786,0.998214,1
0.997240,0.002760,0
0.999497,0.000503,0
0.999804,0.000196,0
0.000486,0.999514,1
0.001974,0.998026,1
0.000304,0.999696,1
0.001378,0.998622,1
0.001320,0.998680,1
0.000156,0.999844,1
0.000027,0.999973,1
0.998715,0.001285,0
0.000337,0.999663,1
0.000001,0.999999,1
0.000139,0.999861,1
0.000312,0.999688,1
0.999982,0.000018,0
0.000086,0.999914,1
0.000233,0.999767,1
0.999846,0.000154,0
0.004573,0.995427,1
0.990281,0.009719,0
0.997994,0.002006,0
0.026575,0.973425,1
0.001011,0.998989,1
0.999870,0.000130,0
0.997050,0.002950,0
0.999402,0.000598,0
0.001434,0.998566,1
0.998982,0.001018,0
0.001378,0.998622,1
0.997330,0.002670,0
0.000350,0.999650,1
0.000297,0.999703,1
0.001152,0.998848,1
0.000765,0.999235,1
0.999079,0.000921,0
0.000494,0.999506,1
0.000056,0.999944,1
0.000894,0.999106,1
0.000694,0.999306,1
0.000674,0.999326,1
0.000740,0.999260,1
0.011020,0.988980,1
0.999620,0.000380,0
0.000338,0.999662,1
0.000804,0.999196,1
0.000982,0.999018,1
0.998640,0.001360,0
0.001633,0.998367,1
0.999620,0.000380,0
0.000004,0.999996,1
0.999326,0.000674,0
0.000559,0.999441,1
0.999976,0.000024,0
0.000755,0.999245,1
0.999799,0.000201,0
0.998196,0.001804,0
0.000143,0.999857,1
0.000099,0.999901,1
0.999273,0.000727,0
0.999958,0.000042,0
0.000006,0.999994,1
0.999675,0.000325,0
0.999900,0.000100,0
0.000201,0.999799,1
0.000010,0.999990,1
0.999290,0.000710,0
0.000826,0.999174,1
0.999038,0.000962,0
0.000412,0.999588,1
0.998975,0.001025,0
0.000010,0.999990,1
0.000188,0.999812,1
0.002308,0.997692,1
0.000370,0.999630,1
0.000097,0.999903,1
0.000036,0.999964,1
0.000628,0.999372,1
0.999164,0.000836,0
0.001032,0.998968,1
0.999270,0.000730,0
0.998890,0.001110,0
0.000044,0.999956,1
0.000511,0.999489,1
0.999554,0.000446,0
0.998249,0.001751,0
0.000148,0.999852,1
0.000421,0.999579,1
0.000400,0.999600,1
0.998645,0.001355,0
0.000054,0.999946,1
0.999815,0.000185,0
0.006265,0.993735,1
0.990991,0.009009,0
0.001211,0.998789,1
0.000071,0.999929,1
0.999265,0.000735,0
0.998238,0.001762,0
0.000586,0.999414,1
0.998585,0.001415,0
0.998154,0.001846,0
0.002152,0.997848,1
0.000504,0.999496,1
0.000934,0.999066,1
0.999905,0.000095,0
0.007128,0.992872,1
0.997294,0.002706,0
0.999782,0.000218,0
0.000015,0.999985,1
0.004696,0.995304,1
0.001329,0.998671,1
0.000083,0.999917,1
0.003381,0.996619,1
0.000985,0.999015,1
0.000537,0.999463,1
0.000137,0.999863,1
0.000055,0.999945,1
0.994798,0.005202,0
0.999103,0.000897,0
0.003260,0.996740,1
0.999241,0.000759,0
0.999912,0.000088,0
0.998613,0.001387,0
0.000007,0.999993,1
0.000708,0.999292,1
0.000212,0.999788,1
0.001430,0.998570,1
0.000178,0.999822,1
0.000096,0.999904,1
0.004649,0.995351,1
0.000067,0.999933,1
0.999470,0.000530,0
0.000038,0.999962,1
0.002761,0.997239,1
0.004045,0.995955,1
0.997980,0.002020,0
0.998040,0.001960,0
0.005221,0.994779,1
0.000068,0.999932,1
0.002770,0.997230,1
0.000156,0.999844,1
0.000572,0.999428,1
0.000539,0.999461,1
0.000210,0.999790,1
0.000322,0.999678,1
0.000000,1.000000,1
0.000209,0.999791,1
0.998618,0.001382,0
0.000453,0.999547,1
0.000434,0.999566,1
0.000021,0.999979,1
0.000423,0.999577,1
0.999787,0.000213,0
0.999755,0.000245,0
0.986446,0.013554,0
0.000002,0.999998,1
0.000010,0.999990,1
0.000014,0.999986,1
0.996698,0.003302,0
0.000598,0.999402,1
0.003613,0.996387,1
0.998941,0.001059,0
0.000186,0.999814,1
0.000740,0.999260,1
0.000159,0.999841,1
0.999430,0.000570,0
0.984081,0.015919,0
0.000077,0.999923,1
0.000732,0.999268,1
0.009983,0.990017,1
0.999935,0.000065,0
0.998557,0.001443,0
0.000473,0.999527,1
0.000176,0.999824,1
0.000010,0.999990,1
0.999798,0.000202,0
0.999943,0.000057,0
0.999854,0.000146,0
0.999340,0.000660,0
0.998007,0.001993,0
0.999236,0.000764,0
0.000077,0.999923,1
0.002217,0.997783,1
0.997731,0.002269,0
0.000001,0.999999,1
0.998631,0.001369,0
0.000386,0.999614,1
0.000050,0.999950,1
0.000672,0.999328,1
0.999798,0.000202,0
0.003143,0.996857,1
0.999682,0.000318,0
0.999945,0.000055,0
0.998663,0.001337,0
0.999777,0.000223,0
0.007175,0.992825,1
0.000461,0.999539,1
0.001235,0.998765,1
0.997221,0.002779,0
0.999742,0.000258,0
0.999923,0.000077,0
0.000059,0.999941,1
0.001606,0.998394,1
0.999875,0.000125,0
0.000697,0.999303,1
0.000026,0.999974,1
0.999628,0.000372,0
0.999147,0.000853,0
0.998962,0.001038,0
0.000093,0.999907,1
0.000194,0.999806,1
0.996424,0.003576,0
0.992562,0.007438,0
0.000153,0.999847,1
0.006693,0.993307,1
0.000565,0.999435,1
0.999564,0.000436,0
0.999968,0.000032,0
0.000258,0.999742,1
0.000612,0.999388,1
0.998542,0.001458,0
0.999531,0.000469,0
0.000049,0.999951,1
0.998645,0.001355,0
0.001049,0.998951,1
0.000023,0.999977,1
0.010698,0.989302,1
0.000848,0.999152,1
0.000002,0.999998,1
0.999183,0.000817,0
0.009820,0.990180,1
0.002636,0.997364,1
0.000225,0.999775,1
0.999862,0.000138,0
0.999921,0.000079,0
0.000943,0.999057,1
0.999633,0.000367,0
0.001909,0.998091,1
0.001671,0.998329,1
0.000002,0.999998,1
0.001705,0.998295,1
0.000801,0.999199,1
0.999450,0.000550,0
0.001133,0.998867,1
0.000065,0.999935,1
0.000008,0.999992,1
0.999945,0.000055,0
0.999621,0.000379,0
0.000004,0.999996,1
0.000018,0.999982,1
0.012326,0.987674,1
0.979984,0.020016,0
0.000005,0.999995,1
0.000546,0.999454,1
0.002285,0.997715,1
0.000070,0.999930,1
0.997724,0.002276,0
0.001163,0.998837,1
0.000354,0.999646,1
0.997417,0.002583,0
0.000103,0.999897,1
0.999497,0.000503,0
0.008577,0.991423,1
0.000320,0.999680,1
0.000427,0.999573,1
0.999376,0.000624,0
0.999671,0.000329,0
0.011655,0.988345,1
0.999579,0.000421,0
0.999897,0.000103,0
0.997184,0.002816,0
0.000002,0.999998,1
0.002110,0.997890,1
0.002761,0.997239,1
0.000079,0.999921,1
0.963317,0.036683,0
0.000187,0.999813,1
0.999428,0.000572,0
0.000061,0.999939,1
0.000304,0.999696,1
0.000201,0.999799,1
0.000661,0.999339,1
0.001872,0.998128,1
0.002020,0.997980,1
0.999202,0.000798,0
0.999920,0.000080,0
0.000426,0.999574,1
0.000978,0.999022,1
0.999468,0.000532,0
0.000207,0.999793,1
0.998916,0.001084,0
0.002041,0.997959,1
0.001042,0.998958,1
0.996266,0.003734,0
0.999997,0.000003,0
0.001865,0.998135,1
0.999974,0.000026,0
0.000080,0.999920,1
0.994763,0.005237,0
0.998749,0.001251,0
0.998650,0.001350,0
0.000172,0.999828,1
0.000013,0.999987,1
0.999361,0.000639,0
0.000055,0.999945,1
0.999856,0.000144,0
0.000116,0.999884,1
0.999188,0.000812,0
0.999342,0.000658,0
0.000604,0.999396,1
0.000123,0.999877,1
0.000674,0.999326,1
0.999531,0.000469,0
0.001008,0.998992,1
0.999769,0.000231,0
0.000931,0.999069,1
0.999103,0.000897,0
0.999923,0.000077,0
0.000213,0.999787,1
0.000013,0.999987,1
0.998040,0.001960,0
0.999675,0.000325,0
0.003381,0.996619,1
0.999130,0.000870,0
0.005119,0.994881,1
0.000643,0.999357,1
0.000732,0.999268,1
0.001015,0.998985,1
0.999682,0.000318,0
0.999410,0.000590,0
0.000588,0.999412,1
0.000003,0.999997,1
0.000142,0.999858,1
0.000224,0.999776,1
0.000635,0.999365,1
0.000982,0.999018,1
0.005922,0.994078,1
0.000725,0.999275,1
0.000056,0.999944,1
0.000159,0.999841,1
0.000010,0.999990,1
0.005542,0.994458,1
0.000378,0.999622,1
0.002082,0.997918,1
0.000170,0.999830,1
0.000009,0.999991,1
0.985189,0.014811,0
0.000433,0.999567,1
0.000778,0.999222,1
0.000592,0.999408,1
0.000699,0.999301,1
0.999196,0.000804,0
0.989652,0.010348,0
0.000090,0.999910,1
0.000757,0.999243,1
0.998794,0.001206,0
0.000046,0.999954,1
0.000166,0.999834,1
0.003735,0.996265,1
0.000069,0.999931,1
0.999243,0.000757,0
0.000483,0.999517,1
0.000144,0.999856,1
0.999370,0.000630,0
0.000025,0.999975,1
0.001523,0.998477,1
0.000003,0.999997,1
0.000220,0.999780,1
0.997267,0.002733,0
0.002609,0.997391,1
0.001333,0.998667,1
0.999830,0.000170,0
0.999248,0.000752,0
0.996388,0.003612,0
0.000061,0.999939,1
0.002034,0.997966,1
0.985761,0.014239,0
0.999306,0.000694,0
0.000199,0.999801,1
0.998059,0.001941,0
0.999183,0.000817,0
0.998822,0.001178,0
0.000287,0.999713,1
0.999690,0.000310,0
0.000383,0.999617,1
0.999220,0.000780,0
0.999893,0.000107,0
0.000937,0.999063,1
0.999811,0.000189,0
0.999372,0.000628,0
0.000134,0.999866,1
0.999731,0.000269,0
0.000168,0.999832,1
0.999749,0.000251,0
0.999883,0.000117,0
0.999640,0.000360,0
0.000114,0.999886,1
0.000110,0.999890,1
0.001035,0.998965,1
0.000596,0.999404,1
0.000373,0.999627,1
0.000962,0.999038,1
0.002217,0.997783,1
0.000554,0.999446,1
0.999626,0.000374,0
0.997460,0.002540,0
0.000066,0.999934,1
0.001711,0.998289,1
0.982891,0.017109,0
0.997655,0.002345,0
0.000667,0.999333,1
0.999804,0.000196,0
0.998468,0.001532,0
0.998196,0.001804,0
0.002575,0.997425,1
0.000643,0.999357,1
0.000307,0.999693,1
0.000003,0.999997,1
0.999674,0.000326,0
0.999775,0.000225,0
0.000900,0.999100,1
0.998184,0.001816,0
0.000654,0.999346,1
0.998604,0.001396,0
0.000240,0.999760,1
0.000442,0.999558,1
0.999331,0.000669,0
0.999584,0.000416,0
0.000134,0.999866,1
0.999715,0.000285,0
0.999408,0.000592,0
0.000645,0.999355,1
0.999824,0.000176,0
0.000988,0.999012,1
0.998267,0.001733,0
0.999955,0.000045,0
0.004838,0.995162,1
0.001211,0.998789,1
0.000576,0.999424,1
0.000379,0.999621,1
0.000092,0.999908,1
0.000672,0.999328,1
0.000094,0.999906,1
0.001660,0.998340,1
0.999491,0.000509,0
0.999524,0.000476,0
0.002041,0.997959,1
0.999344,0.000656,0
0.000354,0.999646,1
0.999641,0.000359,0
0.999268,0.000732,0
0.998930,0.001070,0
0.000708,0.999292,1
0.998468,0.001532,0
0.999961,0.000039,0
0.000154,0.999846,1
0.000055,0.999945,1
0.001324,0.998676,1
0.000102,0.999898,1
0.000173,0.999827,1
0.011966,0.988034,1
0.999851,0.000149,0
0.999210,0.000790,0
0.000005,0.999995,1
0.996340,0.003660,0
0.000715,0.999285,1
0.000481,0.999519,1
0.001574,0.998426,1
0.000013,0.999987,1
0.017512,0.982488,1
0.000042,0.999958,1
0.000031,0.999969,1
0.000058,0.999942,1
0.000419,0.999581,1
0.001239,0.998761,1
0.000009,0.999991,1
0.996089,0.003911,0
0.999410,0.000590,0
0.999962,0.000038,0
0.000010,0.999990,1
0.998618,0.001382,0
0.999022,0.000978,0
0.001215,0.998785,1
0.999907,0.000093,0
0.974030,0.025970,0
0.996448,0.003552,0
0.999903,0.000097,0
0.005825,0.994175,1
0.953391,0.046609,0
0.000897,0.999103,1
0.999542,0.000458,0
0.997967,0.002033,0
0.997118,0.002882,0
0.001543,0.998457,1
0.999729,0.000271,0
0.000010,0.999990,1
0.999582,0.000418,0
0.989128,0.010872,0
0.999430,0.000570,0
0.000401,0.999599,1
0.000091,0.999909,1
0.999324,0.000676,0
0.999177,0.000823,0
0.999308,0.000692,0
0.000552,0.999448,1
0.000720,0.999280,1
0.999795,0.000205,0
0.998969,0.001031,0
0.000279,0.999721,1
0.001202,0.998798,1
0.039376,0.960624,1
0.997905,0.002095,0
0.994533,0.005467,0
0.001518,0.998482,1
0.000279,0.999721,1
0.999757,0.000243,0
0.000105,0.999895,1
0.000002,0.999998,1
0.000503,0.999497,1
0.996564,0.003436,0
0.000322,0.999678,1
0.000606,0.999394,1
0.000221,0.999779,1
0.000211,0.999789,1
0.001133,0.998867,1
0.000641,0.999359,1
0.997383,0.002617,0
0.999457,0.000543,0
0.001099,0.998901,1
0.002601,0.997399,1
0.999346,0.000654,0
0.998498,0.001502,0
0.000254,0.999746,1
0.998307,0.001693,0
0.998085,0.001915,0
0.998462,0.001538,0
0.002662,0.997338,1
0.998072,0.001928,0
0.999528,0.000472,0
0.000074,0.999926,1
0.000828,0.999172,1
0.000067,0.999933,1
0.000711,0.999289,1
0.000110,0.999890,1
0.000046,0.999954,1
0.000099,0.999901,1
0.002817,0.997183,1
0.997870,0.002130,0
0.000281,0.999719,1
0.000168,0.999832,1
0.000622,0.999378,1
0.999958,0.000042,0
0.999576,0.000424,0
0.000016,0.999984,1
0.000618,0.999382,1
0.998442,0.001558,0
0.993820,0.006180,0
0.000439,0.999561,1
0.998172,0.001828,0
0.995083,0.004917,0
0.995474,0.004526,0
0.999527,0.000473,0
0.998654,0.001346,0
0.999860,0.000140,0
0.000645,0.999355,1
0.999663,0.000337,0
0.999800,0.000200,0
0.000074,0.999926,1
0.000101,0.999899,1
0.000002,0.999998,1
0.998732,0.001268,0
0.000076,0.999924,1
0.000006,0.999994,1
0.000373,0.999627,1
0.008189,0.991811,1
0.998778,0.001222,0
0.000056,0.999944,1
0.002159,0.997841,1
0.004209,0.995791,1
0.999674,0.000326,0
0.001277,0.998723,1
0.998447,0.001553,0
0.002761,0.997239,1
0.999729,0.000271,0
0.002961,0.997039,1
0.989584,0.010416,0
0.999536,0.000464,0
0.999057,0.000943,0
0.002845,0.997155,1
0.996720,0.003280,0
0.999308,0.000692,0
0.999958,0.000042,0
0.002159,0.997841,1
0.000598,0.999402,1
0.002041,0.997959,1
0.000891,0.999109,1
0.000001,0.999999,1
0.945919,0.054081,0
0.999998,0.000002,0
0.000975,0.999025,1
0.999842,0.000158,0
0.003836,0.996164,1
0.000080,0.999920,1
0.000030,0.999970,1
0.002210,0.997790,1
0.000678,0.999322,1
0.001559,0.998441,1
0.997783,0.002217,0
0.999380,0.000620,0
0.000928,0.999072,1
0.999472,0.000528,0
0.999823,0.000177,0
0.996752,0.003248,0
0.002210,0.997790,1
0.999520,0.000480,0
0.000066,0.999934,1
0.999853,0.000147,0
0.999435,0.000565,0
0.999731,0.000269,0
0.998547,0.001453,0
0.999704,0.000296,0
0.002761,0.997239,1
0.000912,0.999088,1
0.994423,0.005577,0
0.996709,0.003291,0
0.998468,0.001532,0
0.998676,0.001324,0
0.000154,0.999846,1
0.999164,0.000836,0
0.998552,0.001448,0
0.000353,0.999647,1
0.998883,0.001117,0
0.000458,0.999542,1
0.000119,0.999881,1
0.999534,0.000466,0
0.999783,0.000217,0
0.000280,0.999720,1
0.000223,0.999777,1
0.000048,0.999952,1
0.000131,0.999869,1
0.000010,0.999990,1
0.999416,0.000584,0
0.999901,0.000099,0
0.999649,0.000351,0
0.999158,0.000842,0
0.997294,0.002706,0
0.987308,0.012692,0
0.999895,0.000105,0
0.000033,0.999967,1
0.987350,0.012650,0
0.997175,0.002825,0
0.005018,0.994982,1
0.000385,0.999615,1
0.000161,0.999839,1
0.000676,0.999324,1
0.991622,0.008378,0
0.000257,0.999743,1
0.999818,0.000182,0
0.999479,0.000521,0
0.999762,0.000238,0
0.018272,0.981728,1
0.002653,0.997347,1
0.000862,0.999138,1
0.999538,0.000462,0
0.998027,0.001973,0
0.000174,0.999826,1
0.001175,0.998825,1
0.996529,0.003471,0
0.999770,0.000230,0
0.999270,0.000730,0
0.000284,0.999716,1
0.000272,0.999728,1
0.005672,0.994328,1
0.000136,0.999864,1
0.998979,0.001021,0
0.003122,0.996878,1
0.013874,0.986126,1
0.998571,0.001429,0
0.001916,0.998084,1
0.000014,0.999986,1
0.999885,0.000115,0
0.999141,0.000859,0
0.003164,0.996836,1
0.999002,0.000998,0
0.000130,0.999870,1
0.999814,0.000186,0
0.998493,0.001507,0
0.998007,0.001993,0
0.000315,0.999685,1
0.999950,0.000050,0
0.006021,0.993979,1
0.001144,0.998856,1
0.002152,0.997848,1
0.000017,0.999983,1
0.000052,0.999948,1
0.004365,0.995635,1
0.000050,0.999950,1
0.998972,0.001028,0
0.997109,0.002891,0
0.999899,0.000101,0
0.008298,0.991702,1
0.000635,0.999365,1
0.997374,0.002626,0
0.999230,0.000770,0
0.991567,0.008433,0
0.000005,0.999995,1
0.998166,0.001834,0
0.000004,0.999996,1
0.000151,0.999849,1
0.998368,0.001632,0
0.000494,0.999506,1
0.999776,0.000224,0
0.000541,0.999459,1
0.001677,0.998323,1
0.002807,0.997193,1
0.998590,0.001410,0
0.004005,0.995995,1
0.996951,0.003049,0
0.999678,0.000322,0
0.000005,0.999995,1
0.000370,0.999630,1
0.000281,0.999719,1
0.999512,0.000488,0
0.999509,0.000491,0
0.997166,0.002834,0
0.999144,0.000856,0
0.000142,0.999858,1
0.999135,0.000865,0
0.001872,0.998128,1
0.997731,0.002269,0
0.999949,0.000051,0
0.001311,0.998689,1
0.000136,0.999864,1
0.000010,0.999990,1
0.000222,0.999778,1
0.000467,0.999533,1
0.002716,0.997284,1
0.000335,0.999665,1
0.999718,0.000282,0
0.000033,0.999967,1
0.000031,0.999969,1
0.995708,0.004292,0
0.004209,0.995791,1
0.999672,0.000328,0
0.000282,0.999718,1
0.006693,0.993307,1
0.000042,0.999958,1
0.003542,0.996458,1
0.001175,0.998825,1
0.999175,0.000825,0
0.001256,0.998744,1
0.000047,0.999953,1
0.006411,0.993589,1
0.000305,0.999695,1
0.999392,0.000608,0
0.999608,0.000392,0
0.004279,0.995721,1
0.998969,0.001031,0
0.999726,0.000274,0
0.999855,0.000145,0
0.000257,0.999743,1
0.989788,0.010212,0
0.000128,0.999872,1
0.000312,0.999688,1
0.000375,0.999625,1
0.997258,0.002742,0
0.999517,0.000483,0
0.000828,0.999172,1
0.000007,0.999993,1
0.013077,0.986923,1
0.999958,0.000042,0
0.000062,0.999938,1
0.003566,0.996434,1
0.998732,0.001268,0
0.999103,0.000897,0
0.998046,0.001954,0
0.000016,0.999984,1
0.997919,0.002081,0
0.000301,0.999699,1
0.000283,0.999717,1
0.989988,0.010012,0
0.001281,0.998719,1
0.000098,0.999902,1
0.000525,0.999475,1
0.998503,0.001497,0
0.998919,0.001081,0
0.002152,0.997848,1
0.000536,0.999464,1
0.000511,0.999489,1
0.999009,0.000991,0
0.004743,0.995257,1
0.000094,0.999906,1
0.002541,0.997459,1
0.999948,0.000052,0
0.999736,0.000264,0
0.999662,0.000338,0
0.002442,0.997558,1
0.001285,0.998715,1
0.001125,0.998875,1
0.996050,0.003950,0
0.999621,0.000379,0
0.003206,0.996794,1
0.000069,0.999931,1
0.000496,0.999504,1
0.001434,0.998566,1
0.000007,0.999993,1
0.000728,0.999272,1
0.000021,0.999979,1
0.000269,0.999731,1
0.998566,0.001434,0
0.000316,0.999684,1
0.999048,0.000952,0
0.999094,0.000906,0
0.999524,0.000476,0
0.999977,0.000023,0
0.997357,0.002643,0
0.997967,0.002033,0
0.999962,0.000038,0
0.000426,0.999574,1
0.000264,0.999736,1
0.997980,0.002020,0
0.000225,0.999775,1
0.000333,0.999667,1
0.999822,0.000178,0
0.997527,0.002473,0
0.999791,0.000209,0
0.997089,0.002911,0
0.001239,0.998761,1
0.000070,0.999930,1
0.999152,0.000848,0
0.999406,0.000594,0
0.003174,0.996826,1
0.999335,0.000665,0
0.002054,0.997946,1
0.002145,0.997855,1
0.000010,0.999990,1
0.980500,0.019500,0
0.000398,0.999602,1
0.000160,0.999840,1
0.000176,0.999824,1
0.002315,0.997685,1
0.004806,0.995194,1
0.000197,0.999803,1
0.999693,0.000307,0
0.002110,0.997890,1
0.000088,0.999912,1
0.994533,0.005467,0
0.000095,0.999905,1
0.000946,0.999054,1
0.002409,0.997591,1
0.001859,0.998141,1
0.998324,0.001676,0
0.000845,0.999155,1
0.998468,0.001532,0
0.000499,0.999501,1
0.000002,0.999998,1
0.001148,0.998852,1
0.000017,0.999983,1
0.999848,0.000152,0
0.008720,0.991280,1
0.000112,0.999888,1
0.000584,0.999416,1
0.000227,0.999773,1
0.000053,0.999947,1
0.000006,0.999994,1
0.000066,0.999934,1
0.999516,0.000484,0
0.000928,0.999072,1
0.999949,0.000051,0
0.999479,0.000521,0
0.998483,0.001517,0
0.004680,0.995320,1
0.000014,0.999986,1
0.002047,0.997953,1
0.000130,0.999870,1
0.998416,0.001584,0
0.996889,0.003111,0
0.999601,0.000399,0
0.999909,0.000091,0
0.002533,0.997467,1
0.998608,0.001392,0
0.000159,0.999841,1
0.998335,0.001665,0
0.999918,0.000082,0
0.999384,0.000616,0
0.998826,0.001174,0
0.999618,0.000382,0
0.000969,0.999031,1
0.000013,0.999987,1
0.001035,0.998965,1
0.000001,0.999999,1
0.999967,0.000033,0
0.999351,0.000649,0
0.001049,0.998951,1
0.999253,0.000747,0
0.001523,0.998477,1
0.001085,0.998915,1
0.999877,0.000123,0
0.002698,0.997302,1
0.000388,0.999612,1
0.000088,0.999912,1
0.007897,0.992103,1
0.000037,0.999963,1
0.000133,0.999867,1
0.999740,0.000260,0
0.000353,0.999647,1
0.000302,0.999698,1
0.000115,0.999885,1
0.000369,0.999631,1
0.000210,0.999790,1
0.000520,0.999480,1
0.000472,0.999528,1
0.999614,0.000386,0
0.999342,0.000658,0
0.000404,0.999596,1
0.999032,0.000968,0
0.999572,0.000428,0
0.999331,0.000669,0
0.998527,0.001473,0
0.999144,0.000856,0
0.999118,0.000882,0
0.000294,0.999706,1
0.000041,0.999959,1
0.997693,0.002307,0
0.000012,0.999988,1
0.000041,0.999959,1
0.999876,0.000124,0
0.999525,0.000475,0
0.995444,0.004556,0
0.999725,0.000275,0
0.000075,0.999925,1
0.998552,0.001448,0
0.000075,0.999925,1
0.998979,0.001021,0
0.999837,0.000163,0
0.000204,0.999796,1
0.999746,0.000254,0
0.000588,0.999412,1
0.999304,0.000696,0
0.000103,0.999897,1
0.999625,0.000375,0
0.003613,0.996387,1
0.002138,0.997862,1
0.996352,0.003648,0
0.999731,0.000269,0
0.000982,0.999018,1
0.999880,0.000120,0
0.001387,0.998613,1
0.000490,0.999510,1
0.000757,0.999243,1
0.000191,0.999809,1
0.000191,0.999809,1
0.999639,0.000361,0
0.999913,0.000087,0
0.999965,0.000035,0
0.999088,0.000912,0
0.003122,0.996878,1
0.000288,0.999712,1
0.995903,0.004097,0
0.000000,1.000000,1
0.000117,0.999883,1
0.999817,0.000183,0
0.000090,0.999910,1
0.000778,0.999222,1
0.000554,0.999446,1
0.999016,0.000984,0
0.999183,0.000817,0
0.999675,0.000325,0
0.000018,0.999982,1
0.999094,0.000906,0
0.003381,0.996619,1
0.001179,0.998821,1
0.000288,0.999712,1
0.000174,0.999826,1
0.999753,0.000247,0
0.999662,0.000338,0
0.995519,0.004481,0
0.997518,0.002482,0
0.996471,0.003529,0
0.997348,0.002652,0
0.999665,0.000335,0
0.000925,0.999075,1
0.998849,0.001151,0
0.000249,0.999751,1
0.998879,0.001121,0
0.999720,0.000280,0
0.004952,0.995048,1
0.000022,0.999978,1
0.017976,0.982024,1
0.002096,0.997904,1
0.999737,0.000263,0
0.999685,0.000315,0
0.008983,0.991017,1
0.004005,0.995995,1
0.999344,0.000656,0
0.002450,0.997550,1
0.000612,0.999388,1
0.998284,0.001716,0
0.999315,0.000685,0
0.999175,0.000825,0
0.999320,0.000680,0
0.000073,0.999927,1
0.999392,0.000608,0
0.999816,0.000184,0
0.999904,0.000096,0
0.998421,0.001579,0
0.993505,0.006495,0
0.000132,0.999868,1
0.999639,0.000361,0
0.000264,0.999736,1
0.000018,0.999982,1
0.001107,0.998893,1
0.999971,0.000029,0
0.999699,0.000301,0
0.000129,0.999871,1
0.996720,0.003280,0
0.000122,0.999878,1
0.999063,0.000937,0
0.000204,0.999796,1
0.001290,0.998710,1
0.000001,0.999999,1
0.000167,0.999833,1
0.999223,0.000777,0
0.001528,0.998472,1
0.994900,0.005100,0
0.000122,0.999878,1
0.999355,0.000645,0
0.000780,0.999220,1
0.000028,0.999972,1
0.001365,0.998635,1
0.000016,0.999984,1
0.997834,0.002166,0
0.000590,0.999410,1
0.999944,0.000056,0
0.989821,0.010179,0
0.998178,0.001822,0
0.999839,0.000161,0
0.000421,0.999579,1
0.011541,0.988459,1
0.000256,0.999744,1
0.999141,0.000859,0
0.999910,0.000090,0
0.000095,0.999905,1
0.982835,0.017165,0
0.000127,0.999873,1
0.000198,0.999802,1
0.000083,0.999917,1
0.999916,0.000084,0
0.999491,0.000509,0
0.000118,0.999882,1
0.001829,0.998171,1
0.998493,0.001507,0
0.000791,0.999209,1
0.000618,0.999382,1
0.000436,0.999564,1
0.997783,0.002217,0
0.001763,0.998237,1
0.000310,0.999690,1
0.999331,0.000669,0
0.990871,0.009129,0
0.002990,0.997010,1
0.999965,0.000035,0
0.999661,0.000339,0
0.999082,0.000918,0
0.995337,0.004663,0
0.000089,0.999911,1
0.999910,0.000090,0
0.000417,0.999583,1
0.002807,0.997193,1
0.999910,0.000090,0
0.996115,0.003885,0
0.991732,0.008268,0
0.000112,0.999888,1
0.001008,0.998992,1
0.000373,0.999627,1
0.995519,0.004481,0
0.002181,0.997819,1
0.992438,0.007562,0
0.000135,0.999865,1
0.000036,0.999964,1
0.000063,0.999937,1
0.000042,0.999958,1
0.001948,0.998052,1
0.000152,0.999848,1
0.999372,0.000628,0
0.997510,0.002490,0
0.998618,0.001382,0
0.000122,0.999878,1
0.013121,0.986879,1
0.002601,0.997399,1
0.000050,0.999950,1
0.999981,0.000019,0
0.997240,0.002760,0
0.000203,0.999797,1
0.000584,0.999416,1
0.000341,0.999659,1
0.002232,0.997768,1
0.988387,0.011613,0
0.000186,0.999814,1
0.000909,0.999091,1
0.999875,0.000125,0
0.999858,0.000142,0
0.001775,0.998225,1
0.000003,0.999997,1
0.000005,0.999995,1
0.997834,0.002166,0
0.001655,0.998345,1
0.999322,0.000678,0
0.999687,0.000313,0
0.999754,0.000246,0
0.002566,0.997434,1
0.002636,0.997364,1
0.000541,0.999459,1
0.998937,0.001063,0
0.000765,0.999235,1
0.999322,0.000678,0
0.000135,0.999865,1
0.999939,0.000061,0
0.003185,0.996815,1
0.000470,0.999530,1
0.000028,0.999972,1
0.992287,0.007713,0
0.009659,0.990341,1
0.999921,0.000079,0
0.998702,0.001298,0
0.001290,0.998710,1
0.000006,0.999994,1
0.989270,0.010730,0
0.000681,0.999319,1
0.999335,0.000665,0
0.000004,0.999996,1
0.004395,0.995605,1
0.987638,0.012362,0
0.999499,0.000501,0
0.998814,0.001186,0
0.006223,0.993777,1
0.997716,0.002284,0
0.000001,0.999999,1
0.998007,0.001993,0
0.000282,0.999718,1
0.997783,0.002217,0
0.061916,0.938084,1
0.000086,0.999914,1
0.999735,0.000265,0
0.996961,0.003039,0
0.000365,0.999635,1
0.998814,0.001186,0
0.000295,0.999705,1
0.001954,0.998046,1
0.997647,0.002353,0
0.998898,0.001102,0
0.001677,0.998323,1
0.000098,0.999902,1
0.000478,0.999522,1
0.000142,0.999858,1
0.999494,0.000506,0
0.000057,0.999943,1
0.999642,0.000358,0
0.999106,0.000894,0
0.999527,0.000473,0
0.999422,0.000578,0
0.000157,0.999843,1
0.999261,0.000739,0
0.998335,0.001665,0
0.999486,0.000514,0
0.999433,0.000567,0
0.000015,0.999985,1
0.000472,0.999528,1
0.999410,0.000590,0
0.999441,0.000559,0
0.000189,0.999811,1
0.000762,0.999238,1
0.002240,0.997760,1
0.002761,0.997239,1
0.000072,0.999928,1
0.000554,0.999446,1
0.010386,0.989614,1
0.000656,0.999344,1
0.000228,0.999772,1
0.000057,0.999943,1
0.999891,0.000109,0
0.000002,0.999998,1
0.002300,0.997700,1
0.002426,0.997574,1
0.003293,0.996707,1
0.993779,0.006221,0
0.000956,0.999044,1
0.997099,0.002901,0
0.003662,0.996338,1
0.999983,0.000017,0
0.000156,0.999844,1
0.000171,0.999829,1
0.000048,0.999952,1
0.999633,0.000367,0
0.999904,0.000096,0
0.999856,0.000144,0
0.996951,0.003049,0
0.001671,0.998329,1
0.999177,0.000823,0
0.000052,0.999948,1
0.999946,0.000054,0
0.998346,0.001654,0
0.999901,0.000099,0
0.000269,0.999731,1
0.999708,0.000292,0
0.000253,0.999747,1
0.999842,0.000158,0
0.997967,0.002033,0
0.999355,0.000645,0
0.000178,0.999822,1
0.000129,0.999871,1
0.003426,0.996574,1
0.997693,0.002307,0
0.000032,0.999968,1
0.999824,0.000176,0
0.000129,0.999871,1
0.000962,0.999038,1
0.999285,0.000715,0
0.997905,0.002095,0
0.002970,0.997030,1
0.000978,0.999022,1
0.999872,0.000128,0
0.000760,0.999240,1
0.000058,0.999942,1
0.000312,0.999688,1
0.000033,0.999967,1
0.998378,0.001622,0
0.000302,0.999698,1
0.000271,0.999729,1
0.000117,0.999883,1
0.994934,0.005066,0
0.000026,0.999974,1
0.000303,0.999697,1
0.999320,0.000680,0
0.000035,0.999965,1
0.000025,0.999975,1
0.999911,0.000089,0
0.003926,0.996074,1
0.996063,0.003937,0
0.000178,0.999822,1
0.998868,0.001132,0
0.000093,0.999907,1
0.000333,0.999667,1
0.999424,0.000576,0
0.000009,0.999991,1
0.997156,0.002844,0
0.000014,0.999986,1
0.999394,0.000606,0
0.000041,0.999959,1
0.001700,0.998300,1
0.002689,0.997311,1
0.998965,0.001035,0
0.999984,0.000016,0
0.999430,0.000570,0
0.998962,0.001038,0
0.998919,0.001081,0
0.000991,0.999009,1
0.998483,0.001517,0
0.999646,0.000354,0
0.998503,0.001497,0
0.998778,0.001222,0
0.001449,0.998551,1
0.001110,0.998890,1
0.000018,0.999982,1
0.999180,0.000820,0
0.001677,0.998323,1
0.000062,0.999938,1
0.999903,0.000097,0
0.000785,0.999215,1
0.000007,0.999993,1
0.001916,0.998084,1
0.992463,0.007537,0
0.000854,0.999146,1
0.001633,0.998367,1
0.001285,0.998715,1
0.999851,0.000149,0
0.001039,0.998961,1
0.000807,0.999193,1
0.000757,0.999243,1
0.999091,0.000909,0
0.999583,0.000417,0
0.000195,0.999805,1
0.000207,0.999793,1
0.996930,0.003070,0
0.000496,0.999504,1
0.000144,0.999856,1
0.000092,0.999908,1
0.007640,0.992360,1
0.000177,0.999823,1
0.000303,0.999697,1
0.001722,0.998278,1
0.999825,0.000175,0
0.005256,0.994744,1
0.999392,0.000608,0
0.001085,0.998915,1
0.000943,0.999057,1
0.000105,0.999895,1
0.000149,0.999851,1
0.000645,0.999355,1
0.000270,0.999730,1
0.000102,0.999898,1
0.000563,0.999437,1
0.000012,0.999988,1
0.000047,0.999953,1
0.975184,0.024816,0
0.999591,0.000409,0
0.999473,0.000527,0
0.015769,0.984231,1
0.001032,0.998968,1
0.000289,0.999711,1
0.001688,0.998312,1
0.999795,0.000205,0
0.997443,0.002557,0
0.000186,0.999814,1
0.999923,0.000077,0
0.997468,0.002532,0
0.000050,0.999950,1
0.999368,0.000632,0
0.000085,0.999915,1
0.999497,0.000503,0
0.001454,0.998546,1
0.999054,0.000946,0
0.001884,0.998116,1
0.001121,0.998879,1
0.000020,0.999980,1
0.998542,0.001458,0
0.000214,0.999786,1
0.000001,0.999999,1
0.000104,0.999896,1
0.000949,0.999051,1
0.000466,0.999534,1
0.000523,0.999477,1
0.001722,0.998278,1
0.015061,0.984939,1
0.999489,0.000511,0
0.999598,0.000402,0
0.985715,0.014285,0
0.999783,0.000217,0
0.999164,0.000836,0
0.999029,0.000971,0
0.000058,0.999942,1
0.000002,0.999998,1
0.001215,0.998785,1
0.000443,0.999557,1
0.000044,0.999956,1
0.999553,0.000447,0
0.999655,0.000345,0
0.000261,0.999739,1
0.001129,0.998871,1
0.000004,0.999996,1
0.997050,0.002950,0
0.000490,0.999510,1
0.000417,0.999583,1
0.000218,0.999782,1
0.000088,0.999912,1
0.000108,0.999892,1
0.002034,0.997966,1
0.001096,0.998904,1
0.999584,0.000416,0
0.000352,0.999648,1
0.999472,0.000528,0
0.000252,0.999748,1
0.000658,0.999342,1
0.999335,0.000665,0
0.000667,0.999333,1
0.998160,0.001840,0
0.999728,0.000272,0
0.000082,0.999918,1
0.999829,0.000171,0
0.001324,0.998676,1
0.999335,0.000665,0
0.002181,0.997819,1
0.000173,0.999827,1
0.999874,0.000126,0
0.998571,0.001429,0
0.002653,0.997347,1
0.999933,0.000067,0
0.999657,0.000343,0
0.999016,0.000984,0
0.997947,0.002053,0
0.999238,0.000762,0
0.000067,0.999933,1
0.001032,0.998968,1
0.000708,0.999292,1
0.985761,0.014239,0
0.999944,0.000056,0
0.000363,0.999637,1
0.000252,0.999748,1
0.999439,0.000561,0
0.001617,0.998383,1
0.999836,0.000164,0
0.000027,0.999973,1
0.999524,0.000476,0
0.999733,0.000267,0
0.999903,0.000097,0
0.000273,0.999727,1
0.004886,0.995114,1
0.999580,0.000420,0
0.000352,0.999648,1
0.000188,0.999812,1
0.000117,0.999883,1
0.000137,0.999863,1
0.000472,0.999528,1
0.001256,0.998744,1
0.000775,0.999225,1
0.000681,0.999319,1
0.000580,0.999420,1
0.999923,0.000077,0
0.992287,0.007713,0
0.001167,0.998833,1
0.000234,0.999766,1
0.996241,0.003759,0
0.996620,0.003380,0
0.000115,0.999885,1
0.000604,0.999396,1
0.999923,0.000077,0
0.001227,0.998773,1
0.001103,0.998897,1
0.999890,0.000110,0
0.999789,0.000211,0
0.001922,0.998078,1
0.000038,0.999962,1
0.000184,0.999816,1
0.000392,0.999608,1
0.001155,0.998845,1
0.000456,0.999544,1
0.999212,0.000788,0
0.000187,0.999813,1
0.998123,0.001877,0
0.999969,0.000031,0
0.002902,0.997098,1
0.000068,0.999932,1
0.000123,0.999877,1
0.000940,0.999060,1
0.972020,0.027980,0
0.000211,0.999789,1
0.999533,0.000467,0
0.000663,0.999337,1
0.999601,0.000399,0
0.000228,0.999772,1
0.000101,0.999899,1
0.997477,0.002523,0
0.000223,0.999777,1
0.006873,0.993127,1
0.000070,0.999930,1
0.000499,0.999501,1
0.001085,0.998915,1
0.999969,0.000031,0
0.000406,0.999594,1
0.998841,0.001159,0
0.998702,0.001298,0
0.998774,0.001226,0
0.001256,0.998744,1
0.999273,0.000727,0
0.999207,0.000793,0
0.999051,0.000949,0
0.000683,0.999317,1
0.999141,0.000859,0
0.000284,0.999716,1
0.999541,0.000459,0
0.000718,0.999282,1
0.999816,0.000184,0
0.996279,0.003721,0
0.998508,0.001492,0
0.963317,0.036683,0
0.000690,0.999310,1
0.000052,0.999948,1
0.000307,0.999693,1
0.000775,0.999225,1
0.000369,0.999631,1
0.000069,0.999931,1
0.000020,0.999980,1
0.001096,0.998904,1
0.000037,0.999963,1
0.992562,0.007438,0
0.994100,0.005900,0
0.999410,0.000590,0
0.000007,0.999993,1
0.000334,0.999666,1
0.000267,0.999733,1
0.999823,0.000177,0
0.001311,0.998689,1
0.000765,0.999235,1
0.000208,0.999792,1
0.002644,0.997356,1
0.999720,0.000280,0
0.996920,0.003080,0
0.999598,0.000402,0
0.003798,0.996202,1
0.000224,0.999776,1
0.001523,0.998477,1
0.003325,0.996675,1
0.001231,0.998769,1
0.006390,0.993610,1
0.016188,0.983812,1
0.999359,0.000641,0
0.000011,0.999989,1
0.000409,0.999591,1
0.993462,0.006538,0
0.995708,0.004292,0
0.999688,0.000312,0
0.001369,0.998631,1
0.998868,0.001132,0
0.999848,0.000152,0
0.000447,0.999553,1
0.000188,0.999812,1
0.999828,0.000172,0
0.002370,0.997630,1
0.000421,0.999579,1
0.000389,0.999611,1
0.000029,0.999971,1
0.999290,0.000710,0
0.000125,0.999875,1
0.000207,0.999793,1
0.999402,0.000598,0
0.000630,0.999370,1
0.002835,0.997165,1
0.999908,0.000092,0
0.001333,0.998667,1
0.000563,0.999437,1
0.999809,0.000191,0
0.998622,0.001378,0
0.000424,0.999576,1
0.999450,0.000550,0
0.000043,0.999957,1
0.996564,0.003436,0
0.000178,0.999822,1
0.999236,0.000764,0
0.001077,0.998923,1
0.000903,0.999097,1
0.002131,0.997869,1
0.999937,0.000063,0
0.000033,0.999967,1
0.999864,0.000136,0
0.999862,0.000138,0
0.997374,0.002626,0
0.998741,0.001259,0
0.000149,0.999851,1
0.000001,0.999999,1
0.999827,0.000173,0
0.000513,0.999487,1
0.000906,0.999094,1
0.998346,0.001654,0
0.000247,0.999753,1
0.998955,0.001045,0
0.000424,0.999576,1
0.999786,0.000214,0
0.999648,0.000352,0
0.999808,0.000192,0
0.000016,0.999984,1
0.999750,0.000250,0
0.000122,0.999878,1
0.001538,0.998462,1
0.000742,0.999258,1
0.998890,0.001110,0
0.000003,0.999997,1
0.999263,0.000737,0
0.999218,0.000782,0
0.999583,0.000417,0
0.005379,0.994621,1
0.997877,0.002123,0
0.000888,0.999112,1
0.000000,1.000000,1
0.999220,0.000780,0
0.000608,0.999392,1
0.999976,0.000024,0
0.999963,0.000037,0
0.999829,0.000171,0
0.012992,0.987008,1
0.000245,0.999755,1
0.999871,0.000129,0
0.012085,0.987915,1
0.999927,0.000073,0
0.999051,0.000949,0
0.000163,0.999837,1
0.000708,0.999292,1
0.970818,0.029182,0
0.999978,0.000022,0
0.006121,0.993879,1
0.000094,0.999906,1
0.998104,0.001896,0
0.000121,0.999879,1
0.972291,0.027709,0
0.001272,0.998728,1
0.996848,0.003152,0
0.000112,0.999888,1
0.998000,0.002000,0
0.999873,0.000127,0
0.015512,0.984488,1
0.994515,0.005485,0
0.999939,0.000061,0
0.999955,0.000045,0
0.999896,0.000104,0
0.000006,0.999994,1
0.999667,0.000333,0
0.993505,0.006495,0
0.008216,0.991784,1
0.999942,0.000058,0
0.000521,0.999479,1
0.999958,0.000042,0
0.001025,0.998975,1
0.001264,0.998736,1
0.000145,0.999855,1
0.000078,0.999922,1
0.013382,0.986618,1
0.000940,0.999060,1
0.000033,0.999967,1
0.000417,0.999583,1
0.000312,0.999688,1
0.000404,0.999596,1
0.999480,0.000520,0
0.003978,0.996022,1
0.998273,0.001727,0
0.999308,0.000692,0
0.998468,0.001532,0
0.000029,0.999971,1
0.000089,0.999911,1
0.997011,0.002989,0
0.002743,0.997257,1
0.996494,0.003506,0
0.998741,0.001259,0
0.998982,0.001018,0
0.999363,0.000637,0
0.001049,0.998951,1
0.999893,0.000107,0
0.999945,0.000055,0
0.000064,0.999936,1
0.000003,0.999997,1
0.000578,0.999422,1
0.000011,0.999989,1
0.000687,0.999313,1
0.999141,0.000859,0
0.000817,0.999183,1
0.992945,0.007055,0
0.000006,0.999994,1
0.001425,0.998575,1
0.999758,0.000242,0
0.000574,0.999426,1
0.997686,0.002314,0
0.991678,0.008322,0
0.000250,0.999750,1
0.999786,0.000214,0
0.999869,0.000131,0
0.000075,0.999925,1
0.000584,0.999416,1
0.000014,0.999986,1
0.000503,0.999497,1
0.999124,0.000876,0
0.000475,0.999525,1
0.804177,0.195823,0
0.000428,0.999572,1
0.000031,0.999969,1
0.997834,0.002166,0
0.000446,0.999554,1
0.000369,0.999631,1
0.000641,0.999359,1
0.999752,0.000248,0
0.997591,0.002409,0
0.000358,0.999642,1
0.998196,0.001804,0
0.001677,0.998323,1
0.000701,0.999299,1
0.999992,0.000008,0
0.999590,0.000410,0
0.992463,0.007537,0
0.997607,0.002393,0
0.998542,0.001458,0
0.999870,0.000130,0
0.013738,0.986262,1
0.998503,0.001497,0
0.000007,0.999993,1
0.999964,0.000036,0
0.000097,0.999903,1
0.999779,0.000221,0
0.001179,0.998821,1
0.000042,0.999958,1
0.000305,0.999695,1
0.000366,0.999634,1
0.000626,0.999374,1
0.000412,0.999588,1
0.000897,0.999103,1
0.000035,0.999965,1
0.999834,0.000166,0
0.002124,0.997876,1
0.000039,0.999961,1
0.000009,0.999991,1
0.000102,0.999898,1
0.000283,0.999717,1
0.000728,0.999272,1
0.004112,0.995888,1
0.997678,0.002322,0
0.000421,0.999579,1
0.000509,0.999491,1
0.000494,0.999506,1
0.999789,0.000211,0
0.000036,0.999964,1
0.999591,0.000409,0
0.999435,0.000565,0
0.000106,0.999894,1
0.996774,0.003226,0
0.999408,0.000592,0
0.000493,0.999507,1
0.001941,0.998059,1
0.999876,0.000124,0
0.997011,0.002989,0
0.999885,0.000115,0
0.000004,0.999996,1
0.997147,0.002853,0
0.999204,0.000796,0
0.998079,0.001921,0
0.999180,0.000820,0
0.999844,0.000156,0
0.001711,0.998289,1
0.000516,0.999484,1
0.000249,0.999751,1
0.002499,0.997501,1
0.000073,0.999927,1
0.000294,0.999706,1
0.999916,0.000084,0
0.999215,0.000785,0
0.002549,0.997451,1
0.998941,0.001059,0
0.000780,0.999220,1
0.000423,0.999577,1
0.000823,0.999177,1
0.998919,0.001081,0
0.997891,0.002109,0
0.000812,0.999188,1
0.000246,0.999754,1
0.000962,0.999038,1
0.998948,0.001052,0
0.999831,0.000169,0
0.000016,0.999984,1
0.999731,0.000269,0
0.000217,0.999783,1
0.000011,0.999989,1
0.999342,0.000658,0
0.000969,0.999031,1
0.001067,0.998933,1
0.003566,0.996434,1
0.000099,0.999901,1
0.000019,0.999981,1
0.000017,0.999983,1
0.002034,0.997966,1
0.999210,0.000790,0
0.000014,0.999986,1
0.999934,0.000066,0
0.991226,0.008774,0
0.999908,0.000092,0
0.000167,0.999833,1
0.002951,0.997049,1
0.999324,0.000676,0
0.999894,0.000106,0
0.000185,0.999815,1
0.999164,0.000836,0
0.000735,0.999265,1
0.000772,0.999228,1
0.000490,0.999510,1
0.000011,0.999989,1
0.004209,0.995791,1
0.000140,0.999860,1
0.021303,0.978697,1
0.000244,0.999756,1
0.000185,0.999815,1
0.999353,0.000647,0
0.001740,0.998260,1
0.997798,0.002202,0
0.000205,0.999795,1
0.000725,0.999275,1
0.998196,0.001804,0
0.998503,0.001497,0
0.000214,0.999786,1
0.001574,0.998426,1
0.999539,0.000461,0
0.007640,0.992360,1
0.000669,0.999331,1
0.001074,0.998926,1
0.000042,0.999958,1
0.000552,0.999448,1
0.999717,0.000283,0
0.999661,0.000339,0
0.000046,0.999954,1
0.000063,0.999937,1
0.999482,0.000518,0
0.000179,0.999821,1
0.000021,0.999979,1
0.999789,0.000211,0
0.996981,0.003019,0
0.002124,0.997876,1
0.999531,0.000469,0
0.000483,0.999517,1
0.002096,0.997904,1
0.001125,0.998875,1
0.999641,0.000359,0
0.000532,0.999468,1
0.999869,0.000131,0
0.000242,0.999758,1
0.000235,0.999765,1
0.999355,0.000645,0
0.999743,0.000257,0
0.000390,0.999610,1
0.003153,0.996847,1
0.999586,0.000414,0
0.000030,0.999970,1
0.999795,0.000205,0
0.000024,0.999976,1
0.000586,0.999414,1
0.002270,0.997730,1
0.000273,0.999727,1
0.999894,0.000106,0
0.999941,0.000059,0
0.000242,0.999758,1
0.999672,0.000328,0
0.000339,0.999661,1
0.997011,0.002989,0
0.999473,0.000527,0
0.999812,0.000188,0
0.997128,0.002872,0
0.000217,0.999783,1
0.999647,0.000353,0
0.006265,0.993735,1
0.003337,0.996663,1
0.999873,0.000127,0
0.998741,0.001259,0
0.999612,0.000388,0
0.999130,0.000870,0
0.999875,0.000125,0
0.999798,0.000202,0
0.000302,0.999698,1
0.998571,0.001429,0
0.999641,0.000359,0
0.000925,0.999075,1
0.000498,0.999502,1
0.999406,0.000594,0
0.000882,0.999118,1
0.000134,0.999866,1
0.999070,0.000930,0
0.988539,0.011461,0
0.999775,0.000225,0
0.000327,0.999673,1
0.001028,0.998972,1
0.001032,0.998968,1
0.999808,0.000192,0
0.001430,0.998570,1
0.999879,0.000121,0
0.995398,0.004602,0
0.000169,0.999831,1
0.999933,0.000067,0
0.000002,0.999998,1
0.001187,0.998813,1
0.000065,0.999935,1
0.999570,0.000430,0
0.000073,0.999927,1
0.999970,0.000030,0
0.000428,0.999572,1
0.000034,0.999966,1
0.001099,0.998901,1
0.001980,0.998020,1
0.002417,0.997583,1
0.998875,0.001125,0
0.999054,0.000946,0
0.001717,0.998283,1
0.000815,0.999185,1
0.997240,0.002760,0
0.001001,0.998999,1
0.000055,0.999945,1
0.001401,0.998599,1
0.001025,0.998975,1
0.001711,0.998289,1
0.000647,0.999353,1
0.000008,0.999992,1
0.000012,0.999988,1
0.000424,0.999576,1
0.000740,0.999260,1
0.000815,0.999185,1
0.003228,0.996772,1
0.000314,0.999686,1
0.128765,0.871235,1
0.000014,0.999986,1
0.000043,0.999957,1
0.000796,0.999204,1
0.000107,0.999893,1
0.003249,0.996751,1
0.997194,0.002806,0
0.000554,0.999446,1
0.999479,0.000521,0
0.998318,0.001682,0
0.000127,0.999873,1
0.000931,0.999069,1
0.000122,0.999878,1
0.999038,0.000962,0
0.999672,0.000328,0
0.999650,0.000350,0
0.999987,0.000013,0
0.999715,0.000285,0
0.000267,0.999733,1
0.999132,0.000868,0
0.001264,0.998736,1
0.001351,0.998649,1
0.000136,0.999864,1
0.000788,0.999212,1
0.997267,0.002733,0
0.001022,0.998978,1
0.000133,0.999867,1
0.997655,0.002345,0
0.001980,0.998020,1
0.000195,0.999805,1
0.001103,0.998897,1
0.000571,0.999429,1
0.998830,0.001170,0
0.999152,0.000848,0
0.000021,0.999979,1
0.000788,0.999212,1
0.999445,0.000555,0
0.000874,0.999126,1
0.999652,0.000348,0
0.000187,0.999813,1
0.999890,0.000110,0
0.001163,0.998837,1
0.005805,0.994195,1
0.000051,0.999949,1
0.999969,0.000031,0
0.010250,0.989750,1
0.999972,0.000028,0
0.999516,0.000484,0
0.000184,0.999816,1
0.000021,0.999979,1
0.000062,0.999938,1
0.999601,0.000399,0
0.999492,0.000508,0
0.000074,0.999926,1
0.998513,0.001487,0
0.000222,0.999778,1
0.001235,0.998765,1
0.000115,0.999885,1
0.002689,0.997311,1
0.998640,0.001360,0
0.000998,0.999002,1
0.999783,0.000217,0
0.000552,0.999448,1
0.998154,0.001846,0
0.001342,0.998658,1
0.001056,0.998944,1
0.999940,0.000060,0
0.000988,0.999012,1
0.993287,0.006713,0
0.999849,0.000151,0
0.000704,0.999296,1
0.001513,0.998487,1
