score0,score1,class
0.000292,0.999708,1
0.999992,0.000008,0
0.999918,0.000082,0
0.999341,0.000659,0
0.000000,1.000000,1
0.000871,0.999129,1
0.000715,0.999285,1
0.000003,0.999997,1
0.999706,0.000294,0
0.000262,0.999738,1
0.999888,0.000112,0
0.000001,0.999999,1
0.000032,0.999968,1
0.000001,0.999999,1
0.999899,0.000101,0
0.002870,0.997130,1
0.999793,0.000207,0
0.999969,0.000031,0
0.999735,0.000265,0
0.000028,0.999972,1
0.999438,0.000562,0
0.000040,0.999960,1
0.000820,0.999180,1
1.000000,0.000000,0
0.999960,0.000040,0
0.013724,0.986276,1
0.999986,0.000014,0
0.999481,0.000519,0
0.999889,0.000111,0
0.001541,0.998459,1
0.000045,0.999955,1
0.999999,0.000001,0
0.999852,0.000148,0
0.000000,1.000000,1
0.000585,0.999415,1
0.999556,0.000444,0
0.999777,0.000223,0
0.999150,0.000850,0
0.999874,0.000126,0
0.000000,1.000000,1
0.999934,0.000066,0
0.999965,0.000035,0
0.999941,0.000059,0
0.000871,0.999129,1
0.999965,0.000035,0
1.000000,0.000000,0
0.000065,0.999935,1
0.999950,0.000050,0
0.000087,0.999913,1
0.999970,0.000030,0
0.000013,0.999987,1
0.000011,0.999989,1
0.999764,0.000236,0
0.999999,0.000001,0
0.999717,0.000283,0
0.999992,0.000008,0
0.000228,0.999772,1
0.001106,0.998894,1
0.000075,0.999925,1
0.999966,0.000034,0
0.994020,0.005980,0
0.000013,0.999987,1
0.999996,0.000004,0
0.000399,0.999601,1
0.000021,0.999979,1
0.000000,1.000000,1
0.998734,0.001266,0
0.999849,0.000151,0
0.999932,0.000068,0
0.999980,0.000020,0
0.999998,0.000002,0
0.000389,0.999611,1
0.999998,0.000002,0
0.999939,0.000061,0
0.000000,1.000000,1
0.999968,0.000032,0
0.000002,0.999998,1
0.000059,0.999941,1
0.000606,0.999394,1
0.000221,0.999779,1
0.999351,0.000649,0
0.000496,0.999504,1
0.000007,0.999993,1
0.006982,0.993018,1
1.000000,0.000000,0
0.000109,0.999891,1
0.000397,0.999603,1
0.000039,0.999961,1
0.000075,0.999925,1
0.999993,0.000007,0
0.000224,0.999776,1
0.000061,0.999939,1
0.000025,0.999975,1
0.999543,0.000457,0
0.999996,0.000004,0
0.999952,0.000048,0
0.000001,0.999999,1
0.999958,0.000042,0
0.000015,0.999985,1
0.999980,0.000020,0
0.000490,0.999510,1
0.999594,0.000406,0
0.000095,0.999905,1
0.000071,0.999929,1
0.000211,0.999789,1
0.000001,0.999999,1
0.000037,0.999963,1
0.001881,0.998119,1
0.000009,0.999991,1
0.999978,0.000022,0
0.999576,0.000424,0
0.999936,0.000064,0
0.996557,0.003443,0
0.999936,0.000064,0
0.999994,0.000006,0
0.999837,0.000163,0
0.999925,0.000075,0
0.000000,1.000000,1
0.000044,0.999956,1
0.000434,0.999566,1
0.000128,0.999872,1
0.001959,0.998041,1
0.999898,0.000102,0
0.999965,0.000035,0
0.000015,0.999985,1
1.000000,0.000000,0
0.000004,0.999996,1
0.000006,0.999994,1
0.000034,0.999966,1
1.000000,0.000000,0
0.000002,0.999998,1
0.999784,0.000216,0
0.006892,0.993108,1
0.999920,0.000080,0
0.000080,0.999920,1
1.000000,0.000000,0
0.999788,0.000212,0
0.002175,0.997825,1
0.000022,0.999978,1
0.000137,0.999863,1
0.078901,0.921099,1
0.000029,0.999971,1
0.000065,0.999935,1
0.999537,0.000463,0
0.000008,0.999992,1
0.999994,0.000006,0
0.999942,0.000058,0
0.000010,0.999990,1
0.000074,0.999926,1
0.000686,0.999314,1
0.000000,1.000000,1
0.999982,0.000018,0
0.000006,0.999994,1
0.000000,1.000000,1
0.999798,0.000202,0
0.999921,0.000079,0
0.999775,0.000225,0
0.000007,0.999993,1
0.000001,0.999999,1
0.999585,0.000415,0
0.999923,0.000077,0
0.000061,0.999939,1
0.999975,0.000025,0
0.999835,0.000165,0
0.999514,0.000486,0
0.999412,0.000588,0
0.000010,0.999990,1
0.999147,0.000853,0
1.000000,0.000000,0
0.000067,0.999933,1
0.000602,0.999398,1
0.999845,0.000155,0
0.999524,0.000476,0
0.997602,0.002398,0
0.000349,0.999651,1
0.000001,0.999999,1
0.000040,0.999960,1
0.999620,0.000380,0
0.999793,0.000207,0
0.000019,0.999981,1
0.000074,0.999926,1
0.000000,1.000000,1
0.000049,0.999951,1
0.999791,0.000209,0
0.000080,0.999920,1
0.999929,0.000071,0
0.999901,0.000099,0
0.000006,0.999994,1
0.000097,0.999903,1
0.999673,0.000327,0
0.999952,0.000048,0
0.000001,0.999999,1
0.999412,0.000588,0
0.000255,0.999745,1
0.000002,0.999998,1
0.000000,1.000000,1
0.000000,1.000000,1
0.000010,0.999990,1
0.998844,0.001156,0
0.000003,0.999997,1
0.000019,0.999981,1
0.000103,0.999897,1
0.000024,0.999976,1
0.000071,0.999929,1
0.999956,0.000044,0
0.999990,0.000010,0
0.999993,0.000007,0
0.000069,0.999931,1
0.000070,0.999930,1
0.999946,0.000054,0
0.000288,0.999712,1
0.000030,0.999970,1
0.000143,0.999857,1
0.999977,0.000023,0
0.999969,0.000031,0
0.000363,0.999637,1
0.000024,0.999976,1
0.999902,0.000098,0
0.000768,0.999232,1
0.000013,0.999987,1
0.000017,0.999983,1
0.000000,1.000000,1
0.004717,0.995283,1
0.999952,0.000048,0
0.999889,0.000111,0
0.998585,0.001415,0
0.999986,0.000014,0
0.002819,0.997181,1
0.000019,0.999981,1
0.999981,0.000019,0
0.999871,0.000129,0
0.000004,0.999996,1
0.999864,0.000136,0
0.000572,0.999428,1
0.999964,0.000036,0
0.998807,0.001193,0
0.000159,0.999841,1
0.998682,0.001318,0
0.999875,0.000125,0
0.000234,0.999766,1
0.999883,0.000117,0
0.997972,0.002028,0
0.000841,0.999159,1
0.000336,0.999664,1
0.000000,1.000000,1
0.000050,0.999950,1
0.999474,0.000526,0
0.000034,0.999966,1
0.999911,0.000089,0
0.000000,1.000000,1
0.000187,0.999813,1
0.999916,0.000084,0
0.999818,0.000182,0
0.000059,0.999941,1
0.000044,0.999956,1
0.000047,0.999953,1
0.999920,0.000080,0
0.000299,0.999701,1
0.000061,0.999939,1
0.000466,0.999534,1
0.999999,0.000001,0
0.000040,0.999960,1
0.000005,0.999995,1
1.000000,0.000000,0
0.000028,0.999972,1
0.999981,0.000019,0
0.999921,0.000079,0
0.000002,0.999998,1
0.002768,0.997232,1
0.999984,0.000016,0
0.000005,0.999995,1
0.000029,0.999971,1
0.999807,0.000193,0
0.000007,0.999993,1
0.999626,0.000374,0
0.002508,0.997492,1
0.000132,0.999868,1
0.998868,0.001132,0
1.000000,0.000000,0
0.999272,0.000728,0
0.999978,0.000022,0
1.000000,0.000000,0
0.999590,0.000410,0
0.000162,0.999838,1
0.000006,0.999994,1
0.999981,0.000019,0
0.999989,0.000011,0
0.999814,0.000186,0
0.000017,0.999983,1
0.999862,0.000138,0
0.999965,0.000035,0
0.999879,0.000121,0
0.999866,0.000134,0
0.000298,0.999702,1
0.000064,0.999936,1
0.000351,0.999649,1
0.999949,0.000051,0
0.000028,0.999972,1
0.991894,0.008106,0
0.000000,1.000000,1
0.000069,0.999931,1
0.999830,0.000170,0
0.999217,0.000783,0
0.000397,0.999603,1
0.000009,0.999991,1
0.999967,0.000033,0
0.999889,0.000111,0
0.000007,0.999993,1
0.999860,0.000140,0
0.000057,0.999943,1
0.999933,0.000067,0
0.998889,0.001111,0
0.999981,0.000019,0
0.001358,0.998642,1
0.000007,0.999993,1
0.000041,0.999959,1
0.999830,0.000170,0
0.000001,0.999999,1
0.000007,0.999993,1
0.000088,0.999912,1
0.000003,0.999997,1
0.000035,0.999965,1
0.999925,0.000075,0
0.999970,0.000030,0
0.000871,0.999129,1
0.001004,0.998996,1
0.000009,0.999991,1
0.000304,0.999696,1
1.000000,0.000000,0
0.000085,0.999915,1
0.000090,0.999910,1
0.000349,0.999651,1
0.999992,0.000008,0
0.000002,0.999998,1
0.001054,0.998946,1
0.999948,0.000052,0
0.999752,0.000248,0
0.999648,0.000352,0
0.999880,0.000120,0
0.000563,0.999437,1
0.999970,0.000030,0
0.001829,0.998171,1
0.999944,0.000056,0
0.001028,0.998972,1
0.999962,0.000038,0
1.000000,0.000000,0
0.999990,0.000010,0
0.999999,0.000001,0
0.998844,0.001156,0
0.998521,0.001479,0
0.999828,0.000172,0
0.000026,0.999974,1
0.999961,0.000039,0
0.000435,0.999565,1
0.000158,0.999842,1
0.000135,0.999865,1
0.000213,0.999787,1
0.999700,0.000300,0
0.999978,0.000022,0
0.000168,0.999832,1
0.000926,0.999074,1
0.000011,0.999989,1
0.000272,0.999728,1
0.000000,1.000000,1
0.000071,0.999929,1
0.000019,0.999981,1
0.000363,0.999637,1
0.999952,0.000048,0
0.000130,0.999870,1
0.000048,0.999952,1
0.997388,0.002612,0
0.000003,0.999997,1
0.999958,0.000042,0
0.999978,0.000022,0
0.999321,0.000679,0
0.000019,0.999981,1
0.999955,0.000045,0
0.999999,0.000001,0
0.999725,0.000275,0
0.000637,0.999363,1
0.001760,0.998240,1
0.999345,0.000655,0
0.000010,0.999990,1
0.000159,0.999841,1
0.999963,0.000037,0
0.000019,0.999981,1
0.000940,0.999060,1
0.000003,0.999997,1
0.000533,0.999467,1
0.000082,0.999918,1
0.002363,0.997637,1
0.999933,0.000067,0
0.000159,0.999841,1
0.000012,0.999988,1
0.000065,0.999935,1
0.998197,0.001803,0
0.000009,0.999991,1
0.999378,0.000622,0
0.999679,0.000321,0
0.000002,0.999998,1
0.000482,0.999518,1
0.000094,0.999906,1
0.000335,0.999665,1
0.999999,0.000001,0
0.999969,0.000031,0
0.000003,0.999997,1
0.001207,0.998793,1
0.000199,0.999801,1
0.000075,0.999925,1
0.000079,0.999921,1
0.999968,0.000032,0
0.999927,0.000073,0
0.000430,0.999570,1
0.000009,0.999991,1
0.999854,0.000146,0
0.000016,0.999984,1
0.990824,0.009176,0
0.000021,0.999979,1
0.000159,0.999841,1
0.000033,0.999967,1
0.000001,0.999999,1
1.000000,0.000000,0
0.000018,0.999982,1
0.999778,0.000222,0
0.999998,0.000002,0
0.999574,0.000426,0
0.999581,0.000419,0
0.000033,0.999967,1
0.999937,0.000063,0
0.000010,0.999990,1
0.999806,0.000194,0
0.000009,0.999991,1
0.000006,0.999994,1
0.000006,0.999994,1
0.999997,0.000003,0
0.001124,0.998876,1
0.999656,0.000344,0
0.999986,0.000014,0
0.000009,0.999991,1
0.999913,0.000087,0
0.999997,0.000003,0
0.999773,0.000227,0
0.000007,0.999993,1
0.000022,0.999978,1
0.000640,0.999360,1
0.000008,0.999992,1
0.000000,1.000000,1
0.998569,0.001431,0
0.000079,0.999921,1
1.000000,0.000000,0
0.000006,0.999994,1
0.000000,1.000000,1
0.999849,0.000151,0
0.000133,0.999867,1
0.999862,0.000138,0
0.000012,0.999988,1
0.000000,1.000000,1
0.000033,0.999967,1
0.999991,0.000009,0
0.000017,0.999983,1
1.000000,0.000000,0
0.000005,0.999995,1
0.000763,0.999237,1
0.999994,0.000006,0
0.000023,0.999977,1
0.992471,0.007529,0
0.001844,0.998156,1
0.000032,0.999968,1
0.999899,0.000101,0
0.999942,0.000058,0
0.000290,0.999710,1
0.999961,0.000039,0
0.999984,0.000016,0
0.000669,0.999331,1
0.999999,0.000001,0
0.999947,0.000053,0
0.999986,0.000014,0
0.999840,0.000160,0
0.000027,0.999973,1
0.999947,0.000053,0
0.000155,0.999845,1
0.999984,0.000016,0
0.000337,0.999663,1
0.999943,0.000057,0
0.000326,0.999674,1
0.999975,0.000025,0
0.999771,0.000229,0
0.000057,0.999943,1
0.999992,0.000008,0
0.999606,0.000394,0
0.999869,0.000131,0
0.000012,0.999988,1
0.000068,0.999932,1
0.999997,0.000003,0
0.999954,0.000046,0
0.000400,0.999600,1
0.000016,0.999984,1
0.000047,0.999953,1
0.999398,0.000602,0
0.000239,0.999761,1
0.000010,0.999990,1
0.001413,0.998587,1
0.000009,0.999991,1
0.000009,0.999991,1
0.999997,0.000003,0
0.999927,0.000073,0
0.000072,0.999928,1
1.000000,0.000000,0
0.999979,0.000021,0
0.000491,0.999509,1
0.000030,0.999970,1
0.999752,0.000248,0
0.999451,0.000549,0
0.000014,0.999986,1
0.999934,0.000066,0
0.000027,0.999973,1
0.000067,0.999933,1
0.998602,0.001398,0
0.000000,1.000000,1
0.000354,0.999646,1
0.999565,0.000435,0
0.999713,0.000287,0
0.001001,0.998999,1
0.000097,0.999903,1
0.004540,0.995460,1
0.000075,0.999925,1
0.000009,0.999991,1
0.999824,0.000176,0
0.000034,0.999966,1
0.999856,0.000144,0
0.000021,0.999979,1
0.999638,0.000362,0
0.000272,0.999728,1
0.999973,0.000027,0
0.999788,0.000212,0
0.999555,0.000445,0
0.998372,0.001628,0
0.000594,0.999406,1
0.000239,0.999761,1
0.999785,0.000215,0
0.000243,0.999757,1
0.000001,0.999999,1
0.000002,0.999998,1
0.000003,0.999997,1
0.999893,0.000107,0
0.999945,0.000055,0
0.999754,0.000246,0
0.000003,0.999997,1
0.000030,0.999970,1
0.000200,0.999800,1
0.000051,0.999949,1
0.996991,0.003009,0
0.000001,0.999999,1
0.999953,0.000047,0
0.000085,0.999915,1
0.000012,0.999988,1
0.999849,0.000151,0
0.000007,0.999993,1
0.999977,0.000023,0
0.000019,0.999981,1
0.999992,0.000008,0
0.000520,0.999480,1
0.000585,0.999415,1
0.998889,0.001111,0
0.000994,0.999006,1
0.000003,0.999997,1
0.000004,0.999996,1
0.000009,0.999991,1
0.999771,0.000229,0
0.999977,0.000023,0
0.000690,0.999310,1
0.999188,0.000812,0
0.000155,0.999845,1
0.999680,0.000320,0
0.999768,0.000232,0
0.000345,0.999655,1
0.999917,0.000083,0
0.999952,0.000048,0
0.000002,0.999998,1
0.000011,0.999989,1
0.001096,0.998904,1
0.000123,0.999877,1
0.000047,0.999953,1
0.999962,0.000038,0
0.002938,0.997062,1
0.999997,0.000003,0
0.998479,0.001521,0
0.999919,0.000081,0
0.000005,0.999995,1
0.000061,0.999939,1
0.000000,1.000000,1
0.000001,0.999999,1
0.000013,0.999987,1
0.000402,0.999598,1
0.999792,0.000208,0
0.999994,0.000006,0
0.000127,0.999873,1
0.999899,0.000101,0
0.999946,0.000054,0
0.999833,0.000167,0
0.999822,0.000178,0
0.000034,0.999966,1
0.999941,0.000059,0
0.000064,0.999936,1
0.999724,0.000276,0
0.000002,0.999998,1
0.997946,0.002054,0
0.000083,0.999917,1
0.999670,0.000330,0
0.000209,0.999791,1
0.999968,0.000032,0
0.000322,0.999678,1
0.000001,0.999999,1
0.000385,0.999615,1
0.999968,0.000032,0
0.999849,0.000151,0
0.999910,0.000090,0
0.999922,0.000078,0
0.999999,0.000001,0
1.000000,0.000000,0
0.000006,0.999994,1
0.000025,0.999975,1
0.000115,0.999885,1
0.000000,1.000000,1
0.000252,0.999748,1
0.000319,0.999681,1
0.000000,1.000000,1
0.999532,0.000468,0
1.000000,0.000000,0
0.000050,0.999950,1
0.000013,0.999987,1
0.999952,0.000048,0
0.000000,1.000000,1
1.000000,0.000000,0
0.999771,0.000229,0
0.000003,0.999997,1
0.000023,0.999977,1
0.999728,0.000272,0
0.999723,0.000277,0
0.999871,0.000129,0
0.999944,0.000056,0
0.998823,0.001177,0
0.000065,0.999935,1
0.001632,0.998368,1
1.000000,0.000000,0
0.999093,0.000907,0
0.000133,0.999867,1
0.000504,0.999496,1
0.000091,0.999909,1
0.999962,0.000038,0
0.000030,0.999970,1
0.000618,0.999382,1
0.999088,0.000912,0
0.000010,0.999990,1
0.000007,0.999993,1
0.999999,0.000001,0
0.999932,0.000068,0
0.000504,0.999496,1
0.999967,0.000033,0
1.000000,0.000000,0
0.000699,0.999301,1
0.999874,0.000126,0
0.999896,0.000104,0
0.998980,0.001020,0
0.999683,0.000317,0
0.000017,0.999983,1
0.000006,0.999994,1
0.000084,0.999916,1
0.999989,0.000011,0
0.999929,0.000071,0
0.999404,0.000596,0
0.999690,0.000310,0
0.001074,0.998926,1
0.000004,0.999996,1
0.999983,0.000017,0
0.000007,0.999993,1
0.993645,0.006355,0
0.000055,0.999945,1
0.911791,0.088209,0
0.000629,0.999371,1
0.000043,0.999957,1
0.000019,0.999981,1
0.999984,0.000016,0
0.000267,0.999733,1
0.999943,0.000057,0
0.998955,0.001045,0
0.000159,0.999841,1
0.999040,0.000960,0
0.000354,0.999646,1
0.999879,0.000121,0
0.000001,0.999999,1
0.000001,0.999999,1
0.000075,0.999925,1
0.999901,0.000099,0
0.999969,0.000031,0
0.000002,0.999998,1
0.000080,0.999920,1
0.999835,0.000165,0
1.000000,0.000000,0
0.999984,0.000016,0
0.999975,0.000025,0
0.000190,0.999810,1
0.999765,0.000235,0
0.999954,0.000046,0
1.000000,0.000000,0
0.000073,0.999927,1
0.000135,0.999865,1
0.000016,0.999984,1
0.000027,0.999973,1
0.000015,0.999985,1
0.000143,0.999857,1
0.999717,0.000283,0
0.000018,0.999982,1
0.000284,0.999716,1
0.000001,0.999999,1
0.000009,0.999991,1
0.000233,0.999767,1
0.000012,0.999988,1
0.999355,0.000645,0
0.000769,0.999231,1
0.000012,0.999988,1
0.000045,0.999955,1
0.998602,0.001398,0
0.000025,0.999975,1
0.999739,0.000261,0
0.000000,1.000000,1
0.000002,0.999998,1
0.000566,0.999434,1
0.000019,0.999981,1
0.000731,0.999269,1
0.999687,0.000313,0
0.999742,0.000258,0
0.999792,0.000208,0
0.999799,0.000201,0
0.000017,0.999983,1
1.000000,0.000000,0
0.999760,0.000240,0
0.999963,0.000037,0
0.000003,0.999997,1
1.000000,0.000000,0
0.999987,0.000013,0
0.000099,0.999901,1
0.999079,0.000921,0
0.000018,0.999982,1
0.999967,0.000033,0
0.000013,0.999987,1
0.000018,0.999982,1
0.000506,0.999494,1
0.000267,0.999733,1
0.999961,0.000039,0
0.000062,0.999938,1
0.999624,0.000376,0
0.999953,0.000047,0
0.999995,0.000005,0
0.000445,0.999555,1
0.999836,0.000164,0
0.999291,0.000709,0
0.000022,0.999978,1
0.000000,1.000000,1
1.000000,0.000000,0
0.999995,0.000005,0
0.999947,0.000053,0
0.999917,0.000083,0
0.000005,0.999995,1
0.999999,0.000001,0
0.002116,0.997884,1
0.999612,0.000388,0
0.000032,0.999968,1
0.999792,0.000208,0
0.999515,0.000485,0
0.000228,0.999772,1
0.999799,0.000201,0
0.000030,0.999970,1
0.002609,0.997391,1
0.998870,0.001130,0
0.999864,0.000136,0
0.999999,0.000001,0
0.999721,0.000279,0
0.999484,0.000516,0
0.000004,0.999996,1
0.000458,0.999542,1
1.000000,0.000000,0
0.000951,0.999049,1
0.002679,0.997321,1
0.999938,0.000062,0
0.999975,0.000025,0
0.999956,0.000044,0
0.000001,0.999999,1
0.999955,0.000045,0
0.000159,0.999841,1
0.999027,0.000973,0
0.999577,0.000423,0
0.999984,0.000016,0
0.998889,0.001111,0
0.999996,0.000004,0
0.000048,0.999952,1
0.000010,0.999990,1
0.999701,0.000299,0
0.000001,0.999999,1
0.000124,0.999876,1
0.998950,0.001050,0
0.001593,0.998407,1
0.998301,0.001699,0
0.000000,1.000000,1
0.999919,0.000081,0
0.999834,0.000166,0
0.000147,0.999853,1
0.999749,0.000251,0
1.000000,0.000000,0
0.000003,0.999997,1
0.999947,0.000053,0
0.000221,0.999779,1
0.000099,0.999901,1
0.999909,0.000091,0
0.999847,0.000153,0
0.000159,0.999841,1
0.999910,0.000090,0
0.000076,0.999924,1
0.999150,0.000850,0
0.999978,0.000022,0
0.000090,0.999910,1
0.999938,0.000062,0
0.999815,0.000185,0
0.000028,0.999972,1
0.000004,0.999996,1
0.999920,0.000080,0
0.999905,0.000095,0
0.000427,0.999573,1
0.000015,0.999985,1
0.999818,0.000182,0
0.000233,0.999767,1
0.000648,0.999352,1
0.999963,0.000037,0
0.000008,0.999992,1
0.999934,0.000066,0
0.000325,0.999675,1
0.000376,0.999624,1
0.000227,0.999773,1
0.999935,0.000065,0
0.002938,0.997062,1
0.000038,0.999962,1
0.999657,0.000343,0
0.999754,0.000246,0
0.000002,0.999998,1
0.999915,0.000085,0
0.999935,0.000065,0
0.999993,0.000007,0
0.000084,0.999916,1
0.000001,0.999999,1
0.999996,0.000004,0
0.000001,0.999999,1
1.000000,0.000000,0
0.008816,0.991184,1
0.000002,0.999998,1
0.999992,0.000008,0
0.000002,0.999998,1
0.999683,0.000317,0
0.999952,0.000048,0
0.000000,1.000000,1
0.000657,0.999343,1
0.997393,0.002607,0
0.000187,0.999813,1
0.000006,0.999994,1
0.999999,0.000001,0
0.000054,0.999946,1
0.999004,0.000996,0
0.000352,0.999648,1
0.001418,0.998582,1
0.000004,0.999996,1
1.000000,0.000000,0
0.000000,1.000000,1
0.000297,0.999703,1
0.000012,0.999988,1
0.000128,0.999872,1
0.999953,0.000047,0
0.000000,1.000000,1
0.000574,0.999426,1
0.999992,0.000008,0
0.000002,0.999998,1
0.001760,0.998240,1
0.999743,0.000257,0
0.000001,0.999999,1
0.999542,0.000458,0
0.000045,0.999955,1
0.000002,0.999998,1
0.000075,0.999925,1
1.000000,0.000000,0
0.999874,0.000126,0
0.000647,0.999353,1
0.000006,0.999994,1
0.000006,0.999994,1
0.999979,0.000021,0
0.000060,0.999940,1
0.000000,1.000000,1
0.000052,0.999948,1
1.000000,0.000000,0
0.000000,1.000000,1
0.999163,0.000837,0
0.000053,0.999947,1
0.999152,0.000848,0
0.999910,0.000090,0
0.000000,1.000000,1
0.000004,0.999996,1
0.001037,0.998963,1
0.999869,0.000131,0
0.999861,0.000139,0
0.000010,0.999990,1
0.000006,0.999994,1
0.000000,1.000000,1
0.000120,0.999880,1
0.000072,0.999928,1
0.000008,0.999992,1
0.999977,0.000023,0
0.999962,0.000038,0
0.000000,1.000000,1
0.000377,0.999623,1
0.000071,0.999929,1
1.000000,0.000000,0
0.999990,0.000010,0
0.000048,0.999952,1
0.000023,0.999977,1
0.999915,0.000085,0
0.999514,0.000486,0
0.000046,0.999954,1
0.000015,0.999985,1
0.000023,0.999977,1
0.999996,0.000004,0
0.999940,0.000060,0
0.000083,0.999917,1
0.999989,0.000011,0
0.000002,0.999998,1
0.000021,0.999979,1
0.000075,0.999925,1
0.000023,0.999977,1
0.000000,1.000000,1
0.000034,0.999966,1
0.000000,1.000000,1
0.999556,0.000444,0
0.999924,0.000076,0
0.999952,0.000048,0
0.000008,0.999992,1
0.999605,0.000395,0
0.000104,0.999896,1
0.000197,0.999803,1
0.000003,0.999997,1
0.999899,0.000101,0
0.999548,0.000452,0
0.000021,0.999979,1
0.999852,0.000148,0
0.999949,0.000051,0
0.000985,0.999015,1
0.000414,0.999586,1
0.000000,1.000000,1
0.999394,0.000606,0
0.001184,0.998816,1
0.999647,0.000353,0
0.000003,0.999997,1
0.999720,0.000280,0
0.000001,0.999999,1
0.000077,0.999923,1
0.999865,0.000135,0
0.999987,0.000013,0
0.997865,0.002135,0
0.000622,0.999378,1
0.999305,0.000695,0
1.000000,0.000000,0
0.000001,0.999999,1
0.000075,0.999925,1
0.999980,0.000020,0
0.999874,0.000126,0
0.999770,0.000230,0
0.999585,0.000415,0
0.999936,0.000064,0
0.000011,0.999989,1
0.003050,0.996950,1
0.000012,0.999988,1
0.000077,0.999923,1
0.000033,0.999967,1
0.999946,0.000054,0
0.000002,0.999998,1
0.000431,0.999569,1
0.000769,0.999231,1
0.000000,1.000000,1
0.999560,0.000440,0
0.999981,0.000019,0
0.000012,0.999988,1
1.000000,0.000000,0
0.003123,0.996877,1
0.000003,0.999997,1
0.000002,0.999998,1
0.000009,0.999991,1
0.001864,0.998136,1
0.000272,0.999728,1
0.003050,0.996950,1
0.999710,0.000290,0
0.000001,0.999999,1
0.000164,0.999836,1
0.000010,0.999990,1
1.000000,0.000000,0
0.999983,0.000017,0
0.999955,0.000045,0
0.999944,0.000056,0
0.000007,0.999993,1
0.999876,0.000124,0
0.999988,0.000012,0
0.000020,0.999980,1
0.999671,0.000329,0
0.999999,0.000001,0
0.000159,0.999841,1
0.000079,0.999921,1
0.000031,0.999969,1
0.999987,0.000013,0
0.000000,1.000000,1
0.000442,0.999558,1
1.000000,0.000000,0
0.000265,0.999735,1
0.999799,0.000201,0
0.999977,0.000023,0
0.000250,0.999750,1
0.000060,0.999940,1
0.000014,0.999986,1
0.000000,1.000000,1
0.000055,0.999945,1
0.999998,0.000002,0
0.000016,0.999984,1
0.999984,0.000016,0
0.000014,0.999986,1
0.999929,0.000071,0
0.000395,0.999605,1
0.000297,0.999703,1
0.001760,0.998240,1
0.000159,0.999841,1
0.999990,0.000010,0
0.000028,0.999972,1
0.000017,0.999983,1
0.999965,0.000035,0
0.999898,0.000102,0
0.000430,0.999570,1
0.000086,0.999914,1
0.999998,0.000002,0
0.000085,0.999915,1
0.999259,0.000741,0
0.000850,0.999150,1
0.001044,0.998956,1
0.000006,0.999994,1
0.999950,0.000050,0
0.000302,0.999698,1
1.000000,0.000000,0
0.999704,0.000296,0
0.000023,0.999977,1
0.999954,0.000046,0
0.998160,0.001840,0
0.000067,0.999933,1
1.000000,0.000000,0
0.000001,0.999999,1
0.999161,0.000839,0
0.999079,0.000921,0
0.000023,0.999977,1
0.999966,0.000034,0
0.000002,0.999998,1
0.999723,0.000277,0
0.000863,0.999137,1
0.999668,0.000332,0
0.000087,0.999913,1
0.000154,0.999846,1
0.000578,0.999422,1
0.999295,0.000705,0
0.001071,0.998929,1
0.000011,0.999989,1
0.000065,0.999935,1
0.000255,0.999745,1
0.000021,0.999979,1
1.000000,0.000000,0
0.998490,0.001510,0
0.999540,0.000460,0
0.000042,0.999958,1
0.999629,0.000371,0
0.999607,0.000393,0
0.999372,0.000628,0
0.000005,0.999995,1
0.000327,0.999673,1
0.001422,0.998578,1
0.000000,1.000000,1
0.999993,0.000007,0
0.999954,0.000046,0
0.000047,0.999953,1
0.999993,0.000007,0
0.001149,0.998851,1
0.000079,0.999921,1
0.000050,0.999950,1
0.004257,0.995743,1
0.000152,0.999848,1
0.999692,0.000308,0
0.999971,0.000029,0
0.999975,0.000025,0
0.000013,0.999987,1
0.000006,0.999994,1
0.000017,0.999983,1
0.001171,0.998829,1
0.000009,0.999991,1
1.000000,0.000000,0
0.000039,0.999961,1
0.999953,0.000047,0
0.999267,0.000733,0
0.000951,0.999049,1
0.000004,0.999996,1
0.000019,0.999981,1
0.999830,0.000170,0
0.000000,1.000000,1
0.999952,0.000048,0
0.998684,0.001316,0
0.000013,0.999987,1
0.000336,0.999664,1
0.999782,0.000218,0
0.000000,1.000000,1
0.000648,0.999352,1
0.999924,0.000076,0
0.999574,0.000426,0
0.001440,0.998560,1
0.000004,0.999996,1
0.000258,0.999742,1
0.000071,0.999929,1
0.000000,1.000000,1
0.000000,1.000000,1
0.999591,0.000409,0
0.000457,0.999543,1
0.000004,0.999996,1
0.999851,0.000149,0
0.000054,0.999946,1
0.000060,0.999940,1
0.000009,0.999991,1
0.999910,0.000090,0
0.999869,0.000131,0
0.000951,0.999049,1
0.000056,0.999944,1
0.999928,0.000072,0
0.998700,0.001300,0
0.998989,0.001011,0
0.999679,0.000321,0
0.000010,0.999990,1
0.998763,0.001237,0
0.000053,0.999947,1
0.000001,0.999999,1
0.000008,0.999992,1
0.000000,1.000000,1
0.000149,0.999851,1
0.000083,0.999917,1
0.999996,0.000004,0
0.003894,0.996106,1
0.999974,0.000026,0
0.000002,0.999998,1
0.999959,0.000041,0
1.000000,0.000000,0
0.000022,0.999978,1
0.000053,0.999947,1
0.999804,0.000196,0
0.000001,0.999999,1
0.000084,0.999916,1
0.000026,0.999974,1
0.999754,0.000246,0
0.000000,1.000000,1
0.000008,0.999992,1
0.999975,0.000025,0
0.999444,0.000556,0
0.996465,0.003535,0
0.999769,0.000231,0
0.999972,0.000028,0
0.000020,0.999980,1
0.000556,0.999444,1
0.999980,0.000020,0
0.000045,0.999955,1
0.999992,0.000008,0
0.000015,0.999985,1
0.000004,0.999996,1
0.000075,0.999925,1
0.000159,0.999841,1
0.999996,0.000004,0
0.999941,0.000059,0
0.999909,0.000091,0
0.000159,0.999841,1
0.999920,0.000080,0
0.999992,0.000008,0
0.997250,0.002750,0
0.999906,0.000094,0
0.000081,0.999919,1
0.000291,0.999709,1
0.999923,0.000077,0
0.000336,0.999664,1
0.999830,0.000170,0
0.999710,0.000290,0
0.999551,0.000449,0
0.000018,0.999982,1
0.000000,1.000000,1
0.999723,0.000277,0
0.999999,0.000001,0
0.001145,0.998855,1
0.999929,0.000071,0
0.999947,0.000053,0
0.999771,0.000229,0
0.000005,0.999995,1
0.999952,0.000048,0
0.000001,0.999999,1
0.000003,0.999997,1
0.999972,0.000028,0
0.000090,0.999910,1
0.999898,0.000102,0
0.000046,0.999954,1
0.997766,0.002234,0
0.000027,0.999973,1
0.999328,0.000672,0
0.000013,0.999987,1
0.000394,0.999606,1
0.000021,0.999979,1
0.999684,0.000316,0
0.000008,0.999992,1
0.999814,0.000186,0
0.999986,0.000014,0
0.000033,0.999967,1
0.000168,0.999832,1
0.999983,0.000017,0
0.000004,0.999996,1
0.999650,0.000350,0
0.999680,0.000320,0
0.999829,0.000171,0
0.999965,0.000035,0
0.999918,0.000082,0
0.999999,0.000001,0
0.999859,0.000141,0
0.999921,0.000079,0
0.000400,0.999600,1
0.999821,0.000179,0
0.999980,0.000020,0
0.000397,0.999603,1
0.998443,0.001557,0
0.000061,0.999939,1
0.999953,0.000047,0
0.000009,0.999991,1
0.000022,0.999978,1
0.000000,1.000000,1
0.995914,0.004086,0
0.000299,0.999701,1
0.999955,0.000045,0
0.001370,0.998630,1
0.999830,0.000170,0
0.999900,0.000100,0
0.000014,0.999986,1
0.000422,0.999578,1
0.000097,0.999903,1
0.000369,0.999631,1
0.000048,0.999952,1
0.000015,0.999985,1
0.000442,0.999558,1
0.000003,0.999997,1
0.999787,0.000213,0
0.999983,0.000017,0
0.999922,0.000078,0
0.000010,0.999990,1
0.000799,0.999201,1
0.999999,0.000001,0
0.001112,0.998888,1
0.000074,0.999926,1
0.999998,0.000002,0
0.997075,0.002925,0
0.996791,0.003209,0
0.999999,0.000001,0
0.000040,0.999960,1
0.999727,0.000273,0
0.000155,0.999845,1
0.003612,0.996388,1
0.999369,0.000631,0
0.000057,0.999943,1
0.999796,0.000204,0
0.000005,0.999995,1
0.999790,0.000210,0
0.999905,0.000095,0
0.000009,0.999991,1
0.000087,0.999913,1
0.000019,0.999981,1
0.000159,0.999841,1
1.000000,0.000000,0
0.999986,0.000014,0
0.000000,1.000000,1
0.000010,0.999990,1
0.000082,0.999918,1
0.000020,0.999980,1
0.000007,0.999993,1
0.999263,0.000737,0
0.000329,0.999671,1
0.000002,0.999998,1
0.000031,0.999969,1
0.999061,0.000939,0
0.000701,0.999299,1
0.000421,0.999579,1
0.000020,0.999980,1
0.000291,0.999709,1
0.000105,0.999895,1
0.000002,0.999998,1
0.000201,0.999799,1
0.000856,0.999144,1
0.000397,0.999603,1
0.000021,0.999979,1
0.000003,0.999997,1
0.000000,1.000000,1
0.000001,0.999999,1
0.997234,0.002766,0
0.000783,0.999217,1
0.999997,0.000003,0
0.998895,0.001105,0
0.000086,0.999914,1
0.000375,0.999625,1
0.999763,0.000237,0
0.000002,0.999998,1
0.000027,0.999973,1
0.000321,0.999679,1
0.999790,0.000210,0
0.000135,0.999865,1
0.999851,0.000149,0
0.999690,0.000310,0
0.000006,0.999994,1
0.999755,0.000245,0
0.000529,0.999471,1
0.999912,0.000088,0
0.995882,0.004118,0
0.000004,0.999996,1
0.000480,0.999520,1
0.999904,0.000096,0
0.000425,0.999575,1
0.001171,0.998829,1
0.999624,0.000376,0
0.000217,0.999783,1
0.001464,0.998536,1
0.000004,0.999996,1
0.000094,0.999906,1
0.000004,0.999996,1
0.000195,0.999805,1
0.999933,0.000067,0
0.000000,1.000000,1
0.000292,0.999708,1
0.999979,0.000021,0
0.999987,0.000013,0
0.999811,0.000189,0
1.000000,0.000000,0
0.999999,0.000001,0
0.999978,0.000022,0
0.000002,0.999998,1
0.000005,0.999995,1
0.000189,0.999811,1
0.000065,0.999935,1
0.000329,0.999671,1
0.999983,0.000017,0
0.000372,0.999628,1
0.000002,0.999998,1
0.999953,0.000047,0
0.999756,0.000244,0
0.000063,0.999937,1
0.999920,0.000080,0
0.999756,0.000244,0
0.000002,0.999998,1
0.999838,0.000162,0
0.000450,0.999550,1
0.000064,0.999936,1
0.000272,0.999728,1
0.999847,0.000153,0
0.000058,0.999942,1
0.000002,0.999998,1
0.000001,0.999999,1
0.999991,0.000009,0
0.000000,1.000000,1
0.999997,0.000003,0
1.000000,0.000000,0
0.000318,0.999682,1
0.999939,0.000061,0
0.000280,0.999720,1
0.999722,0.000278,0
0.999830,0.000170,0
0.000018,0.999982,1
0.999830,0.000170,0
0.999992,0.000008,0
0.000040,0.999960,1
0.000224,0.999776,1
0.000266,0.999734,1
0.000272,0.999728,1
0.999243,0.000757,0
0.000009,0.999991,1
0.000000,1.000000,1
0.000057,0.999943,1
0.000006,0.999994,1
0.000245,0.999755,1
0.000009,0.999991,1
0.000001,0.999999,1
0.999771,0.000229,0
0.000138,0.999862,1
0.002889,0.997111,1
0.999839,0.000161,0
0.000142,0.999858,1
0.000648,0.999352,1
0.000047,0.999953,1
0.000004,0.999996,1
0.000021,0.999979,1
0.000005,0.999995,1
0.998800,0.001200,0
1.000000,0.000000,0
0.997976,0.002024,0
0.000007,0.999993,1
0.000108,0.999892,1
0.999701,0.000299,0
0.000091,0.999909,1
0.000030,0.999970,1
0.000027,0.999973,1
0.999993,0.000007,0
0.999934,0.000066,0
0.998854,0.001146,0
0.000009,0.999991,1
0.000111,0.999889,1
0.999920,0.000080,0
0.000093,0.999907,1
0.000047,0.999953,1
0.000000,1.000000,1
0.000001,0.999999,1
0.000001,0.999999,1
0.000021,0.999979,1
0.000131,0.999869,1
0.000017,0.999983,1
0.999988,0.000012,0
0.000584,0.999416,1
0.000010,0.999990,1
0.999808,0.000192,0
0.001260,0.998740,1
0.999967,0.000033,0
0.999991,0.000009,0
0.999721,0.000279,0
0.999721,0.000279,0
0.000003,0.999997,1
0.001747,0.998253,1
0.000009,0.999991,1
0.000012,0.999988,1
0.000232,0.999768,1
0.000022,0.999978,1
0.999918,0.000082,0
0.000257,0.999743,1
0.000114,0.999886,1
0.000186,0.999814,1
0.000010,0.999990,1
0.000022,0.999978,1
0.999812,0.000188,0
0.000000,1.000000,1
0.999932,0.000068,0
0.000485,0.999515,1
0.000006,0.999994,1
0.999971,0.000029,0
0.999721,0.000279,0
0.999802,0.000198,0
0.000051,0.999949,1
0.000006,0.999994,1
0.000011,0.999989,1
0.999622,0.000378,0
0.999978,0.000022,0
0.000159,0.999841,1
0.999881,0.000119,0
0.000661,0.999339,1
0.999942,0.000058,0
0.000101,0.999899,1
0.000002,0.999998,1
0.999963,0.000037,0
0.000003,0.999997,1
0.999401,0.000599,0
0.999872,0.000128,0
0.000034,0.999966,1
0.999839,0.000161,0
0.999979,0.000021,0
0.999857,0.000143,0
0.000032,0.999968,1
0.000001,0.999999,1
0.022954,0.977046,1
0.000005,0.999995,1
0.000042,0.999958,1
0.000095,0.999905,1
0.000255,0.999745,1
0.999920,0.000080,0
0.999999,0.000001,0
0.999708,0.000292,0
0.000018,0.999982,1
0.999989,0.000011,0
0.999892,0.000108,0
0.000086,0.999914,1
0.999993,0.000007,0
0.999616,0.000384,0
0.000690,0.999310,1
0.995783,0.004217,0
0.999133,0.000867,0
0.000120,0.999880,1
0.000092,0.999908,1
0.000103,0.999897,1
0.999849,0.000151,0
0.000015,0.999985,1
0.999829,0.000171,0
0.000299,0.999701,1
0.999898,0.000102,0
0.999968,0.000032,0
0.000006,0.999994,1
0.990616,0.009384,0
0.999955,0.000045,0
0.000741,0.999259,1
0.000384,0.999616,1
0.000061,0.999939,1
0.000272,0.999728,1
0.000114,0.999886,1
0.999993,0.000007,0
0.999952,0.000048,0
0.999947,0.000053,0
0.999657,0.000343,0
0.000006,0.999994,1
0.999969,0.000031,0
0.999227,0.000773,0
0.998715,0.001285,0
0.999943,0.000057,0
0.000692,0.999308,1
0.999679,0.000321,0
0.999752,0.000248,0
0.000028,0.999972,1
0.000058,0.999942,1
1.000000,0.000000,0
0.000036,0.999964,1
0.000307,0.999693,1
0.999887,0.000113,0
0.000009,0.999991,1
0.999989,0.000011,0
0.999556,0.000444,0
1.000000,0.000000,0
1.000000,0.000000,0
0.000017,0.999983,1
0.999994,0.000006,0
0.000067,0.999933,1
0.000091,0.999909,1
0.998823,0.001177,0
0.998894,0.001106,0
0.999998,0.000002,0
0.000002,0.999998,1
0.999976,0.000024,0
0.000001,0.999999,1
0.999670,0.000330,0
0.000095,0.999905,1
0.000728,0.999272,1
0.999819,0.000181,0
0.000046,0.999954,1
0.000014,0.999986,1
0.000004,0.999996,1
0.000001,0.999999,1
0.000000,1.000000,1
1.000000,0.000000,0
0.999590,0.000410,0
0.000081,0.999919,1
0.999890,0.000110,0
1.000000,0.000000,0
0.999979,0.000021,0
0.999830,0.000170,0
0.000010,0.999990,1
0.000159,0.999841,1
1.000000,0.000000,0
0.999887,0.000113,0
0.000001,0.999999,1
0.000263,0.999737,1
0.000010,0.999990,1
0.999797,0.000203,0
0.000016,0.999984,1
0.999998,0.000002,0
0.000348,0.999652,1
0.999998,0.000002,0
0.000020,0.999980,1
0.000066,0.999934,1
0.999985,0.000015,0
0.999835,0.000165,0
0.001464,0.998536,1
0.999920,0.000080,0
0.000657,0.999343,1
0.000008,0.999992,1
0.998490,0.001510,0
0.000001,0.999999,1
0.000010,0.999990,1
0.000002,0.999998,1
0.000055,0.999945,1
0.000002,0.999998,1
0.999997,0.000003,0
0.000007,0.999993,1
1.000000,0.000000,0
0.999933,0.000067,0
0.000035,0.999965,1
0.000015,0.999985,1
0.999833,0.000167,0
0.000019,0.999981,1
0.000274,0.999726,1
0.000083,0.999917,1
0.000137,0.999863,1
0.000001,0.999999,1
0.999946,0.000054,0
0.000187,0.999813,1
0.999414,0.000586,0
0.000740,0.999260,1
0.999956,0.000044,0
0.999984,0.000016,0
0.999968,0.000032,0
1.000000,0.000000,0
0.000045,0.999955,1
0.000032,0.999968,1
0.999931,0.000069,0
0.000000,1.000000,1
0.000108,0.999892,1
0.998375,0.001625,0
0.999788,0.000212,0
0.999998,0.000002,0
0.000400,0.999600,1
0.999416,0.000584,0
0.000167,0.999833,1
0.000159,0.999841,1
0.000027,0.999973,1
0.000001,0.999999,1
0.000002,0.999998,1
0.000012,0.999988,1
0.000003,0.999997,1
0.999945,0.000055,0
0.000866,0.999134,1
0.000033,0.999967,1
0.000055,0.999945,1
0.000068,0.999932,1
1.000000,0.000000,0
0.000951,0.999049,1
0.999954,0.000046,0
0.000082,0.999918,1
0.000000,1.000000,1
0.999992,0.000008,0
0.999788,0.000212,0
0.999743,0.000257,0
0.000104,0.999896,1
0.000359,0.999641,1
0.000701,0.999299,1
0.000303,0.999697,1
0.000034,0.999966,1
0.999893,0.000107,0
0.000430,0.999570,1
0.000018,0.999982,1
0.000075,0.999925,1
0.999903,0.000097,0
0.999933,0.000067,0
0.000187,0.999813,1
0.997763,0.002237,0
1.000000,0.000000,0
0.999993,0.000007,0
0.000036,0.999964,1
0.999931,0.000069,0
0.999358,0.000642,0
0.999742,0.000258,0
0.999998,0.000002,0
0.000064,0.999936,1
0.000100,0.999900,1
0.999664,0.000336,0
0.000038,0.999962,1
0.000078,0.999922,1
0.000008,0.999992,1
0.000008,0.999992,1
0.000008,0.999992,1
0.999968,0.000032,0
0.999482,0.000518,0
0.000001,0.999999,1
0.999958,0.000042,0
0.999138,0.000862,0
0.999783,0.000217,0
0.000001,0.999999,1
0.000010,0.999990,1
0.000443,0.999557,1
0.000010,0.999990,1
0.999989,0.000011,0
0.000028,0.999972,1
0.000001,0.999999,1
0.000137,0.999863,1
0.000425,0.999575,1
0.000035,0.999965,1
0.000095,0.999905,1
0.999915,0.000085,0
0.000022,0.999978,1
0.998198,0.001802,0
0.000469,0.999531,1
0.999995,0.000005,0
0.000158,0.999842,1
0.000413,0.999587,1
0.000351,0.999649,1
0.999907,0.000093,0
0.000008,0.999992,1
0.999936,0.000064,0
0.999974,0.000026,0
0.000051,0.999949,1
0.999626,0.000374,0
0.000228,0.999772,1
0.999860,0.000140,0
0.999969,0.000031,0
0.003435,0.996565,1
0.999139,0.000861,0
0.000000,1.000000,1
0.000000,1.000000,1
0.000296,0.999704,1
1.000000,0.000000,0
0.999994,0.000006,0
0.999917,0.000083,0
0.999999,0.000001,0
0.999858,0.000142,0
0.000017,0.999983,1
0.999831,0.000169,0
0.999913,0.000087,0
0.000364,0.999636,1
0.999927,0.000073,0
0.000297,0.999703,1
0.999982,0.000018,0
0.000654,0.999346,1
0.000054,0.999946,1
0.999999,0.000001,0
0.000014,0.999986,1
0.999662,0.000338,0
0.000103,0.999897,1
0.999526,0.000474,0
0.999839,0.000161,0
0.999929,0.000071,0
0.000001,0.999999,1
0.999966,0.000034,0
0.999963,0.000037,0
0.999958,0.000042,0
0.999997,0.000003,0
0.001924,0.998076,1
0.000649,0.999351,1
0.000107,0.999893,1
0.000012,0.999988,1
0.999932,0.000068,0
0.000085,0.999915,1
0.000001,0.999999,1
0.001538,0.998462,1
0.999751,0.000249,0
0.999538,0.000462,0
0.000000,1.000000,1
0.000006,0.999994,1
0.999947,0.000053,0
0.000442,0.999558,1
0.000026,0.999974,1
0.000000,1.000000,1
0.999955,0.000045,0
0.000012,0.999988,1
0.000030,0.999970,1
0.000003,0.999997,1
0.000142,0.999858,1
0.000064,0.999936,1
0.999096,0.000904,0
0.000149,0.999851,1
0.000065,0.999935,1
0.999637,0.000363,0
0.999830,0.000170,0
0.999537,0.000463,0
0.999112,0.000888,0
0.000001,0.999999,1
0.999514,0.000486,0
0.999281,0.000719,0
0.999675,0.000325,0
0.000044,0.999956,1
0.000265,0.999735,1
0.999999,0.000001,0
0.000207,0.999793,1
0.999973,0.000027,0
0.999991,0.000009,0
0.999921,0.000079,0
0.000017,0.999983,1
0.999694,0.000306,0
0.999721,0.000279,0
0.000113,0.999887,1
0.000901,0.999099,1
0.999959,0.000041,0
0.000000,1.000000,1
0.999999,0.000001,0
0.999991,0.000009,0
0.000013,0.999987,1
0.000009,0.999991,1
1.000000,0.000000,0
0.000004,0.999996,1
0.000000,1.000000,1
0.000304,0.999696,1
0.000182,0.999818,1
0.999991,0.000009,0
0.999999,0.000001,0
0.000012,0.999988,1
0.999957,0.000043,0
0.999885,0.000115,0
0.999758,0.000242,0
0.000293,0.999707,1
0.000335,0.999665,1
0.999911,0.000089,0
0.000075,0.999925,1
0.999072,0.000928,0
0.000001,0.999999,1
0.999899,0.000101,0
0.999913,0.000087,0
0.000009,0.999991,1
0.000088,0.999912,1
1.000000,0.000000,0
0.999996,0.000004,0
0.000132,0.999868,1
0.000031,0.999969,1
0.000012,0.999988,1
0.999825,0.000175,0
0.999993,0.000007,0
0.000004,0.999996,1
0.999997,0.000003,0
0.001184,0.998816,1
0.999853,0.000147,0
0.000048,0.999952,1
0.999822,0.000178,0
0.000003,0.999997,1
0.000015,0.999985,1
1.000000,0.000000,0
0.999913,0.000087,0
0.000003,0.999997,1
0.001098,0.998902,1
0.999571,0.000429,0
0.000017,0.999983,1
0.998413,0.001587,0
0.999015,0.000985,0
0.000086,0.999914,1
0.999834,0.000166,0
0.999921,0.000079,0
0.999597,0.000403,0
0.999493,0.000507,0
0.998883,0.001117,0
0.000244,0.999756,1
0.999939,0.000061,0
0.000010,0.999990,1
0.999555,0.000445,0
0.999530,0.000470,0
0.000297,0.999703,1
0.999525,0.000475,0
0.999816,0.000184,0
0.000001,0.999999,1
0.999866,0.000134,0
0.000858,0.999142,1
0.999959,0.000041,0
1.000000,0.000000,0
0.999998,0.000002,0
0.998703,0.001297,0
0.999977,0.000023,0
0.000137,0.999863,1
0.000054,0.999946,1
0.000115,0.999885,1
0.000724,0.999276,1
0.000050,0.999950,1
0.000104,0.999896,1
0.000130,0.999870,1
0.000175,0.999825,1
0.000008,0.999992,1
0.999996,0.000004,0
0.000053,0.999947,1
0.999495,0.000505,0
0.999995,0.000005,0
0.000007,0.999993,1
0.000002,0.999998,1
0.000117,0.999883,1
0.999981,0.000019,0
0.999761,0.000239,0
0.998671,0.001329,0
0.999989,0.000011,0
0.999853,0.000147,0
0.000047,0.999953,1
0.000063,0.999937,1
0.000158,0.999842,1
0.000022,0.999978,1
0.998956,0.001044,0
0.000812,0.999188,1
1.000000,0.000000,0
0.999910,0.000090,0
0.000002,0.999998,1
0.999876,0.000124,0
0.999768,0.000232,0
1.000000,0.000000,0
0.999713,0.000287,0
0.000021,0.999979,1
0.999933,0.000067,0
0.999939,0.000061,0
0.000009,0.999991,1
0.000016,0.999984,1
0.000004,0.999996,1
0.999708,0.000292,0
0.000112,0.999888,1
0.999992,0.000008,0
0.000005,0.999995,1
0.000066,0.999934,1
0.999933,0.000067,0
0.000056,0.999944,1
0.999950,0.000050,0
0.002938,0.997062,1
0.999973,0.000027,0
0.999468,0.000532,0
0.999827,0.000173,0
0.999969,0.000031,0
0.000001,0.999999,1
0.000014,0.999986,1
0.000128,0.999872,1
0.000942,0.999058,1
0.000005,0.999995,1
0.000004,0.999996,1
0.000465,0.999535,1
0.999983,0.000017,0
0.000129,0.999871,1
0.000841,0.999159,1
0.000042,0.999958,1
0.999221,0.000779,0
0.999754,0.000246,0
0.000034,0.999966,1
0.999978,0.000022,0
0.000477,0.999523,1
1.000000,0.000000,0
0.000095,0.999905,1
0.999896,0.000104,0
0.000001,0.999999,1
0.999771,0.000229,0
0.999930,0.000070,0
0.000066,0.999934,1
0.000015,0.999985,1
0.000055,0.999945,1
0.000671,0.999329,1
0.001241,0.998759,1
0.999821,0.000179,0
0.999977,0.000023,0
0.999910,0.000090,0
0.999940,0.000060,0
0.000029,0.999971,1
0.993177,0.006823,0
0.999995,0.000005,0
0.999976,0.000024,0
0.999657,0.000343,0
0.000331,0.999669,1
0.989256,0.010744,0
0.000001,0.999999,1
0.000951,0.999049,1
0.000010,0.999990,1
0.000194,0.999806,1
0.999995,0.000005,0
0.999978,0.000022,0
0.999836,0.000164,0
0.000021,0.999979,1
0.000001,0.999999,1
0.999400,0.000600,0
0.001747,0.998253,1
0.999962,0.000038,0
0.999791,0.000209,0
0.999995,0.000005,0
0.001060,0.998940,1
0.000008,0.999992,1
0.999625,0.000375,0
0.000004,0.999996,1
0.000137,0.999863,1
0.999971,0.000029,0
0.000013,0.999987,1
0.999991,0.000009,0
0.000058,0.999942,1
0.000235,0.999765,1
0.999899,0.000101,0
0.000686,0.999314,1
0.000066,0.999934,1
0.001340,0.998660,1
0.001838,0.998162,1
0.999999,0.000001,0
0.999676,0.000324,0
0.999874,0.000126,0
0.000000,1.000000,1
0.000137,0.999863,1
0.000212,0.999788,1
0.999685,0.000315,0
1.000000,0.000000,0
0.999186,0.000814,0
0.999812,0.000188,0
0.000017,0.999983,1
0.999883,0.000117,0
0.000280,0.999720,1
0.000022,0.999978,1
0.000002,0.999998,1
0.999936,0.000064,0
0.999790,0.000210,0
0.000001,0.999999,1
0.999833,0.000167,0
0.999820,0.000180,0
0.000033,0.999967,1
0.999903,0.000097,0
0.997388,0.002612,0
0.999999,0.000001,0
0.000231,0.999769,1
0.999999,0.000001,0
0.000006,0.999994,1
1.000000,0.000000,0
0.000004,0.999996,1
0.999754,0.000246,0
0.000007,0.999993,1
0.000005,0.999995,1
0.999874,0.000126,0
0.000104,0.999896,1
0.999898,0.000102,0
0.000084,0.999916,1
0.000030,0.999970,1
0.999946,0.000054,0
0.999858,0.000142,0
0.000009,0.999991,1
0.999857,0.000143,0
0.999929,0.000071,0
0.998930,0.001070,0
0.999982,0.000018,0
0.000052,0.999948,1
0.999966,0.000034,0
0.999874,0.000126,0
0.997370,0.002630,0
0.000004,0.999996,1
0.999632,0.000368,0
0.000023,0.999977,1
0.000000,1.000000,1
0.002376,0.997624,1
0.000228,0.999772,1
0.999935,0.000065,0
0.000090,0.999910,1
0.999944,0.000056,0
0.999786,0.000214,0
0.000021,0.999979,1
0.999984,0.000016,0
0.000298,0.999702,1
0.000181,0.999819,1
0.000090,0.999910,1
0.000034,0.999966,1
0.001487,0.998513,1
0.999993,0.000007,0
0.999704,0.000296,0
0.000041,0.999959,1
0.000010,0.999990,1
0.000016,0.999984,1
0.999766,0.000234,0
0.000434,0.999566,1
0.000009,0.999991,1
0.000120,0.999880,1
0.000406,0.999594,1
0.000000,1.000000,1
0.999989,0.000011,0
0.000061,0.999939,1
0.000160,0.999840,1
0.000004,0.999996,1
0.000003,0.999997,1
0.000011,0.999989,1
0.999992,0.000008,0
0.000009,0.999991,1
0.999980,0.000020,0
0.000001,0.999999,1
0.000011,0.999989,1
0.000117,0.999883,1
0.999324,0.000676,0
0.000098,0.999902,1
0.000001,0.999999,1
0.999218,0.000782,0
0.000087,0.999913,1
0.999932,0.000068,0
0.999991,0.000009,0
0.000049,0.999951,1
0.000009,0.999991,1
0.996081,0.003919,0
0.000021,0.999979,1
0.999694,0.000306,0
0.999040,0.000960,0
0.000103,0.999897,1
0.999858,0.000142,0
0.000028,0.999972,1
0.000002,0.999998,1
0.000233,0.999767,1
0.999856,0.000144,0
0.000002,0.999998,1
0.000011,0.999989,1
0.999981,0.000019,0
0.000105,0.999895,1
0.000246,0.999754,1
0.999844,0.000156,0
0.000042,0.999958,1
0.000985,0.999015,1
0.999993,0.000007,0
0.002553,0.997447,1
0.000019,0.999981,1
0.000085,0.999915,1
0.999999,0.000001,0
0.000004,0.999996,1
0.000015,0.999985,1
0.000016,0.999984,1
0.000021,0.999979,1
0.999953,0.000047,0
0.000501,0.999499,1
0.000006,0.999994,1
0.000290,0.999710,1
0.999934,0.000066,0
0.000409,0.999591,1
0.000022,0.999978,1
0.000103,0.999897,1
0.000009,0.999991,1
0.000008,0.999992,1
0.999997,0.000003,0
0.999979,0.000021,0
0.000000,1.000000,1
0.000000,1.000000,1
0.999992,0.000008,0
0.000004,0.999996,1
0.000273,0.999727,1
0.999936,0.000064,0
0.999936,0.000064,0
0.000276,0.999724,1
0.000255,0.999745,1
0.000010,0.999990,1
0.000016,0.999984,1
0.999999,0.000001,0
0.000060,0.999940,1
0.999970,0.000030,0
0.000116,0.999884,1
0.000000,1.000000,1
0.000056,0.999944,1
0.000017,0.999983,1
0.000206,0.999794,1
0.000657,0.999343,1
0.000069,0.999931,1
0.000186,0.999814,1
0.000001,0.999999,1
0.000070,0.999930,1
0.000010,0.999990,1
0.999895,0.000105,0
0.006930,0.993070,1
0.000667,0.999333,1
0.000002,0.999998,1
0.999984,0.000016,0
0.001550,0.998450,1
0.999979,0.000021,0
0.000272,0.999728,1
0.000019,0.999981,1
0.000560,0.999440,1
0.999895,0.000105,0
0.999555,0.000445,0
0.999961,0.000039,0
0.000067,0.999933,1
0.999946,0.000054,0
0.000971,0.999029,1
0.999998,0.000002,0
0.000008,0.999992,1
0.000006,0.999994,1
0.000228,0.999772,1
0.000079,0.999921,1
0.000159,0.999841,1
0.999797,0.000203,0
0.999961,0.000039,0
0.000020,0.999980,1
0.999527,0.000473,0
0.999610,0.000390,0
0.000163,0.999837,1
0.000001,0.999999,1
0.000638,0.999362,1
0.999221,0.000779,0
0.999653,0.000347,0
0.001250,0.998750,1
0.999910,0.000090,0
0.999995,0.000005,0
0.000008,0.999992,1
0.000359,0.999641,1
0.998515,0.001485,0
0.000173,0.999827,1
0.999330,0.000670,0
0.000013,0.999987,1
0.000001,0.999999,1
0.999993,0.000007,0
0.000049,0.999951,1
0.999606,0.000394,0
0.000003,0.999997,1
0.000320,0.999680,1
0.999935,0.000065,0
0.000215,0.999785,1
0.999999,0.000001,0
0.999936,0.000064,0
0.000159,0.999841,1
0.000013,0.999987,1
0.000602,0.999398,1
0.000000,1.000000,1
0.997663,0.002337,0
0.999848,0.000152,0
0.999999,0.000001,0
0.999036,0.000964,0
0.999301,0.000699,0
0.000241,0.999759,1
0.000094,0.999906,1
0.000002,0.999998,1
0.999950,0.000050,0
0.999993,0.000007,0
0.999958,0.000042,0
0.000032,0.999968,1
0.000196,0.999804,1
0.000368,0.999632,1
0.999612,0.000388,0
0.998425,0.001575,0
0.000013,0.999987,1
0.001128,0.998872,1
0.000027,0.999973,1
0.000095,0.999905,1
0.999323,0.000677,0
0.999998,0.000002,0
1.000000,0.000000,0
0.000015,0.999985,1
1.000000,0.000000,0
0.997566,0.002434,0
0.999975,0.000025,0
0.000090,0.999910,1
0.998724,0.001276,0
0.999329,0.000671,0
0.000030,0.999970,1
0.000884,0.999116,1
0.999598,0.000402,0
0.999821,0.000179,0
0.000009,0.999991,1
0.995487,0.004513,0
0.999881,0.000119,0
0.999980,0.000020,0
0.000001,0.999999,1
0.000009,0.999991,1
0.000322,0.999678,1
0.000049,0.999951,1
0.000005,0.999995,1
0.000021,0.999979,1
0.000840,0.999160,1
0.000001,0.999999,1
0.999769,0.000231,0
0.999978,0.000022,0
0.000511,0.999489,1
0.000501,0.999499,1
0.999725,0.000275,0
0.000000,1.000000,1
0.999953,0.000047,0
0.999133,0.000867,0
0.999811,0.000189,0
0.999898,0.000102,0
0.005175,0.994825,1
0.000418,0.999582,1
0.000004,0.999996,1
0.000009,0.999991,1
0.999952,0.000048,0
0.000367,0.999633,1
0.998264,0.001736,0
0.000463,0.999537,1
1.000000,0.000000,0
0.000040,0.999960,1
0.999690,0.000310,0
0.000003,0.999997,1
0.999971,0.000029,0
0.000378,0.999622,1
0.998071,0.001929,0
0.000066,0.999934,1
0.000009,0.999991,1
0.999977,0.000023,0
0.000020,0.999980,1
0.000002,0.999998,1
0.000077,0.999923,1
0.999935,0.000065,0
0.000001,0.999999,1
0.999992,0.000008,0
0.999885,0.000115,0
0.000269,0.999731,1
0.999957,0.000043,0
0.000002,0.999998,1
1.000000,0.000000,0
0.000174,0.999826,1
0.978893,0.021107,0
0.000047,0.999953,1
0.999853,0.000147,0
0.000005,0.999995,1
0.000242,0.999758,1
0.000001,0.999999,1
0.000008,0.999992,1
0.999928,0.000072,0
0.999625,0.000375,0
0.000869,0.999131,1
0.999985,0.000015,0
0.999981,0.000019,0
0.999809,0.000191,0
0.000030,0.999970,1
0.000594,0.999406,1
0.999998,0.000002,0
0.000149,0.999851,1
0.000006,0.999994,1
0.000074,0.999926,1
0.000006,0.999994,1
0.000010,0.999990,1
0.999838,0.000162,0
0.000268,0.999732,1
0.999976,0.000024,0
0.999678,0.000322,0
0.999164,0.000836,0
0.999880,0.000120,0
0.000427,0.999573,1
0.000037,0.999963,1
0.999983,0.000017,0
0.000096,0.999904,1
0.000128,0.999872,1
0.000606,0.999394,1
0.999894,0.000106,0
0.000603,0.999397,1
0.999966,0.000034,0
0.999704,0.000296,0
0.000053,0.999947,1
0.000306,0.999694,1
0.000000,1.000000,1
0.000070,0.999930,1
0.994827,0.005173,0
0.999874,0.000126,0
0.000007,0.999993,1
0.000001,0.999999,1
0.000000,1.000000,1
0.000168,0.999832,1
1.000000,0.000000,0
0.000440,0.999560,1
0.999972,0.000028,0
0.000020,0.999980,1
0.000028,0.999972,1
0.000772,0.999228,1
0.000154,0.999846,1
0.000002,0.999998,1
0.000021,0.999979,1
0.000346,0.999654,1
0.000034,0.999966,1
0.999978,0.000022,0
0.000232,0.999768,1
0.999673,0.000327,0
0.999836,0.000164,0
0.999752,0.000248,0
0.999999,0.000001,0
0.003667,0.996333,1
0.000011,0.999989,1
0.999929,0.000071,0
0.000020,0.999980,1
0.000001,0.999999,1
0.999974,0.000026,0
0.999999,0.000001,0
0.999983,0.000017,0
0.000056,0.999944,1
0.999701,0.000299,0
0.000002,0.999998,1
0.999984,0.000016,0
0.999951,0.000049,0
0.000016,0.999984,1
0.999924,0.000076,0
0.000018,0.999982,1
0.999932,0.000068,0
0.000673,0.999327,1
0.000025,0.999975,1
0.000326,0.999674,1
0.999539,0.000461,0
0.000054,0.999946,1
0.999840,0.000160,0
0.000065,0.999935,1
0.000768,0.999232,1
0.000043,0.999957,1
0.000011,0.999989,1
0.999952,0.000048,0
0.000097,0.999903,1
0.999714,0.000286,0
0.999956,0.000044,0
0.000004,0.999996,1
0.000115,0.999885,1
0.999725,0.000275,0
0.999999,0.000001,0
0.999955,0.000045,0
0.000728,0.999272,1
0.998989,0.001011,0
0.000652,0.999348,1
0.999747,0.000253,0
0.000010,0.999990,1
0.999974,0.000026,0
0.999139,0.000861,0
0.999938,0.000062,0
0.999972,0.000028,0
0.000013,0.999987,1
0.999937,0.000063,0
0.999949,0.000051,0
0.999944,0.000056,0
0.000001,0.999999,1
0.999959,0.000041,0
0.999988,0.000012,0
0.999306,0.000694,0
1.000000,0.000000,0
0.999465,0.000535,0
0.000001,0.999999,1
0.000694,0.999306,1
0.998497,0.001503,0
0.999134,0.000866,0
0.999949,0.000051,0
0.000029,0.999971,1
0.999956,0.000044,0
0.999927,0.000073,0
0.999984,0.000016,0
0.001241,0.998759,1
0.000011,0.999989,1
0.000349,0.999651,1
0.000768,0.999232,1
0.000007,0.999993,1
0.000002,0.999998,1
0.999943,0.000057,0
0.999069,0.000931,0
0.999918,0.000082,0
0.999979,0.000021,0
0.000016,0.999984,1
0.999948,0.000052,0
0.999591,0.000409,0
0.000001,0.999999,1
0.999986,0.000014,0
0.994072,0.005928,0
0.000262,0.999738,1
0.999537,0.000463,0
0.999693,0.000307,0
0.000413,0.999587,1
0.999940,0.000060,0
0.999989,0.000011,0
0.999895,0.000105,0
0.000043,0.999957,1
0.000001,0.999999,1
0.999975,0.000025,0
0.999943,0.000057,0
0.000005,0.999995,1
0.000002,0.999998,1
0.999930,0.000070,0
0.999950,0.000050,0
0.000004,0.999996,1
0.000000,1.000000,1
1.000000,0.000000,0
0.000031,0.999969,1
0.000006,0.999994,1
0.000000,1.000000,1
0.999947,0.000053,0
0.000000,1.000000,1
0.000086,0.999914,1
0.999789,0.000211,0
1.000000,0.000000,0
0.000025,0.999975,1
0.999949,0.000051,0
0.999757,0.000243,0
0.001433,0.998567,1
0.999988,0.000012,0
0.999751,0.000249,0
0.999971,0.000029,0
0.999879,0.000121,0
0.000117,0.999883,1
0.000159,0.999841,1
0.999820,0.000180,0
0.999947,0.000053,0
0.000006,0.999994,1
1.000000,0.000000,0
0.000032,0.999968,1
0.000045,0.999955,1
0.000008,0.999992,1
0.999936,0.000064,0
0.999575,0.000425,0
0.999725,0.000275,0
0.000016,0.999984,1
0.000047,0.999953,1
0.000011,0.999989,1
0.000025,0.999975,1
0.000035,0.999965,1
0.999907,0.000093,0
0.001563,0.998437,1
0.999999,0.000001,0
0.999982,0.000018,0
0.000513,0.999487,1
0.000084,0.999916,1
0.999968,0.000032,0
0.000000,1.000000,1
0.999928,0.000072,0
0.999971,0.000029,0
0.000606,0.999394,1
0.000032,0.999968,1
0.000022,0.999978,1
0.998925,0.001075,0
0.000082,0.999918,1
0.999985,0.000015,0
0.000007,0.999993,1
0.000849,0.999151,1
0.000016,0.999984,1
0.000009,0.999991,1
0.996021,0.003979,0
0.950817,0.049183,0
0.000047,0.999953,1
0.000001,0.999999,1
0.000272,0.999728,1
0.000000,1.000000,1
0.999893,0.000107,0
0.000002,0.999998,1
0.000486,0.999514,1
0.999941,0.000059,0
0.000014,0.999986,1
0.999940,0.000060,0
0.000324,0.999676,1
0.000001,0.999999,1
0.000017,0.999983,1
0.999564,0.000436,0
0.000001,0.999999,1
0.998040,0.001960,0
0.999996,0.000004,0
0.999531,0.000469,0
0.000001,0.999999,1
0.000197,0.999803,1
0.000004,0.999996,1
0.999967,0.000033,0
0.999833,0.000167,0
0.000008,0.999992,1
0.000013,0.999987,1
0.000024,0.999976,1
0.999768,0.000232,0
0.000063,0.999937,1
0.999627,0.000373,0
0.999771,0.000229,0
0.999812,0.000188,0
0.975023,0.024977,0
0.003278,0.996722,1
0.999818,0.000182,0
0.999973,0.000027,0
0.000331,0.999669,1
0.999088,0.000912,0
0.001553,0.998447,1
0.000022,0.999978,1
0.999983,0.000017,0
0.999678,0.000322,0
1.000000,0.000000,0
0.999761,0.000239,0
0.999585,0.000415,0
0.999768,0.000232,0
0.999708,0.000292,0
0.000149,0.999851,1
0.999977,0.000023,0
0.000318,0.999682,1
0.998903,0.001097,0
0.000000,1.000000,1
0.999969,0.000031,0
0.000000,1.000000,1
0.000239,0.999761,1
0.999950,0.000050,0
0.999589,0.000411,0
0.000003,0.999997,1
0.999926,0.000074,0
0.999943,0.000057,0
0.999995,0.000005,0
0.999772,0.000228,0
0.998337,0.001663,0
0.000016,0.999984,1
0.999985,0.000015,0
0.000003,0.999997,1
0.000171,0.999829,1
0.999914,0.000086,0
0.999717,0.000283,0
0.000069,0.999931,1
0.999983,0.000017,0
0.000074,0.999926,1
0.999771,0.000229,0
0.000198,0.999802,1
0.998845,0.001155,0
0.011452,0.988548,1
0.999093,0.000907,0
0.000159,0.999841,1
0.999993,0.000007,0
1.000000,0.000000,0
0.000014,0.999986,1
0.999972,0.000028,0
0.000001,0.999999,1
0.999956,0.000044,0
0.999963,0.000037,0
0.999148,0.000852,0
0.999984,0.000016,0
0.000058,0.999942,1
0.999836,0.000164,0
0.000002,0.999998,1
0.999957,0.000043,0
0.000416,0.999584,1
0.998606,0.001394,0
0.000512,0.999488,1
0.997276,0.002724,0
0.000537,0.999463,1
0.000002,0.999998,1
1.000000,0.000000,0
0.000005,0.999995,1
0.000409,0.999591,1
0.000053,0.999947,1
0.000028,0.999972,1
0.999869,0.000131,0
0.000268,0.999732,1
0.999985,0.000015,0
0.002507,0.997493,1
0.995017,0.004983,0
0.000002,0.999998,1
0.000050,0.999950,1
0.999993,0.000007,0
0.000000,1.000000,1
0.000340,0.999660,1
0.999878,0.000122,0
0.000003,0.999997,1
0.999790,0.000210,0
0.000013,0.999987,1
0.999953,0.000047,0
0.000404,0.999596,1
0.000181,0.999819,1
0.999239,0.000761,0
0.999956,0.000044,0
0.000002,0.999998,1
0.999996,0.000004,0
0.999991,0.000009,0
0.000005,0.999995,1
0.000237,0.999763,1
0.000002,0.999998,1
0.000001,0.999999,1
0.999998,0.000002,0
0.000063,0.999937,1
0.000272,0.999728,1
0.000012,0.999988,1
0.999983,0.000017,0
0.000767,0.999233,1
0.999935,0.000065,0
0.998521,0.001479,0
0.999937,0.000063,0
0.999280,0.000720,0
0.999470,0.000530,0
0.000058,0.999942,1
0.000129,0.999871,1
0.000233,0.999767,1
0.000147,0.999853,1
0.999660,0.000340,0
0.000028,0.999972,1
0.000606,0.999394,1
0.000050,0.999950,1
0.000000,1.000000,1
0.000009,0.999991,1
0.999952,0.000048,0
1.000000,0.000000,0
0.996428,0.003572,0
0.000159,0.999841,1
1.000000,0.000000,0
0.999444,0.000556,0
0.999700,0.000300,0
0.000001,0.999999,1
0.999897,0.000103,0
0.999966,0.000034,0
0.000123,0.999877,1
0.000042,0.999958,1
0.000081,0.999919,1
0.999993,0.000007,0
0.000041,0.999959,1
0.000187,0.999813,1
0.999922,0.000078,0
0.000219,0.999781,1
0.999995,0.000005,0
0.000189,0.999811,1
0.999702,0.000298,0
0.999953,0.000047,0
0.999904,0.000096,0
0.001085,0.998915,1
0.000768,0.999232,1
0.999812,0.000188,0
0.999536,0.000464,0
0.000154,0.999846,1
0.379164,0.620836,1
1.000000,0.000000,0
0.000160,0.999840,1
1.000000,0.000000,0
0.000292,0.999708,1
0.000488,0.999512,1
0.999999,0.000001,0
0.999902,0.000098,0
0.000005,0.999995,1
0.999849,0.000151,0
0.000084,0.999916,1
0.999983,0.000017,0
0.999148,0.000852,0
0.001260,0.998740,1
0.000041,0.999959,1
0.000364,0.999636,1
0.999902,0.000098,0
0.000009,0.999991,1
0.000353,0.999647,1
0.000234,0.999766,1
0.000320,0.999680,1
0.000042,0.999958,1
0.000097,0.999903,1
0.000122,0.999878,1
0.000000,1.000000,1
0.000030,0.999970,1
0.000299,0.999701,1
0.999980,0.000020,0
0.998521,0.001479,0
0.000086,0.999914,1
0.000100,0.999900,1
0.000420,0.999580,1
0.000033,0.999967,1
0.999988,0.000012,0
0.999849,0.000151,0
0.999957,0.000043,0
0.000200,0.999800,1
0.000779,0.999221,1
0.999575,0.000425,0
0.000000,1.000000,1
0.999902,0.000098,0
0.999790,0.000210,0
0.889088,0.110912,0
0.000372,0.999628,1
0.999974,0.000026,0
0.999944,0.000056,0
0.000215,0.999785,1
0.000481,0.999519,1
0.000005,0.999995,1
0.000007,0.999993,1
1.000000,0.000000,0
0.999988,0.000012,0
0.000099,0.999901,1
0.999901,0.000099,0
1.000000,0.000000,0
0.000035,0.999965,1
0.000293,0.999707,1
0.000455,0.999545,1
0.999847,0.000153,0
0.999994,0.000006,0
0.000003,0.999997,1
0.999987,0.000013,0
0.000222,0.999778,1
0.996310,0.003690,0
0.000210,0.999790,1
0.999984,0.000016,0
0.000000,1.000000,1
0.999950,0.000050,0
0.996719,0.003281,0
0.000036,0.999964,1
0.000724,0.999276,1
0.999948,0.000052,0
0.999968,0.000032,0
0.000606,0.999394,1
0.000070,0.999930,1
0.999964,0.000036,0
0.000137,0.999863,1
0.000001,0.999999,1
0.998671,0.001329,0
0.000019,0.999981,1
0.999769,0.000231,0
0.000159,0.999841,1
0.000139,0.999861,1
0.000323,0.999677,1
0.999952,0.000048,0
0.000076,0.999924,1
0.000558,0.999442,1
0.999830,0.000170,0
0.000090,0.999910,1
0.000000,1.000000,1
0.999859,0.000141,0
0.999845,0.000155,0
0.000010,0.999990,1
0.998476,0.001524,0
0.000068,0.999932,1
0.999708,0.000292,0
0.984947,0.015053,0
0.000223,0.999777,1
0.000156,0.999844,1
0.000004,0.999996,1
1.000000,0.000000,0
0.000004,0.999996,1
0.999555,0.000445,0
0.999829,0.000171,0
0.000010,0.999990,1
0.000690,0.999310,1
0.999990,0.000010,0
0.000022,0.999978,1
0.000733,0.999267,1
0.999881,0.000119,0
0.000107,0.999893,1
0.000097,0.999903,1
0.000003,0.999997,1
0.000268,0.999732,1
0.000002,0.999998,1
0.000009,0.999991,1
0.999318,0.000682,0
0.000000,1.000000,1
0.000143,0.999857,1
0.999937,0.000063,0
0.999888,0.000112,0
0.000762,0.999238,1
0.999994,0.000006,0
0.000104,0.999896,1
0.000002,0.999998,1
0.999937,0.000063,0
0.999995,0.000005,0
0.999844,0.000156,0
0.000097,0.999903,1
0.000889,0.999111,1
0.000097,0.999903,1
0.010724,0.989276,1
0.999094,0.000906,0
0.000364,0.999636,1
0.999853,0.000147,0
0.000854,0.999146,1
0.999962,0.000038,0
0.000043,0.999957,1
0.999994,0.000006,0
0.999771,0.000229,0
0.000006,0.999994,1
0.000027,0.999973,1
0.000000,1.000000,1
0.000001,0.999999,1
0.000400,0.999600,1
0.999258,0.000742,0
0.999837,0.000163,0
0.999598,0.000402,0
0.000060,0.999940,1
0.999936,0.000064,0
0.999714,0.000286,0
0.000014,0.999986,1
0.999995,0.000005,0
0.999999,0.000001,0
0.000057,0.999943,1
0.000102,0.999898,1
0.999332,0.000668,0
0.000000,1.000000,1
0.000025,0.999975,1
0.000197,0.999803,1
0.999678,0.000322,0
0.007494,0.992506,1
0.999874,0.000126,0
0.000000,1.000000,1
0.997041,0.002959,0
0.000073,0.999927,1
0.999959,0.000041,0
0.999708,0.000292,0
0.999377,0.000623,0
0.999871,0.000129,0
0.000774,0.999226,1
0.000091,0.999909,1
0.999994,0.000006,0
0.000449,0.999551,1
0.999999,0.000001,0
0.000049,0.999951,1
0.999999,0.000001,0
0.000002,0.999998,1
0.001954,0.998046,1
0.000500,0.999500,1
0.999928,0.000072,0
0.000018,0.999982,1
0.000062,0.999938,1
0.999983,0.000017,0
0.000074,0.999926,1
0.000041,0.999959,1
0.000111,0.999889,1
0.999763,0.000237,0
0.000530,0.999470,1
0.999830,0.000170,0
0.000591,0.999409,1
0.999313,0.000687,0
0.999986,0.000014,0
0.000139,0.999861,1
0.000844,0.999156,1
0.001269,0.998731,1
1.000000,0.000000,0
0.999568,0.000432,0
0.000000,1.000000,1
0.999742,0.000258,0
0.999877,0.000123,0
0.999818,0.000182,0
0.000024,0.999976,1
0.999153,0.000847,0
0.000018,0.999982,1
0.000078,0.999922,1
0.000080,0.999920,1
0.000828,0.999172,1
0.999906,0.000094,0
0.999877,0.000123,0
1.000000,0.000000,0
0.998941,0.001059,0
0.000025,0.999975,1
0.000376,0.999624,1
0.000058,0.999942,1
0.001414,0.998586,1
0.000027,0.999973,1
0.999974,0.000026,0
1.000000,0.000000,0
0.002690,0.997310,1
0.975511,0.024489,0
0.000110,0.999890,1
0.000086,0.999914,1
0.002760,0.997240,1
0.999995,0.000005,0
0.999719,0.000281,0
0.000025,0.999975,1
0.999537,0.000463,0
0.999949,0.000051,0
0.999633,0.000367,0
0.000168,0.999832,1
0.000111,0.999889,1
0.999647,0.000353,0
0.999954,0.000046,0
1.000000,0.000000,0
0.000004,0.999996,1
0.000005,0.999995,1
0.999988,0.000012,0
0.999959,0.000041,0
0.999963,0.000037,0
1.000000,0.000000,0
0.999374,0.000626,0
0.000127,0.999873,1
0.000232,0.999768,1
0.000220,0.999780,1
0.999918,0.000082,0
0.000001,0.999999,1
0.000008,0.999992,1
0.000477,0.999523,1
0.992847,0.007153,0
0.000090,0.999910,1
0.000006,0.999994,1
0.001161,0.998839,1
0.000089,0.999911,1
0.999899,0.000101,0
0.999982,0.000018,0
0.000026,0.999974,1
0.998829,0.001171,0
0.000397,0.999603,1
1.000000,0.000000,0
0.999996,0.000004,0
0.000162,0.999838,1
0.000011,0.999989,1
0.000435,0.999565,1
0.999984,0.000016,0
0.000006,0.999994,1
0.000032,0.999968,1
0.000022,0.999978,1
0.999931,0.000069,0
0.000057,0.999943,1
0.999973,0.000027,0
0.000030,0.999970,1
0.000067,0.999933,1
0.999989,0.000011,0
0.000008,0.999992,1
0.000077,0.999923,1
0.999966,0.000034,0
0.000000,1.000000,1
0.000170,0.999830,1
0.000320,0.999680,1
0.999797,0.000203,0
0.003031,0.996969,1
0.999939,0.000061,0
0.000048,0.999952,1
0.999943,0.000057,0
0.999947,0.000053,0
0.000000,1.000000,1
0.000002,0.999998,1
0.000247,0.999753,1
0.999979,0.000021,0
0.999890,0.000110,0
0.000020,0.999980,1
0.000071,0.999929,1
0.000002,0.999998,1
0.999993,0.000007,0
0.000021,0.999979,1
0.999994,0.000006,0
0.000231,0.999769,1
0.000020,0.999980,1
0.000010,0.999990,1
0.999851,0.000149,0
0.999962,0.000038,0
0.999905,0.000095,0
0.000237,0.999763,1
0.000042,0.999958,1
0.000002,0.999998,1
0.999941,0.000059,0
0.000637,0.999363,1
0.000015,0.999985,1
0.000008,0.999992,1
0.999543,0.000457,0
0.000006,0.999994,1
0.999959,0.000041,0
0.000481,0.999519,1
0.000003,0.999997,1
0.999845,0.000155,0
0.999986,0.000014,0
1.000000,0.000000,0
0.000031,0.999969,1
0.000011,0.999989,1
0.999959,0.000041,0
0.000007,0.999993,1
0.000019,0.999981,1
0.000602,0.999398,1
0.999881,0.000119,0
0.000020,0.999980,1
0.999930,0.000070,0
1.000000,0.000000,0
0.000292,0.999708,1
0.000021,0.999979,1
0.999788,0.000212,0
0.999955,0.000045,0
0.000003,0.999997,1
0.999007,0.000993,0
0.000441,0.999559,1
0.999953,0.000047,0
0.000115,0.999885,1
0.999653,0.000347,0
0.000081,0.999919,1
0.999969,0.000031,0
0.999957,0.000043,0
0.999987,0.000013,0
0.999884,0.000116,0
0.000104,0.999896,1
0.999919,0.000081,0
0.000016,0.999984,1
0.000016,0.999984,1
0.000001,0.999999,1
0.999774,0.000226,0
0.000326,0.999674,1
0.000041,0.999959,1
0.999999,0.000001,0
0.999830,0.000170,0
0.998294,0.001706,0
0.999562,0.000438,0
0.999959,0.000041,0
0.001541,0.998459,1
0.000001,0.999999,1
0.000512,0.999488,1
0.999944,0.000056,0
0.000040,0.999960,1
0.000060,0.999940,1
0.999990,0.000010,0
0.999771,0.000229,0
0.000002,0.999998,1
0.000017,0.999983,1
0.999953,0.000047,0
0.000166,0.999834,1
0.000583,0.999417,1
0.000004,0.999996,1
0.000181,0.999819,1
0.999936,0.000064,0
0.000001,0.999999,1
0.999978,0.000022,0
0.999993,0.000007,0
0.000242,0.999758,1
0.017845,0.982155,1
0.999772,0.000228,0
0.998758,0.001242,0
0.999984,0.000016,0
0.999978,0.000022,0
0.000014,0.999986,1
0.000014,0.999986,1
0.999929,0.000071,0
0.999498,0.000502,0
0.000001,0.999999,1
0.000038,0.999962,1
0.000021,0.999979,1
0.000612,0.999388,1
0.000169,0.999831,1
0.999975,0.000025,0
0.000715,0.999285,1
0.000071,0.999929,1
0.000454,0.999546,1
0.000035,0.999965,1
0.000108,0.999892,1
0.000000,1.000000,1
0.999998,0.000002,0
0.000109,0.999891,1
0.999565,0.000435,0
0.000063,0.999937,1
0.995211,0.004789,0
0.999840,0.000160,0
0.000035,0.999965,1
0.000784,0.999216,1
0.999953,0.000047,0
0.000000,1.000000,1
0.000593,0.999407,1
0.999932,0.000068,0
0.000597,0.999403,1
0.000025,0.999975,1
0.999849,0.000151,0
0.999899,0.000101,0
0.000009,0.999991,1
0.999522,0.000478,0
0.999896,0.000104,0
0.999936,0.000064,0
0.000933,0.999067,1
0.000019,0.999981,1
0.000000,1.000000,1
0.000001,0.999999,1
0.000001,0.999999,1
0.000002,0.999998,1
0.000001,0.999999,1
0.999993,0.000007,0
0.001250,0.998750,1
0.999789,0.000211,0
0.999999,0.000001,0
0.999954,0.000046,0
0.998928,0.001072,0
0.000156,0.999844,1
0.999881,0.000119,0
0.000216,0.999784,1
0.001407,0.998593,1
0.999785,0.000215,0
0.000000,1.000000,1
0.000400,0.999600,1
0.000096,0.999904,1
0.000047,0.999953,1
0.999977,0.000023,0
0.000421,0.999579,1
0.000794,0.999206,1
0.000104,0.999896,1
0.000104,0.999896,1
0.000044,0.999956,1
0.999647,0.000353,0
0.999323,0.000677,0
0.000069,0.999931,1
0.999822,0.000178,0
0.999208,0.000792,0
0.000027,0.999973,1
0.999996,0.000004,0
0.000447,0.999553,1
0.000337,0.999663,1
0.999706,0.000294,0
0.000159,0.999841,1
0.000057,0.999943,1
0.999423,0.000577,0
0.000039,0.999961,1
0.000000,1.000000,1
0.999846,0.000154,0
0.999981,0.000019,0
0.000304,0.999696,1
0.000906,0.999094,1
0.000002,0.999998,1
0.000030,0.999970,1
0.999769,0.000231,0
0.999989,0.000011,0
0.000002,0.999998,1
0.999888,0.000112,0
0.000320,0.999680,1
0.998922,0.001078,0
0.999983,0.000017,0
0.999929,0.000071,0
0.000053,0.999947,1
0.999835,0.000165,0
0.000001,0.999999,1
0.000510,0.999490,1
0.000005,0.999995,1
0.000172,0.999828,1
0.999710,0.000290,0
0.000031,0.999969,1
0.000602,0.999398,1
0.000081,0.999919,1
0.000511,0.999489,1
0.000020,0.999980,1
0.999121,0.000879,0
0.999950,0.000050,0
0.000023,0.999977,1
0.998521,0.001479,0
0.000002,0.999998,1
0.000563,0.999437,1
0.000884,0.999116,1
0.000074,0.999926,1
0.000009,0.999991,1
0.999981,0.000019,0
0.999953,0.000047,0
0.000018,0.999982,1
0.999801,0.000199,0
0.999779,0.000221,0
0.000012,0.999988,1
0.999752,0.000248,0
0.000095,0.999905,1
0.999971,0.000029,0
0.000089,0.999911,1
0.998521,0.001479,0
0.999847,0.000153,0
0.999649,0.000351,0
0.000011,0.999989,1
0.999401,0.000599,0
0.999983,0.000017,0
0.000019,0.999981,1
0.999525,0.000475,0
0.998825,0.001175,0
0.000159,0.999841,1
0.000000,1.000000,1
0.000307,0.999693,1
0.999987,0.000013,0
0.999986,0.000014,0
0.000005,0.999995,1
0.999896,0.000104,0
0.001897,0.998103,1
0.000002,0.999998,1
0.000001,0.999999,1
0.999950,0.000050,0
0.999113,0.000887,0
0.999663,0.000337,0
0.000034,0.999966,1
0.000366,0.999634,1
0.000021,0.999979,1
0.999992,0.000008,0
0.000000,1.000000,1
0.000002,0.999998,1
0.000397,0.999603,1
0.000147,0.999853,1
0.000086,0.999914,1
0.000001,0.999999,1
0.999879,0.000121,0
0.999923,0.000077,0
0.000165,0.999835,1
0.999852,0.000148,0
0.000587,0.999413,1
0.000009,0.999991,1
0.999960,0.000040,0
1.000000,0.000000,0
0.000011,0.999989,1
0.000000,1.000000,1
0.998598,0.001402,0
0.000003,0.999997,1
0.999723,0.000277,0
0.000007,0.999993,1
0.999931,0.000069,0
0.999936,0.000064,0
0.999915,0.000085,0
0.999753,0.000247,0
0.999906,0.000094,0
0.000715,0.999285,1
0.000005,0.999995,1
0.999956,0.000044,0
0.999950,0.000050,0
0.000222,0.999778,1
0.999953,0.000047,0
0.999323,0.000677,0
0.000833,0.999167,1
0.999993,0.000007,0
0.999717,0.000283,0
0.999995,0.000005,0
0.999918,0.000082,0
0.000000,1.000000,1
0.000024,0.999976,1
0.000434,0.999566,1
0.000005,0.999995,1
0.999995,0.000005,0
0.999999,0.000001,0
0.998570,0.001430,0
0.000002,0.999998,1
0.000040,0.999960,1
0.999822,0.000178,0
0.000700,0.999300,1
0.999929,0.000071,0
0.999896,0.000104,0
0.999663,0.000337,0
0.999935,0.000065,0
0.999651,0.000349,0
0.000076,0.999924,1
0.002683,0.997317,1
0.000001,0.999999,1
0.999947,0.000053,0
0.000001,0.999999,1
0.000267,0.999733,1
0.000206,0.999794,1
0.000164,0.999836,1
0.000002,0.999998,1
0.000000,1.000000,1
0.000013,0.999987,1
0.999976,0.000024,0
0.000110,0.999890,1
0.999988,0.000012,0
0.000036,0.999964,1
0.000005,0.999995,1
0.000006,0.999994,1
0.999568,0.000432,0
0.999907,0.000093,0
0.000000,1.000000,1
0.000001,0.999999,1
0.000002,0.999998,1
0.000037,0.999963,1
0.999981,0.000019,0
0.000039,0.999961,1
0.000000,1.000000,1
0.000031,0.999969,1
0.000715,0.999285,1
0.999263,0.000737,0
0.000143,0.999857,1
0.000009,0.999991,1
0.999952,0.000048,0
0.000401,0.999599,1
0.000005,0.999995,1
0.000000,1.000000,1
0.999927,0.000073,0
0.998551,0.001449,0
0.999318,0.000682,0
0.999952,0.000048,0
0.999952,0.000048,0
0.000007,0.999993,1
0.999989,0.000011,0
0.000001,0.999999,1
0.999653,0.000347,0
0.999974,0.000026,0
0.000005,0.999995,1
0.008753,0.991247,1
0.000002,0.999998,1
0.001401,0.998599,1
0.999763,0.000237,0
0.000306,0.999694,1
0.000102,0.999898,1
0.999926,0.000074,0
0.999944,0.000056,0
0.000317,0.999683,1
0.000002,0.999998,1
0.000031,0.999969,1
0.999922,0.000078,0
0.000030,0.999970,1
0.000000,1.000000,1
0.000038,0.999962,1
0.999941,0.000059,0
0.999994,0.000006,0
0.999719,0.000281,0
0.999998,0.000002,0
1.000000,0.000000,0
0.000820,0.999180,1
0.000309,0.999691,1
0.999787,0.000213,0
0.000012,0.999988,1
0.000012,0.999988,1
0.000098,0.999902,1
0.000590,0.999410,1
0.999997,0.000003,0
0.999987,0.000013,0
0.999859,0.000141,0
0.000197,0.999803,1
0.000000,1.000000,1
0.998962,0.001038,0
0.000082,0.999918,1
0.000003,0.999997,1
0.000015,0.999985,1
0.000003,0.999997,1
0.000000,1.000000,1
0.999997,0.000003,0
0.000201,0.999799,1
0.000001,0.999999,1
0.999998,0.000002,0
0.000456,0.999544,1
0.999824,0.000176,0
0.999682,0.000318,0
0.017669,0.982331,1
0.999991,0.000009,0
0.999998,0.000002,0
0.999609,0.000391,0
0.000017,0.999983,1
0.999992,0.000008,0
0.000024,0.999976,1
0.000323,0.999677,1
0.999088,0.000912,0
0.000087,0.999913,1
0.000018,0.999982,1
0.000111,0.999889,1
1.000000,0.000000,0
0.999971,0.000029,0
0.999801,0.000199,0
0.999988,0.000012,0
0.998875,0.001125,0
0.000008,0.999992,1
0.999911,0.000089,0
0.000009,0.999991,1
0.999859,0.000141,0
0.000322,0.999678,1
0.000109,0.999891,1
0.000002,0.999998,1
0.997496,0.002504,0
0.000513,0.999487,1
0.999956,0.000044,0
0.000017,0.999983,1
0.999650,0.000350,0
0.000359,0.999641,1
0.999849,0.000151,0
0.999657,0.000343,0
0.000019,0.999981,1
0.000001,0.999999,1
0.999871,0.000129,0
0.004697,0.995303,1
0.999431,0.000569,0
1.000000,0.000000,0
0.999871,0.000129,0
0.999925,0.000075,0
0.999950,0.000050,0
1.000000,0.000000,0
0.999699,0.000301,0
0.999849,0.000151,0
0.000130,0.999870,1
0.000147,0.999853,1
0.999990,0.000010,0
0.999747,0.000253,0
0.000054,0.999946,1
0.999803,0.000197,0
0.000075,0.999925,1
0.000067,0.999933,1
0.000077,0.999923,1
0.002630,0.997370,1
0.999936,0.000064,0
0.000733,0.999267,1
0.999999,0.000001,0
1.000000,0.000000,0
0.000002,0.999998,1
0.999933,0.000067,0
0.999786,0.000214,0
0.000002,0.999998,1
0.999879,0.000121,0
0.999817,0.000183,0
0.000000,1.000000,1
0.000133,0.999867,1
0.000010,0.999990,1
0.000000,1.000000,1
0.000086,0.999914,1
0.000007,0.999993,1
0.000000,1.000000,1
0.006897,0.993103,1
0.000648,0.999352,1
0.000005,0.999995,1
0.000015,0.999985,1
0.000131,0.999869,1
0.000047,0.999953,1
0.000384,0.999616,1
0.000769,0.999231,1
0.999747,0.000253,0
0.000002,0.999998,1
0.000023,0.999977,1
0.000003,0.999997,1
0.000242,0.999758,1
0.999853,0.000147,0
0.999927,0.000073,0
0.000006,0.999994,1
0.999729,0.000271,0
0.999328,0.000672,0
0.000113,0.999887,1
0.000373,0.999627,1
0.999674,0.000326,0
0.999857,0.000143,0
0.000009,0.999991,1
0.999751,0.000249,0
0.000090,0.999910,1
0.003359,0.996641,1
0.000004,0.999996,1
0.998716,0.001284,0
0.000025,0.999975,1
0.000016,0.999984,1
0.000418,0.999582,1
0.000013,0.999987,1
0.994659,0.005341,0
0.000000,1.000000,1
0.000002,0.999998,1
0.999669,0.000331,0
0.999922,0.000078,0
0.997738,0.002262,0
0.000116,0.999884,1
0.999435,0.000565,0
0.000053,0.999947,1
0.999306,0.000694,0
0.000159,0.999841,1
0.999754,0.000246,0
0.998825,0.001175,0
0.999884,0.000116,0
0.000174,0.999826,1
0.000361,0.999639,1
0.000036,0.999964,1
0.000017,0.999983,1
0.000194,0.999806,1
0.999928,0.000072,0
0.999381,0.000619,0
0.000012,0.999988,1
0.000092,0.999908,1
0.999997,0.000003,0
0.000259,0.999741,1
0.999957,0.000043,0
0.999783,0.000217,0
0.000015,0.999985,1
0.000097,0.999903,1
0.000010,0.999990,1
0.999865,0.000135,0
0.000002,0.999998,1
0.999994,0.000006,0
0.999981,0.000019,0
0.999824,0.000176,0
0.999818,0.000182,0
1.000000,0.000000,0
0.999958,0.000042,0
0.999812,0.000188,0
0.999606,0.000394,0
0.999984,0.000016,0
0.000003,0.999997,1
0.000104,0.999896,1
0.000010,0.999990,1
0.000022,0.999978,1
0.000019,0.999981,1
0.000021,0.999979,1
0.000044,0.999956,1
0.000052,0.999948,1
0.999986,0.000014,0
0.998757,0.001243,0
1.000000,0.000000,0
0.000004,0.999996,1
0.000082,0.999918,1
0.000014,0.999986,1
0.000776,0.999224,1
0.999954,0.000046,0
0.000182,0.999818,1
0.999790,0.000210,0
0.000269,0.999731,1
0.999992,0.000008,0
0.999899,0.000101,0
0.999936,0.000064,0
0.999743,0.000257,0
0.998929,0.001071,0
0.000034,0.999966,1
0.000005,0.999995,1
0.999796,0.000204,0
0.999830,0.000170,0
0.000010,0.999990,1
0.999965,0.000035,0
0.999888,0.000112,0
0.000250,0.999750,1
0.000026,0.999974,1
0.000014,0.999986,1
0.999999,0.000001,0
0.997557,0.002443,0
0.999701,0.000299,0
0.000323,0.999677,1
0.996980,0.003020,0
0.000057,0.999943,1
0.999556,0.000444,0
0.999995,0.000005,0
0.000009,0.999991,1
0.999961,0.000039,0
0.000031,0.999969,1
0.000021,0.999979,1
0.999983,0.000017,0
0.999960,0.000040,0
0.999458,0.000542,0
0.000235,0.999765,1
1.000000,0.000000,0
0.000023,0.999977,1
0.000012,0.999988,1
0.999019,0.000981,0
0.999950,0.000050,0
0.999874,0.000126,0
0.997307,0.002693,0
0.000398,0.999602,1
0.000022,0.999978,1
0.999983,0.000017,0
0.000022,0.999978,1
0.999874,0.000126,0
0.000041,0.999959,1
0.999890,0.000110,0
0.999922,0.000078,0
0.999967,0.000033,0
0.000234,0.999766,1
0.000002,0.999998,1
0.000016,0.999984,1
0.999476,0.000524,0
0.999997,0.000003,0
0.999967,0.000033,0
0.000000,1.000000,1
0.007268,0.992732,1
0.997884,0.002116,0
0.999993,0.000007,0
0.999956,0.000044,0
0.000484,0.999516,1
0.999555,0.000445,0
0.999631,0.000369,0
0.999970,0.000030,0
0.000000,1.000000,1
0.000260,0.999740,1
0.000535,0.999465,1
0.000005,0.999995,1
0.999993,0.000007,0
0.000008,0.999992,1
0.001541,0.998459,1
0.000075,0.999925,1
0.999342,0.000658,0
0.006404,0.993596,1
0.000000,1.000000,1
0.000001,0.999999,1
0.999858,0.000142,0
0.000023,0.999977,1
0.000694,0.999306,1
0.999962,0.000038,0
0.000337,0.999663,1
0.000019,0.999981,1
0.999996,0.000004,0
0.000006,0.999994,1
0.999720,0.000280,0
0.000001,0.999999,1
0.000026,0.999974,1
0.000074,0.999926,1
0.999973,0.000027,0
0.000078,0.999922,1
0.999947,0.000053,0
0.000001,0.999999,1
0.000280,0.999720,1
0.000054,0.999946,1
0.999888,0.000112,0
0.001001,0.998999,1
0.000302,0.999698,1
0.000090,0.999910,1
0.999949,0.000051,0
0.999985,0.000015,0
0.000039,0.999961,1
0.000001,0.999999,1
0.000002,0.999998,1
0.000012,0.999988,1
0.999729,0.000271,0
0.999963,0.000037,0
0.999980,0.000020,0
0.000015,0.999985,1
0.999905,0.000095,0
0.999998,0.000002,0
0.999866,0.000134,0
1.000000,0.000000,0
0.999936,0.000064,0
0.000003,0.999997,1
0.000095,0.999905,1
0.000400,0.999600,1
0.000006,0.999994,1
0.000034,0.999966,1
0.000035,0.999965,1
0.000136,0.999864,1
0.999700,0.000300,0
0.999997,0.000003,0
0.996902,0.003098,0
0.999973,0.000027,0
0.000094,0.999906,1
0.999874,0.000126,0
0.000045,0.999955,1
0.999858,0.000142,0
0.999821,0.000179,0
0.999981,0.000019,0
0.000667,0.999333,1
0.999726,0.000274,0
0.000003,0.999997,1
0.000020,0.999980,1
0.999920,0.000080,0
0.999521,0.000479,0
0.999999,0.000001,0
0.000068,0.999932,1
0.000021,0.999979,1
0.996303,0.003697,0
0.999830,0.000170,0
0.000010,0.999990,1
0.000272,0.999728,1
0.999950,0.000050,0
0.999933,0.000067,0
0.000801,0.999199,1
0.999835,0.000165,0
0.000000,1.000000,1
0.000003,0.999997,1
0.999847,0.000153,0
0.999971,0.000029,0
0.017521,0.982479,1
0.002279,0.997721,1
0.999961,0.000039,0
0.999985,0.000015,0
0.000077,0.999923,1
0.999455,0.000545,0
0.999752,0.000248,0
0.000008,0.999992,1
0.998712,0.001288,0
0.999020,0.000980,0
0.000183,0.999817,1
0.000009,0.999991,1
0.000006,0.999994,1
0.999748,0.000252,0
0.000283,0.999717,1
0.999759,0.000241,0
0.999727,0.000273,0
0.996604,0.003396,0
0.000001,0.999999,1
0.999836,0.000164,0
0.000637,0.999363,1
0.999962,0.000038,0
0.000478,0.999522,1
0.999790,0.000210,0
0.000011,0.999989,1
0.000075,0.999925,1
0.000125,0.999875,1
0.999947,0.000053,0
0.000046,0.999954,1
0.000081,0.999919,1
0.000012,0.999988,1
0.999999,0.000001,0
0.000006,0.999994,1
0.000512,0.999488,1
0.000006,0.999994,1
0.000018,0.999982,1
0.000001,0.999999,1
0.999941,0.000059,0
0.998607,0.001393,0
0.000009,0.999991,1
0.000336,0.999664,1
0.999988,0.000012,0
0.999953,0.000047,0
0.999990,0.000010,0
0.003695,0.996305,1
1.000000,0.000000,0
0.000005,0.999995,1
0.995344,0.004656,0
0.999919,0.000081,0
0.999763,0.000237,0
0.000007,0.999993,1
0.000000,1.000000,1
0.999650,0.000350,0
0.000005,0.999995,1
1.000000,0.000000,0
0.999872,0.000128,0
0.999414,0.000586,0
0.002613,0.997387,1
0.998350,0.001650,0
0.000167,0.999833,1
0.999953,0.000047,0
0.000001,0.999999,1
0.999906,0.000094,0
0.001414,0.998586,1
1.000000,0.000000,0
0.000123,0.999877,1
0.999935,0.000065,0
0.000006,0.999994,1
0.000090,0.999910,1
0.999977,0.000023,0
0.000087,0.999913,1
0.999788,0.000212,0
0.999629,0.000371,0
0.999867,0.000133,0
0.999053,0.000947,0
0.000881,0.999119,1
0.000000,1.000000,1
0.000093,0.999907,1
0.000202,0.999798,1
0.000000,1.000000,1
0.000014,0.999986,1
0.000061,0.999939,1
0.000001,0.999999,1
0.999894,0.000106,0
0.000001,0.999999,1
0.000715,0.999285,1
0.000977,0.999023,1
0.999888,0.000112,0
0.999952,0.000048,0
0.000003,0.999997,1
0.999848,0.000152,0
0.000556,0.999444,1
0.000081,0.999919,1
0.997557,0.002443,0
0.000045,0.999955,1
0.000317,0.999683,1
0.000004,0.999996,1
0.000101,0.999899,1
0.000036,0.999964,1
0.000029,0.999971,1
0.999953,0.000047,0
0.999851,0.000149,0
0.999990,0.000010,0
0.000000,1.000000,1
0.000401,0.999599,1
0.000006,0.999994,1
0.999845,0.000155,0
0.000027,0.999973,1
0.000008,0.999992,1
0.999978,0.000022,0
0.000192,0.999808,1
0.000133,0.999867,1
0.000001,0.999999,1
0.999870,0.000130,0
0.000025,0.999975,1
0.999988,0.000012,0
0.999420,0.000580,0
0.999950,0.000050,0
0.000428,0.999572,1
0.000165,0.999835,1
0.998928,0.001072,0
0.999884,0.000116,0
0.000007,0.999993,1
0.000382,0.999618,1
0.999880,0.000120,0
0.000095,0.999905,1
1.000000,0.000000,0
0.999607,0.000393,0
0.999719,0.000281,0
0.999905,0.000095,0
0.999998,0.000002,0
0.000133,0.999867,1
0.000601,0.999399,1
0.000115,0.999885,1
0.000002,0.999998,1
0.000002,0.999998,1
0.999999,0.000001,0
0.999744,0.000256,0
0.999984,0.000016,0
0.000089,0.999911,1
0.999967,0.000033,0
0.001123,0.998877,1
0.999810,0.000190,0
0.998906,0.001094,0
0.999866,0.000134,0
1.000000,0.000000,0
0.999997,0.000003,0
0.000341,0.999659,1
0.000002,0.999998,1
0.000000,1.000000,1
0.999878,0.000122,0
0.000315,0.999685,1
0.000000,1.000000,1
0.000060,0.999940,1
0.000931,0.999069,1
0.000280,0.999720,1
0.000320,0.999680,1
0.000000,1.000000,1
0.999876,0.000124,0
0.000008,0.999992,1
0.000032,0.999968,1
0.999377,0.000623,0
0.999636,0.000364,0
0.999001,0.000999,0
0.000001,0.999999,1
0.999899,0.000101,0
0.999950,0.000050,0
0.000400,0.999600,1
0.000142,0.999858,1
0.999946,0.000054,0
0.000059,0.999941,1
0.999996,0.000004,0
0.000002,0.999998,1
0.999983,0.000017,0
0.000013,0.999987,1
0.999969,0.000031,0
0.001282,0.998718,1
0.000009,0.999991,1
0.000061,0.999939,1
0.000075,0.999925,1
0.000031,0.999969,1
0.999936,0.000064,0
0.999934,0.000066,0
0.000001,0.999999,1
0.999967,0.000033,0
0.000971,0.999029,1
0.000111,0.999889,1
0.000004,0.999996,1
0.000335,0.999665,1
0.999890,0.000110,0
0.000001,0.999999,1
0.999958,0.000042,0
0.000076,0.999924,1
0.000031,0.999969,1
0.000887,0.999113,1
0.002089,0.997911,1
0.999879,0.000121,0
0.000006,0.999994,1
0.999999,0.000001,0
0.000006,0.999994,1
0.999912,0.000088,0
0.000111,0.999889,1
0.999992,0.000008,0
0.999959,0.000041,0
0.999890,0.000110,0
0.999899,0.000101,0
0.999972,0.000028,0
0.000005,0.999995,1
0.999886,0.000114,0
0.000010,0.999990,1
0.999965,0.000035,0
0.999997,0.000003,0
0.000002,0.999998,1
0.999951,0.000049,0
0.999771,0.000229,0
0.999797,0.000203,0
0.001637,0.998363,1
0.999320,0.000680,0
0.000001,0.999999,1
0.994300,0.005700,0
0.999998,0.000002,0
0.999979,0.000021,0
0.999986,0.000014,0
0.999968,0.000032,0
0.000000,1.000000,1
0.000049,0.999951,1
0.000437,0.999563,1
0.000425,0.999575,1
0.999852,0.000148,0
0.999998,0.000002,0
0.999614,0.000386,0
0.000625,0.999375,1
0.000000,1.000000,1
0.998950,0.001050,0
0.000226,0.999774,1
0.999499,0.000501,0
0.997778,0.002222,0
0.000053,0.999947,1
0.999160,0.000840,0
0.999701,0.000299,0
0.000167,0.999833,1
0.999878,0.000122,0
0.000280,0.999720,1
0.000329,0.999671,1
0.000010,0.999990,1
0.000119,0.999881,1
0.999781,0.000219,0
0.000004,0.999996,1
0.000002,0.999998,1
0.000896,0.999104,1
0.000002,0.999998,1
0.000035,0.999965,1
0.000436,0.999564,1
0.999800,0.000200,0
0.000016,0.999984,1
0.999745,0.000255,0
0.999289,0.000711,0
0.000197,0.999803,1
0.000075,0.999925,1
0.000015,0.999985,1
0.999956,0.000044,0
0.000011,0.999989,1
0.000015,0.999985,1
0.000007,0.999993,1
0.000006,0.999994,1
0.998521,0.001479,0
0.999944,0.000056,0
0.000039,0.999961,1
0.000080,0.999920,1
0.999779,0.000221,0
0.999971,0.000029,0
0.999999,0.000001,0
0.999998,0.000002,0
0.999917,0.000083,0
0.000121,0.999879,1
0.999710,0.000290,0
0.999945,0.000055,0
0.000001,0.999999,1
0.000003,0.999997,1
0.000000,1.000000,1
0.000003,0.999997,1
0.999894,0.000106,0
0.000004,0.999996,1
0.000094,0.999906,1
0.000233,0.999767,1
0.999999,0.000001,0
0.996895,0.003105,0
0.999664,0.000336,0
0.999651,0.000349,0
0.000009,0.999991,1
0.000075,0.999925,1
0.000005,0.999995,1
0.999997,0.000003,0
0.000070,0.999930,1
0.999942,0.000058,0
0.999965,0.000035,0
0.000746,0.999254,1
0.000336,0.999664,1
0.998895,0.001105,0
0.000001,0.999999,1
0.000028,0.999972,1
0.000009,0.999991,1
0.000217,0.999783,1
0.999999,0.000001,0
0.000168,0.999832,1
0.999973,0.000027,0
0.000012,0.999988,1
0.000190,0.999810,1
0.000648,0.999352,1
0.983583,0.016417,0
0.000011,0.999989,1
0.999964,0.000036,0
0.000083,0.999917,1
0.999692,0.000308,0
0.000070,0.999930,1
0.999752,0.000248,0
0.000019,0.999981,1
0.000008,0.999992,1
0.000095,0.999905,1
0.000733,0.999267,1
0.999954,0.000046,0
0.000233,0.999767,1
0.000000,1.000000,1
0.000087,0.999913,1
0.000132,0.999868,1
0.996806,0.003194,0
0.001335,0.998665,1
0.999190,0.000810,0
0.999993,0.000007,0
0.000345,0.999655,1
0.000011,0.999989,1
0.999997,0.000003,0
0.000025,0.999975,1
0.999834,0.000166,0
0.998094,0.001906,0
0.000005,0.999995,1
0.000016,0.999984,1
0.999992,0.000008,0
0.999651,0.000349,0
0.001074,0.998926,1
0.000771,0.999229,1
0.999858,0.000142,0
0.999999,0.000001,0
0.000320,0.999680,1
0.000029,0.999971,1
0.999729,0.000271,0
0.000001,0.999999,1
0.000748,0.999252,1
0.000005,0.999995,1
0.000057,0.999943,1
0.000005,0.999995,1
0.999993,0.000007,0
0.999574,0.000426,0
0.000159,0.999841,1
0.000009,0.999991,1
0.999899,0.000101,0
0.000000,1.000000,1
0.999235,0.000765,0
0.999994,0.000006,0
0.999865,0.000135,0
0.000045,0.999955,1
0.000000,1.000000,1
0.997396,0.002604,0
0.999921,0.000079,0
0.998941,0.001059,0
0.000246,0.999754,1
0.000649,0.999351,1
0.000041,0.999959,1
0.000280,0.999720,1
0.999193,0.000807,0
0.000001,0.999999,1
0.000133,0.999867,1
0.000004,0.999996,1
0.000000,1.000000,1
0.000010,0.999990,1
0.999999,0.000001,0
0.999805,0.000195,0
0.999870,0.000130,0
0.999894,0.000106,0
0.999780,0.000220,0
0.999536,0.000464,0
0.999996,0.000004,0
0.000001,0.999999,1
0.000044,0.999956,1
0.000223,0.999777,1
0.999735,0.000265,0
0.999983,0.000017,0
0.999995,0.000005,0
0.000180,0.999820,1
0.999069,0.000931,0
0.000024,0.999976,1
0.000108,0.999892,1
0.000005,0.999995,1
0.000100,0.999900,1
0.000538,0.999462,1
0.000267,0.999733,1
0.999636,0.000364,0
0.000006,0.999994,1
0.997361,0.002639,0
0.000212,0.999788,1
0.000039,0.999961,1
0.999517,0.000483,0
0.000000,1.000000,1
0.999905,0.000095,0
0.000103,0.999897,1
0.000000,1.000000,1
0.000147,0.999853,1
0.999693,0.000307,0
0.000013,0.999987,1
0.999984,0.000016,0
0.000067,0.999933,1
0.999429,0.000571,0
0.000002,0.999998,1
0.000015,0.999985,1
0.000051,0.999949,1
0.000013,0.999987,1
0.999876,0.000124,0
0.000012,0.999988,1
0.000002,0.999998,1
0.000200,0.999800,1
0.999779,0.000221,0
0.000015,0.999985,1
0.000056,0.999944,1
0.000193,0.999807,1
0.999434,0.000566,0
0.000001,0.999999,1
0.999999,0.000001,0
0.999923,0.000077,0
0.000012,0.999988,1
0.000451,0.999549,1
0.000253,0.999747,1
0.000105,0.999895,1
0.000000,1.000000,1
0.000030,0.999970,1
0.999992,0.000008,0
0.999020,0.000980,0
0.000027,0.999973,1
0.000036,0.999964,1
0.998868,0.001132,0
0.999986,0.000014,0
0.999956,0.000044,0
0.999713,0.000287,0
0.000094,0.999906,1
0.999925,0.000075,0
0.999941,0.000059,0
0.000057,0.999943,1
0.999977,0.000023,0
0.999717,0.000283,0
0.999948,0.000052,0
0.000009,0.999991,1
0.999788,0.000212,0
0.999947,0.000053,0
0.999872,0.000128,0
0.999695,0.000305,0
0.000183,0.999817,1
0.999754,0.000246,0
0.000351,0.999649,1
0.999939,0.000061,0
0.999681,0.000319,0
0.000024,0.999976,1
0.994179,0.005821,0
0.000001,0.999999,1
0.000015,0.999985,1
1.000000,0.000000,0
0.000010,0.999990,1
0.999614,0.000386,0
0.000344,0.999656,1
0.000009,0.999991,1
0.000012,0.999988,1
0.000093,0.999907,1
0.000001,0.999999,1
0.000001,0.999999,1
0.999965,0.000035,0
0.000001,0.999999,1
0.000030,0.999970,1
0.998944,0.001056,0
0.998908,0.001092,0
0.000318,0.999682,1
0.002630,0.997370,1
0.999614,0.000386,0
0.999998,0.000002,0
0.000005,0.999995,1
0.999998,0.000002,0
0.000559,0.999441,1
0.999892,0.000108,0
0.000180,0.999820,1
0.999930,0.000070,0
0.000003,0.999997,1
0.999999,0.000001,0
0.000138,0.999862,1
0.999979,0.000021,0
0.999978,0.000022,0
0.000095,0.999905,1
0.000064,0.999936,1
0.000382,0.999618,1
0.999771,0.000229,0
0.999944,0.000056,0
0.000017,0.999983,1
0.000049,0.999951,1
0.000016,0.999984,1
0.000201,0.999799,1
0.998004,0.001996,0
0.000005,0.999995,1
0.000604,0.999396,1
0.000269,0.999731,1
0.000067,0.999933,1
0.000009,0.999991,1
0.000016,0.999984,1
0.999560,0.000440,0
0.000002,0.999998,1
0.000272,0.999728,1
0.999994,0.000006,0
0.000025,0.999975,1
0.999088,0.000912,0
1.000000,0.000000,0
0.000149,0.999851,1
0.000233,0.999767,1
0.001261,0.998739,1
0.999974,0.000026,0
0.000006,0.999994,1
0.999975,0.000025,0
0.000004,0.999996,1
0.999820,0.000180,0
0.999916,0.000084,0
0.999942,0.000058,0
0.000343,0.999657,1
0.000000,1.000000,1
0.004954,0.995046,1
0.000011,0.999989,1
0.999901,0.000099,0
0.999948,0.000052,0
0.001554,0.998446,1
0.001739,0.998261,1
0.000031,0.999969,1
0.000000,1.000000,1
0.000002,0.999998,1
0.999847,0.000153,0
0.000000,1.000000,1
0.000002,0.999998,1
0.999727,0.000273,0
0.999998,0.000002,0
0.999997,0.000003,0
0.999848,0.000152,0
0.999900,0.000100,0
0.995793,0.004207,0
0.999973,0.000027,0
0.999988,0.000012,0
0.000197,0.999803,1
0.000239,0.999761,1
0.999959,0.000041,0
0.996980,0.003020,0
0.000170,0.999830,1
0.999972,0.000028,0
0.000025,0.999975,1
0.999946,0.000054,0
0.999925,0.000075,0
0.000520,0.999480,1
0.999956,0.000044,0
0.000104,0.999896,1
0.999871,0.000129,0
0.000048,0.999952,1
0.998974,0.001026,0
0.000338,0.999662,1
0.000057,0.999943,1
0.999964,0.000036,0
0.000044,0.999956,1
0.000094,0.999906,1
0.000125,0.999875,1
0.999835,0.000165,0
1.000000,0.000000,0
0.000326,0.999674,1
0.998021,0.001979,0
0.003352,0.996648,1
0.000000,1.000000,1
0.000018,0.999982,1
0.999986,0.000014,0
0.000130,0.999870,1
0.002202,0.997798,1
0.999830,0.000170,0
0.000686,0.999314,1
0.000633,0.999367,1
0.000347,0.999653,1
0.000005,0.999995,1
0.000015,0.999985,1
0.999989,0.000011,0
0.999967,0.000033,0
0.999731,0.000269,0
0.000063,0.999937,1
0.999931,0.000069,0
0.000050,0.999950,1
0.000212,0.999788,1
0.000197,0.999803,1
1.000000,0.000000,0
0.999980,0.000020,0
0.000117,0.999883,1
0.000049,0.999951,1
0.999899,0.000101,0
0.000002,0.999998,1
0.000064,0.999936,1
0.000076,0.999924,1
0.000717,0.999283,1
0.000064,0.999936,1
0.999876,0.000124,0
0.000164,0.999836,1
0.000013,0.999987,1
1.000000,0.000000,0
0.006763,0.993237,1
0.000013,0.999987,1
0.000014,0.999986,1
0.000397,0.999603,1
0.999903,0.000097,0
0.000043,0.999957,1
0.000639,0.999361,1
0.000000,1.000000,1
0.999670,0.000330,0
0.000016,0.999984,1
1.000000,0.000000,0
0.000194,0.999806,1
0.000075,0.999925,1
0.000082,0.999918,1
0.000002,0.999998,1
0.000412,0.999588,1
0.999015,0.000985,0
0.000008,0.999992,1
0.999721,0.000279,0
0.999926,0.000074,0
0.000036,0.999964,1
0.999814,0.000186,0
0.997076,0.002924,0
0.000000,1.000000,1
0.000023,0.999977,1
0.999843,0.000157,0
0.999222,0.000778,0
0.998592,0.001408,0
0.000281,0.999719,1
0.000004,0.999996,1
0.000612,0.999388,1
0.999992,0.000008,0
0.999997,0.000003,0
0.000026,0.999974,1
0.000041,0.999959,1
0.000061,0.999939,1
0.000016,0.999984,1
0.000335,0.999665,1
0.000000,1.000000,1
1.000000,0.000000,0
0.000460,0.999540,1
0.000021,0.999979,1
0.000377,0.999623,1
0.000006,0.999994,1
0.000061,0.999939,1
0.999586,0.000414,0
0.999952,0.000048,0
0.000000,1.000000,1
0.000104,0.999896,1
0.000135,0.999865,1
0.999999,0.000001,0
0.999962,0.000038,0
0.999932,0.000068,0
0.000052,0.999948,1
0.999960,0.000040,0
0.000066,0.999934,1
1.000000,0.000000,0
0.999999,0.000001,0
0.999890,0.000110,0
0.000061,0.999939,1
0.999884,0.000116,0
0.999943,0.000057,0
0.000004,0.999996,1
0.000003,0.999997,1
0.000824,0.999176,1
0.000000,1.000000,1
0.000209,0.999791,1
1.000000,0.000000,0
0.999996,0.000004,0
0.999647,0.000353,0
0.000175,0.999825,1
0.001793,0.998207,1
0.999933,0.000067,0
0.998776,0.001224,0
0.999957,0.000043,0
0.000118,0.999882,1
0.958259,0.041741,0
0.000675,0.999325,1
0.000351,0.999649,1
0.999811,0.000189,0
1.000000,0.000000,0
0.999942,0.000058,0
0.999871,0.000129,0
0.006472,0.993528,1
0.000389,0.999611,1
0.000009,0.999991,1
0.000036,0.999964,1
0.999381,0.000619,0
0.999881,0.000119,0
0.000087,0.999913,1
0.000006,0.999994,1
0.000014,0.999986,1
0.000075,0.999925,1
0.000064,0.999936,1
0.000089,0.999911,1
0.000126,0.999874,1
0.001234,0.998766,1
0.000430,0.999570,1
0.999763,0.000237,0
0.000717,0.999283,1
0.999950,0.000050,0
0.000368,0.999632,1
0.000014,0.999986,1
0.000151,0.999849,1
0.000010,0.999990,1
0.999992,0.000008,0
0.999821,0.000179,0
0.000052,0.999948,1
0.999933,0.000067,0
0.000006,0.999994,1
0.000082,0.999918,1
0.000002,0.999998,1
0.000057,0.999943,1
0.000041,0.999959,1
0.999315,0.000685,0
0.999750,0.000250,0
1.000000,0.000000,0
0.000006,0.999994,1
0.000012,0.999988,1
0.000000,1.000000,1
0.999992,0.000008,0
0.000020,0.999980,1
0.999989,0.000011,0
0.999835,0.000165,0
0.999855,0.000145,0
0.999908,0.000092,0
0.999487,0.000513,0
0.999943,0.000057,0
0.999972,0.000028,0
1.000000,0.000000,0
0.000574,0.999426,1
0.999036,0.000964,0
1.000000,0.000000,0
0.000018,0.999982,1
0.000006,0.999994,1
0.999996,0.000004,0
0.999898,0.000102,0
0.000008,0.999992,1
0.000007,0.999993,1
0.999974,0.000026,0
0.000009,0.999991,1
0.000465,0.999535,1
0.999447,0.000553,0
0.000004,0.999996,1
0.000048,0.999952,1
0.000853,0.999147,1
0.000408,0.999592,1
0.999873,0.000127,0
0.000053,0.999947,1
0.000126,0.999874,1
0.999775,0.000225,0
1.000000,0.000000,0
0.999175,0.000825,0
0.999990,0.000010,0
0.999704,0.000296,0
0.999918,0.000082,0
0.000005,0.999995,1
0.999943,0.000057,0
0.999947,0.000053,0
0.000234,0.999766,1
0.999922,0.000078,0
0.999999,0.000001,0
0.000170,0.999830,1
0.999906,0.000094,0
0.000001,0.999999,1
0.000032,0.999968,1
0.999571,0.000429,0
0.999789,0.000211,0
0.000068,0.999932,1
0.000007,0.999993,1
0.999968,0.000032,0
0.999998,0.000002,0
0.999959,0.000041,0
0.000133,0.999867,1
0.000000,1.000000,1
0.999787,0.000213,0
0.999570,0.000430,0
0.000548,0.999452,1
0.000021,0.999979,1
0.000302,0.999698,1
0.000078,0.999922,1
0.999427,0.000573,0
0.999863,0.000137,0
0.999995,0.000005,0
0.000074,0.999926,1
0.000026,0.999974,1
0.994872,0.005128,0
0.999989,0.000011,0
0.999382,0.000618,0
0.000128,0.999872,1
0.000001,0.999999,1
0.999822,0.000178,0
0.000474,0.999526,1
0.999778,0.000222,0
0.000015,0.999985,1
0.000397,0.999603,1
0.999892,0.000108,0
0.999998,0.000002,0
0.000724,0.999276,1
0.000009,0.999991,1
0.998366,0.001634,0
0.999516,0.000484,0
1.000000,0.000000,0
0.999864,0.000136,0
0.000179,0.999821,1
1.000000,0.000000,0
0.999824,0.000176,0
0.999995,0.000005,0
0.000047,0.999953,1
0.001231,0.998769,1
0.000001,0.999999,1
0.999871,0.000129,0
0.999647,0.000353,0
0.999801,0.000199,0
0.000000,1.000000,1
0.000009,0.999991,1
0.000477,0.999523,1
0.999664,0.000336,0
0.000087,0.999913,1
0.000006,0.999994,1
0.000183,0.999817,1
0.999943,0.000057,0
0.000007,0.999993,1
0.000007,0.999993,1
0.007390,0.992610,1
0.000023,0.999977,1
0.999789,0.000211,0
0.999665,0.000335,0
0.000425,0.999575,1
0.000096,0.999904,1
0.000002,0.999998,1
0.000058,0.999942,1
0.000030,0.999970,1
0.000717,0.999283,1
0.999562,0.000438,0
0.000307,0.999693,1
0.999955,0.000045,0
0.999985,0.000015,0
0.000081,0.999919,1
0.000057,0.999943,1
0.999723,0.000277,0
0.997959,0.002041,0
0.997602,0.002398,0
0.999805,0.000195,0
0.999940,0.000060,0
0.000002,0.999998,1
0.000087,0.999913,1
0.001924,0.998076,1
0.999841,0.000159,0
0.999972,0.000028,0
0.999914,0.000086,0
0.000033,0.999967,1
0.000272,0.999728,1
0.000025,0.999975,1
0.000013,0.999987,1
0.999992,0.000008,0
0.000043,0.999957,1
0.997695,0.002305,0
0.999902,0.000098,0
0.000000,1.000000,1
0.000041,0.999959,1
0.999950,0.000050,0
0.000142,0.999858,1
0.999882,0.000118,0
0.000079,0.999921,1
0.999993,0.000007,0
0.999952,0.000048,0
0.000413,0.999587,1
0.000016,0.999984,1
0.999370,0.000630,0
0.000159,0.999841,1
0.999993,0.000007,0
0.999886,0.000114,0
0.000045,0.999955,1
0.000010,0.999990,1
0.000190,0.999810,1
0.000004,0.999996,1
0.999993,0.000007,0
0.000440,0.999560,1
0.999907,0.000093,0
0.000202,0.999798,1
0.999987,0.000013,0
0.000001,0.999999,1
0.001577,0.998423,1
0.000004,0.999996,1
0.999988,0.000012,0
0.999933,0.000067,0
0.000203,0.999797,1
0.999999,0.000001,0
0.000001,0.999999,1
0.000297,0.999703,1
0.999926,0.000074,0
0.000001,0.999999,1
0.999996,0.000004,0
0.000335,0.999665,1
0.000098,0.999902,1
0.999856,0.000144,0
0.000026,0.999974,1
0.999728,0.000272,0
0.999723,0.000277,0
0.000000,1.000000,1
0.000128,0.999872,1
0.000001,0.999999,1
0.000085,0.999915,1
0.999704,0.000296,0
0.000364,0.999636,1
0.999752,0.000248,0
0.998261,0.001739,0
0.000030,0.999970,1
0.000054,0.999946,1
0.999771,0.000229,0
0.000966,0.999034,1
0.000004,0.999996,1
0.000020,0.999980,1
0.999839,0.000161,0
0.999947,0.000053,0
0.000274,0.999726,1
0.999469,0.000531,0
0.000160,0.999840,1
0.999974,0.000026,0
0.998825,0.001175,0
0.000002,0.999998,1
0.999992,0.000008,0
0.999816,0.000184,0
0.000005,0.999995,1
0.000228,0.999772,1
0.000443,0.999557,1
0.000090,0.999910,1
0.999914,0.000086,0
0.998042,0.001958,0
0.999915,0.000085,0
0.999830,0.000170,0
0.999864,0.000136,0
0.999980,0.000020,0
0.999753,0.000247,0
0.999620,0.000380,0
0.999994,0.000006,0
0.999661,0.000339,0
0.000164,0.999836,1
0.000001,0.999999,1
0.999924,0.000076,0
0.999981,0.000019,0
0.013938,0.986062,1
0.999821,0.000179,0
0.000239,0.999761,1
0.000009,0.999991,1
0.000511,0.999489,1
0.000023,0.999977,1
1.000000,0.000000,0
0.000014,0.999986,1
0.999975,0.000025,0
0.000000,1.000000,1
0.000016,0.999984,1
0.000158,0.999842,1
0.000001,0.999999,1
0.999983,0.000017,0
0.999993,0.000007,0
1.000000,0.000000,0
0.000059,0.999941,1
0.000422,0.999578,1
0.998664,0.001336,0
0.999933,0.000067,0
0.000105,0.999895,1
0.999784,0.000216,0
0.000838,0.999162,1
0.999949,0.000051,0
0.999474,0.000526,0
0.000000,1.000000,1
0.999894,0.000106,0
0.999546,0.000454,0
0.000014,0.999986,1
0.000053,0.999947,1
0.000225,0.999775,1
0.000057,0.999943,1
0.999874,0.000126,0
0.000159,0.999841,1
0.999994,0.000006,0
0.000085,0.999915,1
0.999961,0.000039,0
0.000053,0.999947,1
0.999670,0.000330,0
0.000009,0.999991,1
0.000215,0.999785,1
0.000153,0.999847,1
0.999999,0.000001,0
0.000223,0.999777,1
0.000001,0.999999,1
0.000194,0.999806,1
0.999984,0.000016,0
0.000152,0.999848,1
0.999182,0.000818,0
0.000003,0.999997,1
0.000016,0.999984,1
0.999966,0.000034,0
0.000193,0.999807,1
0.000177,0.999823,1
0.999999,0.000001,0
0.000002,0.999998,1
0.999680,0.000320,0
0.999865,0.000135,0
0.000087,0.999913,1
0.000061,0.999939,1
0.999997,0.000003,0
0.999947,0.000053,0
0.999735,0.000265,0
0.000064,0.999936,1
0.000001,0.999999,1
0.999947,0.000053,0
0.999270,0.000730,0
0.999815,0.000185,0
0.999402,0.000598,0
0.000800,0.999200,1
0.002301,0.997699,1
0.999957,0.000043,0
0.000012,0.999988,1
0.000099,0.999901,1
0.999854,0.000146,0
0.000159,0.999841,1
0.999777,0.000223,0
0.998719,0.001281,0
0.000003,0.999997,1
0.000005,0.999995,1
0.000024,0.999976,1
0.999808,0.000192,0
0.000070,0.999930,1
0.000010,0.999990,1
0.000524,0.999476,1
0.000434,0.999566,1
0.000029,0.999971,1
0.999998,0.000002,0
0.000063,0.999937,1
0.999818,0.000182,0
0.000002,0.999998,1
0.999380,0.000620,0
0.000022,0.999978,1
0.000008,0.999992,1
0.999883,0.000117,0
0.993448,0.006552,0
0.999988,0.000012,0
0.999843,0.000157,0
0.999954,0.000046,0
0.999991,0.000009,0
0.000137,0.999863,1
0.999764,0.000236,0
0.000832,0.999168,1
0.000007,0.999993,1
0.000204,0.999796,1
0.000052,0.999948,1
0.999863,0.000137,0
0.000009,0.999991,1
0.000003,0.999997,1
0.000011,0.999989,1
0.000009,0.999991,1
0.000001,0.999999,1
0.999868,0.000132,0
0.999947,0.000053,0
0.000038,0.999962,1
0.000016,0.999984,1
0.999752,0.000248,0
0.999626,0.000374,0
0.000000,1.000000,1
0.000309,0.999691,1
0.999849,0.000151,0
0.000399,0.999601,1
0.999995,0.000005,0
0.999790,0.000210,0
0.999962,0.000038,0
1.000000,0.000000,0
0.000177,0.999823,1
0.000032,0.999968,1
0.000357,0.999643,1
0.000159,0.999841,1
0.999760,0.000240,0
0.000824,0.999176,1
0.000037,0.999963,1
0.000076,0.999924,1
0.999799,0.000201,0
0.000019,0.999981,1
0.999969,0.000031,0
0.999857,0.000143,0
0.000766,0.999234,1
0.000009,0.999991,1
0.999998,0.000002,0
0.999848,0.000152,0
0.000064,0.999936,1
0.000034,0.999966,1
0.999623,0.000377,0
0.000094,0.999906,1
0.999195,0.000805,0
0.999965,0.000035,0
0.998523,0.001477,0
0.999944,0.000056,0
0.999880,0.000120,0
0.999950,0.000050,0
0.000004,0.999996,1
0.999426,0.000574,0
0.000257,0.999743,1
0.999702,0.000298,0
0.000032,0.999968,1
0.999865,0.000135,0
0.000004,0.999996,1
0.000033,0.999967,1
0.000000,1.000000,1
0.998367,0.001633,0
0.000065,0.999935,1
0.000014,0.999986,1
0.000022,0.999978,1
0.999906,0.000094,0
0.999954,0.000046,0
0.999148,0.000852,0
0.999796,0.000204,0
0.991153,0.008847,0
0.000075,0.999925,1
0.000073,0.999927,1
0.000013,0.999987,1
0.000026,0.999974,1
0.000002,0.999998,1
0.000049,0.999951,1
0.999874,0.000126,0
0.999635,0.000365,0
0.999716,0.000284,0
0.999901,0.000099,0
0.000227,0.999773,1
0.000154,0.999846,1
0.000002,0.999998,1
0.000005,0.999995,1
0.000009,0.999991,1
1.000000,0.000000,0
0.000017,0.999983,1
0.999979,0.000021,0
0.000214,0.999786,1
0.000010,0.999990,1
0.000270,0.999730,1
0.001620,0.998380,1
0.000022,0.999978,1
1.000000,0.000000,0
0.000224,0.999776,1
0.999970,0.000030,0
0.999981,0.000019,0
0.999955,0.000045,0
0.000178,0.999822,1
0.999986,0.000014,0
0.999905,0.000095,0
1.000000,0.000000,0
0.000038,0.999962,1
0.000012,0.999988,1
0.999606,0.000394,0
0.999783,0.000217,0
0.000202,0.999798,1
0.996608,0.003392,0
0.999915,0.000085,0
0.000010,0.999990,1
0.000027,0.999973,1
0.999835,0.000165,0
0.999948,0.000052,0
0.999933,0.000067,0
0.000016,0.999984,1
0.999588,0.000412,0
0.999208,0.000792,0
0.999894,0.000106,0
0.000516,0.999484,1
0.000007,0.999993,1
0.000001,0.999999,1
0.000107,0.999893,1
0.999905,0.000095,0
0.999735,0.000265,0
0.000009,0.999991,1
0.000967,0.999033,1
0.999852,0.000148,0
0.999983,0.000017,0
0.000006,0.999994,1
0.000302,0.999698,1
0.998521,0.001479,0
0.999998,0.000002,0
0.999087,0.000913,0
0.000194,0.999806,1
0.000017,0.999983,1
0.000030,0.999970,1
0.999870,0.000130,0
0.999771,0.000229,0
0.999191,0.000809,0
0.000009,0.999991,1
0.000002,0.999998,1
0.999935,0.000065,0
0.000025,0.999975,1
0.999794,0.000206,0
0.000000,1.000000,1
0.999993,0.000007,0
0.999986,0.000014,0
0.999933,0.000067,0
0.999999,0.000001,0
0.000256,0.999744,1
0.000906,0.999094,1
0.999998,0.000002,0
0.000007,0.999993,1
0.000020,0.999980,1
0.002519,0.997481,1
0.999941,0.000059,0
0.000369,0.999631,1
0.000871,0.999129,1
0.999990,0.000010,0
0.000434,0.999566,1
0.000016,0.999984,1
0.000008,0.999992,1
0.999946,0.000054,0
0.000019,0.999981,1
0.000008,0.999992,1
0.007151,0.992849,1
0.999999,0.000001,0
0.000037,0.999963,1
0.000618,0.999382,1
0.999468,0.000532,0
0.999954,0.000046,0
0.000568,0.999432,1
0.000004,0.999996,1
0.999187,0.000813,0
0.006319,0.993681,1
0.000132,0.999868,1
0.999830,0.000170,0
0.998899,0.001101,0
0.999919,0.000081,0
0.999975,0.000025,0
0.000009,0.999991,1
0.000159,0.999841,1
0.999555,0.000445,0
0.999427,0.000573,0
0.999944,0.000056,0
1.000000,0.000000,0
0.000008,0.999992,1
0.000025,0.999975,1
0.000000,1.000000,1
0.999743,0.000257,0
0.999959,0.000041,0
0.999720,0.000280,0
0.000186,0.999814,1
0.999995,0.000005,0
0.999717,0.000283,0
0.000018,0.999982,1
0.999984,0.000016,0
0.000007,0.999993,1
0.000011,0.999989,1
0.000008,0.999992,1
0.999232,0.000768,0
0.999912,0.000088,0
0.999752,0.000248,0
0.000300,0.999700,1
0.999967,0.000033,0
0.000251,0.999749,1
0.000546,0.999454,1
0.000028,0.999972,1
0.999774,0.000226,0
0.002301,0.997699,1
0.999955,0.000045,0
0.999038,0.000962,0
0.000008,0.999992,1
0.000002,0.999998,1
0.000006,0.999994,1
0.999713,0.000287,0
0.000021,0.999979,1
0.999084,0.000916,0
0.000314,0.999686,1
0.999956,0.000044,0
0.000472,0.999528,1
0.000010,0.999990,1
0.000022,0.999978,1
0.000008,0.999992,1
0.000048,0.999952,1
0.999370,0.000630,0
0.999879,0.000121,0
0.000001,0.999999,1
0.999980,0.000020,0
0.999768,0.000232,0
0.000216,0.999784,1
0.999995,0.000005,0
0.999942,0.000058,0
0.999894,0.000106,0
0.000060,0.999940,1
0.000325,0.999675,1
0.000002,0.999998,1
0.999770,0.000230,0
0.000010,0.999990,1
0.000095,0.999905,1
0.000110,0.999890,1
0.000154,0.999846,1
0.000010,0.999990,1
0.000482,0.999518,1
0.999986,0.000014,0
0.999774,0.000226,0
0.000020,0.999980,1
0.000186,0.999814,1
0.000258,0.999742,1
0.000024,0.999976,1
0.000012,0.999988,1
0.000003,0.999997,1
0.000084,0.999916,1
0.999910,0.000090,0
0.999835,0.000165,0
0.999963,0.000037,0
0.999852,0.000148,0
0.000260,0.999740,1
0.999798,0.000202,0
0.999852,0.000148,0
0.000016,0.999984,1
0.999814,0.000186,0
0.000246,0.999754,1
0.999785,0.000215,0
0.999764,0.000236,0
0.000087,0.999913,1
0.000004,0.999996,1
0.999947,0.000053,0
0.999954,0.000046,0
0.000109,0.999891,1
0.999501,0.000499,0
0.999957,0.000043,0
0.000021,0.999979,1
0.000414,0.999586,1
0.000181,0.999819,1
0.000001,0.999999,1
0.999563,0.000437,0
0.000094,0.999906,1
0.999875,0.000125,0
0.999878,0.000122,0
0.000000,1.000000,1
0.999849,0.000151,0
0.999959,0.000041,0
0.999828,0.000172,0
0.000003,0.999997,1
0.998264,0.001736,0
0.000017,0.999983,1
0.999997,0.000003,0
0.999927,0.000073,0
0.000173,0.999827,1
0.000163,0.999837,1
0.000007,0.999993,1
0.000185,0.999815,1
0.000003,0.999997,1
1.000000,0.000000,0
0.999954,0.000046,0
0.003788,0.996212,1
0.000000,1.000000,1
0.999945,0.000055,0
0.000013,0.999987,1
0.999924,0.000076,0
0.999874,0.000126,0
0.999993,0.000007,0
0.999842,0.000158,0
0.000009,0.999991,1
0.000376,0.999624,1
0.999998,0.000002,0
0.999991,0.000009,0
0.000307,0.999693,1
0.000455,0.999545,1
0.999088,0.000912,0
1.000000,0.000000,0
0.999933,0.000067,0
0.999203,0.000797,0
0.999933,0.000067,0
0.999734,0.000266,0
0.001221,0.998779,1
0.999945,0.000055,0
0.000675,0.999325,1
0.000040,0.999960,1
0.999963,0.000037,0
0.999909,0.000091,0
0.001346,0.998654,1
0.000015,0.999985,1
0.000002,0.999998,1
0.999768,0.000232,0
0.998731,0.001269,0
0.000315,0.999685,1
0.999970,0.000030,0
0.999727,0.000273,0
0.000002,0.999998,1
0.000005,0.999995,1
0.000057,0.999943,1
1.000000,0.000000,0
0.999407,0.000593,0
0.000159,0.999841,1
0.999101,0.000899,0
0.000057,0.999943,1
0.000021,0.999979,1
0.999647,0.000353,0
0.999854,0.000146,0
0.999710,0.000290,0
0.000001,0.999999,1
0.999528,0.000472,0
0.999910,0.000090,0
0.000008,0.999992,1
0.000110,0.999890,1
0.999849,0.000151,0
0.999985,0.000015,0
0.998756,0.001244,0
0.000002,0.999998,1
0.999708,0.000292,0
0.000141,0.999859,1
0.000149,0.999851,1
0.000312,0.999688,1
0.000209,0.999791,1
0.999980,0.000020,0
0.999919,0.000081,0
0.999908,0.000092,0
0.000444,0.999556,1
0.000037,0.999963,1
0.000009,0.999991,1
0.000152,0.999848,1
0.000004,0.999996,1
0.026151,0.973849,1
0.000510,0.999490,1
0.000042,0.999958,1
0.998664,0.001336,0
0.000019,0.999981,1
0.999993,0.000007,0
0.999923,0.000077,0
0.000016,0.999984,1
0.000243,0.999757,1
0.000000,1.000000,1
0.999663,0.000337,0
0.000023,0.999977,1
0.000026,0.999974,1
0.000906,0.999094,1
0.999188,0.000812,0
0.000133,0.999867,1
0.999996,0.000004,0
0.000000,1.000000,1
0.000662,0.999338,1
0.000000,1.000000,1
0.000159,0.999841,1
0.000004,0.999996,1
0.999967,0.000033,0
0.999982,0.000018,0
0.999694,0.000306,0
0.000067,0.999933,1
0.000002,0.999998,1
0.999936,0.000064,0
0.999926,0.000074,0
0.999949,0.000051,0
0.999974,0.000026,0
0.999962,0.000038,0
0.000004,0.999996,1
0.999469,0.000531,0
0.000129,0.999871,1
0.999542,0.000458,0
0.999985,0.000015,0
0.000028,0.999972,1
0.999555,0.000445,0
0.000059,0.999941,1
0.000000,1.000000,1
0.999328,0.000672,0
0.000008,0.999992,1
0.999995,0.000005,0
0.000812,0.999188,1
0.999788,0.000212,0
0.000000,1.000000,1
0.000508,0.999492,1
0.999710,0.000290,0
0.999993,0.000007,0
0.000013,0.999987,1
0.999874,0.000126,0
0.000086,0.999914,1
0.999995,0.000005,0
0.000140,0.999860,1
0.000040,0.999960,1
0.999964,0.000036,0
0.999998,0.000002,0
0.999922,0.000078,0
0.999872,0.000128,0
0.999986,0.000014,0
0.999998,0.000002,0
0.000001,0.999999,1
0.000011,0.999989,1
0.000094,0.999906,1
0.999717,0.000283,0
0.999934,0.000066,0
0.999947,0.000053,0
0.000011,0.999989,1
0.999970,0.000030,0
0.000002,0.999998,1
0.000017,0.999983,1
0.995314,0.004686,0
0.001349,0.998651,1
0.001260,0.998740,1
0.000759,0.999241,1
0.000067,0.999933,1
0.000282,0.999718,1
0.999412,0.000588,0
0.000119,0.999881,1
0.000339,0.999661,1
0.000194,0.999806,1
0.999926,0.000074,0
0.000023,0.999977,1
0.000140,0.999860,1
0.999704,0.000296,0
0.000000,1.000000,1
0.999944,0.000056,0
0.999929,0.000071,0
0.000280,0.999720,1
0.998521,0.001479,0
0.999620,0.000380,0
0.000018,0.999982,1
0.999433,0.000567,0
0.000001,0.999999,1
0.999927,0.000073,0
0.000270,0.999730,1
0.000010,0.999990,1
0.000265,0.999735,1
0.000004,0.999996,1
0.000051,0.999949,1
0.999889,0.000111,0
0.000001,0.999999,1
0.999927,0.000073,0
0.999932,0.000068,0
0.000008,0.999992,1
1.000000,0.000000,0
1.000000,0.000000,0
0.000022,0.999978,1
1.000000,0.000000,0
0.000164,0.999836,1
0.000007,0.999993,1
0.999749,0.000251,0
0.999790,0.000210,0
0.999078,0.000922,0
0.000763,0.999237,1
0.999838,0.000162,0
0.000014,0.999986,1
0.000011,0.999989,1
0.999826,0.000174,0
0.001844,0.998156,1
1.000000,0.000000,0
0.999955,0.000045,0
0.000021,0.999979,1
0.998798,0.001202,0
0.000002,0.999998,1
0.999849,0.000151,0
0.000320,0.999680,1
1.000000,0.000000,0
0.998158,0.001842,0
0.001456,0.998544,1
0.000712,0.999288,1
0.000024,0.999976,1
0.999926,0.000074,0
0.000001,0.999999,1
0.997367,0.002633,0
0.000797,0.999203,1
0.000095,0.999905,1
0.999148,0.000852,0
0.999896,0.000104,0
1.000000,0.000000,0
0.002777,0.997223,1
0.999637,0.000363,0
0.999787,0.000213,0
0.999891,0.000109,0
0.999986,0.000014,0
0.999874,0.000126,0
0.000383,0.999617,1
0.000475,0.999525,1
0.000065,0.999935,1
0.000075,0.999925,1
0.000011,0.999989,1
0.000612,0.999388,1
0.999989,0.000011,0
0.000090,0.999910,1
0.999999,0.000001,0
0.000947,0.999053,1
0.001101,0.998899,1
0.000314,0.999686,1
0.999999,0.000001,0
0.000023,0.999977,1
0.999948,0.000052,0
0.000581,0.999419,1
0.000020,0.999980,1
0.999997,0.000003,0
0.999881,0.000119,0
0.000058,0.999942,1
0.001216,0.998784,1
0.000246,0.999754,1
0.000001,0.999999,1
0.000981,0.999019,1
0.000013,0.999987,1
0.998467,0.001533,0
0.000026,0.999974,1
0.999977,0.000023,0
0.999871,0.000129,0
0.000001,0.999999,1
0.999992,0.000008,0
0.999953,0.000047,0
0.000122,0.999878,1
0.000196,0.999804,1
0.007916,0.992084,1
0.000000,1.000000,1
0.000895,0.999105,1
0.999994,0.000006,0
0.999382,0.000618,0
0.999904,0.000096,0
0.999974,0.000026,0
0.000020,0.999980,1
0.000001,0.999999,1
0.000001,0.999999,1
0.000385,0.999615,1
0.999763,0.000237,0
0.000227,0.999773,1
0.999981,0.000019,0
0.999985,0.000015,0
0.000002,0.999998,1
0.999297,0.000703,0
0.000078,0.999922,1
1.000000,0.000000,0
0.999993,0.000007,0
0.000215,0.999785,1
0.000000,1.000000,1
0.000377,0.999623,1
0.000007,0.999993,1
0.000061,0.999939,1
0.000688,0.999312,1
0.999999,0.000001,0
0.998889,0.001111,0
0.999966,0.000034,0
0.000280,0.999720,1
0.000000,1.000000,1
0.999949,0.000051,0
0.000221,0.999779,1
0.000520,0.999480,1
0.000142,0.999858,1
0.999963,0.000037,0
1.000000,0.000000,0
0.000122,0.999878,1
1.000000,0.000000,0
0.000081,0.999919,1
0.000004,0.999996,1
0.000001,0.999999,1
0.000000,1.000000,1
0.000002,0.999998,1
0.000002,0.999998,1
0.999166,0.000834,0
0.000049,0.999951,1
0.999992,0.000008,0
0.999965,0.000035,0
1.000000,0.000000,0
0.000014,0.999986,1
0.000152,0.999848,1
0.000051,0.999949,1
0.000486,0.999514,1
0.997415,0.002585,0
0.000272,0.999728,1
0.999934,0.000066,0
0.000284,0.999716,1
0.000096,0.999904,1
0.000008,0.999992,1
0.000092,0.999908,1
0.999587,0.000413,0
0.999753,0.000247,0
0.000002,0.999998,1
0.999988,0.000012,0
0.000139,0.999861,1
0.000073,0.999927,1
0.000097,0.999903,1
0.999986,0.000014,0
1.000000,0.000000,0
0.000206,0.999794,1
0.000006,0.999994,1
0.999557,0.000443,0
0.000001,0.999999,1
0.000789,0.999211,1
0.000206,0.999794,1
0.999935,0.000065,0
0.000180,0.999820,1
0.999984,0.000016,0
0.000013,0.999987,1
0.002308,0.997692,1
0.999735,0.000265,0
0.000026,0.999974,1
0.998374,0.001626,0
0.999961,0.000039,0
0.000033,0.999967,1
0.000004,0.999996,1
0.999521,0.000479,0
0.000272,0.999728,1
0.999752,0.000248,0
0.999906,0.000094,0
0.000019,0.999981,1
0.037585,0.962415,1
0.999988,0.000012,0
0.000051,0.999949,1
0.998693,0.001307,0
0.000022,0.999978,1
0.000002,0.999998,1
0.999860,0.000140,0
0.999932,0.000068,0
0.000034,0.999966,1
0.000441,0.999559,1
0.998601,0.001399,0
0.999974,0.000026,0
0.000123,0.999877,1
0.999944,0.000056,0
0.000065,0.999935,1
1.000000,0.000000,0
0.998888,0.001112,0
0.000003,0.999997,1
0.000178,0.999822,1
0.999998,0.000002,0
0.000247,0.999753,1
0.999982,0.000018,0
0.999569,0.000431,0
0.000019,0.999981,1
0.999538,0.000462,0
0.999993,0.000007,0
0.000235,0.999765,1
0.000019,0.999981,1
0.000034,0.999966,1
0.000004,0.999996,1
0.999744,0.000256,0
0.999999,0.000001,0
0.999792,0.000208,0
0.000001,0.999999,1
0.000115,0.999885,1
0.000538,0.999462,1
0.999995,0.000005,0
0.999999,0.000001,0
0.000028,0.999972,1
0.000490,0.999510,1
0.999431,0.000569,0
0.000051,0.999949,1
0.000163,0.999837,1
0.000705,0.999295,1
0.999997,0.000003,0
0.000021,0.999979,1
0.000434,0.999566,1
0.000289,0.999711,1
0.999904,0.000096,0
0.000008,0.999992,1
0.003665,0.996335,1
1.000000,0.000000,0
0.998553,0.001447,0
1.000000,0.000000,0
0.999895,0.000105,0
0.000015,0.999985,1
0.999994,0.000006,0
0.000942,0.999058,1
0.999941,0.000059,0
0.999933,0.000067,0
0.999986,0.000014,0
0.000304,0.999696,1
0.000033,0.999967,1
0.999707,0.000293,0
0.999775,0.000225,0
0.999999,0.000001,0
0.000000,1.000000,1
0.000015,0.999985,1
0.000640,0.999360,1
1.000000,0.000000,0
0.000074,0.999926,1
0.999981,0.000019,0
0.000272,0.999728,1
0.999733,0.000267,0
0.000013,0.999987,1
0.999998,0.000002,0
0.000004,0.999996,1
0.998985,0.001015,0
0.000359,0.999641,1
0.999958,0.000042,0
0.000325,0.999675,1
0.000108,0.999892,1
0.999996,0.000004,0
0.000783,0.999217,1
1.000000,0.000000,0
0.000060,0.999940,1
0.000002,0.999998,1
0.999920,0.000080,0
0.999998,0.000002,0
0.000016,0.999984,1
0.000116,0.999884,1
0.999935,0.000065,0
0.000008,0.999992,1
0.999495,0.000505,0
0.999951,0.000049,0
0.000267,0.999733,1
0.999397,0.000603,0
0.000001,0.999999,1
0.000377,0.999623,1
0.999116,0.000884,0
0.000010,0.999990,1
0.998799,0.001201,0
0.999998,0.000002,0
0.999971,0.000029,0
0.999998,0.000002,0
0.999830,0.000170,0
0.000065,0.999935,1
0.000011,0.999989,1
0.000000,1.000000,1
0.999904,0.000096,0
0.999883,0.000117,0
0.000000,1.000000,1
0.000053,0.999947,1
0.000014,0.999986,1
0.999921,0.000079,0
0.000099,0.999901,1
0.000152,0.999848,1
0.999838,0.000162,0
0.999999,0.000001,0
0.000018,0.999982,1
0.000003,0.999997,1
0.999853,0.000147,0
0.999709,0.000291,0
0.999995,0.000005,0
0.000000,1.000000,1
0.999613,0.000387,0
0.000425,0.999575,1
0.999350,0.000650,0
0.000015,0.999985,1
0.000000,1.000000,1
0.999880,0.000120,0
0.999971,0.000029,0
0.999687,0.000313,0
0.999079,0.000921,0
0.000190,0.999810,1
0.000733,0.999267,1
0.999970,0.000030,0
0.999963,0.000037,0
0.999872,0.000128,0
0.000023,0.999977,1
0.000034,0.999966,1
0.999187,0.000813,0
0.000078,0.999922,1
0.000010,0.999990,1
0.999561,0.000439,0
0.000000,1.000000,1
0.999919,0.000081,0
0.000008,0.999992,1
0.999952,0.000048,0
0.000072,0.999928,1
0.000031,0.999969,1
0.000083,0.999917,1
0.001598,0.998402,1
0.998585,0.001415,0
0.005849,0.994151,1
0.001025,0.998975,1
0.001550,0.998450,1
0.998811,0.001189,0
0.000015,0.999985,1
0.999845,0.000155,0
0.000075,0.999925,1
0.001171,0.998829,1
0.000077,0.999923,1
0.999759,0.000241,0
0.000009,0.999991,1
0.998693,0.001307,0
0.000002,0.999998,1
0.000014,0.999986,1
0.000205,0.999795,1
0.999998,0.000002,0
0.000038,0.999962,1
0.005754,0.994246,1
0.999424,0.000576,0
0.001521,0.998479,1
0.000081,0.999919,1
0.999934,0.000066,0
0.999759,0.000241,0
0.994302,0.005698,0
0.999961,0.000039,0
0.999948,0.000052,0
0.000277,0.999723,1
0.000009,0.999991,1
0.000007,0.999993,1
0.000376,0.999624,1
0.999775,0.000225,0
0.000018,0.999982,1
0.004498,0.995502,1
0.999994,0.000006,0
0.000981,0.999019,1
0.000556,0.999444,1
0.000011,0.999989,1
0.000691,0.999309,1
0.000026,0.999974,1
0.001108,0.998892,1
0.000004,0.999996,1
0.999626,0.000374,0
0.000128,0.999872,1
0.999363,0.000637,0
0.000088,0.999912,1
0.000148,0.999852,1
0.000010,0.999990,1
0.999890,0.000110,0
0.000838,0.999162,1
0.000014,0.999986,1
0.999898,0.000102,0
0.000678,0.999322,1
0.000030,0.999970,1
0.999849,0.000151,0
0.002734,0.997266,1
0.000667,0.999333,1
0.999952,0.000048,0
0.000023,0.999977,1
0.000004,0.999996,1
0.999830,0.000170,0
0.000002,0.999998,1
0.000155,0.999845,1
0.000040,0.999960,1
0.999985,0.000015,0
0.999996,0.000004,0
0.999642,0.000358,0
1.000000,0.000000,0
0.000000,1.000000,1
0.000004,0.999996,1
0.999901,0.000099,0
0.999794,0.000206,0
0.000072,0.999928,1
0.999989,0.000011,0
0.000721,0.999279,1
0.999999,0.000001,0
0.000001,0.999999,1
0.999811,0.000189,0
0.000344,0.999656,1
0.000008,0.999992,1
0.999768,0.000232,0
0.000036,0.999964,1
0.999944,0.000056,0
0.000001,0.999999,1
0.000033,0.999967,1
0.999983,0.000017,0
0.000046,0.999954,1
0.000985,0.999015,1
0.000307,0.999693,1
0.000219,0.999781,1
0.000013,0.999987,1
0.999430,0.000570,0
0.001368,0.998632,1
0.000022,0.999978,1
0.999933,0.000067,0
0.999555,0.000445,0
0.000012,0.999988,1
0.000308,0.999692,1
0.999808,0.000192,0
0.999972,0.000028,0
0.000004,0.999996,1
0.000003,0.999997,1
0.000107,0.999893,1
0.999977,0.000023,0
0.000008,0.999992,1
0.999930,0.000070,0
0.000025,0.999975,1
0.000186,0.999814,1
0.999952,0.000048,0
0.000310,0.999690,1
0.999788,0.000212,0
0.999990,0.000010,0
0.000006,0.999994,1
0.000828,0.999172,1
0.000050,0.999950,1
0.000120,0.999880,1
0.000027,0.999973,1
0.999973,0.000027,0
0.999899,0.000101,0
0.999701,0.000299,0
0.999662,0.000338,0
0.000369,0.999631,1
0.000075,0.999925,1
0.998758,0.001242,0
0.000080,0.999920,1
0.999929,0.000071,0
0.005481,0.994519,1
0.998211,0.001789,0
0.000351,0.999649,1
0.000385,0.999615,1
0.998483,0.001517,0
0.000004,0.999996,1
0.000272,0.999728,1
0.000082,0.999918,1
0.000029,0.999971,1
0.000055,0.999945,1
0.999933,0.000067,0
0.994843,0.005157,0
0.999670,0.000330,0
0.000009,0.999991,1
0.999485,0.000515,0
0.999612,0.000388,0
0.999799,0.000201,0
0.999861,0.000139,0
0.999725,0.000275,0
0.999997,0.000003,0
0.000114,0.999886,1
0.999988,0.000012,0
0.999996,0.000004,0
0.999999,0.000001,0
0.999909,0.000091,0
0.999982,0.000018,0
0.000182,0.999818,1
0.999871,0.000129,0
0.000483,0.999517,1
0.999963,0.000037,0
0.000005,0.999995,1
0.000044,0.999956,1
0.999278,0.000722,0
0.000002,0.999998,1
0.000011,0.999989,1
0.999329,0.000671,0
0.999907,0.000093,0
0.000088,0.999912,1
0.999842,0.000158,0
0.999777,0.000223,0
0.000008,0.999992,1
0.000341,0.999659,1
0.999874,0.000126,0
0.000052,0.999948,1
0.000001,0.999999,1
0.000004,0.999996,1
0.000018,0.999982,1
0.000606,0.999394,1
0.999986,0.000014,0
0.000213,0.999787,1
0.999372,0.000628,0
0.999984,0.000016,0
0.999977,0.000023,0
0.999979,0.000021,0
0.999997,0.000003,0
0.999690,0.000310,0
1.000000,0.000000,0
0.999903,0.000097,0
0.000004,0.999996,1
0.000444,0.999556,1
0.999281,0.000719,0
0.000030,0.999970,1
0.000027,0.999973,1
0.999983,0.000017,0
0.000004,0.999996,1
0.999999,0.000001,0
0.999944,0.000056,0
0.999956,0.000044,0
0.999567,0.000433,0
0.009853,0.990147,1
0.000896,0.999104,1
0.999880,0.000120,0
0.000155,0.999845,1
0.998471,0.001529,0
0.006899,0.993101,1
0.999469,0.000531,0
0.000079,0.999921,1
0.000216,0.999784,1
0.000009,0.999991,1
0.000009,0.999991,1
0.999192,0.000808,0
0.000417,0.999583,1
0.999831,0.000169,0
0.000392,0.999608,1
0.000437,0.999563,1
0.000133,0.999867,1
0.999952,0.000048,0
0.000152,0.999848,1
0.000014,0.999986,1
0.000008,0.999992,1
0.999283,0.000717,0
0.999933,0.000067,0
0.999805,0.000195,0
0.000001,0.999999,1
0.000038,0.999962,1
0.999910,0.000090,0
0.000017,0.999983,1
0.000041,0.999959,1
0.999706,0.000294,0
0.000350,0.999650,1
0.000001,0.999999,1
0.000016,0.999984,1
0.996554,0.003446,0
0.999930,0.000070,0
0.999826,0.000174,0
1.000000,0.000000,0
0.000066,0.999934,1
0.000026,0.999974,1
0.999978,0.000022,0
0.000007,0.999993,1
0.999999,0.000001,0
0.999997,0.000003,0
0.000001,0.999999,1
0.000448,0.999552,1
0.000001,0.999999,1
0.001492,0.998508,1
0.000034,0.999966,1
0.000001,0.999999,1
0.999985,0.000015,0
0.000062,0.999938,1
0.000166,0.999834,1
0.000010,0.999990,1
0.999916,0.000084,0
0.000007,0.999993,1
0.999789,0.000211,0
0.000028,0.999972,1
0.000089,0.999911,1
0.999936,0.000064,0
0.000211,0.999789,1
0.999991,0.000009,0
0.000114,0.999886,1
0.000006,0.999994,1
0.999661,0.000339,0
0.999979,0.000021,0
0.999998,0.000002,0
0.999482,0.000518,0
0.999860,0.000140,0
0.000086,0.999914,1
0.006942,0.993058,1
0.999359,0.000641,0
0.000001,0.999999,1
0.000067,0.999933,1
0.000001,0.999999,1
0.000427,0.999573,1
0.999947,0.000053,0
0.000007,0.999993,1
0.999978,0.000022,0
0.000239,0.999761,1
0.999942,0.000058,0
0.000002,0.999998,1
0.000190,0.999810,1
0.000005,0.999995,1
0.999999,0.000001,0
0.000012,0.999988,1
0.999886,0.000114,0
0.000169,0.999831,1
0.000001,0.999999,1
0.999623,0.000377,0
0.999819,0.000181,0
0.000022,0.999978,1
0.999698,0.000302,0
0.000067,0.999933,1
0.999947,0.000053,0
0.999994,0.000006,0
0.999937,0.000063,0
0.999997,0.000003,0
0.000001,0.999999,1
0.002629,0.997371,1
0.000050,0.999950,1
0.000002,0.999998,1
0.000008,0.999992,1
0.999749,0.000251,0
0.000004,0.999996,1
0.000036,0.999964,1
0.999179,0.000821,0
0.000016,0.999984,1
0.000756,0.999244,1
0.998926,0.001074,0
1.000000,0.000000,0
0.000157,0.999843,1
0.000027,0.999973,1
0.000062,0.999938,1
0.000004,0.999996,1
0.000080,0.999920,1
0.000071,0.999929,1
0.000233,0.999767,1
0.999721,0.000279,0
0.999420,0.000580,0
0.000001,0.999999,1
0.999849,0.000151,0
0.000007,0.999993,1
0.000018,0.999982,1
0.000010,0.999990,1
1.000000,0.000000,0
0.999989,0.000011,0
0.999652,0.000348,0
0.001149,0.998851,1
0.999999,0.000001,0
0.000186,0.999814,1
0.000011,0.999989,1
0.000026,0.999974,1
0.000000,1.000000,1
0.000434,0.999566,1
0.999771,0.000229,0
0.999719,0.000281,0
0.000000,1.000000,1
0.000000,1.000000,1
0.000340,0.999660,1
0.000272,0.999728,1
0.999718,0.000282,0
0.000097,0.999903,1
0.999217,0.000783,0
0.000590,0.999410,1
0.999918,0.000082,0
0.999947,0.000053,0
0.999917,0.000083,0
0.001912,0.998088,1
0.000013,0.999987,1
0.999695,0.000305,0
0.000165,0.999835,1
0.999998,0.000002,0
0.000167,0.999833,1
0.000250,0.999750,1
0.999899,0.000101,0
0.999994,0.000006,0
0.999921,0.000079,0
0.000097,0.999903,1
1.000000,0.000000,0
0.000046,0.999954,1
0.998523,0.001477,0
0.999854,0.000146,0
0.999808,0.000192,0
0.000021,0.999979,1
0.998883,0.001117,0
0.999975,0.000025,0
0.998841,0.001159,0
0.001470,0.998530,1
0.999942,0.000058,0
0.000003,0.999997,1
0.000008,0.999992,1
0.999222,0.000778,0
0.999999,0.000001,0
0.003895,0.996105,1
0.000013,0.999987,1
0.000071,0.999929,1
0.999854,0.000146,0
0.000002,0.999998,1
0.000013,0.999987,1
0.999942,0.000058,0
0.000520,0.999480,1
0.999954,0.000046,0
0.999986,0.000014,0
0.999978,0.000022,0
0.999997,0.000003,0
0.999961,0.000039,0
0.999916,0.000084,0
0.000006,0.999994,1
0.999670,0.000330,0
0.999775,0.000225,0
0.000170,0.999830,1
0.999727,0.000273,0
0.999630,0.000370,0
0.000648,0.999352,1
0.001408,0.998592,1
0.000002,0.999998,1
0.000000,1.000000,1
0.000715,0.999285,1
0.999729,0.000271,0
0.000006,0.999994,1
0.997737,0.002263,0
0.000337,0.999663,1
0.000032,0.999968,1
0.999995,0.000005,0
0.999861,0.000139,0
0.999845,0.000155,0
0.999910,0.000090,0
0.999808,0.000192,0
0.999977,0.000023,0
0.000025,0.999975,1
0.999905,0.000095,0
0.001924,0.998076,1
0.000000,1.000000,1
0.999946,0.000054,0
0.999975,0.000025,0
0.000021,0.999979,1
0.998829,0.001171,0
0.000159,0.999841,1
0.000117,0.999883,1
0.000140,0.999860,1
0.999927,0.000073,0
0.993184,0.006816,0
0.000053,0.999947,1
0.999179,0.000821,0
0.999829,0.000171,0
0.000017,0.999983,1
0.000486,0.999514,1
0.000174,0.999826,1
0.999948,0.000052,0
0.000606,0.999394,1
0.000129,0.999871,1
0.000016,0.999984,1
0.999872,0.000128,0
0.000009,0.999991,1
0.000763,0.999237,1
0.999843,0.000157,0
0.000052,0.999948,1
0.000000,1.000000,1
0.999979,0.000021,0
0.000058,0.999942,1
0.000165,0.999835,1
0.000028,0.999972,1
0.000690,0.999310,1
0.000071,0.999929,1
0.999966,0.000034,0
0.000018,0.999982,1
0.003454,0.996546,1
0.999781,0.000219,0
0.999960,0.000040,0
0.000104,0.999896,1
0.000001,0.999999,1
0.000009,0.999991,1
0.000071,0.999929,1
0.998892,0.001108,0
0.999999,0.000001,0
0.000715,0.999285,1
0.000020,0.999980,1
0.999556,0.000444,0
0.000095,0.999905,1
0.000032,0.999968,1
0.999999,0.000001,0
0.000012,0.999988,1
0.999905,0.000095,0
0.999979,0.000021,0
0.000219,0.999781,1
0.000023,0.999977,1
0.000099,0.999901,1
0.000075,0.999925,1
0.999973,0.000027,0
0.001085,0.998915,1
0.999992,0.000008,0
0.999112,0.000888,0
0.999759,0.000241,0
0.000009,0.999991,1
0.000082,0.999918,1
0.999929,0.000071,0
0.999931,0.000069,0
0.000159,0.999841,1
0.000128,0.999872,1
0.999746,0.000254,0
0.000073,0.999927,1
0.999963,0.000037,0
0.999988,0.000012,0
0.000002,0.999998,1
0.000142,0.999858,1
0.000310,0.999690,1
0.999819,0.000181,0
0.000019,0.999981,1
0.999920,0.000080,0
0.999878,0.000122,0
0.999978,0.000022,0
0.000002,0.999998,1
0.000404,0.999596,1
0.000021,0.999979,1
0.000007,0.999993,1
0.000032,0.999968,1
0.000009,0.999991,1
0.999883,0.000117,0
0.999932,0.000068,0
0.000066,0.999934,1
0.999991,0.000009,0
0.000011,0.999989,1
0.001228,0.998772,1
0.000008,0.999992,1
0.000002,0.999998,1
0.000011,0.999989,1
0.999997,0.000003,0
0.000036,0.999964,1
0.000066,0.999934,1
0.000242,0.999758,1
0.000688,0.999312,1
0.000194,0.999806,1
0.000002,0.999998,1
0.000001,0.999999,1
0.000438,0.999562,1
0.000002,0.999998,1
0.000694,0.999306,1
0.994043,0.005957,0
0.000113,0.999887,1
0.001130,0.998870,1
0.999973,0.000027,0
0.999932,0.000068,0
0.999984,0.000016,0
0.999999,0.000001,0
0.000003,0.999997,1
1.000000,0.000000,0
0.000001,0.999999,1
0.999936,0.000064,0
1.000000,0.000000,0
0.999927,0.000073,0
0.999876,0.000124,0
0.999027,0.000973,0
0.000443,0.999557,1
0.000799,0.999201,1
0.000080,0.999920,1
0.000003,0.999997,1
0.000005,0.999995,1
0.000057,0.999943,1
0.999629,0.000371,0
0.000159,0.999841,1
0.999835,0.000165,0
0.999902,0.000098,0
0.998850,0.001150,0
0.000002,0.999998,1
0.999902,0.000098,0
0.999824,0.000176,0
0.000075,0.999925,1
0.997727,0.002273,0
0.999963,0.000037,0
0.999576,0.000424,0
0.000460,0.999540,1
0.999695,0.000305,0
0.000004,0.999996,1
0.000108,0.999892,1
0.999991,0.000009,0
0.999814,0.000186,0
0.000003,0.999997,1
0.000014,0.999986,1
0.999991,0.000009,0
0.999939,0.000061,0
0.999993,0.000007,0
0.000011,0.999989,1
0.999999,0.000001,0
0.000048,0.999952,1
0.000045,0.999955,1
0.000715,0.999285,1
0.999962,0.000038,0
0.000036,0.999964,1
0.994703,0.005297,0
0.000093,0.999907,1
0.999328,0.000672,0
0.999992,0.000008,0
0.999998,0.000002,0
0.001889,0.998111,1
0.000030,0.999970,1
0.000013,0.999987,1
0.000036,0.999964,1
0.999564,0.000436,0
0.000000,1.000000,1
0.000370,0.999630,1
0.999989,0.000011,0
0.999921,0.000079,0
0.000992,0.999008,1
0.999701,0.000299,0
0.000000,1.000000,1
0.999969,0.000031,0
0.000006,0.999994,1
0.000749,0.999251,1
0.999000,0.001000,0
0.999615,0.000385,0
0.000002,0.999998,1
0.999416,0.000584,0
0.000023,0.999977,1
0.000010,0.999990,1
0.999967,0.000033,0
0.000000,1.000000,1
0.000001,0.999999,1
0.999262,0.000738,0
0.000023,0.999977,1
0.999155,0.000845,0
0.999999,0.000001,0
0.999827,0.000173,0
0.000004,0.999996,1
0.000302,0.999698,1
0.000008,0.999992,1
0.999943,0.000057,0
0.000712,0.999288,1
0.000001,0.999999,1
0.000023,0.999977,1
0.000200,0.999800,1
0.999727,0.000273,0
0.999661,0.000339,0
0.000006,0.999994,1
0.999859,0.000141,0
0.999933,0.000067,0
0.000043,0.999957,1
0.000093,0.999907,1
0.000270,0.999730,1
0.000483,0.999517,1
0.000084,0.999916,1
0.002406,0.997594,1
0.000004,0.999996,1
0.000887,0.999113,1
0.999953,0.000047,0
0.999987,0.000013,0
0.000009,0.999991,1
0.000260,0.999740,1
0.000007,0.999993,1
0.000007,0.999993,1
0.000842,0.999158,1
0.002427,0.997573,1
0.999923,0.000077,0
0.000086,0.999914,1
0.000015,0.999985,1
0.000377,0.999623,1
1.000000,0.000000,0
0.000001,0.999999,1
1.000000,0.000000,0
0.000514,0.999486,1
0.000152,0.999848,1
0.999983,0.000017,0
0.999991,0.000009,0
0.000021,0.999979,1
0.000422,0.999578,1
0.999840,0.000160,0
0.000052,0.999948,1
0.999977,0.000023,0
0.999979,0.000021,0
0.999930,0.000070,0
0.000004,0.999996,1
0.000092,0.999908,1
0.000054,0.999946,1
0.000004,0.999996,1
0.997727,0.002273,0
0.999981,0.000019,0
0.000005,0.999995,1
0.999995,0.000005,0
0.000000,1.000000,1
0.000221,0.999779,1
0.999878,0.000122,0
0.000851,0.999149,1
0.999806,0.000194,0
0.000017,0.999983,1
0.999321,0.000679,0
0.000085,0.999915,1
0.000032,0.999968,1
0.000030,0.999970,1
0.000095,0.999905,1
0.000021,0.999979,1
0.997943,0.002057,0
0.000183,0.999817,1
0.000000,1.000000,1
0.000748,0.999252,1
0.000159,0.999841,1
0.999916,0.000084,0
0.000173,0.999827,1
0.000011,0.999989,1
0.000007,0.999993,1
0.000041,0.999959,1
0.000075,0.999925,1
0.000015,0.999985,1
0.999078,0.000922,0
0.000001,0.999999,1
0.000009,0.999991,1
0.000008,0.999992,1
0.999999,0.000001,0
0.000016,0.999984,1
0.000020,0.999980,1
0.000032,0.999968,1
0.000033,0.999967,1
0.000172,0.999828,1
0.000001,0.999999,1
0.999998,0.000002,0
0.999887,0.000113,0
0.999881,0.000119,0
0.000567,0.999433,1
0.999958,0.000042,0
0.000024,0.999976,1
0.999606,0.000394,0
0.999752,0.000248,0
0.005472,0.994528,1
0.000075,0.999925,1
0.999796,0.000204,0
0.000003,0.999997,1
0.000457,0.999543,1
0.999791,0.000209,0
0.999621,0.000379,0
0.000014,0.999986,1
0.999637,0.000363,0
0.999653,0.000347,0
0.000543,0.999457,1
0.000209,0.999791,1
0.000016,0.999984,1
0.999935,0.000065,0
0.000000,1.000000,1
0.000027,0.999973,1
0.999962,0.000038,0
0.000009,0.999991,1
0.000001,0.999999,1
0.000013,0.999987,1
0.000122,0.999878,1
0.000001,0.999999,1
0.999788,0.000212,0
0.999980,0.000020,0
0.000141,0.999859,1
0.999927,0.000073,0
0.999993,0.000007,0
0.999856,0.000144,0
0.999864,0.000136,0
0.996937,0.003063,0
0.000340,0.999660,1
0.999898,0.000102,0
0.999858,0.000142,0
0.999903,0.000097,0
0.000002,0.999998,1
0.000013,0.999987,1
0.999998,0.000002,0
0.999828,0.000172,0
0.999959,0.000041,0
0.999991,0.000009,0
0.000034,0.999966,1
0.000040,0.999960,1
0.000157,0.999843,1
0.000001,0.999999,1
0.000025,0.999975,1
0.000023,0.999977,1
0.999922,0.000078,0
0.999699,0.000301,0
0.000092,0.999908,1
0.999962,0.000038,0
0.001935,0.998065,1
0.999808,0.000192,0
0.000002,0.999998,1
0.999997,0.000003,0
0.000001,0.999999,1
0.000082,0.999918,1
0.999928,0.000072,0
0.000478,0.999522,1
0.000004,0.999996,1
0.999110,0.000890,0
0.999998,0.000002,0
0.999088,0.000912,0
0.000004,0.999996,1
0.999791,0.000209,0
0.000528,0.999472,1
0.000906,0.999094,1
0.007311,0.992689,1
0.000020,0.999980,1
0.000198,0.999802,1
0.000000,1.000000,1
0.000009,0.999991,1
0.000003,0.999997,1
0.000024,0.999976,1
0.000011,0.999989,1
0.000246,0.999754,1
1.000000,0.000000,0
0.999752,0.000248,0
0.000007,0.999993,1
0.000128,0.999872,1
0.998975,0.001025,0
0.999995,0.000005,0
0.000544,0.999456,1
0.002088,0.997912,1
0.000061,0.999939,1
0.000661,0.999339,1
0.000058,0.999942,1
0.999618,0.000382,0
0.002993,0.997007,1
0.999705,0.000295,0
0.999933,0.000067,0
0.000013,0.999987,1
0.999997,0.000003,0
0.999853,0.000147,0
0.000253,0.999747,1
0.999993,0.000007,0
0.999780,0.000220,0
0.999946,0.000054,0
0.999957,0.000043,0
0.001852,0.998148,1
0.000076,0.999924,1
0.000042,0.999958,1
0.002017,0.997983,1
0.000108,0.999892,1
0.000002,0.999998,1
0.999895,0.000105,0
0.000011,0.999989,1
0.000011,0.999989,1
0.000000,1.000000,1
0.999972,0.000028,0
0.000005,0.999995,1
0.000112,0.999888,1
0.999852,0.000148,0
0.999871,0.000129,0
0.999490,0.000510,0
0.000000,1.000000,1
0.000022,0.999978,1
0.998333,0.001667,0
0.000021,0.999979,1
0.000000,1.000000,1
0.000177,0.999823,1
0.999399,0.000601,0
0.999248,0.000752,0
0.999994,0.000006,0
0.999894,0.000106,0
0.000004,0.999996,1
0.000095,0.999905,1
0.000000,1.000000,1
0.000001,0.999999,1
0.003600,0.996400,1
0.999752,0.000248,0
0.000028,0.999972,1
0.999797,0.000203,0
0.000006,0.999994,1
0.000007,0.999993,1
0.999986,0.000014,0
0.007739,0.992261,1
0.000001,0.999999,1
0.000034,0.999966,1
0.999416,0.000584,0
0.000046,0.999954,1
0.999527,0.000473,0
0.999983,0.000017,0
0.999629,0.000371,0
0.000022,0.999978,1
0.999978,0.000022,0
0.999583,0.000417,0
0.000068,0.999932,1
0.000031,0.999969,1
0.999899,0.000101,0
0.000657,0.999343,1
0.000130,0.999870,1
0.000010,0.999990,1
0.000014,0.999986,1
0.998983,0.001017,0
0.999597,0.000403,0
0.000000,1.000000,1
0.995863,0.004137,0
0.000019,0.999981,1
0.000062,0.999938,1
0.999912,0.000088,0
0.000948,0.999052,1
0.000159,0.999841,1
1.000000,0.000000,0
0.000065,0.999935,1
0.000000,1.000000,1
0.999974,0.000026,0
0.999879,0.000121,0
0.999998,0.000002,0
0.000056,0.999944,1
0.999909,0.000091,0
0.999971,0.000029,0
0.999821,0.000179,0
0.999799,0.000201,0
0.000003,0.999997,1
0.999918,0.000082,0
0.000028,0.999972,1
0.000029,0.999971,1
0.000060,0.999940,1
0.000418,0.999582,1
0.998736,0.001264,0
0.000001,0.999999,1
0.000003,0.999997,1
0.000010,0.999990,1
0.000763,0.999237,1
0.000034,0.999966,1
0.000013,0.999987,1
0.000001,0.999999,1
0.000023,0.999977,1
0.999824,0.000176,0
0.999908,0.000092,0
0.000018,0.999982,1
0.000131,0.999869,1
0.000075,0.999925,1
0.999944,0.000056,0
0.000774,0.999226,1
0.999972,0.000028,0
0.000558,0.999442,1
0.999990,0.000010,0
0.999834,0.000166,0
0.980824,0.019176,0
0.000071,0.999929,1
0.999993,0.000007,0
0.000002,0.999998,1
0.000004,0.999996,1
0.999998,0.000002,0
0.000086,0.999914,1
0.000724,0.999276,1
0.999880,0.000120,0
0.000061,0.999939,1
0.000351,0.999649,1
0.999886,0.000114,0
0.000013,0.999987,1
0.000191,0.999809,1
0.000007,0.999993,1
0.999965,0.000035,0
0.000104,0.999896,1
0.002770,0.997230,1
0.000392,0.999608,1
0.999878,0.000122,0
0.000013,0.999987,1
0.999788,0.000212,0
0.000000,1.000000,1
0.000002,0.999998,1
0.000099,0.999901,1
0.000001,0.999999,1
0.997003,0.002997,0
0.000581,0.999419,1
0.000098,0.999902,1
0.001050,0.998950,1
0.999944,0.000056,0
0.000000,1.000000,1
0.999942,0.000058,0
0.000000,1.000000,1
0.999976,0.000024,0
0.999775,0.000225,0
0.000154,0.999846,1
0.000080,0.999920,1
0.000228,0.999772,1
0.999799,0.000201,0
0.000000,1.000000,1
0.000097,0.999903,1
0.999927,0.000073,0
0.999997,0.000003,0
0.999952,0.000048,0
0.000013,0.999987,1
0.000022,0.999978,1
0.000001,0.999999,1
0.000007,0.999993,1
1.000000,0.000000,0
0.000010,0.999990,1
0.999407,0.000593,0
0.999936,0.000064,0
0.000002,0.999998,1
0.000006,0.999994,1
0.999739,0.000261,0
0.960732,0.039268,0
0.000184,0.999816,1
0.999998,0.000002,0
0.000017,0.999983,1
0.000007,0.999993,1
0.999999,0.000001,0
0.999791,0.000209,0
0.999959,0.000041,0
0.000003,0.999997,1
0.001564,0.998436,1
0.000007,0.999993,1
0.000007,0.999993,1
0.998848,0.001152,0
0.000007,0.999993,1
0.999983,0.000017,0
0.998046,0.001954,0
0.000269,0.999731,1
0.999960,0.000040,0
0.000029,0.999971,1
0.000006,0.999994,1
0.000267,0.999733,1
0.999992,0.000008,0
0.000002,0.999998,1
0.000225,0.999775,1
0.999088,0.000912,0
0.000086,0.999914,1
0.000281,0.999719,1
0.999738,0.000262,0
0.999997,0.000003,0
0.000002,0.999998,1
0.000048,0.999952,1
0.000001,0.999999,1
0.999830,0.000170,0
0.999878,0.000122,0
0.000055,0.999945,1
0.999907,0.000093,0
0.999701,0.000299,0
0.000009,0.999991,1
0.998847,0.001153,0
0.999841,0.000159,0
0.000733,0.999267,1
0.000172,0.999828,1
0.000109,0.999891,1
0.999961,0.000039,0
0.000052,0.999948,1
0.998033,0.001967,0
0.000048,0.999952,1
0.000012,0.999988,1
0.000001,0.999999,1
0.000000,1.000000,1
0.000244,0.999756,1
0.000120,0.999880,1
0.000022,0.999978,1
0.999916,0.000084,0
0.999707,0.000293,0
0.999987,0.000013,0
0.000006,0.999994,1
0.999992,0.000008,0
0.999932,0.000068,0
0.000057,0.999943,1
0.998366,0.001634,0
0.999970,0.000030,0
0.000763,0.999237,1
0.000018,0.999982,1
0.000060,0.999940,1
0.000008,0.999992,1
0.001349,0.998651,1
0.999732,0.000268,0
0.999765,0.000235,0
0.000000,1.000000,1
0.999390,0.000610,0
0.000002,0.999998,1
0.999993,0.000007,0
0.000034,0.999966,1
0.999918,0.000082,0
0.999891,0.000109,0
0.999860,0.000140,0
0.000009,0.999991,1
0.999936,0.000064,0
0.002508,0.997492,1
0.000159,0.999841,1
0.000051,0.999949,1
0.999946,0.000054,0
0.999845,0.000155,0
0.999981,0.000019,0
0.000006,0.999994,1
0.000081,0.999919,1
0.000223,0.999777,1
0.000239,0.999761,1
0.000241,0.999759,1
0.998719,0.001281,0
0.998373,0.001627,0
0.999603,0.000397,0
0.000010,0.999990,1
0.000853,0.999147,1
0.999975,0.000025,0
0.000020,0.999980,1
0.000005,0.999995,1
0.000000,1.000000,1
0.000107,0.999893,1
1.000000,0.000000,0
0.003323,0.996677,1
0.000017,0.999983,1
0.999752,0.000248,0
0.999904,0.000096,0
0.999963,0.000037,0
0.999875,0.000125,0
0.000002,0.999998,1
0.000003,0.999997,1
0.999810,0.000190,0
0.999976,0.000024,0
0.999905,0.000095,0
0.000008,0.999992,1
1.000000,0.000000,0
0.000338,0.999662,1
0.000020,0.999980,1
1.000000,0.000000,0
0.999985,0.000015,0
0.999771,0.000229,0
0.999862,0.000138,0
0.000580,0.999420,1
0.999936,0.000064,0
0.000006,0.999994,1
0.999965,0.000035,0
0.999771,0.000229,0
0.000001,0.999999,1
0.000028,0.999972,1
0.000745,0.999255,1
1.000000,0.000000,0
0.000004,0.999996,1
0.999907,0.000093,0
0.000022,0.999978,1
0.999381,0.000619,0
0.000274,0.999726,1
0.000008,0.999992,1
0.999999,0.000001,0
0.000007,0.999993,1
0.000207,0.999793,1
0.000056,0.999944,1
0.999984,0.000016,0
0.000064,0.999936,1
0.000025,0.999975,1
0.000001,0.999999,1
0.999420,0.000580,0
0.000172,0.999828,1
0.000031,0.999969,1
0.000022,0.999978,1
0.999568,0.000432,0
0.999160,0.000840,0
0.999774,0.000226,0
0.999321,0.000679,0
0.000003,0.999997,1
0.000002,0.999998,1
0.000007,0.999993,1
0.999999,0.000001,0
1.000000,0.000000,0
0.999843,0.000157,0
0.000035,0.999965,1
0.998856,0.001144,0
0.000012,0.999988,1
0.000029,0.999971,1
0.000557,0.999443,1
0.000003,0.999997,1
0.000048,0.999952,1
0.999954,0.000046,0
0.999804,0.000196,0
0.000000,1.000000,1
0.000155,0.999845,1
0.999919,0.000081,0
0.000519,0.999481,1
0.000215,0.999785,1
0.999750,0.000250,0
0.999737,0.000263,0
0.000261,0.999739,1
0.999948,0.000052,0
0.000980,0.999020,1
0.999994,0.000006,0
0.000022,0.999978,1
0.999830,0.000170,0
0.999907,0.000093,0
0.999974,0.000026,0
0.000519,0.999481,1
0.000001,0.999999,1
0.999921,0.000079,0
0.000033,0.999967,1
0.000635,0.999365,1
0.999944,0.000056,0
0.999942,0.000058,0
0.000028,0.999972,1
0.000015,0.999985,1
0.000152,0.999848,1
0.000299,0.999701,1
0.999243,0.000757,0
0.000084,0.999916,1
0.999965,0.000035,0
0.001578,0.998422,1
0.999907,0.000093,0
0.999997,0.000003,0
0.000091,0.999909,1
0.999155,0.000845,0
0.000004,0.999996,1
0.000000,1.000000,1
0.000024,0.999976,1
0.000001,0.999999,1
0.999999,0.000001,0
0.000015,0.999985,1
0.999926,0.000074,0
0.000079,0.999921,1
0.000206,0.999794,1
0.999909,0.000091,0
0.000024,0.999976,1
0.999999,0.000001,0
0.000000,1.000000,1
0.999976,0.000024,0
0.000159,0.999841,1
0.000009,0.999991,1
0.999976,0.000024,0
0.999739,0.000261,0
0.000104,0.999896,1
0.999814,0.000186,0
0.999843,0.000157,0
0.000078,0.999922,1
0.000657,0.999343,1
0.000000,1.000000,1
0.000071,0.999929,1
0.000075,0.999925,1
0.999999,0.000001,0
0.000122,0.999878,1
0.992907,0.007093,0
0.000043,0.999957,1
0.000017,0.999983,1
0.000113,0.999887,1
0.000000,1.000000,1
0.999906,0.000094,0
0.999467,0.000533,0
0.999874,0.000126,0
0.000635,0.999365,1
0.000000,1.000000,1
0.999816,0.000184,0
0.999962,0.000038,0
0.000012,0.999988,1
0.999947,0.000053,0
0.000016,0.999984,1
0.000098,0.999902,1
0.000700,0.999300,1
0.999931,0.000069,0
0.999684,0.000316,0
0.999630,0.000370,0
0.000639,0.999361,1
0.000485,0.999515,1
0.000013,0.999987,1
0.000981,0.999019,1
0.999968,0.000032,0
0.000006,0.999994,1
0.000003,0.999997,1
0.001163,0.998837,1
0.000003,0.999997,1
0.000031,0.999969,1
0.000095,0.999905,1
0.000889,0.999111,1
0.000452,0.999548,1
0.000028,0.999972,1
0.999999,0.000001,0
0.999877,0.000123,0
0.000013,0.999987,1
0.999190,0.000810,0
0.999488,0.000512,0
0.999994,0.000006,0
0.999851,0.000149,0
0.000068,0.999932,1
0.000006,0.999994,1
0.999810,0.000190,0
0.000235,0.999765,1
0.000009,0.999991,1
0.000076,0.999924,1
0.999727,0.000273,0
0.999978,0.000022,0
0.000006,0.999994,1
1.000000,0.000000,0
0.000002,0.999998,1
0.000002,0.999998,1
0.000048,0.999952,1
0.999290,0.000710,0
0.999928,0.000072,0
0.999927,0.000073,0
0.999961,0.000039,0
0.999833,0.000167,0
0.999955,0.000045,0
0.000013,0.999987,1
0.000021,0.999979,1
0.999962,0.000038,0
0.999088,0.000912,0
0.000538,0.999462,1
0.000873,0.999127,1
0.999785,0.000215,0
0.000174,0.999826,1
0.000018,0.999982,1
0.999980,0.000020,0
0.000014,0.999986,1
0.999992,0.000008,0
0.999965,0.000035,0
0.000005,0.999995,1
0.999959,0.000041,0
0.000041,0.999959,1
0.999801,0.000199,0
0.999708,0.000292,0
0.999936,0.000064,0
1.000000,0.000000,0
0.999999,0.000001,0
0.999874,0.000126,0
0.000737,0.999263,1
0.000179,0.999821,1
0.999939,0.000061,0
0.999990,0.000010,0
0.000037,0.999963,1
0.000152,0.999848,1
0.999457,0.000543,0
0.999974,0.000026,0
0.999255,0.000745,0
0.000002,0.999998,1
0.999342,0.000658,0
0.000219,0.999781,1
0.999899,0.000101,0
0.999999,0.000001,0
0.000701,0.999299,1
0.999983,0.000017,0
0.999997,0.000003,0
0.000828,0.999172,1
0.000057,0.999943,1
0.999947,0.000053,0
0.000091,0.999909,1
0.000085,0.999915,1
0.000001,0.999999,1
0.000088,0.999912,1
0.000397,0.999603,1
0.999875,0.000125,0
1.000000,0.000000,0
0.000104,0.999896,1
0.999947,0.000053,0
0.999751,0.000249,0
0.999959,0.000041,0
1.000000,0.000000,0
0.000004,0.999996,1
0.000214,0.999786,1
0.999984,0.000016,0
0.999852,0.000148,0
0.000014,0.999986,1
0.999989,0.000011,0
0.000012,0.999988,1
0.000057,0.999943,1
0.000459,0.999541,1
0.000017,0.999983,1
0.000005,0.999995,1
0.999915,0.000085,0
0.000000,1.000000,1
0.999815,0.000185,0
0.000002,0.999998,1
0.000001,0.999999,1
0.001240,0.998760,1
0.000015,0.999985,1
0.001250,0.998750,1
0.000002,0.999998,1
0.000191,0.999809,1
0.000001,0.999999,1
0.994020,0.005980,0
0.000234,0.999766,1
0.000692,0.999308,1
0.999735,0.000265,0
0.000037,0.999963,1
0.000002,0.999998,1
0.000097,0.999903,1
1.000000,0.000000,0
0.999937,0.000063,0
0.999835,0.000165,0
0.000389,0.999611,1
0.000005,0.999995,1
0.000001,0.999999,1
0.000032,0.999968,1
0.000081,0.999919,1
0.000354,0.999646,1
0.998578,0.001422,0
0.999998,0.000002,0
0.001846,0.998154,1
0.999996,0.000004,0
0.999393,0.000607,0
0.000147,0.999853,1
0.000097,0.999903,1
0.000138,0.999862,1
0.999717,0.000283,0
0.999944,0.000056,0
0.000034,0.999966,1
0.999946,0.000054,0
0.000041,0.999959,1
0.000019,0.999981,1
0.000012,0.999988,1
0.000194,0.999806,1
0.000300,0.999700,1
0.001464,0.998536,1
0.000194,0.999806,1
0.998165,0.001835,0
0.999961,0.000039,0
0.003127,0.996873,1
0.000876,0.999124,1
1.000000,0.000000,0
0.000097,0.999903,1
0.999963,0.000037,0
0.000140,0.999860,1
0.999993,0.000007,0
0.000003,0.999997,1
0.000246,0.999754,1
0.999283,0.000717,0
0.000119,0.999881,1
0.999940,0.000060,0
0.000110,0.999890,1
0.000097,0.999903,1
0.000016,0.999984,1
0.999953,0.000047,0
0.000097,0.999903,1
0.000309,0.999691,1
0.000017,0.999983,1
0.000000,1.000000,1
0.999974,0.000026,0
0.999950,0.000050,0
0.999801,0.000199,0
0.000353,0.999647,1
0.999954,0.000046,0
0.000060,0.999940,1
0.000160,0.999840,1
0.000068,0.999932,1
0.000208,0.999792,1
0.000001,0.999999,1
0.999578,0.000422,0
0.000085,0.999915,1
0.999989,0.000011,0
0.000224,0.999776,1
0.000018,0.999982,1
0.000059,0.999941,1
0.000219,0.999781,1
0.999905,0.000095,0
1.000000,0.000000,0
0.000045,0.999955,1
0.000002,0.999998,1
0.000197,0.999803,1
0.999978,0.000022,0
0.999629,0.000371,0
0.999969,0.000031,0
0.000009,0.999991,1
0.000060,0.999940,1
0.000021,0.999979,1
0.999702,0.000298,0
0.000011,0.999989,1
0.999938,0.000062,0
0.000246,0.999754,1
0.000015,0.999985,1
0.000000,1.000000,1
0.000483,0.999517,1
0.999977,0.000023,0
0.000359,0.999641,1
0.000016,0.999984,1
0.999920,0.000080,0
0.000008,0.999992,1
0.999942,0.000058,0
0.999921,0.000079,0
0.000021,0.999979,1
0.997274,0.002726,0
0.004649,0.995351,1
0.999760,0.000240,0
0.974196,0.025804,0
0.000008,0.999992,1
0.999959,0.000041,0
0.000166,0.999834,1
0.000283,0.999717,1
0.000024,0.999976,1
0.999792,0.000208,0
0.999968,0.000032,0
0.000073,0.999927,1
0.000001,0.999999,1
0.999785,0.000215,0
0.999934,0.000066,0
0.000047,0.999953,1
1.000000,0.000000,0
0.999603,0.000397,0
0.000045,0.999955,1
0.000001,0.999999,1
0.000009,0.999991,1
0.000025,0.999975,1
0.999989,0.000011,0
0.000010,0.999990,1
0.000005,0.999995,1
0.999947,0.000053,0
0.000024,0.999976,1
0.000044,0.999956,1
0.000000,1.000000,1
0.000402,0.999598,1
0.000026,0.999974,1
0.999680,0.000320,0
0.996021,0.003979,0
0.000003,0.999997,1
0.999682,0.000318,0
0.000077,0.999923,1
1.000000,0.000000,0
0.000097,0.999903,1
0.000168,0.999832,1
0.000434,0.999566,1
0.001114,0.998886,1
0.999971,0.000029,0
0.000049,0.999951,1
0.000813,0.999187,1
0.000015,0.999985,1
0.002629,0.997371,1
0.000015,0.999985,1
0.999870,0.000130,0
0.002826,0.997174,1
0.999899,0.000101,0
0.000019,0.999981,1
0.999109,0.000891,0
0.000587,0.999413,1
0.000050,0.999950,1
0.000027,0.999973,1
0.000005,0.999995,1
0.999088,0.000912,0
0.998479,0.001521,0
0.997335,0.002665,0
0.000311,0.999689,1
0.999933,0.000067,0
0.999704,0.000296,0
0.999262,0.000738,0
0.000000,1.000000,1
0.000116,0.999884,1
0.001819,0.998181,1
0.999944,0.000056,0
0.000000,1.000000,1
0.999469,0.000531,0
0.000104,0.999896,1
0.000022,0.999978,1
0.999255,0.000745,0
0.999937,0.000063,0
0.000024,0.999976,1
1.000000,0.000000,0
0.999853,0.000147,0
0.998880,0.001120,0
0.000000,1.000000,1
0.000001,0.999999,1
0.000058,0.999942,1
0.000039,0.999961,1
0.000010,0.999990,1
0.999758,0.000242,0
0.999910,0.000090,0
0.998346,0.001654,0
0.999915,0.000085,0
0.000652,0.999348,1
0.996029,0.003971,0
0.000001,0.999999,1
0.000000,1.000000,1
0.000260,0.999740,1
0.000085,0.999915,1
0.000007,0.999993,1
0.000026,0.999974,1
0.999796,0.000204,0
0.999770,0.000230,0
0.000188,0.999812,1
0.999993,0.000007,0
0.999881,0.000119,0
0.000038,0.999962,1
0.000066,0.999934,1
0.000326,0.999674,1
0.000011,0.999989,1
0.999998,0.000002,0
0.000100,0.999900,1
1.000000,0.000000,0
0.001859,0.998141,1
0.999992,0.000008,0
0.999144,0.000856,0
0.000000,1.000000,1
0.999845,0.000155,0
0.000774,0.999226,1
0.000606,0.999394,1
0.000043,0.999957,1
0.000000,1.000000,1
0.000001,0.999999,1
0.000004,0.999996,1
0.000038,0.999962,1
0.999985,0.000015,0
0.999999,0.000001,0
0.000003,0.999997,1
0.000385,0.999615,1
0.000042,0.999958,1
0.000028,0.999972,1
0.001544,0.998456,1
0.999601,0.000399,0
0.001685,0.998315,1
0.999819,0.000181,0
0.999906,0.000094,0
0.999990,0.000010,0
0.999832,0.000168,0
0.000094,0.999906,1
0.999905,0.000095,0
0.999669,0.000331,0
0.999999,0.000001,0
0.000001,0.999999,1
0.999887,0.000113,0
0.000241,0.999759,1
0.999901,0.000099,0
0.999815,0.000185,0
0.000389,0.999611,1
0.999975,0.000025,0
0.999662,0.000338,0
0.999999,0.000001,0
0.999554,0.000446,0
0.000178,0.999822,1
0.000074,0.999926,1
0.000530,0.999470,1
0.000099,0.999901,1
0.999843,0.000157,0
0.999088,0.000912,0
0.000000,1.000000,1
0.000008,0.999992,1
0.000055,0.999945,1
0.999978,0.000022,0
0.000007,0.999993,1
0.000028,0.999972,1
0.000002,0.999998,1
0.000239,0.999761,1
0.000106,0.999894,1
0.001550,0.998450,1
0.000001,0.999999,1
0.999983,0.000017,0
0.000280,0.999720,1
0.000043,0.999957,1
0.999883,0.000117,0
0.999982,0.000018,0
0.000896,0.999104,1
0.999742,0.000258,0
0.999804,0.000196,0
0.999908,0.000092,0
0.000106,0.999894,1
0.000228,0.999772,1
0.000459,0.999541,1
0.000002,0.999998,1
0.000035,0.999965,1
0.999852,0.000148,0
0.000320,0.999680,1
0.999677,0.000323,0
0.000094,0.999906,1
0.000000,1.000000,1
0.000012,0.999988,1
0.000001,0.999999,1
0.000137,0.999863,1
0.000128,0.999872,1
0.000001,0.999999,1
0.000170,0.999830,1
0.000002,0.999998,1
0.000008,0.999992,1
0.999139,0.000861,0
0.999983,0.000017,0
0.000003,0.999997,1
0.000000,1.000000,1
0.000167,0.999833,1
0.000007,0.999993,1
0.999775,0.000225,0
0.999867,0.000133,0
0.999908,0.000092,0
0.999900,0.000100,0
0.000023,0.999977,1
0.000000,1.000000,1
0.000424,0.999576,1
0.000020,0.999980,1
0.999865,0.000135,0
0.002608,0.997392,1
0.000017,0.999983,1
0.999964,0.000036,0
0.999639,0.000361,0
0.000061,0.999939,1
0.000075,0.999925,1
0.999715,0.000285,0
0.000139,0.999861,1
0.999904,0.000096,0
0.000130,0.999870,1
0.000251,0.999749,1
0.000045,0.999955,1
0.999885,0.000115,0
0.999800,0.000200,0
0.000078,0.999922,1
0.000122,0.999878,1
0.999752,0.000248,0
0.000007,0.999993,1
0.000037,0.999963,1
0.000987,0.999013,1
0.000001,0.999999,1
0.000280,0.999720,1
0.999905,0.000095,0
0.000675,0.999325,1
0.999940,0.000060,0
1.000000,0.000000,0
0.000033,0.999967,1
0.999906,0.000094,0
0.999889,0.000111,0
0.000099,0.999901,1
0.000002,0.999998,1
0.000009,0.999991,1
1.000000,0.000000,0
0.999455,0.000545,0
0.000228,0.999772,1
0.999328,0.000672,0
0.999977,0.000023,0
0.000021,0.999979,1
0.999520,0.000480,0
0.999789,0.000211,0
0.000002,0.999998,1
0.000001,0.999999,1
0.999930,0.000070,0
0.999952,0.000048,0
0.000005,0.999995,1
0.999816,0.000184,0
0.999990,0.000010,0
0.001607,0.998393,1
1.000000,0.000000,0
0.008888,0.991112,1
0.999880,0.000120,0
0.000007,0.999993,1
0.999932,0.000068,0
0.000197,0.999803,1
0.000021,0.999979,1
0.000002,0.999998,1
0.999637,0.000363,0
0.000001,0.999999,1
0.999771,0.000229,0
0.999652,0.000348,0
0.000187,0.999813,1
0.999993,0.000007,0
0.999992,0.000008,0
0.000280,0.999720,1
0.999915,0.000085,0
0.997557,0.002443,0
0.999992,0.000008,0
0.000138,0.999862,1
0.999420,0.000580,0
0.000006,0.999994,1
0.999574,0.000426,0
1.000000,0.000000,0
0.000005,0.999995,1
0.999984,0.000016,0
0.000006,0.999994,1
0.000006,0.999994,1
0.999960,0.000040,0
0.000005,0.999995,1
0.999928,0.000072,0
0.000143,0.999857,1
0.999975,0.000025,0
0.999981,0.000019,0
0.999452,0.000548,0
0.000045,0.999955,1
0.000051,0.999949,1
0.000087,0.999913,1
0.999858,0.000142,0
0.000011,0.999989,1
0.000323,0.999677,1
0.000438,0.999562,1
1.000000,0.000000,0
0.000549,0.999451,1
0.000001,0.999999,1
0.999980,0.000020,0
0.002218,0.997782,1
0.004463,0.995537,1
1.000000,0.000000,0
0.999999,0.000001,0
0.999857,0.000143,0
0.999701,0.000299,0
0.000005,0.999995,1
0.000026,0.999974,1
0.000001,0.999999,1
0.000004,0.999996,1
0.999985,0.000015,0
0.999999,0.000001,0
0.999856,0.000144,0
0.000000,1.000000,1
0.000002,0.999998,1
0.999989,0.000011,0
0.998854,0.001146,0
0.999372,0.000628,0
0.997131,0.002869,0
0.999790,0.000210,0
0.999997,0.000003,0
0.999584,0.000416,0
0.999854,0.000146,0
0.000008,0.999992,1
0.999929,0.000071,0
0.999996,0.000004,0
0.994440,0.005560,0
0.000067,0.999933,1
0.999994,0.000006,0
0.999982,0.000018,0
0.999847,0.000153,0
0.999799,0.000201,0
1.000000,0.000000,0
0.999649,0.000351,0
0.999746,0.000254,0
0.000023,0.999977,1
0.000061,0.999939,1
0.000539,0.999461,1
0.999899,0.000101,0
0.001680,0.998320,1
0.000005,0.999995,1
0.000794,0.999206,1
0.999994,0.000006,0
0.000224,0.999776,1
0.000065,0.999935,1
0.000408,0.999592,1
0.999378,0.000622,0
0.000300,0.999700,1
0.999732,0.000268,0
0.999962,0.000038,0
0.000012,0.999988,1
0.000002,0.999998,1
0.000027,0.999973,1
0.999999,0.000001,0
0.000016,0.999984,1
0.999998,0.000002,0
0.000408,0.999592,1
0.996980,0.003020,0
1.000000,0.000000,0
0.999854,0.000146,0
0.999717,0.000283,0
0.000000,1.000000,1
0.999983,0.000017,0
0.000021,0.999979,1
0.000005,0.999995,1
0.000113,0.999887,1
0.999988,0.000012,0
0.000712,0.999288,1
0.999915,0.000085,0
0.000017,0.999983,1
0.000159,0.999841,1
0.000851,0.999149,1
0.001565,0.998435,1
0.003417,0.996583,1
0.000001,0.999999,1
0.999790,0.000210,0
0.000527,0.999473,1
0.000001,0.999999,1
0.000001,0.999999,1
0.000000,1.000000,1
0.000000,1.000000,1
0.000167,0.999833,1
0.000000,1.000000,1
0.000197,0.999803,1
0.999999,0.000001,0
0.010439,0.989561,1
0.000345,0.999655,1
0.000004,0.999996,1
0.999904,0.000096,0
0.001309,0.998691,1
1.000000,0.000000,0
0.999939,0.000061,0
0.000002,0.999998,1
0.000068,0.999932,1
0.000408,0.999592,1
0.999637,0.000363,0
0.999943,0.000057,0
0.000078,0.999922,1
0.000388,0.999612,1
0.000018,0.999982,1
0.000002,0.999998,1
0.998629,0.001371,0
0.000022,0.999978,1
1.000000,0.000000,0
0.999992,0.000008,0
0.999739,0.000261,0
0.999516,0.000484,0
0.999779,0.000221,0
0.999983,0.000017,0
0.000003,0.999997,1
0.000016,0.999984,1
0.999923,0.000077,0
0.000326,0.999674,1
1.000000,0.000000,0
0.999830,0.000170,0
0.000010,0.999990,1
0.000004,0.999996,1
0.000051,0.999949,1
0.999218,0.000782,0
0.000011,0.999989,1
0.999998,0.000002,0
0.000017,0.999983,1
0.000078,0.999922,1
0.999965,0.000035,0
0.000067,0.999933,1
0.000002,0.999998,1
0.000001,0.999999,1
0.000009,0.999991,1
0.000253,0.999747,1
0.999699,0.000301,0
0.999345,0.000655,0
1.000000,0.000000,0
0.000397,0.999603,1
0.999865,0.000135,0
0.999743,0.000257,0
0.002442,0.997558,1
0.000000,1.000000,1
0.999986,0.000014,0
0.000010,0.999990,1
0.999981,0.000019,0
0.997192,0.002808,0
0.999698,0.000302,0
0.999995,0.000005,0
0.999923,0.000077,0
0.999926,0.000074,0
0.000048,0.999952,1
0.998853,0.001147,0
0.999996,0.000004,0
0.000007,0.999993,1
0.000010,0.999990,1
0.999746,0.000254,0
0.999903,0.000097,0
0.999849,0.000151,0
0.000074,0.999926,1
0.000109,0.999891,1
1.000000,0.000000,0
0.999217,0.000783,0
0.999729,0.000271,0
0.999918,0.000082,0
0.000010,0.999990,1
0.999797,0.000203,0
0.999913,0.000087,0
0.001259,0.998741,1
0.000050,0.999950,1
0.000175,0.999825,1
0.000181,0.999819,1
0.999973,0.000027,0
0.000000,1.000000,1
0.000013,0.999987,1
0.006901,0.993099,1
0.999931,0.000069,0
0.000005,0.999995,1
0.006094,0.993906,1
0.000200,0.999800,1
0.000340,0.999660,1
0.000010,0.999990,1
0.999815,0.000185,0
0.000052,0.999948,1
0.999995,0.000005,0
0.999912,0.000088,0
0.999961,0.000039,0
0.000001,0.999999,1
0.999842,0.000158,0
0.999787,0.000213,0
0.001165,0.998835,1
0.000022,0.999978,1
0.003219,0.996781,1
1.000000,0.000000,0
0.000361,0.999639,1
0.999992,0.000008,0
0.999586,0.000414,0
0.000116,0.999884,1
0.999937,0.000063,0
0.999818,0.000182,0
0.999983,0.000017,0
0.000005,0.999995,1
0.000001,0.999999,1
0.000001,0.999999,1
0.999989,0.000011,0
0.999921,0.000079,0
0.000001,0.999999,1
0.999593,0.000407,0
0.999999,0.000001,0
0.000104,0.999896,1
0.999954,0.000046,0
0.999996,0.000004,0
0.999990,0.000010,0
0.000055,0.999945,1
0.000578,0.999422,1
0.001550,0.998450,1
0.998645,0.001355,0
0.000098,0.999902,1
0.999704,0.000296,0
0.000000,1.000000,1
0.001250,0.998750,1
0.000009,0.999991,1
0.000035,0.999965,1
0.999982,0.000018,0
0.000107,0.999893,1
0.001027,0.998973,1
0.000060,0.999940,1
0.000419,0.999581,1
0.999822,0.000178,0
0.999962,0.000038,0
0.000025,0.999975,1
0.000110,0.999890,1
0.001426,0.998574,1
0.999999,0.000001,0
0.999584,0.000416,0
0.999948,0.000052,0
0.000075,0.999925,1
0.000025,0.999975,1
0.000202,0.999798,1
0.001247,0.998753,1
0.000011,0.999989,1
0.000048,0.999952,1
0.001376,0.998624,1
0.001055,0.998945,1
0.000004,0.999996,1
0.999830,0.000170,0
1.000000,0.000000,0
0.000040,0.999960,1
0.999906,0.000094,0
0.000269,0.999731,1
0.999830,0.000170,0
0.999218,0.000782,0
0.000812,0.999188,1
0.000002,0.999998,1
0.000019,0.999981,1
0.000061,0.999939,1
0.999973,0.000027,0
0.000029,0.999971,1
0.998455,0.001545,0
0.999995,0.000005,0
0.999975,0.000025,0
0.999964,0.000036,0
0.000016,0.999984,1
0.000138,0.999862,1
0.999974,0.000026,0
0.000000,1.000000,1
0.999996,0.000004,0
0.000004,0.999996,1
0.000199,0.999801,1
0.999840,0.000160,0
0.999818,0.000182,0
0.000527,0.999473,1
0.000139,0.999861,1
0.000479,0.999521,1
0.999992,0.000008,0
0.000002,0.999998,1
0.999979,0.000021,0
0.000004,0.999996,1
0.000009,0.999991,1
0.000299,0.999701,1
0.999767,0.000233,0
0.999838,0.000162,0
0.000076,0.999924,1
0.001260,0.998740,1
0.000001,0.999999,1
0.999240,0.000760,0
0.000010,0.999990,1
0.999987,0.000013,0
0.999993,0.000007,0
0.000084,0.999916,1
0.999946,0.000054,0
0.000001,0.999999,1
0.000676,0.999324,1
0.999745,0.000255,0
0.997274,0.002726,0
0.999489,0.000511,0
0.998053,0.001947,0
0.999999,0.000001,0
0.001149,0.998851,1
0.000057,0.999943,1
0.000007,0.999993,1
0.999990,0.000010,0
0.000051,0.999949,1
0.999982,0.000018,0
0.999950,0.000050,0
0.000120,0.999880,1
0.000004,0.999996,1
0.999933,0.000067,0
0.000000,1.000000,1
0.999826,0.000174,0
0.999938,0.000062,0
0.000189,0.999811,1
0.999747,0.000253,0
0.999547,0.000453,0
0.000094,0.999906,1
0.000234,0.999766,1
0.000015,0.999985,1
0.999725,0.000275,0
0.000000,1.000000,1
0.000075,0.999925,1
0.000000,1.000000,1
0.999980,0.000020,0
0.001017,0.998983,1
0.999872,0.000128,0
0.999933,0.000067,0
0.000363,0.999637,1
0.000000,1.000000,1
0.999650,0.000350,0
0.999901,0.000099,0
0.999999,0.000001,0
0.999975,0.000025,0
0.000000,1.000000,1
0.000061,0.999939,1
0.999905,0.000095,0
0.999962,0.000038,0
0.999875,0.000125,0
0.000364,0.999636,1
0.000001,0.999999,1
0.998950,0.001050,0
0.000001,0.999999,1
0.000055,0.999945,1
0.000293,0.999707,1
0.999952,0.000048,0
0.999879,0.000121,0
0.000006,0.999994,1
0.999916,0.000084,0
0.999999,0.000001,0
0.000011,0.999989,1
0.999835,0.000165,0
0.000015,0.999985,1
0.999918,0.000082,0
0.999706,0.000294,0
0.999989,0.000011,0
0.999514,0.000486,0
0.000000,1.000000,1
0.999826,0.000174,0
0.000075,0.999925,1
0.999960,0.000040,0
0.000000,1.000000,1
0.000007,0.999993,1
0.999763,0.000237,0
0.000082,0.999918,1
0.000692,0.999308,1
0.999923,0.000077,0
0.000170,0.999830,1
0.000072,0.999928,1
0.000011,0.999989,1
0.999954,0.000046,0
0.000070,0.999930,1
0.000000,1.000000,1
0.999732,0.000268,0
0.000348,0.999652,1
0.999941,0.000059,0
0.998946,0.001054,0
0.000002,0.999998,1
0.000283,0.999717,1
0.000106,0.999894,1
0.000042,0.999958,1
0.999999,0.000001,0
0.000152,0.999848,1
0.000006,0.999994,1
0.000066,0.999934,1
0.999950,0.000050,0
0.000024,0.999976,1
0.999956,0.000044,0
0.998710,0.001290,0
0.999737,0.000263,0
0.999978,0.000022,0
0.999872,0.000128,0
0.000009,0.999991,1
0.999897,0.000103,0
0.999969,0.000031,0
0.000329,0.999671,1
0.000070,0.999930,1
0.999969,0.000031,0
0.000239,0.999761,1
0.000046,0.999954,1
0.000060,0.999940,1
0.000503,0.999497,1
0.999943,0.000057,0
0.000004,0.999996,1
0.000024,0.999976,1
0.000606,0.999394,1
0.999984,0.000016,0
0.000159,0.999841,1
0.000186,0.999814,1
0.999931,0.000069,0
0.999767,0.000233,0
0.000190,0.999810,1
0.000030,0.999970,1
0.000348,0.999652,1
0.000029,0.999971,1
0.000035,0.999965,1
0.000016,0.999984,1
0.999997,0.000003,0
0.000385,0.999615,1
0.999507,0.000493,0
0.000836,0.999164,1
0.000133,0.999867,1
0.000201,0.999799,1
0.999864,0.000136,0
0.000018,0.999982,1
0.000182,0.999818,1
0.996155,0.003845,0
0.999752,0.000248,0
0.999735,0.000265,0
0.000048,0.999952,1
0.002759,0.997241,1
0.999575,0.000425,0
0.999857,0.000143,0
0.998111,0.001889,0
0.000244,0.999756,1
0.997769,0.002231,0
0.999470,0.000530,0
0.999999,0.000001,0
0.000001,0.999999,1
0.000039,0.999961,1
0.999837,0.000163,0
0.000001,0.999999,1
0.000000,1.000000,1
0.001721,0.998279,1
0.000100,0.999900,1
0.000042,0.999958,1
0.999831,0.000169,0
0.000017,0.999983,1
0.999933,0.000067,0
0.000097,0.999903,1
0.999999,0.000001,0
0.000045,0.999955,1
0.000013,0.999987,1
0.999688,0.000312,0
0.999815,0.000185,0
0.000050,0.999950,1
0.999997,0.000003,0
0.000154,0.999846,1
0.999951,0.000049,0
0.999763,0.000237,0
0.000071,0.999929,1
0.000052,0.999948,1
0.999084,0.000916,0
0.000824,0.999176,1
0.001257,0.998743,1
0.000216,0.999784,1
0.999675,0.000325,0
0.000007,0.999993,1
0.000143,0.999857,1
0.000010,0.999990,1
0.000021,0.999979,1
0.999998,0.000002,0
0.000378,0.999622,1
0.000260,0.999740,1
0.000004,0.999996,1
0.000011,0.999989,1
0.001511,0.998489,1
0.000013,0.999987,1
0.000000,1.000000,1
0.999623,0.000377,0
0.000028,0.999972,1
0.999963,0.000037,0
0.999625,0.000375,0
0.999992,0.000008,0
0.000011,0.999989,1
0.007061,0.992939,1
0.000173,0.999827,1
0.998928,0.001072,0
0.000000,1.000000,1
0.999964,0.000036,0
0.001439,0.998561,1
0.000300,0.999700,1
0.000017,0.999983,1
0.000003,0.999997,1
0.999954,0.000046,0
0.000071,0.999929,1
0.999848,0.000152,0
0.000241,0.999759,1
0.000027,0.999973,1
0.000001,0.999999,1
0.000002,0.999998,1
0.999822,0.000178,0
0.999735,0.000265,0
0.000000,1.000000,1
0.000512,0.999488,1
0.999093,0.000907,0
0.000002,0.999998,1
0.999931,0.000069,0
0.000140,0.999860,1
0.000024,0.999976,1
0.999995,0.000005,0
0.999166,0.000834,0
0.996931,0.003069,0
0.999614,0.000386,0
0.002175,0.997825,1
0.000025,0.999975,1
0.000320,0.999680,1
0.999999,0.000001,0
0.000008,0.999992,1
0.999995,0.000005,0
0.000637,0.999363,1
0.000005,0.999995,1
0.000032,0.999968,1
0.000004,0.999996,1
0.000017,0.999983,1
1.000000,0.000000,0
1.000000,0.000000,0
0.999899,0.000101,0
0.001988,0.998012,1
0.998619,0.001381,0
0.000009,0.999991,1
0.000004,0.999996,1
0.999804,0.000196,0
0.999594,0.000406,0
0.999166,0.000834,0
0.999725,0.000275,0
0.000034,0.999966,1
0.000412,0.999588,1
0.999998,0.000002,0
0.999991,0.000009,0
1.000000,0.000000,0
0.999318,0.000682,0
0.999926,0.000074,0
0.000002,0.999998,1
0.997251,0.002749,0
0.000001,0.999999,1
0.999994,0.000006,0
0.999564,0.000436,0
0.000230,0.999770,1
0.000083,0.999917,1
0.999934,0.000066,0
0.001665,0.998335,1
0.000985,0.999015,1
0.999909,0.000091,0
0.999996,0.000004,0
0.000075,0.999925,1
1.000000,0.000000,0
0.000008,0.999992,1
0.002740,0.997260,1
0.000197,0.999803,1
0.000444,0.999556,1
0.000065,0.999935,1
0.000013,0.999987,1
0.999948,0.000052,0
0.999725,0.000275,0
0.000030,0.999970,1
0.000018,0.999982,1
0.000887,0.999113,1
0.999971,0.000029,0
0.000034,0.999966,1
0.000030,0.999970,1
0.999977,0.000023,0
0.998237,0.001763,0
0.999167,0.000833,0
0.999901,0.000099,0
0.999855,0.000145,0
0.000015,0.999985,1
0.999716,0.000284,0
0.000004,0.999996,1
0.999963,0.000037,0
0.999995,0.000005,0
0.999964,0.000036,0
0.999965,0.000035,0
0.999871,0.000129,0
0.000005,0.999995,1
0.999846,0.000154,0
0.999931,0.000069,0
0.000000,1.000000,1
0.999807,0.000193,0
0.000224,0.999776,1
0.000123,0.999877,1
0.999309,0.000691,0
0.997234,0.002766,0
0.000465,0.999535,1
0.000036,0.999964,1
0.993387,0.006613,0
0.999525,0.000475,0
0.998606,0.001394,0
0.999871,0.000129,0
0.000016,0.999984,1
0.000212,0.999788,1
0.997457,0.002543,0
0.999963,0.000037,0
0.000165,0.999835,1
0.998308,0.001692,0
0.999994,0.000006,0
0.999904,0.000096,0
0.999998,0.000002,0
0.000007,0.999993,1
0.000094,0.999906,1
0.999885,0.000115,0
0.000572,0.999428,1
0.999769,0.000231,0
0.000262,0.999738,1
0.000769,0.999231,1
0.000029,0.999971,1
0.000986,0.999014,1
0.999975,0.000025,0
0.998619,0.001381,0
0.999906,0.000094,0
0.993975,0.006025,0
0.999914,0.000086,0
0.000008,0.999992,1
0.999990,0.000010,0
0.999880,0.000120,0
0.000068,0.999932,1
0.000001,0.999999,1
0.999771,0.000229,0
0.999970,0.000030,0
0.000289,0.999711,1
0.000011,0.999989,1
0.999491,0.000509,0
0.999947,0.000053,0
0.000080,0.999920,1
0.000678,0.999322,1
0.000002,0.999998,1
0.999918,0.000082,0
0.999999,0.000001,0
0.000052,0.999948,1
0.000077,0.999923,1
0.000026,0.999974,1
1.000000,0.000000,0
0.000002,0.999998,1
0.000082,0.999918,1
0.000690,0.999310,1
0.999964,0.000036,0
0.000001,0.999999,1
0.995335,0.004665,0
0.999802,0.000198,0
0.000661,0.999339,1
0.000016,0.999984,1
0.999980,0.000020,0
0.999876,0.000124,0
0.999983,0.000017,0
0.999766,0.000234,0
0.000000,1.000000,1
0.999956,0.000044,0
0.000020,0.999980,1
0.999497,0.000503,0
0.000000,1.000000,1
0.000096,0.999904,1
0.000026,0.999974,1
0.000408,0.999592,1
0.999751,0.000249,0
0.999998,0.000002,0
0.999857,0.000143,0
0.998556,0.001444,0
0.000002,0.999998,1
0.000006,0.999994,1
0.000004,0.999996,1
0.000431,0.999569,1
0.000059,0.999941,1
0.999984,0.000016,0
0.000002,0.999998,1
0.999881,0.000119,0
0.999321,0.000679,0
0.999998,0.000002,0
0.000368,0.999632,1
0.999880,0.000120,0
0.000003,0.999997,1
0.999950,0.000050,0
0.999118,0.000882,0
0.000703,0.999297,1
0.000031,0.999969,1
0.000948,0.999052,1
0.000070,0.999930,1
0.000008,0.999992,1
0.999929,0.000071,0
0.999950,0.000050,0
0.999814,0.000186,0
0.000010,0.999990,1
0.999512,0.000488,0
0.000039,0.999961,1
0.000024,0.999976,1
0.999833,0.000167,0
0.999938,0.000062,0
0.000084,0.999916,1
0.000162,0.999838,1
0.999932,0.000068,0
0.000010,0.999990,1
0.999926,0.000074,0
0.999985,0.000015,0
0.000372,0.999628,1
0.999983,0.000017,0
0.000164,0.999836,1
0.000048,0.999952,1
0.999988,0.000012,0
0.000027,0.999973,1
0.999960,0.000040,0
0.000190,0.999810,1
0.000870,0.999130,1
0.999953,0.000047,0
0.999998,0.000002,0
0.999993,0.000007,0
0.999993,0.000007,0
0.000035,0.999965,1
0.000116,0.999884,1
0.998135,0.001865,0
0.000553,0.999447,1
0.000763,0.999237,1
0.000090,0.999910,1
0.999965,0.000035,0
0.999933,0.000067,0
0.000412,0.999588,1
0.000104,0.999896,1
0.000418,0.999582,1
0.999719,0.000281,0
0.000001,0.999999,1
0.000004,0.999996,1
0.000220,0.999780,1
0.999998,0.000002,0
0.999847,0.000153,0
0.999785,0.000215,0
0.999998,0.000002,0
0.000018,0.999982,1
0.999200,0.000800,0
0.000137,0.999863,1
0.000002,0.999998,1
1.000000,0.000000,0
0.999915,0.000085,0
0.999959,0.000041,0
0.000001,0.999999,1
0.000004,0.999996,1
0.999968,0.000032,0
0.999834,0.000166,0
0.999982,0.000018,0
0.000056,0.999944,1
0.000112,0.999888,1
0.000001,0.999999,1
0.000047,0.999953,1
0.999687,0.000313,0
0.000168,0.999832,1
0.000067,0.999933,1
0.999934,0.000066,0
0.999084,0.000916,0
0.999857,0.000143,0
0.000024,0.999976,1
0.999843,0.000157,0
0.000345,0.999655,1
0.000648,0.999352,1
0.999888,0.000112,0
0.999935,0.000065,0
0.999921,0.000079,0
0.000039,0.999961,1
0.998813,0.001187,0
0.000000,1.000000,1
0.000159,0.999841,1
0.000011,0.999989,1
1.000000,0.000000,0
0.000000,1.000000,1
0.000007,0.999993,1
0.000457,0.999543,1
0.000285,0.999715,1
0.000256,0.999744,1
0.999984,0.000016,0
0.999908,0.000092,0
0.000542,0.999458,1
0.998825,0.001175,0
0.000001,0.999999,1
0.999992,0.000008,0
0.998909,0.001091,0
0.999940,0.000060,0
0.000001,0.999999,1
0.000113,0.999887,1
0.000036,0.999964,1
0.999293,0.000707,0
1.000000,0.000000,0
0.000010,0.999990,1
0.999992,0.000008,0
0.999965,0.000035,0
0.999743,0.000257,0
0.999608,0.000392,0
0.999901,0.000099,0
0.999795,0.000205,0
0.000024,0.999976,1
0.994849,0.005151,0
0.999551,0.000449,0
0.000075,0.999925,1
0.000007,0.999993,1
0.000068,0.999932,1
0.000044,0.999956,1
0.000001,0.999999,1
0.999576,0.000424,0
0.999753,0.000247,0
0.000000,1.000000,1
0.999884,0.000116,0
0.000096,0.999904,1
0.997364,0.002636,0
0.999620,0.000380,0
0.999160,0.000840,0
0.000469,0.999531,1
0.000019,0.999981,1
0.000076,0.999924,1
0.998693,0.001307,0
0.999994,0.000006,0
0.999850,0.000150,0
0.000652,0.999348,1
0.000254,0.999746,1
0.000320,0.999680,1
0.999877,0.000123,0
0.999998,0.000002,0
0.999815,0.000185,0
0.000216,0.999784,1
0.000358,0.999642,1
0.000000,1.000000,1
0.000011,0.999989,1
0.751434,0.248566,0
0.000083,0.999917,1
0.000008,0.999992,1
0.000109,0.999891,1
0.999989,0.000011,0
0.000066,0.999934,1
0.000031,0.999969,1
0.000253,0.999747,1
0.999999,0.000001,0
0.999984,0.000016,0
0.983339,0.016661,0
0.999750,0.000250,0
0.000828,0.999172,1
0.000036,0.999964,1
0.000002,0.999998,1
0.998469,0.001531,0
0.999700,0.000300,0
0.999664,0.000336,0
0.000003,0.999997,1
0.999956,0.000044,0
0.999887,0.000113,0
0.999957,0.000043,0
0.003802,0.996198,1
0.000400,0.999600,1
0.999911,0.000089,0
0.000016,0.999984,1
0.000070,0.999930,1
0.999737,0.000263,0
0.999934,0.000066,0
0.000025,0.999975,1
0.000591,0.999409,1
0.999815,0.000185,0
0.000081,0.999919,1
0.000010,0.999990,1
0.000018,0.999982,1
0.999939,0.000061,0
0.999971,0.000029,0
0.000596,0.999404,1
0.000247,0.999753,1
0.999941,0.000059,0
0.005911,0.994089,1
0.999930,0.000070,0
0.000093,0.999907,1
0.000451,0.999549,1
0.000274,0.999726,1
0.999534,0.000466,0
0.999980,0.000020,0
0.999822,0.000178,0
0.999464,0.000536,0
0.000104,0.999896,1
0.000001,0.999999,1
0.999952,0.000048,0
0.000002,0.999998,1
0.000043,0.999957,1
0.999967,0.000033,0
0.000046,0.999954,1
0.000198,0.999802,1
0.000261,0.999739,1
0.999964,0.000036,0
0.999830,0.000170,0
0.000175,0.999825,1
0.998129,0.001871,0
0.999978,0.000022,0
0.999914,0.000086,0
0.999894,0.000106,0
0.998895,0.001105,0
0.999770,0.000230,0
0.000159,0.999841,1
0.000013,0.999987,1
0.000132,0.999868,1
0.998622,0.001378,0
0.999991,0.000009,0
0.001163,0.998837,1
0.999908,0.000092,0
0.000078,0.999922,1
0.000028,0.999972,1
0.999954,0.000046,0
0.000003,0.999997,1
0.999999,0.000001,0
0.999912,0.000088,0
0.000061,0.999939,1
0.000133,0.999867,1
0.999853,0.000147,0
0.000021,0.999979,1
0.000236,0.999764,1
0.000014,0.999986,1
0.999862,0.000138,0
0.000219,0.999781,1
0.999999,0.000001,0
0.999971,0.000029,0
0.000010,0.999990,1
0.999956,0.000044,0
0.999950,0.000050,0
0.999732,0.000268,0
0.996498,0.003502,0
0.000011,0.999989,1
0.999883,0.000117,0
0.000057,0.999943,1
0.999907,0.000093,0
0.000010,0.999990,1
1.000000,0.000000,0
0.000007,0.999993,1
0.000010,0.999990,1
0.999641,0.000359,0
0.998950,0.001050,0
0.000033,0.999967,1
0.000062,0.999938,1
0.999887,0.000113,0
0.999996,0.000004,0
0.000044,0.999956,1
0.999995,0.000005,0
0.999913,0.000087,0
0.000246,0.999754,1
0.000026,0.999974,1
0.000009,0.999991,1
1.000000,0.000000,0
0.000075,0.999925,1
0.000016,0.999984,1
1.000000,0.000000,0
0.000015,0.999985,1
0.000002,0.999998,1
0.000013,0.999987,1
0.000044,0.999956,1
0.000860,0.999140,1
0.999892,0.000108,0
0.999473,0.000527,0
0.996004,0.003996,0
0.000053,0.999947,1
0.999923,0.000077,0
0.000008,0.999992,1
0.999907,0.000093,0
0.000022,0.999978,1
0.000014,0.999986,1
0.999854,0.000146,0
0.999960,0.000040,0
0.000001,0.999999,1
0.999988,0.000012,0
0.999947,0.000053,0
0.000000,1.000000,1
0.000001,0.999999,1
0.000008,0.999992,1
0.999697,0.000303,0
0.999506,0.000494,0
0.000287,0.999713,1
0.999670,0.000330,0
0.992014,0.007986,0
0.999788,0.000212,0
0.999868,0.000132,0
0.999517,0.000483,0
0.999625,0.000375,0
0.000050,0.999950,1
0.999960,0.000040,0
0.999973,0.000027,0
0.000509,0.999491,1
0.999256,0.000744,0
0.999993,0.000007,0
0.000033,0.999967,1
0.000034,0.999966,1
0.999998,0.000002,0
0.000001,0.999999,1
0.000009,0.999991,1
0.000330,0.999670,1
0.999981,0.000019,0
0.999938,0.000062,0
0.005036,0.994964,1
0.999884,0.000116,0
0.000173,0.999827,1
0.999778,0.000222,0
0.000041,0.999959,1
0.999937,0.000063,0
0.999999,0.000001,0
0.999983,0.000017,0
0.000025,0.999975,1
0.000034,0.999966,1
0.000092,0.999908,1
0.999586,0.000414,0
0.999372,0.000628,0
0.000669,0.999331,1
0.000000,1.000000,1
0.000027,0.999973,1
0.000002,0.999998,1
0.000000,1.000000,1
0.998938,0.001062,0
0.000029,0.999971,1
0.000016,0.999984,1
0.999955,0.000045,0
0.999475,0.000525,0
0.999881,0.000119,0
0.000289,0.999711,1
0.000638,0.999362,1
0.999946,0.000054,0
0.000329,0.999671,1
0.999850,0.000150,0
0.999069,0.000931,0
0.000439,0.999561,1
0.999606,0.000394,0
0.002387,0.997613,1
0.995318,0.004682,0
0.000002,0.999998,1
0.000000,1.000000,1
0.999929,0.000071,0
0.000003,0.999997,1
0.000170,0.999830,1
0.999954,0.000046,0
0.999522,0.000478,0
0.000293,0.999707,1
0.999804,0.000196,0
0.000089,0.999911,1
0.999999,0.000001,0
0.000007,0.999993,1
0.001199,0.998801,1
0.000014,0.999986,1
0.994921,0.005079,0
0.000348,0.999652,1
0.998368,0.001632,0
0.999857,0.000143,0
0.999855,0.000145,0
0.999993,0.000007,0
0.000026,0.999974,1
0.000001,0.999999,1
0.999881,0.000119,0
0.999992,0.000008,0
0.999996,0.000004,0
0.000012,0.999988,1
0.000887,0.999113,1
0.000003,0.999997,1
0.000364,0.999636,1
0.000003,0.999997,1
0.000321,0.999679,1
0.999989,0.000011,0
0.000047,0.999953,1
0.997479,0.002521,0
0.000090,0.999910,1
0.000005,0.999995,1
0.000001,0.999999,1
0.000092,0.999908,1
0.999971,0.000029,0
0.000021,0.999979,1
0.000572,0.999428,1
0.999725,0.000275,0
0.999940,0.000060,0
0.000299,0.999701,1
0.000122,0.999878,1
0.000551,0.999449,1
0.000216,0.999784,1
0.999930,0.000070,0
0.999827,0.000173,0
0.000007,0.999993,1
0.999993,0.000007,0
1.000000,0.000000,0
0.999818,0.000182,0
1.000000,0.000000,0
0.000000,1.000000,1
0.000363,0.999637,1
0.000215,0.999785,1
0.999982,0.000018,0
0.000135,0.999865,1
0.999947,0.000053,0
0.000021,0.999979,1
0.000006,0.999994,1
0.999239,0.000761,0
0.000053,0.999947,1
0.001110,0.998890,1
0.000218,0.999782,1
0.000007,0.999993,1
0.000066,0.999934,1
0.000820,0.999180,1
0.000061,0.999939,1
0.999998,0.000002,0
0.999970,0.000030,0
0.999995,0.000005,0
0.999860,0.000140,0
0.000000,1.000000,1
0.000361,0.999639,1
0.000050,0.999950,1
0.999823,0.000177,0
0.000004,0.999996,1
0.000350,0.999650,1
1.000000,0.000000,0
0.999976,0.000024,0
0.999805,0.000195,0
0.000376,0.999624,1
0.000109,0.999891,1
0.999922,0.000078,0
0.999040,0.000960,0
0.000388,0.999612,1
0.000000,1.000000,1
0.999844,0.000156,0
0.999975,0.000025,0
0.999961,0.000039,0
0.000001,0.999999,1
0.999261,0.000739,0
0.000385,0.999615,1
0.001614,0.998386,1
0.999556,0.000444,0
0.000020,0.999980,1
0.000003,0.999997,1
0.997288,0.002712,0
0.999693,0.000307,0
0.999917,0.000083,0
0.000224,0.999776,1
0.999830,0.000170,0
0.999901,0.000099,0
0.000633,0.999367,1
0.000005,0.999995,1
0.999852,0.000148,0
0.999938,0.000062,0
0.999920,0.000080,0
0.999974,0.000026,0
0.000058,0.999942,1
1.000000,0.000000,0
0.999843,0.000157,0
0.999835,0.000165,0
0.000090,0.999910,1
0.000001,0.999999,1
0.998550,0.001450,0
0.000077,0.999923,1
0.000002,0.999998,1
0.000011,0.999989,1
0.999990,0.000010,0
0.000010,0.999990,1
0.999619,0.000381,0
0.000044,0.999956,1
0.999983,0.000017,0
0.000344,0.999656,1
0.999973,0.000027,0
0.000002,0.999998,1
0.000086,0.999914,1
0.999942,0.000058,0
0.000315,0.999685,1
0.000971,0.999029,1
0.000130,0.999870,1
0.000035,0.999965,1
0.000003,0.999997,1
0.000001,0.999999,1
0.000098,0.999902,1
0.999712,0.000288,0
0.999981,0.000019,0
0.000087,0.999913,1
0.998950,0.001050,0
0.001655,0.998345,1
0.000081,0.999919,1
0.999650,0.000350,0
0.000051,0.999949,1
0.999242,0.000758,0
0.000199,0.999801,1
0.963320,0.036680,0
0.999852,0.000148,0
0.999420,0.000580,0
0.000006,0.999994,1
0.000083,0.999917,1
0.000306,0.999694,1
0.999714,0.000286,0
0.999971,0.000029,0
0.999907,0.000093,0
0.000003,0.999997,1
0.001277,0.998723,1
0.999694,0.000306,0
0.999701,0.000299,0
0.999404,0.000596,0
0.000188,0.999812,1
0.999742,0.000258,0
0.002149,0.997851,1
0.000078,0.999922,1
1.000000,0.000000,0
0.999922,0.000078,0
0.000004,0.999996,1
0.000025,0.999975,1
0.998829,0.001171,0
0.000001,0.999999,1
0.000001,0.999999,1
0.000179,0.999821,1
0.999964,0.000036,0
0.000028,0.999972,1
0.000234,0.999766,1
0.000007,0.999993,1
0.999803,0.000197,0
0.000017,0.999983,1
0.000262,0.999738,1
0.000000,1.000000,1
0.001565,0.998435,1
0.000000,1.000000,1
0.999965,0.000035,0
0.000000,1.000000,1
0.999984,0.000016,0
0.999922,0.000078,0
0.000011,0.999989,1
0.000092,0.999908,1
0.000189,0.999811,1
0.999113,0.000887,0
0.999998,0.000002,0
0.996991,0.003009,0
0.999650,0.000350,0
0.000035,0.999965,1
0.000240,0.999760,1
0.999568,0.000432,0
0.000006,0.999994,1
0.000234,0.999766,1
0.000260,0.999740,1
0.000006,0.999994,1
0.000356,0.999644,1
0.010107,0.989893,1
0.999983,0.000017,0
0.000086,0.999914,1
0.000107,0.999893,1
1.000000,0.000000,0
0.998671,0.001329,0
0.999800,0.000200,0
0.000013,0.999987,1
0.999866,0.000134,0
0.000017,0.999983,1
0.000012,0.999988,1
0.999954,0.000046,0
0.000269,0.999731,1
0.999909,0.000091,0
0.000037,0.999963,1
0.000099,0.999901,1
0.000008,0.999992,1
0.000004,0.999996,1
0.000154,0.999846,1
0.999870,0.000130,0
0.000128,0.999872,1
0.999688,0.000312,0
0.999979,0.000021,0
0.999991,0.000009,0
0.000046,0.999954,1
0.000090,0.999910,1
0.000320,0.999680,1
0.000070,0.999930,1
0.000334,0.999666,1
0.000123,0.999877,1
0.000002,0.999998,1
0.999828,0.000172,0
0.000140,0.999860,1
0.000075,0.999925,1
0.000279,0.999721,1
0.000015,0.999985,1
1.000000,0.000000,0
0.000009,0.999991,1
0.000252,0.999748,1
0.999902,0.000098,0
0.000926,0.999074,1
0.999949,0.000051,0
0.999658,0.000342,0
0.000456,0.999544,1
0.000002,0.999998,1
1.000000,0.000000,0
0.999871,0.000129,0
0.999968,0.000032,0
0.001309,0.998691,1
0.999933,0.000067,0
0.000505,0.999495,1
0.999131,0.000869,0
0.000210,0.999790,1
0.000197,0.999803,1
0.000010,0.999990,1
0.000108,0.999892,1
0.999863,0.000137,0
0.000053,0.999947,1
0.000047,0.999953,1
0.000077,0.999923,1
0.000000,1.000000,1
0.000114,0.999886,1
0.001645,0.998355,1
0.000096,0.999904,1
0.999942,0.000058,0
0.000011,0.999989,1
0.000010,0.999990,1
0.000070,0.999930,1
0.999788,0.000212,0
0.000200,0.999800,1
0.999989,0.000011,0
0.000059,0.999941,1
0.999996,0.000004,0
0.000033,0.999967,1
1.000000,0.000000,0
0.001293,0.998707,1
0.999840,0.000160,0
0.999737,0.000263,0
0.000084,0.999916,1
0.000254,0.999746,1
0.999980,0.000020,0
0.999956,0.000044,0
0.000081,0.999919,1
0.999752,0.000248,0
0.999999,0.000001,0
0.000000,1.000000,1
0.000000,1.000000,1
0.999913,0.000087,0
0.000211,0.999789,1
0.999940,0.000060,0
0.000056,0.999944,1
0.999277,0.000723,0
0.000003,0.999997,1
0.000193,0.999807,1
0.000456,0.999544,1
0.000085,0.999915,1
0.000009,0.999991,1
0.000004,0.999996,1
0.000099,0.999901,1
0.999665,0.000335,0
0.000442,0.999558,1
0.999941,0.000059,0
0.999137,0.000863,0
0.000005,0.999995,1
0.000127,0.999873,1
0.999947,0.000053,0
0.999929,0.000071,0
0.000031,0.999969,1
0.000058,0.999942,1
0.000074,0.999926,1
0.999764,0.000236,0
0.000044,0.999956,1
1.000000,0.000000,0
0.005337,0.994663,1
0.993580,0.006420,0
0.000318,0.999682,1
0.000008,0.999992,1
0.999542,0.000458,0
1.000000,0.000000,0
0.000096,0.999904,1
0.999871,0.000129,0
0.999633,0.000367,0
0.000037,0.999963,1
0.000252,0.999748,1
0.000019,0.999981,1
1.000000,0.000000,0
0.000780,0.999220,1
0.999568,0.000432,0
0.999732,0.000268,0
0.000010,0.999990,1
0.000499,0.999501,1
0.000002,0.999998,1
0.000019,0.999981,1
0.000183,0.999817,1
0.000014,0.999986,1
0.000008,0.999992,1
0.000155,0.999845,1
0.001439,0.998561,1
0.999940,0.000060,0
0.999845,0.000155,0
0.000269,0.999731,1
0.999688,0.000312,0
1.000000,0.000000,0
0.999895,0.000105,0
0.000086,0.999914,1
0.000043,0.999957,1
0.000014,0.999986,1
0.001056,0.998944,1
0.000004,0.999996,1
0.000009,0.999991,1
0.000842,0.999158,1
0.000242,0.999758,1
0.998521,0.001479,0
0.000010,0.999990,1
0.000606,0.999394,1
0.000089,0.999911,1
0.999888,0.000112,0
0.999674,0.000326,0
0.002702,0.997298,1
0.000006,0.999994,1
0.000580,0.999420,1
0.000045,0.999955,1
0.000041,0.999959,1
0.000027,0.999973,1
0.000167,0.999833,1
0.000028,0.999972,1
0.000000,1.000000,1
0.000011,0.999989,1
0.999166,0.000834,0
0.000019,0.999981,1
0.000027,0.999973,1
0.000001,0.999999,1
0.000104,0.999896,1
0.999963,0.000037,0
0.999999,0.000001,0
0.999618,0.000382,0
0.000000,1.000000,1
0.000000,1.000000,1
0.000159,0.999841,1
0.999659,0.000341,0
0.000002,0.999998,1
0.000936,0.999064,1
0.998871,0.001129,0
0.000001,0.999999,1
0.000060,0.999940,1
0.000029,0.999971,1
0.999975,0.000025,0
0.997443,0.002557,0
0.000001,0.999999,1
0.000060,0.999940,1
0.000812,0.999188,1
0.999965,0.000035,0
0.998567,0.001433,0
0.000047,0.999953,1
0.000021,0.999979,1
0.000006,0.999994,1
0.999998,0.000002,0
1.000000,0.000000,0
0.999739,0.000261,0
0.999670,0.000330,0
0.999954,0.000046,0
0.999890,0.000110,0
0.000002,0.999998,1
0.000003,0.999997,1
0.999925,0.000075,0
0.000075,0.999925,1
0.999958,0.000042,0
0.000049,0.999951,1
0.000244,0.999756,1
0.000188,0.999812,1
0.999963,0.000037,0
0.000858,0.999142,1
0.999935,0.000065,0
0.999869,0.000131,0
0.999979,0.000021,0
0.999998,0.000002,0
0.010421,0.989579,1
0.000102,0.999898,1
0.000196,0.999804,1
0.999163,0.000837,0
0.999994,0.000006,0
0.999952,0.000048,0
0.000003,0.999997,1
0.000104,0.999896,1
0.999958,0.000042,0
0.000063,0.999937,1
0.000009,0.999991,1
0.999997,0.000003,0
0.999998,0.000002,0
0.999983,0.000017,0
0.000048,0.999952,1
0.000069,0.999931,1
0.999907,0.000093,0
0.999899,0.000101,0
0.000020,0.999980,1
0.003340,0.996660,1
0.000059,0.999941,1
0.999915,0.000085,0
0.999999,0.000001,0
0.000058,0.999942,1
0.000125,0.999875,1
0.999979,0.000021,0
0.999998,0.000002,0
0.000006,0.999994,1
0.999907,0.000093,0
0.000236,0.999764,1
0.000001,0.999999,1
0.001014,0.998986,1
0.000335,0.999665,1
0.000075,0.999925,1
0.999976,0.000024,0
0.000238,0.999762,1
0.000649,0.999351,1
0.000068,0.999932,1
0.999997,0.000003,0
0.999971,0.000029,0
0.000434,0.999566,1
0.999998,0.000002,0
0.003157,0.996843,1
0.000319,0.999681,1
0.000001,0.999999,1
0.000121,0.999879,1
0.000085,0.999915,1
0.999952,0.000048,0
0.000259,0.999741,1
0.000005,0.999995,1
0.000009,0.999991,1
0.999974,0.000026,0
0.999303,0.000697,0
0.000000,1.000000,1
0.000000,1.000000,1
0.002942,0.997058,1
0.998962,0.001038,0
0.000001,0.999999,1
0.000080,0.999920,1
0.000243,0.999757,1
0.000143,0.999857,1
0.999688,0.000312,0
0.000016,0.999984,1
0.000041,0.999959,1
0.999072,0.000928,0
0.000009,0.999991,1
0.999879,0.000121,0
0.000795,0.999205,1
0.000065,0.999935,1
0.000083,0.999917,1
0.999871,0.000129,0
0.999877,0.000123,0
0.004764,0.995236,1
0.999871,0.000129,0
1.000000,0.000000,0
0.999886,0.000114,0
0.000001,0.999999,1
0.000369,0.999631,1
0.000572,0.999428,1
0.000001,0.999999,1
0.993637,0.006363,0
0.000335,0.999665,1
0.999836,0.000164,0
0.000006,0.999994,1
0.000013,0.999987,1
0.000011,0.999989,1
0.000032,0.999968,1
0.001493,0.998507,1
0.000015,0.999985,1
0.999921,0.000079,0
0.999911,0.000089,0
0.000010,0.999990,1
0.000181,0.999819,1
0.999965,0.000035,0
0.000058,0.999942,1
0.999252,0.000748,0
0.000293,0.999707,1
0.001074,0.998926,1
0.999832,0.000168,0
1.000000,0.000000,0
0.000345,0.999655,1
0.999997,0.000003,0
0.000020,0.999980,1
0.998575,0.001425,0
0.999166,0.000834,0
0.999936,0.000064,0
0.000245,0.999755,1
0.000005,0.999995,1
0.999679,0.000321,0
0.000042,0.999958,1
0.999976,0.000024,0
0.000037,0.999963,1
0.999764,0.000236,0
0.999983,0.000017,0
0.000244,0.999756,1
0.000002,0.999998,1
0.000135,0.999865,1
0.999993,0.000007,0
0.000166,0.999834,1
0.999952,0.000048,0
0.000015,0.999985,1
0.999941,0.000059,0
0.999993,0.000007,0
0.000006,0.999994,1
0.000006,0.999994,1
0.999903,0.000097,0
0.999769,0.000231,0
0.000926,0.999074,1
0.999870,0.000130,0
0.000043,0.999957,1
0.000001,0.999999,1
0.000013,0.999987,1
0.000310,0.999690,1
0.999963,0.000037,0
0.999999,0.000001,0
0.000149,0.999851,1
0.000000,1.000000,1
0.000329,0.999671,1
0.000395,0.999605,1
0.000134,0.999866,1
0.000125,0.999875,1
0.000248,0.999752,1
0.000189,0.999811,1
0.000003,0.999997,1
0.000159,0.999841,1
0.000004,0.999996,1
0.000003,0.999997,1
0.000155,0.999845,1
0.000002,0.999998,1
0.000061,0.999939,1
0.000004,0.999996,1
0.995843,0.004157,0
0.000263,0.999737,1
0.000138,0.999862,1
0.000048,0.999952,1
0.000359,0.999641,1
0.999924,0.000076,0
0.987348,0.012652,0
0.000000,1.000000,1
0.000010,0.999990,1
0.999894,0.000106,0
0.000002,0.999998,1
0.000024,0.999976,1
0.000768,0.999232,1
0.000008,0.999992,1
0.999585,0.000415,0
0.000191,0.999809,1
0.000163,0.999837,1
0.999944,0.000056,0
0.000005,0.999995,1
0.000015,0.999985,1
0.000097,0.999903,1
0.000083,0.999917,1
0.999479,0.000521,0
0.000239,0.999761,1
0.000056,0.999944,1
0.999999,0.000001,0
1.000000,0.000000,0
0.999773,0.000227,0
0.000239,0.999761,1
0.000612,0.999388,1
0.997972,0.002028,0
0.999926,0.000074,0
0.000006,0.999994,1
0.998994,0.001006,0
0.999950,0.000050,0
0.999930,0.000070,0
0.000036,0.999964,1
0.999998,0.000002,0
0.000026,0.999974,1
0.999647,0.000353,0
0.999956,0.000044,0
0.000062,0.999938,1
0.999933,0.000067,0
0.998521,0.001479,0
0.000013,0.999987,1
0.999674,0.000326,0
0.000024,0.999976,1
0.999922,0.000078,0
0.999996,0.000004,0
0.999789,0.000211,0
0.000009,0.999991,1
0.000002,0.999998,1
0.000099,0.999901,1
0.000028,0.999972,1
0.000015,0.999985,1
0.000011,0.999989,1
0.000071,0.999929,1
0.000028,0.999972,1
0.999933,0.000067,0
0.999332,0.000668,0
0.000012,0.999988,1
0.000019,0.999981,1
0.999239,0.000761,0
0.999983,0.000017,0
0.000388,0.999612,1
0.999989,0.000011,0
0.998783,0.001217,0
0.996249,0.003751,0
0.000602,0.999398,1
0.000348,0.999652,1
0.000014,0.999986,1
0.000000,1.000000,1
0.999930,0.000070,0
0.999947,0.000053,0
0.000451,0.999549,1
0.999828,0.000172,0
0.000000,1.000000,1
0.999900,0.000100,0
0.000011,0.999989,1
0.000024,0.999976,1
0.999266,0.000734,0
1.000000,0.000000,0
0.000018,0.999982,1
0.999990,0.000010,0
1.000000,0.000000,0
0.000361,0.999639,1
0.999996,0.000004,0
0.000030,0.999970,1
0.999811,0.000189,0
1.000000,0.000000,0
0.001467,0.998533,1
0.000002,0.999998,1
0.000058,0.999942,1
0.000027,0.999973,1
0.000003,0.999997,1
0.000293,0.999707,1
0.000059,0.999941,1
0.000402,0.999598,1
0.999993,0.000007,0
0.999910,0.000090,0
0.000648,0.999352,1
0.999970,0.000030,0
0.000002,0.999998,1
0.999984,0.000016,0
0.999638,0.000362,0
0.999826,0.000174,0
0.000206,0.999794,1
0.999878,0.000122,0
0.999996,0.000004,0
0.000016,0.999984,1
0.000002,0.999998,1
0.000013,0.999987,1
0.000001,0.999999,1
0.000065,0.999935,1
0.000236,0.999764,1
0.999936,0.000064,0
0.999950,0.000050,0
0.000159,0.999841,1
0.999974,0.000026,0
0.000009,0.999991,1
0.000309,0.999691,1
0.000037,0.999963,1
0.000011,0.999989,1
0.050957,0.949043,1
0.000007,0.999993,1
0.000006,0.999994,1
0.000008,0.999992,1
0.000074,0.999926,1
0.000096,0.999904,1
0.000000,1.000000,1
0.999993,0.000007,0
0.999971,0.000029,0
0.999965,0.000035,0
0.000002,0.999998,1
0.999257,0.000743,0
0.999485,0.000515,0
0.000015,0.999985,1
1.000000,0.000000,0
0.998718,0.001282,0
0.999215,0.000785,0
1.000000,0.000000,0
0.001464,0.998536,1
0.999554,0.000446,0
0.000107,0.999893,1
0.999474,0.000526,0
0.999431,0.000569,0
0.999965,0.000035,0
0.000011,0.999989,1
0.999889,0.000111,0
0.000001,0.999999,1
0.999962,0.000038,0
0.997361,0.002639,0
0.999779,0.000221,0
0.000049,0.999951,1
0.000116,0.999884,1
0.999952,0.000048,0
0.999903,0.000097,0
0.999999,0.000001,0
0.000074,0.999926,1
0.000223,0.999777,1
0.999818,0.000182,0
0.999967,0.000033,0
0.001199,0.998801,1
0.000336,0.999664,1
0.044050,0.955950,1
0.999780,0.000220,0
0.998904,0.001096,0
0.000393,0.999607,1
0.000014,0.999986,1
0.999984,0.000016,0
0.000006,0.999994,1
0.000097,0.999903,1
0.000465,0.999535,1
0.998998,0.001002,0
0.000078,0.999922,1
0.000163,0.999837,1
0.000076,0.999924,1
0.000026,0.999974,1
0.000383,0.999617,1
0.000006,0.999994,1
0.999664,0.000336,0
0.998619,0.001381,0
0.000152,0.999848,1
0.000084,0.999916,1
0.999567,0.000433,0
0.998033,0.001967,0
0.000007,0.999993,1
0.999968,0.000032,0
1.000000,0.000000,0
0.999857,0.000143,0
0.000773,0.999227,1
0.999804,0.000196,0
0.999949,0.000051,0
0.000100,0.999900,1
0.000001,0.999999,1
0.000006,0.999994,1
0.000184,0.999816,1
0.000065,0.999935,1
0.000004,0.999996,1
0.000046,0.999954,1
0.000337,0.999663,1
0.999669,0.000331,0
0.000140,0.999860,1
0.000002,0.999998,1
0.000451,0.999549,1
0.999998,0.000002,0
0.999574,0.000426,0
0.000000,1.000000,1
0.000162,0.999838,1
0.998693,0.001307,0
0.999937,0.000063,0
0.000095,0.999905,1
0.999251,0.000749,0
0.998622,0.001378,0
0.998345,0.001655,0
0.999531,0.000469,0
0.999946,0.000054,0
0.999996,0.000004,0
0.000179,0.999821,1
0.999829,0.000171,0
0.999849,0.000151,0
0.000009,0.999991,1
0.000003,0.999997,1
0.000075,0.999925,1
0.999959,0.000041,0
0.000057,0.999943,1
0.000001,0.999999,1
0.000036,0.999964,1
0.000466,0.999534,1
0.999819,0.000181,0
0.000005,0.999995,1
0.000458,0.999542,1
0.000715,0.999285,1
0.999958,0.000042,0
0.000141,0.999859,1
0.999840,0.000160,0
0.000686,0.999314,1
0.999953,0.000047,0
0.000024,0.999976,1
0.998868,0.001132,0
0.998511,0.001489,0
0.999998,0.000002,0
0.000230,0.999770,1
0.999561,0.000439,0
0.999992,0.000008,0
0.999999,0.000001,0
0.000422,0.999578,1
0.000050,0.999950,1
0.000648,0.999352,1
0.000211,0.999789,1
0.000000,1.000000,1
0.997377,0.002623,0
1.000000,0.000000,0
0.000001,0.999999,1
0.999995,0.000005,0
0.000285,0.999715,1
0.000003,0.999997,1
0.000018,0.999982,1
0.000239,0.999761,1
0.000007,0.999993,1
0.000149,0.999851,1
0.999573,0.000427,0
0.999543,0.000457,0
0.000334,0.999666,1
0.999996,0.000004,0
0.999933,0.000067,0
0.999086,0.000914,0
0.000001,0.999999,1
0.999931,0.000069,0
0.000001,0.999999,1
0.999991,0.000009,0
0.999789,0.000211,0
0.999983,0.000017,0
0.997213,0.002787,0
0.999979,0.000021,0
0.000737,0.999263,1
0.000049,0.999951,1
0.998637,0.001363,0
0.999853,0.000147,0
0.999562,0.000438,0
0.999806,0.000194,0
0.000020,0.999980,1
0.999935,0.000065,0
0.999992,0.000008,0
0.000024,0.999976,1
0.999963,0.000037,0
0.000004,0.999996,1
0.000024,0.999976,1
0.999849,0.000151,0
1.000000,0.000000,0
0.000059,0.999941,1
0.000040,0.999960,1
0.000013,0.999987,1
0.000006,0.999994,1
0.000003,0.999997,1
0.999943,0.000057,0
0.999451,0.000549,0
0.999944,0.000056,0
0.999937,0.000063,0
0.999987,0.000013,0
0.997972,0.002028,0
0.999994,0.000006,0
0.000001,0.999999,1
0.998848,0.001152,0
0.999865,0.000135,0
0.001713,0.998287,1
0.000180,0.999820,1
0.000067,0.999933,1
0.000724,0.999276,1
0.999378,0.000622,0
0.000366,0.999634,1
0.999988,0.000012,0
0.999940,0.000060,0
1.000000,0.000000,0
0.180446,0.819554,1
0.000070,0.999930,1
0.000003,0.999997,1
0.999947,0.000053,0
0.999799,0.000201,0
0.000041,0.999959,1
0.000006,0.999994,1
0.999069,0.000931,0
0.999997,0.000003,0
0.999962,0.000038,0
0.000009,0.999991,1
0.001085,0.998915,1
0.000620,0.999380,1
0.000419,0.999581,1
0.999874,0.000126,0
0.000789,0.999211,1
0.001824,0.998176,1
0.999987,0.000013,0
0.000048,0.999952,1
0.000001,0.999999,1
0.999983,0.000017,0
0.999976,0.000024,0
0.000171,0.999829,1
0.998521,0.001479,0
0.000010,0.999990,1
0.999768,0.000232,0
0.999883,0.000117,0
0.999778,0.000222,0
0.000025,0.999975,1
1.000000,0.000000,0
0.002699,0.997301,1
0.000015,0.999985,1
0.000277,0.999723,1
0.000006,0.999994,1
0.000009,0.999991,1
0.000065,0.999935,1
0.000009,0.999991,1
0.999920,0.000080,0
0.998557,0.001443,0
1.000000,0.000000,0
0.000437,0.999563,1
0.000075,0.999925,1
0.999743,0.000257,0
0.999962,0.000038,0
0.997388,0.002612,0
0.000001,0.999999,1
0.999910,0.000090,0
0.000002,0.999998,1
0.000496,0.999504,1
0.999721,0.000279,0
0.000076,0.999924,1
0.999708,0.000292,0
0.000245,0.999755,1
0.000013,0.999987,1
0.000511,0.999489,1
0.999630,0.000370,0
0.000512,0.999488,1
0.998009,0.001991,0
0.999931,0.000069,0
0.000001,0.999999,1
0.000027,0.999973,1
0.000002,0.999998,1
0.999910,0.000090,0
0.999922,0.000078,0
0.999910,0.000090,0
0.999853,0.000147,0
0.000001,0.999999,1
0.999954,0.000046,0
0.002458,0.997542,1
0.999138,0.000862,0
1.000000,0.000000,0
0.000018,0.999982,1
0.000003,0.999997,1
0.000000,1.000000,1
0.000006,0.999994,1
0.000026,0.999974,1
0.001216,0.998784,1
0.000029,0.999971,1
0.999875,0.000125,0
0.000039,0.999961,1
0.000019,0.999981,1
0.998009,0.001991,0
0.000715,0.999285,1
0.999762,0.000238,0
0.000047,0.999953,1
0.000323,0.999677,1
0.000012,0.999988,1
0.000061,0.999939,1
0.000427,0.999573,1
0.999341,0.000659,0
0.000427,0.999573,1
0.000000,1.000000,1
0.000724,0.999276,1
0.000246,0.999754,1
0.999943,0.000057,0
0.999795,0.000205,0
0.000873,0.999127,1
0.999950,0.000050,0
0.999989,0.000011,0
0.999991,0.000009,0
0.000008,0.999992,1
0.999722,0.000278,0
0.000003,0.999997,1
0.000002,0.999998,1
0.000164,0.999836,1
0.999148,0.000852,0
0.999965,0.000035,0
0.000420,0.999580,1
0.000000,1.000000,1
0.000363,0.999637,1
1.000000,0.000000,0
0.000005,0.999995,1
0.002326,0.997674,1
0.999936,0.000064,0
0.998825,0.001175,0
0.999770,0.000230,0
0.000000,1.000000,1
0.999833,0.000167,0
0.000010,0.999990,1
0.000010,0.999990,1
0.999730,0.000270,0
0.000114,0.999886,1
0.000029,0.999971,1
0.000077,0.999923,1
0.999889,0.000111,0
0.999483,0.000517,0
0.000379,0.999621,1
0.000039,0.999961,1
0.000041,0.999959,1
0.999977,0.000023,0
0.000722,0.999278,1
0.000278,0.999722,1
0.000037,0.999963,1
0.999975,0.000025,0
0.999993,0.000007,0
0.999986,0.000014,0
0.000531,0.999469,1
0.000009,0.999991,1
0.000354,0.999646,1
0.999326,0.000674,0
0.999995,0.000005,0
0.000096,0.999904,1
0.000004,0.999996,1
0.000293,0.999707,1
0.000139,0.999861,1
0.000001,0.999999,1
0.000002,0.999998,1
0.000001,0.999999,1
0.000009,0.999991,1
0.999945,0.000055,0
0.000326,0.999674,1
0.999569,0.000431,0
1.000000,0.000000,0
0.999704,0.000296,0
0.999978,0.000022,0
0.999890,0.000110,0
0.999790,0.000210,0
0.999983,0.000017,0
0.000448,0.999552,1
0.000015,0.999985,1
0.999835,0.000165,0
0.000015,0.999985,1
0.000123,0.999877,1
0.999979,0.000021,0
0.999843,0.000157,0
0.999866,0.000134,0
0.999546,0.000454,0
0.000161,0.999839,1
0.000013,0.999987,1
0.999998,0.000002,0
0.998521,0.001479,0
0.000061,0.999939,1
0.999987,0.000013,0
0.000228,0.999772,1
0.001056,0.998944,1
0.000159,0.999841,1
0.998058,0.001942,0
0.000002,0.999998,1
0.000003,0.999997,1
0.000010,0.999990,1
0.001260,0.998740,1
0.000165,0.999835,1
0.000013,0.999987,1
0.999940,0.000060,0
0.000435,0.999565,1
0.000241,0.999759,1
0.997933,0.002067,0
0.000110,0.999890,1
0.000244,0.999756,1
0.000561,0.999439,1
0.000090,0.999910,1
0.999879,0.000121,0
0.000228,0.999772,1
0.999670,0.000330,0
0.000115,0.999885,1
0.000002,0.999998,1
0.000317,0.999683,1
0.000000,1.000000,1
0.999995,0.000005,0
0.000538,0.999462,1
0.000004,0.999996,1
0.000202,0.999798,1
0.000079,0.999921,1
0.000009,0.999991,1
0.000009,0.999991,1
0.000081,0.999919,1
0.999962,0.000038,0
0.000530,0.999470,1
0.999990,0.000010,0
0.999954,0.000046,0
0.999420,0.000580,0
0.001431,0.998569,1
0.000000,1.000000,1
0.000088,0.999912,1
0.000003,0.999997,1
0.999947,0.000053,0
0.999633,0.000367,0
0.999937,0.000063,0
0.999995,0.000005,0
0.000280,0.999720,1
0.999166,0.000834,0
0.000361,0.999639,1
0.999950,0.000050,0
0.999994,0.000006,0
0.999523,0.000477,0
0.999752,0.000248,0
0.999943,0.000057,0
0.000002,0.999998,1
0.000012,0.999988,1
0.000259,0.999741,1
0.000090,0.999910,1
1.000000,0.000000,0
0.999918,0.000082,0
0.000012,0.999988,1
0.999962,0.000038,0
0.000090,0.999910,1
0.000234,0.999766,1
0.999993,0.000007,0
0.000721,0.999279,1
0.000038,0.999962,1
0.000082,0.999918,1
0.000186,0.999814,1
0.000222,0.999778,1
0.000002,0.999998,1
0.999996,0.000004,0
0.000002,0.999998,1
0.000022,0.999978,1
0.000032,0.999968,1
0.000231,0.999769,1
0.000014,0.999986,1
0.000019,0.999981,1
0.000012,0.999988,1
0.999936,0.000064,0
0.999830,0.000170,0
0.000082,0.999918,1
0.999657,0.000343,0
0.999978,0.000022,0
0.999935,0.000065,0
0.999941,0.000059,0
0.999980,0.000020,0
0.998721,0.001279,0
0.000036,0.999964,1
0.000000,1.000000,1
0.998726,0.001274,0
0.000003,0.999997,1
0.000002,0.999998,1
0.999945,0.000055,0
0.999979,0.000021,0
0.999862,0.000138,0
0.999955,0.000045,0
0.000159,0.999841,1
0.999803,0.000197,0
0.000051,0.999949,1
1.000000,0.000000,0
0.999996,0.000004,0
0.000001,0.999999,1
0.999929,0.000071,0
0.000006,0.999994,1
0.999800,0.000200,0
0.000053,0.999947,1
0.999920,0.000080,0
0.000265,0.999735,1
0.000197,0.999803,1
0.999591,0.000409,0
0.999692,0.000308,0
0.002138,0.997862,1
0.999373,0.000627,0
0.000322,0.999678,1
0.000233,0.999767,1
0.000024,0.999976,1
0.000028,0.999972,1
0.000006,0.999994,1
0.999942,0.000058,0
0.999999,0.000001,0
0.999964,0.000036,0
0.999987,0.000013,0
0.000734,0.999266,1
0.000005,0.999995,1
0.999329,0.000671,0
0.000000,1.000000,1
0.000041,0.999959,1
0.999978,0.000022,0
0.000120,0.999880,1
0.000006,0.999994,1
0.000095,0.999905,1
0.999383,0.000617,0
0.999961,0.000039,0
0.999918,0.000082,0
0.000013,0.999987,1
0.999792,0.000208,0
0.000003,0.999997,1
0.000007,0.999993,1
0.000012,0.999988,1
0.000065,0.999935,1
0.999997,0.000003,0
0.999993,0.000007,0
0.998009,0.001991,0
1.000000,0.000000,0
0.999728,0.000272,0
0.999873,0.000127,0
0.999983,0.000017,0
0.000006,0.999994,1
0.999552,0.000448,0
0.000015,0.999985,1
0.999948,0.000052,0
0.999994,0.000006,0
0.000021,0.999979,1
0.000013,0.999987,1
0.011597,0.988403,1
0.000224,0.999776,1
0.999937,0.000063,0
0.999956,0.000044,0
0.000327,0.999673,1
0.000436,0.999564,1
0.999993,0.000007,0
0.000123,0.999877,1
0.000044,0.999956,1
0.999114,0.000886,0
0.999971,0.000029,0
0.999704,0.000296,0
0.999308,0.000692,0
0.000159,0.999841,1
0.999964,0.000036,0
0.999835,0.000165,0
0.999998,0.000002,0
0.998928,0.001072,0
0.997229,0.002771,0
0.000025,0.999975,1
0.999997,0.000003,0
0.000134,0.999866,1
0.000010,0.999990,1
0.000487,0.999513,1
1.000000,0.000000,0
0.999987,0.000013,0
0.000145,0.999855,1
0.999937,0.000063,0
0.000077,0.999923,1
0.999447,0.000553,0
0.000422,0.999578,1
0.000030,0.999970,1
0.000009,0.999991,1
0.000002,0.999998,1
0.999518,0.000482,0
0.000073,0.999927,1
0.996753,0.003247,0
0.000011,0.999989,1
0.999407,0.000593,0
0.000001,0.999999,1
0.000023,0.999977,1
0.000885,0.999115,1
0.000001,0.999999,1
0.999836,0.000164,0
0.000147,0.999853,1
1.000000,0.000000,0
0.998948,0.001052,0
0.999641,0.000359,0
1.000000,0.000000,0
0.000057,0.999943,1
0.000483,0.999517,1
0.000010,0.999990,1
0.999475,0.000525,0
0.999994,0.000006,0
0.000011,0.999989,1
0.999134,0.000866,0
0.000107,0.999893,1
0.000104,0.999896,1
0.000159,0.999841,1
0.999999,0.000001,0
0.997174,0.002826,0
0.000007,0.999993,1
0.000094,0.999906,1
0.999752,0.000248,0
0.000206,0.999794,1
0.000251,0.999749,1
0.000082,0.999918,1
0.999431,0.000569,0
0.000004,0.999996,1
0.000006,0.999994,1
0.999984,0.000016,0
0.999435,0.000565,0
0.001108,0.998892,1
1.000000,0.000000,0
0.999920,0.000080,0
0.999635,0.000365,0
0.998482,0.001518,0
0.000013,0.999987,1
0.999999,0.000001,0
0.000215,0.999785,1
0.000173,0.999827,1
0.999966,0.000034,0
0.998552,0.001448,0
0.998902,0.001098,0
0.000046,0.999954,1
0.000016,0.999984,1
0.000007,0.999993,1
0.999902,0.000098,0
0.002924,0.997076,1
0.993686,0.006314,0
0.000002,0.999998,1
0.000001,0.999999,1
0.000009,0.999991,1
0.000004,0.999996,1
0.000163,0.999837,1
0.000016,0.999984,1
0.999790,0.000210,0
0.999873,0.000127,0
0.999894,0.000106,0
0.000010,0.999990,1
0.001370,0.998630,1
0.000313,0.999687,1
0.000002,0.999998,1
1.000000,0.000000,0
0.998567,0.001433,0
0.000005,0.999995,1
0.000045,0.999955,1
0.000083,0.999917,1
0.000041,0.999959,1
0.998844,0.001156,0
0.000006,0.999994,1
0.000359,0.999641,1
0.999989,0.000011,0
1.000000,0.000000,0
0.000942,0.999058,1
0.000000,1.000000,1
0.000001,0.999999,1
0.998851,0.001149,0
0.000028,0.999972,1
0.999924,0.000076,0
0.999963,0.000037,0
0.999833,0.000167,0
0.000153,0.999847,1
0.000871,0.999129,1
0.000016,0.999984,1
1.000000,0.000000,0
0.000051,0.999949,1
0.999088,0.000912,0
0.000054,0.999946,1
0.999952,0.000048,0
0.000030,0.999970,1
0.000033,0.999967,1
0.000000,1.000000,1
0.999406,0.000594,0
0.000596,0.999404,1
0.999984,0.000016,0
0.999949,0.000051,0
0.000238,0.999762,1
0.000001,0.999999,1
0.999996,0.000004,0
0.000408,0.999592,1
0.999953,0.000047,0
0.000006,0.999994,1
0.000761,0.999239,1
0.999899,0.000101,0
0.999984,0.000016,0
0.998569,0.001431,0
0.000320,0.999680,1
0.999554,0.000446,0
0.000009,0.999991,1
0.999764,0.000236,0
0.000177,0.999823,1
0.999528,0.000472,0
0.001444,0.998556,1
0.000050,0.999950,1
0.999998,0.000002,0
0.999949,0.000051,0
0.000228,0.999772,1
0.998950,0.001050,0
0.000023,0.999977,1
0.000011,0.999989,1
0.999780,0.000220,0
0.999973,0.000027,0
0.000634,0.999366,1
0.000008,0.999992,1
0.000110,0.999890,1
0.000017,0.999983,1
0.999947,0.000053,0
0.000117,0.999883,1
0.999858,0.000142,0
0.999959,0.000041,0
0.999947,0.000053,0
0.999772,0.000228,0
0.000006,0.999994,1
0.999975,0.000025,0
0.999967,0.000033,0
0.999878,0.000122,0
0.999807,0.000193,0
0.000021,0.999979,1
0.000078,0.999922,1
0.999972,0.000028,0
0.999906,0.000094,0
0.001328,0.998672,1
0.000016,0.999984,1
0.004674,0.995326,1
0.000606,0.999394,1
0.000472,0.999528,1
0.000077,0.999923,1
0.000907,0.999093,1
0.000101,0.999899,1
0.000059,0.999941,1
0.000134,0.999866,1
0.999996,0.000004,0
0.000075,0.999925,1
0.000069,0.999931,1
0.000676,0.999324,1
0.002609,0.997391,1
0.997657,0.002343,0
0.000190,0.999810,1
0.999455,0.000545,0
0.001250,0.998750,1
0.999953,0.000047,0
0.000086,0.999914,1
0.000051,0.999949,1
0.000015,0.999985,1
0.999964,0.000036,0
0.999971,0.000029,0
0.999992,0.000008,0
0.999234,0.000766,0
0.000002,0.999998,1
0.999749,0.000251,0
0.000016,0.999984,1
1.000000,0.000000,0
0.999623,0.000377,0
0.999999,0.000001,0
0.000029,0.999971,1
0.999957,0.000043,0
0.000016,0.999984,1
0.999998,0.000002,0
0.999937,0.000063,0
0.999994,0.000006,0
0.000016,0.999984,1
0.000013,0.999987,1
0.001120,0.998880,1
0.999433,0.000567,0
0.000000,1.000000,1
0.999953,0.000047,0
0.000012,0.999988,1
0.000047,0.999953,1
0.999209,0.000791,0
0.999521,0.000479,0
0.000117,0.999883,1
0.000373,0.999627,1
0.999998,0.000002,0
0.000216,0.999784,1
0.000012,0.999988,1
0.000012,0.999988,1
0.000002,0.999998,1
0.999966,0.000034,0
0.000027,0.999973,1
0.000133,0.999867,1
0.000039,0.999961,1
0.998888,0.001112,0
0.000026,0.999974,1
0.000018,0.999982,1
0.999979,0.000021,0
0.000004,0.999996,1
0.000010,0.999990,1
0.999968,0.000032,0
0.000104,0.999896,1
0.999555,0.000445,0
0.000017,0.999983,1
0.999867,0.000133,0
0.000615,0.999385,1
0.000262,0.999738,1
0.999951,0.000049,0
0.000002,0.999998,1
0.999909,0.000091,0
0.000009,0.999991,1
0.999852,0.000148,0
0.000174,0.999826,1
0.000051,0.999949,1
0.000335,0.999665,1
0.999680,0.000320,0
0.999967,0.000033,0
0.999077,0.000923,0
0.999923,0.000077,0
0.999996,0.000004,0
0.000038,0.999962,1
0.999888,0.000112,0
0.999945,0.000055,0
0.999678,0.000322,0
0.999847,0.000153,0
0.000255,0.999745,1
0.000095,0.999905,1
0.000001,0.999999,1
0.999975,0.000025,0
0.000362,0.999638,1
0.000002,0.999998,1
0.999992,0.000008,0
0.000162,0.999838,1
0.000009,0.999991,1
0.000090,0.999910,1
0.998817,0.001183,0
0.000183,0.999817,1
0.000061,0.999939,1
0.000020,0.999980,1
0.999951,0.000049,0
0.000073,0.999927,1
0.001156,0.998844,1
0.000013,0.999987,1
0.999084,0.000916,0
0.999903,0.000097,0
0.000082,0.999918,1
0.000001,0.999999,1
0.999769,0.000231,0
0.000007,0.999993,1
0.000074,0.999926,1
0.000001,0.999999,1
0.001218,0.998782,1
0.000009,0.999991,1
0.000006,0.999994,1
0.000122,0.999878,1
1.000000,0.000000,0
0.004220,0.995780,1
0.999967,0.000033,0
0.000104,0.999896,1
0.002551,0.997449,1
0.000008,0.999992,1
0.000143,0.999857,1
0.000765,0.999235,1
0.000051,0.999949,1
0.000000,1.000000,1
0.000057,0.999943,1
0.000001,0.999999,1
0.000244,0.999756,1
0.999930,0.000070,0
0.999918,0.000082,0
0.999961,0.000039,0
0.000728,0.999272,1
0.000299,0.999701,1
0.000002,0.999998,1
0.000889,0.999111,1
0.999995,0.000005,0
0.997908,0.002092,0
0.000018,0.999982,1
0.999996,0.000004,0
0.998642,0.001358,0
0.000003,0.999997,1
0.999948,0.000052,0
0.000077,0.999923,1
0.999983,0.000017,0
0.000001,0.999999,1
0.999959,0.000041,0
0.000311,0.999689,1
0.000435,0.999565,1
0.000003,0.999997,1
0.999712,0.000288,0
0.000052,0.999948,1
0.000009,0.999991,1
0.000118,0.999882,1
0.000134,0.999866,1
0.000009,0.999991,1
0.000003,0.999997,1
0.000189,0.999811,1
0.001838,0.998162,1
0.999838,0.000162,0
0.999621,0.000379,0
0.999306,0.000694,0
0.999953,0.000047,0
0.999938,0.000062,0
0.999651,0.000349,0
0.000010,0.999990,1
0.000001,0.999999,1
0.000212,0.999788,1
0.001260,0.998740,1
0.000000,1.000000,1
0.999899,0.000101,0
0.999752,0.000248,0
0.000002,0.999998,1
0.000945,0.999055,1
0.000000,1.000000,1
0.998212,0.001788,0
0.000272,0.999728,1
0.000385,0.999615,1
0.000018,0.999982,1
0.000010,0.999990,1
0.000117,0.999883,1
0.000761,0.999239,1
0.000432,0.999568,1
0.999991,0.000009,0
0.000825,0.999175,1
0.999983,0.000017,0
0.000840,0.999160,1
0.000042,0.999958,1
0.999397,0.000603,0
0.000014,0.999986,1
0.999756,0.000244,0
0.999985,0.000015,0
0.000014,0.999986,1
0.999963,0.000037,0
0.000421,0.999579,1
0.999613,0.000387,0
0.000491,0.999509,1
0.000159,0.999841,1
0.999988,0.000012,0
0.999767,0.000233,0
0.000202,0.999798,1
0.999944,0.000056,0
0.999997,0.000003,0
0.999788,0.000212,0
0.999938,0.000062,0
0.999881,0.000119,0
0.000159,0.999841,1
0.000014,0.999986,1
0.002962,0.997038,1
0.999280,0.000720,0
0.999991,0.000009,0
0.000186,0.999814,1
0.000005,0.999995,1
0.999965,0.000035,0
0.000038,0.999962,1
0.999970,0.000030,0
0.000262,0.999738,1
0.999979,0.000021,0
0.999958,0.000042,0
0.999995,0.000005,0
0.000034,0.999966,1
0.000415,0.999585,1
0.999952,0.000048,0
0.000053,0.999947,1
0.000010,0.999990,1
0.000158,0.999842,1
0.000016,0.999984,1
0.000002,0.999998,1
0.000326,0.999674,1
0.000006,0.999994,1
0.000235,0.999765,1
0.000223,0.999777,1
0.999957,0.000043,0
0.999708,0.000292,0
0.000466,0.999534,1
0.000086,0.999914,1
0.999350,0.000650,0
0.999846,0.000154,0
0.000109,0.999891,1
0.000304,0.999696,1
0.999993,0.000007,0
0.000352,0.999648,1
0.000307,0.999693,1
0.999968,0.000032,0
0.999828,0.000172,0
0.000612,0.999388,1
0.000135,0.999865,1
0.000305,0.999695,1
0.000161,0.999839,1
0.000633,0.999367,1
0.000110,0.999890,1
0.999427,0.000573,0
0.000028,0.999972,1
0.999916,0.000084,0
0.999988,0.000012,0
0.000572,0.999428,1
0.000063,0.999937,1
0.000012,0.999988,1
0.000323,0.999677,1
0.998374,0.001626,0
0.001231,0.998769,1
0.999912,0.000088,0
0.000137,0.999863,1
0.999992,0.000008,0
0.000010,0.999990,1
0.000005,0.999995,1
0.999872,0.000128,0
0.000069,0.999931,1
0.001529,0.998471,1
0.000005,0.999995,1
0.000058,0.999942,1
0.000047,0.999953,1
1.000000,0.000000,0
0.000016,0.999984,1
0.999714,0.000286,0
0.998567,0.001433,0
0.999719,0.000281,0
0.000326,0.999674,1
0.999927,0.000073,0
0.999841,0.000159,0
0.999883,0.000117,0
0.000225,0.999775,1
0.999787,0.000213,0
0.000191,0.999809,1
0.999994,0.000006,0
0.000001,0.999999,1
0.999999,0.000001,0
0.999114,0.000886,0
0.999491,0.000509,0
0.999139,0.000861,0
0.000014,0.999986,1
0.000159,0.999841,1
0.000001,0.999999,1
0.000310,0.999690,1
0.000033,0.999967,1
0.000034,0.999966,1
0.000001,0.999999,1
0.000358,0.999642,1
0.000255,0.999745,1
0.999020,0.000980,0
0.999993,0.000007,0
0.999931,0.000069,0
0.000000,1.000000,1
0.000016,0.999984,1
0.000191,0.999809,1
0.999953,0.000047,0
0.000013,0.999987,1
0.000310,0.999690,1
0.000001,0.999999,1
0.000241,0.999759,1
0.999711,0.000289,0
0.999722,0.000278,0
0.999906,0.000094,0
0.000072,0.999928,1
0.000222,0.999778,1
0.000359,0.999641,1
0.000350,0.999650,1
0.000015,0.999985,1
0.000523,0.999477,1
0.000363,0.999637,1
0.999859,0.000141,0
0.000000,1.000000,1
0.000030,0.999970,1
0.994470,0.005530,0
0.999905,0.000095,0
0.999881,0.000119,0
0.000237,0.999763,1
0.999980,0.000020,0
0.999982,0.000018,0
0.000008,0.999992,1
0.000145,0.999855,1
0.999990,0.000010,0
0.000538,0.999462,1
0.000011,0.999989,1
0.000104,0.999896,1
0.000001,0.999999,1
0.999308,0.000692,0
0.000004,0.999996,1
0.000340,0.999660,1
0.999984,0.000016,0
0.000021,0.999979,1
0.000741,0.999259,1
0.999997,0.000003,0
0.000040,0.999960,1
0.000070,0.999930,1
0.999715,0.000285,0
0.999949,0.000051,0
0.000030,0.999970,1
1.000000,0.000000,0
0.000040,0.999960,1
0.999910,0.000090,0
0.000087,0.999913,1
0.999813,0.000187,0
0.000147,0.999853,1
0.000037,0.999963,1
0.001453,0.998547,1
0.999990,0.000010,0
0.000062,0.999938,1
0.999967,0.000033,0
0.999847,0.000153,0
0.999771,0.000229,0
0.999740,0.000260,0
0.000019,0.999981,1
0.000036,0.999964,1
0.999622,0.000378,0
0.000054,0.999946,1
0.000075,0.999925,1
0.992801,0.007199,0
0.000030,0.999970,1
0.999920,0.000080,0
0.000011,0.999989,1
0.999718,0.000282,0
0.999903,0.000097,0
0.999988,0.000012,0
0.000001,0.999999,1
0.999749,0.000251,0
0.000002,0.999998,1
0.000069,0.999931,1
0.000031,0.999969,1
0.999921,0.000079,0
0.000009,0.999991,1
0.999970,0.000030,0
0.999844,0.000156,0
0.999771,0.000229,0
0.000486,0.999514,1
0.999200,0.000800,0
0.000336,0.999664,1
0.000001,0.999999,1
0.999861,0.000139,0
0.000154,0.999846,1
1.000000,0.000000,0
0.999999,0.000001,0
0.999888,0.000112,0
0.000031,0.999969,1
0.000024,0.999976,1
0.999989,0.000011,0
0.000278,0.999722,1
0.999977,0.000023,0
0.999625,0.000375,0
0.000048,0.999952,1
0.000139,0.999861,1
0.999656,0.000344,0
0.999999,0.000001,0
0.000647,0.999353,1
0.000021,0.999979,1
0.998888,0.001112,0
0.000005,0.999995,1
0.998404,0.001596,0
0.000240,0.999760,1
0.999138,0.000862,0
0.000000,1.000000,1
0.999160,0.000840,0
0.999913,0.000087,0
0.001637,0.998363,1
0.998225,0.001775,0
1.000000,0.000000,0
0.999976,0.000024,0
0.999999,0.000001,0
0.000001,0.999999,1
0.999940,0.000060,0
0.999676,0.000324,0
0.000724,0.999276,1
0.999999,0.000001,0
0.000024,0.999976,1
1.000000,0.000000,0
0.000009,0.999991,1
0.000531,0.999469,1
0.000027,0.999973,1
0.000045,0.999955,1
0.002508,0.997492,1
0.000073,0.999927,1
0.000012,0.999988,1
0.000010,0.999990,1
0.000076,0.999924,1
0.000025,0.999975,1
0.999954,0.000046,0
0.000465,0.999535,1
0.999522,0.000478,0
0.999666,0.000334,0
0.999753,0.000247,0
0.000001,0.999999,1
0.000116,0.999884,1
0.999834,0.000166,0
0.000086,0.999914,1
0.999530,0.000470,0
0.999877,0.000123,0
0.999993,0.000007,0
0.999970,0.000030,0
0.000039,0.999961,1
0.999977,0.000023,0
0.999976,0.000024,0
0.000239,0.999761,1
0.000090,0.999910,1
0.000013,0.999987,1
0.000012,0.999988,1
0.001288,0.998712,1
0.999704,0.000296,0
0.000501,0.999499,1
0.999420,0.000580,0
0.000002,0.999998,1
0.000828,0.999172,1
0.999894,0.000106,0
0.000036,0.999964,1
0.999148,0.000852,0
0.997436,0.002564,0
0.000041,0.999959,1
0.999991,0.000009,0
0.999992,0.000008,0
0.000018,0.999982,1
0.000020,0.999980,1
0.000010,0.999990,1
0.000125,0.999875,1
0.999953,0.000047,0
0.000206,0.999794,1
0.707730,0.292270,0
0.000384,0.999616,1
0.000001,0.999999,1
0.999927,0.000073,0
0.000085,0.999915,1
0.000019,0.999981,1
0.000120,0.999880,1
0.999999,0.000001,0
0.997466,0.002534,0
0.000012,0.999988,1
0.999953,0.000047,0
0.000043,0.999957,1
0.000064,0.999936,1
1.000000,0.000000,0
0.999952,0.000048,0
0.999419,0.000581,0
0.999782,0.000218,0
0.999850,0.000150,0
0.999962,0.000038,0
0.000390,0.999610,1
0.999564,0.000436,0
0.000000,1.000000,1
0.999998,0.000002,0
0.000015,0.999985,1
0.999994,0.000006,0
0.000118,0.999882,1
0.000085,0.999915,1
0.000103,0.999897,1
0.000053,0.999947,1
0.000159,0.999841,1
0.000481,0.999519,1
0.000031,0.999969,1
0.000000,1.000000,1
0.999877,0.000123,0
0.000009,0.999991,1
0.000004,0.999996,1
0.000009,0.999991,1
0.000082,0.999918,1
0.000009,0.999991,1
0.000497,0.999503,1
0.000858,0.999142,1
0.999591,0.000409,0
0.000006,0.999994,1
0.000049,0.999951,1
0.000007,0.999993,1
0.999936,0.000064,0
0.000588,0.999412,1
0.999954,0.000046,0
0.999708,0.000292,0
0.000006,0.999994,1
0.999363,0.000637,0
0.999991,0.000009,0
0.000366,0.999634,1
0.000342,0.999658,1
0.999999,0.000001,0
0.999608,0.000392,0
0.999891,0.000109,0
0.000159,0.999841,1
0.999842,0.000158,0
0.999088,0.000912,0
0.999638,0.000362,0
0.999864,0.000136,0
0.999866,0.000134,0
0.000264,0.999736,1
0.000111,0.999889,1
0.000021,0.999979,1
0.000821,0.999179,1
0.000003,0.999997,1
0.000017,0.999983,1
0.999968,0.000032,0
0.999871,0.000129,0
0.000690,0.999310,1
0.999842,0.000158,0
0.000421,0.999579,1
0.000397,0.999603,1
0.000081,0.999919,1
0.999638,0.000362,0
0.999850,0.000150,0
0.000096,0.999904,1
0.000045,0.999955,1
0.000194,0.999806,1
0.999908,0.000092,0
0.999984,0.000016,0
0.000000,1.000000,1
0.999964,0.000036,0
0.000034,0.999966,1
0.000001,0.999999,1
0.999980,0.000020,0
0.000057,0.999943,1
0.000838,0.999162,1
0.001212,0.998788,1
0.000036,0.999964,1
0.000005,0.999995,1
0.000002,0.999998,1
0.000428,0.999572,1
0.999986,0.000014,0
0.000000,1.000000,1
0.999969,0.000031,0
0.999592,0.000408,0
1.000000,0.000000,0
0.000007,0.999993,1
0.001018,0.998982,1
0.999959,0.000041,0
1.000000,0.000000,0
0.000011,0.999989,1
0.999499,0.000501,0
0.000013,0.999987,1
0.000255,0.999745,1
0.000067,0.999933,1
0.000000,1.000000,1
0.000715,0.999285,1
0.000003,0.999997,1
0.000070,0.999930,1
0.000007,0.999993,1
0.000113,0.999887,1
0.999774,0.000226,0
0.000226,0.999774,1
0.999195,0.000805,0
0.000026,0.999974,1
0.000147,0.999853,1
0.999859,0.000141,0
0.999805,0.000195,0
0.000028,0.999972,1
0.000297,0.999703,1
0.999997,0.000003,0
0.001550,0.998450,1
0.000215,0.999785,1
0.000030,0.999970,1
0.000003,0.999997,1
0.000013,0.999987,1
0.999939,0.000061,0
0.999935,0.000065,0
0.000186,0.999814,1
0.000081,0.999919,1
0.999790,0.000210,0
0.000023,0.999977,1
0.000000,1.000000,1
0.999998,0.000002,0
0.999946,0.000054,0
0.000385,0.999615,1
0.999939,0.000061,0
0.000076,0.999924,1
0.000219,0.999781,1
0.000076,0.999924,1
0.999977,0.000023,0
0.000042,0.999958,1
0.999987,0.000013,0
0.000263,0.999737,1
0.000191,0.999809,1
1.000000,0.000000,0
0.999978,0.000022,0
0.000000,1.000000,1
0.000525,0.999475,1
0.999997,0.000003,0
0.000006,0.999994,1
0.999999,0.000001,0
0.000000,1.000000,1
0.000287,0.999713,1
0.000061,0.999939,1
0.000036,0.999964,1
0.999905,0.000095,0
0.999955,0.000045,0
0.001538,0.998462,1
0.999942,0.000058,0
0.000035,0.999965,1
0.999956,0.000044,0
0.999830,0.000170,0
0.999950,0.000050,0
0.999606,0.000394,0
0.000050,0.999950,1
0.999892,0.000108,0
0.001912,0.998088,1
0.000838,0.999162,1
0.999980,0.000020,0
0.999931,0.000069,0
0.999942,0.000058,0
0.999758,0.000242,0
0.999998,0.000002,0
0.999948,0.000052,0
0.000025,0.999975,1
0.999935,0.000065,0
0.999899,0.000101,0
0.000302,0.999698,1
0.000077,0.999923,1
0.999911,0.000089,0
0.000082,0.999918,1
0.000012,0.999988,1
0.999690,0.000310,0
0.999769,0.000231,0
0.999788,0.000212,0
0.000017,0.999983,1
0.000071,0.999929,1
0.001593,0.998407,1
0.999997,0.000003,0
0.000378,0.999622,1
0.999510,0.000490,0
0.998776,0.001224,0
0.000078,0.999922,1
0.999972,0.000028,0
0.000007,0.999993,1
0.000345,0.999655,1
0.000428,0.999572,1
0.999947,0.000053,0
0.000015,0.999985,1
0.999999,0.000001,0
0.000453,0.999547,1
0.000002,0.999998,1
0.001547,0.998453,1
0.000040,0.999960,1
0.000648,0.999352,1
0.998567,0.001433,0
0.999921,0.000079,0
0.000292,0.999708,1
0.000020,0.999980,1
0.998418,0.001582,0
0.000414,0.999586,1
0.000001,0.999999,1
0.000099,0.999901,1
0.000018,0.999982,1
0.000292,0.999708,1
0.000466,0.999534,1
0.000001,0.999999,1
0.000195,0.999805,1
0.000103,0.999897,1
0.000017,0.999983,1
0.000189,0.999811,1
0.000350,0.999650,1
0.000083,0.999917,1
0.000520,0.999480,1
0.000001,0.999999,1
0.000001,0.999999,1
0.000020,0.999980,1
0.000010,0.999990,1
0.000472,0.999528,1
0.999554,0.000446,0
0.000004,0.999996,1
0.999976,0.000024,0
0.999390,0.000610,0
0.000154,0.999846,1
0.000063,0.999937,1
0.000096,0.999904,1
0.999880,0.000120,0
0.999961,0.000039,0
0.999704,0.000296,0
0.999975,0.000025,0
0.999930,0.000070,0
0.000129,0.999871,1
0.999857,0.000143,0
0.000297,0.999703,1
0.000557,0.999443,1
0.000001,0.999999,1
0.000019,0.999981,1
0.999558,0.000442,0
0.001117,0.998883,1
0.000002,0.999998,1
0.999857,0.000143,0
0.000186,0.999814,1
0.000010,0.999990,1
0.000019,0.999981,1
0.000128,0.999872,1
0.999849,0.000151,0
0.999915,0.000085,0
0.000051,0.999949,1
0.000187,0.999813,1
0.999879,0.000121,0
0.000865,0.999135,1
0.999841,0.000159,0
0.000021,0.999979,1
0.999983,0.000017,0
0.000021,0.999979,1
0.000141,0.999859,1
0.000000,1.000000,1
0.999996,0.000004,0
0.001440,0.998560,1
0.999992,0.000008,0
0.999962,0.000038,0
0.000040,0.999960,1
0.000000,1.000000,1
0.000042,0.999958,1
0.999952,0.000048,0
0.999851,0.000149,0
0.000294,0.999706,1
0.999607,0.000393,0
0.000024,0.999976,1
0.001257,0.998743,1
0.000183,0.999817,1
0.000011,0.999989,1
0.999997,0.000003,0
0.000021,0.999979,1
0.999998,0.000002,0
0.000223,0.999777,1
0.999976,0.000024,0
0.000211,0.999789,1
0.000089,0.999911,1
0.999878,0.000122,0
0.000004,0.999996,1
0.999553,0.000447,0
0.999999,0.000001,0
0.000103,0.999897,1
0.000884,0.999116,1
