score0,score1,class
0.008623,0.991377,1
0.116913,0.883087,1
0.023538,0.976462,1
0.831883,0.168117,0
0.002760,0.997240,1
0.148758,0.851242,1
0.006455,0.993545,1
0.003040,0.996960,1
0.003024,0.996976,1
0.002676,0.997324,1
0.028954,0.971046,1
0.013440,0.986560,1
0.007385,0.992615,1
0.000688,0.999312,1
0.011618,0.988382,1
0.001803,0.998197,1
0.017834,0.982166,1
0.064781,0.935219,1
0.805868,0.194132,0
0.021748,0.978252,1
0.370063,0.629937,1
0.128271,0.871729,1
0.122345,0.877655,1
0.233335,0.766665,1
0.120115,0.879885,1
0.002790,0.997210,1
0.000710,0.999290,1
0.022054,0.977946,1
0.000898,0.999102,1
0.000852,0.999148,1
0.005598,0.994402,1
0.198685,0.801315,1
0.904197,0.095803,0
0.012673,0.987327,1
0.000133,0.999867,1
0.001087,0.998913,1
0.002931,0.997069,1
0.533749,0.466251,0
0.023405,0.976595,1
0.004119,0.995881,1
0.017150,0.982850,1
0.124047,0.875953,1
0.011413,0.988587,1
0.007947,0.992053,1
0.000714,0.999286,1
0.001261,0.998739,1
0.008092,0.991908,1
0.002552,0.997448,1
0.004601,0.995399,1
0.101498,0.898502,1
0.137769,0.862231,1
0.008755,0.991245,1
0.042858,0.957142,1
0.007981,0.992019,1
0.000287,0.999713,1
0.990121,0.009879,0
0.009927,0.990073,1
0.002260,0.997740,1
0.000310,0.999690,1
0.032413,0.967587,1
0.071717,0.928283,1
0.000659,0.999341,1
0.000944,0.999056,1
0.002461,0.997539,1
0.233771,0.766229,1
0.002553,0.997447,1
0.031143,0.968857,1
0.008610,0.991390,1
0.001559,0.998441,1
0.008056,0.991944,1
0.006749,0.993251,1
0.049336,0.950664,1
0.002744,0.997256,1
0.011248,0.988752,1
0.045230,0.954770,1
0.679992,0.320008,0
0.003023,0.996977,1
0.028488,0.971512,1
0.016999,0.983001,1
0.478133,0.521867,1
0.005779,0.994221,1
0.000039,0.999961,1
0.060403,0.939597,1
0.784389,0.215611,0
0.068234,0.931766,1
0.006558,0.993442,1
0.873309,0.126691,0
0.198249,0.801751,1
0.000787,0.999213,1
0.031713,0.968287,1
0.005366,0.994634,1
0.004805,0.995195,1
0.041969,0.958031,1
0.000447,0.999553,1
0.222133,0.777867,1
0.010046,0.989954,1
0.005309,0.994691,1
0.061892,0.938108,1
0.081576,0.918424,1
0.119855,0.880145,1
0.464164,0.535836,1
0.001825,0.998175,1
0.057081,0.942919,1
0.000689,0.999311,1
0.002480,0.997520,1
0.973501,0.026499,0
0.003955,0.996045,1
0.008214,0.991786,1
0.011528,0.988472,1
0.020371,0.979629,1
0.003814,0.996186,1
0.654886,0.345114,0
0.002860,0.997140,1
0.882905,0.117095,0
0.025035,0.974965,1
0.009968,0.990032,1
0.018556,0.981444,1
0.023667,0.976333,1
0.003649,0.996351,1
0.000006,0.999994,1
0.956283,0.043717,0
0.781077,0.218923,0
0.004332,0.995668,1
0.000352,0.999648,1
0.929587,0.070413,0
0.161207,0.838793,1
0.000361,0.999639,1
0.010939,0.989061,1
0.115215,0.884785,1
0.102847,0.897153,1
0.300099,0.699901,1
0.000061,0.999939,1
0.000749,0.999251,1
0.000029,0.999971,1
0.394054,0.605946,1
0.050382,0.949618,1
0.001910,0.998090,1
0.081187,0.918813,1
0.005600,0.994400,1
0.030430,0.969570,1
0.002457,0.997543,1
0.152725,0.847275,1
0.445877,0.554123,1
0.148397,0.851603,1
0.044212,0.955788,1
0.054142,0.945858,1
0.000051,0.999949,1
0.000006,0.999994,1
0.586618,0.413382,0
0.022333,0.977667,1
0.018121,0.981879,1
0.295043,0.704957,1
0.014777,0.985223,1
0.282142,0.717858,1
0.279495,0.720505,1
0.049226,0.950774,1
0.375456,0.624544,1
0.360261,0.639739,1
0.100115,0.899885,1
0.002849,0.997151,1
0.034646,0.965354,1
0.363957,0.636043,1
0.000006,0.999994,1
0.010888,0.989112,1
0.000123,0.999877,1
0.035475,0.964525,1
0.189098,0.810902,1
0.001715,0.998285,1
0.032054,0.967946,1
0.000248,0.999752,1
0.026440,0.973560,1
0.011233,0.988767,1
0.004983,0.995017,1
0.002201,0.997799,1
0.057515,0.942485,1
0.031701,0.968299,1
0.002427,0.997573,1
0.002459,0.997541,1
0.040503,0.959497,1
0.870422,0.129578,0
0.245694,0.754306,1
0.682374,0.317626,0
0.023069,0.976931,1
0.038552,0.961448,1
0.291512,0.708488,1
0.109875,0.890125,1
0.297042,0.702958,1
0.606823,0.393177,0
0.000010,0.999990,1
0.059470,0.940530,1
0.014264,0.985736,1
0.007143,0.992857,1
0.000933,0.999067,1
0.025387,0.974613,1
0.000004,0.999996,1
0.007913,0.992087,1
0.002779,0.997221,1
0.155433,0.844567,1
0.001044,0.998956,1
0.005453,0.994547,1
0.030192,0.969808,1
0.001707,0.998293,1
0.846133,0.153867,0
0.001151,0.998849,1
0.000721,0.999279,1
0.073976,0.926024,1
0.026805,0.973195,1
0.002274,0.997726,1
0.041474,0.958526,1
0.505604,0.494396,0
0.006421,0.993579,1
0.004638,0.995362,1
0.018222,0.981778,1
0.266054,0.733946,1
0.016504,0.983496,1
0.000011,0.999989,1
0.812417,0.187583,0
0.011052,0.988948,1
0.018688,0.981312,1
0.335976,0.664024,1
0.005387,0.994613,1
0.013190,0.986810,1
0.044994,0.955006,1
0.328813,0.671187,1
0.127379,0.872621,1
0.007973,0.992027,1
0.985642,0.014358,0
0.561553,0.438447,0
0.092354,0.907646,1
0.245241,0.754759,1
0.170544,0.829456,1
0.000592,0.999408,1
0.000221,0.999779,1
0.000870,0.999130,1
0.019889,0.980111,1
0.263278,0.736722,1
0.017696,0.982304,1
0.001333,0.998667,1
0.077993,0.922007,1
0.006495,0.993505,1
0.876631,0.123369,0
0.000084,0.999916,1
0.033623,0.966377,1
0.208779,0.791221,1
0.005288,0.994712,1
0.499363,0.500637,1
0.001133,0.998867,1
0.000480,0.999520,1
0.673663,0.326337,0
0.005000,0.995000,1
0.000525,0.999475,1
0.848068,0.151932,0
0.005542,0.994458,1
0.868160,0.131840,0
0.512509,0.487491,0
0.292099,0.707901,1
0.137391,0.862609,1
0.010171,0.989829,1
0.145020,0.854980,1
0.006135,0.993865,1
0.095353,0.904647,1
0.002089,0.997911,1
0.197610,0.802390,1
0.293089,0.706911,1
0.002692,0.997308,1
0.004397,0.995603,1
0.000474,0.999526,1
0.003133,0.996867,1
0.542002,0.457998,0
0.004098,0.995902,1
0.007456,0.992544,1
0.747737,0.252263,0
0.000181,0.999819,1
0.070137,0.929863,1
0.011644,0.988356,1
0.001415,0.998585,1
0.010788,0.989212,1
0.395942,0.604058,1
0.804092,0.195908,0
0.004083,0.995917,1
0.027852,0.972148,1
0.000701,0.999299,1
0.004889,0.995111,1
0.023852,0.976148,1
0.003150,0.996850,1
0.021806,0.978194,1
0.379122,0.620878,1
0.029358,0.970642,1
0.164506,0.835494,1
0.007800,0.992200,1
0.033609,0.966391,1
0.000753,0.999247,1
0.000178,0.999822,1
0.001460,0.998540,1
0.340796,0.659204,1
0.463247,0.536753,1
0.151340,0.848660,1
0.029520,0.970480,1
0.009129,0.990871,1
0.075921,0.924079,1
0.001311,0.998689,1
0.041222,0.958778,1
0.023173,0.976827,1
0.003560,0.996440,1
0.991763,0.008237,0
0.320519,0.679481,1
0.048461,0.951539,1
0.000113,0.999887,1
0.244926,0.755074,1
0.134758,0.865242,1
0.001158,0.998842,1
0.097908,0.902092,1
0.242197,0.757803,1
0.000017,0.999983,1
0.014963,0.985037,1
0.027695,0.972305,1
0.001504,0.998496,1
0.029671,0.970329,1
0.875974,0.124026,0
0.001353,0.998647,1
0.035906,0.964094,1
0.631667,0.368333,0
0.000471,0.999529,1
0.063521,0.936479,1
0.131283,0.868717,1
0.694968,0.305032,0
0.004729,0.995271,1
0.946826,0.053174,0
0.027947,0.972053,1
0.119194,0.880806,1
0.005993,0.994007,1
0.010797,0.989203,1
0.001898,0.998102,1
0.159203,0.840797,1
0.430932,0.569068,1
0.007012,0.992988,1
0.014940,0.985060,1
0.001205,0.998795,1
0.001067,0.998933,1
0.021516,0.978484,1
0.018610,0.981390,1
0.020500,0.979500,1
0.066048,0.933952,1
0.002873,0.997127,1
0.244607,0.755393,1
0.074179,0.925821,1
0.008726,0.991274,1
0.619978,0.380022,0
0.010611,0.989389,1
0.000799,0.999201,1
0.897734,0.102266,0
0.105645,0.894355,1
0.927710,0.072290,0
0.353569,0.646431,1
0.002790,0.997210,1
0.000123,0.999877,1
0.004565,0.995435,1
0.000974,0.999026,1
0.022760,0.977240,1
0.007622,0.992378,1
0.012144,0.987856,1
0.000590,0.999410,1
0.000041,0.999959,1
0.475183,0.524817,1
0.001429,0.998571,1
0.001620,0.998380,1
0.288786,0.711214,1
0.094466,0.905534,1
0.000228,0.999772,1
0.466194,0.533806,1
0.289583,0.710417,1
0.035341,0.964659,1
0.000791,0.999209,1
0.345768,0.654232,1
0.334229,0.665771,1
0.000751,0.999249,1
0.731145,0.268855,0
0.007188,0.992812,1
0.718456,0.281544,0
0.055328,0.944672,1
0.048494,0.951506,1
0.003821,0.996179,1
0.345787,0.654213,1
0.228585,0.771415,1
0.006226,0.993774,1
0.159473,0.840527,1
0.004473,0.995527,1
0.002064,0.997936,1
0.116433,0.883567,1
0.004377,0.995623,1
0.025689,0.974311,1
0.026726,0.973274,1
0.000769,0.999231,1
0.023252,0.976748,1
0.002367,0.997633,1
0.199874,0.800126,1
0.000025,0.999975,1
0.003043,0.996957,1
0.587121,0.412879,0
0.000732,0.999268,1
0.392653,0.607347,1
0.000087,0.999913,1
0.015761,0.984239,1
0.699951,0.300049,0
0.808152,0.191848,0
0.000176,0.999824,1
0.121197,0.878803,1
0.004079,0.995921,1
0.016965,0.983035,1
0.001675,0.998325,1
0.001319,0.998681,1
0.062152,0.937848,1
0.007616,0.992384,1
0.005980,0.994020,1
0.138965,0.861035,1
0.014020,0.985980,1
0.016044,0.983956,1
0.175423,0.824577,1
0.006012,0.993988,1
0.008183,0.991817,1
0.719117,0.280883,0
0.249036,0.750964,1
0.066243,0.933757,1
0.437636,0.562364,1
0.012094,0.987906,1
0.910665,0.089335,0
0.000127,0.999873,1
0.036404,0.963596,1
0.006515,0.993485,1
0.003899,0.996101,1
0.010549,0.989451,1
0.027758,0.972242,1
0.001275,0.998725,1
0.002325,0.997675,1
0.794801,0.205199,0
0.000779,0.999221,1
0.812793,0.187207,0
0.668682,0.331318,0
0.057487,0.942513,1
0.008829,0.991171,1
0.000273,0.999727,1
0.659574,0.340426,0
0.000337,0.999663,1
0.028864,0.971136,1
0.000107,0.999893,1
0.003761,0.996239,1
0.000463,0.999537,1
0.873861,0.126139,0
0.302532,0.697468,1
0.552837,0.447163,0
0.587121,0.412879,0
0.024000,0.976000,1
0.116455,0.883545,1
0.002089,0.997911,1
0.212567,0.787433,1
0.007220,0.992780,1
0.929493,0.070507,0
0.004397,0.995603,1
0.026146,0.973854,1
0.680813,0.319187,0
0.002624,0.997376,1
0.456462,0.543538,1
0.008416,0.991584,1
0.000713,0.999287,1
0.017413,0.982587,1
0.494319,0.505681,1
0.002286,0.997714,1
0.070866,0.929134,1
0.002559,0.997441,1
0.000075,0.999925,1
0.000557,0.999443,1
0.064282,0.935718,1
0.332428,0.667572,1
0.032712,0.967288,1
0.053394,0.946606,1
0.000257,0.999743,1
0.198902,0.801098,1
0.002571,0.997429,1
0.046192,0.953808,1
0.021186,0.978814,1
0.003635,0.996365,1
0.030755,0.969245,1
0.159873,0.840127,1
0.008902,0.991098,1
0.000768,0.999232,1
0.343919,0.656081,1
0.000538,0.999462,1
0.044322,0.955678,1
0.016038,0.983962,1
0.080250,0.919750,1
0.003879,0.996121,1
0.001445,0.998555,1
0.020490,0.979510,1
0.879751,0.120249,0
0.288919,0.711081,1
0.614088,0.385912,0
0.786861,0.213139,0
0.817860,0.182140,0
0.550020,0.449980,0
0.000256,0.999744,1
0.002081,0.997919,1
0.053496,0.946504,1
0.252224,0.747776,1
0.001165,0.998835,1
0.666274,0.333726,0
0.000353,0.999647,1
0.010357,0.989643,1
0.268339,0.731661,1
0.000825,0.999175,1
0.001473,0.998527,1
0.927631,0.072369,0
0.966662,0.033338,0
0.902213,0.097787,0
0.961476,0.038524,0
0.261578,0.738422,1
0.890724,0.109276,0
0.130870,0.869130,1
0.118700,0.881300,1
0.162576,0.837424,1
0.000285,0.999715,1
0.002426,0.997574,1
0.000716,0.999284,1
0.031279,0.968721,1
0.006310,0.993690,1
0.492310,0.507690,1
0.049504,0.950496,1
0.006798,0.993202,1
0.002048,0.997952,1
0.559087,0.440913,0
0.000013,0.999987,1
0.578038,0.421962,0
0.011440,0.988560,1
0.011962,0.988038,1
0.121622,0.878378,1
0.000539,0.999461,1
0.102858,0.897142,1
0.025484,0.974516,1
0.379886,0.620114,1
0.065467,0.934533,1
0.004485,0.995515,1
0.005772,0.994228,1
0.002972,0.997028,1
0.005081,0.994919,1
0.009671,0.990329,1
0.031634,0.968366,1
0.000886,0.999114,1
0.002094,0.997906,1
0.132912,0.867088,1
0.141767,0.858233,1
0.001508,0.998492,1
0.003136,0.996864,1
0.023226,0.976774,1
0.050749,0.949251,1
0.121197,0.878803,1
0.926754,0.073246,0
0.002864,0.997136,1
0.356907,0.643093,1
0.000735,0.999265,1
0.015859,0.984141,1
0.000171,0.999829,1
0.000026,0.999974,1
0.004537,0.995463,1
0.001584,0.998416,1
0.000508,0.999492,1
0.030885,0.969115,1
0.164991,0.835009,1
0.021111,0.978889,1
0.006650,0.993350,1
0.005818,0.994182,1
0.018574,0.981426,1
0.000198,0.999802,1
0.001421,0.998579,1
0.827274,0.172726,0
0.827645,0.172355,0
0.004743,0.995257,1
0.001039,0.998961,1
0.098573,0.901427,1
0.013263,0.986737,1
0.067738,0.932262,1
0.058235,0.941765,1
0.015142,0.984858,1
0.549797,0.450203,0
0.002127,0.997873,1
0.896752,0.103248,0
0.064445,0.935555,1
0.028436,0.971564,1
0.014065,0.985935,1
0.045868,0.954132,1
0.184955,0.815045,1
0.004447,0.995553,1
0.700296,0.299704,0
0.962117,0.037883,0
0.000030,0.999970,1
0.348784,0.651216,1
0.056502,0.943498,1
0.000144,0.999856,1
0.001554,0.998446,1
0.842669,0.157331,0
0.102401,0.897599,1
0.073535,0.926465,1
0.478284,0.521716,1
0.001342,0.998658,1
0.272987,0.727013,1
0.006138,0.993862,1
0.007876,0.992124,1
0.001335,0.998665,1
0.037193,0.962807,1
0.001394,0.998606,1
0.000465,0.999535,1
0.719927,0.280073,0
0.002140,0.997860,1
0.036402,0.963598,1
0.729525,0.270475,0
0.885386,0.114614,0
0.108766,0.891234,1
0.653382,0.346618,0
0.009212,0.990788,1
0.000643,0.999357,1
0.861445,0.138555,0
0.011194,0.988806,1
0.000203,0.999797,1
0.480837,0.519163,1
0.000021,0.999979,1
0.025942,0.974058,1
0.144122,0.855878,1
0.157950,0.842050,1
0.003537,0.996463,1
0.125141,0.874859,1
0.001992,0.998008,1
0.002995,0.997005,1
0.282950,0.717050,1
0.000312,0.999688,1
0.424557,0.575443,1
0.039892,0.960108,1
0.008187,0.991813,1
0.101540,0.898460,1
0.035828,0.964172,1
0.691090,0.308910,0
0.010372,0.989628,1
0.010345,0.989655,1
0.782968,0.217032,0
0.001674,0.998326,1
0.045711,0.954289,1
0.944838,0.055162,0
0.036646,0.963354,1
0.070583,0.929417,1
0.110100,0.889900,1
0.011339,0.988661,1
0.496299,0.503701,1
0.003377,0.996623,1
0.000336,0.999664,1
0.939342,0.060658,0
0.001341,0.998659,1
0.083750,0.916250,1
0.487680,0.512320,1
0.011155,0.988845,1
0.001015,0.998985,1
0.002941,0.997059,1
0.080715,0.919285,1
0.005888,0.994112,1
0.021473,0.978527,1
0.341928,0.658072,1
0.202267,0.797733,1
0.028476,0.971524,1
0.001676,0.998324,1
0.924869,0.075131,0
0.541702,0.458298,0
0.001684,0.998316,1
0.013907,0.986093,1
0.008139,0.991861,1
0.001207,0.998793,1
0.017601,0.982399,1
0.007317,0.992683,1
0.002766,0.997234,1
0.018844,0.981156,1
0.019019,0.980981,1
0.685027,0.314973,0
0.004079,0.995921,1
0.020707,0.979293,1
0.001796,0.998204,1
0.008108,0.991892,1
0.014003,0.985997,1
0.013448,0.986552,1
0.075979,0.924021,1
0.810337,0.189663,0
0.003177,0.996823,1
0.000002,0.999998,1
0.017438,0.982562,1
0.000539,0.999461,1
0.005567,0.994433,1
0.067920,0.932080,1
0.001425,0.998575,1
0.002151,0.997849,1
0.021877,0.978123,1
0.466754,0.533246,1
0.006316,0.993684,1
0.455115,0.544885,1
0.016380,0.983620,1
0.003627,0.996373,1
0.023258,0.976742,1
0.941474,0.058526,0
0.007408,0.992592,1
0.317927,0.682073,1
0.008793,0.991207,1
0.053065,0.946935,1
0.000642,0.999358,1
0.022465,0.977535,1
0.985829,0.014171,0
0.013569,0.986431,1
0.007111,0.992889,1
0.024421,0.975579,1
0.214425,0.785575,1
0.059697,0.940303,1
0.008780,0.991220,1
0.001805,0.998195,1
0.004335,0.995665,1
0.004960,0.995040,1
0.096976,0.903024,1
0.137715,0.862285,1
0.004484,0.995516,1
0.563147,0.436853,0
0.811687,0.188313,0
0.023233,0.976767,1
0.034582,0.965418,1
0.015998,0.984002,1
0.021139,0.978861,1
0.003838,0.996162,1
0.046110,0.953890,1
0.001971,0.998029,1
0.005778,0.994222,1
0.185774,0.814226,1
0.001952,0.998048,1
0.870672,0.129328,0
0.174809,0.825191,1
0.946256,0.053744,0
0.306138,0.693862,1
0.896061,0.103939,0
0.113678,0.886322,1
0.042548,0.957452,1
0.132667,0.867333,1
0.713293,0.286707,0
0.000025,0.999975,1
0.046514,0.953486,1
0.020655,0.979345,1
0.541207,0.458793,0
0.044933,0.955067,1
0.095131,0.904869,1
0.004791,0.995209,1
0.184382,0.815618,1
0.000226,0.999774,1
0.014856,0.985144,1
0.013380,0.986620,1
0.001486,0.998514,1
0.005692,0.994308,1
0.669488,0.330512,0
0.115713,0.884287,1
0.000243,0.999757,1
0.021968,0.978032,1
0.036492,0.963508,1
0.017430,0.982570,1
0.001212,0.998788,1
0.021970,0.978030,1
0.004801,0.995199,1
0.002443,0.997557,1
0.003508,0.996492,1
0.801865,0.198135,0
0.145312,0.854688,1
0.816209,0.183791,0
0.001248,0.998752,1
0.036593,0.963407,1
0.879585,0.120415,0
0.357441,0.642559,1
0.000199,0.999801,1
0.021249,0.978751,1
0.001032,0.998968,1
0.000008,0.999992,1
0.115244,0.884756,1
0.041614,0.958386,1
0.536666,0.463334,0
0.073157,0.926843,1
0.081158,0.918842,1
0.826101,0.173899,0
0.374067,0.625933,1
0.005653,0.994347,1
0.510329,0.489671,0
0.000399,0.999601,1
0.010192,0.989808,1
0.020267,0.979733,1
0.981443,0.018557,0
0.420292,0.579708,1
0.007932,0.992068,1
0.002298,0.997702,1
0.000844,0.999156,1
0.091290,0.908710,1
0.811723,0.188277,0
0.006026,0.993974,1
0.157524,0.842476,1
0.008533,0.991467,1
0.000946,0.999054,1
0.149656,0.850344,1
0.008316,0.991684,1
0.174210,0.825790,1
0.790274,0.209726,0
0.000741,0.999259,1
0.857866,0.142134,0
0.047052,0.952948,1
0.292017,0.707983,1
0.065600,0.934400,1
0.287322,0.712678,1
0.002874,0.997126,1
0.016916,0.983084,1
0.239144,0.760856,1
0.000084,0.999916,1
0.872321,0.127679,0
0.214666,0.785334,1
0.003535,0.996465,1
0.001022,0.998978,1
0.024211,0.975789,1
0.212992,0.787008,1
0.058844,0.941156,1
0.042520,0.957480,1
0.002698,0.997302,1
0.015609,0.984391,1
0.039351,0.960649,1
0.132991,0.867009,1
0.395915,0.604085,1
0.020125,0.979875,1
0.216483,0.783517,1
0.004991,0.995009,1
0.085506,0.914494,1
0.421889,0.578111,1
0.004587,0.995413,1
0.018187,0.981813,1
0.055877,0.944123,1
0.070199,0.929801,1
0.000550,0.999450,1
0.021757,0.978243,1
0.022916,0.977084,1
0.019236,0.980764,1
0.000225,0.999775,1
0.012457,0.987543,1
0.001075,0.998925,1
0.000547,0.999453,1
0.004065,0.995935,1
0.005902,0.994098,1
0.095617,0.904383,1
0.050447,0.949553,1
0.004939,0.995061,1
0.000128,0.999872,1
0.001361,0.998639,1
0.676241,0.323759,0
0.026778,0.973222,1
0.871504,0.128496,0
0.702435,0.297565,0
0.046533,0.953467,1
0.004007,0.995993,1
0.107083,0.892917,1
0.012682,0.987318,1
0.000119,0.999881,1
0.593737,0.406263,0
0.001364,0.998636,1
0.936286,0.063714,0
0.108323,0.891677,1
0.794752,0.205248,0
0.010117,0.989883,1
0.051467,0.948533,1
0.006856,0.993144,1
0.437787,0.562213,1
0.004814,0.995186,1
0.002372,0.997628,1
0.667879,0.332121,0
0.315441,0.684559,1
0.407874,0.592126,1
0.450429,0.549571,1
0.352788,0.647212,1
0.001307,0.998693,1
0.016121,0.983879,1
0.002779,0.997221,1
0.001554,0.998446,1
0.000512,0.999488,1
0.582520,0.417480,0
0.007370,0.992630,1
0.495891,0.504109,1
0.001256,0.998744,1
0.003570,0.996430,1
0.992242,0.007758,0
0.008906,0.991094,1
0.004255,0.995745,1
0.002877,0.997123,1
0.025524,0.974476,1
0.077282,0.922718,1
0.000603,0.999397,1
0.858324,0.141676,0
0.006422,0.993578,1
0.389310,0.610690,1
0.021910,0.978090,1
0.001361,0.998639,1
0.053610,0.946390,1
0.006916,0.993084,1
0.000234,0.999766,1
0.033510,0.966490,1
0.019476,0.980524,1
0.035495,0.964505,1
0.813433,0.186567,0
0.001416,0.998584,1
0.000481,0.999519,1
0.004404,0.995596,1
0.041673,0.958327,1
0.001547,0.998453,1
0.000082,0.999918,1
0.405956,0.594044,1
0.921905,0.078095,0
0.046775,0.953225,1
0.000257,0.999743,1
0.287114,0.712886,1
0.021235,0.978765,1
0.026219,0.973781,1
0.571482,0.428518,0
0.015173,0.984827,1
0.441801,0.558199,1
0.006621,0.993379,1
0.230606,0.769394,1
0.152050,0.847950,1
0.008274,0.991726,1
0.701955,0.298045,0
0.209462,0.790538,1
0.156598,0.843402,1
0.296779,0.703221,1
0.001787,0.998213,1
0.000153,0.999847,1
0.003438,0.996562,1
0.004659,0.995341,1
0.001187,0.998813,1
0.053551,0.946449,1
0.000217,0.999783,1
0.083507,0.916493,1
0.000021,0.999979,1
0.751134,0.248866,0
0.197613,0.802387,1
0.403187,0.596813,1
0.002883,0.997117,1
0.051191,0.948809,1
0.108580,0.891420,1
0.005054,0.994946,1
0.000211,0.999789,1
0.134745,0.865255,1
0.008082,0.991918,1
0.000111,0.999889,1
0.002360,0.997640,1
0.685293,0.314707,0
0.002101,0.997899,1
0.001833,0.998167,1
0.000203,0.999797,1
0.004447,0.995553,1
0.040231,0.959769,1
0.017218,0.982782,1
0.046715,0.953285,1
0.668097,0.331903,0
0.013645,0.986355,1
0.484043,0.515957,1
0.709163,0.290837,0
0.109821,0.890179,1
0.969069,0.030931,0
0.745685,0.254315,0
0.057920,0.942080,1
0.026932,0.973068,1
0.026656,0.973344,1
0.000006,0.999994,1
0.004418,0.995582,1
0.041509,0.958491,1
0.114606,0.885394,1
0.010693,0.989307,1
0.356906,0.643094,1
0.000463,0.999537,1
0.004512,0.995488,1
0.007756,0.992244,1
0.006381,0.993619,1
0.020725,0.979275,1
0.835466,0.164534,0
0.019168,0.980832,1
0.014872,0.985128,1
0.001079,0.998921,1
0.000727,0.999273,1
0.001706,0.998294,1
0.001248,0.998752,1
0.006025,0.993975,1
0.877560,0.122440,0
0.520402,0.479598,0
0.000457,0.999543,1
0.009652,0.990348,1
0.549832,0.450168,0
0.001719,0.998281,1
0.295047,0.704953,1
0.155676,0.844324,1
0.078682,0.921318,1
0.009240,0.990760,1
0.068850,0.931150,1
0.016920,0.983080,1
0.015349,0.984651,1
0.171254,0.828746,1
0.694158,0.305842,0
0.824533,0.175467,0
0.460926,0.539074,1
0.002577,0.997423,1
0.001377,0.998623,1
0.000257,0.999743,1
0.035435,0.964565,1
0.005264,0.994736,1
0.012878,0.987122,1
0.265775,0.734225,1
0.051328,0.948672,1
0.009059,0.990941,1
0.947283,0.052717,0
0.373439,0.626561,1
0.000396,0.999604,1
0.270191,0.729809,1
0.014039,0.985961,1
0.001471,0.998529,1
0.043135,0.956865,1
0.008090,0.991910,1
0.001358,0.998642,1
0.100653,0.899347,1
0.001372,0.998628,1
0.002181,0.997819,1
0.000826,0.999174,1
0.901103,0.098897,0
0.481252,0.518748,1
0.988779,0.011221,0
0.994905,0.005095,0
0.484399,0.515601,1
0.001535,0.998465,1
0.802354,0.197646,0
0.013178,0.986822,1
0.008891,0.991109,1
0.293944,0.706056,1
0.006741,0.993259,1
0.153606,0.846394,1
0.002788,0.997212,1
0.000141,0.999859,1
0.938081,0.061919,0
0.925360,0.074640,0
0.500231,0.499769,0
0.001462,0.998538,1
0.004077,0.995923,1
0.004515,0.995485,1
0.061992,0.938008,1
0.006859,0.993141,1
0.071979,0.928021,1
0.050897,0.949103,1
0.000496,0.999504,1
0.127518,0.872482,1
0.702888,0.297112,0
0.510742,0.489258,0
0.500971,0.499029,0
0.000074,0.999926,1
0.242107,0.757893,1
0.097005,0.902995,1
0.059832,0.940168,1
0.009814,0.990186,1
0.053771,0.946229,1
0.696253,0.303747,0
0.199642,0.800358,1
0.045232,0.954768,1
0.000602,0.999398,1
0.000914,0.999086,1
0.196831,0.803169,1
0.033937,0.966063,1
0.076015,0.923985,1
0.927472,0.072528,0
0.001796,0.998204,1
0.244714,0.755286,1
0.031414,0.968586,1
0.070840,0.929160,1
0.000012,0.999988,1
0.003211,0.996789,1
0.001530,0.998470,1
0.069366,0.930634,1
0.001277,0.998723,1
0.062930,0.937070,1
0.040799,0.959201,1
0.009919,0.990081,1
0.021730,0.978270,1
0.004045,0.995955,1
0.024141,0.975859,1
0.001390,0.998610,1
0.010165,0.989835,1
0.003220,0.996780,1
0.003137,0.996863,1
0.010880,0.989120,1
0.850923,0.149077,0
0.000446,0.999554,1
0.001403,0.998597,1
0.002829,0.997171,1
0.010777,0.989223,1
0.029826,0.970174,1
0.339742,0.660258,1
0.003611,0.996389,1
0.039031,0.960969,1
0.001151,0.998849,1
0.309117,0.690883,1
0.145448,0.854552,1
0.500796,0.499204,0
0.002087,0.997913,1
0.142850,0.857150,1
0.625391,0.374609,0
0.218553,0.781447,1
0.029679,0.970321,1
0.630101,0.369899,0
0.201359,0.798641,1
0.051028,0.948972,1
0.822145,0.177855,0
0.035456,0.964544,1
0.000116,0.999884,1
0.008533,0.991467,1
0.563059,0.436941,0
0.760623,0.239377,0
0.007433,0.992567,1
0.051849,0.948151,1
0.018384,0.981616,1
0.050213,0.949787,1
0.039076,0.960924,1
0.017058,0.982942,1
0.046589,0.953411,1
0.020333,0.979667,1
0.000661,0.999339,1
0.001797,0.998203,1
0.115320,0.884680,1
0.654762,0.345238,0
0.007356,0.992644,1
0.004121,0.995879,1
0.003974,0.996026,1
0.002659,0.997341,1
0.032289,0.967711,1
0.031942,0.968058,1
0.007018,0.992982,1
0.121049,0.878951,1
0.013565,0.986435,1
0.004292,0.995708,1
0.006996,0.993004,1
0.051430,0.948570,1
0.388755,0.611245,1
0.186025,0.813975,1
0.306615,0.693385,1
0.480077,0.519923,1
0.898334,0.101666,0
0.002972,0.997028,1
0.001566,0.998434,1
0.001381,0.998619,1
0.196193,0.803807,1
0.243256,0.756744,1
0.940905,0.059095,0
0.004144,0.995856,1
0.000031,0.999969,1
0.006405,0.993595,1
0.017958,0.982042,1
0.008549,0.991451,1
0.010953,0.989047,1
0.124228,0.875772,1
0.054204,0.945796,1
0.000620,0.999380,1
0.760537,0.239463,0
0.004638,0.995362,1
0.204157,0.795843,1
0.643212,0.356788,0
0.041418,0.958582,1
0.004809,0.995191,1
0.014266,0.985734,1
0.000834,0.999166,1
0.003453,0.996547,1
0.202547,0.797453,1
0.008382,0.991618,1
0.649544,0.350456,0
0.185097,0.814903,1
0.828046,0.171954,0
0.136506,0.863494,1
0.000141,0.999859,1
0.005189,0.994811,1
0.037774,0.962226,1
0.000094,0.999906,1
0.000012,0.999988,1
0.024423,0.975577,1
0.845174,0.154826,0
0.009892,0.990108,1
0.007491,0.992509,1
0.000873,0.999127,1
0.011710,0.988290,1
0.000023,0.999977,1
0.004333,0.995667,1
0.806574,0.193426,0
0.644131,0.355869,0
0.005917,0.994083,1
0.001821,0.998179,1
0.004220,0.995780,1
0.218187,0.781813,1
0.024135,0.975865,1
0.855847,0.144153,0
0.005109,0.994891,1
0.001096,0.998904,1
0.214109,0.785891,1
0.007432,0.992568,1
0.182790,0.817210,1
0.000395,0.999605,1
0.001982,0.998018,1
0.390844,0.609156,1
0.000062,0.999938,1
0.021586,0.978414,1
0.648888,0.351112,0
0.876488,0.123512,0
0.053714,0.946286,1
0.006165,0.993835,1
0.914802,0.085198,0
0.115323,0.884677,1
0.069530,0.930470,1
0.005962,0.994038,1
0.795238,0.204762,0
0.440673,0.559327,1
0.000168,0.999832,1
0.009774,0.990226,1
0.016415,0.983585,1
0.060046,0.939954,1
0.847557,0.152443,0
0.913327,0.086673,0
0.040507,0.959493,1
0.000075,0.999925,1
0.044889,0.955111,1
0.004671,0.995329,1
0.031578,0.968422,1
0.987191,0.012809,0
0.004190,0.995810,1
0.000485,0.999515,1
0.129746,0.870254,1
0.001312,0.998688,1
0.035465,0.964535,1
0.008454,0.991546,1
0.000046,0.999954,1
0.572888,0.427112,0
0.000300,0.999700,1
0.818421,0.181579,0
0.006917,0.993083,1
0.668075,0.331925,0
0.426041,0.573959,1
0.507644,0.492356,0
0.012150,0.987850,1
0.967994,0.032006,0
0.005011,0.994989,1
0.257481,0.742519,1
0.002989,0.997011,1
0.079131,0.920869,1
0.221273,0.778727,1
0.865262,0.134738,0
0.005680,0.994320,1
0.141881,0.858119,1
0.407611,0.592389,1
0.061018,0.938982,1
0.001041,0.998959,1
0.004162,0.995838,1
0.941917,0.058083,0
0.001095,0.998905,1
0.000549,0.999451,1
0.007646,0.992354,1
0.005346,0.994654,1
0.007637,0.992363,1
0.001836,0.998164,1
0.102711,0.897289,1
0.019727,0.980273,1
0.591650,0.408350,0
0.280271,0.719729,1
0.658279,0.341721,0
0.000152,0.999848,1
0.204037,0.795963,1
0.002604,0.997396,1
0.362621,0.637379,1
0.000265,0.999735,1
0.044185,0.955815,1
0.005767,0.994233,1
0.303234,0.696766,1
0.363711,0.636289,1
0.014927,0.985073,1
0.712916,0.287084,0
0.028813,0.971187,1
0.066944,0.933056,1
0.048890,0.951110,1
0.000449,0.999551,1
0.097449,0.902551,1
0.000035,0.999965,1
0.004037,0.995963,1
0.564128,0.435872,0
0.001384,0.998616,1
0.146014,0.853986,1
0.000143,0.999857,1
0.006119,0.993881,1
0.003611,0.996389,1
0.020314,0.979686,1
0.076751,0.923249,1
0.005429,0.994571,1
0.015095,0.984905,1
0.061605,0.938395,1
0.003625,0.996375,1
0.094503,0.905497,1
0.002378,0.997622,1
0.037262,0.962738,1
0.162855,0.837145,1
0.003435,0.996565,1
0.605699,0.394301,0
0.520104,0.479896,0
0.073381,0.926619,1
0.433167,0.566833,1
0.871040,0.128960,0
0.191903,0.808097,1
0.750177,0.249823,0
0.442505,0.557495,1
0.000075,0.999925,1
0.176564,0.823436,1
0.004741,0.995259,1
0.000831,0.999169,1
0.660331,0.339669,0
0.518384,0.481616,0
0.121425,0.878575,1
0.007955,0.992045,1
0.001616,0.998384,1
0.027429,0.972571,1
0.646198,0.353802,0
0.022369,0.977631,1
0.952414,0.047586,0
0.004896,0.995104,1
0.004144,0.995856,1
0.053542,0.946458,1
0.289573,0.710427,1
0.000101,0.999899,1
0.266510,0.733490,1
0.797735,0.202265,0
0.000632,0.999368,1
0.000458,0.999542,1
0.000395,0.999605,1
0.010053,0.989947,1
0.189355,0.810645,1
0.001694,0.998306,1
0.015052,0.984948,1
0.305726,0.694274,1
0.013223,0.986777,1
0.000197,0.999803,1
0.204167,0.795833,1
0.029934,0.970066,1
0.773985,0.226015,0
0.768437,0.231563,0
0.216191,0.783809,1
0.001544,0.998456,1
0.032897,0.967103,1
0.000731,0.999269,1
0.002137,0.997863,1
0.735645,0.264355,0
0.012498,0.987502,1
0.000899,0.999101,1
0.009354,0.990646,1
0.651596,0.348404,0
0.002260,0.997740,1
0.027103,0.972897,1
0.819462,0.180538,0
0.011021,0.988979,1
0.799308,0.200692,0
0.003673,0.996327,1
0.815569,0.184431,0
0.027027,0.972973,1
0.077813,0.922187,1
0.000991,0.999009,1
0.214900,0.785100,1
0.405259,0.594741,1
0.001510,0.998490,1
0.035877,0.964123,1
0.002427,0.997573,1
0.028041,0.971959,1
0.055681,0.944319,1
0.012978,0.987022,1
0.000092,0.999908,1
0.000862,0.999138,1
0.080211,0.919789,1
0.005854,0.994146,1
0.008130,0.991870,1
0.005247,0.994753,1
0.025378,0.974622,1
0.006066,0.993934,1
0.000008,0.999992,1
0.097447,0.902553,1
0.478905,0.521095,1
0.001145,0.998855,1
0.003153,0.996847,1
0.001543,0.998457,1
0.955259,0.044741,0
0.022047,0.977953,1
0.010111,0.989889,1
0.072850,0.927150,1
0.356597,0.643403,1
0.000102,0.999898,1
0.127721,0.872279,1
0.007026,0.992974,1
0.031194,0.968806,1
0.058766,0.941234,1
0.000380,0.999620,1
0.000063,0.999937,1
0.002714,0.997286,1
0.015350,0.984650,1
0.001464,0.998536,1
0.005154,0.994846,1
0.872455,0.127545,0
0.750137,0.249863,0
0.002877,0.997123,1
0.118216,0.881784,1
0.012078,0.987922,1
0.183764,0.816236,1
0.009659,0.990341,1
0.002521,0.997479,1
0.224513,0.775487,1
0.871087,0.128913,0
0.000209,0.999791,1
0.608619,0.391381,0
0.987019,0.012981,0
0.818791,0.181209,0
0.007785,0.992215,1
0.208731,0.791269,1
0.035081,0.964919,1
0.002398,0.997602,1
0.010660,0.989340,1
0.003037,0.996963,1
0.001549,0.998451,1
0.656419,0.343581,0
0.000834,0.999166,1
0.004628,0.995372,1
0.160975,0.839025,1
0.109256,0.890744,1
0.150435,0.849565,1
0.596180,0.403820,0
0.808370,0.191630,0
0.004097,0.995903,1
0.000377,0.999623,1
0.015173,0.984827,1
0.002779,0.997221,1
0.243341,0.756659,1
0.000932,0.999068,1
0.106841,0.893159,1
0.006745,0.993255,1
0.086697,0.913303,1
0.108779,0.891221,1
0.075594,0.924406,1
0.001850,0.998150,1
0.109926,0.890074,1
0.042528,0.957472,1
0.004051,0.995949,1
0.001977,0.998023,1
0.014812,0.985188,1
0.180526,0.819474,1
0.025992,0.974008,1
0.706720,0.293280,0
0.000622,0.999378,1
0.000379,0.999621,1
0.017725,0.982275,1
0.001825,0.998175,1
0.002259,0.997741,1
0.102312,0.897688,1
0.035137,0.964863,1
0.007693,0.992307,1
0.117848,0.882152,1
0.000210,0.999790,1
0.787403,0.212597,0
0.000013,0.999987,1
0.117454,0.882546,1
0.078449,0.921551,1
0.011157,0.988843,1
0.053807,0.946193,1
0.064884,0.935116,1
0.011172,0.988828,1
0.002263,0.997737,1
0.000255,0.999745,1
0.029808,0.970192,1
0.859274,0.140726,0
0.002467,0.997533,1
0.001313,0.998687,1
0.479068,0.520932,1
0.727915,0.272085,0
0.006756,0.993244,1
0.002409,0.997591,1
0.514716,0.485284,0
0.003358,0.996642,1
0.861425,0.138575,0
0.008456,0.991544,1
0.007150,0.992850,1
0.003249,0.996751,1
0.119855,0.880145,1
0.003307,0.996693,1
0.224985,0.775015,1
0.021230,0.978770,1
0.012006,0.987994,1
0.002832,0.997168,1
0.381951,0.618049,1
0.081214,0.918786,1
0.856282,0.143718,0
0.000159,0.999841,1
0.223089,0.776911,1
0.000029,0.999971,1
0.264416,0.735584,1
0.035655,0.964345,1
0.010557,0.989443,1
0.000029,0.999971,1
0.000373,0.999627,1
0.938681,0.061319,0
0.013379,0.986621,1
0.974321,0.025679,0
0.000158,0.999842,1
0.000618,0.999382,1
0.002167,0.997833,1
0.675667,0.324333,0
0.005451,0.994549,1
0.006205,0.993795,1
0.075462,0.924538,1
0.000005,0.999995,1
0.001038,0.998962,1
0.002046,0.997954,1
0.065254,0.934746,1
0.005979,0.994021,1
0.988492,0.011508,0
0.006111,0.993889,1
0.577212,0.422788,0
0.295115,0.704885,1
0.031639,0.968361,1
0.001530,0.998470,1
0.577297,0.422703,0
0.557280,0.442720,0
0.088843,0.911157,1
0.000783,0.999217,1
0.004338,0.995662,1
0.000262,0.999738,1
0.828353,0.171647,0
0.899524,0.100476,0
0.002226,0.997774,1
0.200822,0.799178,1
0.001207,0.998793,1
0.001845,0.998155,1
0.812748,0.187252,0
0.005201,0.994799,1
0.272914,0.727086,1
0.004356,0.995644,1
0.000442,0.999558,1
0.031184,0.968816,1
0.006743,0.993257,1
0.002701,0.997299,1
0.001754,0.998246,1
0.020146,0.979854,1
0.038283,0.961717,1
0.180221,0.819779,1
0.892206,0.107794,0
0.174608,0.825392,1
0.000045,0.999955,1
0.004805,0.995195,1
0.002088,0.997912,1
0.001725,0.998275,1
0.943053,0.056947,0
0.072407,0.927593,1
0.936776,0.063224,0
0.960389,0.039611,0
0.699303,0.300697,0
0.481101,0.518899,1
0.086681,0.913319,1
0.014901,0.985099,1
0.000608,0.999392,1
0.000013,0.999987,1
0.001411,0.998589,1
0.001302,0.998698,1
0.898132,0.101868,0
0.013112,0.986888,1
0.118232,0.881768,1
0.075265,0.924735,1
0.013987,0.986013,1
0.049818,0.950182,1
0.001076,0.998924,1
0.010889,0.989111,1
0.169387,0.830613,1
0.003366,0.996634,1
0.083528,0.916472,1
0.001894,0.998106,1
0.036502,0.963498,1
0.010344,0.989656,1
0.011395,0.988605,1
0.000749,0.999251,1
0.009721,0.990279,1
0.993849,0.006151,0
0.002845,0.997155,1
0.048162,0.951838,1
0.451963,0.548037,1
0.004431,0.995569,1
0.957615,0.042385,0
0.003790,0.996210,1
0.450635,0.549365,1
0.004627,0.995373,1
0.000011,0.999989,1
0.000022,0.999978,1
0.146669,0.853331,1
0.013515,0.986485,1
0.104797,0.895203,1
0.528696,0.471304,0
0.038004,0.961996,1
0.911534,0.088466,0
0.136241,0.863759,1
0.005193,0.994807,1
0.003168,0.996832,1
0.010589,0.989411,1
0.532187,0.467813,0
0.420818,0.579182,1
0.760559,0.239441,0
0.001544,0.998456,1
0.554692,0.445308,0
0.004306,0.995694,1
0.474244,0.525756,1
0.007722,0.992278,1
0.095528,0.904472,1
0.032635,0.967365,1
0.071236,0.928764,1
0.939714,0.060286,0
0.833835,0.166165,0
0.011936,0.988064,1
0.010160,0.989840,1
0.012543,0.987457,1
0.894389,0.105611,0
0.000918,0.999082,1
0.766242,0.233758,0
0.017550,0.982450,1
0.000308,0.999692,1
0.024355,0.975645,1
0.001947,0.998053,1
0.013436,0.986564,1
0.008203,0.991797,1
0.005865,0.994135,1
0.178794,0.821206,1
0.000846,0.999154,1
0.703306,0.296694,0
0.000353,0.999647,1
0.016809,0.983191,1
0.945305,0.054695,0
0.050098,0.949902,1
0.698488,0.301512,0
0.097485,0.902515,1
0.066997,0.933003,1
0.426235,0.573765,1
0.000056,0.999944,1
0.000176,0.999824,1
0.001123,0.998877,1
0.001994,0.998006,1
0.000135,0.999865,1
0.647621,0.352379,0
0.007663,0.992337,1
0.931056,0.068944,0
0.001084,0.998916,1
0.025178,0.974822,1
0.009330,0.990670,1
0.003477,0.996523,1
0.002079,0.997921,1
0.322913,0.677087,1
0.002649,0.997351,1
0.092004,0.907996,1
0.735894,0.264106,0
0.003442,0.996558,1
0.758540,0.241460,0
0.646493,0.353507,0
0.000999,0.999001,1
0.054396,0.945604,1
0.788216,0.211784,0
0.322701,0.677299,1
0.265651,0.734349,1
0.020862,0.979138,1
0.006275,0.993725,1
0.002756,0.997244,1
0.326276,0.673724,1
0.023214,0.976786,1
0.002624,0.997376,1
0.001513,0.998487,1
0.003973,0.996027,1
0.024320,0.975680,1
0.391355,0.608645,1
0.000508,0.999492,1
0.009025,0.990975,1
0.817454,0.182546,0
0.000066,0.999934,1
0.378748,0.621252,1
0.349217,0.650783,1
0.645757,0.354243,0
0.012269,0.987731,1
0.315718,0.684282,1
0.000020,0.999980,1
0.011423,0.988577,1
0.002485,0.997515,1
0.007593,0.992407,1
0.858259,0.141741,0
0.003682,0.996318,1
0.114211,0.885789,1
0.010564,0.989436,1
0.000021,0.999979,1
0.008308,0.991692,1
0.038030,0.961970,1
0.002821,0.997179,1
0.003011,0.996989,1
0.947295,0.052705,0
0.868580,0.131420,0
0.054397,0.945603,1
0.001235,0.998765,1
0.007408,0.992592,1
0.031936,0.968064,1
0.001714,0.998286,1
0.407630,0.592370,1
0.353994,0.646006,1
0.182776,0.817224,1
0.003998,0.996002,1
0.453977,0.546023,1
0.000051,0.999949,1
0.003534,0.996466,1
0.513914,0.486086,0
0.003334,0.996666,1
0.009144,0.990856,1
0.528131,0.471869,0
0.000037,0.999963,1
0.098744,0.901256,1
0.177825,0.822175,1
0.367641,0.632359,1
0.914310,0.085690,0
0.090215,0.909785,1
0.000713,0.999287,1
0.169218,0.830782,1
0.141163,0.858837,1
0.000262,0.999738,1
0.003663,0.996337,1
0.732391,0.267609,0
0.232816,0.767184,1
0.019139,0.980861,1
0.781397,0.218603,0
0.001752,0.998248,1
0.268373,0.731627,1
0.394349,0.605651,1
0.097742,0.902258,1
0.011464,0.988536,1
0.027306,0.972694,1
0.258429,0.741571,1
0.069198,0.930802,1
0.001161,0.998839,1
0.472603,0.527397,1
0.878329,0.121671,0
0.022056,0.977944,1
0.006287,0.993713,1
0.006247,0.993753,1
0.000142,0.999858,1
0.003026,0.996974,1
0.001169,0.998831,1
0.000160,0.999840,1
0.323026,0.676974,1
0.000158,0.999842,1
0.006240,0.993760,1
0.005367,0.994633,1
0.623389,0.376611,0
0.763234,0.236766,0
0.000295,0.999705,1
0.000592,0.999408,1
0.007185,0.992815,1
0.210687,0.789313,1
0.001827,0.998173,1
0.003425,0.996575,1
0.031879,0.968121,1
0.968486,0.031514,0
0.054065,0.945935,1
0.014438,0.985562,1
0.103118,0.896882,1
0.002260,0.997740,1
0.491462,0.508538,1
0.031263,0.968737,1
0.071352,0.928648,1
0.101475,0.898525,1
0.170921,0.829079,1
0.002379,0.997621,1
0.443247,0.556753,1
0.591348,0.408652,0
0.260610,0.739390,1
0.000352,0.999648,1
0.002417,0.997583,1
0.276864,0.723136,1
0.033001,0.966999,1
0.456882,0.543118,1
0.148431,0.851569,1
0.013478,0.986522,1
0.029401,0.970599,1
0.295440,0.704560,1
0.246232,0.753768,1
0.549365,0.450635,0
0.002946,0.997054,1
0.041573,0.958427,1
0.781059,0.218941,0
0.001492,0.998508,1
0.493803,0.506197,1
0.132830,0.867170,1
0.332381,0.667619,1
0.724417,0.275583,0
0.000123,0.999877,1
0.007774,0.992226,1
0.003461,0.996539,1
0.083943,0.916057,1
0.008215,0.991785,1
0.669975,0.330025,0
0.000824,0.999176,1
0.001062,0.998938,1
0.041043,0.958957,1
0.000185,0.999815,1
0.008615,0.991385,1
0.000234,0.999766,1
0.001889,0.998111,1
0.001512,0.998488,1
0.019482,0.980518,1
0.611398,0.388602,0
0.198946,0.801054,1
0.009037,0.990963,1
0.145340,0.854660,1
0.000549,0.999451,1
0.613464,0.386536,0
0.001525,0.998475,1
0.772851,0.227149,0
0.185076,0.814924,1
0.000153,0.999847,1
0.004433,0.995567,1
0.001466,0.998534,1
0.020643,0.979357,1
0.160167,0.839833,1
0.003648,0.996352,1
0.007792,0.992208,1
0.001540,0.998460,1
0.165877,0.834123,1
0.883332,0.116668,0
0.665652,0.334348,0
0.007865,0.992135,1
0.003843,0.996157,1
0.000179,0.999821,1
0.125152,0.874848,1
0.202654,0.797346,1
0.758758,0.241242,0
0.409717,0.590283,1
0.991903,0.008097,0
0.085162,0.914838,1
0.337330,0.662670,1
0.859774,0.140226,0
0.771924,0.228076,0
0.009139,0.990861,1
0.005847,0.994153,1
0.027793,0.972207,1
0.000425,0.999575,1
0.013094,0.986906,1
0.000428,0.999572,1
0.003718,0.996282,1
0.089520,0.910480,1
0.463578,0.536422,1
0.678392,0.321608,0
0.140997,0.859003,1
0.000385,0.999615,1
0.109285,0.890715,1
0.592419,0.407581,0
0.003393,0.996607,1
0.000002,0.999998,1
0.002275,0.997725,1
0.000756,0.999244,1
0.033241,0.966759,1
0.001416,0.998584,1
0.000152,0.999848,1
0.018907,0.981093,1
0.002733,0.997267,1
0.004380,0.995620,1
0.059108,0.940892,1
0.009278,0.990722,1
0.727530,0.272470,0
0.940339,0.059661,0
0.064916,0.935084,1
0.002930,0.997070,1
0.353244,0.646756,1
0.160081,0.839919,1
0.022627,0.977373,1
0.470586,0.529414,1
0.058705,0.941295,1
0.008501,0.991499,1
0.003922,0.996078,1
0.002366,0.997634,1
0.000134,0.999866,1
0.036565,0.963435,1
0.007430,0.992570,1
0.001194,0.998806,1
0.004289,0.995711,1
0.007912,0.992088,1
0.036056,0.963944,1
0.014590,0.985410,1
0.002891,0.997109,1
0.480097,0.519903,1
0.112814,0.887186,1
0.000084,0.999916,1
0.893491,0.106509,0
0.044380,0.955620,1
0.131551,0.868449,1
0.000223,0.999777,1
0.001473,0.998527,1
0.138563,0.861437,1
0.012431,0.987569,1
0.596144,0.403856,0
0.185351,0.814649,1
0.003623,0.996377,1
0.002605,0.997395,1
0.000671,0.999329,1
0.107550,0.892450,1
0.000605,0.999395,1
0.014253,0.985747,1
0.103696,0.896304,1
0.014927,0.985073,1
0.033207,0.966793,1
0.006350,0.993650,1
0.621922,0.378078,0
0.003556,0.996444,1
0.007750,0.992250,1
0.697618,0.302382,0
0.068012,0.931988,1
0.261637,0.738363,1
0.832302,0.167698,0
0.183957,0.816043,1
0.005886,0.994114,1
0.429062,0.570938,1
0.231865,0.768135,1
0.009373,0.990627,1
0.273384,0.726616,1
0.011112,0.988888,1
0.136864,0.863136,1
0.001302,0.998698,1
0.034983,0.965017,1
0.387675,0.612325,1
0.278355,0.721645,1
0.864799,0.135201,0
0.005886,0.994114,1
0.027648,0.972352,1
0.828336,0.171664,0
0.000785,0.999215,1
0.505955,0.494045,0
0.030731,0.969269,1
0.010695,0.989305,1
0.887013,0.112987,0
0.892693,0.107307,0
0.128497,0.871503,1
0.002449,0.997551,1
0.115965,0.884035,1
0.000824,0.999176,1
0.047813,0.952187,1
0.026625,0.973375,1
0.497883,0.502117,1
0.001375,0.998625,1
0.003099,0.996901,1
0.233400,0.766600,1
0.001642,0.998358,1
0.001085,0.998915,1
0.809731,0.190269,0
0.956420,0.043580,0
0.033133,0.966867,1
0.000376,0.999624,1
0.711596,0.288404,0
0.002085,0.997915,1
0.285397,0.714603,1
0.673925,0.326075,0
0.001806,0.998194,1
0.000098,0.999902,1
0.519409,0.480591,0
0.052620,0.947380,1
0.003778,0.996222,1
0.002612,0.997388,1
0.023027,0.976973,1
0.941193,0.058807,0
0.000454,0.999546,1
0.008858,0.991142,1
0.039291,0.960709,1
0.199372,0.800628,1
0.894885,0.105115,0
0.000028,0.999972,1
0.014973,0.985027,1
0.185663,0.814337,1
0.969814,0.030186,0
0.037283,0.962717,1
0.010253,0.989747,1
0.547554,0.452446,0
0.013331,0.986669,1
0.251651,0.748349,1
0.001168,0.998832,1
0.157360,0.842640,1
0.001203,0.998797,1
0.817253,0.182747,0
0.795270,0.204730,0
0.184852,0.815148,1
0.006031,0.993969,1
0.000985,0.999015,1
0.267284,0.732716,1
0.000038,0.999962,1
0.059971,0.940029,1
0.003031,0.996969,1
0.934026,0.065974,0
0.000365,0.999635,1
0.000602,0.999398,1
0.004452,0.995548,1
0.155820,0.844180,1
0.013104,0.986896,1
0.003617,0.996383,1
0.013259,0.986741,1
0.006848,0.993152,1
0.006705,0.993295,1
0.080874,0.919126,1
0.008832,0.991168,1
0.012029,0.987971,1
0.009457,0.990543,1
0.098589,0.901411,1
0.461851,0.538149,1
0.294403,0.705597,1
0.003990,0.996010,1
0.029006,0.970994,1
0.282022,0.717978,1
0.472566,0.527434,1
0.011498,0.988502,1
0.122500,0.877500,1
0.301289,0.698711,1
0.147213,0.852787,1
0.003947,0.996053,1
0.024384,0.975616,1
0.008004,0.991996,1
0.854629,0.145371,0
0.148147,0.851853,1
0.336124,0.663876,1
0.789362,0.210638,0
0.681249,0.318751,0
0.286306,0.713694,1
0.030392,0.969608,1
0.112001,0.887999,1
0.028072,0.971928,1
0.006575,0.993425,1
0.002346,0.997654,1
0.729723,0.270277,0
0.014468,0.985532,1
0.505432,0.494568,0
0.010126,0.989874,1
0.033807,0.966193,1
0.748944,0.251056,0
0.065972,0.934028,1
0.003600,0.996400,1
0.000223,0.999777,1
0.162986,0.837014,1
0.116129,0.883871,1
0.000214,0.999786,1
0.169874,0.830126,1
0.561560,0.438440,0
0.028696,0.971304,1
0.023462,0.976538,1
0.033029,0.966971,1
0.000785,0.999215,1
0.041739,0.958261,1
0.104004,0.895996,1
0.741377,0.258623,0
0.003806,0.996194,1
0.826046,0.173954,0
0.029629,0.970371,1
0.011665,0.988335,1
0.009833,0.990167,1
0.213853,0.786147,1
0.022242,0.977758,1
0.722602,0.277398,0
0.007955,0.992045,1
0.000481,0.999519,1
0.002143,0.997857,1
0.919499,0.080501,0
0.194191,0.805809,1
0.001157,0.998843,1
0.016467,0.983533,1
0.000980,0.999020,1
0.007834,0.992166,1
0.387378,0.612622,1
0.000264,0.999736,1
0.000008,0.999992,1
0.127582,0.872418,1
0.000756,0.999244,1
0.519545,0.480455,0
0.000179,0.999821,1
0.014634,0.985366,1
0.991593,0.008407,0
0.002012,0.997988,1
0.390032,0.609968,1
0.019285,0.980715,1
0.441715,0.558285,1
0.000893,0.999107,1
0.830048,0.169952,0
0.445381,0.554619,1
0.973797,0.026203,0
0.120968,0.879032,1
0.000887,0.999113,1
0.004055,0.995945,1
0.007300,0.992700,1
0.000436,0.999564,1
0.249707,0.750293,1
0.003187,0.996813,1
0.004969,0.995031,1
0.828953,0.171047,0
0.679496,0.320504,0
0.001933,0.998067,1
0.000081,0.999919,1
0.003151,0.996849,1
0.000012,0.999988,1
0.038766,0.961234,1
0.009170,0.990830,1
0.681433,0.318567,0
0.278401,0.721599,1
0.053399,0.946601,1
0.000785,0.999215,1
0.003969,0.996031,1
0.010024,0.989976,1
0.001546,0.998454,1
0.003515,0.996485,1
0.000390,0.999610,1
0.005348,0.994652,1
0.001803,0.998197,1
0.015823,0.984177,1
0.042414,0.957586,1
0.026682,0.973318,1
0.136036,0.863964,1
0.005092,0.994908,1
0.000819,0.999181,1
0.004828,0.995172,1
0.003267,0.996733,1
0.001235,0.998765,1
0.000013,0.999987,1
0.002542,0.997458,1
0.001243,0.998757,1
0.012963,0.987037,1
0.031511,0.968489,1
0.000420,0.999580,1
0.040926,0.959074,1
0.058886,0.941114,1
0.001441,0.998559,1
0.003460,0.996540,1
0.000799,0.999201,1
0.580072,0.419928,0
0.010434,0.989566,1
0.361374,0.638626,1
0.004943,0.995057,1
0.676567,0.323433,0
0.409521,0.590479,1
0.006500,0.993500,1
0.002857,0.997143,1
0.002965,0.997035,1
0.280560,0.719440,1
0.004068,0.995932,1
0.003221,0.996779,1
0.017187,0.982813,1
0.000480,0.999520,1
0.016447,0.983553,1
0.113344,0.886656,1
0.002067,0.997933,1
0.000567,0.999433,1
0.901212,0.098788,0
0.634462,0.365538,0
0.010923,0.989077,1
0.023469,0.976531,1
0.000470,0.999530,1
0.008919,0.991081,1
0.016089,0.983911,1
0.026070,0.973930,1
0.003718,0.996282,1
0.123945,0.876055,1
0.004019,0.995981,1
0.374168,0.625832,1
0.007590,0.992410,1
0.006859,0.993141,1
0.000301,0.999699,1
0.013705,0.986295,1
0.011561,0.988439,1
0.899141,0.100859,0
0.216440,0.783560,1
0.243054,0.756946,1
0.026337,0.973663,1
0.375615,0.624385,1
0.000747,0.999253,1
0.722198,0.277802,0
0.601085,0.398915,0
0.007706,0.992294,1
0.000467,0.999533,1
0.033287,0.966713,1
0.190883,0.809117,1
0.088510,0.911490,1
0.724060,0.275940,0
0.035740,0.964260,1
0.013518,0.986482,1
0.002017,0.997983,1
0.027930,0.972070,1
0.003136,0.996864,1
0.000874,0.999126,1
0.000010,0.999990,1
0.000797,0.999203,1
0.002203,0.997797,1
0.032613,0.967387,1
0.016402,0.983598,1
0.016938,0.983062,1
0.310362,0.689638,1
0.015034,0.984966,1
0.021071,0.978929,1
0.048191,0.951809,1
0.000722,0.999278,1
0.862435,0.137565,0
0.307080,0.692920,1
0.012627,0.987373,1
0.918834,0.081166,0
0.260818,0.739182,1
0.004316,0.995684,1
0.004423,0.995577,1
0.008460,0.991540,1
0.213889,0.786111,1
0.008300,0.991700,1
0.003883,0.996117,1
0.000016,0.999984,1
0.069040,0.930960,1
0.001222,0.998778,1
0.620860,0.379140,0
0.000099,0.999901,1
0.001916,0.998084,1
0.276858,0.723142,1
0.619329,0.380671,0
0.458193,0.541807,1
0.005338,0.994662,1
0.001059,0.998941,1
0.007419,0.992581,1
0.007250,0.992750,1
0.012099,0.987901,1
0.000572,0.999428,1
0.642023,0.357977,0
0.004372,0.995628,1
0.073085,0.926915,1
0.000033,0.999967,1
0.026088,0.973912,1
0.489617,0.510383,1
0.353607,0.646393,1
0.858536,0.141464,0
0.000507,0.999493,1
0.000047,0.999953,1
0.001476,0.998524,1
0.012535,0.987465,1
0.010060,0.989940,1
0.002361,0.997639,1
0.001352,0.998648,1
0.003368,0.996632,1
0.004806,0.995194,1
0.000691,0.999309,1
0.078045,0.921955,1
0.074952,0.925048,1
0.010057,0.989943,1
0.010777,0.989223,1
0.142759,0.857241,1
0.009526,0.990474,1
0.011160,0.988840,1
0.004069,0.995931,1
0.005222,0.994778,1
0.000181,0.999819,1
0.003201,0.996799,1
0.000133,0.999867,1
0.000028,0.999972,1
0.011412,0.988588,1
0.005646,0.994354,1
0.000723,0.999277,1
0.100694,0.899306,1
0.871997,0.128003,0
0.013888,0.986112,1
0.004246,0.995754,1
0.033442,0.966558,1
0.352734,0.647266,1
0.001873,0.998127,1
0.028930,0.971070,1
0.011937,0.988063,1
0.711130,0.288870,0
0.000130,0.999870,1
0.021514,0.978486,1
0.000718,0.999282,1
0.002722,0.997278,1
0.002137,0.997863,1
0.000007,0.999993,1
0.415800,0.584200,1
0.029948,0.970052,1
0.249635,0.750365,1
0.560577,0.439423,0
0.004989,0.995011,1
0.000528,0.999472,1
0.547702,0.452298,0
0.301515,0.698485,1
0.001605,0.998395,1
0.903976,0.096024,0
0.000013,0.999987,1
0.500147,0.499853,0
0.002400,0.997600,1
0.000133,0.999867,1
0.000904,0.999096,1
0.001361,0.998639,1
0.007517,0.992483,1
0.002136,0.997864,1
0.463088,0.536912,1
0.107798,0.892202,1
0.108706,0.891294,1
0.123437,0.876563,1
0.027626,0.972374,1
0.001330,0.998670,1
0.004225,0.995775,1
0.109046,0.890954,1
0.019619,0.980381,1
0.000006,0.999994,1
0.001304,0.998696,1
0.005451,0.994549,1
0.000563,0.999437,1
0.119031,0.880969,1
0.024487,0.975513,1
0.370214,0.629786,1
0.015570,0.984430,1
0.488663,0.511337,1
0.763996,0.236004,0
0.002216,0.997784,1
0.000026,0.999974,1
0.000758,0.999242,1
0.909573,0.090427,0
0.002758,0.997242,1
0.001539,0.998461,1
0.002768,0.997232,1
0.050767,0.949233,1
0.009513,0.990487,1
0.001770,0.998230,1
0.000586,0.999414,1
0.000537,0.999463,1
0.050500,0.949500,1
0.000988,0.999012,1
0.001118,0.998882,1
0.005229,0.994771,1
0.150418,0.849582,1
0.000463,0.999537,1
0.005603,0.994397,1
0.359095,0.640905,1
0.157692,0.842308,1
0.047930,0.952070,1
0.004649,0.995351,1
0.042670,0.957330,1
0.012822,0.987178,1
0.000032,0.999968,1
0.372810,0.627190,1
0.058121,0.941879,1
0.860084,0.139916,0
0.000059,0.999941,1
0.119269,0.880731,1
0.439141,0.560859,1
0.000896,0.999104,1
0.139048,0.860952,1
0.040354,0.959646,1
0.009814,0.990186,1
0.063402,0.936598,1
0.000147,0.999853,1
0.008857,0.991143,1
0.003661,0.996339,1
0.000621,0.999379,1
0.001651,0.998349,1
0.001473,0.998527,1
0.739803,0.260197,0
0.008960,0.991040,1
0.036726,0.963274,1
0.001489,0.998511,1
0.003921,0.996079,1
0.590551,0.409449,0
0.073740,0.926260,1
0.000112,0.999888,1
0.029014,0.970986,1
0.875245,0.124755,0
0.002159,0.997841,1
0.000517,0.999483,1
0.006165,0.993835,1
0.055209,0.944791,1
0.005779,0.994221,1
0.726220,0.273780,0
0.860888,0.139112,0
0.008807,0.991193,1
0.685607,0.314393,0
0.002754,0.997246,1
0.019073,0.980927,1
0.056977,0.943023,1
0.005592,0.994408,1
0.000077,0.999923,1
0.017582,0.982418,1
0.002788,0.997212,1
0.002228,0.997772,1
0.036775,0.963225,1
0.007980,0.992020,1
0.914268,0.085732,0
0.004260,0.995740,1
0.001170,0.998830,1
0.007845,0.992155,1
0.765929,0.234071,0
0.977754,0.022246,0
0.001615,0.998385,1
0.000576,0.999424,1
0.075200,0.924800,1
0.036147,0.963853,1
0.273634,0.726366,1
0.015440,0.984560,1
0.000324,0.999676,1
0.003429,0.996571,1
0.002301,0.997699,1
0.041760,0.958240,1
0.001281,0.998719,1
0.002148,0.997852,1
0.005251,0.994749,1
0.019820,0.980180,1
0.029841,0.970159,1
0.303990,0.696010,1
0.002100,0.997900,1
0.125093,0.874907,1
0.000261,0.999739,1
0.170110,0.829890,1
0.022422,0.977578,1
0.142150,0.857850,1
0.025784,0.974216,1
0.044473,0.955527,1
0.986440,0.013560,0
0.001268,0.998732,1
0.026816,0.973184,1
0.731181,0.268819,0
0.220278,0.779722,1
0.103325,0.896675,1
0.002766,0.997234,1
0.364273,0.635727,1
0.002690,0.997310,1
0.652247,0.347753,0
0.770812,0.229188,0
0.085833,0.914167,1
0.010523,0.989477,1
0.000657,0.999343,1
0.108615,0.891385,1
0.164932,0.835068,1
0.006687,0.993313,1
0.059271,0.940729,1
0.001425,0.998575,1
0.000785,0.999215,1
0.050630,0.949370,1
0.027453,0.972547,1
0.002452,0.997548,1
0.019130,0.980870,1
0.016389,0.983611,1
0.491157,0.508843,1
0.001711,0.998289,1
0.184817,0.815183,1
0.007328,0.992672,1
0.043248,0.956752,1
0.013729,0.986271,1
0.006904,0.993096,1
0.020738,0.979262,1
0.965041,0.034959,0
0.022072,0.977928,1
0.397100,0.602900,1
0.369495,0.630505,1
0.112286,0.887714,1
0.892460,0.107540,0
0.001048,0.998952,1
0.002570,0.997430,1
0.004855,0.995145,1
0.463848,0.536152,1
0.014112,0.985888,1
0.021159,0.978841,1
0.000078,0.999922,1
0.676739,0.323261,0
0.001074,0.998926,1
0.154342,0.845658,1
0.000249,0.999751,1
0.001431,0.998569,1
0.180001,0.819999,1
0.622192,0.377808,0
0.000720,0.999280,1
0.741178,0.258822,0
0.000071,0.999929,1
0.000166,0.999834,1
0.017143,0.982857,1
0.007988,0.992012,1
0.000153,0.999847,1
0.000671,0.999329,1
0.000005,0.999995,1
0.008512,0.991488,1
0.000755,0.999245,1
0.419176,0.580824,1
0.007026,0.992974,1
0.003311,0.996689,1
0.009615,0.990385,1
0.535256,0.464744,0
0.456117,0.543883,1
0.130057,0.869943,1
0.001627,0.998373,1
0.221365,0.778635,1
0.990600,0.009400,0
0.023819,0.976181,1
0.003312,0.996688,1
0.483278,0.516722,1
0.014892,0.985108,1
0.454158,0.545842,1
0.001375,0.998625,1
0.171435,0.828565,1
0.868479,0.131521,0
0.000862,0.999138,1
0.059116,0.940884,1
0.060945,0.939055,1
0.001711,0.998289,1
0.278492,0.721508,1
0.000305,0.999695,1
0.000108,0.999892,1
0.000010,0.999990,1
0.002833,0.997167,1
0.192071,0.807929,1
0.002398,0.997602,1
0.000018,0.999982,1
0.019260,0.980740,1
0.015385,0.984615,1
0.125278,0.874722,1
0.147687,0.852313,1
0.005657,0.994343,1
0.016809,0.983191,1
0.012381,0.987619,1
0.012757,0.987243,1
0.000020,0.999980,1
0.626914,0.373086,0
0.599287,0.400713,0
0.059616,0.940384,1
0.011910,0.988090,1
0.415038,0.584962,1
0.459362,0.540638,1
0.000738,0.999262,1
0.059147,0.940853,1
0.288639,0.711361,1
0.032663,0.967337,1
0.000876,0.999124,1
0.004822,0.995178,1
0.012002,0.987998,1
0.266596,0.733404,1
0.013710,0.986290,1
0.003412,0.996588,1
0.079050,0.920950,1
0.004210,0.995790,1
0.097831,0.902169,1
0.184202,0.815798,1
0.008560,0.991440,1
0.094810,0.905190,1
0.942498,0.057502,0
0.050853,0.949147,1
0.056510,0.943490,1
0.182279,0.817721,1
0.001605,0.998395,1
0.611038,0.388962,0
0.005880,0.994120,1
0.009664,0.990336,1
0.001964,0.998036,1
0.009684,0.990316,1
0.001579,0.998421,1
0.945780,0.054220,0
0.002136,0.997864,1
0.002139,0.997861,1
0.006798,0.993202,1
0.033943,0.966057,1
0.001651,0.998349,1
0.015663,0.984337,1
0.013109,0.986891,1
0.013797,0.986203,1
0.069974,0.930026,1
0.005471,0.994529,1
0.007390,0.992610,1
0.001486,0.998514,1
0.854655,0.145345,0
0.785027,0.214973,0
0.001001,0.998999,1
0.801415,0.198585,0
0.708094,0.291906,0
0.000074,0.999926,1
0.244628,0.755372,1
0.001039,0.998961,1
0.376080,0.623920,1
0.591190,0.408810,0
0.005895,0.994105,1
0.472303,0.527697,1
0.001576,0.998424,1
0.000621,0.999379,1
0.005692,0.994308,1
0.000493,0.999507,1
0.019891,0.980109,1
0.927869,0.072131,0
0.747850,0.252150,0
0.012305,0.987695,1
0.000592,0.999408,1
0.004018,0.995982,1
0.007479,0.992521,1
0.017500,0.982500,1
0.052513,0.947487,1
0.015706,0.984294,1
0.160188,0.839812,1
0.903899,0.096101,0
0.009185,0.990815,1
0.483333,0.516667,1
0.002724,0.997276,1
0.003691,0.996309,1
0.016119,0.983881,1
0.004691,0.995309,1
0.129587,0.870413,1
0.008203,0.991797,1
0.986095,0.013905,0
0.099747,0.900253,1
0.601458,0.398542,0
0.010588,0.989412,1
0.008735,0.991265,1
0.241930,0.758070,1
0.001766,0.998234,1
0.068026,0.931974,1
0.149033,0.850967,1
0.023559,0.976441,1
0.061670,0.938330,1
0.003693,0.996307,1
0.000091,0.999909,1
0.000051,0.999949,1
0.150419,0.849581,1
0.312212,0.687788,1
0.007382,0.992618,1
0.006696,0.993304,1
0.830010,0.169990,0
0.544596,0.455404,0
0.022099,0.977901,1
0.889145,0.110855,0
0.002111,0.997889,1
0.068467,0.931533,1
0.005383,0.994617,1
0.003166,0.996834,1
0.005252,0.994748,1
0.030573,0.969427,1
0.001123,0.998877,1
0.000771,0.999229,1
0.042166,0.957834,1
0.014613,0.985387,1
0.018035,0.981965,1
0.002779,0.997221,1
0.649810,0.350190,0
0.000056,0.999944,1
0.017028,0.982972,1
0.016704,0.983296,1
0.113525,0.886475,1
0.576384,0.423616,0
0.000104,0.999896,1
0.005133,0.994867,1
0.003501,0.996499,1
0.257493,0.742507,1
0.005061,0.994939,1
0.022310,0.977690,1
0.001069,0.998931,1
0.010076,0.989924,1
0.001340,0.998660,1
0.010157,0.989843,1
0.019538,0.980462,1
0.208021,0.791979,1
0.001187,0.998813,1
0.001509,0.998491,1
0.001041,0.998959,1
0.018840,0.981160,1
0.003854,0.996146,1
0.007505,0.992495,1
0.003576,0.996424,1
0.003432,0.996568,1
0.285505,0.714495,1
0.101507,0.898493,1
0.004143,0.995857,1
0.024710,0.975290,1
0.001437,0.998563,1
0.002183,0.997817,1
0.078885,0.921115,1
0.847652,0.152348,0
0.000211,0.999789,1
0.051362,0.948638,1
0.025188,0.974812,1
0.014116,0.985884,1
0.025033,0.974967,1
0.936671,0.063329,0
0.297480,0.702520,1
0.004918,0.995082,1
0.003474,0.996526,1
0.000385,0.999615,1
0.005374,0.994626,1
0.000102,0.999898,1
0.004549,0.995451,1
0.215063,0.784937,1
0.000565,0.999435,1
0.053534,0.946466,1
0.326473,0.673527,1
0.929065,0.070935,0
0.001123,0.998877,1
0.003382,0.996618,1
0.000054,0.999946,1
0.000420,0.999580,1
0.000379,0.999621,1
0.033300,0.966700,1
0.000712,0.999288,1
0.008961,0.991039,1
0.029092,0.970908,1
0.000023,0.999977,1
0.010358,0.989642,1
0.010945,0.989055,1
0.031869,0.968131,1
0.007601,0.992399,1
0.145195,0.854805,1
0.019954,0.980046,1
0.004398,0.995602,1
0.000155,0.999845,1
0.004537,0.995463,1
0.304486,0.695514,1
0.000527,0.999473,1
0.037956,0.962044,1
0.855188,0.144812,0
0.640836,0.359164,0
0.011457,0.988543,1
0.006564,0.993436,1
0.508205,0.491795,0
0.008000,0.992000,1
0.002008,0.997992,1
0.181189,0.818811,1
0.453766,0.546234,1
0.687668,0.312332,0
0.018395,0.981605,1
0.080739,0.919261,1
0.352062,0.647938,1
0.008412,0.991588,1
0.005074,0.994926,1
0.437246,0.562754,1
0.147797,0.852203,1
0.012572,0.987428,1
0.005038,0.994962,1
0.991947,0.008053,0
0.117576,0.882424,1
0.010654,0.989346,1
0.018344,0.981656,1
0.587346,0.412654,0
0.000336,0.999664,1
0.276006,0.723994,1
0.352942,0.647058,1
0.737317,0.262683,0
0.124480,0.875520,1
0.016441,0.983559,1
0.000771,0.999229,1
0.002000,0.998000,1
0.024192,0.975808,1
0.002096,0.997904,1
0.928454,0.071546,0
0.018171,0.981829,1
0.452028,0.547972,1
0.000567,0.999433,1
0.008640,0.991360,1
0.004383,0.995617,1
0.275577,0.724423,1
0.002626,0.997374,1
0.000264,0.999736,1
0.413070,0.586930,1
0.002238,0.997762,1
0.001152,0.998848,1
0.001905,0.998095,1
0.002714,0.997286,1
0.079408,0.920592,1
0.004026,0.995974,1
0.562615,0.437385,0
0.003045,0.996955,1
0.001461,0.998539,1
0.010359,0.989641,1
0.007783,0.992217,1
0.315960,0.684040,1
0.003181,0.996819,1
0.019646,0.980354,1
0.014311,0.985689,1
0.001475,0.998525,1
0.457287,0.542713,1
0.005695,0.994305,1
0.012347,0.987653,1
0.279610,0.720390,1
0.044464,0.955536,1
0.012350,0.987650,1
0.023375,0.976625,1
0.002899,0.997101,1
0.041935,0.958065,1
0.014255,0.985745,1
0.422198,0.577802,1
0.924455,0.075545,0
0.146422,0.853578,1
0.051477,0.948523,1
0.012806,0.987194,1
0.016326,0.983674,1
0.006981,0.993019,1
0.148660,0.851340,1
0.009293,0.990707,1
0.022474,0.977526,1
0.985572,0.014428,0
0.005055,0.994945,1
0.023411,0.976589,1
0.004911,0.995089,1
0.410623,0.589377,1
0.818002,0.181998,0
0.005339,0.994661,1
0.445690,0.554310,1
0.271680,0.728320,1
0.012020,0.987980,1
0.114222,0.885778,1
0.009277,0.990723,1
0.134377,0.865623,1
0.882140,0.117860,0
0.035517,0.964483,1
0.000048,0.999952,1
0.048310,0.951690,1
0.027678,0.972322,1
0.002525,0.997475,1
0.407149,0.592851,1
0.000014,0.999986,1
0.013907,0.986093,1
0.004232,0.995768,1
0.007822,0.992178,1
0.000849,0.999151,1
0.030613,0.969387,1
0.003457,0.996543,1
0.002590,0.997410,1
0.002123,0.997877,1
0.036366,0.963634,1
0.022039,0.977961,1
0.011590,0.988410,1
0.004211,0.995789,1
0.184694,0.815306,1
0.014175,0.985825,1
0.003030,0.996970,1
0.994398,0.005602,0
0.005747,0.994253,1
0.006910,0.993090,1
0.106211,0.893789,1
0.001270,0.998730,1
0.890759,0.109241,0
0.016585,0.983415,1
0.558820,0.441180,0
0.003648,0.996352,1
0.787136,0.212864,0
0.000009,0.999991,1
0.003773,0.996227,1
0.000968,0.999032,1
0.001939,0.998061,1
0.023998,0.976002,1
0.006297,0.993703,1
0.006637,0.993363,1
0.003507,0.996493,1
0.000010,0.999990,1
0.004877,0.995123,1
0.000393,0.999607,1
0.006720,0.993280,1
0.002514,0.997486,1
0.002832,0.997168,1
0.000014,0.999986,1
0.022235,0.977765,1
0.000861,0.999139,1
0.039533,0.960467,1
0.269648,0.730352,1
0.311014,0.688986,1
0.000525,0.999475,1
0.086548,0.913452,1
0.001420,0.998580,1
0.017469,0.982531,1
0.679489,0.320511,0
0.910023,0.089977,0
0.000352,0.999648,1
0.002527,0.997473,1
0.000267,0.999733,1
0.262807,0.737193,1
0.025943,0.974057,1
0.003813,0.996187,1
0.007802,0.992198,1
0.001927,0.998073,1
0.653521,0.346479,0
0.016753,0.983247,1
0.004947,0.995053,1
0.051509,0.948491,1
0.080781,0.919219,1
0.002603,0.997397,1
0.005423,0.994577,1
0.000904,0.999096,1
0.066223,0.933777,1
0.169325,0.830675,1
0.000134,0.999866,1
0.000990,0.999010,1
0.004239,0.995761,1
0.013100,0.986900,1
0.005625,0.994375,1
0.000325,0.999675,1
0.002389,0.997611,1
0.870905,0.129095,0
0.012723,0.987277,1
0.454001,0.545999,1
0.114592,0.885408,1
0.020751,0.979249,1
0.486827,0.513173,1
0.004556,0.995444,1
0.000075,0.999925,1
0.581946,0.418054,0
0.028001,0.971999,1
0.091487,0.908513,1
0.184013,0.815987,1
0.362026,0.637974,1
0.500606,0.499394,0
0.065591,0.934409,1
0.740131,0.259869,0
0.396880,0.603120,1
0.005134,0.994866,1
0.001808,0.998192,1
0.041972,0.958028,1
0.556037,0.443963,0
0.000194,0.999806,1
0.270128,0.729872,1
0.005740,0.994260,1
0.000608,0.999392,1
0.325003,0.674997,1
0.006001,0.993999,1
0.032453,0.967547,1
0.373036,0.626964,1
0.011034,0.988966,1
0.008809,0.991191,1
0.340542,0.659458,1
0.005811,0.994189,1
0.019071,0.980929,1
0.098940,0.901060,1
0.004504,0.995496,1
0.301509,0.698491,1
0.011193,0.988807,1
0.002657,0.997343,1
0.094032,0.905968,1
0.002380,0.997620,1
0.000870,0.999130,1
0.020364,0.979636,1
0.000114,0.999886,1
0.017608,0.982392,1
0.013951,0.986049,1
0.011907,0.988093,1
0.004743,0.995257,1
0.221078,0.778922,1
0.003457,0.996543,1
0.196722,0.803278,1
0.361691,0.638309,1
0.000113,0.999887,1
0.000231,0.999769,1
0.003401,0.996599,1
0.015648,0.984352,1
0.073252,0.926748,1
0.001325,0.998675,1
0.014335,0.985665,1
0.152752,0.847248,1
0.957181,0.042819,0
0.007855,0.992145,1
0.000966,0.999034,1
0.003747,0.996253,1
0.801125,0.198875,0
0.004813,0.995187,1
0.000742,0.999258,1
0.000341,0.999659,1
0.001339,0.998661,1
0.019351,0.980649,1
0.004199,0.995801,1
0.005827,0.994173,1
0.000021,0.999979,1
0.003233,0.996767,1
0.001180,0.998820,1
0.007445,0.992555,1
0.075074,0.924926,1
0.717402,0.282598,0
0.199119,0.800881,1
0.120659,0.879341,1
0.000632,0.999368,1
0.014652,0.985348,1
0.986934,0.013066,0
0.003269,0.996731,1
0.000489,0.999511,1
0.003798,0.996202,1
0.000072,0.999928,1
0.000126,0.999874,1
0.318051,0.681949,1
0.004590,0.995410,1
0.040062,0.959938,1
0.001559,0.998441,1
0.005431,0.994569,1
0.006836,0.993164,1
0.000663,0.999337,1
0.422218,0.577782,1
0.018800,0.981200,1
0.174395,0.825605,1
0.622068,0.377932,0
0.006865,0.993135,1
0.001803,0.998197,1
0.808324,0.191676,0
0.011615,0.988385,1
0.014438,0.985562,1
0.001502,0.998498,1
0.001463,0.998537,1
0.000447,0.999553,1
0.007271,0.992729,1
0.006114,0.993886,1
0.008837,0.991163,1
0.850203,0.149797,0
0.000446,0.999554,1
0.002868,0.997132,1
0.002499,0.997501,1
0.157932,0.842068,1
0.001034,0.998966,1
0.014667,0.985333,1
0.065620,0.934380,1
0.968265,0.031735,0
0.037666,0.962334,1
0.003933,0.996067,1
0.003059,0.996941,1
0.013902,0.986098,1
0.335183,0.664817,1
0.001685,0.998315,1
0.000339,0.999661,1
0.059843,0.940157,1
0.017544,0.982456,1
0.010300,0.989700,1
0.016902,0.983098,1
0.006668,0.993332,1
0.049006,0.950994,1
0.927929,0.072071,0
0.005346,0.994654,1
0.058257,0.941743,1
0.094372,0.905628,1
0.003007,0.996993,1
0.000642,0.999358,1
0.308738,0.691262,1
0.000806,0.999194,1
0.002607,0.997393,1
0.851227,0.148773,0
0.008436,0.991564,1
0.014872,0.985128,1
0.146589,0.853411,1
0.025441,0.974559,1
0.030651,0.969349,1
0.244912,0.755088,1
0.087898,0.912102,1
0.119846,0.880154,1
0.000804,0.999196,1
0.000640,0.999360,1
0.000782,0.999218,1
0.004293,0.995707,1
0.018265,0.981735,1
0.152401,0.847599,1
0.037930,0.962070,1
0.509883,0.490117,0
0.000076,0.999924,1
0.004871,0.995129,1
0.032834,0.967166,1
0.088437,0.911563,1
0.425003,0.574997,1
0.025581,0.974419,1
0.966299,0.033701,0
0.151726,0.848274,1
0.001264,0.998736,1
0.313079,0.686921,1
0.003999,0.996001,1
0.000501,0.999499,1
0.734564,0.265436,0
0.005009,0.994991,1
0.000025,0.999975,1
0.069568,0.930432,1
0.000289,0.999711,1
0.004531,0.995469,1
0.000576,0.999424,1
0.450564,0.549436,1
0.001687,0.998313,1
0.397808,0.602192,1
0.058674,0.941326,1
0.016251,0.983749,1
0.000614,0.999386,1
0.548593,0.451407,0
0.002720,0.997280,1
0.013018,0.986982,1
0.002891,0.997109,1
0.014745,0.985255,1
0.001575,0.998425,1
0.071940,0.928060,1
0.001975,0.998025,1
0.007222,0.992778,1
0.000762,0.999238,1
0.001105,0.998895,1
0.001955,0.998045,1
0.004289,0.995711,1
0.029019,0.970981,1
0.655914,0.344086,0
0.000134,0.999866,1
0.001076,0.998924,1
0.006723,0.993277,1
0.044326,0.955674,1
0.004377,0.995623,1
0.000384,0.999616,1
0.004202,0.995798,1
0.032257,0.967743,1
0.012389,0.987611,1
0.003351,0.996649,1
0.006575,0.993425,1
0.003034,0.996966,1
0.046379,0.953621,1
0.035681,0.964319,1
0.332178,0.667822,1
0.030769,0.969231,1
0.012341,0.987659,1
0.001284,0.998716,1
0.001060,0.998940,1
0.014866,0.985134,1
0.398340,0.601660,1
0.084744,0.915256,1
0.000454,0.999546,1
0.701852,0.298148,0
0.065267,0.934733,1
0.005059,0.994941,1
0.005068,0.994932,1
0.001846,0.998154,1
0.272774,0.727226,1
0.154835,0.845165,1
0.000290,0.999710,1
0.099734,0.900266,1
0.114982,0.885018,1
0.979388,0.020612,0
0.003796,0.996204,1
0.001925,0.998075,1
0.000350,0.999650,1
0.013569,0.986431,1
0.543623,0.456377,0
0.391360,0.608640,1
0.606155,0.393845,0
0.339776,0.660224,1
0.067628,0.932372,1
0.003388,0.996612,1
0.968985,0.031015,0
0.007785,0.992215,1
0.470121,0.529879,1
0.000123,0.999877,1
0.554536,0.445464,0
0.002121,0.997879,1
0.001072,0.998928,1
0.005885,0.994115,1
0.444574,0.555426,1
0.609351,0.390649,0
0.007542,0.992458,1
0.000172,0.999828,1
0.260223,0.739777,1
0.006489,0.993511,1
0.103394,0.896606,1
0.006536,0.993464,1
0.080871,0.919129,1
0.001757,0.998243,1
0.007300,0.992700,1
0.616136,0.383864,0
0.475347,0.524653,1
0.001911,0.998089,1
0.028697,0.971303,1
0.121396,0.878604,1
0.012255,0.987745,1
0.072243,0.927757,1
0.974529,0.025471,0
0.193026,0.806974,1
0.003925,0.996075,1
0.006618,0.993382,1
0.559652,0.440348,0
0.200362,0.799638,1
0.197338,0.802662,1
0.455199,0.544801,1
0.009773,0.990227,1
0.003252,0.996748,1
0.002934,0.997066,1
0.000307,0.999693,1
0.135208,0.864792,1
0.000255,0.999745,1
0.000124,0.999876,1
0.966134,0.033866,0
0.006150,0.993850,1
0.000072,0.999928,1
0.006005,0.993995,1
0.538833,0.461167,0
0.162226,0.837774,1
0.002103,0.997897,1
0.093484,0.906516,1
0.121917,0.878083,1
0.003693,0.996307,1
0.066793,0.933207,1
0.908370,0.091630,0
0.921774,0.078226,0
0.013012,0.986988,1
0.004607,0.995393,1
0.178846,0.821154,1
0.130507,0.869493,1
0.103772,0.896228,1
0.133064,0.866936,1
0.000390,0.999610,1
0.054144,0.945856,1
0.004241,0.995759,1
0.054439,0.945561,1
0.396167,0.603833,1
0.086776,0.913224,1
0.013794,0.986206,1
0.076195,0.923805,1
0.028233,0.971767,1
0.009992,0.990008,1
0.146604,0.853396,1
0.002306,0.997694,1
0.000228,0.999772,1
0.089946,0.910054,1
0.026967,0.973033,1
0.005975,0.994025,1
0.041239,0.958761,1
0.038535,0.961465,1
0.093043,0.906957,1
0.001333,0.998667,1
0.003660,0.996340,1
0.041118,0.958882,1
0.133641,0.866359,1
0.000607,0.999393,1
0.007916,0.992084,1
0.004803,0.995197,1
0.004790,0.995210,1
0.000498,0.999502,1
0.003876,0.996124,1
0.080840,0.919160,1
0.003253,0.996747,1
0.000368,0.999632,1
0.803904,0.196096,0
0.035210,0.964790,1
0.469429,0.530571,1
0.038430,0.961570,1
0.006008,0.993992,1
0.027224,0.972776,1
0.006299,0.993701,1
0.883933,0.116067,0
0.003153,0.996847,1
0.003937,0.996063,1
0.036681,0.963319,1
0.133829,0.866171,1
0.000356,0.999644,1
0.899302,0.100698,0
0.004316,0.995684,1
0.033609,0.966391,1
0.006713,0.993287,1
0.009409,0.990591,1
0.007770,0.992230,1
0.001969,0.998031,1
0.989997,0.010003,0
0.004744,0.995256,1
0.172451,0.827549,1
0.002078,0.997922,1
0.132459,0.867541,1
0.006777,0.993223,1
0.749379,0.250621,0
0.703654,0.296346,0
0.845006,0.154994,0
0.000551,0.999449,1
0.005107,0.994893,1
0.069788,0.930212,1
0.010150,0.989850,1
0.772546,0.227454,0
0.015570,0.984430,1
0.212440,0.787560,1
0.720128,0.279872,0
0.075659,0.924341,1
0.561439,0.438561,0
0.000402,0.999598,1
0.008332,0.991668,1
0.011209,0.988791,1
0.899605,0.100395,0
0.182894,0.817106,1
0.136241,0.863759,1
0.461135,0.538865,1
0.886355,0.113645,0
0.097267,0.902733,1
0.224004,0.775996,1
0.016257,0.983743,1
0.003734,0.996266,1
0.830325,0.169675,0
0.019015,0.980985,1
0.000319,0.999681,1
0.003099,0.996901,1
0.003885,0.996115,1
0.084783,0.915217,1
0.010063,0.989937,1
0.000057,0.999943,1
0.550086,0.449914,0
0.943265,0.056735,0
0.107777,0.892223,1
0.041464,0.958536,1
0.000073,0.999927,1
0.000018,0.999982,1
0.818908,0.181092,0
0.024290,0.975710,1
0.000342,0.999658,1
0.006544,0.993456,1
0.011158,0.988842,1
0.006728,0.993272,1
0.000543,0.999457,1
0.880756,0.119244,0
0.013775,0.986225,1
0.004704,0.995296,1
0.001358,0.998642,1
0.002946,0.997054,1
0.037211,0.962789,1
0.004485,0.995515,1
0.003412,0.996588,1
0.131946,0.868054,1
0.001048,0.998952,1
0.000201,0.999799,1
0.768779,0.231221,0
0.000340,0.999660,1
0.004660,0.995340,1
0.372068,0.627932,1
0.987548,0.012452,0
0.031766,0.968234,1
0.911366,0.088634,0
0.278316,0.721684,1
0.262074,0.737926,1
0.178384,0.821616,1
0.215958,0.784042,1
0.095759,0.904241,1
0.148835,0.851165,1
0.036306,0.963694,1
0.002259,0.997741,1
0.019276,0.980724,1
0.010953,0.989047,1
0.011114,0.988886,1
0.006352,0.993648,1
0.005346,0.994654,1
0.339523,0.660477,1
0.001720,0.998280,1
0.000082,0.999918,1
0.000798,0.999202,1
0.019824,0.980176,1
0.000667,0.999333,1
0.017863,0.982137,1
0.065309,0.934691,1
0.027647,0.972353,1
0.065709,0.934291,1
0.036524,0.963476,1
0.000531,0.999469,1
0.001450,0.998550,1
0.004500,0.995500,1
0.001744,0.998256,1
0.183087,0.816913,1
0.692302,0.307698,0
0.861221,0.138779,0
0.000603,0.999397,1
0.151948,0.848052,1
0.031420,0.968580,1
0.712829,0.287171,0
0.334801,0.665199,1
0.001752,0.998248,1
0.047119,0.952881,1
0.005378,0.994622,1
0.000030,0.999970,1
0.009294,0.990706,1
0.003661,0.996339,1
0.002326,0.997674,1
0.000086,0.999914,1
0.445318,0.554682,1
0.008252,0.991748,1
0.002279,0.997721,1
0.024636,0.975364,1
0.551941,0.448059,0
0.005551,0.994449,1
0.707673,0.292327,0
0.003872,0.996128,1
0.010121,0.989879,1
0.750739,0.249261,0
0.359273,0.640727,1
0.000324,0.999676,1
0.008400,0.991600,1
0.964901,0.035099,0
0.014517,0.985483,1
0.005148,0.994852,1
0.896512,0.103488,0
0.082686,0.917314,1
0.099972,0.900028,1
0.021073,0.978927,1
0.001932,0.998068,1
0.000326,0.999674,1
0.028701,0.971299,1
0.018429,0.981571,1
0.010186,0.989814,1
0.684787,0.315213,0
0.102235,0.897765,1
0.002049,0.997951,1
0.019711,0.980289,1
0.012015,0.987985,1
0.005810,0.994190,1
0.024680,0.975320,1
0.000960,0.999040,1
0.000472,0.999528,1
0.014658,0.985342,1
0.009799,0.990201,1
0.027908,0.972092,1
0.032743,0.967257,1
0.085355,0.914645,1
0.189169,0.810831,1
0.007310,0.992690,1
0.002413,0.997587,1
0.063885,0.936115,1
0.000092,0.999908,1
0.001078,0.998922,1
0.008207,0.991793,1
0.005706,0.994294,1
0.963499,0.036501,0
0.203063,0.796937,1
0.000187,0.999813,1
0.001242,0.998758,1
0.005116,0.994884,1
0.629043,0.370957,0
0.033760,0.966240,1
0.607848,0.392152,0
0.014204,0.985796,1
0.288028,0.711972,1
0.541519,0.458481,0
0.849563,0.150437,0
0.364895,0.635105,1
0.001782,0.998218,1
0.099229,0.900771,1
0.002735,0.997265,1
0.000115,0.999885,1
0.432791,0.567209,1
0.604840,0.395160,0
0.373138,0.626862,1
0.001787,0.998213,1
0.002594,0.997406,1
0.003949,0.996051,1
0.000797,0.999203,1
0.004607,0.995393,1
0.004530,0.995470,1
0.008065,0.991935,1
0.068692,0.931308,1
0.304128,0.695872,1
0.056916,0.943084,1
0.507024,0.492976,0
0.018393,0.981607,1
0.002657,0.997343,1
0.220487,0.779513,1
0.141941,0.858059,1
0.000814,0.999186,1
0.004758,0.995242,1
0.001409,0.998591,1
0.006289,0.993711,1
0.009598,0.990402,1
0.943589,0.056411,0
0.008697,0.991303,1
0.885474,0.114526,0
0.008016,0.991984,1
0.021438,0.978562,1
0.656756,0.343244,0
0.995348,0.004652,0
0.001332,0.998668,1
0.119695,0.880305,1
0.023893,0.976107,1
0.004366,0.995634,1
0.302984,0.697016,1
0.006527,0.993473,1
0.198016,0.801984,1
0.000926,0.999074,1
0.503273,0.496727,0
0.570229,0.429771,0
0.020089,0.979911,1
0.002561,0.997439,1
0.023658,0.976342,1
0.012590,0.987410,1
0.001650,0.998350,1
0.051364,0.948636,1
0.439335,0.560665,1
0.835132,0.164868,0
0.021370,0.978630,1
0.108647,0.891353,1
0.014085,0.985915,1
0.256634,0.743366,1
0.000806,0.999194,1
0.031442,0.968558,1
0.000166,0.999834,1
0.068262,0.931738,1
0.020982,0.979018,1
0.055519,0.944481,1
0.007748,0.992252,1
0.001514,0.998486,1
0.013385,0.986615,1
0.042196,0.957804,1
0.028316,0.971684,1
0.074146,0.925854,1
0.008407,0.991593,1
0.519553,0.480447,0
0.001494,0.998506,1
0.021704,0.978296,1
0.008409,0.991591,1
0.002403,0.997597,1
0.018950,0.981050,1
0.498529,0.501471,1
0.003325,0.996675,1
0.000324,0.999676,1
0.020988,0.979012,1
0.927462,0.072538,0
0.043580,0.956420,1
0.004741,0.995259,1
0.157353,0.842647,1
0.011699,0.988301,1
0.000204,0.999796,1
0.010967,0.989033,1
0.021643,0.978357,1
0.059147,0.940853,1
0.011275,0.988725,1
0.395422,0.604578,1
0.022506,0.977494,1
0.053749,0.946251,1
0.001520,0.998480,1
0.960478,0.039522,0
0.016419,0.983581,1
0.000013,0.999987,1
0.138565,0.861435,1
0.013320,0.986680,1
0.003331,0.996669,1
0.007306,0.992694,1
0.000250,0.999750,1
0.000136,0.999864,1
0.006086,0.993914,1
0.003576,0.996424,1
0.548405,0.451595,0
0.107269,0.892731,1
0.003098,0.996902,1
0.003203,0.996797,1
0.006927,0.993073,1
0.006497,0.993503,1
0.002338,0.997662,1
0.004418,0.995582,1
0.158410,0.841590,1
0.004257,0.995743,1
0.294248,0.705752,1
0.001788,0.998212,1
0.014247,0.985753,1
0.011987,0.988013,1
0.005243,0.994757,1
0.014535,0.985465,1
0.001992,0.998008,1
0.002993,0.997007,1
0.269552,0.730448,1
0.000376,0.999624,1
0.000037,0.999963,1
0.018056,0.981944,1
0.006813,0.993187,1
0.003697,0.996303,1
0.007664,0.992336,1
0.051457,0.948543,1
0.223868,0.776132,1
0.834394,0.165606,0
0.002120,0.997880,1
0.015338,0.984662,1
0.000592,0.999408,1
0.004582,0.995418,1
0.001315,0.998685,1
0.423793,0.576207,1
0.746389,0.253611,0
0.042292,0.957708,1
0.050808,0.949192,1
0.187165,0.812835,1
0.117290,0.882710,1
0.073037,0.926963,1
0.000624,0.999376,1
0.495852,0.504148,1
0.000219,0.999781,1
0.000315,0.999685,1
0.004766,0.995234,1
0.290416,0.709584,1
0.015878,0.984122,1
0.830564,0.169436,0
0.001115,0.998885,1
0.002886,0.997114,1
0.057044,0.942956,1
0.000023,0.999977,1
0.654762,0.345238,0
0.075825,0.924175,1
0.066096,0.933904,1
0.005862,0.994138,1
0.000388,0.999612,1
0.002359,0.997641,1
0.000038,0.999962,1
0.000032,0.999968,1
0.017904,0.982096,1
0.086580,0.913420,1
0.039588,0.960412,1
0.032410,0.967590,1
0.002152,0.997848,1
0.030559,0.969441,1
0.026837,0.973163,1
0.690668,0.309332,0
0.006970,0.993030,1
0.000321,0.999679,1
0.958077,0.041923,0
0.007190,0.992810,1
0.002496,0.997504,1
0.080652,0.919348,1
0.897086,0.102914,0
0.006946,0.993054,1
0.004657,0.995343,1
0.189697,0.810303,1
0.008918,0.991082,1
0.000425,0.999575,1
0.001892,0.998108,1
0.016585,0.983415,1
0.002368,0.997632,1
0.003388,0.996612,1
0.211572,0.788428,1
0.003885,0.996115,1
0.577793,0.422207,0
0.953768,0.046232,0
0.003911,0.996089,1
0.025325,0.974675,1
0.004551,0.995449,1
0.233186,0.766814,1
0.476371,0.523629,1
0.867462,0.132538,0
0.009081,0.990919,1
0.000834,0.999166,1
0.088674,0.911326,1
0.020916,0.979084,1
0.000407,0.999593,1
0.001730,0.998270,1
0.836719,0.163281,0
0.991087,0.008913,0
0.003851,0.996149,1
0.010220,0.989780,1
0.001275,0.998725,1
0.009080,0.990920,1
0.013868,0.986132,1
0.611630,0.388370,0
0.725358,0.274642,0
0.064465,0.935535,1
0.106562,0.893438,1
0.002088,0.997912,1
0.706942,0.293058,0
0.679399,0.320601,0
0.043312,0.956688,1
0.338348,0.661652,1
0.005497,0.994503,1
0.246024,0.753976,1
0.008402,0.991598,1
0.023581,0.976419,1
0.212120,0.787880,1
0.353425,0.646575,1
0.004976,0.995024,1
0.030909,0.969091,1
0.045069,0.954931,1
0.987425,0.012575,0
0.000059,0.999941,1
0.066377,0.933623,1
0.063213,0.936787,1
0.000944,0.999056,1
0.001643,0.998357,1
0.001440,0.998560,1
0.480415,0.519585,1
0.196883,0.803117,1
0.875534,0.124466,0
0.000689,0.999311,1
0.340012,0.659988,1
0.001135,0.998865,1
0.004676,0.995324,1
0.000357,0.999643,1
0.190406,0.809594,1
0.387602,0.612398,1
0.136218,0.863782,1
0.000115,0.999885,1
0.744727,0.255273,0
0.054570,0.945430,1
0.460964,0.539036,1
0.236944,0.763056,1
0.866963,0.133037,0
0.090815,0.909185,1
0.017812,0.982188,1
0.157696,0.842304,1
0.013765,0.986235,1
0.000858,0.999142,1
0.005840,0.994160,1
0.068129,0.931871,1
0.072954,0.927046,1
0.002658,0.997342,1
0.322761,0.677239,1
0.045130,0.954870,1
0.000261,0.999739,1
0.291764,0.708236,1
0.417318,0.582682,1
0.096714,0.903286,1
0.004519,0.995481,1
0.027321,0.972679,1
0.000092,0.999908,1
0.387483,0.612517,1
0.006182,0.993818,1
0.786276,0.213724,0
0.475996,0.524004,1
0.522715,0.477285,0
0.060131,0.939869,1
0.968408,0.031592,0
0.002560,0.997440,1
0.006217,0.993783,1
0.006894,0.993106,1
0.301382,0.698618,1
0.977532,0.022468,0
0.933295,0.066705,0
0.728246,0.271754,0
0.008445,0.991555,1
0.663839,0.336161,0
0.007290,0.992710,1
0.031532,0.968468,1
0.011764,0.988236,1
0.127256,0.872744,1
0.220728,0.779272,1
0.392963,0.607037,1
0.005898,0.994102,1
0.000793,0.999207,1
0.927664,0.072336,0
0.047820,0.952180,1
0.050665,0.949335,1
0.068922,0.931078,1
0.091555,0.908445,1
0.371611,0.628389,1
0.004923,0.995077,1
0.660177,0.339823,0
0.354828,0.645172,1
0.000206,0.999794,1
0.405237,0.594763,1
0.019861,0.980139,1
0.002551,0.997449,1
0.000166,0.999834,1
0.452965,0.547035,1
0.223553,0.776447,1
0.608072,0.391928,0
0.022466,0.977534,1
0.002088,0.997912,1
0.078148,0.921852,1
0.045081,0.954919,1
0.007247,0.992753,1
0.467294,0.532706,1
0.002365,0.997635,1
0.018219,0.981781,1
0.005429,0.994571,1
0.347662,0.652338,1
0.053506,0.946494,1
0.000022,0.999978,1
0.147084,0.852916,1
0.229824,0.770176,1
0.026386,0.973614,1
0.074286,0.925714,1
0.411532,0.588468,1
0.001294,0.998706,1
0.110918,0.889082,1
0.094114,0.905886,1
0.193296,0.806704,1
0.004953,0.995047,1
0.031115,0.968885,1
0.038598,0.961402,1
0.027380,0.972620,1
0.351935,0.648065,1
0.086395,0.913605,1
0.002267,0.997733,1
0.010644,0.989356,1
0.006372,0.993628,1
0.220000,0.780000,1
0.049819,0.950181,1
0.103594,0.896406,1
0.002617,0.997383,1
0.001723,0.998277,1
0.312395,0.687605,1
0.025851,0.974149,1
0.000041,0.999959,1
0.000670,0.999330,1
0.005089,0.994911,1
0.591394,0.408606,0
0.001123,0.998877,1
0.601057,0.398943,0
0.139623,0.860377,1
0.915134,0.084866,0
0.002291,0.997709,1
0.051055,0.948945,1
0.003700,0.996300,1
0.004433,0.995567,1
0.000126,0.999874,1
0.044086,0.955914,1
0.004826,0.995174,1
0.000063,0.999937,1
0.001618,0.998382,1
0.701300,0.298700,0
0.001450,0.998550,1
0.860251,0.139749,0
0.235602,0.764398,1
0.026398,0.973602,1
0.032808,0.967192,1
0.038445,0.961555,1
0.001924,0.998076,1
0.059734,0.940266,1
0.001546,0.998454,1
0.018756,0.981244,1
0.001168,0.998832,1
0.003535,0.996465,1
0.003500,0.996500,1
0.004078,0.995922,1
0.675667,0.324333,0
0.068702,0.931298,1
0.572453,0.427547,0
0.000555,0.999445,1
0.018855,0.981145,1
0.141389,0.858611,1
0.007901,0.992099,1
0.514842,0.485158,0
0.404717,0.595283,1
0.204358,0.795642,1
0.004268,0.995732,1
0.005429,0.994571,1
0.551254,0.448746,0
0.035732,0.964268,1
0.000044,0.999956,1
0.358789,0.641211,1
0.002614,0.997386,1
0.316047,0.683953,1
0.000617,0.999383,1
0.000305,0.999695,1
0.583137,0.416863,0
0.006038,0.993962,1
0.088707,0.911293,1
0.002307,0.997693,1
0.001559,0.998441,1
0.026214,0.973786,1
0.000175,0.999825,1
0.950335,0.049665,0
0.128646,0.871354,1
0.001712,0.998288,1
0.000097,0.999903,1
0.098583,0.901417,1
0.951537,0.048463,0
0.011929,0.988071,1
0.146009,0.853991,1
0.163365,0.836635,1
0.062136,0.937864,1
0.001501,0.998499,1
0.010694,0.989306,1
0.111656,0.888344,1
0.956891,0.043109,0
0.005694,0.994306,1
0.003644,0.996356,1
0.366499,0.633501,1
0.033800,0.966200,1
0.024111,0.975889,1
0.931856,0.068144,0
0.009344,0.990656,1
0.081201,0.918799,1
0.113793,0.886207,1
0.018664,0.981336,1
0.328390,0.671610,1
0.000378,0.999622,1
0.008640,0.991360,1
0.638248,0.361752,0
0.181269,0.818731,1
0.036200,0.963800,1
0.560886,0.439114,0
0.125566,0.874434,1
0.009370,0.990630,1
0.838911,0.161089,0
0.474272,0.525728,1
0.000195,0.999805,1
0.006063,0.993937,1
0.532676,0.467324,0
0.117774,0.882226,1
0.017270,0.982730,1
0.015332,0.984668,1
0.037410,0.962590,1
0.002248,0.997752,1
0.356182,0.643818,1
0.676972,0.323028,0
0.234761,0.765239,1
0.362591,0.637409,1
0.919925,0.080075,0
0.205743,0.794257,1
0.004461,0.995539,1
0.061073,0.938927,1
0.011711,0.988289,1
0.000078,0.999922,1
0.251617,0.748383,1
0.009410,0.990590,1
0.076278,0.923722,1
0.919761,0.080239,0
0.276060,0.723940,1
0.000849,0.999151,1
0.183714,0.816286,1
0.000105,0.999895,1
0.010203,0.989797,1
0.001802,0.998198,1
0.002698,0.997302,1
0.011048,0.988952,1
0.001952,0.998048,1
0.869308,0.130692,0
0.000207,0.999793,1
0.003650,0.996350,1
0.028512,0.971488,1
0.005691,0.994309,1
0.010356,0.989644,1
0.122234,0.877766,1
0.008867,0.991133,1
0.009140,0.990860,1
0.012042,0.987958,1
0.002138,0.997862,1
0.000358,0.999642,1
0.103855,0.896145,1
0.028067,0.971933,1
0.013275,0.986725,1
0.007989,0.992011,1
0.000566,0.999434,1
0.700246,0.299754,0
0.005576,0.994424,1
0.000456,0.999544,1
0.055698,0.944302,1
0.573746,0.426254,0
0.002416,0.997584,1
0.662641,0.337359,0
0.198630,0.801370,1
0.001575,0.998425,1
0.306017,0.693983,1
0.882695,0.117305,0
0.004434,0.995566,1
0.001572,0.998428,1
0.000489,0.999511,1
0.000154,0.999846,1
0.014531,0.985469,1
0.006659,0.993341,1
0.665422,0.334578,0
0.000004,0.999996,1
0.003714,0.996286,1
0.005390,0.994610,1
0.993369,0.006631,0
0.028061,0.971939,1
0.000659,0.999341,1
0.556285,0.443715,0
0.013656,0.986344,1
0.267898,0.732102,1
0.000073,0.999927,1
0.006431,0.993569,1
0.002241,0.997759,1
0.818601,0.181399,0
0.866519,0.133481,0
0.001737,0.998263,1
0.003744,0.996256,1
0.316198,0.683802,1
0.007314,0.992686,1
0.002123,0.997877,1
0.182202,0.817798,1
0.001688,0.998312,1
0.025200,0.974800,1
0.000325,0.999675,1
0.369681,0.630319,1
0.891356,0.108644,0
0.187919,0.812081,1
0.026681,0.973319,1
0.009449,0.990551,1
0.243130,0.756870,1
0.000309,0.999691,1
0.011253,0.988747,1
0.061481,0.938519,1
0.000748,0.999252,1
0.003098,0.996902,1
0.695602,0.304398,0
0.556591,0.443409,0
0.422368,0.577632,1
0.199059,0.800941,1
0.823901,0.176099,0
0.003187,0.996813,1
0.000399,0.999601,1
0.002572,0.997428,1
0.006401,0.993599,1
0.076650,0.923350,1
0.062430,0.937570,1
0.000163,0.999837,1
0.018261,0.981739,1
0.686576,0.313424,0
0.060683,0.939317,1
0.011880,0.988120,1
0.400395,0.599605,1
0.357134,0.642866,1
0.001511,0.998489,1
0.020926,0.979074,1
0.390592,0.609408,1
0.208624,0.791376,1
0.042247,0.957753,1
0.012597,0.987403,1
0.004515,0.995485,1
0.702446,0.297554,0
0.000819,0.999181,1
0.000071,0.999929,1
0.000758,0.999242,1
0.009004,0.990996,1
0.004628,0.995372,1
0.002727,0.997273,1
0.001708,0.998292,1
0.292413,0.707587,1
0.009869,0.990131,1
0.431964,0.568036,1
0.030021,0.969979,1
0.584595,0.415405,0
0.097298,0.902702,1
0.003789,0.996211,1
0.002905,0.997095,1
0.124144,0.875856,1
0.004671,0.995329,1
0.006555,0.993445,1
0.000019,0.999981,1
0.007386,0.992614,1
0.716162,0.283838,0
0.007097,0.992903,1
0.005034,0.994966,1
0.186418,0.813582,1
0.910295,0.089705,0
0.108333,0.891667,1
0.055904,0.944096,1
0.002634,0.997366,1
0.046462,0.953538,1
0.010179,0.989821,1
0.003249,0.996751,1
0.000157,0.999843,1
0.185093,0.814907,1
0.032085,0.967915,1
0.226600,0.773400,1
0.000051,0.999949,1
0.023900,0.976100,1
0.000093,0.999907,1
0.005480,0.994520,1
0.967608,0.032392,0
0.175770,0.824230,1
0.009626,0.990374,1
0.003532,0.996468,1
0.229983,0.770017,1
0.047811,0.952189,1
0.074534,0.925466,1
0.054586,0.945414,1
0.023228,0.976772,1
0.078892,0.921108,1
0.000564,0.999436,1
0.003981,0.996019,1
0.009663,0.990337,1
0.050846,0.949154,1
0.365050,0.634950,1
0.034106,0.965894,1
0.005779,0.994221,1
0.000143,0.999857,1
0.003252,0.996748,1
0.000049,0.999951,1
0.006203,0.993797,1
0.411553,0.588447,1
0.108099,0.891901,1
0.631641,0.368359,0
0.001521,0.998479,1
0.210001,0.789999,1
0.033019,0.966981,1
0.003366,0.996634,1
0.290449,0.709551,1
0.051776,0.948224,1
0.001155,0.998845,1
0.439829,0.560171,1
0.032480,0.967520,1
0.000124,0.999876,1
0.163237,0.836763,1
0.000005,0.999995,1
0.003508,0.996492,1
0.012021,0.987979,1
0.912452,0.087548,0
0.001845,0.998155,1
0.133375,0.866625,1
0.031300,0.968700,1
0.004782,0.995218,1
0.050822,0.949178,1
0.003095,0.996905,1
0.424923,0.575077,1
0.002539,0.997461,1
0.705986,0.294014,0
0.004471,0.995529,1
0.040130,0.959870,1
0.933737,0.066263,0
0.000318,0.999682,1
0.054043,0.945957,1
0.095378,0.904622,1
0.003031,0.996969,1
0.389543,0.610457,1
0.148264,0.851736,1
0.019390,0.980610,1
0.001616,0.998384,1
0.023691,0.976309,1
0.016667,0.983333,1
0.003356,0.996644,1
0.008357,0.991643,1
0.002392,0.997608,1
0.005075,0.994925,1
0.000133,0.999867,1
0.049035,0.950965,1
0.662971,0.337029,0
0.000203,0.999797,1
0.003009,0.996991,1
0.111891,0.888109,1
0.477358,0.522642,1
0.028822,0.971178,1
0.024204,0.975796,1
0.038496,0.961504,1
0.044658,0.955342,1
0.007458,0.992542,1
0.093410,0.906590,1
0.005510,0.994490,1
0.046071,0.953929,1
0.001310,0.998690,1
0.006630,0.993370,1
0.000054,0.999946,1
0.012209,0.987791,1
0.007330,0.992670,1
0.005299,0.994701,1
0.244417,0.755583,1
0.019981,0.980019,1
0.935373,0.064627,0
0.000416,0.999584,1
0.010914,0.989086,1
0.002864,0.997136,1
0.045172,0.954828,1
0.985571,0.014429,0
0.005210,0.994790,1
0.005997,0.994003,1
0.002322,0.997678,1
0.002423,0.997577,1
0.000803,0.999197,1
0.002566,0.997434,1
0.000207,0.999793,1
0.193666,0.806334,1
0.115742,0.884258,1
0.209138,0.790862,1
0.004035,0.995965,1
0.435384,0.564616,1
0.941059,0.058941,0
0.004036,0.995964,1
0.000521,0.999479,1
0.061456,0.938544,1
0.159147,0.840853,1
0.005058,0.994942,1
0.001434,0.998566,1
0.010575,0.989425,1
0.000004,0.999996,1
0.006816,0.993184,1
0.212176,0.787824,1
0.023501,0.976499,1
0.092120,0.907880,1
0.256222,0.743778,1
0.005105,0.994895,1
0.000301,0.999699,1
0.399560,0.600440,1
0.002707,0.997293,1
0.045836,0.954164,1
0.629647,0.370353,0
0.238628,0.761372,1
0.422689,0.577311,1
0.178328,0.821672,1
0.002428,0.997572,1
0.019068,0.980932,1
0.001187,0.998813,1
0.491740,0.508260,1
0.153275,0.846725,1
0.017757,0.982243,1
0.002728,0.997272,1
0.005516,0.994484,1
0.004671,0.995329,1
0.009424,0.990576,1
0.018489,0.981511,1
0.000708,0.999292,1
0.000016,0.999984,1
0.848328,0.151672,0
0.005299,0.994701,1
0.118583,0.881417,1
0.364852,0.635148,1
0.012490,0.987510,1
0.144976,0.855024,1
0.009025,0.990975,1
0.661235,0.338765,0
0.915364,0.084636,0
0.000228,0.999772,1
0.208065,0.791935,1
0.000647,0.999353,1
0.017514,0.982486,1
0.000021,0.999979,1
0.034593,0.965407,1
0.006942,0.993058,1
0.002531,0.997469,1
0.253014,0.746986,1
0.035118,0.964882,1
0.001411,0.998589,1
0.165537,0.834463,1
0.000111,0.999889,1
0.000153,0.999847,1
0.005415,0.994585,1
0.002080,0.997920,1
0.531255,0.468745,0
0.733946,0.266054,0
0.016467,0.983533,1
0.000260,0.999740,1
0.005632,0.994368,1
0.003702,0.996298,1
0.006493,0.993507,1
0.000734,0.999266,1
0.004657,0.995343,1
0.000053,0.999947,1
0.621761,0.378239,0
0.859716,0.140284,0
0.000341,0.999659,1
0.004102,0.995898,1
0.727923,0.272077,0
0.739400,0.260600,0
0.000135,0.999865,1
0.001472,0.998528,1
0.525004,0.474996,0
0.001201,0.998799,1
0.563853,0.436147,0
0.001811,0.998189,1
0.131000,0.869000,1
0.671872,0.328128,0
0.124601,0.875399,1
0.056073,0.943927,1
0.839587,0.160413,0
0.069153,0.930847,1
0.167193,0.832807,1
0.761285,0.238715,0
0.008108,0.991892,1
0.002395,0.997605,1
0.002384,0.997616,1
0.101191,0.898809,1
0.003808,0.996192,1
0.008476,0.991524,1
0.000961,0.999039,1
0.009861,0.990139,1
0.438087,0.561913,1
0.000301,0.999699,1
0.017906,0.982094,1
0.622957,0.377043,0
0.017560,0.982440,1
0.987559,0.012441,0
0.000335,0.999665,1
0.388278,0.611722,1
0.002934,0.997066,1
0.344130,0.655870,1
0.050533,0.949467,1
0.792968,0.207032,0
0.132675,0.867325,1
0.734021,0.265979,0
0.010858,0.989142,1
0.006206,0.993794,1
0.010579,0.989421,1
0.832422,0.167578,0
0.866457,0.133543,0
0.008359,0.991641,1
0.131549,0.868451,1
0.026281,0.973719,1
0.008208,0.991792,1
0.642763,0.357237,0
0.136973,0.863027,1
0.337134,0.662866,1
0.034591,0.965409,1
0.975547,0.024453,0
0.003776,0.996224,1
0.165287,0.834713,1
0.003166,0.996834,1
0.536825,0.463175,0
0.861356,0.138644,0
0.000055,0.999945,1
0.993027,0.006973,0
0.000319,0.999681,1
0.938267,0.061733,0
0.603444,0.396556,0
0.000326,0.999674,1
0.845136,0.154864,0
0.002169,0.997831,1
0.051816,0.948184,1
0.021597,0.978403,1
0.691023,0.308977,0
0.041492,0.958508,1
0.001782,0.998218,1
0.000126,0.999874,1
0.843033,0.156967,0
0.849980,0.150020,0
0.351017,0.648983,1
0.003148,0.996852,1
0.006423,0.993577,1
0.014486,0.985514,1
0.131284,0.868716,1
0.328721,0.671279,1
0.333772,0.666228,1
0.916992,0.083008,0
0.051475,0.948525,1
0.009952,0.990048,1
0.000319,0.999681,1
0.000822,0.999178,1
0.157836,0.842164,1
0.002862,0.997138,1
0.004114,0.995886,1
0.003714,0.996286,1
0.011976,0.988024,1
0.247775,0.752225,1
0.750581,0.249419,0
0.083689,0.916311,1
0.361564,0.638436,1
0.003842,0.996158,1
0.001187,0.998813,1
0.000114,0.999886,1
0.001671,0.998329,1
0.001146,0.998854,1
0.583829,0.416171,0
0.000062,0.999938,1
0.011771,0.988229,1
0.001725,0.998275,1
0.000972,0.999028,1
0.371850,0.628150,1
0.016280,0.983720,1
0.170279,0.829721,1
0.110343,0.889657,1
0.000939,0.999061,1
0.002432,0.997568,1
0.814657,0.185343,0
0.007116,0.992884,1
0.000747,0.999253,1
0.000981,0.999019,1
0.000648,0.999352,1
0.275730,0.724270,1
0.001669,0.998331,1
0.248983,0.751017,1
0.000063,0.999937,1
0.503047,0.496953,0
0.001684,0.998316,1
0.069213,0.930787,1
0.050394,0.949606,1
0.012898,0.987102,1
0.004828,0.995172,1
0.663544,0.336456,0
0.001010,0.998990,1
0.003650,0.996350,1
0.008512,0.991488,1
0.225811,0.774189,1
0.319134,0.680866,1
0.630045,0.369955,0
0.005602,0.994398,1
0.003461,0.996539,1
0.014973,0.985027,1
0.003534,0.996466,1
0.992185,0.007815,0
0.003465,0.996535,1
0.378563,0.621437,1
0.075417,0.924583,1
0.000642,0.999358,1
0.018308,0.981692,1
0.000020,0.999980,1
0.001107,0.998893,1
0.007805,0.992195,1
0.002115,0.997885,1
0.818903,0.181097,0
0.402545,0.597455,1
0.004447,0.995553,1
0.000444,0.999556,1
0.003644,0.996356,1
0.157360,0.842640,1
0.852711,0.147289,0
0.007810,0.992190,1
0.023973,0.976027,1
0.005721,0.994279,1
0.178983,0.821017,1
0.004314,0.995686,1
0.269423,0.730577,1
0.460303,0.539697,1
0.003567,0.996433,1
0.153937,0.846063,1
0.005402,0.994598,1
0.009450,0.990550,1
0.045295,0.954705,1
0.002276,0.997724,1
0.249764,0.750236,1
0.009998,0.990002,1
0.858760,0.141240,0
0.005908,0.994092,1
0.003568,0.996432,1
0.000804,0.999196,1
0.004942,0.995058,1
0.007855,0.992145,1
0.024739,0.975261,1
0.011864,0.988136,1
0.000053,0.999947,1
0.083678,0.916322,1
0.003401,0.996599,1
0.200802,0.799198,1
0.115958,0.884042,1
0.020387,0.979613,1
0.752027,0.247973,0
0.035038,0.964962,1
0.000462,0.999538,1
0.002107,0.997893,1
0.008467,0.991533,1
0.005771,0.994229,1
0.002300,0.997700,1
0.001094,0.998906,1
0.016395,0.983605,1
0.259035,0.740965,1
0.004624,0.995376,1
0.052270,0.947730,1
0.195063,0.804937,1
0.272219,0.727781,1
0.152995,0.847005,1
0.189362,0.810638,1
0.294348,0.705652,1
0.001275,0.998725,1
0.227139,0.772861,1
0.004957,0.995043,1
0.143561,0.856439,1
0.615167,0.384833,0
0.989710,0.010290,0
0.782087,0.217913,0
0.414859,0.585141,1
0.058745,0.941255,1
0.024468,0.975532,1
0.066554,0.933446,1
0.000743,0.999257,1
0.307093,0.692907,1
0.000966,0.999034,1
0.560624,0.439376,0
0.060007,0.939993,1
0.032395,0.967605,1
0.010072,0.989928,1
0.001432,0.998568,1
0.085427,0.914573,1
0.073629,0.926371,1
0.012354,0.987646,1
0.205750,0.794250,1
0.001385,0.998615,1
0.004161,0.995839,1
0.001734,0.998266,1
0.252849,0.747151,1
0.025903,0.974097,1
0.001559,0.998441,1
0.002166,0.997834,1
0.035684,0.964316,1
0.861298,0.138702,0
0.045508,0.954492,1
0.479431,0.520569,1
0.019515,0.980485,1
0.759849,0.240151,0
0.004101,0.995899,1
0.789939,0.210061,0
0.003632,0.996368,1
0.000803,0.999197,1
0.617115,0.382885,0
0.000157,0.999843,1
0.007118,0.992882,1
0.934086,0.065914,0
0.323972,0.676028,1
0.003880,0.996120,1
0.852801,0.147199,0
0.028436,0.971564,1
0.037175,0.962825,1
0.000484,0.999516,1
0.143605,0.856395,1
0.107758,0.892242,1
0.008548,0.991452,1
0.007739,0.992261,1
0.365434,0.634566,1
0.027886,0.972114,1
0.269861,0.730139,1
0.000893,0.999107,1
0.006349,0.993651,1
0.006573,0.993427,1
0.010296,0.989704,1
0.000016,0.999984,1
0.018121,0.981879,1
0.013957,0.986043,1
0.960711,0.039289,0
0.003498,0.996502,1
0.038934,0.961066,1
0.124515,0.875485,1
0.004953,0.995047,1
0.002851,0.997149,1
0.070016,0.929984,1
0.156562,0.843438,1
0.320802,0.679198,1
0.000470,0.999530,1
0.000924,0.999076,1
0.001184,0.998816,1
0.421710,0.578290,1
0.311602,0.688398,1
0.133382,0.866618,1
0.473437,0.526563,1
0.146017,0.853983,1
0.045261,0.954739,1
0.000586,0.999414,1
0.002034,0.997966,1
0.054683,0.945317,1
0.081109,0.918891,1
0.004252,0.995748,1
0.011099,0.988901,1
0.216018,0.783982,1
0.000831,0.999169,1
0.005384,0.994616,1
0.965819,0.034181,0
0.000149,0.999851,1
0.014505,0.985495,1
0.000148,0.999852,1
0.000027,0.999973,1
0.481534,0.518466,1
0.635124,0.364876,0
0.057510,0.942490,1
0.749387,0.250613,0
0.041193,0.958807,1
0.914999,0.085001,0
0.001037,0.998963,1
0.000805,0.999195,1
0.019435,0.980565,1
0.467918,0.532082,1
0.260319,0.739681,1
0.007989,0.992011,1
0.001615,0.998385,1
0.014190,0.985810,1
0.000085,0.999915,1
0.007581,0.992419,1
0.014009,0.985991,1
0.009021,0.990979,1
0.004135,0.995865,1
0.015891,0.984109,1
0.001995,0.998005,1
0.032653,0.967347,1
0.031689,0.968311,1
0.022674,0.977326,1
0.005467,0.994533,1
0.001955,0.998045,1
0.629217,0.370783,0
0.007373,0.992627,1
0.003615,0.996385,1
0.074468,0.925532,1
0.000267,0.999733,1
0.185439,0.814561,1
0.000712,0.999288,1
0.011098,0.988902,1
0.084324,0.915676,1
0.000123,0.999877,1
0.016899,0.983101,1
0.005492,0.994508,1
0.030090,0.969910,1
0.024406,0.975594,1
0.196916,0.803084,1
0.025001,0.974999,1
0.001971,0.998029,1
0.027255,0.972745,1
0.018732,0.981268,1
0.020867,0.979133,1
0.108358,0.891642,1
0.001800,0.998200,1
0.000010,0.999990,1
0.650129,0.349871,0
0.018655,0.981345,1
0.001019,0.998981,1
0.000170,0.999830,1
0.002811,0.997189,1
0.000846,0.999154,1
0.022903,0.977097,1
0.130988,0.869012,1
0.007102,0.992898,1
0.014913,0.985087,1
0.459249,0.540751,1
0.003486,0.996514,1
0.054142,0.945858,1
0.017829,0.982171,1
0.458709,0.541291,1
0.000340,0.999660,1
0.009882,0.990118,1
0.003138,0.996862,1
0.004623,0.995377,1
0.125141,0.874859,1
0.107462,0.892538,1
0.054708,0.945292,1
0.670594,0.329406,0
0.064977,0.935023,1
0.573247,0.426753,0
0.307060,0.692940,1
0.057760,0.942240,1
0.449923,0.550077,1
0.003350,0.996650,1
0.002654,0.997346,1
0.399687,0.600313,1
0.123761,0.876239,1
0.810449,0.189551,0
0.006206,0.993794,1
0.000648,0.999352,1
0.002579,0.997421,1
0.059044,0.940956,1
0.204438,0.795562,1
0.017361,0.982639,1
0.846601,0.153399,0
0.003980,0.996020,1
0.248983,0.751017,1
0.199842,0.800158,1
0.002168,0.997832,1
0.081395,0.918605,1
0.012011,0.987989,1
0.951471,0.048529,0
0.657641,0.342359,0
0.000291,0.999709,1
0.001293,0.998707,1
0.050642,0.949358,1
0.006225,0.993775,1
0.028427,0.971573,1
0.043965,0.956035,1
0.015761,0.984239,1
0.112597,0.887403,1
0.264925,0.735075,1
0.002275,0.997725,1
0.015475,0.984525,1
0.537128,0.462872,0
0.160914,0.839086,1
0.043973,0.956027,1
0.001337,0.998663,1
0.237379,0.762621,1
0.004706,0.995294,1
0.019713,0.980287,1
0.000050,0.999950,1
0.099551,0.900449,1
0.000162,0.999838,1
0.000112,0.999888,1
0.000291,0.999709,1
0.012705,0.987295,1
0.955466,0.044534,0
0.458687,0.541313,1
0.003446,0.996554,1
0.002483,0.997517,1
0.023173,0.976827,1
0.025789,0.974211,1
0.001354,0.998646,1
0.004945,0.995055,1
0.018509,0.981491,1
0.000972,0.999028,1
0.130921,0.869079,1
0.014571,0.985429,1
0.001889,0.998111,1
0.000396,0.999604,1
0.010044,0.989956,1
0.316903,0.683097,1
0.427548,0.572452,1
0.195651,0.804349,1
0.000080,0.999920,1
0.001817,0.998183,1
0.007485,0.992515,1
0.005077,0.994923,1
0.709006,0.290994,0
0.000645,0.999355,1
0.003453,0.996547,1
0.002757,0.997243,1
0.006832,0.993168,1
0.025600,0.974400,1
0.000012,0.999988,1
0.000248,0.999752,1
0.477516,0.522484,1
0.719223,0.280777,0
0.013243,0.986757,1
0.000022,0.999978,1
0.098256,0.901744,1
0.000150,0.999850,1
0.316756,0.683244,1
0.005526,0.994474,1
0.000213,0.999787,1
0.001032,0.998968,1
0.009301,0.990699,1
0.032603,0.967397,1
0.023679,0.976321,1
0.011062,0.988938,1
0.000350,0.999650,1
0.000412,0.999588,1
0.000301,0.999699,1
0.161472,0.838528,1
0.232433,0.767567,1
0.281669,0.718331,1
0.457218,0.542782,1
0.021886,0.978114,1
0.488663,0.511337,1
0.483884,0.516116,1
0.013413,0.986587,1
0.001782,0.998218,1
0.044807,0.955193,1
0.000895,0.999105,1
0.000043,0.999957,1
0.000054,0.999946,1
0.000202,0.999798,1
0.043930,0.956070,1
0.185141,0.814859,1
0.109256,0.890744,1
0.079633,0.920367,1
0.000062,0.999938,1
0.003348,0.996652,1
0.049600,0.950400,1
0.001417,0.998583,1
0.002739,0.997261,1
0.000014,0.999986,1
0.282500,0.717500,1
0.247545,0.752455,1
0.075393,0.924607,1
0.000850,0.999150,1
0.123476,0.876524,1
0.002777,0.997223,1
0.281076,0.718924,1
0.435418,0.564582,1
0.699879,0.300121,0
0.000120,0.999880,1
0.000050,0.999950,1
0.271281,0.728719,1
0.564813,0.435187,0
0.022447,0.977553,1
0.129126,0.870874,1
0.006591,0.993409,1
0.534626,0.465374,0
0.149818,0.850182,1
0.708419,0.291581,0
0.106615,0.893385,1
0.906775,0.093225,0
0.000086,0.999914,1
0.032412,0.967588,1
0.604964,0.395036,0
0.638728,0.361272,0
0.001615,0.998385,1
0.211198,0.788802,1
0.053949,0.946051,1
0.789518,0.210482,0
0.000487,0.999513,1
0.061743,0.938257,1
0.002972,0.997028,1
0.015479,0.984521,1
0.121190,0.878810,1
0.326373,0.673627,1
0.757129,0.242871,0
0.037799,0.962201,1
0.075786,0.924214,1
0.839628,0.160372,0
0.536144,0.463856,0
0.000016,0.999984,1
0.004175,0.995825,1
0.076239,0.923761,1
0.548146,0.451854,0
0.004800,0.995200,1
0.018183,0.981817,1
0.000986,0.999014,1
0.014394,0.985606,1
0.490576,0.509424,1
0.006529,0.993471,1
0.033600,0.966400,1
0.244722,0.755278,1
0.038443,0.961557,1
0.017541,0.982459,1
0.003408,0.996592,1
0.160867,0.839133,1
0.005082,0.994918,1
0.037758,0.962242,1
0.187833,0.812167,1
0.681706,0.318294,0
0.030487,0.969513,1
0.399062,0.600938,1
0.036834,0.963166,1
0.061875,0.938125,1
0.012530,0.987470,1
0.940935,0.059065,0
0.016601,0.983399,1
0.001142,0.998858,1
0.065201,0.934799,1
0.000053,0.999947,1
0.006170,0.993830,1
0.015150,0.984850,1
0.051725,0.948275,1
0.002113,0.997887,1
0.093163,0.906837,1
0.006774,0.993226,1
0.017908,0.982092,1
0.742179,0.257821,0
0.546862,0.453138,0
0.958654,0.041346,0
0.127066,0.872934,1
0.002710,0.997290,1
0.116650,0.883350,1
0.026263,0.973737,1
0.067732,0.932268,1
0.000071,0.999929,1
0.030697,0.969303,1
0.000626,0.999374,1
0.156901,0.843099,1
0.034957,0.965043,1
0.139255,0.860745,1
0.001073,0.998927,1
0.504599,0.495401,0
0.007263,0.992737,1
0.012622,0.987378,1
0.008144,0.991856,1
0.138467,0.861533,1
0.004034,0.995966,1
0.007855,0.992145,1
0.588913,0.411087,0
0.100984,0.899016,1
0.731604,0.268396,0
0.004443,0.995557,1
0.989666,0.010334,0
0.002371,0.997629,1
0.030160,0.969840,1
0.029120,0.970880,1
0.497846,0.502154,1
0.383450,0.616550,1
0.006292,0.993708,1
0.000748,0.999252,1
0.002307,0.997693,1
0.229337,0.770663,1
0.003245,0.996755,1
0.018670,0.981330,1
0.408221,0.591779,1
0.878877,0.121123,0
0.000852,0.999148,1
0.002428,0.997572,1
0.012244,0.987756,1
0.012957,0.987043,1
0.006157,0.993843,1
0.001300,0.998700,1
0.458191,0.541809,1
0.258199,0.741801,1
0.475798,0.524202,1
0.006182,0.993818,1
0.001240,0.998760,1
0.222061,0.777939,1
0.011356,0.988644,1
0.710359,0.289641,0
0.002442,0.997558,1
0.708245,0.291755,0
0.010428,0.989572,1
0.797680,0.202320,0
0.026337,0.973663,1
0.819948,0.180052,0
0.147326,0.852674,1
0.000027,0.999973,1
0.005269,0.994731,1
0.044746,0.955254,1
0.000019,0.999981,1
0.858931,0.141069,0
0.015118,0.984882,1
0.005886,0.994114,1
0.002086,0.997914,1
0.408095,0.591905,1
0.000028,0.999972,1
0.003626,0.996374,1
0.001831,0.998169,1
0.793336,0.206664,0
0.003352,0.996648,1
0.000006,0.999994,1
0.117380,0.882620,1
0.000126,0.999874,1
0.202433,0.797567,1
0.000006,0.999994,1
0.001203,0.998797,1
0.012147,0.987853,1
0.524752,0.475248,0
0.000957,0.999043,1
0.000003,0.999997,1
0.000555,0.999445,1
0.130624,0.869376,1
0.085545,0.914455,1
0.803898,0.196102,0
0.000008,0.999992,1
0.601567,0.398433,0
0.051578,0.948422,1
0.007800,0.992200,1
0.058563,0.941437,1
0.000330,0.999670,1
0.025033,0.974967,1
0.002526,0.997474,1
0.015494,0.984506,1
0.208806,0.791194,1
0.148015,0.851985,1
0.916192,0.083808,0
0.132724,0.867276,1
0.038921,0.961079,1
0.001289,0.998711,1
0.408158,0.591842,1
0.000268,0.999732,1
0.105255,0.894745,1
0.000461,0.999539,1
0.154309,0.845691,1
0.001932,0.998068,1
0.005277,0.994723,1
0.015462,0.984538,1
0.009410,0.990590,1
0.591606,0.408394,0
0.000096,0.999904,1
0.183426,0.816574,1
0.012214,0.987786,1
0.028285,0.971715,1
0.070785,0.929215,1
0.000893,0.999107,1
0.004737,0.995263,1
0.005361,0.994639,1
0.477333,0.522667,1
0.009718,0.990282,1
0.009647,0.990353,1
0.408158,0.591842,1
0.013130,0.986870,1
0.029962,0.970038,1
0.387813,0.612187,1
0.002358,0.997642,1
0.002605,0.997395,1
0.072155,0.927845,1
0.010095,0.989905,1
0.003599,0.996401,1
0.220717,0.779283,1
0.002378,0.997622,1
0.005029,0.994971,1
0.012324,0.987676,1
0.082174,0.917826,1
0.000110,0.999890,1
0.652137,0.347863,0
0.860490,0.139510,0
0.002645,0.997355,1
0.001831,0.998169,1
0.000090,0.999910,1
0.064299,0.935701,1
0.116317,0.883683,1
0.054559,0.945441,1
0.021028,0.978972,1
0.015556,0.984444,1
0.001797,0.998203,1
0.102847,0.897153,1
0.004814,0.995186,1
0.681428,0.318572,0
0.016701,0.983299,1
0.000516,0.999484,1
0.000406,0.999594,1
0.862866,0.137134,0
0.002488,0.997512,1
0.926379,0.073621,0
0.457169,0.542831,1
0.051224,0.948776,1
0.560544,0.439456,0
0.000298,0.999702,1
0.064773,0.935227,1
0.478689,0.521311,1
0.003745,0.996255,1
0.974780,0.025220,0
0.002782,0.997218,1
0.022775,0.977225,1
0.126540,0.873460,1
0.010822,0.989178,1
0.003338,0.996662,1
0.003389,0.996611,1
0.759705,0.240295,0
0.183720,0.816280,1
0.016144,0.983856,1
0.063066,0.936934,1
0.041362,0.958638,1
0.528007,0.471993,0
0.239181,0.760819,1
0.003388,0.996612,1
0.003658,0.996342,1
0.017176,0.982824,1
0.527792,0.472208,0
0.044085,0.955915,1
0.075520,0.924480,1
0.000224,0.999776,1
0.000140,0.999860,1
0.001699,0.998301,1
0.003109,0.996891,1
0.063300,0.936700,1
0.705734,0.294266,0
0.032635,0.967365,1
0.839120,0.160880,0
0.062718,0.937282,1
0.027585,0.972415,1
0.471805,0.528195,1
0.064945,0.935055,1
0.006153,0.993847,1
0.000864,0.999136,1
0.000036,0.999964,1
0.000052,0.999948,1
0.139730,0.860270,1
0.890065,0.109935,0
0.003672,0.996328,1
0.000407,0.999593,1
0.143294,0.856706,1
0.414512,0.585488,1
0.018393,0.981607,1
0.046001,0.953999,1
0.039004,0.960996,1
0.070582,0.929418,1
0.001664,0.998336,1
0.119312,0.880688,1
0.476045,0.523955,1
0.122080,0.877920,1
0.254837,0.745163,1
0.195319,0.804681,1
0.007989,0.992011,1
0.029116,0.970884,1
0.004204,0.995796,1
0.007203,0.992797,1
0.485917,0.514083,1
0.002580,0.997420,1
0.362190,0.637810,1
0.003958,0.996042,1
0.050402,0.949598,1
0.128988,0.871012,1
0.274364,0.725636,1
0.008493,0.991507,1
0.020762,0.979238,1
0.001212,0.998788,1
0.003793,0.996207,1
0.489005,0.510995,1
0.001635,0.998365,1
0.148549,0.851451,1
0.004625,0.995375,1
0.003179,0.996821,1
0.007324,0.992676,1
0.000642,0.999358,1
0.464085,0.535915,1
0.000050,0.999950,1
0.007590,0.992410,1
0.000747,0.999253,1
0.401573,0.598427,1
0.116553,0.883447,1
0.000208,0.999792,1
0.000521,0.999479,1
0.040899,0.959101,1
0.196485,0.803515,1
0.120427,0.879573,1
0.030118,0.969882,1
0.000086,0.999914,1
0.000693,0.999307,1
0.004728,0.995272,1
0.006720,0.993280,1
0.045961,0.954039,1
0.010602,0.989398,1
0.104501,0.895499,1
0.000408,0.999592,1
0.007778,0.992222,1
0.026285,0.973715,1
0.011165,0.988835,1
0.003078,0.996922,1
0.000190,0.999810,1
0.286973,0.713027,1
0.039720,0.960280,1
0.021107,0.978893,1
0.010484,0.989516,1
0.001186,0.998814,1
0.048602,0.951398,1
0.951009,0.048991,0
0.521272,0.478728,0
0.005973,0.994027,1
0.290401,0.709599,1
0.002281,0.997719,1
0.029487,0.970513,1
0.294826,0.705174,1
0.000980,0.999020,1
0.749672,0.250328,0
0.459660,0.540340,1
0.000122,0.999878,1
0.011894,0.988106,1
0.006137,0.993863,1
0.434430,0.565570,1
0.004200,0.995800,1
0.117485,0.882515,1
0.067582,0.932418,1
0.448348,0.551652,1
0.000489,0.999511,1
0.530318,0.469682,0
0.004855,0.995145,1
0.066892,0.933108,1
0.001311,0.998689,1
0.016558,0.983442,1
0.011489,0.988511,1
0.107462,0.892538,1
0.574650,0.425350,0
0.266157,0.733843,1
0.001094,0.998906,1
0.256165,0.743835,1
0.010356,0.989644,1
0.000020,0.999980,1
0.695082,0.304918,0
0.153622,0.846378,1
0.873832,0.126168,0
0.009058,0.990942,1
0.013615,0.986385,1
0.003801,0.996199,1
0.002223,0.997777,1
0.781091,0.218909,0
0.241899,0.758101,1
0.001772,0.998228,1
0.081395,0.918605,1
0.251302,0.748698,1
0.301054,0.698946,1
0.064349,0.935651,1
0.939028,0.060972,0
0.000094,0.999906,1
0.005780,0.994220,1
0.010931,0.989069,1
0.008613,0.991387,1
0.681112,0.318888,0
0.242487,0.757513,1
0.091939,0.908061,1
0.023546,0.976454,1
0.952166,0.047834,0
0.004541,0.995459,1
0.001643,0.998357,1
0.234796,0.765204,1
0.900287,0.099713,0
0.000335,0.999665,1
0.000260,0.999740,1
0.012754,0.987246,1
0.156760,0.843240,1
0.270684,0.729316,1
0.006629,0.993371,1
0.435345,0.564655,1
0.006067,0.993933,1
0.213571,0.786429,1
0.879393,0.120607,0
0.906081,0.093919,0
0.002709,0.997291,1
0.006068,0.993932,1
0.605046,0.394954,0
0.299717,0.700283,1
0.048208,0.951792,1
0.000762,0.999238,1
0.453880,0.546120,1
0.025677,0.974323,1
0.031661,0.968339,1
0.042548,0.957452,1
0.009200,0.990800,1
0.100525,0.899475,1
0.941133,0.058867,0
0.459602,0.540398,1
0.013244,0.986756,1
0.023173,0.976827,1
0.105857,0.894143,1
0.003060,0.996940,1
0.937522,0.062478,0
0.017413,0.982587,1
0.659305,0.340695,0
0.028861,0.971139,1
0.013170,0.986830,1
0.258517,0.741483,1
0.025849,0.974151,1
0.252282,0.747718,1
0.010597,0.989403,1
0.000208,0.999792,1
0.829980,0.170020,0
0.002072,0.997928,1
0.068518,0.931482,1
0.000774,0.999226,1
0.015863,0.984137,1
0.011051,0.988949,1
0.000079,0.999921,1
0.087740,0.912260,1
0.000305,0.999695,1
0.740905,0.259095,0
0.002485,0.997515,1
0.000264,0.999736,1
0.010019,0.989981,1
0.029489,0.970511,1
0.016794,0.983206,1
0.004447,0.995553,1
0.004079,0.995921,1
0.975501,0.024499,0
0.007622,0.992378,1
0.949516,0.050484,0
0.634065,0.365935,0
0.005914,0.994086,1
0.067703,0.932297,1
0.111890,0.888110,1
0.405768,0.594232,1
0.000376,0.999624,1
0.008863,0.991137,1
0.096952,0.903048,1
0.032559,0.967441,1
0.030516,0.969484,1
0.019794,0.980206,1
0.028231,0.971769,1
0.015922,0.984078,1
0.017945,0.982055,1
0.006318,0.993682,1
0.042892,0.957108,1
0.701044,0.298956,0
0.001727,0.998273,1
0.002022,0.997978,1
0.028782,0.971218,1
0.925764,0.074236,0
0.000004,0.999996,1
0.007794,0.992206,1
0.759709,0.240291,0
0.023855,0.976145,1
0.008806,0.991194,1
0.016909,0.983091,1
0.071727,0.928273,1
0.212573,0.787427,1
0.006877,0.993123,1
0.072934,0.927066,1
0.000809,0.999191,1
0.008648,0.991352,1
0.824352,0.175648,0
0.007905,0.992095,1
0.041829,0.958171,1
0.873586,0.126414,0
0.661621,0.338379,0
0.007053,0.992947,1
0.004201,0.995799,1
0.765656,0.234344,0
0.001874,0.998126,1
0.002460,0.997540,1
0.150548,0.849452,1
0.007918,0.992082,1
0.000774,0.999226,1
0.132342,0.867658,1
0.001235,0.998765,1
0.244141,0.755859,1
0.002240,0.997760,1
0.001717,0.998283,1
0.000620,0.999380,1
0.008462,0.991538,1
0.002920,0.997080,1
0.037152,0.962848,1
0.000903,0.999097,1
0.031221,0.968779,1
0.005819,0.994181,1
0.006798,0.993202,1
0.983198,0.016802,0
0.000275,0.999725,1
0.038525,0.961475,1
0.954022,0.045978,0
0.000345,0.999655,1
0.006457,0.993543,1
0.543012,0.456988,0
0.005421,0.994579,1
0.789363,0.210637,0
0.805322,0.194678,0
0.002798,0.997202,1
0.893111,0.106889,0
0.006547,0.993453,1
0.201687,0.798313,1
0.622028,0.377972,0
0.005583,0.994417,1
0.040930,0.959070,1
0.041626,0.958374,1
0.061565,0.938435,1
0.002866,0.997134,1
0.263229,0.736771,1
0.000363,0.999637,1
0.047586,0.952414,1
0.201881,0.798119,1
0.006123,0.993877,1
0.042023,0.957977,1
0.070237,0.929763,1
0.480132,0.519868,1
0.920504,0.079496,0
0.123445,0.876555,1
0.000044,0.999956,1
0.000112,0.999888,1
0.000729,0.999271,1
0.001182,0.998818,1
0.002328,0.997672,1
0.004144,0.995856,1
0.017869,0.982131,1
0.000163,0.999837,1
0.001582,0.998418,1
0.004157,0.995843,1
0.001410,0.998590,1
0.000136,0.999864,1
0.519775,0.480225,0
0.013726,0.986274,1
0.049898,0.950102,1
0.017044,0.982956,1
0.014754,0.985246,1
0.019227,0.980773,1
0.645384,0.354616,0
0.001483,0.998517,1
0.000143,0.999857,1
0.010010,0.989990,1
0.010856,0.989144,1
0.004529,0.995471,1
0.000034,0.999966,1
0.025706,0.974294,1
0.048627,0.951373,1
0.980930,0.019070,0
0.765945,0.234055,0
0.546683,0.453317,0
0.428306,0.571694,1
0.001556,0.998444,1
0.043162,0.956838,1
0.686454,0.313546,0
0.002606,0.997394,1
0.020376,0.979624,1
0.010261,0.989739,1
0.309217,0.690783,1
0.345301,0.654699,1
0.801934,0.198066,0
0.002171,0.997829,1
0.000005,0.999995,1
0.057147,0.942853,1
0.007788,0.992212,1
0.052165,0.947835,1
0.102366,0.897634,1
0.763598,0.236402,0
0.007980,0.992020,1
0.040199,0.959801,1
0.001924,0.998076,1
0.727094,0.272906,0
0.723001,0.276999,0
0.017727,0.982273,1
0.820597,0.179403,0
0.025334,0.974666,1
0.049582,0.950418,1
0.008057,0.991943,1
0.004430,0.995570,1
0.041257,0.958743,1
0.000070,0.999930,1
0.001012,0.998988,1
0.001480,0.998520,1
0.003976,0.996024,1
0.018654,0.981346,1
0.004309,0.995691,1
0.048107,0.951893,1
0.222602,0.777398,1
0.002143,0.997857,1
0.085161,0.914839,1
0.004689,0.995311,1
0.000016,0.999984,1
0.870909,0.129091,0
0.003751,0.996249,1
0.000563,0.999437,1
0.000701,0.999299,1
0.652361,0.347639,0
0.087230,0.912770,1
0.001676,0.998324,1
0.002352,0.997648,1
0.244671,0.755329,1
0.079053,0.920947,1
0.000215,0.999785,1
0.679530,0.320470,0
0.004760,0.995240,1
0.991993,0.008007,0
0.608871,0.391129,0
0.007664,0.992336,1
0.250582,0.749418,1
0.004806,0.995194,1
0.219782,0.780218,1
0.483099,0.516901,1
0.008483,0.991517,1
0.000860,0.999140,1
0.220054,0.779946,1
0.404828,0.595172,1
0.013675,0.986325,1
0.131811,0.868189,1
0.004501,0.995499,1
0.012032,0.987968,1
0.187866,0.812134,1
0.000083,0.999917,1
0.000023,0.999977,1
0.325843,0.674157,1
0.380060,0.619940,1
0.020433,0.979567,1
0.531850,0.468150,0
0.014817,0.985183,1
0.012861,0.987139,1
0.008764,0.991236,1
0.015706,0.984294,1
0.002414,0.997586,1
0.001057,0.998943,1
0.000909,0.999091,1
0.001235,0.998765,1
0.114878,0.885122,1
0.000972,0.999028,1
0.001958,0.998042,1
0.015924,0.984076,1
0.037359,0.962641,1
0.876013,0.123987,0
0.950211,0.049789,0
0.001151,0.998849,1
0.018207,0.981793,1
0.969980,0.030020,0
0.564485,0.435515,0
0.071612,0.928388,1
0.521973,0.478027,0
0.004408,0.995592,1
0.009372,0.990628,1
0.000008,0.999992,1
0.010289,0.989711,1
0.041666,0.958334,1
0.025283,0.974717,1
0.269693,0.730307,1
0.024099,0.975901,1
0.944210,0.055790,0
0.777512,0.222488,0
0.427229,0.572771,1
0.512189,0.487811,0
0.288331,0.711669,1
0.014795,0.985205,1
0.020658,0.979342,1
0.024806,0.975194,1
0.239994,0.760006,1
0.020248,0.979752,1
0.429949,0.570051,1
0.394865,0.605135,1
0.000023,0.999977,1
0.168161,0.831839,1
0.069076,0.930924,1
0.000275,0.999725,1
0.002577,0.997423,1
0.000464,0.999536,1
0.019063,0.980937,1
0.027701,0.972299,1
0.569305,0.430695,0
0.004749,0.995251,1
0.198462,0.801538,1
0.018938,0.981062,1
0.001288,0.998712,1
0.006157,0.993843,1
0.006575,0.993425,1
0.005062,0.994938,1
0.972033,0.027967,0
0.003294,0.996706,1
0.157629,0.842371,1
0.158249,0.841751,1
0.735842,0.264158,0
0.000071,0.999929,1
0.023692,0.976308,1
0.008059,0.991941,1
0.098375,0.901625,1
0.773776,0.226224,0
0.878566,0.121434,0
0.973114,0.026886,0
0.090621,0.909379,1
0.028939,0.971061,1
0.031232,0.968768,1
0.000117,0.999883,1
0.002101,0.997899,1
0.056948,0.943052,1
0.197879,0.802121,1
0.085153,0.914847,1
0.179421,0.820579,1
0.245532,0.754468,1
0.099528,0.900472,1
0.235027,0.764973,1
0.000517,0.999483,1
0.003789,0.996211,1
0.007135,0.992865,1
0.000587,0.999413,1
0.024253,0.975747,1
