score0,score1,class
0.000712,0.999288,1
0.999993,0.000007,0
0.999960,0.000040,0
0.998767,0.001233,0
0.000003,0.999997,1
0.000309,0.999691,1
0.000502,0.999498,1
0.000183,0.999817,1
0.999974,0.000026,0
0.000031,0.999969,1
0.999932,0.000068,0
0.000007,0.999993,1
0.000017,0.999983,1
0.000028,0.999972,1
0.999928,0.000072,0
0.000296,0.999704,1
0.999450,0.000550,0
0.999896,0.000104,0
0.999809,0.000191,0
0.000025,0.999975,1
0.999714,0.000286,0
0.000250,0.999750,1
0.000273,0.999727,1
0.999998,0.000002,0
0.999966,0.000034,0
0.000119,0.999881,1
0.999985,0.000015,0
0.999908,0.000092,0
0.999932,0.000068,0
0.000173,0.999827,1
0.000017,0.999983,1
0.999980,0.000020,0
0.999973,0.000027,0
0.000031,0.999969,1
0.000340,0.999660,1
0.999798,0.000202,0
0.999857,0.000143,0
0.999990,0.000010,0
0.999860,0.000140,0
0.000002,0.999998,1
0.999982,0.000018,0
0.999806,0.000194,0
0.999882,0.000118,0
0.014997,0.985003,1
0.999638,0.000362,0
0.999992,0.000008,0
0.000017,0.999983,1
0.999809,0.000191,0
0.000017,0.999983,1
0.999692,0.000308,0
0.000025,0.999975,1
0.000001,0.999999,1
0.999770,0.000230,0
0.999987,0.000013,0
0.999892,0.000108,0
0.999980,0.000020,0
0.000144,0.999856,1
0.000454,0.999546,1
0.000411,0.999589,1
0.999911,0.000089,0
0.992657,0.007343,0
0.000073,0.999927,1
0.999676,0.000324,0
0.000187,0.999813,1
0.000069,0.999931,1
0.000004,0.999996,1
0.999761,0.000239,0
0.999650,0.000350,0
0.999920,0.000080,0
0.999896,0.000104,0
0.999994,0.000006,0
0.000110,0.999890,1
0.999958,0.000042,0
0.999898,0.000102,0
0.000006,0.999994,1
0.999984,0.000016,0
0.000020,0.999980,1
0.000439,0.999561,1
0.000354,0.999646,1
0.000175,0.999825,1
0.999907,0.000093,0
0.000088,0.999912,1
0.000006,0.999994,1
0.000170,0.999830,1
0.999993,0.000007,0
0.000025,0.999975,1
0.000268,0.999732,1
0.000040,0.999960,1
0.000004,0.999996,1
0.999958,0.000042,0
0.002086,0.997914,1
0.000070,0.999930,1
0.000010,0.999990,1
0.999791,0.000209,0
0.999678,0.000322,0
0.999973,0.000027,0
0.000034,0.999966,1
0.999663,0.000337,0
0.000009,0.999991,1
0.999860,0.000140,0
0.000161,0.999839,1
0.999648,0.000352,0
0.000050,0.999950,1
0.000054,0.999946,1
0.000123,0.999877,1
0.000030,0.999970,1
0.000100,0.999900,1
0.000183,0.999817,1
0.000007,0.999993,1
0.999838,0.000162,0
0.999803,0.000197,0
0.999833,0.000167,0
0.999578,0.000422,0
0.999895,0.000105,0
0.999987,0.000013,0
0.999976,0.000024,0
0.999963,0.000037,0
0.000004,0.999996,1
0.000204,0.999796,1
0.000241,0.999759,1
0.000268,0.999732,1
0.000147,0.999853,1
0.999966,0.000034,0
0.999897,0.000103,0
0.000198,0.999802,1
0.999946,0.000054,0
0.000031,0.999969,1
0.000118,0.999882,1
0.000033,0.999967,1
0.999998,0.000002,0
0.000110,0.999890,1
0.999969,0.000031,0
0.006177,0.993823,1
0.999568,0.000432,0
0.000120,0.999880,1
0.999990,0.000010,0
0.999968,0.000032,0
0.000173,0.999827,1
0.000033,0.999967,1
0.000691,0.999309,1
0.032097,0.967903,1
0.000086,0.999914,1
0.000064,0.999936,1
0.999609,0.000391,0
0.000041,0.999959,1
0.999983,0.000017,0
0.999862,0.000138,0
0.000003,0.999997,1
0.000027,0.999973,1
0.000354,0.999646,1
0.000003,0.999997,1
0.999803,0.000197,0
0.000013,0.999987,1
0.000030,0.999970,1
0.999912,0.000088,0
0.999880,0.000120,0
0.999890,0.000110,0
0.000030,0.999970,1
0.000013,0.999987,1
0.999907,0.000093,0
0.999923,0.000077,0
0.000656,0.999344,1
0.999988,0.000012,0
0.999880,0.000120,0
0.999378,0.000622,0
0.999673,0.000327,0
0.000093,0.999907,1
0.999868,0.000132,0
0.999972,0.000028,0
0.000033,0.999967,1
0.000143,0.999857,1
0.999987,0.000013,0
0.999894,0.000106,0
0.999543,0.000457,0
0.000208,0.999792,1
0.000006,0.999994,1
0.000049,0.999951,1
0.999513,0.000487,0
0.999947,0.000053,0
0.000090,0.999910,1
0.000017,0.999983,1
0.000006,0.999994,1
0.000092,0.999908,1
0.999832,0.000168,0
0.000164,0.999836,1
0.999918,0.000082,0
0.999938,0.000062,0
0.000000,1.000000,1
0.000098,0.999902,1
0.999541,0.000459,0
0.998989,0.001011,0
0.000023,0.999977,1
0.999592,0.000408,0
0.000182,0.999818,1
0.000095,0.999905,1
0.000016,0.999984,1
0.000007,0.999993,1
0.000301,0.999699,1
0.999788,0.000212,0
0.000026,0.999974,1
0.000109,0.999891,1
0.000142,0.999858,1
0.000232,0.999768,1
0.000066,0.999934,1
0.999838,0.000162,0
0.999985,0.000015,0
0.999966,0.000034,0
0.000600,0.999400,1
0.000174,0.999826,1
0.999929,0.000071,0
0.000050,0.999950,1
0.000380,0.999620,1
0.000580,0.999420,1
0.999796,0.000204,0
0.999982,0.000018,0
0.000094,0.999906,1
0.000029,0.999971,1
0.999747,0.000253,0
0.000058,0.999942,1
0.000009,0.999991,1
0.000135,0.999865,1
0.000007,0.999993,1
0.000244,0.999756,1
0.999937,0.000063,0
0.999972,0.000028,0
0.999289,0.000711,0
0.999931,0.000069,0
0.000450,0.999550,1
0.000010,0.999990,1
0.999955,0.000045,0
0.999805,0.000195,0
0.000076,0.999924,1
0.999966,0.000034,0
0.000360,0.999640,1
0.999767,0.000233,0
0.996965,0.003035,0
0.000008,0.999992,1
0.999421,0.000579,0
0.999889,0.000111,0
0.000327,0.999673,1
0.999665,0.000335,0
0.998998,0.001002,0
0.000140,0.999860,1
0.000091,0.999909,1
0.000009,0.999991,1
0.000285,0.999715,1
0.999923,0.000077,0
0.000172,0.999828,1
0.999254,0.000746,0
0.000010,0.999990,1
0.000009,0.999991,1
0.999939,0.000061,0
0.999976,0.000024,0
0.000004,0.999996,1
0.000016,0.999984,1
0.000086,0.999914,1
0.999981,0.000019,0
0.000050,0.999950,1
0.000626,0.999374,1
0.000718,0.999282,1
0.999976,0.000024,0
0.000027,0.999973,1
0.000004,0.999996,1
0.999993,0.000007,0
0.000026,0.999974,1
0.999921,0.000079,0
0.999941,0.000059,0
0.000121,0.999879,1
0.005040,0.994960,1
0.999985,0.000015,0
0.000084,0.999916,1
0.000016,0.999984,1
0.999974,0.000026,0
0.000003,0.999997,1
0.999589,0.000411,0
0.000455,0.999545,1
0.000349,0.999651,1
0.999440,0.000560,0
0.999993,0.000007,0
0.999806,0.000194,0
0.999863,0.000137,0
0.999998,0.000002,0
0.999654,0.000346,0
0.000194,0.999806,1
0.000016,0.999984,1
0.999984,0.000016,0
0.999979,0.000021,0
0.999916,0.000084,0
0.000014,0.999986,1
0.999953,0.000047,0
0.999919,0.000081,0
0.999997,0.000003,0
0.999983,0.000017,0
0.000493,0.999507,1
0.000329,0.999671,1
0.001082,0.998918,1
0.999937,0.000063,0
0.000029,0.999971,1
0.995965,0.004035,0
0.000018,0.999982,1
0.000009,0.999991,1
0.999900,0.000100,0
0.999834,0.000166,0
0.000149,0.999851,1
0.000005,0.999995,1
0.999977,0.000023,0
0.999971,0.000029,0
0.000147,0.999853,1
0.999949,0.000051,0
0.000064,0.999936,1
0.999452,0.000548,0
0.999927,0.000073,0
0.999990,0.000010,0
0.001484,0.998516,1
0.000297,0.999703,1
0.000207,0.999793,1
0.999941,0.000059,0
0.000010,0.999990,1
0.000016,0.999984,1
0.000059,0.999941,1
0.000047,0.999953,1
0.000004,0.999996,1
0.999832,0.000168,0
0.999985,0.000015,0
0.000309,0.999691,1
0.000072,0.999928,1
0.000001,0.999999,1
0.000281,0.999719,1
0.999995,0.000005,0
0.000065,0.999935,1
0.000003,0.999997,1
0.000829,0.999171,1
0.999994,0.000006,0
0.000002,0.999998,1
0.001067,0.998933,1
0.999857,0.000143,0
0.999838,0.000162,0
0.999993,0.000007,0
0.999956,0.000044,0
0.000667,0.999333,1
0.999909,0.000091,0
0.000296,0.999704,1
0.999952,0.000048,0
0.000356,0.999644,1
0.999994,0.000006,0
0.999713,0.000287,0
0.999771,0.000229,0
0.999823,0.000177,0
0.999598,0.000402,0
0.999881,0.000119,0
0.999946,0.000054,0
0.000123,0.999877,1
0.999919,0.000081,0
0.000583,0.999417,1
0.000239,0.999761,1
0.000308,0.999692,1
0.000163,0.999837,1
0.999916,0.000084,0
0.999956,0.000044,0
0.000166,0.999834,1
0.000162,0.999838,1
0.000091,0.999909,1
0.000060,0.999940,1
0.000011,0.999989,1
0.000192,0.999808,1
0.000250,0.999750,1
0.005150,0.994850,1
0.999967,0.000033,0
0.000038,0.999962,1
0.000298,0.999702,1
0.998358,0.001642,0
0.000035,0.999965,1
0.999949,0.000051,0
0.999875,0.000125,0
0.999836,0.000164,0
0.000120,0.999880,1
0.999975,0.000025,0
0.999976,0.000024,0
0.999863,0.000137,0
0.000176,0.999824,1
0.000161,0.999839,1
0.998967,0.001033,0
0.000030,0.999970,1
0.000028,0.999972,1
0.999892,0.000108,0
0.000127,0.999873,1
0.001130,0.998870,1
0.000008,0.999992,1
0.000222,0.999778,1
0.000207,0.999793,1
0.000231,0.999769,1
0.999964,0.000036,0
0.000035,0.999965,1
0.000027,0.999973,1
0.000042,0.999958,1
0.998927,0.001073,0
0.000017,0.999983,1
0.999917,0.000083,0
0.999933,0.000067,0
0.000096,0.999904,1
0.000099,0.999901,1
0.000067,0.999933,1
0.000166,0.999834,1
0.999923,0.000077,0
0.999291,0.000709,0
0.000007,0.999993,1
0.000053,0.999947,1
0.000009,0.999991,1
0.000005,0.999995,1
0.000216,0.999784,1
0.999899,0.000101,0
0.999987,0.000013,0
0.000096,0.999904,1
0.000008,0.999992,1
0.999992,0.000008,0
0.000137,0.999863,1
0.998972,0.001028,0
0.000151,0.999849,1
0.000002,0.999998,1
0.000065,0.999935,1
0.000006,0.999994,1
0.999956,0.000044,0
0.000030,0.999970,1
0.999940,0.000060,0
0.999950,0.000050,0
0.999953,0.000047,0
0.999942,0.000058,0
0.000351,0.999649,1
0.999951,0.000049,0
0.000140,0.999860,1
0.999865,0.000135,0
0.000013,0.999987,1
0.000013,0.999987,1
0.000243,0.999757,1
0.999941,0.000059,0
0.000334,0.999666,1
0.999976,0.000024,0
0.999914,0.000086,0
0.000007,0.999993,1
0.999709,0.000291,0
0.999879,0.000121,0
0.999798,0.000202,0
0.000026,0.999974,1
0.000114,0.999886,1
0.000191,0.999809,1
0.000166,0.999834,1
0.000111,0.999889,1
0.999774,0.000226,0
0.000102,0.999898,1
0.999998,0.000002,0
0.000006,0.999994,1
0.000029,0.999971,1
0.999669,0.000331,0
0.000404,0.999596,1
0.999866,0.000134,0
0.000066,0.999934,1
0.000014,0.999986,1
0.000070,0.999930,1
0.999935,0.000065,0
0.000024,0.999976,1
0.999973,0.000027,0
0.000127,0.999873,1
0.000360,0.999640,1
0.999936,0.000064,0
0.000087,0.999913,1
0.997746,0.002254,0
0.000279,0.999721,1
0.000025,0.999975,1
0.999979,0.000021,0
0.999902,0.000098,0
0.000245,0.999755,1
0.999938,0.000062,0
0.999910,0.000090,0
0.000485,0.999515,1
0.999879,0.000121,0
0.999909,0.000091,0
0.999882,0.000118,0
0.999849,0.000151,0
0.000272,0.999728,1
0.999949,0.000051,0
0.000477,0.999523,1
0.999989,0.000011,0
0.000171,0.999829,1
0.999939,0.000061,0
0.000213,0.999787,1
0.999930,0.000070,0
0.999980,0.000020,0
0.000123,0.999877,1
0.999927,0.000073,0
0.999994,0.000006,0
0.999811,0.000189,0
0.000123,0.999877,1
0.000038,0.999962,1
0.999990,0.000010,0
0.999754,0.000246,0
0.000188,0.999812,1
0.000072,0.999928,1
0.000358,0.999642,1
0.999620,0.000380,0
0.000902,0.999098,1
0.000046,0.999954,1
0.000095,0.999905,1
0.000018,0.999982,1
0.000134,0.999866,1
0.999981,0.000019,0
0.999716,0.000284,0
0.000018,0.999982,1
0.999995,0.000005,0
0.999618,0.000382,0
0.000026,0.999974,1
0.000086,0.999914,1
0.999751,0.000249,0
0.999986,0.000014,0
0.000043,0.999957,1
0.999969,0.000031,0
0.000134,0.999866,1
0.000033,0.999967,1
0.998982,0.001018,0
0.000001,0.999999,1
0.000106,0.999894,1
0.999923,0.000077,0
0.999884,0.000116,0
0.000063,0.999937,1
0.000002,0.999998,1
0.001121,0.998879,1
0.000002,0.999998,1
0.000021,0.999979,1
0.999978,0.000022,0
0.000008,0.999992,1
0.999940,0.000060,0
0.000087,0.999913,1
0.999949,0.000051,0
0.000050,0.999950,1
0.999931,0.000069,0
0.999990,0.000010,0
0.999798,0.000202,0
0.999479,0.000521,0
0.000307,0.999693,1
0.000016,0.999984,1
0.999988,0.000012,0
0.000268,0.999732,1
0.000049,0.999951,1
0.000021,0.999979,1
0.000116,0.999884,1
0.999959,0.000041,0
0.999866,0.000134,0
0.999952,0.000048,0
0.000053,0.999947,1
0.000198,0.999802,1
0.000041,0.999959,1
0.000046,0.999954,1
0.999803,0.000197,0
0.000008,0.999992,1
0.999987,0.000013,0
0.000043,0.999957,1
0.000091,0.999909,1
0.999613,0.000387,0
0.000030,0.999970,1
0.999911,0.000089,0
0.000013,0.999987,1
0.999977,0.000023,0
0.000190,0.999810,1
0.000248,0.999752,1
0.999957,0.000043,0
0.000019,0.999981,1
0.000008,0.999992,1
0.000009,0.999991,1
0.000008,0.999992,1
0.999922,0.000078,0
0.999984,0.000016,0
0.000342,0.999658,1
0.999876,0.000124,0
0.000709,0.999291,1
0.999758,0.000242,0
0.999951,0.000049,0
0.000091,0.999909,1
0.999605,0.000395,0
0.999921,0.000079,0
0.000009,0.999991,1
0.000021,0.999979,1
0.000812,0.999188,1
0.000020,0.999980,1
0.000047,0.999953,1
0.999990,0.000010,0
0.001340,0.998660,1
0.999892,0.000108,0
0.999148,0.000852,0
0.999826,0.000174,0
0.000037,0.999963,1
0.000186,0.999814,1
0.000003,0.999997,1
0.000032,0.999968,1
0.000120,0.999880,1
0.004139,0.995861,1
0.999837,0.000163,0
0.999897,0.000103,0
0.000101,0.999899,1
0.999755,0.000245,0
0.999853,0.000147,0
0.999453,0.000547,0
0.999895,0.000105,0
0.000022,0.999978,1
0.999844,0.000156,0
0.000099,0.999901,1
0.999909,0.000091,0
0.000008,0.999992,1
0.999719,0.000281,0
0.000073,0.999927,1
0.999860,0.000140,0
0.000020,0.999980,1
0.999775,0.000225,0
0.000048,0.999952,1
0.000006,0.999994,1
0.000859,0.999141,1
0.999949,0.000051,0
0.999894,0.000106,0
0.999781,0.000219,0
0.999913,0.000087,0
0.999703,0.000297,0
0.999968,0.000032,0
0.000014,0.999986,1
0.000038,0.999962,1
0.000031,0.999969,1
0.000001,0.999999,1
0.000304,0.999696,1
0.000493,0.999507,1
0.000003,0.999997,1
0.999843,0.000157,0
0.999996,0.000004,0
0.000282,0.999718,1
0.000018,0.999982,1
0.999599,0.000401,0
0.000005,0.999995,1
0.999986,0.000014,0
0.999961,0.000039,0
0.000065,0.999935,1
0.000237,0.999763,1
0.999965,0.000035,0
0.999870,0.000130,0
0.999964,0.000036,0
0.999897,0.000103,0
0.999675,0.000325,0
0.000035,0.999965,1
0.000222,0.999778,1
0.999998,0.000002,0
0.999796,0.000204,0
0.000022,0.999978,1
0.001493,0.998507,1
0.000008,0.999992,1
0.999989,0.000011,0
0.000074,0.999926,1
0.000435,0.999565,1
0.998903,0.001097,0
0.000041,0.999959,1
0.000019,0.999981,1
0.999998,0.000002,0
0.999978,0.000022,0
0.000447,0.999553,1
0.999808,0.000192,0
0.999991,0.000009,0
0.000056,0.999944,1
0.999946,0.000054,0
0.999918,0.000082,0
0.998295,0.001705,0
0.999805,0.000195,0
0.000099,0.999901,1
0.000008,0.999992,1
0.000347,0.999653,1
0.999994,0.000006,0
0.999963,0.000037,0
0.999900,0.000100,0
0.999889,0.000111,0
0.000836,0.999164,1
0.000025,0.999975,1
0.999983,0.000017,0
0.000057,0.999943,1
0.997097,0.002903,0
0.000010,0.999990,1
0.999936,0.000064,0
0.000815,0.999185,1
0.000082,0.999918,1
0.000082,0.999918,1
0.999974,0.000026,0
0.000118,0.999882,1
0.999518,0.000482,0
0.998655,0.001345,0
0.000052,0.999948,1
0.999816,0.000184,0
0.001591,0.998409,1
0.999934,0.000066,0
0.000013,0.999987,1
0.000003,0.999997,1
0.000003,0.999997,1
0.999928,0.000072,0
0.999908,0.000092,0
0.000048,0.999952,1
0.000018,0.999982,1
0.999904,0.000096,0
0.999984,0.000016,0
0.999970,0.000030,0
0.999989,0.000011,0
0.000050,0.999950,1
0.999985,0.000015,0
0.999620,0.000380,0
0.999987,0.000013,0
0.000326,0.999674,1
0.000011,0.999989,1
0.000065,0.999935,1
0.000032,0.999968,1
0.000144,0.999856,1
0.000826,0.999174,1
0.999897,0.000103,0
0.000032,0.999968,1
0.000079,0.999921,1
0.000026,0.999974,1
0.000022,0.999978,1
0.000321,0.999679,1
0.000130,0.999870,1
0.999810,0.000190,0
0.000844,0.999156,1
0.000043,0.999957,1
0.000061,0.999939,1
0.999805,0.000195,0
0.000081,0.999919,1
0.999931,0.000069,0
0.000005,0.999995,1
0.000008,0.999992,1
0.000015,0.999985,1
0.000054,0.999946,1
0.000133,0.999867,1
0.999407,0.000593,0
0.999909,0.000091,0
0.999854,0.000146,0
0.999990,0.000010,0
0.000012,0.999988,1
0.999993,0.000007,0
0.999684,0.000316,0
0.999995,0.000005,0
0.000012,0.999988,1
0.999994,0.000006,0
0.999981,0.000019,0
0.000073,0.999927,1
0.999881,0.000119,0
0.000094,0.999906,1
0.999985,0.000015,0
0.000032,0.999968,1
0.000011,0.999989,1
0.001365,0.998635,1
0.000201,0.999799,1
0.999989,0.000011,0
0.000295,0.999705,1
0.999835,0.000165,0
0.999488,0.000512,0
0.999952,0.000048,0
0.000409,0.999591,1
0.999946,0.000054,0
0.999131,0.000869,0
0.000009,0.999991,1
0.000013,0.999987,1
0.999887,0.000113,0
0.999646,0.000354,0
0.999809,0.000191,0
0.999938,0.000062,0
0.000044,0.999956,1
0.999999,0.000001,0
0.002381,0.997619,1
0.999769,0.000231,0
0.000036,0.999964,1
0.999910,0.000090,0
0.999879,0.000121,0
0.000410,0.999590,1
0.999974,0.000026,0
0.000048,0.999952,1
0.001433,0.998567,1
0.999322,0.000678,0
0.999961,0.000039,0
0.999931,0.000069,0
0.999877,0.000123,0
0.999266,0.000734,0
0.000146,0.999854,1
0.000121,0.999879,1
0.999968,0.000032,0
0.000126,0.999874,1
0.000487,0.999513,1
0.999982,0.000018,0
0.999824,0.000176,0
0.999962,0.000038,0
0.000003,0.999997,1
0.999939,0.000061,0
0.000027,0.999973,1
0.999985,0.000015,0
0.999871,0.000129,0
0.999970,0.000030,0
0.999933,0.000067,0
0.999939,0.000061,0
0.000054,0.999946,1
0.000008,0.999992,1
0.999940,0.000060,0
0.000009,0.999991,1
0.000349,0.999651,1
0.999896,0.000104,0
0.000102,0.999898,1
0.999986,0.000014,0
0.000007,0.999993,1
0.999987,0.000013,0
0.999915,0.000085,0
0.000108,0.999892,1
0.999926,0.000074,0
0.999990,0.000010,0
0.000021,0.999979,1
0.999951,0.000049,0
0.000523,0.999477,1
0.000253,0.999747,1
0.999785,0.000215,0
0.999975,0.000025,0
0.000049,0.999951,1
0.999893,0.000107,0
0.000732,0.999268,1
0.999363,0.000637,0
0.999977,0.000023,0
0.000003,0.999997,1
0.999961,0.000039,0
0.999956,0.000044,0
0.000164,0.999836,1
0.000010,0.999990,1
0.999889,0.000111,0
0.999897,0.000103,0
0.000142,0.999858,1
0.000047,0.999953,1
0.999840,0.000160,0
0.000026,0.999974,1
0.000244,0.999756,1
0.999948,0.000052,0
0.000013,0.999987,1
0.999878,0.000122,0
0.000833,0.999167,1
0.000078,0.999922,1
0.000136,0.999864,1
0.999968,0.000032,0
0.000522,0.999478,1
0.000023,0.999977,1
0.999806,0.000194,0
0.999988,0.000012,0
0.000011,0.999989,1
0.999864,0.000136,0
0.999961,0.000039,0
0.999940,0.000060,0
0.000139,0.999861,1
0.000021,0.999979,1
0.999996,0.000004,0
0.000009,0.999991,1
0.999955,0.000045,0
0.003933,0.996067,1
0.000051,0.999949,1
0.999965,0.000035,0
0.000026,0.999974,1
0.997874,0.002126,0
0.999997,0.000003,0
0.000001,0.999999,1
0.000298,0.999702,1
0.999252,0.000748,0
0.000178,0.999822,1
0.000039,0.999961,1
0.999993,0.000007,0
0.000087,0.999913,1
0.999057,0.000943,0
0.000089,0.999911,1
0.000124,0.999876,1
0.000026,0.999974,1
0.999997,0.000003,0
0.000010,0.999990,1
0.000035,0.999965,1
0.000102,0.999898,1
0.000211,0.999789,1
0.999888,0.000112,0
0.000014,0.999986,1
0.000071,0.999929,1
0.999931,0.000069,0
0.000011,0.999989,1
0.000262,0.999738,1
0.999768,0.000232,0
0.000019,0.999981,1
0.999784,0.000216,0
0.000017,0.999983,1
0.000521,0.999479,1
0.000014,0.999986,1
0.999994,0.000006,0
0.998965,0.001035,0
0.001456,0.998544,1
0.000059,0.999941,1
0.000028,0.999972,1
0.999976,0.000024,0
0.000060,0.999940,1
0.000010,0.999990,1
0.000007,0.999993,1
0.999997,0.000003,0
0.000001,0.999999,1
0.997725,0.002275,0
0.000041,0.999959,1
0.999182,0.000818,0
0.999813,0.000187,0
0.000000,1.000000,1
0.000016,0.999984,1
0.000065,0.999935,1
0.999902,0.000098,0
0.999983,0.000017,0
0.000094,0.999906,1
0.000032,0.999968,1
0.000001,0.999999,1
0.000021,0.999979,1
0.000032,0.999968,1
0.000046,0.999954,1
0.999984,0.000016,0
0.999990,0.000010,0
0.000007,0.999993,1
0.000650,0.999350,1
0.000083,0.999917,1
0.999998,0.000002,0
0.999995,0.000005,0
0.000028,0.999972,1
0.000105,0.999895,1
0.999923,0.000077,0
0.999902,0.000098,0
0.000023,0.999977,1
0.000149,0.999851,1
0.000136,0.999864,1
0.999961,0.000039,0
0.999963,0.000037,0
0.000163,0.999837,1
0.999982,0.000018,0
0.000317,0.999683,1
0.000012,0.999988,1
0.000178,0.999822,1
0.000232,0.999768,1
0.000014,0.999986,1
0.000047,0.999953,1
0.000006,0.999994,1
0.999643,0.000357,0
0.999252,0.000748,0
0.999937,0.000063,0
0.000010,0.999990,1
0.999929,0.000071,0
0.000097,0.999903,1
0.000458,0.999542,1
0.000081,0.999919,1
0.999706,0.000294,0
0.997545,0.002455,0
0.000186,0.999814,1
0.999950,0.000050,0
0.999965,0.000035,0
0.000077,0.999923,1
0.000125,0.999875,1
0.000012,0.999988,1
0.999714,0.000286,0
0.000801,0.999199,1
0.999495,0.000505,0
0.000010,0.999990,1
0.999897,0.000103,0
0.000169,0.999831,1
0.000352,0.999648,1
0.999979,0.000021,0
0.999967,0.000033,0
0.999857,0.000143,0
0.000223,0.999777,1
0.999540,0.000460,0
0.999982,0.000018,0
0.000025,0.999975,1
0.000004,0.999996,1
0.999979,0.000021,0
0.999957,0.000043,0
0.999585,0.000415,0
0.998945,0.001055,0
0.999949,0.000051,0
0.000063,0.999937,1
0.000068,0.999932,1
0.000015,0.999985,1
0.000011,0.999989,1
0.000029,0.999971,1
0.999767,0.000233,0
0.000112,0.999888,1
0.000043,0.999957,1
0.000462,0.999538,1
0.000001,0.999999,1
0.999942,0.000058,0
0.999952,0.000048,0
0.000094,0.999906,1
0.999989,0.000011,0
0.000630,0.999370,1
0.000020,0.999980,1
0.000008,0.999992,1
0.000021,0.999979,1
0.000048,0.999952,1
0.000046,0.999954,1
0.001539,0.998461,1
0.999323,0.000677,0
0.000011,0.999989,1
0.001309,0.998691,1
0.000005,0.999995,1
0.999989,0.000011,0
0.999996,0.000004,0
0.999966,0.000034,0
0.999950,0.000050,0
0.000012,0.999988,1
0.999987,0.000013,0
0.999955,0.000045,0
0.000027,0.999973,1
0.999756,0.000244,0
0.999996,0.000004,0
0.000036,0.999964,1
0.000064,0.999936,1
0.000057,0.999943,1
0.999981,0.000019,0
0.000000,1.000000,1
0.000067,0.999933,1
0.999994,0.000006,0
0.000161,0.999839,1
0.999865,0.000135,0
0.999770,0.000230,0
0.000179,0.999821,1
0.000279,0.999721,1
0.000036,0.999964,1
0.000005,0.999995,1
0.000023,0.999977,1
0.999987,0.000013,0
0.000615,0.999385,1
0.999971,0.000029,0
0.000016,0.999984,1
0.999876,0.000124,0
0.002472,0.997528,1
0.000306,0.999694,1
0.000087,0.999913,1
0.000002,0.999998,1
0.999978,0.000022,0
0.000088,0.999912,1
0.000104,0.999896,1
0.999897,0.000103,0
0.999953,0.000047,0
0.000191,0.999809,1
0.000004,0.999996,1
0.999970,0.000030,0
0.000337,0.999663,1
0.999663,0.000337,0
0.000043,0.999957,1
0.000729,0.999271,1
0.000100,0.999900,1
0.999754,0.000246,0
0.000076,0.999924,1
0.999996,0.000004,0
0.999928,0.000072,0
0.000080,0.999920,1
0.999853,0.000147,0
0.999630,0.000370,0
0.000035,0.999965,1
0.999957,0.000043,0
0.000004,0.999996,1
0.999499,0.000501,0
0.999900,0.000100,0
0.000089,0.999911,1
0.999846,0.000154,0
0.000031,0.999969,1
0.999853,0.000147,0
0.000686,0.999314,1
0.999679,0.000321,0
0.000026,0.999974,1
0.000193,0.999807,1
0.000396,0.999604,1
0.998765,0.001235,0
0.000284,0.999716,1
0.000001,0.999999,1
0.000134,0.999866,1
0.000058,0.999942,1
0.000029,0.999971,1
0.999990,0.000010,0
0.999844,0.000156,0
0.998769,0.001231,0
0.000128,0.999872,1
0.999599,0.000401,0
0.999736,0.000264,0
0.999610,0.000390,0
0.000012,0.999988,1
0.000278,0.999722,1
0.000965,0.999035,1
0.000004,0.999996,1
0.999967,0.000033,0
0.999442,0.000558,0
0.000098,0.999902,1
0.999999,0.000001,0
0.000050,0.999950,1
0.000100,0.999900,1
0.000202,0.999798,1
0.000136,0.999864,1
0.000027,0.999973,1
0.999880,0.000120,0
0.999778,0.000222,0
0.999969,0.000031,0
0.000008,0.999992,1
0.000024,0.999976,1
0.000017,0.999983,1
0.185605,0.814395,1
0.000168,0.999832,1
0.999995,0.000005,0
0.000012,0.999988,1
0.999974,0.000026,0
0.999885,0.000115,0
0.000112,0.999888,1
0.000008,0.999992,1
0.000128,0.999872,1
0.999882,0.000118,0
0.000006,0.999994,1
0.999939,0.000061,0
0.999722,0.000278,0
0.000012,0.999988,1
0.000304,0.999696,1
0.999900,0.000100,0
0.000002,0.999998,1
0.000240,0.999760,1
0.999861,0.000139,0
0.998708,0.001292,0
0.000309,0.999691,1
0.000001,0.999999,1
0.000068,0.999932,1
0.000058,0.999942,1
0.000011,0.999989,1
0.000009,0.999991,1
0.999814,0.000186,0
0.000281,0.999719,1
0.000038,0.999962,1
0.999519,0.000481,0
0.001452,0.998548,1
0.000042,0.999958,1
0.000143,0.999857,1
0.999899,0.000101,0
0.999712,0.000288,0
0.000196,0.999804,1
0.000042,0.999958,1
0.999965,0.000035,0
0.997364,0.002636,0
0.999497,0.000503,0
0.999891,0.000109,0
0.000011,0.999989,1
0.999149,0.000851,0
0.000200,0.999800,1
0.000022,0.999978,1
0.000063,0.999937,1
0.000008,0.999992,1
0.000617,0.999383,1
0.000070,0.999930,1
0.999979,0.000021,0
0.002590,0.997410,1
0.999936,0.000064,0
0.000010,0.999990,1
0.999989,0.000011,0
0.999992,0.000008,0
0.000021,0.999979,1
0.000037,0.999963,1
0.999900,0.000100,0
0.000009,0.999991,1
0.000022,0.999978,1
0.000749,0.999251,1
0.999986,0.000014,0
0.000001,0.999999,1
0.000107,0.999893,1
0.999941,0.000059,0
0.999811,0.000189,0
0.999525,0.000475,0
0.999970,0.000030,0
0.999849,0.000151,0
0.000132,0.999868,1
0.000164,0.999836,1
0.999968,0.000032,0
0.000195,0.999805,1
0.999966,0.000034,0
0.000014,0.999986,1
0.000032,0.999968,1
0.000005,0.999995,1
0.000003,0.999997,1
0.999867,0.000133,0
0.999991,0.000009,0
0.999967,0.000033,0
0.000002,0.999998,1
0.999950,0.000050,0
0.999978,0.000022,0
0.999970,0.000030,0
0.999931,0.000069,0
0.000107,0.999893,1
0.000015,0.999985,1
0.999787,0.000213,0
0.000114,0.999886,1
0.999883,0.000117,0
0.999883,0.000117,0
0.999965,0.000035,0
0.000004,0.999996,1
0.000004,0.999996,1
0.999137,0.000863,0
0.999950,0.000050,0
0.000724,0.999276,1
0.999946,0.000054,0
0.999894,0.000106,0
0.999943,0.000057,0
0.000013,0.999987,1
0.999933,0.000067,0
0.000001,0.999999,1
0.000009,0.999991,1
0.999966,0.000034,0
0.000003,0.999997,1
0.999929,0.000071,0
0.000018,0.999982,1
0.999711,0.000289,0
0.000246,0.999754,1
0.999216,0.000784,0
0.000033,0.999967,1
0.000065,0.999935,1
0.000123,0.999877,1
0.999955,0.000045,0
0.000169,0.999831,1
0.999951,0.000049,0
0.999878,0.000122,0
0.000030,0.999970,1
0.000027,0.999973,1
0.999934,0.000066,0
0.000012,0.999988,1
0.998801,0.001199,0
0.998995,0.001005,0
0.999681,0.000319,0
0.999949,0.000051,0
0.999940,0.000060,0
0.999972,0.000028,0
0.999969,0.000031,0
0.999866,0.000134,0
0.000029,0.999971,1
0.999936,0.000064,0
0.999884,0.000116,0
0.000280,0.999720,1
0.999761,0.000239,0
0.000407,0.999593,1
0.999739,0.000261,0
0.000004,0.999996,1
0.000068,0.999932,1
0.000003,0.999997,1
0.998257,0.001743,0
0.000068,0.999932,1
0.999948,0.000052,0
0.000679,0.999321,1
0.999966,0.000034,0
0.999290,0.000710,0
0.000027,0.999973,1
0.000543,0.999457,1
0.000174,0.999826,1
0.000047,0.999953,1
0.000076,0.999924,1
0.000021,0.999979,1
0.000178,0.999822,1
0.000011,0.999989,1
0.999985,0.000015,0
0.999973,0.000027,0
0.999986,0.000014,0
0.000079,0.999921,1
0.000256,0.999744,1
0.999990,0.000010,0
0.000290,0.999710,1
0.000009,0.999991,1
0.999977,0.000023,0
0.999949,0.000051,0
0.999315,0.000685,0
0.999950,0.000050,0
0.000106,0.999894,1
0.999745,0.000255,0
0.000762,0.999238,1
0.000289,0.999711,1
0.998925,0.001075,0
0.000010,0.999990,1
0.999951,0.000049,0
0.000087,0.999913,1
0.999982,0.000018,0
0.999952,0.000048,0
0.000009,0.999991,1
0.000124,0.999876,1
0.000030,0.999970,1
0.000002,0.999998,1
0.999995,0.000005,0
0.999903,0.000097,0
0.000005,0.999995,1
0.000140,0.999860,1
0.000280,0.999720,1
0.000114,0.999886,1
0.000131,0.999869,1
0.999176,0.000824,0
0.000131,0.999869,1
0.000015,0.999985,1
0.000077,0.999923,1
0.999646,0.000354,0
0.000360,0.999640,1
0.000478,0.999522,1
0.000032,0.999968,1
0.000981,0.999019,1
0.000043,0.999957,1
0.000034,0.999966,1
0.000036,0.999964,1
0.000284,0.999716,1
0.000107,0.999893,1
0.000045,0.999955,1
0.000057,0.999943,1
0.000002,0.999998,1
0.000019,0.999981,1
0.999358,0.000642,0
0.000059,0.999941,1
0.999914,0.000086,0
0.999706,0.000294,0
0.000185,0.999815,1
0.000118,0.999882,1
0.999518,0.000482,0
0.000018,0.999982,1
0.000023,0.999977,1
0.000239,0.999761,1
0.999958,0.000042,0
0.000594,0.999406,1
0.999772,0.000228,0
0.999531,0.000469,0
0.000005,0.999995,1
0.999912,0.000088,0
0.001075,0.998925,1
0.999829,0.000171,0
0.997632,0.002368,0
0.000069,0.999931,1
0.000089,0.999911,1
0.999915,0.000085,0
0.000028,0.999972,1
0.000157,0.999843,1
0.999808,0.000192,0
0.000336,0.999664,1
0.000808,0.999192,1
0.000008,0.999992,1
0.000229,0.999771,1
0.000027,0.999973,1
0.000295,0.999705,1
0.999958,0.000042,0
0.000007,0.999993,1
0.000023,0.999977,1
0.999621,0.000379,0
0.999925,0.000075,0
0.999778,0.000222,0
0.999994,0.000006,0
0.999996,0.000004,0
0.999944,0.000056,0
0.000005,0.999995,1
0.000012,0.999988,1
0.000016,0.999984,1
0.000045,0.999955,1
0.000146,0.999854,1
0.999977,0.000023,0
0.000095,0.999905,1
0.000142,0.999858,1
0.999970,0.000030,0
0.999551,0.000449,0
0.000148,0.999852,1
0.999700,0.000300,0
0.999679,0.000321,0
0.000009,0.999991,1
0.999736,0.000264,0
0.000026,0.999974,1
0.000014,0.999986,1
0.000063,0.999937,1
0.999940,0.000060,0
0.000071,0.999929,1
0.000032,0.999968,1
0.000010,0.999990,1
0.999947,0.000053,0
0.000003,0.999997,1
0.999920,0.000080,0
0.999996,0.000004,0
0.000115,0.999885,1
0.999906,0.000094,0
0.000219,0.999781,1
0.999872,0.000128,0
0.999928,0.000072,0
0.000161,0.999839,1
0.999946,0.000054,0
0.999895,0.000105,0
0.000097,0.999903,1
0.000178,0.999822,1
0.000057,0.999943,1
0.000044,0.999956,1
0.999366,0.000634,0
0.000007,0.999993,1
0.000001,0.999999,1
0.000293,0.999707,1
0.000004,0.999996,1
0.000019,0.999981,1
0.000007,0.999993,1
0.000006,0.999994,1
0.999947,0.000053,0
0.000086,0.999914,1
0.000234,0.999766,1
0.999658,0.000342,0
0.000019,0.999981,1
0.000244,0.999756,1
0.000039,0.999961,1
0.000099,0.999901,1
0.000101,0.999899,1
0.000012,0.999988,1
0.999081,0.000919,0
0.999985,0.000015,0
0.999635,0.000365,0
0.000107,0.999893,1
0.000319,0.999681,1
0.999842,0.000158,0
0.000041,0.999959,1
0.000530,0.999470,1
0.000340,0.999660,1
0.999993,0.000007,0
0.999903,0.000097,0
0.999828,0.000172,0
0.000035,0.999965,1
0.000580,0.999420,1
0.999886,0.000114,0
0.000054,0.999946,1
0.000043,0.999957,1
0.000005,0.999995,1
0.000016,0.999984,1
0.000006,0.999994,1
0.000012,0.999988,1
0.000510,0.999490,1
0.000014,0.999986,1
0.999975,0.000025,0
0.000180,0.999820,1
0.000047,0.999953,1
0.999654,0.000346,0
0.000393,0.999607,1
0.999994,0.000006,0
0.999914,0.000086,0
0.999877,0.000123,0
0.999877,0.000123,0
0.000008,0.999992,1
0.001164,0.998836,1
0.000319,0.999681,1
0.000005,0.999995,1
0.000054,0.999946,1
0.000140,0.999860,1
0.999843,0.000157,0
0.000537,0.999463,1
0.000018,0.999982,1
0.000027,0.999973,1
0.000003,0.999997,1
0.000008,0.999992,1
0.999829,0.000171,0
0.000002,0.999998,1
0.999985,0.000015,0
0.000046,0.999954,1
0.000036,0.999964,1
0.999989,0.000011,0
0.999863,0.000137,0
0.999875,0.000125,0
0.000013,0.999987,1
0.000035,0.999965,1
0.000033,0.999967,1
0.999982,0.000018,0
0.999976,0.000024,0
0.000029,0.999971,1
0.999848,0.000152,0
0.000196,0.999804,1
0.999977,0.000023,0
0.000052,0.999948,1
0.000009,0.999991,1
0.999879,0.000121,0
0.000011,0.999989,1
0.999631,0.000369,0
0.999903,0.000097,0
0.000342,0.999658,1
0.999884,0.000116,0
0.999982,0.000018,0
0.999995,0.000005,0
0.000174,0.999826,1
0.000006,0.999994,1
0.000655,0.999345,1
0.000009,0.999991,1
0.000032,0.999968,1
0.000449,0.999551,1
0.000058,0.999942,1
0.999969,0.000031,0
0.999800,0.000200,0
0.999842,0.000158,0
0.000049,0.999951,1
0.999952,0.000048,0
0.999977,0.000023,0
0.000772,0.999228,1
0.999986,0.000014,0
0.999866,0.000134,0
0.000052,0.999948,1
0.999363,0.000637,0
0.999940,0.000060,0
0.000013,0.999987,1
0.000107,0.999893,1
0.000073,0.999927,1
0.999898,0.000102,0
0.000134,0.999866,1
0.999663,0.000337,0
0.000020,0.999980,1
0.999954,0.000046,0
0.999420,0.000580,0
0.000006,0.999994,1
0.999726,0.000274,0
0.999789,0.000211,0
0.000266,0.999734,1
0.000021,0.999979,1
0.000010,0.999990,1
0.000063,0.999937,1
0.000224,0.999776,1
0.999892,0.000108,0
0.999996,0.000004,0
0.999944,0.000056,0
0.999915,0.000085,0
0.000042,0.999958,1
0.999955,0.000045,0
0.999629,0.000371,0
0.999573,0.000427,0
0.999970,0.000030,0
0.000127,0.999873,1
0.999667,0.000333,0
0.999913,0.000087,0
0.000015,0.999985,1
0.000101,0.999899,1
0.999985,0.000015,0
0.000028,0.999972,1
0.000082,0.999918,1
0.999492,0.000508,0
0.000011,0.999989,1
0.999993,0.000007,0
0.999827,0.000173,0
0.999993,0.000007,0
0.999978,0.000022,0
0.000041,0.999959,1
0.999890,0.000110,0
0.000006,0.999994,1
0.000541,0.999459,1
0.998518,0.001482,0
0.999313,0.000687,0
0.999661,0.000339,0
0.000009,0.999991,1
0.999929,0.000071,0
0.000016,0.999984,1
0.999879,0.000121,0
0.000017,0.999983,1
0.000022,0.999978,1
0.999959,0.000041,0
0.000103,0.999897,1
0.000063,0.999937,1
0.000009,0.999991,1
0.000008,0.999992,1
0.000001,0.999999,1
0.999981,0.000019,0
0.999699,0.000301,0
0.000083,0.999917,1
0.999658,0.000342,0
0.999959,0.000041,0
0.999985,0.000015,0
0.999929,0.000071,0
0.000117,0.999883,1
0.000002,0.999998,1
0.999993,0.000007,0
0.999961,0.000039,0
0.000011,0.999989,1
0.000052,0.999948,1
0.000019,0.999981,1
0.999883,0.000117,0
0.000001,0.999999,1
0.999995,0.000005,0
0.000227,0.999773,1
0.999945,0.000055,0
0.000051,0.999949,1
0.000013,0.999987,1
0.999994,0.000006,0
0.999743,0.000257,0
0.000178,0.999822,1
0.999768,0.000232,0
0.000894,0.999106,1
0.000013,0.999987,1
0.999844,0.000156,0
0.000095,0.999905,1
0.000008,0.999992,1
0.000142,0.999858,1
0.000137,0.999863,1
0.000008,0.999992,1
0.999842,0.000158,0
0.000147,0.999853,1
0.999988,0.000012,0
0.999964,0.000036,0
0.000023,0.999977,1
0.000009,0.999991,1
0.999872,0.000128,0
0.000247,0.999753,1
0.000320,0.999680,1
0.000033,0.999967,1
0.000023,0.999977,1
0.000039,0.999961,1
0.999028,0.000972,0
0.000178,0.999822,1
0.999954,0.000046,0
0.000043,0.999957,1
0.999984,0.000016,0
0.999877,0.000123,0
0.999987,0.000013,0
0.999332,0.000668,0
0.000035,0.999965,1
0.000148,0.999852,1
0.999899,0.000101,0
0.000001,0.999999,1
0.000040,0.999960,1
0.999339,0.000661,0
0.999857,0.000143,0
0.999893,0.000107,0
0.000150,0.999850,1
0.999964,0.000036,0
0.000068,0.999932,1
0.000002,0.999998,1
0.000053,0.999947,1
0.000005,0.999995,1
0.000010,0.999990,1
0.000033,0.999967,1
0.000013,0.999987,1
0.999848,0.000152,0
0.000131,0.999869,1
0.000044,0.999956,1
0.000077,0.999923,1
0.000038,0.999962,1
0.999996,0.000004,0
0.000116,0.999884,1
0.999992,0.000008,0
0.000036,0.999964,1
0.000003,0.999997,1
0.999994,0.000006,0
0.999868,0.000132,0
0.999782,0.000218,0
0.000388,0.999612,1
0.000195,0.999805,1
0.000360,0.999640,1
0.000015,0.999985,1
0.000013,0.999987,1
0.999930,0.000070,0
0.000486,0.999514,1
0.000301,0.999699,1
0.000004,0.999996,1
0.998474,0.001526,0
0.999908,0.000092,0
0.000030,0.999970,1
0.999882,0.000118,0
0.999992,0.000008,0
0.999908,0.000092,0
0.000239,0.999761,1
0.999919,0.000081,0
0.999817,0.000183,0
0.999884,0.000116,0
0.999850,0.000150,0
0.000033,0.999967,1
0.000033,0.999967,1
0.999760,0.000240,0
0.000229,0.999771,1
0.000084,0.999916,1
0.000010,0.999990,1
0.000056,0.999944,1
0.000050,0.999950,1
0.999252,0.000748,0
0.999708,0.000292,0
0.000011,0.999989,1
0.999906,0.000094,0
0.999757,0.000243,0
0.999946,0.000054,0
0.000034,0.999966,1
0.000002,0.999998,1
0.000035,0.999965,1
0.000005,0.999995,1
0.999945,0.000055,0
0.000043,0.999957,1
0.000016,0.999984,1
0.000010,0.999990,1
0.000286,0.999714,1
0.000147,0.999853,1
0.000031,0.999969,1
0.999772,0.000228,0
0.000046,0.999954,1
0.999335,0.000665,0
0.000138,0.999862,1
0.999994,0.000006,0
0.000071,0.999929,1
0.000366,0.999634,1
0.000097,0.999903,1
0.999820,0.000180,0
0.000221,0.999779,1
0.999939,0.000061,0
0.999981,0.000019,0
0.000130,0.999870,1
0.999786,0.000214,0
0.000061,0.999939,1
0.999984,0.000016,0
0.999981,0.000019,0
0.000453,0.999547,1
0.999944,0.000056,0
0.000020,0.999980,1
0.000007,0.999993,1
0.000078,0.999922,1
0.999994,0.000006,0
0.999996,0.000004,0
0.999949,0.000051,0
0.999984,0.000016,0
0.998454,0.001546,0
0.000096,0.999904,1
0.999730,0.000270,0
0.999954,0.000046,0
0.000110,0.999890,1
0.999989,0.000011,0
0.000203,0.999797,1
0.999944,0.000056,0
0.000187,0.999813,1
0.000108,0.999892,1
0.999879,0.000121,0
0.000005,0.999995,1
0.999778,0.000222,0
0.000042,0.999958,1
0.999468,0.000532,0
0.999980,0.000020,0
0.999763,0.000237,0
0.000024,0.999976,1
0.999982,0.000018,0
0.999952,0.000048,0
0.998181,0.001819,0
0.999979,0.000021,0
0.000935,0.999065,1
0.000360,0.999640,1
0.000229,0.999771,1
0.000110,0.999890,1
0.999983,0.000017,0
0.000023,0.999977,1
0.000008,0.999992,1
0.000096,0.999904,1
0.999854,0.000146,0
0.999261,0.000739,0
0.000004,0.999996,1
0.000066,0.999934,1
0.999875,0.000125,0
0.000127,0.999873,1
0.000178,0.999822,1
0.000005,0.999995,1
0.999968,0.000032,0
0.000032,0.999968,1
0.000062,0.999938,1
0.000015,0.999985,1
0.000020,0.999980,1
0.000175,0.999825,1
0.999837,0.000163,0
0.000192,0.999808,1
0.000060,0.999940,1
0.999497,0.000503,0
0.999878,0.000122,0
0.999483,0.000517,0
0.999430,0.000570,0
0.000016,0.999984,1
0.999378,0.000622,0
0.999620,0.000380,0
0.999832,0.000168,0
0.000149,0.999851,1
0.000058,0.999942,1
0.999864,0.000136,0
0.000126,0.999874,1
0.999934,0.000066,0
0.999964,0.000036,0
0.999844,0.000156,0
0.000069,0.999931,1
0.999654,0.000346,0
0.999958,0.000042,0
0.000148,0.999852,1
0.000059,0.999941,1
0.999891,0.000109,0
0.000001,0.999999,1
0.999975,0.000025,0
0.999905,0.000095,0
0.000005,0.999995,1
0.000000,1.000000,1
0.999998,0.000002,0
0.000009,0.999991,1
0.000002,0.999998,1
0.000176,0.999824,1
0.000045,0.999955,1
0.999894,0.000106,0
0.999992,0.000008,0
0.000020,0.999980,1
0.999979,0.000021,0
0.999903,0.000097,0
0.996207,0.003793,0
0.000009,0.999991,1
0.000203,0.999797,1
0.999758,0.000242,0
0.000002,0.999998,1
0.999941,0.000059,0
0.000024,0.999976,1
0.999877,0.000123,0
0.999950,0.000050,0
0.000001,0.999999,1
0.000045,0.999955,1
0.999995,0.000005,0
0.999934,0.000066,0
0.000030,0.999970,1
0.000065,0.999935,1
0.000033,0.999967,1
0.999980,0.000020,0
0.999962,0.000038,0
0.000093,0.999907,1
0.999914,0.000086,0
0.000473,0.999527,1
0.999955,0.000045,0
0.000042,0.999958,1
0.999918,0.000082,0
0.000003,0.999997,1
0.000146,0.999854,1
0.999993,0.000007,0
0.999784,0.000216,0
0.000037,0.999963,1
0.000052,0.999948,1
0.999576,0.000424,0
0.000174,0.999826,1
0.999777,0.000223,0
0.999816,0.000184,0
0.000126,0.999874,1
0.999837,0.000163,0
0.999936,0.000064,0
0.999970,0.000030,0
0.999644,0.000356,0
0.999903,0.000097,0
0.000027,0.999973,1
0.999794,0.000206,0
0.000016,0.999984,1
0.998725,0.001275,0
0.999830,0.000170,0
0.000649,0.999351,1
0.999918,0.000082,0
0.999960,0.000040,0
0.000002,0.999998,1
0.999978,0.000022,0
0.000267,0.999733,1
0.999547,0.000453,0
0.999989,0.000011,0
0.999996,0.000004,0
0.999966,0.000034,0
0.999852,0.000148,0
0.000013,0.999987,1
0.000109,0.999891,1
0.000174,0.999826,1
0.000399,0.999601,1
0.000301,0.999699,1
0.000343,0.999657,1
0.000029,0.999971,1
0.000161,0.999839,1
0.000143,0.999857,1
0.999983,0.000017,0
0.001178,0.998822,1
0.999662,0.000338,0
0.999978,0.000022,0
0.000003,0.999997,1
0.000009,0.999991,1
0.000099,0.999901,1
0.999877,0.000123,0
0.999466,0.000534,0
0.999871,0.000129,0
0.999982,0.000018,0
0.999983,0.000017,0
0.000004,0.999996,1
0.000050,0.999950,1
0.000408,0.999592,1
0.000024,0.999976,1
0.999713,0.000287,0
0.000883,0.999117,1
0.999996,0.000004,0
0.999459,0.000541,0
0.000012,0.999988,1
0.999874,0.000126,0
0.999979,0.000021,0
0.999986,0.000014,0
0.999466,0.000534,0
0.000049,0.999951,1
0.999966,0.000034,0
0.999982,0.000018,0
0.000004,0.999996,1
0.000387,0.999613,1
0.000008,0.999992,1
0.999844,0.000156,0
0.000074,0.999926,1
0.999990,0.000010,0
0.000005,0.999995,1
0.000124,0.999876,1
0.999690,0.000310,0
0.000265,0.999735,1
0.999796,0.000204,0
0.000490,0.999510,1
0.999936,0.000064,0
0.999797,0.000203,0
0.999915,0.000085,0
0.999989,0.000011,0
0.000008,0.999992,1
0.000019,0.999981,1
0.000014,0.999986,1
0.000152,0.999848,1
0.000058,0.999942,1
0.000004,0.999996,1
0.000049,0.999951,1
0.999932,0.000068,0
0.000036,0.999964,1
0.000096,0.999904,1
0.000055,0.999945,1
0.999474,0.000526,0
0.999968,0.000032,0
0.000019,0.999981,1
0.999983,0.000017,0
0.000222,0.999778,1
0.999915,0.000085,0
0.000034,0.999966,1
0.999980,0.000020,0
0.000014,0.999986,1
0.999962,0.000038,0
0.999881,0.000119,0
0.000172,0.999828,1
0.000138,0.999862,1
0.000022,0.999978,1
0.001797,0.998203,1
0.000046,0.999954,1
0.999967,0.000033,0
0.999984,0.000016,0
0.999976,0.000024,0
0.999904,0.000096,0
0.000026,0.999974,1
0.996938,0.003062,0
0.999709,0.000291,0
0.999954,0.000046,0
0.999785,0.000215,0
0.000618,0.999382,1
0.999602,0.000398,0
0.000016,0.999984,1
0.000113,0.999887,1
0.000139,0.999861,1
0.000303,0.999697,1
0.999899,0.000101,0
0.999953,0.000047,0
0.999946,0.000054,0
0.000048,0.999952,1
0.000026,0.999974,1
0.999694,0.000306,0
0.000905,0.999095,1
0.999993,0.000007,0
0.999917,0.000083,0
0.999978,0.000022,0
0.000067,0.999933,1
0.000010,0.999990,1
0.999935,0.000065,0
0.000169,0.999831,1
0.000014,0.999986,1
0.999984,0.000016,0
0.000019,0.999981,1
0.999984,0.000016,0
0.000013,0.999987,1
0.000012,0.999988,1
0.999964,0.000036,0
0.000360,0.999640,1
0.000023,0.999977,1
0.000355,0.999645,1
0.001028,0.998972,1
0.999952,0.000048,0
0.999701,0.000299,0
0.999764,0.000236,0
0.000004,0.999996,1
0.000015,0.999985,1
0.000122,0.999878,1
0.999980,0.000020,0
0.999973,0.000027,0
0.999665,0.000335,0
0.999853,0.000147,0
0.000234,0.999766,1
0.999903,0.000097,0
0.000030,0.999970,1
0.000042,0.999958,1
0.000014,0.999986,1
0.999992,0.000008,0
0.999921,0.000079,0
0.000034,0.999966,1
0.999571,0.000429,0
0.999911,0.000089,0
0.000080,0.999920,1
0.999750,0.000250,0
0.999179,0.000821,0
0.999910,0.000090,0
0.000134,0.999866,1
0.999714,0.000286,0
0.000005,0.999995,1
0.999924,0.000076,0
0.000011,0.999989,1
0.999875,0.000125,0
0.000031,0.999969,1
0.000024,0.999976,1
0.999755,0.000245,0
0.000069,0.999931,1
0.999722,0.000278,0
0.000077,0.999923,1
0.000019,0.999981,1
0.999990,0.000010,0
0.999835,0.000165,0
0.000007,0.999993,1
0.999902,0.000098,0
0.999919,0.000081,0
0.999469,0.000531,0
0.999907,0.000093,0
0.000032,0.999968,1
0.999979,0.000021,0
0.999811,0.000189,0
0.999384,0.000616,0
0.000070,0.999930,1
0.999963,0.000037,0
0.000030,0.999970,1
0.000009,0.999991,1
0.000246,0.999754,1
0.000167,0.999833,1
0.999904,0.000096,0
0.000005,0.999995,1
0.999925,0.000075,0
0.999884,0.000116,0
0.000575,0.999425,1
0.999588,0.000412,0
0.000064,0.999936,1
0.000006,0.999994,1
0.000010,0.999990,1
0.000135,0.999865,1
0.000208,0.999792,1
0.999950,0.000050,0
0.999843,0.000157,0
0.000027,0.999973,1
0.000052,0.999948,1
0.000007,0.999993,1
0.999968,0.000032,0
0.000316,0.999684,1
0.000008,0.999992,1
0.000066,0.999934,1
0.000228,0.999772,1
0.000018,0.999982,1
0.999927,0.000073,0
0.000568,0.999432,1
0.000305,0.999695,1
0.000021,0.999979,1
0.000013,0.999987,1
0.000009,0.999991,1
0.999989,0.000011,0
0.000014,0.999986,1
0.999592,0.000408,0
0.000593,0.999407,1
0.000105,0.999895,1
0.000045,0.999955,1
0.997990,0.002010,0
0.000832,0.999168,1
0.000013,0.999987,1
0.999826,0.000174,0
0.000164,0.999836,1
0.999974,0.000026,0
0.999994,0.000006,0
0.000020,0.999980,1
0.000032,0.999968,1
0.999960,0.000040,0
0.000016,0.999984,1
0.999927,0.000073,0
0.999122,0.000878,0
0.000076,0.999924,1
0.999982,0.000018,0
0.000043,0.999957,1
0.000008,0.999992,1
0.000132,0.999868,1
0.999942,0.000058,0
0.000012,0.999988,1
0.000006,0.999994,1
0.999984,0.000016,0
0.000074,0.999926,1
0.000360,0.999640,1
0.999826,0.000174,0
0.000010,0.999990,1
0.000089,0.999911,1
0.999989,0.000011,0
0.000447,0.999553,1
0.000070,0.999930,1
0.000037,0.999963,1
0.999950,0.000050,0
0.000007,0.999993,1
0.000833,0.999167,1
0.000091,0.999909,1
0.000010,0.999990,1
0.999972,0.000028,0
0.000080,0.999920,1
0.000217,0.999783,1
0.000250,0.999750,1
0.999967,0.000033,0
0.000169,0.999831,1
0.000653,0.999347,1
0.000020,0.999980,1
0.000034,0.999966,1
0.000048,0.999952,1
0.999986,0.000014,0
0.999907,0.000093,0
0.000019,0.999981,1
0.000003,0.999997,1
0.999981,0.000019,0
0.000161,0.999839,1
0.000350,0.999650,1
0.999917,0.000083,0
0.999909,0.000091,0
0.000091,0.999909,1
0.000145,0.999855,1
0.000088,0.999912,1
0.000099,0.999901,1
0.999972,0.000028,0
0.000006,0.999994,1
0.999884,0.000116,0
0.001602,0.998398,1
0.000010,0.999990,1
0.000007,0.999993,1
0.000036,0.999964,1
0.000295,0.999705,1
0.000126,0.999874,1
0.000012,0.999988,1
0.000924,0.999076,1
0.000009,0.999991,1
0.000057,0.999943,1
0.000013,0.999987,1
0.999505,0.000495,0
0.001494,0.998506,1
0.000127,0.999873,1
0.000012,0.999988,1
0.999976,0.000024,0
0.000390,0.999610,1
0.999981,0.000019,0
0.000107,0.999893,1
0.000256,0.999744,1
0.000388,0.999612,1
0.999956,0.000044,0
0.999849,0.000151,0
0.999938,0.000062,0
0.000206,0.999794,1
0.999919,0.000081,0
0.001168,0.998832,1
0.993468,0.006532,0
0.000126,0.999874,1
0.000001,0.999999,1
0.000273,0.999727,1
0.000031,0.999969,1
0.000028,0.999972,1
0.999611,0.000389,0
0.999965,0.000035,0
0.000022,0.999978,1
0.999902,0.000098,0
0.999985,0.000015,0
0.000644,0.999356,1
0.000035,0.999965,1
0.000593,0.999407,1
0.999339,0.000661,0
0.999882,0.000118,0
0.000519,0.999481,1
0.999699,0.000301,0
0.999843,0.000157,0
0.000013,0.999987,1
0.000066,0.999934,1
0.998003,0.001997,0
0.000060,0.999940,1
0.999902,0.000098,0
0.000102,0.999898,1
0.000069,0.999931,1
0.999951,0.000049,0
0.000049,0.999951,1
0.998754,0.001246,0
0.000015,0.999985,1
0.000078,0.999922,1
0.999941,0.000059,0
0.000200,0.999800,1
0.999973,0.000027,0
0.999996,0.000004,0
0.000029,0.999971,1
0.000037,0.999963,1
0.000134,0.999866,1
0.000006,0.999994,1
0.996754,0.003246,0
0.999989,0.000011,0
0.999950,0.000050,0
0.999037,0.000963,0
0.999044,0.000956,0
0.000104,0.999896,1
0.000039,0.999961,1
0.000022,0.999978,1
0.999883,0.000117,0
0.999994,0.000006,0
0.999933,0.000067,0
0.000149,0.999851,1
0.000015,0.999985,1
0.000167,0.999833,1
0.999785,0.000215,0
0.999253,0.000747,0
0.000056,0.999944,1
0.001257,0.998743,1
0.000022,0.999978,1
0.000048,0.999952,1
0.999932,0.000068,0
0.999901,0.000099,0
0.999993,0.000007,0
0.000029,0.999971,1
0.999779,0.000221,0
0.999910,0.000090,0
0.999988,0.000012,0
0.000360,0.999640,1
0.999649,0.000351,0
0.999729,0.000271,0
0.000098,0.999902,1
0.000221,0.999779,1
0.999885,0.000115,0
0.999761,0.000239,0
0.000004,0.999996,1
0.997762,0.002238,0
0.999483,0.000517,0
0.999971,0.000029,0
0.000008,0.999992,1
0.000008,0.999992,1
0.000019,0.999981,1
0.000044,0.999956,1
0.000024,0.999976,1
0.000096,0.999904,1
0.000958,0.999042,1
0.000034,0.999966,1
0.999904,0.000096,0
0.999965,0.000035,0
0.000183,0.999817,1
0.000156,0.999844,1
0.999841,0.000159,0
0.000013,0.999987,1
0.999972,0.000028,0
0.999462,0.000538,0
0.999983,0.000017,0
0.999980,0.000020,0
0.000520,0.999480,1
0.000289,0.999711,1
0.000050,0.999950,1
0.000086,0.999914,1
0.999984,0.000016,0
0.000142,0.999858,1
0.999867,0.000133,0
0.000047,0.999953,1
0.999997,0.000003,0
0.000265,0.999735,1
0.999547,0.000453,0
0.000009,0.999991,1
0.999957,0.000043,0
0.000196,0.999804,1
0.999185,0.000815,0
0.000097,0.999903,1
0.000020,0.999980,1
0.999959,0.000041,0
0.000022,0.999978,1
0.000030,0.999970,1
0.000015,0.999985,1
0.999781,0.000219,0
0.000264,0.999736,1
0.999984,0.000016,0
0.999979,0.000021,0
0.000184,0.999816,1
0.999979,0.000021,0
0.000008,0.999992,1
0.999996,0.000004,0
0.000029,0.999971,1
0.910290,0.089710,0
0.000044,0.999956,1
0.999716,0.000284,0
0.000019,0.999981,1
0.000103,0.999897,1
0.000001,0.999999,1
0.000013,0.999987,1
0.999820,0.000180,0
0.999945,0.000055,0
0.000713,0.999287,1
0.999988,0.000012,0
0.999882,0.000118,0
0.999844,0.000156,0
0.000072,0.999928,1
0.000302,0.999698,1
0.999662,0.000338,0
0.000162,0.999838,1
0.000052,0.999948,1
0.000455,0.999545,1
0.000046,0.999954,1
0.000017,0.999983,1
0.999987,0.000013,0
0.000637,0.999363,1
0.999943,0.000057,0
0.999800,0.000200,0
0.999792,0.000208,0
0.999866,0.000134,0
0.000081,0.999919,1
0.000060,0.999940,1
0.999986,0.000014,0
0.000110,0.999890,1
0.000008,0.999992,1
0.000354,0.999646,1
0.999824,0.000176,0
0.000604,0.999396,1
0.996017,0.003983,0
0.999941,0.000059,0
0.000009,0.999991,1
0.000520,0.999480,1
0.000272,0.999728,1
0.000061,0.999939,1
0.999524,0.000476,0
0.999805,0.000195,0
0.000009,0.999991,1
0.000002,0.999998,1
0.000001,0.999999,1
0.000061,0.999939,1
0.999771,0.000229,0
0.000269,0.999731,1
0.998153,0.001847,0
0.000087,0.999913,1
0.000038,0.999962,1
0.000133,0.999867,1
0.000009,0.999991,1
0.000014,0.999986,1
0.000093,0.999907,1
0.000063,0.999937,1
0.000209,0.999791,1
0.999980,0.000020,0
0.000088,0.999912,1
0.999642,0.000358,0
0.999733,0.000267,0
0.999962,0.000038,0
0.999979,0.000021,0
0.000390,0.999610,1
0.000316,0.999684,1
0.999874,0.000126,0
0.000587,0.999413,1
0.000047,0.999953,1
0.999896,0.000104,0
0.999996,0.000004,0
0.999989,0.000011,0
0.000109,0.999891,1
0.999747,0.000253,0
0.000064,0.999936,1
0.999927,0.000073,0
0.999994,0.000006,0
0.000005,0.999995,1
0.999450,0.000550,0
0.000027,0.999973,1
0.999989,0.000011,0
0.001296,0.998704,1
0.000248,0.999752,1
0.000100,0.999900,1
0.999897,0.000103,0
0.000038,0.999962,1
0.999840,0.000160,0
0.000045,0.999955,1
0.000096,0.999904,1
0.000065,0.999935,1
0.000333,0.999667,1
0.999938,0.000062,0
0.000019,0.999981,1
0.999895,0.000105,0
0.999976,0.000024,0
0.000061,0.999939,1
0.000121,0.999879,1
0.999887,0.000113,0
0.999979,0.000021,0
0.999856,0.000144,0
0.000845,0.999155,1
0.999662,0.000338,0
0.000059,0.999941,1
0.999860,0.000140,0
0.000003,0.999997,1
0.999984,0.000016,0
0.999366,0.000634,0
0.999953,0.000047,0
0.999963,0.000037,0
0.000006,0.999994,1
0.998596,0.001404,0
0.999568,0.000432,0
0.999918,0.000082,0
0.000007,0.999993,1
0.999961,0.000039,0
0.999925,0.000075,0
0.999580,0.000420,0
0.999995,0.000005,0
0.999919,0.000081,0
0.000012,0.999988,1
0.000240,0.999760,1
0.999802,0.000198,0
0.999408,0.000592,0
0.999957,0.000043,0
0.000127,0.999873,1
0.999984,0.000016,0
0.999973,0.000027,0
0.999974,0.000026,0
0.000256,0.999744,1
0.003814,0.996186,1
0.000091,0.999909,1
0.000151,0.999849,1
0.000065,0.999935,1
0.000003,0.999997,1
0.999892,0.000108,0
0.998934,0.001066,0
0.999878,0.000122,0
0.999970,0.000030,0
0.000153,0.999847,1
0.999958,0.000042,0
0.999466,0.000534,0
0.000030,0.999970,1
0.999933,0.000067,0
0.998142,0.001858,0
0.000030,0.999970,1
0.999699,0.000301,0
0.999762,0.000238,0
0.000234,0.999766,1
0.999947,0.000053,0
0.999936,0.000064,0
0.999956,0.000044,0
0.000221,0.999779,1
0.000002,0.999998,1
0.999950,0.000050,0
0.999947,0.000053,0
0.000025,0.999975,1
0.000002,0.999998,1
0.999931,0.000069,0
0.999852,0.000148,0
0.000025,0.999975,1
0.000012,0.999988,1
0.999989,0.000011,0
0.000049,0.999951,1
0.000135,0.999865,1
0.000006,0.999994,1
0.999920,0.000080,0
0.000001,0.999999,1
0.000016,0.999984,1
0.999630,0.000370,0
0.999807,0.000193,0
0.000042,0.999958,1
0.999990,0.000010,0
0.999928,0.000072,0
0.000303,0.999697,1
0.999963,0.000037,0
0.999897,0.000103,0
0.999677,0.000323,0
0.999650,0.000350,0
0.000438,0.999562,1
0.000002,0.999998,1
0.999981,0.000019,0
0.999842,0.000158,0
0.000006,0.999994,1
0.999998,0.000002,0
0.000028,0.999972,1
0.000066,0.999934,1
0.000015,0.999985,1
0.999980,0.000020,0
0.999287,0.000713,0
0.999832,0.000168,0
0.000138,0.999862,1
0.000004,0.999996,1
0.000055,0.999945,1
0.000003,0.999997,1
0.000059,0.999941,1
0.998991,0.001009,0
0.000352,0.999648,1
0.999903,0.000097,0
0.999976,0.000024,0
0.000081,0.999919,1
0.000016,0.999984,1
0.999937,0.000063,0
0.000001,0.999999,1
0.999982,0.000018,0
0.999973,0.000027,0
0.000494,0.999506,1
0.000112,0.999888,1
0.000001,0.999999,1
0.999787,0.000213,0
0.000459,0.999541,1
0.999984,0.000016,0
0.000064,0.999936,1
0.000180,0.999820,1
0.000015,0.999985,1
0.000005,0.999995,1
0.997585,0.002415,0
0.991693,0.008307,0
0.000091,0.999909,1
0.000032,0.999968,1
0.000075,0.999925,1
0.000008,0.999992,1
0.999954,0.000046,0
0.000009,0.999991,1
0.000384,0.999616,1
0.999955,0.000045,0
0.000096,0.999904,1
0.999904,0.000096,0
0.000281,0.999719,1
0.000199,0.999801,1
0.000093,0.999907,1
0.999847,0.000153,0
0.000002,0.999998,1
0.999648,0.000352,0
0.999978,0.000022,0
0.999910,0.000090,0
0.000042,0.999958,1
0.000057,0.999943,1
0.000009,0.999991,1
0.999903,0.000097,0
0.999891,0.000109,0
0.000035,0.999965,1
0.000099,0.999901,1
0.000005,0.999995,1
0.999739,0.000261,0
0.000015,0.999985,1
0.997710,0.002290,0
0.999692,0.000308,0
0.999835,0.000165,0
0.988000,0.012000,0
0.000316,0.999684,1
0.999860,0.000140,0
0.999928,0.000072,0
0.000102,0.999898,1
0.999847,0.000153,0
0.000242,0.999758,1
0.000050,0.999950,1
0.999972,0.000028,0
0.999928,0.000072,0
0.999988,0.000012,0
0.999758,0.000242,0
0.999815,0.000185,0
0.999958,0.000042,0
0.617095,0.382905,0
0.000104,0.999896,1
0.999691,0.000309,0
0.000085,0.999915,1
0.999854,0.000146,0
0.000002,0.999998,1
0.999867,0.000133,0
0.000001,0.999999,1
0.000045,0.999955,1
0.999975,0.000025,0
0.999236,0.000764,0
0.000009,0.999991,1
0.999855,0.000145,0
0.999944,0.000056,0
0.999914,0.000086,0
0.999963,0.000037,0
0.999334,0.000666,0
0.001302,0.998698,1
0.999977,0.000023,0
0.000015,0.999985,1
0.000016,0.999984,1
0.999455,0.000545,0
0.999897,0.000103,0
0.000271,0.999729,1
0.999977,0.000023,0
0.000563,0.999437,1
0.999628,0.000372,0
0.000042,0.999958,1
0.999627,0.000373,0
0.000388,0.999612,1
0.999787,0.000213,0
0.000045,0.999955,1
0.999967,0.000033,0
0.999995,0.000005,0
0.000010,0.999990,1
0.999979,0.000021,0
0.000007,0.999993,1
0.999764,0.000236,0
0.999859,0.000141,0
0.999957,0.000043,0
0.999810,0.000190,0
0.000011,0.999989,1
0.999914,0.000086,0
0.000009,0.999991,1
0.999957,0.000043,0
0.000415,0.999585,1
0.999633,0.000367,0
0.000360,0.999640,1
0.999536,0.000464,0
0.001108,0.998892,1
0.000020,0.999980,1
0.999979,0.000021,0
0.000010,0.999990,1
0.000061,0.999939,1
0.000011,0.999989,1
0.000047,0.999953,1
0.999712,0.000288,0
0.000633,0.999367,1
0.999986,0.000014,0
0.000201,0.999799,1
0.999869,0.000131,0
0.000015,0.999985,1
0.000002,0.999998,1
0.999967,0.000033,0
0.000002,0.999998,1
0.000242,0.999758,1
0.999866,0.000134,0
0.000127,0.999873,1
0.999945,0.000055,0
0.000029,0.999971,1
0.999946,0.000054,0
0.002535,0.997465,1
0.000085,0.999915,1
0.999967,0.000033,0
0.999994,0.000006,0
0.000007,0.999993,1
0.999990,0.000010,0
0.999904,0.000096,0
0.000047,0.999953,1
0.000029,0.999971,1
0.000009,0.999991,1
0.000003,0.999997,1
0.999965,0.000035,0
0.000223,0.999777,1
0.000106,0.999894,1
0.000261,0.999739,1
0.999905,0.000095,0
0.000016,0.999984,1
0.999986,0.000014,0
0.999878,0.000122,0
0.999978,0.000022,0
0.999855,0.000145,0
0.999487,0.000513,0
0.000112,0.999888,1
0.000177,0.999823,1
0.000026,0.999974,1
0.000543,0.999457,1
0.999545,0.000455,0
0.000140,0.999860,1
0.000354,0.999646,1
0.000082,0.999918,1
0.000001,0.999999,1
0.000000,1.000000,1
0.999947,0.000053,0
0.999994,0.000006,0
0.998748,0.001252,0
0.000050,0.999950,1
0.999992,0.000008,0
0.998966,0.001034,0
0.999726,0.000274,0
0.000099,0.999901,1
0.998110,0.001890,0
0.999978,0.000022,0
0.000017,0.999983,1
0.000025,0.999975,1
0.000336,0.999664,1
0.999969,0.000031,0
0.000028,0.999972,1
0.000443,0.999557,1
0.999991,0.000009,0
0.000007,0.999993,1
0.999976,0.000024,0
0.000121,0.999879,1
0.999950,0.000050,0
0.999974,0.000026,0
0.999772,0.000228,0
0.000085,0.999915,1
0.000067,0.999933,1
0.999866,0.000134,0
0.999947,0.000053,0
0.000612,0.999388,1
0.044121,0.955879,1
0.999967,0.000033,0
0.000089,0.999911,1
0.999996,0.000004,0
0.000523,0.999477,1
0.000285,0.999715,1
0.999926,0.000074,0
0.999954,0.000046,0
0.000037,0.999963,1
0.999926,0.000074,0
0.000013,0.999987,1
0.999967,0.000033,0
0.999925,0.000075,0
0.000678,0.999322,1
0.000384,0.999616,1
0.000018,0.999982,1
0.999944,0.000056,0
0.000005,0.999995,1
0.000038,0.999962,1
0.000071,0.999929,1
0.000041,0.999959,1
0.000013,0.999987,1
0.000005,0.999995,1
0.000332,0.999668,1
0.000025,0.999975,1
0.000078,0.999922,1
0.000797,0.999203,1
0.999980,0.000020,0
0.999897,0.000103,0
0.000037,0.999963,1
0.000140,0.999860,1
0.000300,0.999700,1
0.000052,0.999948,1
0.999975,0.000025,0
0.999926,0.000074,0
0.999951,0.000049,0
0.000110,0.999890,1
0.000162,0.999838,1
0.999702,0.000298,0
0.000002,0.999998,1
0.999966,0.000034,0
0.999959,0.000041,0
0.970800,0.029200,0
0.000164,0.999836,1
0.999991,0.000009,0
0.999953,0.000047,0
0.000053,0.999947,1
0.000029,0.999971,1
0.000010,0.999990,1
0.000033,0.999967,1
0.999998,0.000002,0
0.999991,0.000009,0
0.000011,0.999989,1
0.999627,0.000373,0
0.999995,0.000005,0
0.000130,0.999870,1
0.000024,0.999976,1
0.001531,0.998469,1
0.999799,0.000201,0
0.999978,0.000022,0
0.000022,0.999978,1
0.999903,0.000097,0
0.000011,0.999989,1
0.999787,0.000213,0
0.000153,0.999847,1
0.999962,0.000038,0
0.000002,0.999998,1
0.999703,0.000297,0
0.999979,0.000021,0
0.000022,0.999978,1
0.000413,0.999587,1
0.999850,0.000150,0
0.999925,0.000075,0
0.000360,0.999640,1
0.000041,0.999959,1
0.999804,0.000196,0
0.000027,0.999973,1
0.000008,0.999992,1
0.999848,0.000152,0
0.000024,0.999976,1
0.999918,0.000082,0
0.000037,0.999963,1
0.000010,0.999990,1
0.000065,0.999935,1
0.999942,0.000058,0
0.000014,0.999986,1
0.000289,0.999711,1
0.999927,0.000073,0
0.000002,0.999998,1
0.000009,0.999991,1
0.999887,0.000113,0
0.999803,0.000197,0
0.000019,0.999981,1
0.999779,0.000221,0
0.000146,0.999854,1
0.999853,0.000147,0
0.988367,0.011633,0
0.000040,0.999960,1
0.000027,0.999973,1
0.000096,0.999904,1
0.999976,0.000024,0
0.000001,0.999999,1
0.999649,0.000351,0
0.999877,0.000123,0
0.000145,0.999855,1
0.000213,0.999787,1
0.999966,0.000034,0
0.000054,0.999946,1
0.001251,0.998749,1
0.999798,0.000202,0
0.000294,0.999706,1
0.000005,0.999995,1
0.000006,0.999994,1
0.000269,0.999731,1
0.000009,0.999991,1
0.000017,0.999983,1
0.999928,0.000072,0
0.000000,1.000000,1
0.000097,0.999903,1
0.999989,0.000011,0
0.999809,0.000191,0
0.000272,0.999728,1
0.999879,0.000121,0
0.000009,0.999991,1
0.000007,0.999993,1
0.999898,0.000102,0
0.999994,0.000006,0
0.999873,0.000127,0
0.000061,0.999939,1
0.000354,0.999646,1
0.000005,0.999995,1
0.001424,0.998576,1
0.999662,0.000338,0
0.000032,0.999968,1
0.999960,0.000040,0
0.000057,0.999943,1
0.999995,0.000005,0
0.000111,0.999889,1
0.999905,0.000095,0
0.999896,0.000104,0
0.000009,0.999991,1
0.000025,0.999975,1
0.000003,0.999997,1
0.000017,0.999983,1
0.000152,0.999848,1
0.998368,0.001632,0
0.999680,0.000320,0
0.999851,0.000149,0
0.000657,0.999343,1
0.999646,0.000354,0
0.999755,0.000245,0
0.000078,0.999922,1
0.999967,0.000033,0
0.999892,0.000108,0
0.000266,0.999734,1
0.000042,0.999958,1
0.999732,0.000268,0
0.000002,0.999998,1
0.000104,0.999896,1
0.000050,0.999950,1
0.999942,0.000058,0
0.000911,0.999089,1
0.998891,0.001109,0
0.000012,0.999988,1
0.998163,0.001837,0
0.000239,0.999761,1
0.999987,0.000013,0
0.999745,0.000255,0
0.999842,0.000158,0
0.998102,0.001898,0
0.000230,0.999770,1
0.000024,0.999976,1
0.999993,0.000007,0
0.000066,0.999934,1
0.999978,0.000022,0
0.000051,0.999949,1
0.999486,0.000514,0
0.000205,0.999795,1
0.000704,0.999296,1
0.000058,0.999942,1
0.999942,0.000058,0
0.000077,0.999923,1
0.000105,0.999895,1
0.999883,0.000117,0
0.000022,0.999978,1
0.000127,0.999873,1
0.000185,0.999815,1
0.999871,0.000129,0
0.000787,0.999213,1
0.999937,0.000063,0
0.000662,0.999338,1
0.999979,0.000021,0
0.999978,0.000022,0
0.000067,0.999933,1
0.000069,0.999931,1
0.000012,0.999988,1
0.999581,0.000419,0
0.999728,0.000272,0
0.000003,0.999997,1
0.999995,0.000005,0
0.999978,0.000022,0
0.999954,0.000046,0
0.000064,0.999936,1
0.999958,0.000042,0
0.000139,0.999861,1
0.000014,0.999986,1
0.000013,0.999987,1
0.001626,0.998374,1
0.999976,0.000024,0
0.999975,0.000025,0
0.999925,0.000075,0
0.996695,0.003305,0
0.000188,0.999812,1
0.000078,0.999922,1
0.000038,0.999962,1
0.000902,0.999098,1
0.000062,0.999938,1
0.999987,0.000013,0
0.999992,0.000008,0
0.001063,0.998937,1
0.999977,0.000023,0
0.000201,0.999799,1
0.000577,0.999423,1
0.001032,0.998968,1
0.999804,0.000196,0
0.999858,0.000142,0
0.000099,0.999901,1
0.999932,0.000068,0
0.999774,0.000226,0
0.999783,0.000217,0
0.000472,0.999528,1
0.000556,0.999444,1
0.999889,0.000111,0
0.999899,0.000101,0
0.999993,0.000007,0
0.000045,0.999955,1
0.000003,0.999997,1
0.999985,0.000015,0
0.999994,0.000006,0
0.999868,0.000132,0
0.999911,0.000089,0
0.999878,0.000122,0
0.000020,0.999980,1
0.000216,0.999784,1
0.000089,0.999911,1
0.999908,0.000092,0
0.000009,0.999991,1
0.000046,0.999954,1
0.000013,0.999987,1
0.998961,0.001039,0
0.000007,0.999993,1
0.000060,0.999940,1
0.013528,0.986472,1
0.000198,0.999802,1
0.999955,0.000045,0
0.999992,0.000008,0
0.000009,0.999991,1
0.999813,0.000187,0
0.000110,0.999890,1
0.999990,0.000010,0
0.999885,0.000115,0
0.000070,0.999930,1
0.000006,0.999994,1
0.000266,0.999734,1
0.999959,0.000041,0
0.000034,0.999966,1
0.000746,0.999254,1
0.000014,0.999986,1
0.999863,0.000137,0
0.000193,0.999807,1
0.999892,0.000108,0
0.000006,0.999994,1
0.000015,0.999985,1
0.999995,0.000005,0
0.000025,0.999975,1
0.000011,0.999989,1
0.999976,0.000024,0
0.000000,1.000000,1
0.000178,0.999822,1
0.000118,0.999882,1
0.999835,0.000165,0
0.000123,0.999877,1
0.999992,0.000008,0
0.000107,0.999893,1
0.999934,0.000066,0
0.999962,0.000038,0
0.000002,0.999998,1
0.000010,0.999990,1
0.000251,0.999749,1
0.999980,0.000020,0
0.999973,0.000027,0
0.000080,0.999920,1
0.000362,0.999638,1
0.000022,0.999978,1
0.999828,0.000172,0
0.000139,0.999861,1
0.999983,0.000017,0
0.000148,0.999852,1
0.000019,0.999981,1
0.000023,0.999977,1
0.999774,0.000226,0
0.999692,0.000308,0
0.999223,0.000777,0
0.000027,0.999973,1
0.000052,0.999948,1
0.000003,0.999997,1
0.999988,0.000012,0
0.000409,0.999591,1
0.000013,0.999987,1
0.000028,0.999972,1
0.999882,0.000118,0
0.000092,0.999908,1
0.999780,0.000220,0
0.000120,0.999880,1
0.000038,0.999962,1
0.999960,0.000040,0
0.999959,0.000041,0
0.999998,0.000002,0
0.000069,0.999931,1
0.000039,0.999961,1
0.999987,0.000013,0
0.000469,0.999531,1
0.000029,0.999971,1
0.000097,0.999903,1
0.999923,0.000077,0
0.000247,0.999753,1
0.999902,0.000098,0
0.999998,0.000002,0
0.000256,0.999744,1
0.000035,0.999965,1
0.999844,0.000156,0
0.999813,0.000187,0
0.000082,0.999918,1
0.998587,0.001413,0
0.000097,0.999903,1
0.999983,0.000017,0
0.000027,0.999973,1
0.999848,0.000152,0
0.000017,0.999983,1
0.999962,0.000038,0
0.999908,0.000092,0
0.999903,0.000097,0
0.999940,0.000060,0
0.000045,0.999955,1
0.999989,0.000011,0
0.000013,0.999987,1
0.000053,0.999947,1
0.000003,0.999997,1
0.999796,0.000204,0
0.000112,0.999888,1
0.002027,0.997973,1
0.999842,0.000158,0
0.999945,0.000055,0
0.997563,0.002437,0
0.999904,0.000096,0
0.998856,0.001144,0
0.000174,0.999826,1
0.000207,0.999793,1
0.000147,0.999853,1
0.999825,0.000175,0
0.000017,0.999983,1
0.000061,0.999939,1
0.999801,0.000199,0
0.999894,0.000106,0
0.000054,0.999946,1
0.000038,0.999962,1
0.999863,0.000137,0
0.000026,0.999974,1
0.000039,0.999961,1
0.000002,0.999998,1
0.000126,0.999874,1
0.999943,0.000057,0
0.000009,0.999991,1
0.999986,0.000014,0
0.999988,0.000012,0
0.000456,0.999544,1
0.000333,0.999667,1
0.999872,0.000128,0
0.999838,0.000162,0
0.999881,0.000119,0
0.999595,0.000405,0
0.000004,0.999996,1
0.000066,0.999934,1
0.999934,0.000066,0
0.999870,0.000130,0
0.000008,0.999992,1
0.000078,0.999922,1
0.000019,0.999981,1
0.000244,0.999756,1
0.000326,0.999674,1
0.999936,0.000064,0
0.000527,0.999473,1
0.000026,0.999974,1
0.001014,0.998986,1
0.000044,0.999956,1
0.000500,0.999500,1
0.000011,0.999989,1
0.999979,0.000021,0
0.000025,0.999975,1
0.999953,0.000047,0
0.000155,0.999845,1
0.999891,0.000109,0
0.999921,0.000079,0
0.000019,0.999981,1
0.000067,0.999933,1
0.999983,0.000017,0
0.000010,0.999990,1
0.001760,0.998240,1
0.999738,0.000262,0
0.000601,0.999399,1
0.000040,0.999960,1
0.999986,0.000014,0
0.999892,0.000108,0
0.000052,0.999948,1
0.999724,0.000276,0
0.999675,0.000325,0
0.999947,0.000053,0
0.000050,0.999950,1
0.000059,0.999941,1
0.000007,0.999993,1
0.000008,0.999992,1
0.000003,0.999997,1
0.000051,0.999949,1
0.000007,0.999993,1
0.999922,0.000078,0
0.000546,0.999454,1
0.999884,0.000116,0
0.999964,0.000036,0
0.999606,0.000394,0
0.999930,0.000070,0
0.000032,0.999968,1
0.999827,0.000173,0
0.000287,0.999713,1
0.000232,0.999768,1
0.999964,0.000036,0
0.000020,0.999980,1
0.000090,0.999910,1
0.000013,0.999987,1
0.000154,0.999846,1
0.999992,0.000008,0
0.000063,0.999937,1
0.000077,0.999923,1
0.000057,0.999943,1
0.000014,0.999986,1
0.000052,0.999948,1
0.999834,0.000166,0
0.999877,0.000123,0
0.000117,0.999883,1
0.999893,0.000107,0
0.999983,0.000017,0
0.000011,0.999989,1
0.999716,0.000284,0
0.000345,0.999655,1
0.000171,0.999829,1
0.999850,0.000150,0
0.000003,0.999997,1
0.000275,0.999725,1
0.999923,0.000077,0
0.000122,0.999878,1
0.000012,0.999988,1
0.999875,0.000125,0
0.999571,0.000429,0
0.000858,0.999142,1
0.000164,0.999836,1
0.000018,0.999982,1
0.000817,0.999183,1
0.999926,0.000074,0
0.999949,0.000051,0
0.000204,0.999796,1
0.999979,0.000021,0
0.000046,0.999954,1
0.999367,0.000633,0
0.999940,0.000060,0
0.999894,0.000106,0
0.000157,0.999843,1
0.999586,0.000414,0
0.000009,0.999991,1
0.000247,0.999753,1
0.000042,0.999958,1
0.000687,0.999313,1
0.999651,0.000349,0
0.000200,0.999800,1
0.000060,0.999940,1
0.000012,0.999988,1
0.000351,0.999649,1
0.000016,0.999984,1
0.999555,0.000445,0
0.999655,0.000345,0
0.000046,0.999954,1
0.999929,0.000071,0
0.000006,0.999994,1
0.000146,0.999854,1
0.000342,0.999658,1
0.000010,0.999990,1
0.000010,0.999990,1
0.999938,0.000062,0
0.999868,0.000132,0
0.000045,0.999955,1
0.999784,0.000216,0
0.999915,0.000085,0
0.000034,0.999966,1
0.999921,0.000079,0
0.000069,0.999931,1
0.999990,0.000010,0
0.000073,0.999927,1
0.999888,0.000112,0
0.999742,0.000258,0
0.999979,0.000021,0
0.000209,0.999791,1
0.999385,0.000615,0
0.999870,0.000130,0
0.000132,0.999868,1
0.999808,0.000192,0
0.999803,0.000197,0
0.000025,0.999975,1
0.000012,0.999988,1
0.000184,0.999816,1
0.999970,0.000030,0
0.999931,0.000069,0
0.000006,0.999994,1
0.999816,0.000184,0
0.000270,0.999730,1
0.000004,0.999996,1
0.000003,0.999997,1
0.999172,0.000828,0
0.998178,0.001822,0
0.999779,0.000221,0
0.000021,0.999979,1
0.000258,0.999742,1
0.000070,0.999930,1
0.999919,0.000081,0
0.000007,0.999993,1
0.000026,0.999974,1
0.000095,0.999905,1
0.000074,0.999926,1
0.000091,0.999909,1
0.000028,0.999972,1
0.999958,0.000042,0
0.999895,0.000105,0
0.000124,0.999876,1
0.999955,0.000045,0
0.000183,0.999817,1
0.000016,0.999984,1
0.999420,0.000580,0
0.999997,0.000003,0
0.000046,0.999954,1
0.000009,0.999991,1
0.999966,0.000034,0
0.000003,0.999997,1
0.999655,0.000345,0
0.000001,0.999999,1
0.999919,0.000081,0
0.999939,0.000061,0
0.999766,0.000234,0
0.999432,0.000568,0
0.999992,0.000008,0
0.000590,0.999410,1
0.000008,0.999992,1
0.999969,0.000031,0
0.999973,0.000027,0
0.000087,0.999913,1
0.999824,0.000176,0
0.999905,0.000095,0
0.000724,0.999276,1
0.999970,0.000030,0
0.999765,0.000235,0
0.999983,0.000017,0
0.999929,0.000071,0
0.000002,0.999998,1
0.000133,0.999867,1
0.000408,0.999592,1
0.000009,0.999991,1
0.999974,0.000026,0
0.999967,0.000033,0
0.999964,0.000036,0
0.000007,0.999993,1
0.000047,0.999953,1
0.999898,0.000102,0
0.000394,0.999606,1
0.999995,0.000005,0
0.999602,0.000398,0
0.999821,0.000179,0
0.999871,0.000129,0
0.999897,0.000103,0
0.000371,0.999629,1
0.000060,0.999940,1
0.000028,0.999972,1
0.999974,0.000026,0
0.000005,0.999995,1
0.000066,0.999934,1
0.000349,0.999651,1
0.000011,0.999989,1
0.000066,0.999934,1
0.000000,1.000000,1
0.000033,0.999967,1
0.999341,0.000659,0
0.000008,0.999992,1
0.999964,0.000036,0
0.000126,0.999874,1
0.000003,0.999997,1
0.000037,0.999963,1
0.999821,0.000179,0
0.999857,0.000143,0
0.000014,0.999986,1
0.000037,0.999963,1
0.000157,0.999843,1
0.000069,0.999931,1
0.999942,0.000058,0
0.000017,0.999983,1
0.000004,0.999996,1
0.000175,0.999825,1
0.000058,0.999942,1
0.999849,0.000151,0
0.000061,0.999939,1
0.000005,0.999995,1
0.999976,0.000024,0
0.000158,0.999842,1
0.000100,0.999900,1
0.000001,0.999999,1
0.999858,0.000142,0
0.996464,0.003536,0
0.999793,0.000207,0
0.999935,0.000065,0
0.999925,0.000075,0
0.000003,0.999997,1
0.999917,0.000083,0
0.000010,0.999990,1
0.999980,0.000020,0
0.999954,0.000046,0
0.000007,0.999993,1
0.003189,0.996811,1
0.000044,0.999956,1
0.070929,0.929071,1
0.999945,0.000055,0
0.000137,0.999863,1
0.000008,0.999992,1
0.999945,0.000055,0
0.999953,0.000047,0
0.000215,0.999785,1
0.000015,0.999985,1
0.000035,0.999965,1
0.999971,0.000029,0
0.000019,0.999981,1
0.000103,0.999897,1
0.000050,0.999950,1
0.999945,0.000055,0
0.999956,0.000044,0
0.999857,0.000143,0
0.999995,0.000005,0
0.999995,0.000005,0
0.000160,0.999840,1
0.000115,0.999885,1
0.999843,0.000157,0
0.000005,0.999995,1
0.000011,0.999989,1
0.000043,0.999957,1
0.000170,0.999830,1
0.999995,0.000005,0
0.999977,0.000023,0
0.999966,0.000034,0
0.000040,0.999960,1
0.000017,0.999983,1
0.999782,0.000218,0
0.000322,0.999678,1
0.000133,0.999867,1
0.000061,0.999939,1
0.000016,0.999984,1
0.000015,0.999985,1
0.999994,0.000006,0
0.000112,0.999888,1
0.000011,0.999989,1
0.999991,0.000009,0
0.000270,0.999730,1
0.999956,0.000044,0
0.999990,0.000010,0
0.030912,0.969088,1
0.999992,0.000008,0
0.999980,0.000020,0
0.999306,0.000694,0
0.000096,0.999904,1
0.999724,0.000276,0
0.000008,0.999992,1
0.000166,0.999834,1
0.999324,0.000676,0
0.000220,0.999780,1
0.000052,0.999948,1
0.000128,0.999872,1
0.999962,0.000038,0
0.999989,0.000011,0
0.999947,0.000053,0
0.999982,0.000018,0
0.996560,0.003440,0
0.000071,0.999929,1
0.999994,0.000006,0
0.000001,0.999999,1
0.999881,0.000119,0
0.000114,0.999886,1
0.000010,0.999990,1
0.000136,0.999864,1
0.999602,0.000398,0
0.000046,0.999954,1
0.999965,0.000035,0
0.000068,0.999932,1
0.999913,0.000087,0
0.000033,0.999967,1
0.999904,0.000096,0
0.999840,0.000160,0
0.000086,0.999914,1
0.000009,0.999991,1
0.999647,0.000353,0
0.002547,0.997453,1
0.999466,0.000534,0
0.999992,0.000008,0
0.999706,0.000294,0
0.999914,0.000086,0
0.999946,0.000054,0
0.999931,0.000069,0
0.992925,0.007075,0
0.999926,0.000074,0
0.000131,0.999869,1
0.000036,0.999964,1
0.999901,0.000099,0
0.998875,0.001125,0
0.000539,0.999461,1
0.999929,0.000071,0
0.000004,0.999996,1
0.000159,0.999841,1
0.000012,0.999988,1
0.000293,0.999707,1
0.999877,0.000123,0
0.000240,0.999760,1
0.999937,0.000063,0
0.999996,0.000004,0
0.000024,0.999976,1
0.999972,0.000028,0
0.999862,0.000138,0
0.000009,0.999991,1
0.999851,0.000149,0
0.999864,0.000136,0
0.000000,1.000000,1
0.000010,0.999990,1
0.000008,0.999992,1
0.000003,0.999997,1
0.000075,0.999925,1
0.000004,0.999996,1
0.000003,0.999997,1
0.001541,0.998459,1
0.000240,0.999760,1
0.000111,0.999889,1
0.000031,0.999969,1
0.000008,0.999992,1
0.000026,0.999974,1
0.000232,0.999768,1
0.001440,0.998560,1
0.999800,0.000200,0
0.000002,0.999998,1
0.000214,0.999786,1
0.000010,0.999990,1
0.000086,0.999914,1
0.999902,0.000098,0
0.999978,0.000022,0
0.000008,0.999992,1
0.999593,0.000407,0
0.998820,0.001180,0
0.000047,0.999953,1
0.000061,0.999939,1
0.998781,0.001219,0
0.999871,0.000129,0
0.000016,0.999984,1
0.999860,0.000140,0
0.000005,0.999995,1
0.000143,0.999857,1
0.000001,0.999999,1
0.999918,0.000082,0
0.000097,0.999903,1
0.000099,0.999901,1
0.000160,0.999840,1
0.000019,0.999981,1
0.999009,0.000991,0
0.000009,0.999991,1
0.000007,0.999993,1
0.999920,0.000080,0
0.999985,0.000015,0
0.999202,0.000798,0
0.000119,0.999881,1
0.998589,0.001411,0
0.000035,0.999965,1
0.998766,0.001234,0
0.000002,0.999998,1
0.999678,0.000322,0
0.999899,0.000101,0
0.999962,0.000038,0
0.000025,0.999975,1
0.000027,0.999973,1
0.000253,0.999747,1
0.000004,0.999996,1
0.000700,0.999300,1
0.999977,0.000023,0
0.998644,0.001356,0
0.000019,0.999981,1
0.000203,0.999797,1
0.999976,0.000024,0
0.000060,0.999940,1
0.999895,0.000105,0
0.999914,0.000086,0
0.000160,0.999840,1
0.000262,0.999738,1
0.000005,0.999995,1
0.999974,0.000026,0
0.000008,0.999992,1
0.999982,0.000018,0
0.999975,0.000025,0
0.999678,0.000322,0
0.999837,0.000163,0
0.999985,0.000015,0
0.999934,0.000066,0
0.999895,0.000105,0
0.999966,0.000034,0
0.999969,0.000031,0
0.000048,0.999952,1
0.000083,0.999917,1
0.000281,0.999719,1
0.000029,0.999971,1
0.000038,0.999962,1
0.000038,0.999962,1
0.000187,0.999813,1
0.000040,0.999960,1
0.999869,0.000131,0
0.999841,0.000159,0
0.999993,0.000007,0
0.000004,0.999996,1
0.000028,0.999972,1
0.000013,0.999987,1
0.000676,0.999324,1
0.999830,0.000170,0
0.000200,0.999800,1
0.999754,0.000246,0
0.000222,0.999778,1
0.999956,0.000044,0
0.999935,0.000065,0
0.999993,0.000007,0
0.999641,0.000359,0
0.999794,0.000206,0
0.000021,0.999979,1
0.000046,0.999954,1
0.999865,0.000135,0
0.999948,0.000052,0
0.000055,0.999945,1
0.999957,0.000043,0
0.999879,0.000121,0
0.000863,0.999137,1
0.000028,0.999972,1
0.000053,0.999947,1
0.999973,0.000027,0
0.990521,0.009479,0
0.999923,0.000077,0
0.000323,0.999677,1
0.998198,0.001802,0
0.000183,0.999817,1
0.999732,0.000268,0
0.999919,0.000081,0
0.000001,0.999999,1
0.999671,0.000329,0
0.000017,0.999983,1
0.000316,0.999684,1
0.999966,0.000034,0
0.999942,0.000058,0
0.999682,0.000318,0
0.000034,0.999966,1
0.999998,0.000002,0
0.000297,0.999703,1
0.000215,0.999785,1
0.998906,0.001094,0
0.999819,0.000181,0
0.999630,0.000370,0
0.999104,0.000896,0
0.000088,0.999912,1
0.000357,0.999643,1
0.999971,0.000029,0
0.000038,0.999962,1
0.999522,0.000478,0
0.000029,0.999971,1
0.999859,0.000141,0
0.999923,0.000077,0
0.999762,0.000238,0
0.000075,0.999925,1
0.000009,0.999991,1
0.000032,0.999968,1
0.999995,0.000005,0
0.999992,0.000008,0
0.999981,0.000019,0
0.000005,0.999995,1
0.000404,0.999596,1
0.998950,0.001050,0
0.999997,0.000003,0
0.999995,0.000005,0
0.000412,0.999588,1
0.999865,0.000135,0
0.999586,0.000414,0
0.999856,0.000144,0
0.000002,0.999998,1
0.000188,0.999812,1
0.000546,0.999454,1
0.000014,0.999986,1
0.999878,0.000122,0
0.000016,0.999984,1
0.000459,0.999541,1
0.000002,0.999998,1
0.999798,0.000202,0
0.000320,0.999680,1
0.000008,0.999992,1
0.000001,0.999999,1
0.999849,0.000151,0
0.000224,0.999776,1
0.000244,0.999756,1
0.999809,0.000191,0
0.000071,0.999929,1
0.000084,0.999916,1
0.999994,0.000006,0
0.000114,0.999886,1
0.998576,0.001424,0
0.000012,0.999988,1
0.000037,0.999963,1
0.000042,0.999958,1
0.999975,0.000025,0
0.000014,0.999986,1
0.999964,0.000036,0
0.000007,0.999993,1
0.000282,0.999718,1
0.000329,0.999671,1
0.999856,0.000144,0
0.000109,0.999891,1
0.000124,0.999876,1
0.000002,0.999998,1
0.999922,0.000078,0
0.999999,0.000001,0
0.000034,0.999966,1
0.000004,0.999996,1
0.000092,0.999908,1
0.000033,0.999967,1
0.999885,0.000115,0
0.999945,0.000055,0
0.999973,0.000027,0
0.000319,0.999681,1
0.999883,0.000117,0
0.999995,0.000005,0
0.999830,0.000170,0
0.999989,0.000011,0
0.999876,0.000124,0
0.000013,0.999987,1
0.000291,0.999709,1
0.000162,0.999838,1
0.000033,0.999967,1
0.000065,0.999935,1
0.142595,0.857405,1
0.000014,0.999986,1
0.999881,0.000119,0
0.999991,0.000009,0
0.995478,0.004522,0
0.999929,0.000071,0
0.000207,0.999793,1
0.999966,0.000034,0
0.000028,0.999972,1
0.999972,0.000028,0
0.999952,0.000048,0
0.999845,0.000155,0
0.000157,0.999843,1
0.999808,0.000192,0
0.000035,0.999965,1
0.000097,0.999903,1
0.999956,0.000044,0
0.998241,0.001759,0
0.999990,0.000010,0
0.000388,0.999612,1
0.000012,0.999988,1
0.999174,0.000826,0
0.999945,0.000055,0
0.000005,0.999995,1
0.000075,0.999925,1
0.999842,0.000158,0
0.999656,0.000344,0
0.000271,0.999729,1
0.999907,0.000093,0
0.000051,0.999949,1
0.000026,0.999974,1
0.999964,0.000036,0
0.999891,0.000109,0
0.000416,0.999584,1
0.000230,0.999770,1
0.999945,0.000055,0
0.999981,0.000019,0
0.000030,0.999970,1
0.999839,0.000161,0
0.999921,0.000079,0
0.000014,0.999986,1
0.999719,0.000281,0
0.999963,0.000037,0
0.000009,0.999991,1
0.000010,0.999990,1
0.000059,0.999941,1
0.999929,0.000071,0
0.000026,0.999974,1
0.999950,0.000050,0
0.999966,0.000034,0
0.999457,0.000543,0
0.000023,0.999977,1
0.999813,0.000187,0
0.000530,0.999470,1
0.999987,0.000013,0
0.000178,0.999822,1
0.996418,0.003582,0
0.000014,0.999986,1
0.000002,0.999998,1
0.000060,0.999940,1
0.999917,0.000083,0
0.000122,0.999878,1
0.000498,0.999502,1
0.000013,0.999987,1
0.999982,0.000018,0
0.000104,0.999896,1
0.000120,0.999880,1
0.000014,0.999986,1
0.000029,0.999971,1
0.000110,0.999890,1
0.999991,0.000009,0
0.999450,0.000550,0
0.000004,0.999996,1
0.000313,0.999687,1
0.999993,0.000007,0
0.999859,0.000141,0
0.999946,0.000054,0
0.000295,0.999705,1
0.999980,0.000020,0
0.000143,0.999857,1
0.992135,0.007865,0
0.999989,0.000011,0
0.999962,0.000038,0
0.000040,0.999960,1
0.000003,0.999997,1
0.999823,0.000177,0
0.000006,0.999994,1
0.999999,0.000001,0
0.999866,0.000134,0
0.999881,0.000119,0
0.000258,0.999742,1
0.999841,0.000159,0
0.000350,0.999650,1
0.999915,0.000085,0
0.000023,0.999977,1
0.999914,0.000086,0
0.000161,0.999839,1
0.999997,0.000003,0
0.000022,0.999978,1
0.999958,0.000042,0
0.000050,0.999950,1
0.000003,0.999997,1
0.999915,0.000085,0
0.000069,0.999931,1
0.999812,0.000188,0
0.999728,0.000272,0
0.999672,0.000328,0
0.999833,0.000167,0
0.000801,0.999199,1
0.000005,0.999995,1
0.000082,0.999918,1
0.000063,0.999937,1
0.000000,1.000000,1
0.000015,0.999985,1
0.000133,0.999867,1
0.000020,0.999980,1
0.999912,0.000088,0
0.000007,0.999993,1
0.000455,0.999545,1
0.000314,0.999686,1
0.999976,0.000024,0
0.999948,0.000052,0
0.000053,0.999947,1
0.999954,0.000046,0
0.000147,0.999853,1
0.000009,0.999991,1
0.984669,0.015331,0
0.000071,0.999929,1
0.000185,0.999815,1
0.000070,0.999930,1
0.000053,0.999947,1
0.000104,0.999896,1
0.000091,0.999909,1
0.999225,0.000775,0
0.999921,0.000079,0
0.999970,0.000030,0
0.000001,0.999999,1
0.000149,0.999851,1
0.000457,0.999543,1
0.999688,0.000312,0
0.000007,0.999993,1
0.000010,0.999990,1
0.998981,0.001019,0
0.000143,0.999857,1
0.000067,0.999933,1
0.000031,0.999969,1
0.999870,0.000130,0
0.000098,0.999902,1
0.999890,0.000110,0
0.999696,0.000304,0
0.999509,0.000491,0
0.000593,0.999407,1
0.000044,0.999956,1
0.999966,0.000034,0
0.999905,0.000095,0
0.000020,0.999980,1
0.000116,0.999884,1
0.999903,0.000097,0
0.000442,0.999558,1
0.999872,0.000128,0
0.999792,0.000208,0
0.999840,0.000160,0
0.999797,0.000203,0
0.999961,0.000039,0
0.000077,0.999923,1
0.000153,0.999847,1
0.000149,0.999851,1
0.000012,0.999988,1
0.000021,0.999979,1
0.999978,0.000022,0
0.999692,0.000308,0
0.996546,0.003454,0
0.000152,0.999848,1
0.999917,0.000083,0
0.000407,0.999593,1
0.999848,0.000152,0
0.999533,0.000467,0
0.999945,0.000055,0
0.999791,0.000209,0
0.999980,0.000020,0
0.000087,0.999913,1
0.000087,0.999913,1
0.000015,0.999985,1
0.999885,0.000115,0
0.000294,0.999706,1
0.000003,0.999997,1
0.000276,0.999724,1
0.000287,0.999713,1
0.000274,0.999726,1
0.000034,0.999966,1
0.000009,0.999991,1
0.999843,0.000157,0
0.000022,0.999978,1
0.000008,0.999992,1
0.999873,0.000127,0
0.999982,0.000018,0
0.999845,0.000155,0
0.000014,0.999986,1
0.999886,0.000114,0
0.999805,0.000195,0
0.000046,0.999954,1
0.000014,0.999986,1
0.999964,0.000036,0
0.000005,0.999995,1
0.999993,0.000007,0
0.001420,0.998580,1
0.999783,0.000217,0
0.000031,0.999969,1
0.999976,0.000024,0
0.000146,0.999854,1
0.000004,0.999996,1
0.000146,0.999854,1
0.000002,0.999998,1
0.000344,0.999656,1
0.999887,0.000113,0
0.999909,0.000091,0
0.000052,0.999948,1
0.999981,0.000019,0
0.000850,0.999150,1
0.000078,0.999922,1
0.000001,0.999999,1
0.000161,0.999839,1
0.999890,0.000110,0
0.000004,0.999996,1
0.999960,0.000040,0
0.000120,0.999880,1
0.000066,0.999934,1
0.000386,0.999614,1
0.000276,0.999724,1
0.999952,0.000048,0
0.000088,0.999912,1
0.999827,0.000173,0
0.000047,0.999953,1
0.999986,0.000014,0
0.000020,0.999980,1
0.999993,0.000007,0
0.999974,0.000026,0
0.999959,0.000041,0
0.999955,0.000045,0
0.999984,0.000016,0
0.000009,0.999991,1
0.999237,0.000763,0
0.000021,0.999979,1
0.999976,0.000024,0
0.999980,0.000020,0
0.000009,0.999991,1
0.999981,0.000019,0
0.999920,0.000080,0
0.999098,0.000902,0
0.000182,0.999818,1
0.999826,0.000174,0
0.000021,0.999979,1
0.997517,0.002483,0
0.999976,0.000024,0
0.999973,0.000027,0
0.999959,0.000041,0
0.999969,0.000031,0
0.000015,0.999985,1
0.000028,0.999972,1
0.000048,0.999952,1
0.000234,0.999766,1
0.999978,0.000022,0
0.999180,0.000820,0
0.999260,0.000740,0
0.000207,0.999793,1
0.000006,0.999994,1
0.999954,0.000046,0
0.000048,0.999952,1
0.999811,0.000189,0
0.999811,0.000189,0
0.000154,0.999846,1
0.999690,0.000310,0
0.999685,0.000315,0
0.000379,0.999621,1
0.999728,0.000272,0
0.000322,0.999678,1
0.000072,0.999928,1
0.000031,0.999969,1
0.000024,0.999976,1
0.999922,0.000078,0
0.000011,0.999989,1
0.000013,0.999987,1
0.000437,0.999563,1
0.000015,0.999985,1
0.000270,0.999730,1
0.000158,0.999842,1
0.999794,0.000206,0
0.000016,0.999984,1
0.999959,0.000041,0
0.999763,0.000237,0
0.000051,0.999949,1
0.000002,0.999998,1
0.000069,0.999931,1
0.999993,0.000007,0
0.000304,0.999696,1
0.000017,0.999983,1
0.000022,0.999978,1
0.000056,0.999944,1
0.999902,0.000098,0
0.999828,0.000172,0
0.000337,0.999663,1
0.000027,0.999973,1
0.999934,0.000066,0
0.999959,0.000041,0
0.999979,0.000021,0
0.999741,0.000259,0
0.999275,0.000725,0
0.000017,0.999983,1
0.999897,0.000103,0
0.999912,0.000088,0
0.000042,0.999958,1
0.000008,0.999992,1
0.000010,0.999990,1
0.000014,0.999986,1
0.999949,0.000051,0
0.000065,0.999935,1
0.000026,0.999974,1
0.000033,0.999967,1
0.999888,0.000112,0
0.999956,0.000044,0
0.999821,0.000179,0
0.999861,0.000139,0
0.000108,0.999892,1
0.000004,0.999996,1
0.000008,0.999992,1
0.999950,0.000050,0
0.000009,0.999991,1
0.999855,0.000145,0
0.999828,0.000172,0
0.000093,0.999907,1
0.001435,0.998565,1
0.999880,0.000120,0
0.000002,0.999998,1
0.000102,0.999898,1
0.000012,0.999988,1
0.000896,0.999104,1
0.999962,0.000038,0
0.000102,0.999898,1
0.999912,0.000088,0
0.000005,0.999995,1
0.000021,0.999979,1
0.000240,0.999760,1
0.999814,0.000186,0
0.000098,0.999902,1
0.999945,0.000055,0
0.000014,0.999986,1
0.999579,0.000421,0
0.000029,0.999971,1
0.999926,0.000074,0
0.000032,0.999968,1
0.000015,0.999985,1
0.000033,0.999967,1
0.000244,0.999756,1
0.999741,0.000259,0
0.000181,0.999819,1
0.000002,0.999998,1
0.000006,0.999994,1
0.000435,0.999565,1
0.993866,0.006134,0
0.000005,0.999995,1
0.999913,0.000087,0
0.999910,0.000090,0
0.000184,0.999816,1
0.000010,0.999990,1
0.999964,0.000036,0
0.000016,0.999984,1
0.999922,0.000078,0
0.999525,0.000475,0
0.000005,0.999995,1
0.000165,0.999835,1
0.999981,0.000019,0
0.999847,0.000153,0
0.000167,0.999833,1
0.000127,0.999873,1
0.999849,0.000151,0
0.999974,0.000026,0
0.000206,0.999794,1
0.000072,0.999928,1
0.999595,0.000405,0
0.000008,0.999992,1
0.000897,0.999103,1
0.000269,0.999731,1
0.000266,0.999734,1
0.000095,0.999905,1
0.999970,0.000030,0
0.999972,0.000028,0
0.000003,0.999997,1
0.000005,0.999995,1
0.999934,0.000066,0
0.000008,0.999992,1
0.999659,0.000341,0
0.999964,0.000036,0
0.998981,0.001019,0
0.000055,0.999945,1
0.000000,1.000000,1
0.997677,0.002323,0
0.999894,0.000106,0
0.999806,0.000194,0
0.000009,0.999991,1
0.000354,0.999646,1
0.000044,0.999956,1
0.000243,0.999757,1
0.998589,0.001411,0
0.000003,0.999997,1
0.000055,0.999945,1
0.000032,0.999968,1
0.000015,0.999985,1
0.000018,0.999982,1
0.999948,0.000052,0
0.999847,0.000153,0
0.997464,0.002536,0
0.999967,0.000033,0
0.999934,0.000066,0
0.999929,0.000071,0
0.999996,0.000004,0
0.000028,0.999972,1
0.000220,0.999780,1
0.000077,0.999923,1
0.999922,0.000078,0
0.999978,0.000022,0
0.999995,0.000005,0
0.000102,0.999898,1
0.998689,0.001311,0
0.000062,0.999938,1
0.000021,0.999979,1
0.000236,0.999764,1
0.000105,0.999895,1
0.002225,0.997775,1
0.000048,0.999952,1
0.999801,0.000199,0
0.000033,0.999967,1
0.999256,0.000744,0
0.000013,0.999987,1
0.000183,0.999817,1
0.999437,0.000563,0
0.000000,1.000000,1
0.999887,0.000113,0
0.000097,0.999903,1
0.000002,0.999998,1
0.000067,0.999933,1
0.999795,0.000205,0
0.000038,0.999962,1
0.999956,0.000044,0
0.000035,0.999965,1
0.998594,0.001406,0
0.000007,0.999993,1
0.000038,0.999962,1
0.000072,0.999928,1
0.000011,0.999989,1
0.999774,0.000226,0
0.000013,0.999987,1
0.000029,0.999971,1
0.000158,0.999842,1
0.999850,0.000150,0
0.000053,0.999947,1
0.000080,0.999920,1
0.000124,0.999876,1
0.999870,0.000130,0
0.000125,0.999875,1
0.999950,0.000050,0
0.999990,0.000010,0
0.000149,0.999851,1
0.000066,0.999934,1
0.000010,0.999990,1
0.000102,0.999898,1
0.000009,0.999991,1
0.000042,0.999958,1
0.999989,0.000011,0
0.999939,0.000061,0
0.000013,0.999987,1
0.000023,0.999977,1
0.999836,0.000164,0
0.999980,0.000020,0
0.999862,0.000138,0
0.999798,0.000202,0
0.000056,0.999944,1
0.999868,0.000132,0
0.999987,0.000013,0
0.000004,0.999996,1
0.999896,0.000104,0
0.999897,0.000103,0
0.999880,0.000120,0
0.000001,0.999999,1
0.999852,0.000148,0
0.999302,0.000698,0
0.999930,0.000070,0
0.999835,0.000165,0
0.000084,0.999916,1
0.999821,0.000179,0
0.001213,0.998787,1
0.999872,0.000128,0
0.999427,0.000573,0
0.000004,0.999996,1
0.999597,0.000403,0
0.000002,0.999998,1
0.000011,0.999989,1
0.999983,0.000017,0
0.000068,0.999932,1
0.999939,0.000061,0
0.000131,0.999869,1
0.000016,0.999984,1
0.000013,0.999987,1
0.000386,0.999614,1
0.000015,0.999985,1
0.000024,0.999976,1
0.999991,0.000009,0
0.000007,0.999993,1
0.000015,0.999985,1
0.999424,0.000576,0
0.999118,0.000882,0
0.000093,0.999907,1
0.000411,0.999589,1
0.999905,0.000095,0
0.999888,0.000112,0
0.000010,0.999990,1
0.999996,0.000004,0
0.000057,0.999943,1
0.999968,0.000032,0
0.000051,0.999949,1
0.999892,0.000108,0
0.000072,0.999928,1
0.999996,0.000004,0
0.000093,0.999907,1
0.999979,0.000021,0
0.999941,0.000059,0
0.000008,0.999992,1
0.000726,0.999274,1
0.000139,0.999861,1
0.999669,0.000331,0
0.999939,0.000061,0
0.000003,0.999997,1
0.000131,0.999869,1
0.000022,0.999978,1
0.000019,0.999981,1
0.999417,0.000583,0
0.000008,0.999992,1
0.000734,0.999266,1
0.000223,0.999777,1
0.000102,0.999898,1
0.000013,0.999987,1
0.000151,0.999849,1
0.999914,0.000086,0
0.000003,0.999997,1
0.000033,0.999967,1
0.999944,0.000056,0
0.000027,0.999973,1
0.999847,0.000153,0
0.999996,0.000004,0
0.000483,0.999517,1
0.000040,0.999960,1
0.000087,0.999913,1
0.999981,0.000019,0
0.000127,0.999873,1
0.999964,0.000036,0
0.000036,0.999964,1
0.999901,0.000099,0
0.999790,0.000210,0
0.999988,0.000012,0
0.000075,0.999925,1
0.000005,0.999995,1
0.000768,0.999232,1
0.000048,0.999952,1
0.999946,0.000054,0
0.999922,0.000078,0
0.001109,0.998891,1
0.001310,0.998690,1
0.000140,0.999860,1
0.000017,0.999983,1
0.000015,0.999985,1
0.999887,0.000113,0
0.000012,0.999988,1
0.000009,0.999991,1
0.999753,0.000247,0
0.999997,0.000003,0
0.999779,0.000221,0
0.999943,0.000057,0
0.999396,0.000604,0
0.998637,0.001363,0
0.999915,0.000085,0
0.999658,0.000342,0
0.000067,0.999933,1
0.000079,0.999921,1
0.999804,0.000196,0
0.999496,0.000504,0
0.000062,0.999938,1
0.999956,0.000044,0
0.000036,0.999964,1
0.999881,0.000119,0
0.999785,0.000215,0
0.000013,0.999987,1
0.999996,0.000004,0
0.000052,0.999948,1
0.999936,0.000064,0
0.000091,0.999909,1
0.999733,0.000267,0
0.000158,0.999842,1
0.000300,0.999700,1
0.999994,0.000006,0
0.000037,0.999963,1
0.000095,0.999905,1
0.000124,0.999876,1
0.999677,0.000323,0
0.999854,0.000146,0
0.000041,0.999959,1
0.999750,0.000250,0
0.001229,0.998771,1
0.000064,0.999936,1
0.000489,0.999511,1
0.999876,0.000124,0
0.000033,0.999967,1
0.000423,0.999577,1
0.999941,0.000059,0
0.000354,0.999646,1
0.000079,0.999921,1
0.000042,0.999958,1
0.000033,0.999967,1
0.000177,0.999823,1
0.999890,0.000110,0
0.999704,0.000296,0
0.999889,0.000111,0
0.000013,0.999987,1
0.999961,0.000039,0
0.000107,0.999893,1
0.000084,0.999916,1
0.000067,0.999933,1
0.999994,0.000006,0
0.999967,0.000033,0
0.000052,0.999948,1
0.000061,0.999939,1
0.999934,0.000066,0
0.000011,0.999989,1
0.000004,0.999996,1
0.000009,0.999991,1
0.000803,0.999197,1
0.000078,0.999922,1
0.999935,0.000065,0
0.000547,0.999453,1
0.000092,0.999908,1
0.999998,0.000002,0
0.002401,0.997599,1
0.000009,0.999991,1
0.000057,0.999943,1
0.000336,0.999664,1
0.999882,0.000118,0
0.000046,0.999954,1
0.000072,0.999928,1
0.000026,0.999974,1
0.999829,0.000171,0
0.000020,0.999980,1
0.999998,0.000002,0
0.000252,0.999748,1
0.000002,0.999998,1
0.001067,0.998933,1
0.000104,0.999896,1
0.000126,0.999874,1
0.996719,0.003281,0
0.000017,0.999983,1
0.999863,0.000137,0
0.999968,0.000032,0
0.000239,0.999761,1
0.999927,0.000073,0
0.999320,0.000680,0
0.000010,0.999990,1
0.000029,0.999971,1
0.999774,0.000226,0
0.999409,0.000591,0
0.998819,0.001181,0
0.000110,0.999890,1
0.000002,0.999998,1
0.000240,0.999760,1
0.999969,0.000031,0
0.999980,0.000020,0
0.000039,0.999961,1
0.000313,0.999687,1
0.000590,0.999410,1
0.000038,0.999962,1
0.000319,0.999681,1
0.000001,0.999999,1
0.999965,0.000035,0
0.000091,0.999909,1
0.000106,0.999894,1
0.000371,0.999629,1
0.000014,0.999986,1
0.000128,0.999872,1
0.999986,0.000014,0
0.999642,0.000358,0
0.000009,0.999991,1
0.000007,0.999993,1
0.000129,0.999871,1
0.999996,0.000004,0
0.999763,0.000237,0
0.999788,0.000212,0
0.000017,0.999983,1
0.999792,0.000208,0
0.000003,0.999997,1
0.999995,0.000005,0
0.999972,0.000028,0
0.999882,0.000118,0
0.000033,0.999967,1
0.999926,0.000074,0
0.999676,0.000324,0
0.000057,0.999943,1
0.000088,0.999912,1
0.000080,0.999920,1
0.000003,0.999997,1
0.000123,0.999877,1
0.999998,0.000002,0
0.999994,0.000006,0
0.999908,0.000092,0
0.000040,0.999960,1
0.001044,0.998956,1
0.999903,0.000097,0
0.999754,0.000246,0
0.999992,0.000008,0
0.000010,0.999990,1
0.997842,0.002158,0
0.000196,0.999804,1
0.001081,0.998919,1
0.999777,0.000223,0
0.999999,0.000001,0
0.999626,0.000374,0
0.999724,0.000276,0
0.000340,0.999660,1
0.000175,0.999825,1
0.000003,0.999997,1
0.000071,0.999929,1
0.998832,0.001168,0
0.999814,0.000186,0
0.000164,0.999836,1
0.000067,0.999933,1
0.000036,0.999964,1
0.000003,0.999997,1
0.000348,0.999652,1
0.000047,0.999953,1
0.000264,0.999736,1
0.001115,0.998885,1
0.000147,0.999853,1
0.999715,0.000285,0
0.000316,0.999684,1
0.999934,0.000066,0
0.000190,0.999810,1
0.000146,0.999854,1
0.000413,0.999587,1
0.000004,0.999996,1
0.999968,0.000032,0
0.999908,0.000092,0
0.000027,0.999973,1
0.999988,0.000012,0
0.000196,0.999804,1
0.000013,0.999987,1
0.000092,0.999908,1
0.000074,0.999926,1
0.000030,0.999970,1
0.999430,0.000570,0
0.999856,0.000144,0
0.999794,0.000206,0
0.000013,0.999987,1
0.000106,0.999894,1
0.000003,0.999997,1
0.999999,0.000001,0
0.000155,0.999845,1
0.999984,0.000016,0
0.999809,0.000191,0
0.999939,0.000061,0
0.999961,0.000039,0
0.999913,0.000087,0
0.999954,0.000046,0
0.999671,0.000329,0
0.999992,0.000008,0
0.000048,0.999952,1
0.997289,0.002711,0
0.999930,0.000070,0
0.000073,0.999927,1
0.000002,0.999998,1
0.999990,0.000010,0
0.999790,0.000210,0
0.000008,0.999992,1
0.000016,0.999984,1
0.999990,0.000010,0
0.000011,0.999989,1
0.000193,0.999807,1
0.999889,0.000111,0
0.000010,0.999990,1
0.000321,0.999679,1
0.000405,0.999595,1
0.004987,0.995013,1
0.999813,0.000187,0
0.000139,0.999861,1
0.000155,0.999845,1
0.999787,0.000213,0
0.999985,0.000015,0
0.999819,0.000181,0
0.999838,0.000162,0
0.999940,0.000060,0
0.999931,0.000069,0
0.000156,0.999844,1
0.999924,0.000076,0
0.999863,0.000137,0
0.000591,0.999409,1
0.999943,0.000057,0
0.999990,0.000010,0
0.000209,0.999791,1
0.999885,0.000115,0
0.000031,0.999969,1
0.000075,0.999925,1
0.999689,0.000311,0
0.999857,0.000143,0
0.000055,0.999945,1
0.000032,0.999968,1
0.999983,0.000017,0
0.999959,0.000041,0
0.999870,0.000130,0
0.000024,0.999976,1
0.000023,0.999977,1
0.999928,0.000072,0
0.999877,0.000123,0
0.000106,0.999894,1
0.000081,0.999919,1
0.000145,0.999855,1
0.000016,0.999984,1
0.998916,0.001084,0
0.999993,0.000007,0
0.999986,0.000014,0
0.000521,0.999479,1
0.000145,0.999855,1
0.999360,0.000640,0
0.999967,0.000033,0
0.999981,0.000019,0
0.001250,0.998750,1
0.000010,0.999990,1
0.999988,0.000012,0
0.000314,0.999686,1
0.999688,0.000312,0
0.000093,0.999907,1
0.000187,0.999813,1
0.999764,0.000236,0
0.999766,0.000234,0
0.000904,0.999096,1
0.000001,0.999999,1
0.999499,0.000501,0
0.999917,0.000083,0
0.999995,0.000005,0
0.999845,0.000155,0
0.000008,0.999992,1
0.999997,0.000003,0
0.999440,0.000560,0
0.999989,0.000011,0
0.000256,0.999744,1
0.000200,0.999800,1
0.000017,0.999983,1
0.999787,0.000213,0
0.999680,0.000320,0
0.999842,0.000158,0
0.000001,0.999999,1
0.000001,0.999999,1
0.000199,0.999801,1
0.999968,0.000032,0
0.000031,0.999969,1
0.000112,0.999888,1
0.000256,0.999744,1
0.999933,0.000067,0
0.000020,0.999980,1
0.000008,0.999992,1
0.000991,0.999009,1
0.000013,0.999987,1
0.999963,0.000037,0
0.999842,0.000158,0
0.000218,0.999782,1
0.000192,0.999808,1
0.000011,0.999989,1
0.000222,0.999778,1
0.000019,0.999981,1
0.000083,0.999917,1
0.999884,0.000116,0
0.000262,0.999738,1
0.999908,0.000092,0
0.999952,0.000048,0
0.000215,0.999785,1
0.000010,0.999990,1
0.999840,0.000160,0
0.999891,0.000109,0
0.999482,0.000518,0
0.999956,0.000044,0
0.999904,0.000096,0
0.000003,0.999997,1
0.000039,0.999961,1
0.000843,0.999157,1
0.999695,0.000305,0
0.999971,0.000029,0
0.999961,0.000039,0
0.000069,0.999931,1
0.000075,0.999925,1
0.000103,0.999897,1
0.000270,0.999730,1
0.999977,0.000023,0
0.000093,0.999907,1
0.999612,0.000388,0
0.999888,0.000112,0
0.000023,0.999977,1
0.000062,0.999938,1
0.999766,0.000234,0
0.000037,0.999963,1
0.999667,0.000333,0
0.000082,0.999918,1
0.999889,0.000111,0
0.999843,0.000157,0
0.000720,0.999280,1
0.000130,0.999870,1
0.999417,0.000583,0
0.000080,0.999920,1
0.999965,0.000035,0
0.999905,0.000095,0
0.000028,0.999972,1
0.000005,0.999995,1
0.000023,0.999977,1
0.000013,0.999987,1
0.999937,0.000063,0
0.000148,0.999852,1
0.999924,0.000076,0
0.000028,0.999972,1
0.999896,0.000104,0
0.000018,0.999982,1
0.000372,0.999628,1
0.000018,0.999982,1
0.999906,0.000094,0
0.999974,0.000026,0
0.000030,0.999970,1
0.999976,0.000024,0
0.000007,0.999993,1
0.000435,0.999565,1
0.999860,0.000140,0
0.000005,0.999995,1
0.999966,0.000034,0
0.000134,0.999866,1
0.000129,0.999871,1
0.999962,0.000038,0
0.000097,0.999903,1
0.999990,0.000010,0
0.999842,0.000158,0
0.000008,0.999992,1
0.000202,0.999798,1
0.000006,0.999994,1
0.000011,0.999989,1
0.999171,0.000829,0
0.000362,0.999638,1
0.999926,0.000074,0
0.999631,0.000369,0
0.000066,0.999934,1
0.000401,0.999599,1
0.999961,0.000039,0
0.001369,0.998631,1
0.000002,0.999998,1
0.000061,0.999939,1
0.999924,0.000076,0
0.984161,0.015839,0
0.000123,0.999877,1
0.999664,0.000336,0
0.001323,0.998677,1
0.999587,0.000413,0
0.999933,0.000067,0
0.000139,0.999861,1
0.999972,0.000028,0
0.999947,0.000053,0
0.000052,0.999948,1
0.000258,0.999742,1
0.000020,0.999980,1
0.000002,0.999998,1
0.999768,0.000232,0
0.993552,0.006448,0
0.999973,0.000027,0
0.999942,0.000058,0
0.999928,0.000072,0
0.999944,0.000056,0
0.999053,0.000947,0
0.999646,0.000354,0
0.999861,0.000139,0
0.999620,0.000380,0
0.000027,0.999973,1
0.000009,0.999991,1
0.999950,0.000050,0
0.999793,0.000207,0
0.001884,0.998116,1
0.999876,0.000124,0
0.000059,0.999941,1
0.000070,0.999930,1
0.000200,0.999800,1
0.000267,0.999733,1
0.999997,0.000003,0
0.000015,0.999985,1
0.999993,0.000007,0
0.000002,0.999998,1
0.000182,0.999818,1
0.000008,0.999992,1
0.000005,0.999995,1
0.999989,0.000011,0
0.999993,0.000007,0
0.999010,0.000990,0
0.000153,0.999847,1
0.000295,0.999705,1
0.999291,0.000709,0
0.999973,0.000027,0
0.000045,0.999955,1
0.999739,0.000261,0
0.000182,0.999818,1
0.999837,0.000163,0
0.999964,0.000036,0
0.000030,0.999970,1
0.999945,0.000055,0
0.998590,0.001410,0
0.000015,0.999985,1
0.000151,0.999849,1
0.000492,0.999508,1
0.000033,0.999967,1
0.999975,0.000025,0
0.000015,0.999985,1
0.999882,0.000118,0
0.000030,0.999970,1
0.999929,0.000071,0
0.000009,0.999991,1
0.999874,0.000126,0
0.000007,0.999993,1
0.000221,0.999779,1
0.000129,0.999871,1
0.999998,0.000002,0
0.000060,0.999940,1
0.000003,0.999997,1
0.000764,0.999236,1
0.999898,0.000102,0
0.000209,0.999791,1
0.999693,0.000307,0
0.000007,0.999993,1
0.000028,0.999972,1
0.999979,0.000021,0
0.000119,0.999881,1
0.000206,0.999794,1
0.999989,0.000011,0
0.000027,0.999973,1
0.999654,0.000346,0
0.999918,0.000082,0
0.000226,0.999774,1
0.000527,0.999473,1
0.999981,0.000019,0
0.999929,0.000071,0
0.999842,0.000158,0
0.000280,0.999720,1
0.000030,0.999970,1
0.999715,0.000285,0
0.998896,0.001104,0
0.999824,0.000176,0
0.999884,0.000116,0
0.001422,0.998578,1
0.000537,0.999463,1
0.999966,0.000034,0
0.000028,0.999972,1
0.000050,0.999950,1
0.999957,0.000043,0
0.000047,0.999953,1
0.999902,0.000098,0
0.999792,0.000208,0
0.000008,0.999992,1
0.000008,0.999992,1
0.000048,0.999952,1
0.999866,0.000134,0
0.000112,0.999888,1
0.000070,0.999930,1
0.001524,0.998476,1
0.003065,0.996935,1
0.000497,0.999503,1
0.999712,0.000288,0
0.000011,0.999989,1
0.999919,0.000081,0
0.000008,0.999992,1
0.999770,0.000230,0
0.000176,0.999824,1
0.000037,0.999963,1
0.999901,0.000099,0
0.997085,0.002915,0
0.999880,0.000120,0
0.999657,0.000343,0
0.999902,0.000098,0
0.999970,0.000030,0
0.000173,0.999827,1
0.999802,0.000198,0
0.000117,0.999883,1
0.000034,0.999966,1
0.000114,0.999886,1
0.000013,0.999987,1
0.999987,0.000013,0
0.000005,0.999995,1
0.000011,0.999989,1
0.000272,0.999728,1
0.000004,0.999996,1
0.000010,0.999990,1
0.999303,0.000697,0
0.999524,0.000476,0
0.000106,0.999894,1
0.000042,0.999958,1
0.999907,0.000093,0
0.999755,0.000245,0
0.000004,0.999996,1
0.000035,0.999965,1
0.999943,0.000057,0
0.000094,0.999906,1
0.999960,0.000040,0
0.999754,0.000246,0
0.999823,0.000177,0
0.999987,0.000013,0
0.000254,0.999746,1
0.000155,0.999845,1
0.000168,0.999832,1
0.000002,0.999998,1
0.999976,0.000024,0
0.000754,0.999246,1
0.000058,0.999942,1
0.000018,0.999982,1
0.999893,0.000107,0
0.000082,0.999918,1
0.999951,0.000049,0
0.999932,0.000068,0
0.000166,0.999834,1
0.000115,0.999885,1
0.999970,0.000030,0
0.999947,0.000053,0
0.000039,0.999961,1
0.000038,0.999962,1
0.999834,0.000166,0
0.000038,0.999962,1
0.998667,0.001333,0
0.999697,0.000303,0
0.999712,0.000288,0
0.999920,0.000080,0
0.999893,0.000107,0
0.999979,0.000021,0
0.000004,0.999996,1
0.999893,0.000107,0
0.000023,0.999977,1
0.999710,0.000290,0
0.000158,0.999842,1
0.999890,0.000110,0
0.000028,0.999972,1
0.000034,0.999966,1
0.000004,0.999996,1
0.999786,0.000214,0
0.000026,0.999974,1
0.000163,0.999837,1
0.000073,0.999927,1
0.999925,0.000075,0
0.999936,0.000064,0
0.999988,0.000012,0
0.999943,0.000057,0
0.994864,0.005136,0
0.000003,0.999997,1
0.000015,0.999985,1
0.000042,0.999958,1
0.000228,0.999772,1
0.000012,0.999988,1
0.000054,0.999946,1
0.999941,0.000059,0
0.999958,0.000042,0
0.999866,0.000134,0
0.999412,0.000588,0
0.000009,0.999991,1
0.000010,0.999990,1
0.000004,0.999996,1
0.000002,0.999998,1
0.000004,0.999996,1
0.999992,0.000008,0
0.000019,0.999981,1
0.999718,0.000282,0
0.000033,0.999967,1
0.000011,0.999989,1
0.000263,0.999737,1
0.000736,0.999264,1
0.000382,0.999618,1
0.999982,0.000018,0
0.000248,0.999752,1
0.999919,0.000081,0
0.999876,0.000124,0
0.999792,0.000208,0
0.000088,0.999912,1
0.999851,0.000149,0
0.999809,0.000191,0
0.999997,0.000003,0
0.000042,0.999958,1
0.000366,0.999634,1
0.998985,0.001015,0
0.999692,0.000308,0
0.000048,0.999952,1
0.998624,0.001376,0
0.999974,0.000026,0
0.000010,0.999990,1
0.000012,0.999988,1
0.999910,0.000090,0
0.999550,0.000450,0
0.999953,0.000047,0
0.000054,0.999946,1
0.999995,0.000005,0
0.999600,0.000400,0
0.999942,0.000058,0
0.000439,0.999561,1
0.000011,0.999989,1
0.000002,0.999998,1
0.000396,0.999604,1
0.999585,0.000415,0
0.999820,0.000180,0
0.000006,0.999994,1
0.000302,0.999698,1
0.999908,0.000092,0
0.999972,0.000028,0
0.000004,0.999996,1
0.000108,0.999892,1
0.999914,0.000086,0
0.999385,0.000615,0
0.999673,0.000327,0
0.000516,0.999484,1
0.000063,0.999937,1
0.000294,0.999706,1
0.999824,0.000176,0
0.999951,0.000049,0
0.999976,0.000024,0
0.000004,0.999996,1
0.000005,0.999995,1
0.999906,0.000094,0
0.000012,0.999988,1
0.999989,0.000011,0
0.000012,0.999988,1
0.999975,0.000025,0
0.999982,0.000018,0
0.999964,0.000036,0
0.999766,0.000234,0
0.000019,0.999981,1
0.000332,0.999668,1
0.999998,0.000002,0
0.000036,0.999964,1
0.000019,0.999981,1
0.000495,0.999505,1
0.999990,0.000010,0
0.000246,0.999754,1
0.000314,0.999686,1
0.999979,0.000021,0
0.000547,0.999453,1
0.000056,0.999944,1
0.000010,0.999990,1
0.999983,0.000017,0
0.000056,0.999944,1
0.000009,0.999991,1
0.000393,0.999607,1
0.999832,0.000168,0
0.000144,0.999856,1
0.000060,0.999940,1
0.999730,0.000270,0
0.999906,0.000094,0
0.000025,0.999975,1
0.000018,0.999982,1
0.999965,0.000035,0
0.000473,0.999527,1
0.000101,0.999899,1
0.999950,0.000050,0
0.997030,0.002970,0
0.999923,0.000077,0
0.999921,0.000079,0
0.000025,0.999975,1
0.000002,0.999998,1
0.999778,0.000222,0
0.999612,0.000388,0
0.999596,0.000404,0
0.999975,0.000025,0
0.000008,0.999992,1
0.000013,0.999987,1
0.000004,0.999996,1
0.999798,0.000202,0
0.999991,0.000009,0
0.999969,0.000031,0
0.000025,0.999975,1
0.999789,0.000211,0
0.999892,0.000108,0
0.000099,0.999901,1
0.999894,0.000106,0
0.000017,0.999983,1
0.000006,0.999994,1
0.000077,0.999923,1
0.999777,0.000223,0
0.999832,0.000168,0
0.999955,0.000045,0
0.000530,0.999470,1
0.999771,0.000229,0
0.000005,0.999995,1
0.000010,0.999990,1
0.000009,0.999991,1
0.999422,0.000578,0
0.000350,0.999650,1
0.999434,0.000566,0
0.999526,0.000474,0
0.000251,0.999749,1
0.000086,0.999914,1
0.000075,0.999925,1
0.999798,0.000202,0
0.000026,0.999974,1
0.999432,0.000568,0
0.000033,0.999967,1
0.999986,0.000014,0
0.000474,0.999526,1
0.000075,0.999925,1
0.000015,0.999985,1
0.000101,0.999899,1
0.000056,0.999944,1
0.999830,0.000170,0
0.999943,0.000057,0
0.000022,0.999978,1
0.999963,0.000037,0
0.999981,0.000019,0
0.000131,0.999869,1
0.999981,0.000019,0
0.999993,0.000007,0
0.999916,0.000084,0
0.000007,0.999993,1
0.000169,0.999831,1
0.000169,0.999831,1
0.999947,0.000053,0
0.000013,0.999987,1
0.000029,0.999971,1
0.000066,0.999934,1
0.000167,0.999833,1
0.000101,0.999899,1
0.000107,0.999893,1
0.999669,0.000331,0
0.999738,0.000262,0
0.000248,0.999752,1
0.000048,0.999952,1
0.000661,0.999339,1
0.000126,0.999874,1
0.000038,0.999962,1
0.000054,0.999946,1
0.000038,0.999962,1
0.999921,0.000079,0
0.999938,0.000062,0
0.999946,0.000054,0
0.999819,0.000181,0
0.000397,0.999603,1
0.999750,0.000250,0
0.999916,0.000084,0
0.000037,0.999963,1
0.999993,0.000007,0
0.000018,0.999982,1
0.999971,0.000029,0
0.999183,0.000817,0
0.000064,0.999936,1
0.000020,0.999980,1
0.999937,0.000063,0
0.999829,0.000171,0
0.000043,0.999957,1
0.999967,0.000033,0
0.999975,0.000025,0
0.000075,0.999925,1
0.000142,0.999858,1
0.000046,0.999954,1
0.000014,0.999986,1
0.999773,0.000227,0
0.000119,0.999881,1
0.999821,0.000179,0
0.999983,0.000017,0
0.000011,0.999989,1
0.999598,0.000402,0
0.999989,0.000011,0
0.999981,0.000019,0
0.000017,0.999983,1
0.999850,0.000150,0
0.000028,0.999972,1
0.999984,0.000016,0
0.999994,0.000006,0
0.000069,0.999931,1
0.000020,0.999980,1
0.000021,0.999979,1
0.000942,0.999058,1
0.000148,0.999852,1
0.999999,0.000001,0
0.999913,0.000087,0
0.000113,0.999887,1
0.000097,0.999903,1
0.999989,0.000011,0
0.000063,0.999937,1
0.999873,0.000127,0
0.999949,0.000051,0
0.999955,0.000045,0
0.999909,0.000091,0
0.000025,0.999975,1
0.000229,0.999771,1
0.999996,0.000004,0
0.999918,0.000082,0
0.000069,0.999931,1
0.000042,0.999958,1
0.999489,0.000511,0
0.999913,0.000087,0
0.999975,0.000025,0
0.999874,0.000126,0
0.999951,0.000049,0
0.999687,0.000313,0
0.000171,0.999829,1
0.999990,0.000010,0
0.000921,0.999079,1
0.000154,0.999846,1
0.999993,0.000007,0
0.999914,0.000086,0
0.001375,0.998625,1
0.000009,0.999991,1
0.000069,0.999931,1
0.999966,0.000034,0
0.999867,0.000133,0
0.000038,0.999962,1
0.999777,0.000223,0
0.999894,0.000106,0
0.000046,0.999954,1
0.000001,0.999999,1
0.000139,0.999861,1
0.999994,0.000006,0
0.999898,0.000102,0
0.000027,0.999973,1
0.999447,0.000553,0
0.000029,0.999971,1
0.000042,0.999958,1
0.999935,0.000065,0
0.999879,0.000121,0
0.999513,0.000487,0
0.000008,0.999992,1
0.999692,0.000308,0
0.999854,0.000146,0
0.000029,0.999971,1
0.000226,0.999774,1
0.999836,0.000164,0
0.999854,0.000146,0
0.999613,0.000387,0
0.000020,0.999980,1
0.999963,0.000037,0
0.000209,0.999791,1
0.000712,0.999288,1
0.000206,0.999794,1
0.000008,0.999992,1
0.999968,0.000032,0
0.999941,0.000059,0
0.999583,0.000417,0
0.000109,0.999891,1
0.000010,0.999990,1
0.000041,0.999959,1
0.000130,0.999870,1
0.000008,0.999992,1
0.000324,0.999676,1
0.000015,0.999985,1
0.000041,0.999959,1
0.999436,0.000564,0
0.000146,0.999854,1
0.999964,0.000036,0
0.999947,0.000053,0
0.000056,0.999944,1
0.000541,0.999459,1
0.000008,0.999992,1
0.999783,0.000217,0
0.000008,0.999992,1
0.000108,0.999892,1
0.000908,0.999092,1
0.999369,0.000631,0
0.000089,0.999911,1
0.999982,0.000018,0
0.000020,0.999980,1
0.000186,0.999814,1
0.000002,0.999998,1
0.000002,0.999998,1
0.000125,0.999875,1
0.999794,0.000206,0
0.999876,0.000124,0
0.999747,0.000253,0
0.000027,0.999973,1
0.000011,0.999989,1
0.999936,0.000064,0
0.999715,0.000285,0
0.999928,0.000072,0
0.999885,0.000115,0
0.999906,0.000094,0
0.000030,0.999970,1
0.999247,0.000753,0
0.000024,0.999976,1
0.999862,0.000138,0
0.999909,0.000091,0
0.000033,0.999967,1
0.999725,0.000275,0
0.000070,0.999930,1
0.000002,0.999998,1
0.998778,0.001222,0
0.000066,0.999934,1
0.999979,0.000021,0
0.000486,0.999514,1
0.999761,0.000239,0
0.000001,0.999999,1
0.000766,0.999234,1
0.999880,0.000120,0
0.999949,0.000051,0
0.000038,0.999962,1
0.999943,0.000057,0
0.000011,0.999989,1
0.998585,0.001415,0
0.000123,0.999877,1
0.000085,0.999915,1
0.999893,0.000107,0
0.999960,0.000040,0
0.999919,0.000081,0
0.999927,0.000073,0
0.999969,0.000031,0
0.999900,0.000100,0
0.000012,0.999988,1
0.000025,0.999975,1
0.000086,0.999914,1
0.999816,0.000184,0
0.999833,0.000167,0
0.999869,0.000131,0
0.000072,0.999928,1
0.999881,0.000119,0
0.000023,0.999977,1
0.000107,0.999893,1
0.999752,0.000248,0
0.000411,0.999589,1
0.000267,0.999733,1
0.000362,0.999638,1
0.000011,0.999989,1
0.000049,0.999951,1
0.999885,0.000115,0
0.000014,0.999986,1
0.000283,0.999717,1
0.000337,0.999663,1
0.999964,0.000036,0
0.000123,0.999877,1
0.000112,0.999888,1
0.999740,0.000260,0
0.000023,0.999977,1
0.999969,0.000031,0
0.999875,0.000125,0
0.000366,0.999634,1
0.999881,0.000119,0
0.999513,0.000487,0
0.000025,0.999975,1
0.999923,0.000077,0
0.000008,0.999992,1
0.999987,0.000013,0
0.000057,0.999943,1
0.000097,0.999903,1
0.000418,0.999582,1
0.000020,0.999980,1
0.000163,0.999837,1
0.999950,0.000050,0
0.000030,0.999970,1
0.999970,0.000030,0
0.999838,0.000162,0
0.000070,0.999930,1
0.999997,0.000003,0
0.999995,0.000005,0
0.000010,0.999990,1
0.999998,0.000002,0
0.000130,0.999870,1
0.000165,0.999835,1
0.999889,0.000111,0
0.999984,0.000016,0
0.999353,0.000647,0
0.000354,0.999646,1
0.999466,0.000534,0
0.000263,0.999737,1
0.000002,0.999998,1
0.999876,0.000124,0
0.000383,0.999617,1
0.999957,0.000043,0
0.999987,0.000013,0
0.000123,0.999877,1
0.997191,0.002809,0
0.000074,0.999926,1
0.999613,0.000387,0
0.000068,0.999932,1
0.999999,0.000001,0
0.999869,0.000131,0
0.000314,0.999686,1
0.000393,0.999607,1
0.000058,0.999942,1
0.999529,0.000471,0
0.000009,0.999991,1
0.997241,0.002759,0
0.000222,0.999778,1
0.000215,0.999785,1
0.999988,0.000012,0
0.999657,0.000343,0
0.999771,0.000229,0
0.000983,0.999017,1
0.999916,0.000084,0
0.999086,0.000914,0
0.999855,0.000145,0
0.999791,0.000209,0
0.999904,0.000096,0
0.000176,0.999824,1
0.000055,0.999945,1
0.000036,0.999964,1
0.000002,0.999998,1
0.000022,0.999978,1
0.000244,0.999756,1
0.999977,0.000023,0
0.000269,0.999731,1
0.999959,0.000041,0
0.000492,0.999508,1
0.000077,0.999923,1
0.000233,0.999767,1
0.999889,0.000111,0
0.000102,0.999898,1
0.999753,0.000247,0
0.000330,0.999670,1
0.000636,0.999364,1
0.999830,0.000170,0
0.999829,0.000171,0
0.000090,0.999910,1
0.000084,0.999916,1
0.000157,0.999843,1
0.000019,0.999981,1
0.000232,0.999768,1
0.000145,0.999855,1
0.999902,0.000098,0
0.000029,0.999971,1
0.999982,0.000018,0
0.999954,0.000046,0
0.000013,0.999987,1
0.999958,0.000042,0
0.999953,0.000047,0
0.000119,0.999881,1
0.000268,0.999732,1
0.000780,0.999220,1
0.000007,0.999993,1
0.000552,0.999448,1
0.999988,0.000012,0
0.999380,0.000620,0
0.999904,0.000096,0
0.999983,0.000017,0
0.000240,0.999760,1
0.000002,0.999998,1
0.000032,0.999968,1
0.000023,0.999977,1
0.999714,0.000286,0
0.000683,0.999317,1
0.999938,0.000062,0
0.999934,0.000066,0
0.000009,0.999991,1
0.999667,0.000333,0
0.000010,0.999990,1
0.999867,0.000133,0
0.999974,0.000026,0
0.000058,0.999942,1
0.000010,0.999990,1
0.000577,0.999423,1
0.000075,0.999925,1
0.000590,0.999410,1
0.000141,0.999859,1
0.999947,0.000053,0
0.999930,0.000070,0
0.999978,0.000022,0
0.000249,0.999751,1
0.000003,0.999997,1
0.999982,0.000018,0
0.000078,0.999922,1
0.000047,0.999953,1
0.000044,0.999956,1
0.999987,0.000013,0
0.999988,0.000012,0
0.000244,0.999756,1
0.999993,0.000007,0
0.000147,0.999853,1
0.000011,0.999989,1
0.000030,0.999970,1
0.000007,0.999993,1
0.000003,0.999997,1
0.000028,0.999972,1
0.999957,0.000043,0
0.000158,0.999842,1
0.999953,0.000047,0
0.999931,0.000069,0
0.999992,0.000008,0
0.000172,0.999828,1
0.000061,0.999939,1
0.000030,0.999970,1
0.000162,0.999838,1
0.999508,0.000492,0
0.000051,0.999949,1
0.999867,0.000133,0
0.000613,0.999387,1
0.000026,0.999974,1
0.000054,0.999946,1
0.000070,0.999930,1
0.999783,0.000217,0
0.999828,0.000172,0
0.000123,0.999877,1
0.999978,0.000022,0
0.000044,0.999956,1
0.000304,0.999696,1
0.000002,0.999998,1
0.999932,0.000068,0
0.999997,0.000003,0
0.000041,0.999959,1
0.000016,0.999984,1
0.999916,0.000084,0
0.000026,0.999974,1
0.000690,0.999310,1
0.000041,0.999959,1
0.999977,0.000023,0
0.000608,0.999392,1
0.999827,0.000173,0
0.000028,0.999972,1
0.000560,0.999440,1
0.999779,0.000221,0
0.000011,0.999989,1
0.988912,0.011088,0
0.999979,0.000021,0
0.000031,0.999969,1
0.000012,0.999988,1
0.999750,0.000250,0
0.000048,0.999952,1
0.999962,0.000038,0
0.999837,0.000163,0
0.000014,0.999986,1
0.002412,0.997588,1
0.999983,0.000017,0
0.000006,0.999994,1
0.999886,0.000114,0
0.000014,0.999986,1
0.000005,0.999995,1
0.999966,0.000034,0
0.999828,0.000172,0
0.000282,0.999718,1
0.000055,0.999945,1
0.992681,0.007319,0
0.999863,0.000137,0
0.000069,0.999931,1
0.999984,0.000016,0
0.000018,0.999982,1
0.999986,0.000014,0
0.999636,0.000364,0
0.000026,0.999974,1
0.000315,0.999685,1
0.999995,0.000005,0
0.000242,0.999758,1
0.999954,0.000046,0
0.998566,0.001434,0
0.000037,0.999963,1
0.999526,0.000474,0
0.999972,0.000028,0
0.000046,0.999954,1
0.000038,0.999962,1
0.000213,0.999787,1
0.000016,0.999984,1
0.999634,0.000366,0
0.999990,0.000010,0
0.999874,0.000126,0
0.000006,0.999994,1
0.000064,0.999936,1
0.000174,0.999826,1
0.999983,0.000017,0
0.999991,0.000009,0
0.000125,0.999875,1
0.000280,0.999720,1
0.999337,0.000663,0
0.000263,0.999737,1
0.000591,0.999409,1
0.001009,0.998991,1
0.999997,0.000003,0
0.000262,0.999738,1
0.000049,0.999951,1
0.000182,0.999818,1
0.999960,0.000040,0
0.000176,0.999824,1
0.008910,0.991090,1
0.999989,0.000011,0
0.999988,0.000012,0
0.999985,0.000015,0
0.999780,0.000220,0
0.000018,0.999982,1
0.999720,0.000280,0
0.000023,0.999977,1
0.999895,0.000105,0
0.999898,0.000102,0
0.999905,0.000095,0
0.000380,0.999620,1
0.000031,0.999969,1
0.999833,0.000167,0
0.999787,0.000213,0
0.999974,0.000026,0
0.000002,0.999998,1
0.000055,0.999945,1
0.000249,0.999751,1
0.999988,0.000012,0
0.000022,0.999978,1
0.999959,0.000041,0
0.000063,0.999937,1
0.999964,0.000036,0
0.000056,0.999944,1
0.999987,0.000013,0
0.000007,0.999993,1
0.999649,0.000351,0
0.000032,0.999968,1
0.999934,0.000066,0
0.000467,0.999533,1
0.000213,0.999787,1
0.999980,0.000020,0
0.000072,0.999928,1
0.999986,0.000014,0
0.000036,0.999964,1
0.000017,0.999983,1
0.999744,0.000256,0
0.999969,0.000031,0
0.000083,0.999917,1
0.000608,0.999392,1
0.999781,0.000219,0
0.000377,0.999623,1
0.999954,0.000046,0
0.999661,0.000339,0
0.000217,0.999783,1
0.999963,0.000037,0
0.000005,0.999995,1
0.000121,0.999879,1
0.999613,0.000387,0
0.000136,0.999864,1
0.999333,0.000667,0
0.999770,0.000230,0
0.999904,0.000096,0
0.999947,0.000053,0
0.999971,0.000029,0
0.000211,0.999789,1
0.000001,0.999999,1
0.000000,1.000000,1
0.999924,0.000076,0
0.999865,0.000135,0
0.000003,0.999997,1
0.000062,0.999938,1
0.000136,0.999864,1
0.999853,0.000147,0
0.000145,0.999855,1
0.000282,0.999718,1
0.999871,0.000129,0
0.999916,0.000084,0
0.000047,0.999953,1
0.000052,0.999948,1
0.999953,0.000047,0
0.999745,0.000255,0
0.999738,0.000262,0
0.000020,0.999980,1
0.999990,0.000010,0
0.000037,0.999963,1
0.999966,0.000034,0
0.000002,0.999998,1
0.000009,0.999991,1
0.999653,0.000347,0
0.999868,0.000132,0
0.999686,0.000314,0
0.999815,0.000185,0
0.000029,0.999971,1
0.000240,0.999760,1
0.999981,0.000019,0
0.999893,0.000107,0
0.999821,0.000179,0
0.000009,0.999991,1
0.000091,0.999909,1
0.999956,0.000044,0
0.000056,0.999944,1
0.000034,0.999966,1
0.999721,0.000279,0
0.000039,0.999961,1
0.999682,0.000318,0
0.000008,0.999992,1
0.999946,0.000054,0
0.000194,0.999806,1
0.000127,0.999873,1
0.000016,0.999984,1
0.000405,0.999595,1
0.998992,0.001008,0
0.000578,0.999422,1
0.000237,0.999763,1
0.001884,0.998116,1
0.999593,0.000407,0
0.000006,0.999994,1
0.999962,0.000038,0
0.000004,0.999996,1
0.000163,0.999837,1
0.000016,0.999984,1
0.999921,0.000079,0
0.000015,0.999985,1
0.999889,0.000111,0
0.000005,0.999995,1
0.000126,0.999874,1
0.000074,0.999926,1
0.999997,0.000003,0
0.000016,0.999984,1
0.001154,0.998846,1
0.999646,0.000354,0
0.000067,0.999933,1
0.000033,0.999967,1
0.999905,0.000095,0
0.999738,0.000262,0
0.999498,0.000502,0
0.999925,0.000075,0
0.999947,0.000053,0
0.000009,0.999991,1
0.000021,0.999979,1
0.000035,0.999965,1
0.000256,0.999744,1
0.999852,0.000148,0
0.000055,0.999945,1
0.002043,0.997957,1
0.999960,0.000040,0
0.000224,0.999776,1
0.000555,0.999445,1
0.000119,0.999881,1
0.000959,0.999041,1
0.000048,0.999952,1
0.000752,0.999248,1
0.000002,0.999998,1
0.999665,0.000335,0
0.000128,0.999872,1
0.999824,0.000176,0
0.000034,0.999966,1
0.000543,0.999457,1
0.000001,0.999999,1
0.999908,0.000092,0
0.000171,0.999829,1
0.000056,0.999944,1
0.999778,0.000222,0
0.000085,0.999915,1
0.000054,0.999946,1
0.999410,0.000590,0
0.001060,0.998940,1
0.000107,0.999893,1
0.999970,0.000030,0
0.000039,0.999961,1
0.000080,0.999920,1
0.999925,0.000075,0
0.000003,0.999997,1
0.000528,0.999472,1
0.000049,0.999951,1
0.999967,0.000033,0
0.999946,0.000054,0
0.999936,0.000064,0
0.999995,0.000005,0
0.000001,0.999999,1
0.000007,0.999993,1
0.999945,0.000055,0
0.999966,0.000034,0
0.000137,0.999863,1
0.999956,0.000044,0
0.000036,0.999964,1
0.999895,0.000105,0
0.000010,0.999990,1
0.999763,0.000237,0
0.000380,0.999620,1
0.000041,0.999959,1
0.999977,0.000023,0
0.000119,0.999881,1
0.999430,0.000570,0
0.000004,0.999996,1
0.000047,0.999953,1
0.999915,0.000085,0
0.000152,0.999848,1
0.000158,0.999842,1
0.000225,0.999775,1
0.000012,0.999988,1
0.000072,0.999928,1
0.999982,0.000018,0
0.000375,0.999625,1
0.000118,0.999882,1
0.999962,0.000038,0
0.999798,0.000202,0
0.000004,0.999996,1
0.000097,0.999903,1
0.999866,0.000134,0
0.999992,0.000008,0
0.000032,0.999968,1
0.000023,0.999977,1
0.000360,0.999640,1
0.999912,0.000088,0
0.000066,0.999934,1
0.999894,0.000106,0
0.000104,0.999896,1
0.000026,0.999974,1
0.999932,0.000068,0
0.000075,0.999925,1
0.999876,0.000124,0
0.999976,0.000024,0
0.000012,0.999988,1
0.000098,0.999902,1
0.000106,0.999894,1
0.000481,0.999519,1
0.000011,0.999989,1
0.999922,0.000078,0
0.999929,0.000071,0
0.999682,0.000318,0
0.999625,0.000375,0
0.000073,0.999927,1
0.000105,0.999895,1
0.999816,0.000184,0
0.000230,0.999770,1
0.999883,0.000117,0
0.001306,0.998694,1
0.999939,0.000061,0
0.000739,0.999261,1
0.000219,0.999781,1
0.999764,0.000236,0
0.000027,0.999973,1
0.000132,0.999868,1
0.000009,0.999991,1
0.000073,0.999927,1
0.000060,0.999940,1
0.999882,0.000118,0
0.998312,0.001688,0
0.999879,0.000121,0
0.000047,0.999953,1
0.999788,0.000212,0
0.999983,0.000017,0
0.999580,0.000420,0
0.999968,0.000032,0
0.999869,0.000131,0
0.999991,0.000009,0
0.000224,0.999776,1
0.999969,0.000031,0
0.999654,0.000346,0
0.999832,0.000168,0
0.999981,0.000019,0
0.999965,0.000035,0
0.000079,0.999921,1
0.999928,0.000072,0
0.003437,0.996563,1
0.999976,0.000024,0
0.000060,0.999940,1
0.000028,0.999972,1
0.998938,0.001062,0
0.000023,0.999977,1
0.000374,0.999626,1
0.999962,0.000038,0
0.999774,0.000226,0
0.000061,0.999939,1
0.999953,0.000047,0
0.999962,0.000038,0
0.000012,0.999988,1
0.000781,0.999219,1
0.999348,0.000652,0
0.000009,0.999991,1
0.000001,0.999999,1
0.000007,0.999993,1
0.000036,0.999964,1
0.000360,0.999640,1
0.999898,0.000102,0
0.000213,0.999787,1
0.999755,0.000245,0
0.999967,0.000033,0
0.999975,0.000025,0
0.999972,0.000028,0
0.999932,0.000068,0
0.999857,0.000143,0
0.999273,0.000727,0
0.999835,0.000165,0
0.000016,0.999984,1
0.000240,0.999760,1
0.999465,0.000535,0
0.000132,0.999868,1
0.000027,0.999973,1
0.999895,0.000105,0
0.000678,0.999322,1
0.999988,0.000012,0
0.999931,0.000069,0
0.999943,0.000057,0
0.999803,0.000197,0
0.059439,0.940561,1
0.000297,0.999703,1
0.999983,0.000017,0
0.000866,0.999134,1
0.999781,0.000219,0
0.002066,0.997934,1
0.999627,0.000373,0
0.000066,0.999934,1
0.000555,0.999445,1
0.000015,0.999985,1
0.000006,0.999994,1
0.999972,0.000028,0
0.000560,0.999440,1
0.999938,0.000062,0
0.000407,0.999593,1
0.000190,0.999810,1
0.000012,0.999988,1
0.999965,0.000035,0
0.000185,0.999815,1
0.000016,0.999984,1
0.000019,0.999981,1
0.999994,0.000006,0
0.999975,0.000025,0
0.999987,0.000013,0
0.000006,0.999994,1
0.000037,0.999963,1
0.999829,0.000171,0
0.000033,0.999967,1
0.000071,0.999929,1
0.999710,0.000290,0
0.000073,0.999927,1
0.000008,0.999992,1
0.000170,0.999830,1
0.999032,0.000968,0
0.999946,0.000054,0
0.999917,0.000083,0
0.999957,0.000043,0
0.000061,0.999939,1
0.000141,0.999859,1
0.999989,0.000011,0
0.000010,0.999990,1
0.999868,0.000132,0
0.999984,0.000016,0
0.000003,0.999997,1
0.000461,0.999539,1
0.000059,0.999941,1
0.000274,0.999726,1
0.000015,0.999985,1
0.000001,0.999999,1
0.999985,0.000015,0
0.000014,0.999986,1
0.000010,0.999990,1
0.000005,0.999995,1
0.999973,0.000027,0
0.000001,0.999999,1
0.999543,0.000457,0
0.000066,0.999934,1
0.000071,0.999929,1
0.999970,0.000030,0
0.000036,0.999964,1
0.999968,0.000032,0
0.000173,0.999827,1
0.000015,0.999985,1
0.999514,0.000486,0
0.999893,0.000107,0
0.999953,0.000047,0
0.999759,0.000241,0
0.999996,0.000004,0
0.000344,0.999656,1
0.004208,0.995792,1
0.999948,0.000052,0
0.000004,0.999996,1
0.000038,0.999962,1
0.000031,0.999969,1
0.000182,0.999818,1
0.999955,0.000045,0
0.000026,0.999974,1
0.999982,0.000018,0
0.000055,0.999945,1
0.999483,0.000517,0
0.000072,0.999928,1
0.000467,0.999533,1
0.000042,0.999958,1
0.999962,0.000038,0
0.000049,0.999951,1
0.999729,0.000271,0
0.000008,0.999992,1
0.000002,0.999998,1
0.999957,0.000043,0
0.999714,0.000286,0
0.000161,0.999839,1
0.999949,0.000051,0
0.000100,0.999900,1
0.999991,0.000009,0
0.999985,0.000015,0
0.999864,0.000136,0
0.999967,0.000033,0
0.000001,0.999999,1
0.000517,0.999483,1
0.000007,0.999993,1
0.000070,0.999930,1
0.000061,0.999939,1
0.999756,0.000244,0
0.000024,0.999976,1
0.000140,0.999860,1
0.999934,0.000066,0
0.000076,0.999924,1
0.000068,0.999932,1
0.999867,0.000133,0
0.999999,0.000001,0
0.000104,0.999896,1
0.000361,0.999639,1
0.000166,0.999834,1
0.000071,0.999929,1
0.000119,0.999881,1
0.000116,0.999884,1
0.000091,0.999909,1
0.999969,0.000031,0
0.999695,0.000305,0
0.000010,0.999990,1
0.999613,0.000387,0
0.000102,0.999898,1
0.000274,0.999726,1
0.000007,0.999993,1
0.999971,0.000029,0
0.999989,0.000011,0
0.999625,0.000375,0
0.000050,0.999950,1
0.999940,0.000060,0
0.000011,0.999989,1
0.000112,0.999888,1
0.000043,0.999957,1
0.000017,0.999983,1
0.000092,0.999908,1
0.999912,0.000088,0
0.999871,0.000129,0
0.000005,0.999995,1
0.000007,0.999993,1
0.000124,0.999876,1
0.000033,0.999967,1
0.999382,0.000618,0
0.000005,0.999995,1
0.999949,0.000051,0
0.001564,0.998436,1
0.999870,0.000130,0
0.999869,0.000131,0
0.999973,0.000027,0
0.000218,0.999782,1
0.000114,0.999886,1
0.999494,0.000506,0
0.000009,0.999991,1
0.999944,0.000056,0
0.000011,0.999989,1
0.000370,0.999630,1
0.999973,0.000027,0
0.999961,0.000039,0
0.999881,0.000119,0
0.001641,0.998359,1
0.999940,0.000060,0
0.000017,0.999983,1
0.999904,0.000096,0
0.999964,0.000036,0
0.999897,0.000103,0
0.000019,0.999981,1
0.999884,0.000116,0
0.999986,0.000014,0
0.998940,0.001060,0
0.000184,0.999816,1
0.999554,0.000446,0
0.000032,0.999968,1
0.000007,0.999993,1
0.999480,0.000520,0
0.999826,0.000174,0
0.000185,0.999815,1
0.000013,0.999987,1
0.000164,0.999836,1
0.999901,0.000099,0
0.000020,0.999980,1
0.000166,0.999834,1
0.999819,0.000181,0
0.000027,0.999973,1
0.999868,0.000132,0
0.999958,0.000042,0
0.999996,0.000004,0
0.999975,0.000025,0
0.999987,0.000013,0
0.999884,0.000116,0
0.000116,0.999884,1
0.999806,0.000194,0
0.999787,0.000213,0
0.000171,0.999829,1
0.999791,0.000209,0
0.999888,0.000112,0
0.000240,0.999760,1
0.000427,0.999573,1
0.000025,0.999975,1
0.000002,0.999998,1
0.000559,0.999441,1
0.999733,0.000267,0
0.000074,0.999926,1
0.997842,0.002158,0
0.000272,0.999728,1
0.000194,0.999806,1
0.999649,0.000351,0
0.999982,0.000018,0
0.999994,0.000006,0
0.999953,0.000047,0
0.999680,0.000320,0
0.999986,0.000014,0
0.000008,0.999992,1
0.999903,0.000097,0
0.001006,0.998994,1
0.000005,0.999995,1
0.999885,0.000115,0
0.999994,0.000006,0
0.000098,0.999902,1
0.999904,0.000096,0
0.000025,0.999975,1
0.000094,0.999906,1
0.000391,0.999609,1
0.999781,0.000219,0
0.999942,0.000058,0
0.000077,0.999923,1
0.999716,0.000284,0
0.999890,0.000110,0
0.000124,0.999876,1
0.003628,0.996372,1
0.000908,0.999092,1
0.999970,0.000030,0
0.000354,0.999646,1
0.000342,0.999658,1
0.000019,0.999981,1
0.999939,0.000061,0
0.000003,0.999997,1
0.000494,0.999506,1
0.999879,0.000121,0
0.000052,0.999948,1
0.000000,1.000000,1
0.999978,0.000022,0
0.000014,0.999986,1
0.000008,0.999992,1
0.000143,0.999857,1
0.000073,0.999927,1
0.000036,0.999964,1
0.999980,0.000020,0
0.000018,0.999982,1
0.000151,0.999849,1
0.999907,0.000093,0
0.999965,0.000035,0
0.000119,0.999881,1
0.000024,0.999976,1
0.000072,0.999928,1
0.000061,0.999939,1
0.999958,0.000042,0
0.999971,0.000029,0
0.000455,0.999545,1
0.000027,0.999973,1
0.999849,0.000151,0
0.000070,0.999930,1
0.000156,0.999844,1
0.999973,0.000027,0
0.000063,0.999937,1
0.999911,0.000089,0
0.999971,0.000029,0
0.000435,0.999565,1
0.000009,0.999991,1
0.000057,0.999943,1
0.000002,0.999998,1
0.999985,0.000015,0
0.000032,0.999968,1
0.999994,0.000006,0
0.998855,0.001145,0
0.999829,0.000171,0
0.000014,0.999986,1
0.000575,0.999425,1
0.999858,0.000142,0
0.999858,0.000142,0
0.000003,0.999997,1
0.000241,0.999759,1
0.999803,0.000197,0
0.000223,0.999777,1
0.999767,0.000233,0
0.999959,0.000041,0
0.000116,0.999884,1
0.001529,0.998471,1
0.000028,0.999972,1
0.999715,0.000285,0
0.000060,0.999940,1
0.999796,0.000204,0
0.999985,0.000015,0
0.999860,0.000140,0
0.000033,0.999967,1
0.002653,0.997347,1
0.000072,0.999928,1
0.000002,0.999998,1
0.000188,0.999812,1
0.000094,0.999906,1
0.999863,0.000137,0
0.999984,0.000016,0
0.000031,0.999969,1
0.999976,0.000024,0
0.000016,0.999984,1
0.000307,0.999693,1
0.000011,0.999989,1
0.000014,0.999986,1
0.000013,0.999987,1
0.999967,0.000033,0
0.000020,0.999980,1
0.000111,0.999889,1
0.000162,0.999838,1
0.000079,0.999921,1
0.000472,0.999528,1
0.000300,0.999700,1
0.000029,0.999971,1
0.000154,0.999846,1
0.000011,0.999989,1
0.000041,0.999959,1
0.999880,0.000120,0
0.000021,0.999979,1
0.000005,0.999995,1
0.999967,0.000033,0
0.999985,0.000015,0
0.999974,0.000026,0
0.999908,0.000092,0
0.000121,0.999879,1
0.999997,0.000003,0
0.000003,0.999997,1
0.999984,0.000016,0
0.999998,0.000002,0
0.999965,0.000035,0
0.999941,0.000059,0
0.999899,0.000101,0
0.000034,0.999966,1
0.000196,0.999804,1
0.000032,0.999968,1
0.000001,0.999999,1
0.000127,0.999873,1
0.000022,0.999978,1
0.999775,0.000225,0
0.000033,0.999967,1
0.999826,0.000174,0
0.999768,0.000232,0
0.999784,0.000216,0
0.000080,0.999920,1
0.999967,0.000033,0
0.999911,0.000089,0
0.000004,0.999996,1
0.998195,0.001805,0
0.999985,0.000015,0
0.999910,0.000090,0
0.000089,0.999911,1
0.999854,0.000146,0
0.000009,0.999991,1
0.000136,0.999864,1
0.999952,0.000048,0
0.999917,0.000083,0
0.000086,0.999914,1
0.000073,0.999927,1
0.999907,0.000093,0
0.999794,0.000206,0
0.999939,0.000061,0
0.000010,0.999990,1
0.999904,0.000096,0
0.000029,0.999971,1
0.000011,0.999989,1
0.000527,0.999473,1
0.999909,0.000091,0
0.000055,0.999945,1
0.994237,0.005763,0
0.000089,0.999911,1
0.998433,0.001567,0
0.999993,0.000007,0
0.999973,0.000027,0
0.010801,0.989199,1
0.000108,0.999892,1
0.000017,0.999983,1
0.000093,0.999907,1
0.999856,0.000144,0
0.000001,0.999999,1
0.000014,0.999986,1
0.999973,0.000027,0
0.999739,0.000261,0
0.000225,0.999775,1
0.999958,0.000042,0
0.000007,0.999993,1
0.999937,0.000063,0
0.000132,0.999868,1
0.000244,0.999756,1
0.998757,0.001243,0
0.999510,0.000490,0
0.000023,0.999977,1
0.999906,0.000094,0
0.000040,0.999960,1
0.000010,0.999990,1
0.999979,0.000021,0
0.000005,0.999995,1
0.000007,0.999993,1
0.998913,0.001087,0
0.000079,0.999921,1
0.999701,0.000299,0
0.999958,0.000042,0
0.999613,0.000387,0
0.000132,0.999868,1
0.000142,0.999858,1
0.000057,0.999943,1
0.999964,0.000036,0
0.000576,0.999424,1
0.000014,0.999986,1
0.000032,0.999968,1
0.000172,0.999828,1
0.999795,0.000205,0
0.999641,0.000359,0
0.000042,0.999958,1
0.999805,0.000195,0
0.999963,0.000037,0
0.000198,0.999802,1
0.000127,0.999873,1
0.000062,0.999938,1
0.000186,0.999814,1
0.000016,0.999984,1
0.000810,0.999190,1
0.000037,0.999963,1
0.000813,0.999187,1
0.999990,0.000010,0
0.999694,0.000306,0
0.000096,0.999904,1
0.000379,0.999621,1
0.000029,0.999971,1
0.000031,0.999969,1
0.000576,0.999424,1
0.000345,0.999655,1
0.999937,0.000063,0
0.000057,0.999943,1
0.000031,0.999969,1
0.000034,0.999966,1
0.999990,0.000010,0
0.000003,0.999997,1
0.999997,0.000003,0
0.000110,0.999890,1
0.000180,0.999820,1
0.999990,0.000010,0
0.999996,0.000004,0
0.000215,0.999785,1
0.001834,0.998166,1
0.999793,0.000207,0
0.000045,0.999955,1
0.999919,0.000081,0
0.999899,0.000101,0
0.999851,0.000149,0
0.000146,0.999854,1
0.000043,0.999957,1
0.000044,0.999956,1
0.000054,0.999946,1
0.999389,0.000611,0
0.999673,0.000327,0
0.000030,0.999970,1
0.999981,0.000019,0
0.000005,0.999995,1
0.000079,0.999921,1
0.999821,0.000179,0
0.000012,0.999988,1
0.999849,0.000151,0
0.000021,0.999979,1
0.999955,0.000045,0
0.000181,0.999819,1
0.000524,0.999476,1
0.000086,0.999914,1
0.000193,0.999807,1
0.000152,0.999848,1
0.998591,0.001409,0
0.000062,0.999938,1
0.000032,0.999968,1
0.002179,0.997821,1
0.000002,0.999998,1
0.999759,0.000241,0
0.000012,0.999988,1
0.000052,0.999948,1
0.000067,0.999933,1
0.000139,0.999861,1
0.000003,0.999997,1
0.000008,0.999992,1
0.998681,0.001319,0
0.000003,0.999997,1
0.000241,0.999759,1
0.000114,0.999886,1
0.999969,0.000031,0
0.000034,0.999966,1
0.000022,0.999978,1
0.000133,0.999867,1
0.000083,0.999917,1
0.000168,0.999832,1
0.000038,0.999962,1
0.999980,0.000020,0
0.999855,0.000145,0
0.999800,0.000200,0
0.000380,0.999620,1
0.999959,0.000041,0
0.000018,0.999982,1
0.999985,0.000015,0
0.999921,0.000079,0
0.000489,0.999511,1
0.000004,0.999996,1
0.999576,0.000424,0
0.000005,0.999995,1
0.000133,0.999867,1
0.999833,0.000167,0
0.999828,0.000172,0
0.000256,0.999744,1
0.999794,0.000206,0
0.999902,0.000098,0
0.000497,0.999503,1
0.000012,0.999988,1
0.000090,0.999910,1
0.999940,0.000060,0
0.000009,0.999991,1
0.000096,0.999904,1
0.999960,0.000040,0
0.000002,0.999998,1
0.000013,0.999987,1
0.000014,0.999986,1
0.000016,0.999984,1
0.000029,0.999971,1
0.999850,0.000150,0
0.999956,0.000044,0
0.000153,0.999847,1
0.999930,0.000070,0
0.999987,0.000013,0
0.999329,0.000671,0
0.999989,0.000011,0
0.999943,0.000057,0
0.000099,0.999901,1
0.999905,0.000095,0
0.999970,0.000030,0
0.999799,0.000201,0
0.000231,0.999769,1
0.000013,0.999987,1
0.999985,0.000015,0
0.999793,0.000207,0
0.999985,0.000015,0
0.999994,0.000006,0
0.000085,0.999915,1
0.000095,0.999905,1
0.000102,0.999898,1
0.000004,0.999996,1
0.000094,0.999906,1
0.000012,0.999988,1
0.999916,0.000084,0
0.999909,0.000091,0
0.000197,0.999803,1
0.999993,0.000007,0
0.000230,0.999770,1
0.999859,0.000141,0
0.000006,0.999994,1
0.999937,0.000063,0
0.000005,0.999995,1
0.000408,0.999592,1
0.999992,0.000008,0
0.000722,0.999278,1
0.000016,0.999984,1
0.999956,0.000044,0
0.999991,0.000009,0
0.999790,0.000210,0
0.000048,0.999952,1
0.999978,0.000022,0
0.000158,0.999842,1
0.000158,0.999842,1
0.000555,0.999445,1
0.000294,0.999706,1
0.000062,0.999938,1
0.000018,0.999982,1
0.000014,0.999986,1
0.000055,0.999945,1
0.000561,0.999439,1
0.000253,0.999747,1
0.000044,0.999956,1
0.999996,0.000004,0
0.999955,0.000045,0
0.000009,0.999991,1
0.000163,0.999837,1
0.999851,0.000149,0
0.999972,0.000028,0
0.000128,0.999872,1
0.000248,0.999752,1
0.000335,0.999665,1
0.000360,0.999640,1
0.000063,0.999937,1
0.999896,0.000104,0
0.000178,0.999822,1
0.999170,0.000830,0
0.999974,0.000026,0
0.000262,0.999738,1
0.999897,0.000103,0
0.999899,0.000101,0
0.000036,0.999964,1
0.999893,0.000107,0
0.999826,0.000174,0
0.999882,0.000118,0
0.999990,0.000010,0
0.000047,0.999953,1
0.000193,0.999807,1
0.000054,0.999946,1
0.000600,0.999400,1
0.000134,0.999866,1
0.000059,0.999941,1
0.999971,0.000029,0
0.000064,0.999936,1
0.000007,0.999993,1
0.000002,0.999998,1
0.999826,0.000174,0
0.000239,0.999761,1
0.000173,0.999827,1
0.999950,0.000050,0
0.999958,0.000042,0
0.999843,0.000157,0
0.000013,0.999987,1
0.000041,0.999959,1
0.999496,0.000504,0
0.000041,0.999959,1
0.000002,0.999998,1
0.000130,0.999870,1
0.999689,0.000311,0
0.999886,0.000114,0
0.999955,0.000045,0
0.999392,0.000608,0
0.000017,0.999983,1
0.000068,0.999932,1
0.000002,0.999998,1
0.000050,0.999950,1
0.000651,0.999349,1
0.999955,0.000045,0
0.000116,0.999884,1
0.999831,0.000169,0
0.000144,0.999856,1
0.000169,0.999831,1
0.999378,0.000622,0
0.004735,0.995265,1
0.000028,0.999972,1
0.000011,0.999989,1
0.999930,0.000070,0
0.000123,0.999877,1
0.999885,0.000115,0
0.999973,0.000027,0
0.999835,0.000165,0
0.000051,0.999949,1
0.999969,0.000031,0
0.999977,0.000023,0
0.000102,0.999898,1
0.000052,0.999948,1
0.999903,0.000097,0
0.000134,0.999866,1
0.000120,0.999880,1
0.000059,0.999941,1
0.000021,0.999979,1
0.999988,0.000012,0
0.999966,0.000034,0
0.000002,0.999998,1
0.999810,0.000190,0
0.000319,0.999681,1
0.000010,0.999990,1
0.999929,0.000071,0
0.000406,0.999594,1
0.000152,0.999848,1
0.999998,0.000002,0
0.000006,0.999994,1
0.000004,0.999996,1
0.999990,0.000010,0
0.995972,0.004028,0
0.999989,0.000011,0
0.000252,0.999748,1
0.999829,0.000171,0
0.999991,0.000009,0
0.999990,0.000010,0
0.999948,0.000052,0
0.000039,0.999961,1
0.999887,0.000113,0
0.000019,0.999981,1
0.000004,0.999996,1
0.000065,0.999935,1
0.000241,0.999759,1
0.997024,0.002976,0
0.000004,0.999996,1
0.000038,0.999962,1
0.000020,0.999980,1
0.000354,0.999646,1
0.000083,0.999917,1
0.000144,0.999856,1
0.000004,0.999996,1
0.000018,0.999982,1
0.999684,0.000316,0
0.999812,0.000188,0
0.000006,0.999994,1
0.000176,0.999824,1
0.000004,0.999996,1
0.999948,0.000052,0
0.000279,0.999721,1
0.999806,0.000194,0
0.000285,0.999715,1
0.999971,0.000029,0
0.999731,0.000269,0
0.916929,0.083071,0
0.000142,0.999858,1
0.999997,0.000003,0
0.000014,0.999986,1
0.000017,0.999983,1
0.999962,0.000038,0
0.000016,0.999984,1
0.000258,0.999742,1
0.999921,0.000079,0
0.000090,0.999910,1
0.000242,0.999758,1
0.999589,0.000411,0
0.000009,0.999991,1
0.000151,0.999849,1
0.000205,0.999795,1
0.999990,0.000010,0
0.000293,0.999707,1
0.000283,0.999717,1
0.000459,0.999541,1
0.999945,0.000055,0
0.000087,0.999913,1
0.999986,0.000014,0
0.000010,0.999990,1
0.000002,0.999998,1
0.000477,0.999523,1
0.000022,0.999978,1
0.998909,0.001091,0
0.000430,0.999570,1
0.000281,0.999719,1
0.000039,0.999961,1
0.999994,0.000006,0
0.000024,0.999976,1
0.999802,0.000198,0
0.000007,0.999993,1
0.999940,0.000060,0
0.999932,0.000068,0
0.000031,0.999969,1
0.000040,0.999960,1
0.000060,0.999940,1
0.999794,0.000206,0
0.000002,0.999998,1
0.000031,0.999969,1
0.999949,0.000051,0
0.999591,0.000409,0
0.999996,0.000004,0
0.000147,0.999853,1
0.000220,0.999780,1
0.000006,0.999994,1
0.000058,0.999942,1
0.999803,0.000197,0
0.000163,0.999837,1
0.999600,0.000400,0
0.999969,0.000031,0
0.000052,0.999948,1
0.000009,0.999991,1
0.999796,0.000204,0
0.863352,0.136648,0
0.000022,0.999978,1
0.999971,0.000029,0
0.000045,0.999955,1
0.000102,0.999898,1
0.999998,0.000002,0
0.999830,0.000170,0
0.999599,0.000401,0
0.000008,0.999992,1
0.001686,0.998314,1
0.000021,0.999979,1
0.000127,0.999873,1
0.999123,0.000877,0
0.000027,0.999973,1
0.999996,0.000004,0
0.999085,0.000915,0
0.000071,0.999929,1
0.999985,0.000015,0
0.000585,0.999415,1
0.000185,0.999815,1
0.000009,0.999991,1
0.999999,0.000001,0
0.000031,0.999969,1
0.000010,0.999990,1
0.998903,0.001097,0
0.000010,0.999990,1
0.000034,0.999966,1
0.999925,0.000075,0
0.999946,0.000054,0
0.000152,0.999848,1
0.000022,0.999978,1
0.000003,0.999997,1
0.999931,0.000069,0
0.999904,0.000096,0
0.000383,0.999617,1
0.999878,0.000122,0
0.999942,0.000058,0
0.000071,0.999929,1
0.999953,0.000047,0
0.999880,0.000120,0
0.000240,0.999760,1
0.000347,0.999653,1
0.000025,0.999975,1
0.999953,0.000047,0
0.000007,0.999993,1
0.999348,0.000652,0
0.000232,0.999768,1
0.000016,0.999984,1
0.000017,0.999983,1
0.000001,0.999999,1
0.000190,0.999810,1
0.000012,0.999988,1
0.000012,0.999988,1
0.999939,0.000061,0
0.999890,0.000110,0
0.999996,0.000004,0
0.000009,0.999991,1
0.999979,0.000021,0
0.999947,0.000053,0
0.000016,0.999984,1
0.999764,0.000236,0
0.999945,0.000055,0
0.000494,0.999506,1
0.000167,0.999833,1
0.000027,0.999973,1
0.000028,0.999972,1
0.000698,0.999302,1
0.999856,0.000144,0
0.999914,0.000086,0
0.000016,0.999984,1
0.999164,0.000836,0
0.000008,0.999992,1
0.999931,0.000069,0
0.000016,0.999984,1
0.999994,0.000006,0
0.999849,0.000151,0
0.999963,0.000037,0
0.000001,0.999999,1
0.999968,0.000032,0
0.000771,0.999229,1
0.000004,0.999996,1
0.000068,0.999932,1
0.999974,0.000026,0
0.999785,0.000215,0
0.999860,0.000140,0
0.000036,0.999964,1
0.000057,0.999943,1
0.000062,0.999938,1
0.000058,0.999942,1
0.000017,0.999983,1
0.999592,0.000408,0
0.999222,0.000778,0
0.999713,0.000287,0
0.000066,0.999934,1
0.000067,0.999933,1
0.999956,0.000044,0
0.000054,0.999946,1
0.000042,0.999958,1
0.000059,0.999941,1
0.000071,0.999929,1
0.999740,0.000260,0
0.000817,0.999183,1
0.000017,0.999983,1
0.999809,0.000191,0
0.999634,0.000366,0
0.999953,0.000047,0
0.999865,0.000135,0
0.000206,0.999794,1
0.000003,0.999997,1
0.999827,0.000173,0
0.998902,0.001098,0
0.999786,0.000214,0
0.000004,0.999996,1
0.999985,0.000015,0
0.000273,0.999727,1
0.000239,0.999761,1
0.999942,0.000058,0
0.999944,0.000056,0
0.999799,0.000201,0
0.999859,0.000141,0
0.000359,0.999641,1
0.999921,0.000079,0
0.000001,0.999999,1
0.999972,0.000028,0
0.999959,0.000041,0
0.000074,0.999926,1
0.000021,0.999979,1
0.000714,0.999286,1
0.999949,0.000051,0
0.000029,0.999971,1
0.999819,0.000181,0
0.000008,0.999992,1
0.998944,0.001056,0
0.000184,0.999816,1
0.000016,0.999984,1
0.999802,0.000198,0
0.000021,0.999979,1
0.000031,0.999969,1
0.000028,0.999972,1
0.999969,0.000031,0
0.000010,0.999990,1
0.000026,0.999974,1
0.000003,0.999997,1
0.998959,0.001041,0
0.000144,0.999856,1
0.000109,0.999891,1
0.000045,0.999955,1
0.999716,0.000284,0
0.999987,0.000013,0
0.999760,0.000240,0
0.999824,0.000176,0
0.000010,0.999990,1
0.000004,0.999996,1
0.000026,0.999974,1
0.999947,0.000053,0
0.999982,0.000018,0
0.999686,0.000314,0
0.000236,0.999764,1
0.999675,0.000325,0
0.000031,0.999969,1
0.000018,0.999982,1
0.000519,0.999481,1
0.000126,0.999874,1
0.000026,0.999974,1
0.999530,0.000470,0
0.999798,0.000202,0
0.000012,0.999988,1
0.000486,0.999514,1
0.999990,0.000010,0
0.000173,0.999827,1
0.001117,0.998883,1
0.999942,0.000058,0
0.999706,0.000294,0
0.001563,0.998437,1
0.999868,0.000132,0
0.000695,0.999305,1
0.999964,0.000036,0
0.000018,0.999982,1
0.999957,0.000043,0
0.999944,0.000056,0
0.999924,0.000076,0
0.000060,0.999940,1
0.000022,0.999978,1
0.999879,0.000121,0
0.000037,0.999963,1
0.000208,0.999792,1
0.999963,0.000037,0
0.999566,0.000434,0
0.000004,0.999996,1
0.000035,0.999965,1
0.000202,0.999798,1
0.000068,0.999932,1
0.999809,0.000191,0
0.000013,0.999987,1
0.999972,0.000028,0
0.000083,0.999917,1
0.999990,0.000010,0
0.999871,0.000129,0
0.000015,0.999985,1
0.999930,0.000070,0
0.000011,0.999989,1
0.000007,0.999993,1
0.000006,0.999994,1
0.000003,0.999997,1
0.999974,0.000026,0
0.000061,0.999939,1
0.999927,0.000073,0
0.000177,0.999823,1
0.000042,0.999958,1
0.999951,0.000049,0
0.000236,0.999764,1
0.999991,0.000009,0
0.000012,0.999988,1
0.999667,0.000333,0
0.000003,0.999997,1
0.000005,0.999995,1
0.999922,0.000078,0
0.999927,0.000073,0
0.000048,0.999952,1
0.998850,0.001150,0
0.999891,0.000109,0
0.000287,0.999713,1
0.000613,0.999387,1
0.000786,0.999214,1
0.000040,0.999960,1
0.000005,0.999995,1
0.999998,0.000002,0
0.000064,0.999936,1
0.999413,0.000587,0
0.000338,0.999662,1
0.000007,0.999993,1
0.000141,0.999859,1
0.000006,0.999994,1
0.999949,0.000051,0
0.994959,0.005041,0
0.999752,0.000248,0
0.000205,0.999795,1
0.000241,0.999759,1
0.999948,0.000052,0
0.999991,0.000009,0
0.000138,0.999862,1
0.999869,0.000131,0
0.000014,0.999986,1
0.000017,0.999983,1
0.000042,0.999958,1
0.999967,0.000033,0
0.998404,0.001596,0
0.999787,0.000213,0
0.000087,0.999913,1
0.000178,0.999822,1
0.000023,0.999977,1
0.004517,0.995483,1
0.999988,0.000012,0
0.000020,0.999980,1
0.000031,0.999969,1
0.000872,0.999128,1
0.000083,0.999917,1
0.000220,0.999780,1
0.000039,0.999961,1
0.000144,0.999856,1
0.000254,0.999746,1
0.000043,0.999957,1
0.999779,0.000221,0
0.999995,0.000005,0
0.000006,0.999994,1
0.999780,0.000220,0
0.999928,0.000072,0
0.999987,0.000013,0
0.999892,0.000108,0
0.000184,0.999816,1
0.000199,0.999801,1
0.999936,0.000064,0
0.000019,0.999981,1
0.000007,0.999993,1
0.000030,0.999970,1
0.999943,0.000057,0
0.999915,0.000085,0
0.000040,0.999960,1
0.999997,0.000003,0
0.000099,0.999901,1
0.000021,0.999979,1
0.000236,0.999764,1
0.999833,0.000167,0
0.999968,0.000032,0
0.999931,0.000069,0
0.999987,0.000013,0
0.999691,0.000309,0
0.999871,0.000129,0
0.000021,0.999979,1
0.000161,0.999839,1
0.999942,0.000058,0
0.999790,0.000210,0
0.002370,0.997630,1
0.000771,0.999229,1
0.999988,0.000012,0
0.000617,0.999383,1
0.000131,0.999869,1
0.999970,0.000030,0
0.000005,0.999995,1
0.999970,0.000030,0
0.999801,0.000199,0
0.000025,0.999975,1
0.999984,0.000016,0
0.000043,0.999957,1
0.999752,0.000248,0
0.999977,0.000023,0
0.999891,0.000109,0
0.999997,0.000003,0
0.999716,0.000284,0
0.999913,0.000087,0
0.000360,0.999640,1
0.000020,0.999980,1
0.999933,0.000067,0
0.999897,0.000103,0
0.000131,0.999869,1
0.000138,0.999862,1
0.999571,0.000429,0
0.999656,0.000344,0
0.999733,0.000267,0
0.000051,0.999949,1
0.999863,0.000137,0
0.001036,0.998964,1
0.999969,0.000031,0
0.999997,0.000003,0
0.000868,0.999132,1
0.999985,0.000015,0
0.999820,0.000180,0
0.000063,0.999937,1
0.000277,0.999723,1
0.999942,0.000058,0
0.000066,0.999934,1
0.000040,0.999960,1
0.000007,0.999993,1
0.000120,0.999880,1
0.000095,0.999905,1
0.999837,0.000163,0
0.999996,0.000004,0
0.000194,0.999806,1
0.999985,0.000015,0
0.999900,0.000100,0
0.999881,0.000119,0
0.999984,0.000016,0
0.000028,0.999972,1
0.000273,0.999727,1
0.999962,0.000038,0
0.999946,0.000054,0
0.000112,0.999888,1
0.999954,0.000046,0
0.000013,0.999987,1
0.000031,0.999969,1
0.000206,0.999794,1
0.000109,0.999891,1
0.000011,0.999989,1
0.999850,0.000150,0
0.000032,0.999968,1
0.999962,0.000038,0
0.000016,0.999984,1
0.000025,0.999975,1
0.000066,0.999934,1
0.000006,0.999994,1
0.000328,0.999672,1
0.000024,0.999976,1
0.000064,0.999936,1
0.000003,0.999997,1
0.999369,0.000631,0
0.000176,0.999824,1
0.000197,0.999803,1
0.999834,0.000166,0
0.000013,0.999987,1
0.000008,0.999992,1
0.000002,0.999998,1
0.999997,0.000003,0
0.999527,0.000473,0
0.999796,0.000204,0
0.000201,0.999799,1
0.000010,0.999990,1
0.000021,0.999979,1
0.000069,0.999931,1
0.000141,0.999859,1
0.000479,0.999521,1
0.999455,0.000545,0
0.999941,0.000059,0
0.000098,0.999902,1
0.999985,0.000015,0
0.999900,0.000100,0
0.000134,0.999866,1
0.000095,0.999905,1
0.000043,0.999957,1
0.999989,0.000011,0
0.999809,0.000191,0
0.000168,0.999832,1
0.999833,0.000167,0
0.000032,0.999968,1
0.000103,0.999897,1
0.000021,0.999979,1
0.000574,0.999426,1
0.000020,0.999980,1
0.000548,0.999452,1
0.000460,0.999540,1
0.999090,0.000910,0
0.999979,0.000021,0
0.001787,0.998213,1
0.000022,0.999978,1
0.999998,0.000002,0
0.000005,0.999995,1
0.999978,0.000022,0
0.000088,0.999912,1
0.999844,0.000156,0
0.000014,0.999986,1
0.000014,0.999986,1
0.999764,0.000236,0
0.000029,0.999971,1
0.999969,0.000031,0
0.000127,0.999873,1
0.000045,0.999955,1
0.000075,0.999925,1
0.999869,0.000131,0
0.000002,0.999998,1
0.024076,0.975924,1
0.000069,0.999931,1
0.000007,0.999993,1
0.999809,0.000191,0
0.999842,0.000158,0
0.999876,0.000124,0
0.000053,0.999947,1
0.999887,0.000113,0
0.000032,0.999968,1
0.000036,0.999964,1
0.000043,0.999957,1
0.000096,0.999904,1
0.000002,0.999998,1
0.999859,0.000141,0
0.000045,0.999955,1
0.999968,0.000032,0
0.000104,0.999896,1
0.000111,0.999889,1
0.000092,0.999908,1
0.000109,0.999891,1
0.999556,0.000444,0
0.999989,0.000011,0
0.000112,0.999888,1
0.000018,0.999982,1
0.000057,0.999943,1
0.999989,0.000011,0
0.999505,0.000495,0
0.999990,0.000010,0
0.000156,0.999844,1
0.000207,0.999793,1
0.000027,0.999973,1
0.999916,0.000084,0
0.000010,0.999990,1
0.999967,0.000033,0
0.000284,0.999716,1
0.000028,0.999972,1
0.000000,1.000000,1
0.000481,0.999519,1
0.999917,0.000083,0
0.000128,0.999872,1
0.000379,0.999621,1
0.999463,0.000537,0
0.000042,0.999958,1
0.999818,0.000182,0
0.999898,0.000102,0
0.000097,0.999903,1
0.999846,0.000154,0
0.001414,0.998586,1
0.997542,0.002458,0
0.978797,0.021203,0
0.000150,0.999850,1
0.999976,0.000024,0
0.000023,0.999977,1
0.000169,0.999831,1
0.000034,0.999966,1
0.999870,0.000130,0
0.999853,0.000147,0
0.000014,0.999986,1
0.000016,0.999984,1
0.999895,0.000105,0
0.999889,0.000111,0
0.000118,0.999882,1
0.999980,0.000020,0
0.999784,0.000216,0
0.000028,0.999972,1
0.000021,0.999979,1
0.000006,0.999994,1
0.000064,0.999936,1
0.999987,0.000013,0
0.000071,0.999929,1
0.000010,0.999990,1
0.999936,0.000064,0
0.000236,0.999764,1
0.000016,0.999984,1
0.000007,0.999993,1
0.002023,0.997977,1
0.000240,0.999760,1
0.999935,0.000065,0
0.999621,0.000379,0
0.000003,0.999997,1
0.999870,0.000130,0
0.000112,0.999888,1
0.999994,0.000006,0
0.000005,0.999995,1
0.000011,0.999989,1
0.000167,0.999833,1
0.007953,0.992047,1
0.999834,0.000166,0
0.000027,0.999973,1
0.000349,0.999651,1
0.000008,0.999992,1
0.000218,0.999782,1
0.000053,0.999947,1
0.999802,0.000198,0
0.012980,0.987020,1
0.999888,0.000112,0
0.000016,0.999984,1
0.998773,0.001227,0
0.000517,0.999483,1
0.000078,0.999922,1
0.000021,0.999979,1
0.000041,0.999959,1
0.999324,0.000676,0
0.997210,0.002790,0
0.999903,0.000097,0
0.000031,0.999969,1
0.999966,0.000034,0
0.999170,0.000830,0
0.999791,0.000209,0
0.000012,0.999988,1
0.001528,0.998472,1
0.000265,0.999735,1
0.999929,0.000071,0
0.000007,0.999993,1
0.999642,0.000358,0
0.000161,0.999839,1
0.000008,0.999992,1
0.999804,0.000196,0
0.999980,0.000020,0
0.000027,0.999973,1
0.999995,0.000005,0
0.999981,0.000019,0
0.999302,0.000698,0
0.000012,0.999988,1
0.000011,0.999989,1
0.000014,0.999986,1
0.000244,0.999756,1
0.000006,0.999994,1
0.999976,0.000024,0
0.999926,0.000074,0
0.999800,0.000200,0
0.999838,0.000162,0
0.000066,0.999934,1
0.999945,0.000055,0
0.000003,0.999997,1
0.000002,0.999998,1
0.000145,0.999855,1
0.000223,0.999777,1
0.000028,0.999972,1
0.000191,0.999809,1
0.999184,0.000816,0
0.999855,0.000145,0
0.000026,0.999974,1
0.999922,0.000078,0
0.999953,0.000047,0
0.000026,0.999974,1
0.000704,0.999296,1
0.000222,0.999778,1
0.000022,0.999978,1
0.999996,0.000004,0
0.000290,0.999710,1
0.999989,0.000011,0
0.000117,0.999883,1
0.999971,0.000029,0
0.999852,0.000148,0
0.000003,0.999997,1
0.999991,0.000009,0
0.000614,0.999386,1
0.000354,0.999646,1
0.000082,0.999918,1
0.000015,0.999985,1
0.000070,0.999930,1
0.000122,0.999878,1
0.000026,0.999974,1
0.999967,0.000033,0
0.999995,0.000005,0
0.000060,0.999940,1
0.000135,0.999865,1
0.000007,0.999993,1
0.000110,0.999890,1
0.000113,0.999887,1
0.999988,0.000012,0
0.000281,0.999719,1
0.999871,0.000129,0
0.999884,0.000116,0
0.999978,0.000022,0
0.999992,0.000008,0
0.000105,0.999895,1
0.999946,0.000054,0
0.999846,0.000154,0
0.999984,0.000016,0
0.000011,0.999989,1
0.999865,0.000135,0
0.000243,0.999757,1
0.999925,0.000075,0
0.999988,0.000012,0
0.000768,0.999232,1
0.999986,0.000014,0
0.999778,0.000222,0
0.999914,0.000086,0
0.999696,0.000304,0
0.000038,0.999962,1
0.000010,0.999990,1
0.000055,0.999945,1
0.000085,0.999915,1
0.999988,0.000012,0
0.999847,0.000153,0
0.000005,0.999995,1
0.000013,0.999987,1
0.000698,0.999302,1
0.999875,0.000125,0
0.000009,0.999991,1
0.000056,0.999944,1
0.000011,0.999989,1
0.000069,0.999931,1
0.000033,0.999967,1
0.001404,0.998596,1
0.000010,0.999990,1
0.999924,0.000076,0
0.000072,0.999928,1
0.000335,0.999665,1
0.999854,0.000146,0
0.999935,0.000065,0
0.000494,0.999506,1
0.999883,0.000117,0
0.999844,0.000156,0
0.999973,0.000027,0
0.000089,0.999911,1
0.000065,0.999935,1
0.000746,0.999254,1
0.000030,0.999970,1
0.000086,0.999914,1
0.999958,0.000042,0
0.000077,0.999923,1
0.983371,0.016629,0
0.000184,0.999816,1
0.000020,0.999980,1
0.000037,0.999963,1
0.000009,0.999991,1
0.000015,0.999985,1
0.000045,0.999955,1
0.000004,0.999996,1
0.000164,0.999836,1
0.000013,0.999987,1
0.000007,0.999993,1
0.999605,0.000395,0
0.999892,0.000108,0
0.000013,0.999987,1
0.000020,0.999980,1
0.000009,0.999991,1
0.000027,0.999973,1
0.999889,0.000111,0
0.999957,0.000043,0
0.999891,0.000109,0
0.999361,0.000639,0
0.000250,0.999750,1
0.000001,0.999999,1
0.000783,0.999217,1
0.000014,0.999986,1
0.999818,0.000182,0
0.000548,0.999452,1
0.000006,0.999994,1
0.999853,0.000147,0
0.999638,0.000362,0
0.000037,0.999963,1
0.000003,0.999997,1
0.999861,0.000139,0
0.000043,0.999957,1
0.999939,0.000061,0
0.000015,0.999985,1
0.000089,0.999911,1
0.000032,0.999968,1
0.999880,0.000120,0
0.999929,0.000071,0
0.000009,0.999991,1
0.000381,0.999619,1
0.999904,0.000096,0
0.000104,0.999896,1
0.000041,0.999959,1
0.000788,0.999212,1
0.000011,0.999989,1
0.000980,0.999020,1
0.999923,0.000077,0
0.000670,0.999330,1
0.999680,0.000320,0
0.999975,0.000025,0
0.000083,0.999917,1
0.999792,0.000208,0
0.999833,0.000167,0
0.000047,0.999953,1
0.000012,0.999988,1
0.000009,0.999991,1
0.999987,0.000013,0
0.999936,0.000064,0
0.000294,0.999706,1
0.998436,0.001564,0
0.999633,0.000367,0
0.000049,0.999951,1
0.999856,0.000144,0
0.999894,0.000106,0
0.000398,0.999602,1
0.000018,0.999982,1
0.999922,0.000078,0
0.999977,0.000023,0
0.000356,0.999644,1
0.999937,0.000063,0
0.999878,0.000122,0
0.001391,0.998609,1
0.999998,0.000002,0
0.000161,0.999839,1
0.999907,0.000093,0
0.000195,0.999805,1
0.999960,0.000040,0
0.000081,0.999919,1
0.000140,0.999860,1
0.000014,0.999986,1
0.999988,0.000012,0
0.000237,0.999763,1
0.999920,0.000080,0
0.999773,0.000227,0
0.000053,0.999947,1
0.999984,0.000016,0
0.999965,0.000035,0
0.000058,0.999942,1
0.999782,0.000218,0
0.995751,0.004249,0
0.999977,0.000023,0
0.000055,0.999945,1
0.999932,0.000068,0
0.000001,0.999999,1
0.999934,0.000066,0
0.999998,0.000002,0
0.000019,0.999981,1
0.999973,0.000027,0
0.000094,0.999906,1
0.000036,0.999964,1
0.999954,0.000046,0
0.000056,0.999944,1
0.999937,0.000063,0
0.000029,0.999971,1
0.999798,0.000202,0
0.999836,0.000164,0
0.999928,0.000072,0
0.000046,0.999954,1
0.000351,0.999649,1
0.000036,0.999964,1
0.999985,0.000015,0
0.000071,0.999929,1
0.000052,0.999948,1
0.000154,0.999846,1
0.999973,0.000027,0
0.000231,0.999769,1
0.000010,0.999990,1
0.999673,0.000327,0
0.000569,0.999431,1
0.001081,0.998919,1
0.999978,0.000022,0
0.999969,0.000031,0
0.999751,0.000249,0
0.999889,0.000111,0
0.000012,0.999988,1
0.000455,0.999545,1
0.000124,0.999876,1
0.000042,0.999958,1
0.999959,0.000041,0
0.999981,0.000019,0
0.999976,0.000024,0
0.000010,0.999990,1
0.000002,0.999998,1
0.999958,0.000042,0
0.999837,0.000163,0
0.999973,0.000027,0
0.998517,0.001483,0
0.999946,0.000054,0
0.999994,0.000006,0
0.999836,0.000164,0
0.999774,0.000226,0
0.000015,0.999985,1
0.999962,0.000038,0
0.999977,0.000023,0
0.999436,0.000564,0
0.000037,0.999963,1
0.999998,0.000002,0
0.999923,0.000077,0
0.999975,0.000025,0
0.999890,0.000110,0
0.999996,0.000004,0
0.999523,0.000477,0
0.999966,0.000034,0
0.000053,0.999947,1
0.000364,0.999636,1
0.000350,0.999650,1
0.999934,0.000066,0
0.000316,0.999684,1
0.000027,0.999973,1
0.000135,0.999865,1
0.999994,0.000006,0
0.003390,0.996610,1
0.000074,0.999926,1
0.000096,0.999904,1
0.999793,0.000207,0
0.000208,0.999792,1
0.999851,0.000149,0
0.999979,0.000021,0
0.000009,0.999991,1
0.000056,0.999944,1
0.000088,0.999912,1
0.999996,0.000004,0
0.000010,0.999990,1
0.999934,0.000066,0
0.000940,0.999060,1
0.999496,0.000504,0
0.999974,0.000026,0
0.999949,0.000051,0
0.999897,0.000103,0
0.000012,0.999988,1
0.999991,0.000009,0
0.000170,0.999830,1
0.000026,0.999974,1
0.000057,0.999943,1
0.999895,0.000105,0
0.000322,0.999678,1
0.999898,0.000102,0
0.000017,0.999983,1
0.000002,0.999998,1
0.000228,0.999772,1
0.000380,0.999620,1
0.001489,0.998511,1
0.000012,0.999988,1
0.999952,0.000048,0
0.000033,0.999967,1
0.000005,0.999995,1
0.000007,0.999993,1
0.000009,0.999991,1
0.000247,0.999753,1
0.000029,0.999971,1
0.000015,0.999985,1
0.000019,0.999981,1
0.999976,0.000024,0
0.001410,0.998590,1
0.000198,0.999802,1
0.000020,0.999980,1
0.999966,0.000034,0
0.001108,0.998892,1
0.999996,0.000004,0
0.999785,0.000215,0
0.000073,0.999927,1
0.000013,0.999987,1
0.000039,0.999961,1
0.999871,0.000129,0
0.999987,0.000013,0
0.000034,0.999966,1
0.000014,0.999986,1
0.000072,0.999928,1
0.000005,0.999995,1
0.999759,0.000241,0
0.000129,0.999871,1
0.999993,0.000007,0
0.999953,0.000047,0
0.999304,0.000696,0
0.999945,0.000055,0
0.999905,0.000095,0
0.999965,0.000035,0
0.000086,0.999914,1
0.000060,0.999940,1
0.999835,0.000165,0
0.000080,0.999920,1
0.999998,0.000002,0
0.999965,0.000035,0
0.000023,0.999977,1
0.000025,0.999975,1
0.000135,0.999865,1
0.999769,0.000231,0
0.000039,0.999961,1
0.999975,0.000025,0
0.000009,0.999991,1
0.000010,0.999990,1
0.999972,0.000028,0
0.000009,0.999991,1
0.000020,0.999980,1
0.000011,0.999989,1
0.000012,0.999988,1
0.000651,0.999349,1
0.999864,0.000136,0
0.999542,0.000458,0
0.999995,0.000005,0
0.000213,0.999787,1
0.999774,0.000226,0
0.999817,0.000183,0
0.000176,0.999824,1
0.000004,0.999996,1
0.999812,0.000188,0
0.000007,0.999993,1
0.999948,0.000052,0
0.999674,0.000326,0
0.999594,0.000406,0
0.999906,0.000094,0
0.999882,0.000118,0
0.999964,0.000036,0
0.000013,0.999987,1
0.997378,0.002622,0
0.999990,0.000010,0
0.000214,0.999786,1
0.000096,0.999904,1
0.999706,0.000294,0
0.999941,0.000059,0
0.999895,0.000105,0
0.000023,0.999977,1
0.000052,0.999948,1
0.999999,0.000001,0
0.999868,0.000132,0
0.999890,0.000110,0
0.999851,0.000149,0
0.000014,0.999986,1
0.999890,0.000110,0
0.999554,0.000446,0
0.000238,0.999762,1
0.000153,0.999847,1
0.000184,0.999816,1
0.000008,0.999992,1
0.999929,0.000071,0
0.000014,0.999986,1
0.000007,0.999993,1
0.000815,0.999185,1
0.999937,0.000063,0
0.000022,0.999978,1
0.001864,0.998136,1
0.000114,0.999886,1
0.000172,0.999828,1
0.000009,0.999991,1
0.999953,0.000047,0
0.000039,0.999961,1
0.999989,0.000011,0
0.999869,0.000131,0
0.999966,0.000034,0
0.000055,0.999945,1
0.999925,0.000075,0
0.999904,0.000096,0
0.000345,0.999655,1
0.000025,0.999975,1
0.000180,0.999820,1
0.999972,0.000028,0
0.000030,0.999970,1
0.999908,0.000092,0
0.999311,0.000689,0
0.000021,0.999979,1
0.999933,0.000067,0
0.999883,0.000117,0
0.999989,0.000011,0
0.000027,0.999973,1
0.000036,0.999964,1
0.000011,0.999989,1
0.999932,0.000068,0
0.999953,0.000047,0
0.000006,0.999994,1
0.999857,0.000143,0
0.999987,0.000013,0
0.000067,0.999933,1
0.999916,0.000084,0
0.999980,0.000020,0
0.999985,0.000015,0
0.000008,0.999992,1
0.000449,0.999551,1
0.000316,0.999684,1
0.999105,0.000895,0
0.000074,0.999926,1
0.999885,0.000115,0
0.000002,0.999998,1
0.000133,0.999867,1
0.000038,0.999962,1
0.000082,0.999918,1
0.999989,0.000011,0
0.000173,0.999827,1
0.000012,0.999988,1
0.000064,0.999936,1
0.000164,0.999836,1
0.999897,0.000103,0
0.999830,0.000170,0
0.000027,0.999973,1
0.000047,0.999953,1
0.000606,0.999394,1
0.999962,0.000038,0
0.999822,0.000178,0
0.999863,0.000137,0
0.000002,0.999998,1
0.000328,0.999672,1
0.000022,0.999978,1
0.000464,0.999536,1
0.000045,0.999955,1
0.000094,0.999906,1
0.000181,0.999819,1
0.000049,0.999951,1
0.000013,0.999987,1
0.999925,0.000075,0
0.999996,0.000004,0
0.000452,0.999548,1
0.999869,0.000131,0
0.000186,0.999814,1
0.999961,0.000039,0
0.999786,0.000214,0
0.000494,0.999506,1
0.000003,0.999997,1
0.000060,0.999940,1
0.000085,0.999915,1
0.999960,0.000040,0
0.000068,0.999932,1
0.999005,0.000995,0
0.999990,0.000010,0
0.999990,0.000010,0
0.999961,0.000039,0
0.000791,0.999209,1
0.000388,0.999612,1
0.999677,0.000323,0
0.000003,0.999997,1
0.999871,0.000129,0
0.000010,0.999990,1
0.000009,0.999991,1
0.999842,0.000158,0
0.999929,0.000071,0
0.000198,0.999802,1
0.000016,0.999984,1
0.000109,0.999891,1
0.999989,0.000011,0
0.000092,0.999908,1
0.999974,0.000026,0
0.000014,0.999986,1
0.000035,0.999965,1
0.000062,0.999938,1
0.999490,0.000510,0
0.999874,0.000126,0
0.000156,0.999844,1
0.001805,0.998195,1
0.000021,0.999979,1
0.999438,0.000562,0
0.000020,0.999980,1
0.999848,0.000152,0
0.999972,0.000028,0
0.000005,0.999995,1
0.999744,0.000256,0
0.000005,0.999995,1
0.000380,0.999620,1
0.999896,0.000104,0
0.994438,0.005562,0
0.999704,0.000296,0
0.996425,0.003575,0
0.999986,0.000014,0
0.000242,0.999758,1
0.000033,0.999967,1
0.000001,0.999999,1
0.999973,0.000027,0
0.000094,0.999906,1
0.999974,0.000026,0
0.999802,0.000198,0
0.000029,0.999971,1
0.000009,0.999991,1
0.999985,0.000015,0
0.000153,0.999847,1
0.999786,0.000214,0
0.999882,0.000118,0
0.000092,0.999908,1
0.999720,0.000280,0
0.999563,0.000437,0
0.000124,0.999876,1
0.000249,0.999751,1
0.000019,0.999981,1
0.999925,0.000075,0
0.000123,0.999877,1
0.000065,0.999935,1
0.000001,0.999999,1
0.999872,0.000128,0
0.000325,0.999675,1
0.999659,0.000341,0
0.999979,0.000021,0
0.000456,0.999544,1
0.000006,0.999994,1
0.999939,0.000061,0
0.999924,0.000076,0
0.999942,0.000058,0
0.999896,0.000104,0
0.000001,0.999999,1
0.000086,0.999914,1
0.999696,0.000304,0
0.999739,0.000261,0
0.999885,0.000115,0
0.000201,0.999799,1
0.000009,0.999991,1
0.999883,0.000117,0
0.000008,0.999992,1
0.000033,0.999967,1
0.000011,0.999989,1
0.999927,0.000073,0
0.999295,0.000705,0
0.000001,0.999999,1
0.999978,0.000022,0
0.999963,0.000037,0
0.000025,0.999975,1
0.999809,0.000191,0
0.000147,0.999853,1
0.999988,0.000012,0
0.999712,0.000288,0
0.999988,0.000012,0
0.999772,0.000228,0
0.000004,0.999996,1
0.999811,0.000189,0
0.000005,0.999995,1
0.999908,0.000092,0
0.000140,0.999860,1
0.000016,0.999984,1
0.999865,0.000135,0
0.000031,0.999969,1
0.000103,0.999897,1
0.999994,0.000006,0
0.000262,0.999738,1
0.000085,0.999915,1
0.000251,0.999749,1
0.999984,0.000016,0
0.000092,0.999908,1
0.000008,0.999992,1
0.999854,0.000146,0
0.000935,0.999065,1
0.999992,0.000008,0
0.999910,0.000090,0
0.000022,0.999978,1
0.000416,0.999584,1
0.000042,0.999958,1
0.000022,0.999978,1
0.999977,0.000023,0
0.000238,0.999762,1
0.000046,0.999954,1
0.000258,0.999742,1
0.999769,0.000231,0
0.000043,0.999957,1
0.999975,0.000025,0
0.999811,0.000189,0
0.999304,0.000696,0
0.999862,0.000138,0
0.999944,0.000056,0
0.000007,0.999993,1
0.999939,0.000061,0
0.999960,0.000040,0
0.000153,0.999847,1
0.000060,0.999940,1
0.999979,0.000021,0
0.000011,0.999989,1
0.000145,0.999855,1
0.000290,0.999710,1
0.000652,0.999348,1
0.999924,0.000076,0
0.000010,0.999990,1
0.000006,0.999994,1
0.000360,0.999640,1
0.999524,0.000476,0
0.000002,0.999998,1
0.000637,0.999363,1
0.999977,0.000023,0
0.999078,0.000922,0
0.000021,0.999979,1
0.000066,0.999934,1
0.000187,0.999813,1
0.000099,0.999901,1
0.000068,0.999932,1
0.000032,0.999968,1
0.999988,0.000012,0
0.000149,0.999851,1
0.999727,0.000273,0
0.000244,0.999756,1
0.000029,0.999971,1
0.000173,0.999827,1
0.999981,0.000019,0
0.000068,0.999932,1
0.000011,0.999989,1
0.999272,0.000728,0
0.999907,0.000093,0
0.999783,0.000217,0
0.000019,0.999981,1
0.000595,0.999405,1
0.998766,0.001234,0
0.999960,0.000040,0
0.999879,0.000121,0
0.000105,0.999895,1
0.999704,0.000296,0
0.999816,0.000184,0
0.999796,0.000204,0
0.000021,0.999979,1
0.000273,0.999727,1
0.999745,0.000255,0
0.000022,0.999978,1
0.000003,0.999997,1
0.000504,0.999496,1
0.000027,0.999973,1
0.000014,0.999986,1
0.999964,0.000036,0
0.000004,0.999996,1
0.999954,0.000046,0
0.000005,0.999995,1
0.999965,0.000035,0
0.000149,0.999851,1
0.000122,0.999878,1
0.999882,0.000118,0
0.999877,0.000123,0
0.000044,0.999956,1
0.999968,0.000032,0
0.000057,0.999943,1
0.999803,0.000197,0
0.999871,0.000129,0
0.000006,0.999994,1
0.000005,0.999995,1
0.999224,0.000776,0
0.000101,0.999899,1
0.000224,0.999776,1
0.000084,0.999916,1
0.999832,0.000168,0
0.000134,0.999866,1
0.000137,0.999863,1
0.000011,0.999989,1
0.000037,0.999963,1
0.999987,0.000013,0
0.000516,0.999484,1
0.000277,0.999723,1
0.000012,0.999988,1
0.000105,0.999895,1
0.000136,0.999864,1
0.000104,0.999896,1
0.000001,0.999999,1
0.999897,0.000103,0
0.000080,0.999920,1
0.999886,0.000114,0
0.999900,0.000100,0
0.999893,0.000107,0
0.000066,0.999934,1
0.000908,0.999092,1
0.000468,0.999532,1
0.999941,0.000059,0
0.000026,0.999974,1
0.999981,0.000019,0
0.000026,0.999974,1
0.000124,0.999876,1
0.000007,0.999993,1
0.000016,0.999984,1
0.999619,0.000381,0
0.000045,0.999955,1
0.999949,0.000051,0
0.000129,0.999871,1
0.000049,0.999951,1
0.000006,0.999994,1
0.000590,0.999410,1
0.999895,0.000105,0
0.999167,0.000833,0
0.000005,0.999995,1
0.000097,0.999903,1
0.999978,0.000022,0
0.000009,0.999991,1
0.999903,0.000097,0
0.000181,0.999819,1
0.000102,0.999898,1
0.999854,0.000146,0
0.999075,0.000925,0
0.999095,0.000905,0
0.999332,0.000668,0
0.000753,0.999247,1
0.000066,0.999934,1
0.000068,0.999932,1
0.999949,0.000051,0
0.000005,0.999995,1
0.999687,0.000313,0
0.000289,0.999711,1
0.000060,0.999940,1
0.000049,0.999951,1
0.000001,0.999999,1
0.000069,0.999931,1
0.999997,0.000003,0
0.999997,0.000003,0
0.999821,0.000179,0
0.000244,0.999756,1
0.999934,0.000066,0
0.000012,0.999988,1
0.000031,0.999969,1
0.999831,0.000169,0
0.999908,0.000092,0
0.999950,0.000050,0
0.999982,0.000018,0
0.000019,0.999981,1
0.000049,0.999951,1
0.999995,0.000005,0
0.999681,0.000319,0
0.999931,0.000069,0
0.999779,0.000221,0
0.999980,0.000020,0
0.000101,0.999899,1
0.999771,0.000229,0
0.000024,0.999976,1
0.999956,0.000044,0
0.999856,0.000144,0
0.000408,0.999592,1
0.000024,0.999976,1
0.999957,0.000043,0
0.006601,0.993399,1
0.000213,0.999787,1
0.999881,0.000119,0
0.999962,0.000038,0
0.000004,0.999996,1
0.999991,0.000009,0
0.000007,0.999993,1
0.000248,0.999752,1
0.000073,0.999927,1
0.000424,0.999576,1
0.000027,0.999973,1
0.000046,0.999954,1
0.999632,0.000368,0
0.999669,0.000331,0
0.000008,0.999992,1
0.000003,0.999997,1
0.001005,0.998995,1
0.999987,0.000013,0
0.000016,0.999984,1
0.000306,0.999694,1
0.999978,0.000022,0
0.999911,0.000089,0
0.999830,0.000170,0
0.999712,0.000288,0
0.999976,0.000024,0
0.000035,0.999965,1
0.999976,0.000024,0
0.000010,0.999990,1
0.999983,0.000017,0
0.999976,0.000024,0
0.999889,0.000111,0
0.999975,0.000025,0
0.999966,0.000034,0
0.000008,0.999992,1
0.999112,0.000888,0
0.999933,0.000067,0
0.000003,0.999997,1
0.999957,0.000043,0
0.000170,0.999830,1
0.000085,0.999915,1
0.999836,0.000164,0
0.999351,0.000649,0
0.000133,0.999867,1
0.000085,0.999915,1
0.999903,0.000097,0
0.999856,0.000144,0
0.999576,0.000424,0
0.999971,0.000029,0
0.000016,0.999984,1
0.000093,0.999907,1
0.999740,0.000260,0
0.999985,0.000015,0
0.000035,0.999965,1
0.999593,0.000407,0
0.999988,0.000012,0
0.999961,0.000039,0
0.999967,0.000033,0
0.000003,0.999997,1
0.000271,0.999729,1
0.999979,0.000021,0
0.000462,0.999538,1
0.999902,0.000098,0
0.000072,0.999928,1
0.002302,0.997698,1
0.000088,0.999912,1
0.000225,0.999775,1
0.999982,0.000018,0
0.999928,0.000072,0
0.999908,0.000092,0
0.999872,0.000128,0
0.999865,0.000135,0
0.000007,0.999993,1
0.999965,0.000035,0
0.999903,0.000097,0
0.000066,0.999934,1
0.000004,0.999996,1
0.999616,0.000384,0
0.999971,0.000029,0
0.000152,0.999848,1
0.000053,0.999947,1
0.999614,0.000386,0
0.999693,0.000307,0
0.000066,0.999934,1
0.000048,0.999952,1
0.000011,0.999989,1
0.999956,0.000044,0
0.999901,0.000099,0
0.000077,0.999923,1
0.000067,0.999933,1
0.000110,0.999890,1
0.999991,0.000009,0
0.000060,0.999940,1
0.000113,0.999887,1
0.000059,0.999941,1
0.999979,0.000021,0
0.000009,0.999991,1
0.959249,0.040751,0
0.999871,0.000129,0
0.000298,0.999702,1
0.000005,0.999995,1
0.999977,0.000023,0
0.999917,0.000083,0
0.999964,0.000036,0
0.999718,0.000282,0
0.000007,0.999993,1
0.999935,0.000065,0
0.000372,0.999628,1
0.999826,0.000174,0
0.000084,0.999916,1
0.000009,0.999991,1
0.000088,0.999912,1
0.000186,0.999814,1
0.999939,0.000061,0
0.999985,0.000015,0
0.999897,0.000103,0
0.999840,0.000160,0
0.000002,0.999998,1
0.000012,0.999988,1
0.000012,0.999988,1
0.000012,0.999988,1
0.000031,0.999969,1
0.999977,0.000023,0
0.000045,0.999955,1
0.999490,0.000510,0
0.999844,0.000156,0
0.999979,0.000021,0
0.000184,0.999816,1
0.999920,0.000080,0
0.000031,0.999969,1
0.999965,0.000035,0
0.999705,0.000295,0
0.000143,0.999857,1
0.000118,0.999882,1
0.000256,0.999744,1
0.000157,0.999843,1
0.000055,0.999945,1
0.999929,0.000071,0
0.999971,0.000029,0
0.999988,0.000012,0
0.000075,0.999925,1
0.999690,0.000310,0
0.000250,0.999750,1
0.000039,0.999961,1
0.999574,0.000426,0
0.999948,0.000052,0
0.000113,0.999887,1
0.000004,0.999996,1
0.999963,0.000037,0
0.000007,0.999993,1
0.999909,0.000091,0
0.999902,0.000098,0
0.000467,0.999533,1
0.999975,0.000025,0
0.000041,0.999959,1
0.000036,0.999964,1
0.999984,0.000016,0
0.000096,0.999904,1
0.999880,0.000120,0
0.000301,0.999699,1
0.000102,0.999898,1
0.999952,0.000048,0
0.999983,0.000017,0
0.999840,0.000160,0
0.999930,0.000070,0
0.000095,0.999905,1
0.000018,0.999982,1
0.998302,0.001698,0
0.002021,0.997979,1
0.000354,0.999646,1
0.000002,0.999998,1
0.999721,0.000279,0
0.998113,0.001887,0
0.000011,0.999989,1
0.000271,0.999729,1
0.000274,0.999726,1
0.999866,0.000134,0
0.000016,0.999984,1
0.000073,0.999927,1
0.000039,0.999961,1
0.999994,0.000006,0
0.999796,0.000204,0
0.999934,0.000066,0
0.999967,0.000033,0
0.000160,0.999840,1
0.999390,0.000610,0
0.000923,0.999077,1
0.000059,0.999941,1
0.999734,0.000266,0
0.999967,0.000033,0
0.999872,0.000128,0
0.000047,0.999953,1
0.000010,0.999990,1
0.999974,0.000026,0
0.999756,0.000244,0
0.999962,0.000038,0
0.000137,0.999863,1
0.000116,0.999884,1
0.000003,0.999997,1
0.000004,0.999996,1
0.999667,0.000333,0
0.000033,0.999967,1
0.000054,0.999946,1
0.999883,0.000117,0
0.999034,0.000966,0
0.999932,0.000068,0
0.000054,0.999946,1
0.999678,0.000322,0
0.000198,0.999802,1
0.000244,0.999756,1
0.996445,0.003555,0
0.999970,0.000030,0
0.999878,0.000122,0
0.000751,0.999249,1
0.999554,0.000446,0
0.000022,0.999978,1
0.000002,0.999998,1
0.000046,0.999954,1
0.999998,0.000002,0
0.000011,0.999989,1
0.000037,0.999963,1
0.000487,0.999513,1
0.000008,0.999992,1
0.000064,0.999936,1
0.999889,0.000111,0
0.999973,0.000027,0
0.000312,0.999688,1
0.999902,0.000098,0
0.000009,0.999991,1
0.999974,0.000026,0
0.999674,0.000326,0
0.999957,0.000043,0
0.000012,0.999988,1
0.000287,0.999713,1
0.000070,0.999930,1
0.999702,0.000298,0
0.999998,0.000002,0
0.000057,0.999943,1
0.999986,0.000014,0
0.999994,0.000006,0
0.999897,0.000103,0
0.999833,0.000167,0
0.999950,0.000050,0
0.999610,0.000390,0
0.000009,0.999991,1
0.997288,0.002712,0
0.999665,0.000335,0
0.000002,0.999998,1
0.000078,0.999922,1
0.000129,0.999871,1
0.000232,0.999768,1
0.000074,0.999926,1
0.999916,0.000084,0
0.999822,0.000178,0
0.000018,0.999982,1
0.999904,0.000096,0
0.000049,0.999951,1
0.999844,0.000156,0
0.999466,0.000534,0
0.999961,0.000039,0
0.000249,0.999751,1
0.000042,0.999958,1
0.000186,0.999814,1
0.999925,0.000075,0
0.999973,0.000027,0
0.999949,0.000051,0
0.000351,0.999649,1
0.000023,0.999977,1
0.000043,0.999957,1
0.999858,0.000142,0
0.999974,0.000026,0
0.999934,0.000066,0
0.000153,0.999847,1
0.000919,0.999081,1
0.000028,0.999972,1
0.000008,0.999992,1
0.950995,0.049005,0
0.000026,0.999974,1
0.000033,0.999967,1
0.000042,0.999958,1
0.999964,0.000036,0
0.000188,0.999812,1
0.000117,0.999883,1
0.000029,0.999971,1
0.999982,0.000018,0
0.999879,0.000121,0
0.998810,0.001190,0
0.999875,0.000125,0
0.000293,0.999707,1
0.000130,0.999870,1
0.000004,0.999996,1
0.998910,0.001090,0
0.999684,0.000316,0
0.999731,0.000269,0
0.000112,0.999888,1
0.999954,0.000046,0
0.999876,0.000124,0
0.999924,0.000076,0
0.004009,0.995991,1
0.000038,0.999962,1
0.999779,0.000221,0
0.000140,0.999860,1
0.000075,0.999925,1
0.999323,0.000677,0
0.999910,0.000090,0
0.000038,0.999962,1
0.000097,0.999903,1
0.999916,0.000084,0
0.000422,0.999578,1
0.000172,0.999828,1
0.000015,0.999985,1
0.999818,0.000182,0
0.999948,0.000052,0
0.001119,0.998881,1
0.000621,0.999379,1
0.999971,0.000029,0
0.001338,0.998662,1
0.999903,0.000097,0
0.000214,0.999786,1
0.000085,0.999915,1
0.000035,0.999965,1
0.999722,0.000278,0
0.999907,0.000093,0
0.999841,0.000159,0
0.999944,0.000056,0
0.000159,0.999841,1
0.000016,0.999984,1
0.999968,0.000032,0
0.000014,0.999986,1
0.000058,0.999942,1
0.999693,0.000307,0
0.000293,0.999707,1
0.000038,0.999962,1
0.000089,0.999911,1
0.999972,0.000028,0
0.999937,0.000063,0
0.000297,0.999703,1
0.999892,0.000108,0
0.999989,0.000011,0
0.999154,0.000846,0
0.999732,0.000268,0
0.999673,0.000327,0
0.999961,0.000039,0
0.000027,0.999973,1
0.000134,0.999866,1
0.000127,0.999873,1
0.999973,0.000027,0
0.999988,0.000012,0
0.003385,0.996615,1
0.999724,0.000276,0
0.000397,0.999603,1
0.000043,0.999957,1
0.999900,0.000100,0
0.000037,0.999963,1
0.999983,0.000017,0
0.999886,0.000114,0
0.000063,0.999937,1
0.000068,0.999932,1
0.999613,0.000387,0
0.000038,0.999962,1
0.000080,0.999920,1
0.000022,0.999978,1
0.999958,0.000042,0
0.000175,0.999825,1
0.999953,0.000047,0
0.999943,0.000057,0
0.000005,0.999995,1
0.999527,0.000473,0
0.999952,0.000048,0
0.999938,0.000062,0
0.997777,0.002223,0
0.000003,0.999997,1
0.999884,0.000116,0
0.000194,0.999806,1
0.999988,0.000012,0
0.000050,0.999950,1
0.999985,0.000015,0
0.000018,0.999982,1
0.000086,0.999914,1
0.999886,0.000114,0
0.999883,0.000117,0
0.000065,0.999935,1
0.000186,0.999814,1
0.999980,0.000020,0
0.999995,0.000005,0
0.000097,0.999903,1
0.999996,0.000004,0
0.999820,0.000180,0
0.000229,0.999771,1
0.000162,0.999838,1
0.000013,0.999987,1
0.999998,0.000002,0
0.000004,0.999996,1
0.000029,0.999971,1
0.999991,0.000009,0
0.000081,0.999919,1
0.000009,0.999991,1
0.000084,0.999916,1
0.000105,0.999895,1
0.000044,0.999956,1
0.999733,0.000267,0
0.999908,0.000092,0
0.998797,0.001203,0
0.000306,0.999694,1
0.999839,0.000161,0
0.000001,0.999999,1
0.999842,0.000158,0
0.000202,0.999798,1
0.000463,0.999537,1
0.999964,0.000036,0
0.999984,0.000016,0
0.000009,0.999991,1
0.999948,0.000052,0
0.999968,0.000032,0
0.000006,0.999994,1
0.000016,0.999984,1
0.000016,0.999984,1
0.999838,0.000162,0
0.999154,0.000846,0
0.000153,0.999847,1
0.999806,0.000194,0
0.998367,0.001633,0
0.999989,0.000011,0
0.999987,0.000013,0
0.999846,0.000154,0
0.999815,0.000185,0
0.000010,0.999990,1
0.999944,0.000056,0
0.999772,0.000228,0
0.000094,0.999906,1
0.999467,0.000533,0
0.999985,0.000015,0
0.000142,0.999858,1
0.000164,0.999836,1
0.999991,0.000009,0
0.000034,0.999966,1
0.000199,0.999801,1
0.000125,0.999875,1
0.999970,0.000030,0
0.999986,0.000014,0
0.000711,0.999289,1
0.999821,0.000179,0
0.000055,0.999945,1
0.999943,0.000057,0
0.000182,0.999818,1
0.999896,0.000104,0
0.999962,0.000038,0
0.999943,0.000057,0
0.000029,0.999971,1
0.000065,0.999935,1
0.000160,0.999840,1
0.999985,0.000015,0
0.999664,0.000336,0
0.000054,0.999946,1
0.000002,0.999998,1
0.000055,0.999945,1
0.000003,0.999997,1
0.000007,0.999993,1
0.999989,0.000011,0
0.000034,0.999966,1
0.000168,0.999832,1
0.999974,0.000026,0
0.999956,0.000044,0
0.999856,0.000144,0
0.001600,0.998400,1
0.000377,0.999623,1
0.999393,0.000607,0
0.000584,0.999416,1
0.999968,0.000032,0
0.998815,0.001185,0
0.000006,0.999994,1
0.999979,0.000021,0
0.000136,0.999864,1
0.996268,0.003732,0
0.000008,0.999992,1
0.000000,1.000000,1
0.999788,0.000212,0
0.000038,0.999962,1
0.000076,0.999924,1
0.999724,0.000276,0
0.999755,0.000245,0
0.000016,0.999984,1
0.999778,0.000222,0
0.000058,0.999942,1
0.999994,0.000006,0
0.000028,0.999972,1
0.000067,0.999933,1
0.000022,0.999978,1
0.999147,0.000853,0
0.000199,0.999801,1
0.999699,0.000301,0
0.999962,0.000038,0
0.999724,0.000276,0
0.999877,0.000123,0
0.000003,0.999997,1
0.000028,0.999972,1
0.999841,0.000159,0
0.999955,0.000045,0
0.999825,0.000175,0
0.000077,0.999923,1
0.002004,0.997996,1
0.000075,0.999925,1
0.000104,0.999896,1
0.000016,0.999984,1
0.000033,0.999967,1
0.999924,0.000076,0
0.000461,0.999539,1
0.999099,0.000901,0
0.000010,0.999990,1
0.000010,0.999990,1
0.000021,0.999979,1
0.000060,0.999940,1
0.999922,0.000078,0
0.000010,0.999990,1
0.000723,0.999277,1
0.999859,0.000141,0
0.999805,0.000195,0
0.000068,0.999932,1
0.000704,0.999296,1
0.000242,0.999758,1
0.000199,0.999801,1
0.999992,0.000008,0
0.999819,0.000181,0
0.000135,0.999865,1
0.999933,0.000067,0
0.999986,0.000014,0
0.999844,0.000156,0
0.999843,0.000157,0
0.000030,0.999970,1
0.000073,0.999927,1
0.000118,0.999882,1
0.999939,0.000061,0
0.000142,0.999858,1
0.999975,0.000025,0
0.000014,0.999986,1
0.000010,0.999990,1
0.999883,0.000117,0
0.000008,0.999992,1
0.000331,0.999669,1
0.000429,0.999571,1
0.000001,0.999999,1
0.000013,0.999987,1
0.000127,0.999873,1
0.000082,0.999918,1
0.999928,0.000072,0
0.999964,0.000036,0
0.999972,0.000028,0
0.999958,0.000042,0
0.000003,0.999997,1
0.000035,0.999965,1
0.000227,0.999773,1
0.999931,0.000069,0
0.000023,0.999977,1
0.000124,0.999876,1
0.999996,0.000004,0
0.999973,0.000027,0
0.999908,0.000092,0
0.000083,0.999917,1
0.000045,0.999955,1
0.999883,0.000117,0
0.999411,0.000589,0
0.000278,0.999722,1
0.000000,1.000000,1
0.999665,0.000335,0
0.999844,0.000156,0
0.999979,0.000021,0
0.000073,0.999927,1
0.999364,0.000636,0
0.000126,0.999874,1
0.000291,0.999709,1
0.999839,0.000161,0
0.000020,0.999980,1
0.000052,0.999948,1
0.999772,0.000228,0
0.998879,0.001121,0
0.999986,0.000014,0
0.000038,0.999962,1
0.999966,0.000034,0
0.999773,0.000227,0
0.000144,0.999856,1
0.000037,0.999963,1
0.999944,0.000056,0
0.999875,0.000125,0
0.999986,0.000014,0
0.999821,0.000179,0
0.000010,0.999990,1
0.999962,0.000038,0
0.999372,0.000628,0
0.999902,0.000098,0
0.000002,0.999998,1
0.000007,0.999993,1
0.999780,0.000220,0
0.000899,0.999101,1
0.000034,0.999966,1
0.000011,0.999989,1
0.999748,0.000252,0
0.000122,0.999878,1
0.999792,0.000208,0
0.000028,0.999972,1
0.999957,0.000043,0
0.000394,0.999606,1
0.999892,0.000108,0
0.000018,0.999982,1
0.000138,0.999862,1
0.999892,0.000108,0
0.000283,0.999717,1
0.000409,0.999591,1
0.000075,0.999925,1
0.000010,0.999990,1
0.000011,0.999989,1
0.000027,0.999973,1
0.000023,0.999977,1
0.999811,0.000189,0
0.999988,0.000012,0
0.000065,0.999935,1
0.999927,0.000073,0
0.000835,0.999165,1
0.000041,0.999959,1
0.999774,0.000226,0
0.000051,0.999949,1
0.999038,0.000962,0
0.000007,0.999993,1
0.996539,0.003461,0
0.999980,0.000020,0
0.999673,0.000327,0
0.000044,0.999956,1
0.000031,0.999969,1
0.000216,0.999784,1
0.999611,0.000389,0
0.999711,0.000289,0
0.999898,0.000102,0
0.000011,0.999989,1
0.001110,0.998890,1
0.999890,0.000110,0
0.999904,0.000096,0
0.999957,0.000043,0
0.000024,0.999976,1
0.999904,0.000096,0
0.000251,0.999749,1
0.000011,0.999989,1
0.999983,0.000017,0
0.999943,0.000057,0
0.000002,0.999998,1
0.000068,0.999932,1
0.999847,0.000153,0
0.000013,0.999987,1
0.000016,0.999984,1
0.000140,0.999860,1
0.999846,0.000154,0
0.000158,0.999842,1
0.000132,0.999868,1
0.000012,0.999988,1
0.999766,0.000234,0
0.000022,0.999978,1
0.000054,0.999946,1
0.000008,0.999992,1
0.000433,0.999567,1
0.000020,0.999980,1
0.999954,0.000046,0
0.000026,0.999974,1
0.999755,0.000245,0
0.999826,0.000174,0
0.000009,0.999991,1
0.000059,0.999941,1
0.000052,0.999948,1
0.999731,0.000269,0
0.999982,0.000018,0
0.999171,0.000829,0
0.999263,0.000737,0
0.000162,0.999838,1
0.000179,0.999821,1
0.999801,0.000199,0
0.000009,0.999991,1
0.000947,0.999053,1
0.000152,0.999848,1
0.000009,0.999991,1
0.000134,0.999866,1
0.153087,0.846913,1
0.999731,0.000269,0
0.000062,0.999938,1
0.000387,0.999613,1
0.999752,0.000248,0
0.999764,0.000236,0
0.999765,0.000235,0
0.000104,0.999896,1
0.999828,0.000172,0
0.000081,0.999919,1
0.000110,0.999890,1
0.999874,0.000126,0
0.000200,0.999800,1
0.999875,0.000125,0
0.000011,0.999989,1
0.000070,0.999930,1
0.000034,0.999966,1
0.000162,0.999838,1
0.000101,0.999899,1
0.999913,0.000087,0
0.000164,0.999836,1
0.999154,0.000846,0
0.999924,0.000076,0
0.999988,0.000012,0
0.000096,0.999904,1
0.000570,0.999430,1
0.000109,0.999891,1
0.000173,0.999827,1
0.000147,0.999853,1
0.000018,0.999982,1
0.000060,0.999940,1
0.999742,0.000258,0
0.000028,0.999972,1
0.000001,0.999999,1
0.000016,0.999984,1
0.000158,0.999842,1
0.999992,0.000008,0
0.000052,0.999948,1
0.000052,0.999948,1
0.999975,0.000025,0
0.000801,0.999199,1
0.999602,0.000398,0
0.999872,0.000128,0
0.001924,0.998076,1
0.000021,0.999979,1
0.999992,0.000008,0
0.999222,0.000778,0
0.999900,0.000100,0
0.000332,0.999668,1
0.999917,0.000083,0
0.000270,0.999730,1
0.999541,0.000459,0
0.000063,0.999937,1
0.000036,0.999964,1
0.000433,0.999567,1
0.000042,0.999958,1
0.999961,0.000039,0
0.000122,0.999878,1
0.000055,0.999945,1
0.000027,0.999973,1
0.000008,0.999992,1
0.000054,0.999946,1
0.000125,0.999875,1
0.000425,0.999575,1
0.999982,0.000018,0
0.000005,0.999995,1
0.000021,0.999979,1
0.000051,0.999949,1
0.999836,0.000164,0
0.000165,0.999835,1
0.999974,0.000026,0
0.000001,0.999999,1
0.999962,0.000038,0
0.000052,0.999948,1
0.999996,0.000004,0
0.000170,0.999830,1
0.999905,0.000095,0
0.999877,0.000123,0
0.000019,0.999981,1
0.000018,0.999982,1
0.999905,0.000095,0
0.999991,0.000009,0
0.000004,0.999996,1
0.999955,0.000045,0
0.999990,0.000010,0
0.000025,0.999975,1
0.000003,0.999997,1
0.999952,0.000048,0
0.000089,0.999911,1
0.999926,0.000074,0
0.000039,0.999961,1
0.999943,0.000057,0
0.000006,0.999994,1
0.000038,0.999962,1
0.000390,0.999610,1
0.000138,0.999862,1
0.000006,0.999994,1
0.000021,0.999979,1
0.000192,0.999808,1
0.999800,0.000200,0
0.000134,0.999866,1
0.999953,0.000047,0
0.999959,0.000041,0
0.000004,0.999996,1
0.000015,0.999985,1
0.999918,0.000082,0
0.999867,0.000133,0
0.000026,0.999974,1
0.000059,0.999941,1
0.000040,0.999960,1
0.999830,0.000170,0
0.000025,0.999975,1
0.999988,0.000012,0
0.001036,0.998964,1
0.996393,0.003607,0
0.000172,0.999828,1
0.000028,0.999972,1
0.999727,0.000273,0
0.999473,0.000527,0
0.000453,0.999547,1
0.999797,0.000203,0
0.999832,0.000168,0
0.000279,0.999721,1
0.000070,0.999930,1
0.000090,0.999910,1
0.999998,0.000002,0
0.000617,0.999383,1
0.999228,0.000772,0
0.999858,0.000142,0
0.000031,0.999969,1
0.000223,0.999777,1
0.000241,0.999759,1
0.000072,0.999928,1
0.000311,0.999689,1
0.000085,0.999915,1
0.000078,0.999922,1
0.000020,0.999980,1
0.000032,0.999968,1
0.999384,0.000616,0
0.999843,0.000157,0
0.000260,0.999740,1
0.999822,0.000178,0
0.999997,0.000003,0
0.999822,0.000178,0
0.000004,0.999996,1
0.000111,0.999889,1
0.000075,0.999925,1
0.000075,0.999925,1
0.000015,0.999985,1
0.000102,0.999898,1
0.000318,0.999682,1
0.000009,0.999991,1
0.999892,0.000108,0
0.000011,0.999989,1
0.000354,0.999646,1
0.000197,0.999803,1
0.999709,0.000291,0
0.999203,0.000797,0
0.000931,0.999069,1
0.000013,0.999987,1
0.000553,0.999447,1
0.000021,0.999979,1
0.000056,0.999944,1
0.000028,0.999972,1
0.000021,0.999979,1
0.000100,0.999900,1
0.000001,0.999999,1
0.000175,0.999825,1
0.999941,0.000059,0
0.000115,0.999885,1
0.000035,0.999965,1
0.000001,0.999999,1
0.000165,0.999835,1
0.999974,0.000026,0
0.999799,0.000201,0
0.999296,0.000704,0
0.000002,0.999998,1
0.000025,0.999975,1
0.000003,0.999997,1
0.999585,0.000415,0
0.000222,0.999778,1
0.000430,0.999570,1
0.999910,0.000090,0
0.000028,0.999972,1
0.000027,0.999973,1
0.000058,0.999942,1
0.999903,0.000097,0
0.998689,0.001311,0
0.000006,0.999994,1
0.000021,0.999979,1
0.000868,0.999132,1
0.999992,0.000008,0
0.999844,0.000156,0
0.000038,0.999962,1
0.000095,0.999905,1
0.000002,0.999998,1
0.999920,0.000080,0
0.999946,0.000054,0
0.999988,0.000012,0
0.999874,0.000126,0
0.999751,0.000249,0
0.999794,0.000206,0
0.000059,0.999941,1
0.000189,0.999811,1
0.999930,0.000070,0
0.000002,0.999998,1
0.999966,0.000034,0
0.000050,0.999950,1
0.000007,0.999993,1
0.000035,0.999965,1
0.999788,0.000212,0
0.000214,0.999786,1
0.999994,0.000006,0
0.999987,0.000013,0
0.999762,0.000238,0
0.999979,0.000021,0
0.000699,0.999301,1
0.000095,0.999905,1
0.000512,0.999488,1
0.999433,0.000567,0
0.999976,0.000024,0
0.999974,0.000026,0
0.000038,0.999962,1
0.000151,0.999849,1
0.999934,0.000066,0
0.000100,0.999900,1
0.000011,0.999989,1
0.999952,0.000048,0
0.999939,0.000061,0
0.999900,0.000100,0
0.000074,0.999926,1
0.000058,0.999942,1
0.999633,0.000367,0
0.999644,0.000356,0
0.000014,0.999986,1
0.002332,0.997668,1
0.000041,0.999959,1
0.999991,0.000009,0
0.999988,0.000012,0
0.000013,0.999987,1
0.000082,0.999918,1
0.999966,0.000034,0
0.999976,0.000024,0
0.000013,0.999987,1
0.999819,0.000181,0
0.000096,0.999904,1
0.000007,0.999993,1
0.000407,0.999593,1
0.000052,0.999948,1
0.000003,0.999997,1
0.999974,0.000026,0
0.000613,0.999387,1
0.000360,0.999640,1
0.000216,0.999784,1
0.999979,0.000021,0
0.999968,0.000032,0
0.000233,0.999767,1
0.999962,0.000038,0
0.000368,0.999632,1
0.000290,0.999710,1
0.000005,0.999995,1
0.000053,0.999947,1
0.000044,0.999956,1
0.999920,0.000080,0
0.000046,0.999954,1
0.000004,0.999996,1
0.000005,0.999995,1
0.999990,0.000010,0
0.999950,0.000050,0
0.000011,0.999989,1
0.000008,0.999992,1
0.000705,0.999295,1
0.997161,0.002839,0
0.000009,0.999991,1
0.000035,0.999965,1
0.000113,0.999887,1
0.000019,0.999981,1
0.999907,0.000093,0
0.000072,0.999928,1
0.000062,0.999938,1
0.999931,0.000069,0
0.000010,0.999990,1
0.999897,0.000103,0
0.000676,0.999324,1
0.000037,0.999963,1
0.000023,0.999977,1
0.999973,0.000027,0
0.999987,0.000013,0
0.000417,0.999583,1
0.999973,0.000027,0
0.999987,0.000013,0
0.999642,0.000358,0
0.000010,0.999990,1
0.000246,0.999754,1
0.000354,0.999646,1
0.000055,0.999945,1
0.994684,0.005316,0
0.000278,0.999722,1
0.999918,0.000082,0
0.000033,0.999967,1
0.000033,0.999967,1
0.000020,0.999980,1
0.000042,0.999958,1
0.000787,0.999213,1
0.000235,0.999765,1
0.999935,0.000065,0
0.999975,0.000025,0
0.000014,0.999986,1
0.000124,0.999876,1
0.999915,0.000085,0
0.000019,0.999981,1
0.999746,0.000254,0
0.000112,0.999888,1
0.000244,0.999756,1
0.999781,0.000219,0
0.999995,0.000005,0
0.000227,0.999773,1
0.999995,0.000005,0
0.000045,0.999955,1
0.998487,0.001513,0
0.999939,0.000061,0
0.999911,0.000089,0
0.000021,0.999979,1
0.000007,0.999993,1
0.999912,0.000088,0
0.000043,0.999957,1
0.999930,0.000070,0
0.000055,0.999945,1
0.999883,0.000117,0
0.999780,0.000220,0
0.000069,0.999931,1
0.000037,0.999963,1
0.000095,0.999905,1
0.999991,0.000009,0
0.000080,0.999920,1
0.999985,0.000015,0
0.000129,0.999871,1
0.999824,0.000176,0
0.999976,0.000024,0
0.000057,0.999943,1
0.000006,0.999994,1
0.999920,0.000080,0
0.999929,0.000071,0
0.000428,0.999572,1
0.999908,0.000092,0
0.000246,0.999754,1
0.000150,0.999850,1
0.000108,0.999892,1
0.000166,0.999834,1
0.999972,0.000028,0
0.999954,0.000046,0
0.000237,0.999763,1
0.000000,1.000000,1
0.000078,0.999922,1
0.000012,0.999988,1
0.000151,0.999849,1
0.000298,0.999702,1
0.000171,0.999829,1
0.000053,0.999947,1
0.000038,0.999962,1
0.000035,0.999965,1
0.000003,0.999997,1
0.000999,0.999001,1
0.000043,0.999957,1
0.000196,0.999804,1
0.000023,0.999977,1
0.000009,0.999991,1
0.998780,0.001220,0
0.000040,0.999960,1
0.000146,0.999854,1
0.000047,0.999953,1
0.000022,0.999978,1
0.999927,0.000073,0
0.999585,0.000415,0
0.000009,0.999991,1
0.000114,0.999886,1
0.999819,0.000181,0
0.000046,0.999954,1
0.000024,0.999976,1
0.000124,0.999876,1
0.000020,0.999980,1
0.999907,0.000093,0
0.000074,0.999926,1
0.000048,0.999952,1
0.999800,0.000200,0
0.000006,0.999994,1
0.000103,0.999897,1
0.000003,0.999997,1
0.000025,0.999975,1
0.999918,0.000082,0
0.000078,0.999922,1
0.000140,0.999860,1
0.999956,0.000044,0
0.999778,0.000222,0
0.999737,0.000263,0
0.000012,0.999988,1
0.000244,0.999756,1
0.999339,0.000661,0
0.999967,0.000033,0
0.000112,0.999888,1
0.999958,0.000042,0
0.999818,0.000182,0
0.999905,0.000095,0
0.000028,0.999972,1
0.999987,0.000013,0
0.000060,0.999940,1
0.999768,0.000232,0
0.999921,0.000079,0
0.000149,0.999851,1
0.999988,0.000012,0
0.999881,0.000119,0
0.000115,0.999885,1
0.999992,0.000008,0
0.000011,0.999989,1
0.999945,0.000055,0
0.999993,0.000007,0
0.999934,0.000066,0
0.000024,0.999976,1
0.000090,0.999910,1
0.000123,0.999877,1
0.000043,0.999957,1
0.000020,0.999980,1
0.000072,0.999928,1
0.000201,0.999799,1
0.000312,0.999688,1
0.999953,0.000047,0
0.999263,0.000737,0
0.000005,0.999995,1
0.000161,0.999839,1
0.998812,0.001188,0
0.999898,0.000102,0
0.000357,0.999643,1
0.999907,0.000093,0
0.999915,0.000085,0
0.999964,0.000036,0
0.000282,0.999718,1
0.000043,0.999957,1
0.000030,0.999970,1
0.000009,0.999991,1
0.999895,0.000105,0
0.999980,0.000020,0
0.000522,0.999478,1
0.999669,0.000331,0
0.000059,0.999941,1
0.999975,0.000025,0
0.000095,0.999905,1
0.000043,0.999957,1
0.999678,0.000322,0
0.999976,0.000024,0
0.000005,0.999995,1
0.999969,0.000031,0
0.999983,0.000017,0
0.000070,0.999930,1
0.999985,0.000015,0
0.000197,0.999803,1
0.999364,0.000636,0
0.999997,0.000003,0
0.000735,0.999265,1
0.000158,0.999842,1
0.000362,0.999638,1
0.000036,0.999964,1
0.000120,0.999880,1
0.000100,0.999900,1
0.000019,0.999981,1
0.000196,0.999804,1
0.999988,0.000012,0
0.999964,0.000036,0
0.000240,0.999760,1
0.999974,0.000026,0
0.000065,0.999935,1
0.999970,0.000030,0
0.999924,0.000076,0
0.999877,0.000123,0
0.000038,0.999962,1
0.999122,0.000878,0
0.999995,0.000005,0
0.000043,0.999957,1
0.000017,0.999983,1
0.000111,0.999889,1
0.000092,0.999908,1
0.000026,0.999974,1
0.000852,0.999148,1
0.999989,0.000011,0
0.999844,0.000156,0
0.000002,0.999998,1
0.999460,0.000540,0
0.000062,0.999938,1
0.000063,0.999937,1
0.000176,0.999824,1
0.000002,0.999998,1
0.003218,0.996782,1
0.000010,0.999990,1
0.000007,0.999993,1
0.000003,0.999997,1
0.000375,0.999625,1
0.000134,0.999866,1
0.000003,0.999997,1
0.999327,0.000673,0
0.999896,0.000104,0
0.999992,0.000008,0
0.000014,0.999986,1
0.999530,0.000470,0
0.999868,0.000132,0
0.000131,0.999869,1
0.999989,0.000011,0
0.998197,0.001803,0
0.999768,0.000232,0
0.999975,0.000025,0
0.000811,0.999189,1
0.998878,0.001122,0
0.000124,0.999876,1
0.999962,0.000038,0
0.999513,0.000487,0
0.999782,0.000218,0
0.000168,0.999832,1
0.999939,0.000061,0
0.000006,0.999994,1
0.999952,0.000048,0
0.998877,0.001123,0
0.999881,0.000119,0
0.000028,0.999972,1
0.000048,0.999952,1
0.999967,0.000033,0
0.999922,0.000078,0
0.999442,0.000558,0
0.000127,0.999873,1
0.000210,0.999790,1
0.999867,0.000133,0
0.999979,0.000021,0
0.000077,0.999923,1
0.000195,0.999805,1
0.004218,0.995782,1
0.999717,0.000283,0
0.999446,0.000554,0
0.000258,0.999742,1
0.000197,0.999803,1
0.999978,0.000022,0
0.000010,0.999990,1
0.000002,0.999998,1
0.000051,0.999949,1
0.999841,0.000159,0
0.000036,0.999964,1
0.000038,0.999962,1
0.000010,0.999990,1
0.000102,0.999898,1
0.000218,0.999782,1
0.000172,0.999828,1
0.999812,0.000188,0
0.999874,0.000126,0
0.000197,0.999803,1
0.000089,0.999911,1
0.999874,0.000126,0
0.999588,0.000412,0
0.000033,0.999967,1
0.999910,0.000090,0
0.999544,0.000456,0
0.999965,0.000035,0
0.000537,0.999463,1
0.999858,0.000142,0
0.999967,0.000033,0
0.000009,0.999991,1
0.000130,0.999870,1
0.000005,0.999995,1
0.000023,0.999977,1
0.000017,0.999983,1
0.000020,0.999980,1
0.000015,0.999985,1
0.000292,0.999708,1
0.999775,0.000225,0
0.000094,0.999906,1
0.000007,0.999993,1
0.000067,0.999933,1
0.999993,0.000007,0
0.999930,0.000070,0
0.000003,0.999997,1
0.000017,0.999983,1
0.999848,0.000152,0
0.999864,0.000136,0
0.000037,0.999963,1
0.999726,0.000274,0
0.999899,0.000101,0
0.999950,0.000050,0
0.999837,0.000163,0
0.999851,0.000149,0
0.999697,0.000303,0
0.000146,0.999854,1
0.999894,0.000106,0
0.999904,0.000096,0
0.000021,0.999979,1
0.000010,0.999990,1
0.000002,0.999998,1
0.999641,0.000359,0
0.000009,0.999991,1
0.000009,0.999991,1
0.000041,0.999959,1
0.000806,0.999194,1
0.999714,0.000286,0
0.000009,0.999991,1
0.000111,0.999889,1
0.000590,0.999410,1
0.999963,0.000037,0
0.000141,0.999859,1
0.999826,0.000174,0
0.000354,0.999646,1
0.999940,0.000060,0
0.000196,0.999804,1
0.999380,0.000620,0
0.999897,0.000103,0
0.999834,0.000166,0
0.000179,0.999821,1
0.999629,0.000371,0
0.999981,0.000019,0
0.999981,0.000019,0
0.000323,0.999677,1
0.000012,0.999988,1
0.000240,0.999760,1
0.000035,0.999965,1
0.000005,0.999995,1
0.994668,0.005332,0
0.999998,0.000002,0
0.000035,0.999965,1
0.999983,0.000017,0
0.001391,0.998609,1
0.000035,0.999965,1
0.000018,0.999982,1
0.000102,0.999898,1
0.000391,0.999609,1
0.000590,0.999410,1
0.999781,0.000219,0
0.999890,0.000110,0
0.000266,0.999734,1
0.999991,0.000009,0
0.999990,0.000010,0
0.999443,0.000557,0
0.000366,0.999634,1
0.999951,0.000049,0
0.000008,0.999992,1
0.999964,0.000036,0
0.999940,0.000060,0
0.999963,0.000037,0
0.999870,0.000130,0
0.999984,0.000016,0
0.000354,0.999646,1
0.000254,0.999746,1
0.999218,0.000782,0
0.999520,0.000480,0
0.999858,0.000142,0
0.999714,0.000286,0
0.000074,0.999926,1
0.999924,0.000076,0
0.999883,0.000117,0
0.000078,0.999922,1
0.999960,0.000040,0
0.000064,0.999936,1
0.000131,0.999869,1
0.999898,0.000102,0
0.999984,0.000016,0
0.000244,0.999756,1
0.000158,0.999842,1
0.000021,0.999979,1
0.000026,0.999974,1
0.000032,0.999968,1
0.999908,0.000092,0
0.999984,0.000016,0
0.999974,0.000026,0
0.999949,0.000051,0
0.999924,0.000076,0
0.999158,0.000842,0
0.999991,0.000009,0
0.000031,0.999969,1
0.998424,0.001576,0
0.999789,0.000211,0
0.000307,0.999693,1
0.000050,0.999950,1
0.000043,0.999957,1
0.000163,0.999837,1
0.998302,0.001698,0
0.000040,0.999960,1
0.999986,0.000014,0
0.999955,0.000045,0
0.999984,0.000016,0
0.001122,0.998878,1
0.000213,0.999787,1
0.000476,0.999524,1
0.999982,0.000018,0
0.999866,0.000134,0
0.000029,0.999971,1
0.000168,0.999832,1
0.999238,0.000762,0
0.999940,0.000060,0
0.999830,0.000170,0
0.000008,0.999992,1
0.000033,0.999967,1
0.001302,0.998698,1
0.000016,0.999984,1
0.999946,0.000054,0
0.000750,0.999250,1
0.000537,0.999463,1
0.999929,0.000071,0
0.000220,0.999780,1
0.000003,0.999997,1
0.999987,0.000013,0
0.999920,0.000080,0
0.000135,0.999865,1
0.999824,0.000176,0
0.000006,0.999994,1
0.999946,0.000054,0
0.999917,0.000083,0
0.999663,0.000337,0
0.000010,0.999990,1
0.999996,0.000004,0
0.000257,0.999743,1
0.000071,0.999929,1
0.000350,0.999650,1
0.000009,0.999991,1
0.000004,0.999996,1
0.004029,0.995971,1
0.000017,0.999983,1
0.999972,0.000028,0
0.999546,0.000454,0
0.999997,0.000003,0
0.000458,0.999542,1
0.000026,0.999974,1
0.999793,0.000207,0
0.999828,0.000172,0
0.999286,0.000714,0
0.000039,0.999961,1
0.999891,0.000109,0
0.000003,0.999997,1
0.000027,0.999973,1
0.999734,0.000266,0
0.000189,0.999811,1
0.999945,0.000055,0
0.000043,0.999957,1
0.000179,0.999821,1
0.000859,0.999141,1
0.999799,0.000201,0
0.000573,0.999427,1
0.999693,0.000307,0
0.999895,0.000105,0
0.000005,0.999995,1
0.000019,0.999981,1
0.000010,0.999990,1
0.999941,0.000059,0
0.999930,0.000070,0
0.999865,0.000135,0
0.999704,0.000296,0
0.000020,0.999980,1
0.999873,0.000127,0
0.000204,0.999796,1
0.999690,0.000310,0
0.999969,0.000031,0
0.000136,0.999864,1
0.000009,0.999991,1
0.000005,0.999995,1
0.000026,0.999974,1
0.000035,0.999965,1
0.000332,0.999668,1
0.000051,0.999949,1
0.999927,0.000073,0
0.000029,0.999971,1
0.000013,0.999987,1
0.999497,0.000503,0
0.000590,0.999410,1
0.999989,0.000011,0
0.000391,0.999609,1
0.000397,0.999603,1
0.000011,0.999989,1
0.000590,0.999410,1
0.000291,0.999709,1
0.999879,0.000121,0
0.000176,0.999824,1
0.000019,0.999981,1
0.000851,0.999149,1
0.000046,0.999954,1
0.999983,0.000017,0
0.999917,0.000083,0
0.000502,0.999498,1
0.999809,0.000191,0
0.999965,0.000035,0
0.999966,0.000034,0
0.000008,0.999992,1
0.998874,0.001126,0
0.000042,0.999958,1
0.000013,0.999987,1
0.000023,0.999977,1
0.999917,0.000083,0
0.999903,0.000097,0
0.000130,0.999870,1
0.000001,0.999999,1
0.001257,0.998743,1
0.999994,0.000006,0
0.000009,0.999991,1
0.000192,0.999808,1
0.999920,0.000080,0
0.999881,0.000119,0
0.999741,0.000259,0
0.000035,0.999965,1
0.999766,0.000234,0
0.000013,0.999987,1
0.000018,0.999982,1
0.996762,0.003238,0
0.000235,0.999765,1
0.000003,0.999997,1
0.000013,0.999987,1
0.999795,0.000205,0
0.999506,0.000494,0
0.000334,0.999666,1
0.000044,0.999956,1
0.000089,0.999911,1
0.999905,0.000095,0
0.001185,0.998815,1
0.000072,0.999928,1
0.000141,0.999859,1
0.999880,0.000120,0
0.999940,0.000060,0
0.999886,0.000114,0
0.000151,0.999849,1
0.000060,0.999940,1
0.000159,0.999841,1
0.998304,0.001696,0
0.999972,0.000028,0
0.000328,0.999672,1
0.000028,0.999972,1
0.000095,0.999905,1
0.000070,0.999930,1
0.000018,0.999982,1
0.000165,0.999835,1
0.000002,0.999998,1
0.000084,0.999916,1
0.999393,0.000607,0
0.000066,0.999934,1
0.999586,0.000414,0
0.999872,0.000128,0
0.999966,0.000034,0
0.999978,0.000022,0
0.999793,0.000207,0
0.999553,0.000447,0
0.999998,0.000002,0
0.000022,0.999978,1
0.000026,0.999974,1
0.999689,0.000311,0
0.000023,0.999977,1
0.000029,0.999971,1
0.999988,0.000012,0
0.999574,0.000426,0
0.999959,0.000041,0
0.999612,0.000388,0
0.000217,0.999783,1
0.000014,0.999986,1
0.999936,0.000064,0
0.999878,0.000122,0
0.000502,0.999498,1
0.999921,0.000079,0
0.000276,0.999724,1
0.000401,0.999599,1
0.000003,0.999997,1
0.998481,0.001519,0
0.000066,0.999934,1
0.000047,0.999953,1
0.000020,0.999980,1
0.000721,0.999279,1
0.000376,0.999624,1
0.000013,0.999987,1
0.999963,0.000037,0
0.000144,0.999856,1
0.000030,0.999970,1
0.997621,0.002379,0
0.000065,0.999935,1
0.000182,0.999818,1
0.000115,0.999885,1
0.000446,0.999554,1
0.999481,0.000519,0
0.000159,0.999841,1
0.999806,0.000194,0
0.000022,0.999978,1
0.000003,0.999997,1
0.000451,0.999549,1
0.000003,0.999997,1
0.999981,0.000019,0
0.000633,0.999367,1
0.000010,0.999990,1
0.000470,0.999530,1
0.000046,0.999954,1
0.000019,0.999981,1
0.000005,0.999995,1
0.000010,0.999990,1
0.999882,0.000118,0
0.000111,0.999889,1
0.999993,0.000007,0
0.999761,0.000239,0
0.999914,0.000086,0
0.000338,0.999662,1
0.000009,0.999991,1
0.000179,0.999821,1
0.000010,0.999990,1
0.999663,0.000337,0
0.999513,0.000487,0
0.999941,0.000059,0
0.999956,0.000044,0
0.000147,0.999853,1
0.999757,0.000243,0
0.000024,0.999976,1
0.999968,0.000032,0
0.999991,0.000009,0
0.999925,0.000075,0
0.999907,0.000093,0
0.999915,0.000085,0
0.000010,0.999990,1
0.000009,0.999991,1
0.000121,0.999879,1
0.000002,0.999998,1
0.999996,0.000004,0
0.999842,0.000158,0
0.000095,0.999905,1
0.999906,0.000094,0
0.000205,0.999795,1
0.000100,0.999900,1
0.999973,0.000027,0
0.000057,0.999943,1
0.000047,0.999953,1
0.000062,0.999938,1
0.000640,0.999360,1
0.000085,0.999915,1
0.000022,0.999978,1
0.999966,0.000034,0
0.000010,0.999990,1
0.000014,0.999986,1
0.000035,0.999965,1
0.000140,0.999860,1
0.000013,0.999987,1
0.000021,0.999979,1
0.000043,0.999957,1
0.999935,0.000065,0
0.999832,0.000168,0
0.000071,0.999929,1
0.999882,0.000118,0
0.999978,0.000022,0
0.999813,0.000187,0
0.999815,0.000185,0
0.999937,0.000063,0
0.999878,0.000122,0
0.000042,0.999958,1
0.000055,0.999945,1
0.999685,0.000315,0
0.000008,0.999992,1
0.000027,0.999973,1
0.999918,0.000082,0
0.999977,0.000023,0
0.999328,0.000672,0
0.999808,0.000192,0
0.000031,0.999969,1
0.999840,0.000160,0
0.000010,0.999990,1
0.999663,0.000337,0
0.999975,0.000025,0
0.000021,0.999979,1
0.999958,0.000042,0
0.000022,0.999978,1
0.999853,0.000147,0
0.000046,0.999954,1
0.999779,0.000221,0
0.000617,0.999383,1
0.000315,0.999685,1
0.999769,0.000231,0
0.999982,0.000018,0
0.000319,0.999681,1
0.999965,0.000035,0
0.000142,0.999858,1
0.000041,0.999959,1
0.000156,0.999844,1
0.000046,0.999954,1
0.000016,0.999984,1
0.999943,0.000057,0
0.999930,0.000070,0
0.999980,0.000020,0
0.999912,0.000088,0
0.000087,0.999913,1
0.000026,0.999974,1
0.999809,0.000191,0
0.000001,0.999999,1
0.000028,0.999972,1
0.999984,0.000016,0
0.000007,0.999993,1
0.000060,0.999940,1
0.000027,0.999973,1
0.999825,0.000175,0
0.999985,0.000015,0
0.999929,0.000071,0
0.000008,0.999992,1
0.999818,0.000182,0
0.000299,0.999701,1
0.000083,0.999917,1
0.000075,0.999925,1
0.000022,0.999978,1
0.999912,0.000088,0
0.999974,0.000026,0
0.999313,0.000687,0
0.999333,0.000667,0
0.995148,0.004852,0
0.999754,0.000246,0
0.999993,0.000007,0
0.000340,0.999660,1
0.999913,0.000087,0
0.000008,0.999992,1
0.999830,0.000170,0
0.999985,0.000015,0
0.000640,0.999360,1
0.000007,0.999993,1
0.008040,0.991960,1
0.000125,0.999875,1
0.999981,0.000019,0
0.999913,0.000087,0
0.002397,0.997603,1
0.000395,0.999605,1
0.999914,0.000086,0
0.000465,0.999535,1
0.000180,0.999820,1
0.999734,0.000266,0
0.999910,0.000090,0
0.999708,0.000292,0
0.999722,0.000278,0
0.000027,0.999973,1
0.999951,0.000049,0
0.999929,0.000071,0
0.999982,0.000018,0
0.999944,0.000056,0
0.999887,0.000113,0
0.000020,0.999980,1
0.999919,0.000081,0
0.000086,0.999914,1
0.000011,0.999989,1
0.001666,0.998334,1
0.999971,0.000029,0
0.999976,0.000024,0
0.000007,0.999993,1
0.999870,0.000130,0
0.000002,0.999998,1
0.999889,0.000111,0
0.000034,0.999966,1
0.000138,0.999862,1
0.000000,1.000000,1
0.000012,0.999988,1
0.999906,0.000094,0
0.000341,0.999659,1
0.999685,0.000315,0
0.000028,0.999972,1
0.999747,0.000253,0
0.000219,0.999781,1
0.000018,0.999982,1
0.000089,0.999911,1
0.000018,0.999982,1
0.999695,0.000305,0
0.000144,0.999856,1
0.999996,0.000004,0
0.999430,0.000570,0
0.999846,0.000154,0
0.999985,0.000015,0
0.000011,0.999989,1
0.002415,0.997585,1
0.000126,0.999874,1
0.999900,0.000100,0
0.999993,0.000007,0
0.000019,0.999981,1
0.994412,0.005588,0
0.000078,0.999922,1
0.000099,0.999901,1
0.000036,0.999964,1
0.999971,0.000029,0
0.999795,0.000205,0
0.000028,0.999972,1
0.000149,0.999851,1
0.999876,0.000124,0
0.000071,0.999929,1
0.000081,0.999919,1
0.000056,0.999944,1
0.999466,0.000534,0
0.000281,0.999719,1
0.000037,0.999963,1
0.999828,0.000172,0
0.999323,0.000677,0
0.000245,0.999755,1
0.999998,0.000002,0
0.999996,0.000004,0
0.999918,0.000082,0
0.999770,0.000230,0
0.000008,0.999992,1
0.999924,0.000076,0
0.000065,0.999935,1
0.000314,0.999686,1
0.999996,0.000004,0
0.999802,0.000198,0
0.999175,0.000825,0
0.000007,0.999993,1
0.000333,0.999667,1
0.000117,0.999883,1
0.998856,0.001144,0
0.000278,0.999722,1
0.998233,0.001767,0
0.000012,0.999988,1
0.000017,0.999983,1
0.000026,0.999974,1
0.000030,0.999970,1
0.000394,0.999606,1
0.000007,0.999993,1
0.999961,0.000039,0
0.999812,0.000188,0
0.999933,0.000067,0
0.000012,0.999988,1
0.000881,0.999119,1
0.000071,0.999929,1
0.000012,0.999988,1
0.999987,0.000013,0
0.999644,0.000356,0
0.000011,0.999989,1
0.000316,0.999684,1
0.000069,0.999931,1
0.000103,0.999897,1
0.998522,0.001478,0
0.000050,0.999950,1
0.000042,0.999958,1
0.999988,0.000012,0
0.999994,0.000006,0
0.000204,0.999796,1
0.000008,0.999992,1
0.000024,0.999976,1
0.999364,0.000636,0
0.000275,0.999725,1
0.999924,0.000076,0
0.999706,0.000294,0
0.999852,0.000148,0
0.000553,0.999447,1
0.000314,0.999686,1
0.000214,0.999786,1
0.999936,0.000064,0
0.000085,0.999915,1
0.999847,0.000153,0
0.000028,0.999972,1
0.999984,0.000016,0
0.000907,0.999093,1
0.000015,0.999985,1
0.000001,0.999999,1
0.999346,0.000654,0
0.001069,0.998931,1
0.999973,0.000027,0
0.999773,0.000227,0
0.000302,0.999698,1
0.000009,0.999991,1
0.994806,0.005194,0
0.000092,0.999908,1
0.999885,0.000115,0
0.000009,0.999991,1
0.000841,0.999159,1
0.999042,0.000958,0
0.999777,0.000223,0
0.999771,0.000229,0
0.000497,0.999503,1
0.999553,0.000447,0
0.000001,0.999999,1
0.999761,0.000239,0
0.000085,0.999915,1
0.999787,0.000213,0
0.007996,0.992004,1
0.000015,0.999985,1
0.999952,0.000048,0
0.999605,0.000395,0
0.000089,0.999911,1
0.999968,0.000032,0
0.000103,0.999897,1
0.000146,0.999854,1
0.999860,0.000140,0
0.999958,0.000042,0
0.000074,0.999926,1
0.000002,0.999998,1
0.000356,0.999644,1
0.000062,0.999938,1
0.999946,0.000054,0
0.000028,0.999972,1
0.999987,0.000013,0
0.999734,0.000266,0
0.999883,0.000117,0
0.999964,0.000036,0
0.000046,0.999954,1
0.999949,0.000051,0
0.999940,0.000060,0
0.999915,0.000085,0
0.999932,0.000068,0
0.000004,0.999996,1
0.000010,0.999990,1
0.999913,0.000087,0
0.999916,0.000084,0
0.000047,0.999953,1
0.000158,0.999842,1
0.000072,0.999928,1
0.000354,0.999646,1
0.000011,0.999989,1
0.000032,0.999968,1
0.001769,0.998231,1
0.000054,0.999946,1
0.000013,0.999987,1
0.000008,0.999992,1
0.999568,0.000432,0
0.000004,0.999996,1
0.000641,0.999359,1
0.000132,0.999868,1
0.000704,0.999296,1
0.998995,0.001005,0
0.000353,0.999647,1
0.999836,0.000164,0
0.000379,0.999621,1
0.999996,0.000004,0
0.000020,0.999980,1
0.000042,0.999958,1
0.000006,0.999994,1
0.999881,0.000119,0
0.999987,0.000013,0
0.999999,0.000001,0
0.999225,0.000775,0
0.000242,0.999758,1
0.999889,0.000111,0
0.000023,0.999977,1
0.999996,0.000004,0
0.999368,0.000632,0
0.999996,0.000004,0
0.000254,0.999746,1
0.999993,0.000007,0
0.000007,0.999993,1
0.999864,0.000136,0
0.999883,0.000117,0
0.999970,0.000030,0
0.000046,0.999954,1
0.000117,0.999883,1
0.000811,0.999189,1
0.999892,0.000108,0
0.000003,0.999997,1
0.999987,0.000013,0
0.000035,0.999965,1
0.000293,0.999707,1
0.999575,0.000425,0
0.999761,0.000239,0
0.000124,0.999876,1
0.000085,0.999915,1
0.999986,0.000014,0
0.000149,0.999851,1
0.000010,0.999990,1
0.000010,0.999990,1
0.000021,0.999979,1
0.999979,0.000021,0
0.000020,0.999980,1
0.000090,0.999910,1
0.000003,0.999997,1
0.999628,0.000372,0
0.000016,0.999984,1
0.000031,0.999969,1
0.999614,0.000386,0
0.000030,0.999970,1
0.000005,0.999995,1
0.999970,0.000030,0
0.000354,0.999646,1
0.999798,0.000202,0
0.000033,0.999967,1
0.999914,0.000086,0
0.000010,0.999990,1
0.000035,0.999965,1
0.999891,0.000109,0
0.000004,0.999996,1
0.999768,0.000232,0
0.000004,0.999996,1
0.999927,0.000073,0
0.000011,0.999989,1
0.000138,0.999862,1
0.000276,0.999724,1
0.999680,0.000320,0
0.999994,0.000006,0
0.999805,0.000195,0
0.999645,0.000355,0
0.999887,0.000113,0
0.000606,0.999394,1
0.999885,0.000115,0
0.999599,0.000401,0
0.999783,0.000217,0
0.999938,0.000062,0
0.000098,0.999902,1
0.000460,0.999540,1
0.000035,0.999965,1
0.999863,0.000137,0
0.000042,0.999958,1
0.000008,0.999992,1
0.999999,0.000001,0
0.000103,0.999897,1
0.000005,0.999995,1
0.000617,0.999383,1
0.999099,0.000901,0
0.000076,0.999924,1
0.000055,0.999945,1
0.000149,0.999851,1
0.999994,0.000006,0
0.000149,0.999851,1
0.000092,0.999908,1
0.000166,0.999834,1
0.999762,0.000238,0
0.999910,0.000090,0
0.000013,0.999987,1
0.000007,0.999993,1
0.999657,0.000343,0
0.000396,0.999604,1
0.000030,0.999970,1
0.000022,0.999978,1
0.001021,0.998979,1
0.000009,0.999991,1
0.000120,0.999880,1
0.000180,0.999820,1
0.999986,0.000014,0
0.000277,0.999723,1
0.999984,0.000016,0
0.000220,0.999780,1
0.000121,0.999879,1
0.000029,0.999971,1
0.000019,0.999981,1
0.000108,0.999892,1
0.000048,0.999952,1
0.000009,0.999991,1
0.000201,0.999799,1
0.000018,0.999982,1
0.000008,0.999992,1
0.996045,0.003955,0
0.999966,0.000034,0
0.999931,0.000069,0
0.002126,0.997874,1
0.000053,0.999947,1
0.000062,0.999938,1
0.000147,0.999853,1
0.999859,0.000141,0
0.999079,0.000921,0
0.000032,0.999968,1
0.999993,0.000007,0
0.999167,0.000833,0
0.000022,0.999978,1
0.999979,0.000021,0
0.000009,0.999991,1
0.999900,0.000100,0
0.000387,0.999613,1
0.999892,0.000108,0
0.000491,0.999509,1
0.000119,0.999881,1
0.000018,0.999982,1
0.999843,0.000157,0
0.000014,0.999986,1
0.000000,1.000000,1
0.000051,0.999949,1
0.000227,0.999773,1
0.000125,0.999875,1
0.000065,0.999935,1
0.001016,0.998984,1
0.000693,0.999307,1
0.999855,0.000145,0
0.999947,0.000053,0
0.998533,0.001467,0
0.999975,0.000025,0
0.999864,0.000136,0
0.999852,0.000148,0
0.000004,0.999996,1
0.000002,0.999998,1
0.000143,0.999857,1
0.000146,0.999854,1
0.000047,0.999953,1
0.999810,0.000190,0
0.999926,0.000074,0
0.000057,0.999943,1
0.000618,0.999382,1
0.000006,0.999994,1
0.999622,0.000378,0
0.000075,0.999925,1
0.000031,0.999969,1
0.000014,0.999986,1
0.000004,0.999996,1
0.000147,0.999853,1
0.000208,0.999792,1
0.000242,0.999758,1
0.999902,0.000098,0
0.000069,0.999931,1
0.999858,0.000142,0
0.000159,0.999841,1
0.000024,0.999976,1
0.999944,0.000056,0
0.000075,0.999925,1
0.999724,0.000276,0
0.999992,0.000008,0
0.000010,0.999990,1
0.999971,0.000029,0
0.000155,0.999845,1
0.999860,0.000140,0
0.000207,0.999793,1
0.000032,0.999968,1
0.999972,0.000028,0
0.999577,0.000423,0
0.000129,0.999871,1
0.999990,0.000010,0
0.999917,0.000083,0
0.999898,0.000102,0
0.999623,0.000377,0
0.999876,0.000124,0
0.000026,0.999974,1
0.000303,0.999697,1
0.000013,0.999987,1
0.998868,0.001132,0
0.999988,0.000012,0
0.000024,0.999976,1
0.000536,0.999464,1
0.999900,0.000100,0
0.000045,0.999955,1
0.999933,0.000067,0
0.000008,0.999992,1
0.999926,0.000074,0
0.999982,0.000018,0
0.999987,0.000013,0
0.000060,0.999940,1
0.000613,0.999387,1
0.999947,0.000053,0
0.000043,0.999957,1
0.000012,0.999988,1
0.000007,0.999993,1
0.000014,0.999986,1
0.000025,0.999975,1
0.000120,0.999880,1
0.000185,0.999815,1
0.000072,0.999928,1
0.000074,0.999926,1
0.999983,0.000017,0
0.999500,0.000500,0
0.000049,0.999951,1
0.000059,0.999941,1
0.999722,0.000278,0
0.999784,0.000216,0
0.000024,0.999976,1
0.000155,0.999845,1
0.999992,0.000008,0
0.000139,0.999861,1
0.000125,0.999875,1
0.999990,0.000010,0
0.999991,0.000009,0
0.000240,0.999760,1
0.000011,0.999989,1
0.000090,0.999910,1
0.000066,0.999934,1
0.000096,0.999904,1
0.000151,0.999849,1
0.999683,0.000317,0
0.000043,0.999957,1
0.999880,0.000120,0
0.999991,0.000009,0
0.000267,0.999733,1
0.000009,0.999991,1
0.000026,0.999974,1
0.000049,0.999951,1
0.967872,0.032128,0
0.000053,0.999947,1
0.999884,0.000116,0
0.000084,0.999916,1
0.999936,0.000064,0
0.000076,0.999924,1
0.000032,0.999968,1
0.999565,0.000435,0
0.000084,0.999916,1
0.001185,0.998815,1
0.000038,0.999962,1
0.000076,0.999924,1
0.000090,0.999910,1
0.999999,0.000001,0
0.000015,0.999985,1
0.999939,0.000061,0
0.999817,0.000183,0
0.999875,0.000125,0
0.000166,0.999834,1
0.999913,0.000087,0
0.999966,0.000034,0
0.999856,0.000144,0
0.000061,0.999939,1
0.999889,0.000111,0
0.000061,0.999939,1
0.999944,0.000056,0
0.000218,0.999782,1
0.999886,0.000114,0
0.999599,0.000401,0
0.999984,0.000016,0
0.992028,0.007972,0
0.000371,0.999629,1
0.000028,0.999972,1
0.000008,0.999992,1
0.000204,0.999796,1
0.000043,0.999957,1
0.000009,0.999991,1
0.000147,0.999853,1
0.000140,0.999860,1
0.000008,0.999992,1
0.999416,0.000584,0
0.998306,0.001694,0
0.999927,0.000073,0
0.000004,0.999996,1
0.000033,0.999967,1
0.000034,0.999966,1
0.999981,0.000019,0
0.000236,0.999764,1
0.000130,0.999870,1
0.000009,0.999991,1
0.000166,0.999834,1
0.999900,0.000100,0
0.999629,0.000371,0
0.999953,0.000047,0
0.000218,0.999782,1
0.000037,0.999963,1
0.000173,0.999827,1
0.000428,0.999572,1
0.000179,0.999821,1
0.000234,0.999766,1
0.001546,0.998454,1
0.999969,0.000031,0
0.000001,0.999999,1
0.000174,0.999826,1
0.999092,0.000908,0
0.998923,0.001077,0
0.999902,0.000098,0
0.000159,0.999841,1
0.999883,0.000117,0
0.999982,0.000018,0
0.000035,0.999965,1
0.000018,0.999982,1
0.999881,0.000119,0
0.000104,0.999896,1
0.000035,0.999965,1
0.000065,0.999935,1
0.000012,0.999988,1
0.999721,0.000279,0
0.000042,0.999958,1
0.000145,0.999855,1
0.999965,0.000035,0
0.000081,0.999919,1
0.000083,0.999917,1
0.999951,0.000049,0
0.000216,0.999784,1
0.000121,0.999879,1
0.999985,0.000015,0
0.999754,0.000246,0
0.000211,0.999789,1
0.999953,0.000047,0
0.000027,0.999973,1
0.999716,0.000284,0
0.000024,0.999976,1
0.999845,0.000155,0
0.000085,0.999915,1
0.000107,0.999893,1
0.000217,0.999783,1
0.999989,0.000011,0
0.000003,0.999997,1
0.999970,0.000030,0
0.999906,0.000094,0
0.999858,0.000142,0
0.999825,0.000175,0
0.000059,0.999941,1
0.000007,0.999993,1
0.999748,0.000252,0
0.000031,0.999969,1
0.000010,0.999990,1
0.999943,0.000057,0
0.000010,0.999990,1
0.999962,0.000038,0
0.000061,0.999939,1
0.999987,0.000013,0
0.999946,0.000054,0
0.999989,0.000011,0
0.000053,0.999947,1
0.999964,0.000036,0
0.000050,0.999950,1
0.000141,0.999859,1
0.000015,0.999985,1
0.999878,0.000122,0
0.000001,0.999999,1
0.999973,0.000027,0
0.999969,0.000031,0
0.999854,0.000146,0
0.000923,0.999077,1
0.999900,0.000100,0
0.000113,0.999887,1
0.000014,0.999986,1
0.999933,0.000067,0
0.000023,0.999977,1
0.999979,0.000021,0
0.999981,0.000019,0
0.999971,0.000029,0
0.000477,0.999523,1
0.000009,0.999991,1
0.999987,0.000013,0
0.000644,0.999356,1
0.999987,0.000013,0
0.999832,0.000168,0
0.000030,0.999970,1
0.000117,0.999883,1
0.992234,0.007766,0
0.999990,0.000010,0
0.001497,0.998503,1
0.000012,0.999988,1
0.999747,0.000253,0
0.000005,0.999995,1
0.997405,0.002595,0
0.000127,0.999873,1
0.999759,0.000241,0
0.000014,0.999986,1
0.999915,0.000085,0
0.999989,0.000011,0
0.000947,0.999053,1
0.999676,0.000324,0
0.999996,0.000004,0
0.999990,0.000010,0
0.999892,0.000108,0
0.000001,0.999999,1
0.999832,0.000168,0
0.999237,0.000763,0
0.001398,0.998602,1
0.999987,0.000013,0
0.000047,0.999953,1
0.999960,0.000040,0
0.000140,0.999860,1
0.000121,0.999879,1
0.000041,0.999959,1
0.000031,0.999969,1
0.000522,0.999478,1
0.000150,0.999850,1
0.000049,0.999951,1
0.000114,0.999886,1
0.000025,0.999975,1
0.000062,0.999938,1
0.999847,0.000153,0
0.000409,0.999591,1
0.999717,0.000283,0
0.999986,0.000014,0
0.999772,0.000228,0
0.000020,0.999980,1
0.000012,0.999988,1
0.999777,0.000223,0
0.000890,0.999110,1
0.999728,0.000272,0
0.999858,0.000142,0
0.999882,0.000118,0
0.999917,0.000083,0
0.000078,0.999922,1
0.999987,0.000013,0
0.999990,0.000010,0
0.000013,0.999987,1
0.000002,0.999998,1
0.000046,0.999954,1
0.000015,0.999985,1
0.000037,0.999963,1
0.999898,0.000102,0
0.000102,0.999898,1
0.999253,0.000747,0
0.000004,0.999996,1
0.000443,0.999557,1
0.999961,0.000039,0
0.000076,0.999924,1
0.999980,0.000020,0
0.999333,0.000667,0
0.000031,0.999969,1
0.999973,0.000027,0
0.999969,0.000031,0
0.000021,0.999979,1
0.000101,0.999899,1
0.000016,0.999984,1
0.000084,0.999916,1
0.999925,0.000075,0
0.000024,0.999976,1
0.516408,0.483592,0
0.000022,0.999978,1
0.000024,0.999976,1
0.998867,0.001133,0
0.000028,0.999972,1
0.000071,0.999929,1
0.000055,0.999945,1
0.999990,0.000010,0
0.999507,0.000493,0
0.000084,0.999916,1
0.999970,0.000030,0
0.000093,0.999907,1
0.000133,0.999867,1
0.999992,0.000008,0
0.999967,0.000033,0
0.999174,0.000826,0
0.999078,0.000922,0
0.999821,0.000179,0
0.999985,0.000015,0
0.002536,0.997464,1
0.999896,0.000104,0
0.000006,0.999994,1
0.999995,0.000005,0
0.000010,0.999990,1
0.999828,0.000172,0
0.000135,0.999865,1
0.000074,0.999926,1
0.000026,0.999974,1
0.000027,0.999973,1
0.000076,0.999924,1
0.000105,0.999895,1
0.000020,0.999980,1
0.000016,0.999984,1
0.999961,0.000039,0
0.000061,0.999939,1
0.000031,0.999969,1
0.000005,0.999995,1
0.000078,0.999922,1
0.000008,0.999992,1
0.000689,0.999311,1
0.000104,0.999896,1
0.999513,0.000487,0
0.000044,0.999956,1
0.000085,0.999915,1
0.000082,0.999918,1
0.999984,0.000016,0
0.000014,0.999986,1
0.999874,0.000126,0
0.999968,0.000032,0
0.000124,0.999876,1
0.999773,0.000227,0
0.999980,0.000020,0
0.000292,0.999708,1
0.000239,0.999761,1
0.999984,0.000016,0
0.999464,0.000536,0
0.999976,0.000024,0
0.000002,0.999998,1
0.999841,0.000159,0
0.999324,0.000676,0
0.999917,0.000083,0
0.999913,0.000087,0
0.999949,0.000051,0
0.000162,0.999838,1
0.000186,0.999814,1
0.000078,0.999922,1
0.000211,0.999789,1
0.000043,0.999957,1
0.000068,0.999932,1
0.999977,0.000023,0
0.999954,0.000046,0
0.000300,0.999700,1
0.999942,0.000058,0
0.000194,0.999806,1
0.000066,0.999934,1
0.000176,0.999824,1
0.999699,0.000301,0
0.999165,0.000835,0
0.000067,0.999933,1
0.000017,0.999983,1
0.000134,0.999866,1
0.999920,0.000080,0
0.999977,0.000023,0
0.000001,0.999999,1
0.999882,0.000118,0
0.000046,0.999954,1
0.000003,0.999997,1
0.999952,0.000048,0
0.000122,0.999878,1
0.000213,0.999787,1
0.000235,0.999765,1
0.000025,0.999975,1
0.000004,0.999996,1
0.000013,0.999987,1
0.000105,0.999895,1
0.999883,0.000117,0
0.000004,0.999996,1
0.999985,0.000015,0
0.999132,0.000868,0
0.999981,0.000019,0
0.000067,0.999933,1
0.000235,0.999765,1
0.999798,0.000202,0
0.999992,0.000008,0
0.000043,0.999957,1
0.999933,0.000067,0
0.000072,0.999928,1
0.000058,0.999942,1
0.000025,0.999975,1
0.000005,0.999995,1
0.000590,0.999410,1
0.000117,0.999883,1
0.003654,0.996346,1
0.000129,0.999871,1
0.000015,0.999985,1
0.999915,0.000085,0
0.000090,0.999910,1
0.999853,0.000147,0
0.000036,0.999964,1
0.000147,0.999853,1
0.999914,0.000086,0
0.999882,0.000118,0
0.000047,0.999953,1
0.000458,0.999542,1
0.999864,0.000136,0
0.001021,0.998979,1
0.000067,0.999933,1
0.000171,0.999829,1
0.000013,0.999987,1
0.000073,0.999927,1
0.999968,0.000032,0
0.999873,0.000127,0
0.000007,0.999993,1
0.000008,0.999992,1
0.999907,0.000093,0
0.000010,0.999990,1
0.000031,0.999969,1
0.999989,0.000011,0
0.999222,0.000778,0
0.000107,0.999893,1
0.999793,0.000207,0
0.000014,0.999986,1
0.000060,0.999940,1
0.000273,0.999727,1
0.999955,0.000045,0
0.000045,0.999955,1
0.999977,0.000023,0
0.000051,0.999949,1
0.000050,0.999950,1
0.999746,0.000254,0
0.999981,0.000019,0
0.000112,0.999888,1
0.000384,0.999616,1
0.999984,0.000016,0
0.000047,0.999953,1
0.999785,0.000215,0
0.000015,0.999985,1
0.000141,0.999859,1
0.000521,0.999479,1
0.000051,0.999949,1
0.999980,0.000020,0
0.999977,0.000023,0
0.000075,0.999925,1
0.999939,0.000061,0
0.000067,0.999933,1
0.999543,0.000457,0
0.999934,0.000066,0
0.999892,0.000108,0
0.999810,0.000190,0
0.000031,0.999969,1
0.999954,0.000046,0
0.000741,0.999259,1
0.000225,0.999775,1
0.999955,0.000045,0
0.999837,0.000163,0
0.999904,0.000096,0
0.999989,0.000011,0
0.999970,0.000030,0
0.999959,0.000041,0
0.000099,0.999901,1
0.999735,0.000265,0
0.999955,0.000045,0
0.000138,0.999862,1
0.000083,0.999917,1
0.999992,0.000008,0
0.000233,0.999767,1
0.000037,0.999963,1
0.999992,0.000008,0
0.999076,0.000924,0
0.999970,0.000030,0
0.000068,0.999932,1
0.000231,0.999769,1
0.000086,0.999914,1
0.999982,0.000018,0
0.000403,0.999597,1
0.999979,0.000021,0
0.999697,0.000303,0
0.000009,0.999991,1
0.999971,0.000029,0
0.000000,1.000000,1
0.000128,0.999872,1
0.000106,0.999894,1
0.999955,0.000045,0
0.000007,0.999993,1
0.999984,0.000016,0
0.000063,0.999937,1
0.000013,0.999987,1
0.000056,0.999944,1
0.000086,0.999914,1
0.001482,0.998518,1
0.999760,0.000240,0
0.999897,0.000103,0
0.000440,0.999560,1
0.000253,0.999747,1
0.999826,0.000174,0
0.000114,0.999886,1
0.000014,0.999986,1
0.000423,0.999577,1
0.000095,0.999905,1
0.000321,0.999679,1
0.000038,0.999962,1
0.000019,0.999981,1
0.000008,0.999992,1
0.000017,0.999983,1
0.000204,0.999796,1
0.000044,0.999956,1
0.000384,0.999616,1
0.000036,0.999964,1
0.008255,0.991745,1
0.000004,0.999996,1
0.000011,0.999989,1
0.000251,0.999749,1
0.000034,0.999966,1
0.000390,0.999610,1
0.999724,0.000276,0
0.000189,0.999811,1
0.999962,0.000038,0
0.999797,0.000203,0
0.000014,0.999986,1
0.000073,0.999927,1
0.000036,0.999964,1
0.999888,0.000112,0
0.999935,0.000065,0
0.999921,0.000079,0
0.999980,0.000020,0
0.999932,0.000068,0
0.000094,0.999906,1
0.999925,0.000075,0
0.000445,0.999555,1
0.000172,0.999828,1
0.000006,0.999994,1
0.000119,0.999881,1
0.999851,0.000149,0
0.000094,0.999906,1
0.000008,0.999992,1
0.999937,0.000063,0
0.000504,0.999496,1
0.000048,0.999952,1
0.000078,0.999922,1
0.000056,0.999944,1
0.999921,0.000079,0
0.999914,0.000086,0
0.000005,0.999995,1
0.000131,0.999869,1
0.999947,0.000053,0
0.000515,0.999485,1
0.999988,0.000012,0
0.000146,0.999854,1
0.999987,0.000013,0
0.000054,0.999946,1
0.000722,0.999278,1
0.000026,0.999974,1
0.999997,0.000003,0
0.002117,0.997883,1
0.999982,0.000018,0
0.999951,0.000049,0
0.000090,0.999910,1
0.000003,0.999997,1
0.000009,0.999991,1
0.999930,0.000070,0
0.999951,0.000049,0
0.000015,0.999985,1
0.999972,0.000028,0
0.000024,0.999976,1
0.000054,0.999946,1
0.000021,0.999979,1
0.000385,0.999615,1
0.999881,0.000119,0
0.000128,0.999872,1
0.999988,0.000012,0
0.000158,0.999842,1
0.999609,0.000391,0
0.000188,0.999812,1
0.000060,0.999940,1
0.999984,0.000016,0
0.000144,0.999856,1
0.999854,0.000146,0
0.999949,0.000051,0
0.000141,0.999859,1
0.000204,0.999796,1
