score0,score1,class
0.014879,0.985121,1
0.072397,0.927603,1
0.058579,0.941421,1
0.914597,0.085403,0
0.026988,0.973012,1
0.081688,0.918312,1
0.055132,0.944868,1
0.022606,0.977394,1
0.022240,0.977760,1
0.023202,0.976798,1
0.049920,0.950080,1
0.062200,0.937800,1
0.033289,0.966711,1
0.012804,0.987196,1
0.058836,0.941164,1
0.013490,0.986510,1
0.040051,0.959949,1
0.102083,0.897917,1
0.849437,0.150563,0
0.030752,0.969248,1
0.251947,0.748053,1
0.256735,0.743265,1
0.161946,0.838054,1
0.110624,0.889376,1
0.133676,0.866324,1
0.027893,0.972107,1
0.019849,0.980151,1
0.053495,0.946505,1
0.012292,0.987708,1
0.017337,0.982663,1
0.024078,0.975922,1
0.100220,0.899780,1
0.899486,0.100514,0
0.041084,0.958916,1
0.010603,0.989397,1
0.015240,0.984760,1
0.022029,0.977971,1
0.384608,0.615392,1
0.032970,0.967030,1
0.018917,0.981083,1
0.065740,0.934260,1
0.213609,0.786391,1
0.030393,0.969607,1
0.033997,0.966003,1
0.019361,0.980639,1
0.020515,0.979485,1
0.033442,0.966558,1
0.021532,0.978468,1
0.044034,0.955966,1
0.087584,0.912416,1
0.227380,0.772620,1
0.045353,0.954647,1
0.111143,0.888857,1
0.028547,0.971453,1
0.024275,0.975725,1
0.970950,0.029050,0
0.052970,0.947030,1
0.016790,0.983210,1
0.007951,0.992049,1
0.032720,0.967280,1
0.042852,0.957148,1
0.009301,0.990699,1
0.021412,0.978588,1
0.025766,0.974234,1
0.199926,0.800074,1
0.020207,0.979793,1
0.065070,0.934930,1
0.032681,0.967319,1
0.018475,0.981525,1
0.025031,0.974969,1
0.025937,0.974063,1
0.065493,0.934507,1
0.035472,0.964528,1
0.026666,0.973334,1
0.030216,0.969784,1
0.607820,0.392180,0
0.022740,0.977260,1
0.091252,0.908748,1
0.036045,0.963955,1
0.547794,0.452206,0
0.018914,0.981086,1
0.009682,0.990318,1
0.083832,0.916168,1
0.699489,0.300511,0
0.037928,0.962072,1
0.016377,0.983623,1
0.848951,0.151049,0
0.254204,0.745796,1
0.014827,0.985173,1
0.053798,0.946202,1
0.026201,0.973799,1
0.017438,0.982562,1
0.081218,0.918782,1
0.011060,0.988940,1
0.121734,0.878266,1
0.028196,0.971804,1
0.020206,0.979794,1
0.217365,0.782635,1
0.117829,0.882171,1
0.178151,0.821849,1
0.492188,0.507812,1
0.027916,0.972084,1
0.066932,0.933068,1
0.025346,0.974654,1
0.011150,0.988850,1
0.876724,0.123276,0
0.021600,0.978400,1
0.020143,0.979857,1
0.028560,0.971440,1
0.095866,0.904134,1
0.023402,0.976598,1
0.466527,0.533473,1
0.032663,0.967337,1
0.578260,0.421740,0
0.050383,0.949617,1
0.036580,0.963420,1
0.035546,0.964454,1
0.058961,0.941039,1
0.013332,0.986668,1
0.004881,0.995119,1
0.929622,0.070378,0
0.633437,0.366563,0
0.022589,0.977411,1
0.019461,0.980539,1
0.901805,0.098195,0
0.214431,0.785569,1
0.017564,0.982436,1
0.033955,0.966045,1
0.140990,0.859010,1
0.117564,0.882436,1
0.339247,0.660753,1
0.016636,0.983364,1
0.012769,0.987231,1
0.006781,0.993219,1
0.274805,0.725195,1
0.066721,0.933279,1
0.017111,0.982889,1
0.156722,0.843278,1
0.041745,0.958255,1
0.070369,0.929631,1
0.015818,0.984182,1
0.163842,0.836158,1
0.293614,0.706386,1
0.167282,0.832718,1
0.054831,0.945169,1
0.065881,0.934119,1
0.008647,0.991353,1
0.004321,0.995679,1
0.689817,0.310183,0
0.035275,0.964725,1
0.054111,0.945889,1
0.300279,0.699721,1
0.038476,0.961524,1
0.274148,0.725852,1
0.751629,0.248371,0
0.124351,0.875649,1
0.403193,0.596807,1
0.163046,0.836954,1
0.345058,0.654942,1
0.016105,0.983895,1
0.047298,0.952702,1
0.433634,0.566366,1
0.014036,0.985964,1
0.027441,0.972559,1
0.014103,0.985897,1
0.034759,0.965241,1
0.272417,0.727583,1
0.018947,0.981053,1
0.042515,0.957485,1
0.016208,0.983792,1
0.036683,0.963317,1
0.038539,0.961461,1
0.031220,0.968780,1
0.015307,0.984693,1
0.181071,0.818929,1
0.156799,0.843201,1
0.034884,0.965116,1
0.014961,0.985039,1
0.055082,0.944918,1
0.900440,0.099560,0
0.221656,0.778344,1
0.336788,0.663212,1
0.080080,0.919920,1
0.093759,0.906241,1
0.277815,0.722185,1
0.170969,0.829031,1
0.465153,0.534847,1
0.682621,0.317379,0
0.018953,0.981047,1
0.133835,0.866165,1
0.123544,0.876456,1
0.031462,0.968538,1
0.021714,0.978286,1
0.042177,0.957823,1
0.010289,0.989711,1
0.026421,0.973579,1
0.023921,0.976079,1
0.210694,0.789306,1
0.027311,0.972689,1
0.025408,0.974592,1
0.061851,0.938149,1
0.012100,0.987900,1
0.886624,0.113376,0
0.028854,0.971146,1
0.024824,0.975176,1
0.120858,0.879142,1
0.027518,0.972482,1
0.017887,0.982113,1
0.095079,0.904921,1
0.592430,0.407570,0
0.031355,0.968645,1
0.023446,0.976554,1
0.033363,0.966637,1
0.400727,0.599273,1
0.044183,0.955817,1
0.004852,0.995148,1
0.850331,0.149669,0
0.095278,0.904722,1
0.042517,0.957483,1
0.403403,0.596597,1
0.016192,0.983808,1
0.092875,0.907125,1
0.124821,0.875179,1
0.100038,0.899962,1
0.130854,0.869146,1
0.019193,0.980807,1
0.952081,0.047919,0
0.407389,0.592611,1
0.216947,0.783053,1
0.248620,0.751380,1
0.085865,0.914135,1
0.013353,0.986647,1
0.010995,0.989005,1
0.024058,0.975942,1
0.077706,0.922294,1
0.455338,0.544662,1
0.031740,0.968260,1
0.012905,0.987095,1
0.059540,0.940460,1
0.018438,0.981562,1
0.868322,0.131678,0
0.013593,0.986407,1
0.066499,0.933501,1
0.268235,0.731765,1
0.034640,0.965360,1
0.379414,0.620586,1
0.021594,0.978406,1
0.012441,0.987559,1
0.653436,0.346564,0
0.028896,0.971104,1
0.029697,0.970303,1
0.790861,0.209139,0
0.046297,0.953703,1
0.872007,0.127993,0
0.511695,0.488305,0
0.241549,0.758451,1
0.059929,0.940071,1
0.038909,0.961091,1
0.089182,0.910818,1
0.020452,0.979548,1
0.053877,0.946123,1
0.015332,0.984668,1
0.247799,0.752201,1
0.095653,0.904347,1
0.043181,0.956819,1
0.020150,0.979850,1
0.024467,0.975533,1
0.015856,0.984144,1
0.187874,0.812126,1
0.019306,0.980694,1
0.036942,0.963058,1
0.898577,0.101423,0
0.011244,0.988756,1
0.224296,0.775704,1
0.044635,0.955365,1
0.020764,0.979236,1
0.032450,0.967550,1
0.424178,0.575822,1
0.804393,0.195607,0
0.035607,0.964393,1
0.065643,0.934357,1
0.015583,0.984417,1
0.089162,0.910838,1
0.084521,0.915479,1
0.058264,0.941736,1
0.044259,0.955741,1
0.536895,0.463105,0
0.043825,0.956175,1
0.078287,0.921713,1
0.023105,0.976895,1
0.035968,0.964032,1
0.020011,0.979989,1
0.015993,0.984007,1
0.019988,0.980012,1
0.264633,0.735367,1
0.414405,0.585595,1
0.210443,0.789557,1
0.045253,0.954747,1
0.030662,0.969338,1
0.071444,0.928556,1
0.025795,0.974205,1
0.082048,0.917952,1
0.045116,0.954884,1
0.037571,0.962429,1
0.967328,0.032672,0
0.294338,0.705662,1
0.094309,0.905691,1
0.009749,0.990251,1
0.268238,0.731762,1
0.113960,0.886040,1
0.015487,0.984513,1
0.145019,0.854981,1
0.237558,0.762442,1
0.010652,0.989348,1
0.052116,0.947884,1
0.158389,0.841611,1
0.015613,0.984387,1
0.085870,0.914130,1
0.894613,0.105387,0
0.024642,0.975358,1
0.087609,0.912391,1
0.248084,0.751916,1
0.019220,0.980780,1
0.074504,0.925496,1
0.181940,0.818060,1
0.577497,0.422503,0
0.028652,0.971348,1
0.871913,0.128087,0
0.056143,0.943857,1
0.069770,0.930230,1
0.044811,0.955189,1
0.032365,0.967635,1
0.029598,0.970402,1
0.224954,0.775046,1
0.469828,0.530172,1
0.020738,0.979262,1
0.034664,0.965336,1
0.012889,0.987111,1
0.016171,0.983829,1
0.070324,0.929676,1
0.087610,0.912390,1
0.044140,0.955860,1
0.103679,0.896321,1
0.022549,0.977451,1
0.597572,0.402428,0
0.052818,0.947182,1
0.029232,0.970768,1
0.411811,0.588189,1
0.035606,0.964394,1
0.011661,0.988339,1
0.918699,0.081301,0
0.105887,0.894113,1
0.932485,0.067515,0
0.248199,0.751801,1
0.022639,0.977361,1
0.013397,0.986603,1
0.018373,0.981627,1
0.010419,0.989581,1
0.056051,0.943949,1
0.011560,0.988440,1
0.026949,0.973051,1
0.015720,0.984280,1
0.009323,0.990677,1
0.392270,0.607730,1
0.010923,0.989077,1
0.019776,0.980224,1
0.247056,0.752944,1
0.185080,0.814920,1
0.018677,0.981323,1
0.267945,0.732055,1
0.473491,0.526509,1
0.060747,0.939253,1
0.014188,0.985812,1
0.409241,0.590759,1
0.245980,0.754020,1
0.013930,0.986070,1
0.372111,0.627889,1
0.031538,0.968462,1
0.597016,0.402984,0
0.325037,0.674963,1
0.111162,0.888838,1
0.026326,0.973674,1
0.264429,0.735571,1
0.570844,0.429156,0
0.020337,0.979663,1
0.164034,0.835966,1
0.014397,0.985603,1
0.018238,0.981762,1
0.150145,0.849855,1
0.015263,0.984737,1
0.058098,0.941902,1
0.049697,0.950303,1
0.019427,0.980573,1
0.066454,0.933546,1
0.016749,0.983251,1
0.201818,0.798182,1
0.008926,0.991074,1
0.015667,0.984333,1
0.770821,0.229179,0
0.009323,0.990677,1
0.401220,0.598780,1
0.012094,0.987906,1
0.024070,0.975930,1
0.656964,0.343036,0
0.628289,0.371711,0
0.015803,0.984197,1
0.152873,0.847127,1
0.037581,0.962419,1
0.039599,0.960401,1
0.016508,0.983492,1
0.018142,0.981858,1
0.333332,0.666668,1
0.028735,0.971265,1
0.031519,0.968481,1
0.139702,0.860298,1
0.034242,0.965758,1
0.047948,0.952052,1
0.088232,0.911768,1
0.036134,0.963866,1
0.027343,0.972657,1
0.720048,0.279952,0
0.238768,0.761232,1
0.157236,0.842764,1
0.412298,0.587702,1
0.024523,0.975477,1
0.889356,0.110644,0
0.010258,0.989742,1
0.064682,0.935318,1
0.046848,0.953152,1
0.021594,0.978406,1
0.034504,0.965496,1
0.044894,0.955106,1
0.011016,0.988984,1
0.014253,0.985747,1
0.901929,0.098071,0
0.013931,0.986069,1
0.614482,0.385518,0
0.807892,0.192108,0
0.106710,0.893290,1
0.048628,0.951372,1
0.009890,0.990110,1
0.560549,0.439451,0
0.014535,0.985465,1
0.066672,0.933328,1
0.010979,0.989021,1
0.017708,0.982292,1
0.012549,0.987451,1
0.625220,0.374780,0
0.079478,0.920522,1
0.722324,0.277676,0
0.781003,0.218997,0
0.032603,0.967397,1
0.129956,0.870044,1
0.015332,0.984668,1
0.479318,0.520682,1
0.023674,0.976326,1
0.788951,0.211049,0
0.013610,0.986390,1
0.045220,0.954780,1
0.835355,0.164645,0
0.027462,0.972538,1
0.645492,0.354508,0
0.025306,0.974694,1
0.026919,0.973081,1
0.061761,0.938239,1
0.143261,0.856739,1
0.019617,0.980383,1
0.059199,0.940801,1
0.023334,0.976666,1
0.006864,0.993136,1
0.013376,0.986624,1
0.134268,0.865732,1
0.234819,0.765181,1
0.059970,0.940030,1
0.088271,0.911729,1
0.017845,0.982155,1
0.396905,0.603095,1
0.031095,0.968905,1
0.045306,0.954694,1
0.043876,0.956124,1
0.012136,0.987864,1
0.059222,0.940778,1
0.082951,0.917049,1
0.051767,0.948233,1
0.013840,0.986160,1
0.422015,0.577985,1
0.011792,0.988208,1
0.098829,0.901171,1
0.045333,0.954667,1
0.088149,0.911851,1
0.034756,0.965244,1
0.029173,0.970827,1
0.036350,0.963650,1
0.892744,0.107256,0
0.222437,0.777563,1
0.530715,0.469285,0
0.629200,0.370800,0
0.900301,0.099699,0
0.495269,0.504731,1
0.017329,0.982671,1
0.030971,0.969029,1
0.079221,0.920779,1
0.109331,0.890669,1
0.021970,0.978030,1
0.690919,0.309081,0
0.015768,0.984232,1
0.025496,0.974504,1
0.148054,0.851946,1
0.026834,0.973166,1
0.017725,0.982275,1
0.903613,0.096387,0
0.921763,0.078237,0
0.856583,0.143417,0
0.943394,0.056606,0
0.245977,0.754023,1
0.895471,0.104529,0
0.194442,0.805558,1
0.115749,0.884251,1
0.218260,0.781740,1
0.012285,0.987715,1
0.018157,0.981843,1
0.014754,0.985246,1
0.053914,0.946086,1
0.031521,0.968479,1
0.716092,0.283908,0
0.105760,0.894240,1
0.050973,0.949027,1
0.021874,0.978126,1
0.696404,0.303596,0
0.004660,0.995340,1
0.348004,0.651996,1
0.034052,0.965948,1
0.104191,0.895809,1
0.240470,0.759530,1
0.012744,0.987256,1
0.112167,0.887833,1
0.065672,0.934328,1
0.363594,0.636406,1
0.069861,0.930139,1
0.032164,0.967836,1
0.058040,0.941960,1
0.016830,0.983170,1
0.025406,0.974594,1
0.032587,0.967413,1
0.059708,0.940292,1
0.052184,0.947816,1
0.012588,0.987412,1
0.417624,0.582376,1
0.129860,0.870140,1
0.038607,0.961393,1
0.037281,0.962719,1
0.046796,0.953204,1
0.065605,0.934395,1
0.171417,0.828583,1
0.848310,0.151690,0
0.012692,0.987308,1
0.276564,0.723436,1
0.016526,0.983474,1
0.032805,0.967195,1
0.009836,0.990164,1
0.007874,0.992126,1
0.041465,0.958535,1
0.025223,0.974777,1
0.020377,0.979623,1
0.065931,0.934069,1
0.073664,0.926336,1
0.044503,0.955497,1
0.037826,0.962174,1
0.041024,0.958976,1
0.053708,0.946292,1
0.011844,0.988156,1
0.013780,0.986220,1
0.871965,0.128035,0
0.742116,0.257884,0
0.025258,0.974742,1
0.017337,0.982663,1
0.051918,0.948082,1
0.027877,0.972123,1
0.053612,0.946388,1
0.079597,0.920403,1
0.048089,0.951911,1
0.555311,0.444689,0
0.016857,0.983143,1
0.912336,0.087664,0
0.157392,0.842608,1
0.069110,0.930890,1
0.046063,0.953937,1
0.080746,0.919254,1
0.134838,0.865162,1
0.023172,0.976828,1
0.435621,0.564379,1
0.915340,0.084660,0
0.006292,0.993708,1
0.258734,0.741266,1
0.067619,0.932381,1
0.011131,0.988869,1
0.029509,0.970491,1
0.846900,0.153100,0
0.123170,0.876830,1
0.154308,0.845692,1
0.115899,0.884101,1
0.021804,0.978196,1
0.155282,0.844718,1
0.036556,0.963444,1
0.016483,0.983517,1
0.013056,0.986944,1
0.042088,0.957912,1
0.015675,0.984325,1
0.014629,0.985371,1
0.525967,0.474033,0
0.027712,0.972288,1
0.046368,0.953632,1
0.705480,0.294520,0
0.895259,0.104741,0
0.131975,0.868025,1
0.778248,0.221752,0
0.033180,0.966820,1
0.016706,0.983294,1
0.892188,0.107812,0
0.034309,0.965691,1
0.009124,0.990876,1
0.212497,0.787503,1
0.007391,0.992609,1
0.057648,0.942352,1
0.160339,0.839661,1
0.238811,0.761189,1
0.014889,0.985111,1
0.156409,0.843591,1
0.017457,0.982543,1
0.039197,0.960803,1
0.390032,0.609968,1
0.007017,0.992983,1
0.695297,0.304703,0
0.120720,0.879280,1
0.036195,0.963805,1
0.053111,0.946889,1
0.044133,0.955867,1
0.641761,0.358239,0
0.023704,0.976296,1
0.019988,0.980012,1
0.825172,0.174828,0
0.018790,0.981210,1
0.029572,0.970428,1
0.894088,0.105912,0
0.058612,0.941388,1
0.067689,0.932311,1
0.048592,0.951408,1
0.053838,0.946162,1
0.179166,0.820834,1
0.014827,0.985173,1
0.022353,0.977647,1
0.911791,0.088209,0
0.012147,0.987853,1
0.189552,0.810448,1
0.154816,0.845184,1
0.024341,0.975659,1
0.012604,0.987396,1
0.030781,0.969219,1
0.080439,0.919561,1
0.035497,0.964503,1
0.026635,0.973365,1
0.352599,0.647401,1
0.183469,0.816531,1
0.088556,0.911444,1
0.015847,0.984153,1
0.816608,0.183392,0
0.655800,0.344200,0
0.022859,0.977141,1
0.072627,0.927373,1
0.055664,0.944336,1
0.026179,0.973821,1
0.040181,0.959819,1
0.032010,0.967990,1
0.025677,0.974323,1
0.071839,0.928161,1
0.164246,0.835754,1
0.786182,0.213818,0
0.012978,0.987022,1
0.073106,0.926894,1
0.016065,0.983935,1
0.031542,0.968458,1
0.048446,0.951554,1
0.041492,0.958508,1
0.070086,0.929914,1
0.664557,0.335443,0
0.011523,0.988477,1
0.013973,0.986027,1
0.050388,0.949612,1
0.026360,0.973640,1
0.032458,0.967542,1
0.264596,0.735404,1
0.028525,0.971475,1
0.042415,0.957585,1
0.075912,0.924088,1
0.535422,0.464578,0
0.040216,0.959784,1
0.247042,0.752958,1
0.041636,0.958364,1
0.067233,0.932767,1
0.103382,0.896618,1
0.889060,0.110940,0
0.033316,0.966684,1
0.148377,0.851623,1
0.023209,0.976791,1
0.096328,0.903672,1
0.014650,0.985350,1
0.038203,0.961797,1
0.923618,0.076382,0
0.047324,0.952676,1
0.016060,0.983940,1
0.047563,0.952437,1
0.162393,0.837607,1
0.108381,0.891619,1
0.069201,0.930799,1
0.017766,0.982234,1
0.018513,0.981487,1
0.028458,0.971542,1
0.189116,0.810884,1
0.123842,0.876158,1
0.035585,0.964415,1
0.692726,0.307274,0
0.857313,0.142687,0
0.027735,0.972265,1
0.145824,0.854176,1
0.159551,0.840449,1
0.048443,0.951557,1
0.033477,0.966523,1
0.122717,0.877283,1
0.015270,0.984730,1
0.025204,0.974796,1
0.264596,0.735404,1
0.015278,0.984722,1
0.738007,0.261993,0
0.161178,0.838822,1
0.914110,0.085890,0
0.316060,0.683940,1
0.886151,0.113849,0
0.424985,0.575015,1
0.134564,0.865436,1
0.150103,0.849897,1
0.781960,0.218040,0
0.007998,0.992002,1
0.073461,0.926539,1
0.045543,0.954457,1
0.175714,0.824286,1
0.076993,0.923007,1
0.059765,0.940235,1
0.022348,0.977652,1
0.214882,0.785118,1
0.011509,0.988491,1
0.043887,0.956113,1
0.030342,0.969658,1
0.024397,0.975603,1
0.037518,0.962482,1
0.767837,0.232163,0
0.168930,0.831070,1
0.008613,0.991387,1
0.129375,0.870625,1
0.039331,0.960669,1
0.075483,0.924517,1
0.042203,0.957797,1
0.037522,0.962478,1
0.018515,0.981485,1
0.029820,0.970180,1
0.015241,0.984759,1
0.848104,0.151896,0
0.150999,0.849001,1
0.856340,0.143660,0
0.015861,0.984139,1
0.096732,0.903268,1
0.903642,0.096358,0
0.266577,0.733423,1
0.011812,0.988188,1
0.048552,0.951448,1
0.020830,0.979170,1
0.007421,0.992579,1
0.232655,0.767345,1
0.047049,0.952951,1
0.770417,0.229583,0
0.087152,0.912848,1
0.155577,0.844423,1
0.819890,0.180110,0
0.418574,0.581426,1
0.025623,0.974377,1
0.385818,0.614182,1
0.028069,0.971931,1
0.046852,0.953148,1
0.035936,0.964064,1
0.936519,0.063481,0
0.548102,0.451898,0
0.028605,0.971395,1
0.013377,0.986623,1
0.027746,0.972254,1
0.144604,0.855396,1
0.735861,0.264139,0
0.029661,0.970339,1
0.037808,0.962192,1
0.051348,0.948652,1
0.016761,0.983239,1
0.235145,0.764855,1
0.023248,0.976752,1
0.217030,0.782970,1
0.835726,0.164274,0
0.012596,0.987404,1
0.897133,0.102867,0
0.101714,0.898286,1
0.297414,0.702586,1
0.112953,0.887047,1
0.181180,0.818820,1
0.013420,0.986580,1
0.046848,0.953152,1
0.525418,0.474582,0
0.004952,0.995048,1
0.914472,0.085528,0
0.449563,0.550437,1
0.022076,0.977924,1
0.017939,0.982061,1
0.053858,0.946142,1
0.167764,0.832236,1
0.104387,0.895613,1
0.187467,0.812533,1
0.012141,0.987859,1
0.038482,0.961518,1
0.093403,0.906597,1
0.134043,0.865957,1
0.150168,0.849832,1
0.072313,0.927687,1
0.389451,0.610549,1
0.030895,0.969105,1
0.115534,0.884466,1
0.576626,0.423374,0
0.034278,0.965722,1
0.046119,0.953881,1
0.120025,0.879975,1
0.058541,0.941459,1
0.013696,0.986304,1
0.035067,0.964933,1
0.078494,0.921506,1
0.041705,0.958295,1
0.008221,0.991779,1
0.029068,0.970932,1
0.019361,0.980639,1
0.016158,0.983842,1
0.021932,0.978068,1
0.021738,0.978262,1
0.133561,0.866439,1
0.058462,0.941538,1
0.029228,0.970772,1
0.010701,0.989299,1
0.018736,0.981264,1
0.684979,0.315021,0
0.163721,0.836279,1
0.828614,0.171386,0
0.596889,0.403111,0
0.073022,0.926978,1
0.027838,0.972162,1
0.135866,0.864134,1
0.027339,0.972661,1
0.014419,0.985581,1
0.639635,0.360365,0
0.022206,0.977794,1
0.925487,0.074513,0
0.075162,0.924838,1
0.837559,0.162441,0
0.043962,0.956038,1
0.089774,0.910226,1
0.031596,0.968404,1
0.555459,0.444541,0
0.024923,0.975077,1
0.020671,0.979329,1
0.832365,0.167635,0
0.432175,0.567825,1
0.318005,0.681995,1
0.507984,0.492016,0
0.328806,0.671194,1
0.031984,0.968016,1
0.031613,0.968387,1
0.023974,0.976026,1
0.015462,0.984538,1
0.007734,0.992266,1
0.223478,0.776522,1
0.023561,0.976439,1
0.388978,0.611022,1
0.022523,0.977477,1
0.018625,0.981375,1
0.967864,0.032136,0
0.038126,0.961874,1
0.023627,0.976373,1
0.025123,0.974877,1
0.050079,0.949921,1
0.200299,0.799701,1
0.023171,0.976829,1
0.671734,0.328266,0
0.028990,0.971010,1
0.572517,0.427483,0
0.062341,0.937659,1
0.017491,0.982509,1
0.046028,0.953972,1
0.030274,0.969726,1
0.011096,0.988904,1
0.121814,0.878186,1
0.102158,0.897842,1
0.078251,0.921749,1
0.802579,0.197421,0
0.019412,0.980588,1
0.013707,0.986293,1
0.021748,0.978252,1
0.116251,0.883749,1
0.028038,0.971962,1
0.007051,0.992949,1
0.578701,0.421299,0
0.888815,0.111185,0
0.100915,0.899085,1
0.017065,0.982935,1
0.397248,0.602752,1
0.038045,0.961955,1
0.035229,0.964771,1
0.555436,0.444564,0
0.042755,0.957245,1
0.585505,0.414495,0
0.025638,0.974362,1
0.283601,0.716399,1
0.183956,0.816044,1
0.023742,0.976258,1
0.831165,0.168835,0
0.285681,0.714319,1
0.105616,0.894384,1
0.179009,0.820991,1
0.012706,0.987294,1
0.011519,0.988481,1
0.027128,0.972872,1
0.018371,0.981629,1
0.055613,0.944387,1
0.063908,0.936092,1
0.021753,0.978247,1
0.060156,0.939844,1
0.005128,0.994872,1
0.363457,0.636543,1
0.147962,0.852038,1
0.433955,0.566045,1
0.024651,0.975349,1
0.055725,0.944275,1
0.124381,0.875619,1
0.031589,0.968411,1
0.032624,0.967376,1
0.075312,0.924688,1
0.058073,0.941927,1
0.017310,0.982690,1
0.018440,0.981560,1
0.623409,0.376591,0
0.016937,0.983063,1
0.026923,0.973077,1
0.008390,0.991610,1
0.018698,0.981302,1
0.058502,0.941498,1
0.029240,0.970760,1
0.032706,0.967294,1
0.787516,0.212484,0
0.080740,0.919260,1
0.576355,0.423645,0
0.747723,0.252277,0
0.154047,0.845953,1
0.936681,0.063319,0
0.829596,0.170404,0
0.171258,0.828742,1
0.141700,0.858300,1
0.045683,0.954317,1
0.011082,0.988918,1
0.028403,0.971597,1
0.053609,0.946391,1
0.353211,0.646789,1
0.035275,0.964725,1
0.175320,0.824680,1
0.021545,0.978455,1
0.019392,0.980608,1
0.041789,0.958211,1
0.026257,0.973743,1
0.136205,0.863795,1
0.818804,0.181196,0
0.111888,0.888112,1
0.042089,0.957911,1
0.012642,0.987358,1
0.017958,0.982042,1
0.014296,0.985704,1
0.028396,0.971604,1
0.021799,0.978201,1
0.887027,0.112973,0
0.698722,0.301278,0
0.016249,0.983751,1
0.040878,0.959122,1
0.570920,0.429080,0
0.022074,0.977926,1
0.438511,0.561489,1
0.154392,0.845608,1
0.098010,0.901990,1
0.039785,0.960215,1
0.233890,0.766110,1
0.030727,0.969273,1
0.035863,0.964137,1
0.057668,0.942332,1
0.478070,0.521930,1
0.894765,0.105235,0
0.289486,0.710514,1
0.026277,0.973723,1
0.029553,0.970447,1
0.008954,0.991046,1
0.035363,0.964637,1
0.028979,0.971021,1
0.031023,0.968977,1
0.224613,0.775387,1
0.086853,0.913147,1
0.025164,0.974836,1
0.837285,0.162715,0
0.618301,0.381699,0
0.012440,0.987560,1
0.187198,0.812802,1
0.035801,0.964199,1
0.022855,0.977145,1
0.091257,0.908743,1
0.040343,0.959657,1
0.010514,0.989486,1
0.096993,0.903007,1
0.032160,0.967840,1
0.014102,0.985898,1
0.013134,0.986866,1
0.889789,0.110211,0
0.387502,0.612498,1
0.969824,0.030176,0
0.969845,0.030155,0
0.769085,0.230915,0
0.023846,0.976154,1
0.890859,0.109141,0
0.048034,0.951966,1
0.035148,0.964852,1
0.316293,0.683707,1
0.037069,0.962931,1
0.133877,0.866123,1
0.011808,0.988192,1
0.007675,0.992325,1
0.907410,0.092590,0
0.917462,0.082538,0
0.602464,0.397536,0
0.024866,0.975134,1
0.021622,0.978378,1
0.018908,0.981092,1
0.032562,0.967438,1
0.023217,0.976783,1
0.087846,0.912154,1
0.089778,0.910222,1
0.018824,0.981176,1
0.118011,0.881989,1
0.806776,0.193224,0
0.646465,0.353535,0
0.215818,0.784182,1
0.011196,0.988804,1
0.216092,0.783908,1
0.184355,0.815645,1
0.037087,0.962913,1
0.041179,0.958821,1
0.045714,0.954286,1
0.794059,0.205941,0
0.063726,0.936274,1
0.069111,0.930889,1
0.013849,0.986151,1
0.017535,0.982465,1
0.223759,0.776241,1
0.164410,0.835590,1
0.084398,0.915602,1
0.902529,0.097471,0
0.017645,0.982355,1
0.263763,0.736237,1
0.072757,0.927243,1
0.073365,0.926635,1
0.004831,0.995169,1
0.029395,0.970605,1
0.027189,0.972811,1
0.091119,0.908881,1
0.017514,0.982486,1
0.099436,0.900564,1
0.121767,0.878233,1
0.083567,0.916433,1
0.038144,0.961856,1
0.030098,0.969902,1
0.119972,0.880028,1
0.017970,0.982030,1
0.031364,0.968636,1
0.029170,0.970830,1
0.028440,0.971560,1
0.036628,0.963372,1
0.807542,0.192458,0
0.013877,0.986123,1
0.033960,0.966040,1
0.027798,0.972202,1
0.038861,0.961139,1
0.036626,0.963374,1
0.299787,0.700213,1
0.020200,0.979800,1
0.084763,0.915237,1
0.013372,0.986628,1
0.525001,0.474999,0
0.128553,0.871447,1
0.467745,0.532255,1
0.024144,0.975856,1
0.120856,0.879144,1
0.481882,0.518118,1
0.087192,0.912808,1
0.029140,0.970860,1
0.505353,0.494647,0
0.174836,0.825164,1
0.061989,0.938011,1
0.680281,0.319719,0
0.078836,0.921164,1
0.007224,0.992776,1
0.046076,0.953924,1
0.667697,0.332303,0
0.861752,0.138248,0
0.030629,0.969371,1
0.068040,0.931960,1
0.040252,0.959748,1
0.058630,0.941370,1
0.034328,0.965672,1
0.037431,0.962569,1
0.152460,0.847540,1
0.092570,0.907430,1
0.017014,0.982986,1
0.011115,0.988885,1
0.070946,0.929054,1
0.685685,0.314315,0
0.027116,0.972884,1
0.019470,0.980530,1
0.048198,0.951802,1
0.035667,0.964333,1
0.117472,0.882528,1
0.041276,0.958724,1
0.030614,0.969386,1
0.082953,0.917047,1
0.040429,0.959571,1
0.026724,0.973276,1
0.028985,0.971015,1
0.094898,0.905102,1
0.549432,0.450568,0
0.128920,0.871080,1
0.138802,0.861198,1
0.766772,0.233228,0
0.875167,0.124833,0
0.013316,0.986684,1
0.008628,0.991372,1
0.020145,0.979855,1
0.356675,0.643325,1
0.451019,0.548981,1
0.932227,0.067773,0
0.022380,0.977620,1
0.014773,0.985227,1
0.027893,0.972107,1
0.073024,0.926976,1
0.052785,0.947215,1
0.057719,0.942281,1
0.086898,0.913102,1
0.066666,0.933334,1
0.014213,0.985787,1
0.845632,0.154368,0
0.027684,0.972316,1
0.295870,0.704130,1
0.481564,0.518436,1
0.055426,0.944574,1
0.024978,0.975022,1
0.036359,0.963641,1
0.014718,0.985282,1
0.015289,0.984711,1
0.521893,0.478107,0
0.050676,0.949324,1
0.546881,0.453119,0
0.197891,0.802109,1
0.833898,0.166102,0
0.269027,0.730973,1
0.009875,0.990125,1
0.033088,0.966912,1
0.054721,0.945279,1
0.009405,0.990595,1
0.006695,0.993305,1
0.048703,0.951297,1
0.896891,0.103109,0
0.038472,0.961528,1
0.014207,0.985793,1
0.016180,0.983820,1
0.090922,0.909078,1
0.007154,0.992846,1
0.033152,0.966848,1
0.863983,0.136017,0
0.412356,0.587644,1
0.021756,0.978244,1
0.052463,0.947537,1
0.023303,0.976697,1
0.182519,0.817481,1
0.053063,0.946937,1
0.609496,0.390504,0
0.027533,0.972467,1
0.019703,0.980297,1
0.170732,0.829268,1
0.035604,0.964396,1
0.102465,0.897535,1
0.017255,0.982745,1
0.020096,0.979904,1
0.335591,0.664409,1
0.007685,0.992315,1
0.026347,0.973653,1
0.809824,0.190176,0
0.817671,0.182329,0
0.051062,0.948938,1
0.025050,0.974950,1
0.716960,0.283040,0
0.082217,0.917783,1
0.101558,0.898442,1
0.029755,0.970245,1
0.783381,0.216619,0
0.536234,0.463766,0
0.016503,0.983497,1
0.042896,0.957104,1
0.035716,0.964284,1
0.086268,0.913732,1
0.845243,0.154757,0
0.898293,0.101707,0
0.051096,0.948904,1
0.010598,0.989402,1
0.138968,0.861032,1
0.020344,0.979656,1
0.038941,0.961059,1
0.960486,0.039514,0
0.030612,0.969388,1
0.021537,0.978463,1
0.163592,0.836408,1
0.012777,0.987223,1
0.071721,0.928279,1
0.040404,0.959596,1
0.008578,0.991422,1
0.482578,0.517422,1
0.024946,0.975054,1
0.684111,0.315889,0
0.020640,0.979360,1
0.675413,0.324587,0
0.360015,0.639985,1
0.459716,0.540284,1
0.028223,0.971777,1
0.911377,0.088623,0
0.024492,0.975508,1
0.300411,0.699589,1
0.027603,0.972397,1
0.046009,0.953991,1
0.331124,0.668876,1
0.890383,0.109617,0
0.025618,0.974382,1
0.136955,0.863045,1
0.375959,0.624041,1
0.094125,0.905875,1
0.020572,0.979428,1
0.015926,0.984074,1
0.927288,0.072712,0
0.021119,0.978881,1
0.025542,0.974458,1
0.019513,0.980487,1
0.013883,0.986117,1
0.027475,0.972525,1
0.025152,0.974848,1
0.101768,0.898232,1
0.041312,0.958688,1
0.727070,0.272930,0
0.209301,0.790699,1
0.204595,0.795405,1
0.010731,0.989269,1
0.242273,0.757727,1
0.032346,0.967654,1
0.458316,0.541684,1
0.008602,0.991398,1
0.043947,0.956053,1
0.032291,0.967709,1
0.190451,0.809549,1
0.659666,0.340334,0
0.042501,0.957499,1
0.719996,0.280004,0
0.047863,0.952137,1
0.119402,0.880598,1
0.071179,0.928821,1
0.012713,0.987287,1
0.106963,0.893037,1
0.008484,0.991516,1
0.014041,0.985959,1
0.373960,0.626040,1
0.035571,0.964429,1
0.117694,0.882306,1
0.008679,0.991321,1
0.015285,0.984715,1
0.017037,0.982963,1
0.046077,0.953923,1
0.116963,0.883037,1
0.041842,0.958158,1
0.033963,0.966037,1
0.080445,0.919555,1
0.030001,0.969999,1
0.098177,0.901823,1
0.023603,0.976397,1
0.070874,0.929126,1
0.080726,0.919274,1
0.025612,0.974388,1
0.734809,0.265191,0
0.621669,0.378331,0
0.067746,0.932254,1
0.614034,0.385966,0
0.860155,0.139845,0
0.211873,0.788127,1
0.535300,0.464700,0
0.179139,0.820861,1
0.010112,0.989888,1
0.157953,0.842047,1
0.017224,0.982776,1
0.016236,0.983764,1
0.762687,0.237313,0
0.391740,0.608260,1
0.191469,0.808531,1
0.055457,0.944543,1
0.030571,0.969429,1
0.063048,0.936952,1
0.784302,0.215698,0
0.111453,0.888547,1
0.917073,0.082927,0
0.047671,0.952329,1
0.019544,0.980456,1
0.073710,0.926290,1
0.148914,0.851086,1
0.010455,0.989545,1
0.263079,0.736921,1
0.831443,0.168557,0
0.025140,0.974860,1
0.014676,0.985324,1
0.012859,0.987141,1
0.026056,0.973944,1
0.311074,0.688926,1
0.018530,0.981470,1
0.040342,0.959658,1
0.650419,0.349581,0
0.025562,0.974438,1
0.008255,0.991745,1
0.228079,0.771921,1
0.099179,0.900821,1
0.709550,0.290450,0
0.717514,0.282486,0
0.329079,0.670921,1
0.013406,0.986594,1
0.134847,0.865153,1
0.017301,0.982699,1
0.029349,0.970651,1
0.285260,0.714740,1
0.121927,0.878073,1
0.031670,0.968330,1
0.019872,0.980128,1
0.723352,0.276648,0
0.032402,0.967598,1
0.041716,0.958284,1
0.831955,0.168045,0
0.036415,0.963585,1
0.711587,0.288413,0
0.026839,0.973161,1
0.894802,0.105198,0
0.067656,0.932344,1
0.095179,0.904821,1
0.018548,0.981452,1
0.260678,0.739322,1
0.266253,0.733747,1
0.022197,0.977803,1
0.058839,0.941161,1
0.027118,0.972882,1
0.097846,0.902154,1
0.136402,0.863598,1
0.059466,0.940534,1
0.014967,0.985033,1
0.021893,0.978107,1
0.070864,0.929136,1
0.022300,0.977700,1
0.033968,0.966032,1
0.025661,0.974339,1
0.036937,0.963063,1
0.023942,0.976058,1
0.014717,0.985283,1
0.193875,0.806125,1
0.530689,0.469311,0
0.033638,0.966362,1
0.047471,0.952529,1
0.015199,0.984801,1
0.924344,0.075656,0
0.064822,0.935178,1
0.051529,0.948471,1
0.058264,0.941736,1
0.211642,0.788358,1
0.009555,0.990445,1
0.159416,0.840584,1
0.019694,0.980306,1
0.071454,0.928546,1
0.264151,0.735849,1
0.011905,0.988095,1
0.010771,0.989229,1
0.019010,0.980990,1
0.062120,0.937880,1
0.012046,0.987954,1
0.035521,0.964479,1
0.478663,0.521337,1
0.788862,0.211138,0
0.024624,0.975376,1
0.097684,0.902316,1
0.053560,0.946440,1
0.445793,0.554207,1
0.035817,0.964183,1
0.013040,0.986960,1
0.226715,0.773285,1
0.853618,0.146382,0
0.020130,0.979870,1
0.453824,0.546176,1
0.954791,0.045209,0
0.761113,0.238887,0
0.033226,0.966774,1
0.174520,0.825480,1
0.035966,0.964034,1
0.029739,0.970261,1
0.038214,0.961786,1
0.018983,0.981017,1
0.014059,0.985941,1
0.504331,0.495669,0
0.013359,0.986641,1
0.021431,0.978569,1
0.212333,0.787667,1
0.212806,0.787194,1
0.170012,0.829988,1
0.545709,0.454291,0
0.846699,0.153301,0
0.019195,0.980805,1
0.013802,0.986198,1
0.041755,0.958245,1
0.015660,0.984340,1
0.124828,0.875172,1
0.018814,0.981186,1
0.234501,0.765499,1
0.038505,0.961495,1
0.095758,0.904242,1
0.157849,0.842151,1
0.130545,0.869455,1
0.023297,0.976703,1
0.077838,0.922162,1
0.145103,0.854897,1
0.029924,0.970076,1
0.010781,0.989219,1
0.085278,0.914722,1
0.111633,0.888367,1
0.065127,0.934873,1
0.807933,0.192067,0
0.013662,0.986338,1
0.008030,0.991970,1
0.032972,0.967028,1
0.017785,0.982215,1
0.017280,0.982720,1
0.252522,0.747478,1
0.039508,0.960492,1
0.026763,0.973237,1
0.079337,0.920663,1
0.008731,0.991269,1
0.757463,0.242537,0
0.004646,0.995354,1
0.401852,0.598148,1
0.060756,0.939244,1
0.050664,0.949336,1
0.059151,0.940849,1
0.103138,0.896862,1
0.034571,0.965429,1
0.015545,0.984455,1
0.017731,0.982269,1
0.055695,0.944305,1
0.839621,0.160379,0
0.014972,0.985028,1
0.022260,0.977740,1
0.328488,0.671512,1
0.829386,0.170614,0
0.081824,0.918176,1
0.021941,0.978059,1
0.550586,0.449414,0
0.020372,0.979628,1
0.768525,0.231475,0
0.040854,0.959146,1
0.037367,0.962633,1
0.042972,0.957028,1
0.191842,0.808158,1
0.024471,0.975529,1
0.114655,0.885345,1
0.055781,0.944219,1
0.027130,0.972870,1
0.014251,0.985749,1
0.506410,0.493590,0
0.363112,0.636888,1
0.724353,0.275647,0
0.009149,0.990851,1
0.301376,0.698624,1
0.009926,0.990074,1
0.174631,0.825369,1
0.049430,0.950570,1
0.097264,0.902736,1
0.013286,0.986714,1
0.014563,0.985437,1
0.907589,0.092411,0
0.033151,0.966849,1
0.929088,0.070912,0
0.018724,0.981276,1
0.011739,0.988261,1
0.017635,0.982365,1
0.810207,0.189793,0
0.031461,0.968539,1
0.016899,0.983101,1
0.233188,0.766812,1
0.005487,0.994513,1
0.027437,0.972563,1
0.028700,0.971300,1
0.233831,0.766169,1
0.028847,0.971153,1
0.909519,0.090481,0
0.023875,0.976125,1
0.591957,0.408043,0
0.623282,0.376718,0
0.037153,0.962847,1
0.020964,0.979036,1
0.629361,0.370639,0
0.563760,0.436240,0
0.112402,0.887598,1
0.044126,0.955874,1
0.031559,0.968441,1
0.016436,0.983564,1
0.822597,0.177403,0
0.864250,0.135750,0
0.019238,0.980762,1
0.204425,0.795575,1
0.020418,0.979582,1
0.021316,0.978684,1
0.884473,0.115527,0
0.020044,0.979956,1
0.322093,0.677907,1
0.016449,0.983551,1
0.025497,0.974503,1
0.088478,0.911522,1
0.028021,0.971979,1
0.019129,0.980871,1
0.016013,0.983987,1
0.057440,0.942560,1
0.037426,0.962574,1
0.291361,0.708639,1
0.889501,0.110499,0
0.329683,0.670317,1
0.010721,0.989279,1
0.022780,0.977220,1
0.033995,0.966005,1
0.020153,0.979847,1
0.915132,0.084868,0
0.059410,0.940590,1
0.913636,0.086364,0
0.786120,0.213880,0
0.716608,0.283392,0
0.426492,0.573508,1
0.167012,0.832988,1
0.021826,0.978174,1
0.012795,0.987205,1
0.008460,0.991540,1
0.016480,0.983520,1
0.017714,0.982286,1
0.639059,0.360941,0
0.033238,0.966762,1
0.064883,0.935117,1
0.107245,0.892755,1
0.062755,0.937245,1
0.073021,0.926979,1
0.027101,0.972899,1
0.044471,0.955529,1
0.201688,0.798312,1
0.044604,0.955396,1
0.092159,0.907841,1
0.026420,0.973580,1
0.138980,0.861020,1
0.028328,0.971672,1
0.083915,0.916085,1
0.013317,0.986683,1
0.027670,0.972330,1
0.927997,0.072003,0
0.036537,0.963463,1
0.080717,0.919283,1
0.603927,0.396073,0
0.039493,0.960507,1
0.758558,0.241442,0
0.027543,0.972457,1
0.307257,0.692743,1
0.021509,0.978491,1
0.004584,0.995416,1
0.005907,0.994093,1
0.224761,0.775239,1
0.089544,0.910456,1
0.066022,0.933978,1
0.360185,0.639815,1
0.076411,0.923589,1
0.906720,0.093280,0
0.143398,0.856602,1
0.043270,0.956730,1
0.028087,0.971913,1
0.035860,0.964140,1
0.698670,0.301330,0
0.398688,0.601312,1
0.616403,0.383597,0
0.018623,0.981377,1
0.618467,0.381533,0
0.038315,0.961685,1
0.476033,0.523967,1
0.035708,0.964292,1
0.064468,0.935532,1
0.109957,0.890043,1
0.047149,0.952851,1
0.920718,0.079282,0
0.864808,0.135192,0
0.024814,0.975186,1
0.026442,0.973558,1
0.034558,0.965442,1
0.906863,0.093137,0
0.015908,0.984092,1
0.713035,0.286965,0
0.037822,0.962178,1
0.022110,0.977890,1
0.093170,0.906830,1
0.035783,0.964217,1
0.066368,0.933632,1
0.029766,0.970234,1
0.032249,0.967751,1
0.209711,0.790289,1
0.038109,0.961891,1
0.811221,0.188779,0
0.010318,0.989682,1
0.083445,0.916555,1
0.909779,0.090221,0
0.063098,0.936902,1
0.461601,0.538399,1
0.170742,0.829258,1
0.101642,0.898358,1
0.388108,0.611892,1
0.011827,0.988173,1
0.019484,0.980516,1
0.015785,0.984215,1
0.033179,0.966821,1
0.017750,0.982250,1
0.612051,0.387949,0
0.019876,0.980124,1
0.910571,0.089429,0
0.028332,0.971668,1
0.059985,0.940015,1
0.018846,0.981154,1
0.020311,0.979689,1
0.015042,0.984958,1
0.225855,0.774145,1
0.034679,0.965321,1
0.190472,0.809528,1
0.859771,0.140229,0
0.042264,0.957736,1
0.831288,0.168712,0
0.556945,0.443055,0
0.007395,0.992605,1
0.046224,0.953776,1
0.725611,0.274389,0
0.332416,0.667584,1
0.206409,0.793591,1
0.048569,0.951431,1
0.030798,0.969202,1
0.031581,0.968419,1
0.433888,0.566112,1
0.051679,0.948321,1
0.022848,0.977152,1
0.027244,0.972756,1
0.039175,0.960825,1
0.046509,0.953491,1
0.660618,0.339382,0
0.013639,0.986361,1
0.051184,0.948816,1
0.775025,0.224975,0
0.005798,0.994202,1
0.155354,0.844646,1
0.634755,0.365245,0
0.839440,0.160560,0
0.061160,0.938840,1
0.420802,0.579198,1
0.012468,0.987532,1
0.109667,0.890333,1
0.015322,0.984678,1
0.015085,0.984915,1
0.877098,0.122902,0
0.018516,0.981484,1
0.062989,0.937011,1
0.050260,0.949740,1
0.007610,0.992390,1
0.041953,0.958047,1
0.218751,0.781249,1
0.016831,0.983169,1
0.011574,0.988426,1
0.947561,0.052439,0
0.865148,0.134852,0
0.090292,0.909708,1
0.025310,0.974690,1
0.018898,0.981102,1
0.053784,0.946216,1
0.022363,0.977637,1
0.302865,0.697135,1
0.278854,0.721146,1
0.114528,0.885472,1
0.021985,0.978015,1
0.559439,0.440561,0
0.006758,0.993242,1
0.037174,0.962826,1
0.364455,0.635545,1
0.018494,0.981506,1
0.043044,0.956956,1
0.224492,0.775508,1
0.006025,0.993975,1
0.268341,0.731659,1
0.262260,0.737740,1
0.341439,0.658561,1
0.701813,0.298187,0
0.105121,0.894879,1
0.010522,0.989478,1
0.357165,0.642835,1
0.068861,0.931139,1
0.011678,0.988322,1
0.027797,0.972203,1
0.724121,0.275879,0
0.101502,0.898498,1
0.039896,0.960104,1
0.815768,0.184232,0
0.023322,0.976678,1
0.298030,0.701970,1
0.578078,0.421922,0
0.183771,0.816229,1
0.030533,0.969467,1
0.038985,0.961015,1
0.207515,0.792485,1
0.131924,0.868076,1
0.025852,0.974148,1
0.495693,0.504307,1
0.894901,0.105099,0
0.071836,0.928164,1
0.038255,0.961745,1
0.036497,0.963503,1
0.007520,0.992480,1
0.017740,0.982260,1
0.020456,0.979544,1
0.028838,0.971162,1
0.485160,0.514840,1
0.008502,0.991498,1
0.028267,0.971733,1
0.020636,0.979364,1
0.524871,0.475129,0
0.717503,0.282497,0
0.011252,0.988748,1
0.012234,0.987766,1
0.029503,0.970497,1
0.132598,0.867402,1
0.022741,0.977259,1
0.037295,0.962705,1
0.066474,0.933526,1
0.925904,0.074096,0
0.052440,0.947560,1
0.079069,0.920931,1
0.050289,0.949711,1
0.013842,0.986158,1
0.610486,0.389514,0
0.050703,0.949297,1
0.074812,0.925188,1
0.278244,0.721756,1
0.108988,0.891012,1
0.013218,0.986782,1
0.441484,0.558516,1
0.714232,0.285768,0
0.188422,0.811578,1
0.008224,0.991776,1
0.014846,0.985154,1
0.144238,0.855762,1
0.168628,0.831372,1
0.729755,0.270245,0
0.197498,0.802502,1
0.138536,0.861464,1
0.043145,0.956855,1
0.487721,0.512279,1
0.232575,0.767425,1
0.602063,0.397937,0
0.036149,0.963851,1
0.101421,0.898579,1
0.780928,0.219072,0
0.016107,0.983893,1
0.670850,0.329150,0
0.113617,0.886383,1
0.328793,0.671207,1
0.697975,0.302025,0
0.010388,0.989612,1
0.045361,0.954639,1
0.019731,0.980269,1
0.095292,0.904708,1
0.022451,0.977549,1
0.721740,0.278260,0
0.028235,0.971765,1
0.021267,0.978733,1
0.041090,0.958910,1
0.016009,0.983991,1
0.021812,0.978188,1
0.018978,0.981022,1
0.026488,0.973512,1
0.012231,0.987769,1
0.024961,0.975039,1
0.420641,0.579359,1
0.144005,0.855995,1
0.024641,0.975359,1
0.122384,0.877616,1
0.014572,0.985428,1
0.467645,0.532355,1
0.040355,0.959645,1
0.821928,0.178072,0
0.225912,0.774088,1
0.008083,0.991917,1
0.027202,0.972798,1
0.015329,0.984671,1
0.026843,0.973157,1
0.073699,0.926301,1
0.015660,0.984340,1
0.052268,0.947732,1
0.021913,0.978087,1
0.207561,0.792439,1
0.880959,0.119041,0
0.792660,0.207340,0
0.018050,0.981950,1
0.023930,0.976070,1
0.011836,0.988164,1
0.248913,0.751087,1
0.166373,0.833627,1
0.810816,0.189184,0
0.266086,0.733914,1
0.961591,0.038409,0
0.114039,0.885961,1
0.270074,0.729926,1
0.809724,0.190276,0
0.736927,0.263073,0
0.020676,0.979324,1
0.022639,0.977361,1
0.057910,0.942090,1
0.014829,0.985171,1
0.044668,0.955332,1
0.020427,0.979573,1
0.013578,0.986422,1
0.183851,0.816149,1
0.583794,0.416206,0
0.790245,0.209755,0
0.105949,0.894051,1
0.011188,0.988812,1
0.269542,0.730458,1
0.688412,0.311588,0
0.034058,0.965942,1
0.012170,0.987830,1
0.024021,0.975979,1
0.018832,0.981168,1
0.045639,0.954361,1
0.011578,0.988422,1
0.007187,0.992813,1
0.170820,0.829180,1
0.015141,0.984859,1
0.015234,0.984766,1
0.061343,0.938657,1
0.046524,0.953476,1
0.556389,0.443611,0
0.913237,0.086763,0
0.104296,0.895704,1
0.014428,0.985572,1
0.381356,0.618644,1
0.172179,0.827821,1
0.027647,0.972353,1
0.578209,0.421791,0
0.138002,0.861998,1
0.036821,0.963179,1
0.012209,0.987791,1
0.018581,0.981419,1
0.010581,0.989419,1
0.049094,0.950906,1
0.028301,0.971699,1
0.021102,0.978898,1
0.031891,0.968109,1
0.013272,0.986728,1
0.074751,0.925249,1
0.043939,0.956061,1
0.017410,0.982590,1
0.182572,0.817428,1
0.105137,0.894863,1
0.008803,0.991197,1
0.899212,0.100788,0
0.142049,0.857951,1
0.265261,0.734739,1
0.010567,0.989433,1
0.017417,0.982583,1
0.301171,0.698829,1
0.027820,0.972180,1
0.667924,0.332076,0
0.443407,0.556593,1
0.013891,0.986109,1
0.025037,0.974963,1
0.010891,0.989109,1
0.157183,0.842817,1
0.016739,0.983261,1
0.051703,0.948297,1
0.113264,0.886736,1
0.034287,0.965713,1
0.044171,0.955829,1
0.031971,0.968029,1
0.696145,0.303855,0
0.028462,0.971538,1
0.036599,0.963401,1
0.843657,0.156343,0
0.046978,0.953022,1
0.314856,0.685144,1
0.816828,0.183172,0
0.117061,0.882939,1
0.037113,0.962887,1
0.618832,0.381168,0
0.344710,0.655290,1
0.056186,0.943814,1
0.330420,0.669580,1
0.039217,0.960783,1
0.133227,0.866773,1
0.018905,0.981095,1
0.055970,0.944030,1
0.514970,0.485030,0
0.114208,0.885792,1
0.837016,0.162984,0
0.021824,0.978176,1
0.046863,0.953137,1
0.591614,0.408386,0
0.014397,0.985603,1
0.610166,0.389834,0
0.058241,0.941759,1
0.022244,0.977756,1
0.850038,0.149962,0
0.894358,0.105642,0
0.183122,0.816878,1
0.025211,0.974789,1
0.134912,0.865088,1
0.017679,0.982321,1
0.067682,0.932318,1
0.054305,0.945695,1
0.329903,0.670097,1
0.012100,0.987900,1
0.044016,0.955984,1
0.571397,0.428603,0
0.017733,0.982267,1
0.012920,0.987080,1
0.844010,0.155990,0
0.917508,0.082492,0
0.117746,0.882254,1
0.008710,0.991290,1
0.513560,0.486440,0
0.022044,0.977956,1
0.306922,0.693078,1
0.793012,0.206988,0
0.017037,0.982963,1
0.006934,0.993066,1
0.732903,0.267097,0
0.110511,0.889489,1
0.027093,0.972907,1
0.010156,0.989844,1
0.132573,0.867427,1
0.884965,0.115035,0
0.008807,0.991193,1
0.064942,0.935058,1
0.090618,0.909382,1
0.291759,0.708241,1
0.884381,0.115619,0
0.004818,0.995182,1
0.041613,0.958387,1
0.506840,0.493160,0
0.948722,0.051278,0
0.046152,0.953848,1
0.032279,0.967721,1
0.368322,0.631678,1
0.042658,0.957342,1
0.209890,0.790110,1
0.015614,0.984386,1
0.221163,0.778837,1
0.012707,0.987293,1
0.715767,0.284233,0
0.567339,0.432661,0
0.215978,0.784022,1
0.033788,0.966212,1
0.018076,0.981924,1
0.097097,0.902903,1
0.009064,0.990936,1
0.140093,0.859907,1
0.014562,0.985438,1
0.941159,0.058841,0
0.022954,0.977046,1
0.022684,0.977316,1
0.035565,0.964435,1
0.204892,0.795108,1
0.060246,0.939754,1
0.027217,0.972783,1
0.049125,0.950875,1
0.038749,0.961251,1
0.032330,0.967670,1
0.081073,0.918927,1
0.016803,0.983197,1
0.040852,0.959148,1
0.077470,0.922530,1
0.139283,0.860717,1
0.642158,0.357842,0
0.222279,0.777721,1
0.015043,0.984957,1
0.117631,0.882369,1
0.291224,0.708776,1
0.452107,0.547893,1
0.019640,0.980360,1
0.056951,0.943049,1
0.266763,0.733237,1
0.056791,0.943209,1
0.011908,0.988092,1
0.061768,0.938232,1
0.028177,0.971823,1
0.903918,0.096082,0
0.059035,0.940965,1
0.259978,0.740022,1
0.832531,0.167469,0
0.837998,0.162002,0
0.472016,0.527984,1
0.056883,0.943117,1
0.151550,0.848450,1
0.039160,0.960840,1
0.013754,0.986246,1
0.012440,0.987560,1
0.809476,0.190524,0
0.058815,0.941185,1
0.342524,0.657476,1
0.029107,0.970893,1
0.097281,0.902719,1
0.800107,0.199893,0
0.093738,0.906262,1
0.021148,0.978852,1
0.015054,0.984946,1
0.254554,0.745446,1
0.115762,0.884238,1
0.018597,0.981403,1
0.492952,0.507048,1
0.665634,0.334366,0
0.054842,0.945158,1
0.054240,0.945760,1
0.073776,0.926224,1
0.025520,0.974480,1
0.097406,0.902594,1
0.136370,0.863630,1
0.427508,0.572492,1
0.029471,0.970529,1
0.692055,0.307945,0
0.112543,0.887457,1
0.051368,0.948632,1
0.028573,0.971427,1
0.392568,0.607432,1
0.039701,0.960299,1
0.586252,0.413748,0
0.025854,0.974146,1
0.015000,0.985000,1
0.023182,0.976818,1
0.781916,0.218084,0
0.254226,0.745774,1
0.026179,0.973821,1
0.047348,0.952652,1
0.012181,0.987819,1
0.034158,0.965842,1
0.718004,0.281996,0
0.008774,0.991226,1
0.006498,0.993502,1
0.110764,0.889236,1
0.012366,0.987634,1
0.439217,0.560783,1
0.011746,0.988254,1
0.072682,0.927318,1
0.960356,0.039644,0
0.019163,0.980837,1
0.327479,0.672521,1
0.045316,0.954684,1
0.340304,0.659696,1
0.013490,0.986510,1
0.904851,0.095149,0
0.760995,0.239005,0
0.910813,0.089187,0
0.070705,0.929295,1
0.032194,0.967806,1
0.024409,0.975591,1
0.034787,0.965213,1
0.014195,0.985805,1
0.307426,0.692574,1
0.020000,0.980000,1
0.021355,0.978645,1
0.703325,0.296675,0
0.435383,0.564617,1
0.029373,0.970627,1
0.012410,0.987590,1
0.018346,0.981654,1
0.007551,0.992449,1
0.079035,0.920965,1
0.031772,0.968228,1
0.367449,0.632551,1
0.133840,0.866160,1
0.100938,0.899062,1
0.014844,0.985156,1
0.017352,0.982648,1
0.018241,0.981759,1
0.022588,0.977412,1
0.019110,0.980890,1
0.017707,0.982293,1
0.036305,0.963695,1
0.012913,0.987087,1
0.032575,0.967425,1
0.062146,0.937854,1
0.033775,0.966225,1
0.098280,0.901720,1
0.025350,0.974650,1
0.013686,0.986314,1
0.034197,0.965803,1
0.015810,0.984190,1
0.015240,0.984760,1
0.005786,0.994214,1
0.031357,0.968643,1
0.021990,0.978010,1
0.044040,0.955960,1
0.027346,0.972654,1
0.023496,0.976504,1
0.044503,0.955497,1
0.147747,0.852253,1
0.019608,0.980392,1
0.011930,0.988070,1
0.018284,0.981716,1
0.689173,0.310827,0
0.025152,0.974848,1
0.314459,0.685541,1
0.024706,0.975294,1
0.418569,0.581431,1
0.383072,0.616928,1
0.049488,0.950512,1
0.032735,0.967265,1
0.016856,0.983144,1
0.326091,0.673909,1
0.028449,0.971551,1
0.031049,0.968951,1
0.038203,0.961797,1
0.022602,0.977398,1
0.040919,0.959081,1
0.109539,0.890461,1
0.014231,0.985769,1
0.011769,0.988231,1
0.899753,0.100247,0
0.498360,0.501640,1
0.025986,0.974014,1
0.046693,0.953307,1
0.013077,0.986923,1
0.044701,0.955299,1
0.057174,0.942826,1
0.051985,0.948015,1
0.024506,0.975494,1
0.146123,0.853877,1
0.028943,0.971057,1
0.575840,0.424160,0
0.031535,0.968465,1
0.037114,0.962886,1
0.024878,0.975122,1
0.039179,0.960821,1
0.064788,0.935212,1
0.873759,0.126241,0
0.297780,0.702220,1
0.533902,0.466098,0
0.047376,0.952624,1
0.280670,0.719330,1
0.015685,0.984315,1
0.592096,0.407904,0
0.624772,0.375228,0
0.021881,0.978119,1
0.012534,0.987466,1
0.125946,0.874054,1
0.334253,0.665747,1
0.154993,0.845007,1
0.725823,0.274177,0
0.065886,0.934114,1
0.031691,0.968309,1
0.015929,0.984071,1
0.096168,0.903832,1
0.015097,0.984903,1
0.013998,0.986002,1
0.006022,0.993978,1
0.014768,0.985232,1
0.014754,0.985246,1
0.097344,0.902656,1
0.022936,0.977064,1
0.086080,0.913920,1
0.159021,0.840979,1
0.058568,0.941432,1
0.041784,0.958216,1
0.048260,0.951740,1
0.023368,0.976632,1
0.896700,0.103300,0
0.435216,0.564784,1
0.046103,0.953897,1
0.879174,0.120826,0
0.284025,0.715975,1
0.022404,0.977596,1
0.054582,0.945418,1
0.016594,0.983406,1
0.093461,0.906539,1
0.018623,0.981377,1
0.038493,0.961507,1
0.005010,0.994990,1
0.304117,0.695883,1
0.011611,0.988389,1
0.701282,0.298718,0
0.015467,0.984533,1
0.016203,0.983797,1
0.311893,0.688107,1
0.771797,0.228203,0
0.655827,0.344173,0
0.029381,0.970619,1
0.012103,0.987897,1
0.025327,0.974673,1
0.032503,0.967497,1
0.059791,0.940209,1
0.032197,0.967803,1
0.616140,0.383860,0
0.022930,0.977070,1
0.118923,0.881077,1
0.006615,0.993385,1
0.109367,0.890633,1
0.545993,0.454007,0
0.553752,0.446248,0
0.881660,0.118340,0
0.013487,0.986513,1
0.017440,0.982560,1
0.044342,0.955658,1
0.033671,0.966329,1
0.029527,0.970473,1
0.014768,0.985232,1
0.037134,0.962866,1
0.017084,0.982916,1
0.032553,0.967447,1
0.011769,0.988231,1
0.131270,0.868730,1
0.067685,0.932315,1
0.034222,0.965778,1
0.043477,0.956523,1
0.202351,0.797649,1
0.031864,0.968136,1
0.029364,0.970636,1
0.036642,0.963358,1
0.018123,0.981877,1
0.026321,0.973679,1
0.018784,0.981216,1
0.010271,0.989729,1
0.009480,0.990520,1
0.019641,0.980359,1
0.051821,0.948179,1
0.017861,0.982139,1
0.396906,0.603094,1
0.733675,0.266325,0
0.127083,0.872917,1
0.031175,0.968825,1
0.062051,0.937949,1
0.123589,0.876411,1
0.013665,0.986335,1
0.049403,0.950597,1
0.086405,0.913595,1
0.677920,0.322080,0
0.011439,0.988561,1
0.078233,0.921767,1
0.014682,0.985318,1
0.061848,0.938152,1
0.032643,0.967357,1
0.007153,0.992847,1
0.100422,0.899578,1
0.103613,0.896387,1
0.236119,0.763881,1
0.492522,0.507478,1
0.021296,0.978704,1
0.023069,0.976931,1
0.590142,0.409858,0
0.208992,0.791008,1
0.013351,0.986649,1
0.808814,0.191186,0
0.010264,0.989736,1
0.594316,0.405684,0
0.013988,0.986012,1
0.020758,0.979242,1
0.012645,0.987355,1
0.017548,0.982452,1
0.025624,0.974376,1
0.010424,0.989576,1
0.448681,0.551319,1
0.162994,0.837006,1
0.090659,0.909341,1
0.162456,0.837544,1
0.041500,0.958500,1
0.015293,0.984707,1
0.025565,0.974435,1
0.082679,0.917321,1
0.038819,0.961181,1
0.011358,0.988642,1
0.021838,0.978162,1
0.042050,0.957950,1
0.019622,0.980378,1
0.431223,0.568777,1
0.075629,0.924371,1
0.198162,0.801838,1
0.074572,0.925428,1
0.358513,0.641487,1
0.502454,0.497546,0
0.023014,0.976986,1
0.024165,0.975835,1
0.044271,0.955729,1
0.896224,0.103776,0
0.018415,0.981585,1
0.010024,0.989976,1
0.024623,0.975377,1
0.116423,0.883577,1
0.022124,0.977876,1
0.012964,0.987036,1
0.022946,0.977054,1
0.018251,0.981749,1
0.075574,0.924426,1
0.018387,0.981613,1
0.018110,0.981890,1
0.014608,0.985392,1
0.139028,0.860972,1
0.019534,0.980466,1
0.038195,0.961805,1
0.310912,0.689088,1
0.224442,0.775558,1
0.265512,0.734488,1
0.026548,0.973452,1
0.090097,0.909903,1
0.030429,0.969571,1
0.009101,0.990899,1
0.561747,0.438253,0
0.047367,0.952633,1
0.851900,0.148100,0
0.029606,0.970394,1
0.177725,0.822275,1
0.340412,0.659588,1
0.015786,0.984214,1
0.082891,0.917109,1
0.103360,0.896640,1
0.036385,0.963615,1
0.087802,0.912198,1
0.025820,0.974180,1
0.036557,0.963443,1
0.015363,0.984637,1
0.016436,0.983564,1
0.023934,0.976066,1
0.011216,0.988784,1
0.588568,0.411432,0
0.029806,0.970194,1
0.048966,0.951034,1
0.018488,0.981512,1
0.018889,0.981111,1
0.147903,0.852097,1
0.113219,0.886781,1
0.008657,0.991343,1
0.067515,0.932485,1
0.897322,0.102678,0
0.023752,0.976248,1
0.012057,0.987943,1
0.031961,0.968039,1
0.126260,0.873740,1
0.014701,0.985299,1
0.386196,0.613804,1
0.872461,0.127539,0
0.054007,0.945993,1
0.778033,0.221967,0
0.027075,0.972925,1
0.040644,0.959356,1
0.100829,0.899171,1
0.038397,0.961603,1
0.005117,0.994883,1
0.022993,0.977007,1
0.011808,0.988192,1
0.027841,0.972159,1
0.071603,0.928397,1
0.025091,0.974909,1
0.927868,0.072132,0
0.058905,0.941095,1
0.024827,0.975173,1
0.028238,0.971762,1
0.330829,0.669171,1
0.952754,0.047246,0
0.020341,0.979659,1
0.014261,0.985739,1
0.076431,0.923569,1
0.113871,0.886129,1
0.404853,0.595147,1
0.035105,0.964895,1
0.018416,0.981584,1
0.024470,0.975530,1
0.018995,0.981005,1
0.135214,0.864786,1
0.030361,0.969639,1
0.018628,0.981372,1
0.032891,0.967109,1
0.112687,0.887313,1
0.050430,0.949570,1
0.507160,0.492840,0
0.015492,0.984508,1
0.142669,0.857331,1
0.014446,0.985554,1
0.184821,0.815179,1
0.029669,0.970331,1
0.107981,0.892019,1
0.040913,0.959087,1
0.065839,0.934161,1
0.964141,0.035859,0
0.015652,0.984348,1
0.060130,0.939870,1
0.792954,0.207046,0
0.274788,0.725212,1
0.085480,0.914520,1
0.015753,0.984247,1
0.217533,0.782467,1
0.016240,0.983760,1
0.556133,0.443867,0
0.850471,0.149529,0
0.183840,0.816160,1
0.030742,0.969258,1
0.014792,0.985208,1
0.153093,0.846907,1
0.138510,0.861490,1
0.037826,0.962174,1
0.063476,0.936524,1
0.023336,0.976664,1
0.011633,0.988367,1
0.109472,0.890528,1
0.049308,0.950692,1
0.013369,0.986631,1
0.039259,0.960741,1
0.044751,0.955249,1
0.463927,0.536073,1
0.021316,0.978684,1
0.391774,0.608226,1
0.022383,0.977617,1
0.043285,0.956715,1
0.030089,0.969911,1
0.033653,0.966347,1
0.040119,0.959881,1
0.949108,0.050892,0
0.201897,0.798103,1
0.441817,0.558183,1
0.365169,0.634831,1
0.136051,0.863949,1
0.863009,0.136991,0
0.017369,0.982631,1
0.023727,0.976273,1
0.024501,0.975499,1
0.526670,0.473330,0
0.040249,0.959751,1
0.067718,0.932282,1
0.015494,0.984506,1
0.445854,0.554146,1
0.014173,0.985827,1
0.362044,0.637956,1
0.008079,0.991921,1
0.127216,0.872784,1
0.226335,0.773665,1
0.713811,0.286189,0
0.017467,0.982533,1
0.557020,0.442980,0
0.013886,0.986114,1
0.007823,0.992177,1
0.030591,0.969409,1
0.027596,0.972404,1
0.012458,0.987542,1
0.040687,0.959313,1
0.006126,0.993874,1
0.040276,0.959724,1
0.018435,0.981565,1
0.553185,0.446815,0
0.030854,0.969146,1
0.015404,0.984596,1
0.029913,0.970087,1
0.780306,0.219694,0
0.563008,0.436992,0
0.251220,0.748780,1
0.030197,0.969803,1
0.483994,0.516006,1
0.973347,0.026653,0
0.062430,0.937570,1
0.018357,0.981643,1
0.516232,0.483768,0
0.051959,0.948041,1
0.255287,0.744713,1
0.016727,0.983273,1
0.135288,0.864712,1
0.848750,0.151250,0
0.010374,0.989626,1
0.177393,0.822607,1
0.087996,0.912004,1
0.013228,0.986772,1
0.311202,0.688798,1
0.015137,0.984863,1
0.027849,0.972151,1
0.007040,0.992960,1
0.065634,0.934366,1
0.231161,0.768839,1
0.027961,0.972039,1
0.008353,0.991647,1
0.047115,0.952885,1
0.065174,0.934826,1
0.113966,0.886034,1
0.419119,0.580881,1
0.025317,0.974683,1
0.050632,0.949368,1
0.034346,0.965654,1
0.023396,0.976604,1
0.006129,0.993871,1
0.709825,0.290175,0
0.737726,0.262274,0
0.039259,0.960741,1
0.035549,0.964451,1
0.358223,0.641777,1
0.673363,0.326637,0
0.016020,0.983980,1
0.084275,0.915725,1
0.296304,0.703696,1
0.083055,0.916945,1
0.017981,0.982019,1
0.029419,0.970581,1
0.038976,0.961024,1
0.401990,0.598010,1
0.058877,0.941123,1
0.022685,0.977315,1
0.056744,0.943256,1
0.027558,0.972442,1
0.123411,0.876589,1
0.466542,0.533458,1
0.028579,0.971421,1
0.149844,0.850156,1
0.843230,0.156770,0
0.089094,0.910906,1
0.067037,0.932963,1
0.112465,0.887535,1
0.021898,0.978102,1
0.698946,0.301054,0
0.046957,0.953043,1
0.027752,0.972248,1
0.016632,0.983368,1
0.036902,0.963098,1
0.037605,0.962395,1
0.880096,0.119904,0
0.028129,0.971871,1
0.027669,0.972331,1
0.035444,0.964556,1
0.104392,0.895608,1
0.016413,0.983587,1
0.031787,0.968213,1
0.051664,0.948336,1
0.055843,0.944157,1
0.188684,0.811316,1
0.034510,0.965490,1
0.032689,0.967311,1
0.013226,0.986774,1
0.905973,0.094027,0
0.832244,0.167756,0
0.011484,0.988516,1
0.756495,0.243505,0
0.703121,0.296879,0
0.017838,0.982162,1
0.315626,0.684374,1
0.016273,0.983727,1
0.123015,0.876985,1
0.477349,0.522651,1
0.025162,0.974838,1
0.349224,0.650776,1
0.029051,0.970949,1
0.014482,0.985518,1
0.035161,0.964839,1
0.011122,0.988878,1
0.028895,0.971105,1
0.928915,0.071085,0
0.758708,0.241292,0
0.051444,0.948556,1
0.008331,0.991669,1
0.023104,0.976896,1
0.032417,0.967583,1
0.073761,0.926239,1
0.055207,0.944793,1
0.076155,0.923845,1
0.167436,0.832564,1
0.919373,0.080627,0
0.045777,0.954223,1
0.296161,0.703839,1
0.028337,0.971663,1
0.024456,0.975544,1
0.038441,0.961559,1
0.016029,0.983971,1
0.080087,0.919913,1
0.031153,0.968847,1
0.961122,0.038878,0
0.193082,0.806918,1
0.411971,0.588029,1
0.031879,0.968121,1
0.018033,0.981967,1
0.144397,0.855603,1
0.011342,0.988658,1
0.081361,0.918639,1
0.192028,0.807972,1
0.026905,0.973095,1
0.128444,0.871556,1
0.028150,0.971850,1
0.007831,0.992169,1
0.012336,0.987664,1
0.439265,0.560735,1
0.306583,0.693417,1
0.034304,0.965696,1
0.024965,0.975035,1
0.845187,0.154813,0
0.351110,0.648890,1
0.088484,0.911516,1
0.746476,0.253524,0
0.031223,0.968777,1
0.115435,0.884565,1
0.030910,0.969090,1
0.020985,0.979015,1
0.027117,0.972883,1
0.032095,0.967905,1
0.015990,0.984010,1
0.020194,0.979806,1
0.135370,0.864630,1
0.035137,0.964863,1
0.069284,0.930716,1
0.022656,0.977344,1
0.470652,0.529348,1
0.010332,0.989668,1
0.042541,0.957459,1
0.042434,0.957566,1
0.067117,0.932883,1
0.294996,0.705004,1
0.008996,0.991004,1
0.025098,0.974902,1
0.035342,0.964658,1
0.119188,0.880812,1
0.041940,0.958060,1
0.032777,0.967223,1
0.014094,0.985906,1
0.035514,0.964486,1
0.024056,0.975944,1
0.022180,0.977820,1
0.061305,0.938695,1
0.385807,0.614193,1
0.015006,0.984994,1
0.012514,0.987486,1
0.016749,0.983251,1
0.051917,0.948083,1
0.020505,0.979495,1
0.029614,0.970386,1
0.040760,0.959240,1
0.053894,0.946106,1
0.352636,0.647364,1
0.129309,0.870691,1
0.027520,0.972480,1
0.060120,0.939880,1
0.023700,0.976300,1
0.023736,0.976264,1
0.159746,0.840254,1
0.770391,0.229609,0
0.009245,0.990755,1
0.100326,0.899674,1
0.058351,0.941649,1
0.037601,0.962399,1
0.085130,0.914870,1
0.879070,0.120930,0
0.359063,0.640937,1
0.024814,0.975186,1
0.025805,0.974195,1
0.016111,0.983889,1
0.022025,0.977975,1
0.014229,0.985771,1
0.018726,0.981274,1
0.312287,0.687713,1
0.029174,0.970826,1
0.090507,0.909493,1
0.590459,0.409541,0
0.843027,0.156973,0
0.017638,0.982362,1
0.033082,0.966918,1
0.017211,0.982789,1
0.018004,0.981996,1
0.010296,0.989704,1
0.044179,0.955821,1
0.023512,0.976488,1
0.036979,0.963021,1
0.103167,0.896833,1
0.012186,0.987814,1
0.013272,0.986728,1
0.059479,0.940521,1
0.058412,0.941588,1
0.021513,0.978487,1
0.139921,0.860079,1
0.025509,0.974491,1
0.014228,0.985772,1
0.009837,0.990163,1
0.025421,0.974579,1
0.323001,0.676999,1
0.012410,0.987590,1
0.022679,0.977321,1
0.842786,0.157214,0
0.547045,0.452955,0
0.023049,0.976951,1
0.032838,0.967162,1
0.751258,0.248742,0
0.025837,0.974163,1
0.021235,0.978765,1
0.219829,0.780171,1
0.134225,0.865775,1
0.595977,0.404023,0
0.050330,0.949670,1
0.229192,0.770808,1
0.209502,0.790498,1
0.044502,0.955498,1
0.027938,0.972062,1
0.198464,0.801536,1
0.211808,0.788192,1
0.041813,0.958187,1
0.019420,0.980580,1
0.966706,0.033294,0
0.156175,0.843825,1
0.027079,0.972921,1
0.082405,0.917595,1
0.691886,0.308114,0
0.010100,0.989900,1
0.167946,0.832054,1
0.637743,0.362257,0
0.847255,0.152745,0
0.177033,0.822967,1
0.033065,0.966935,1
0.024948,0.975052,1
0.024298,0.975702,1
0.085286,0.914714,1
0.022776,0.977224,1
0.915426,0.084574,0
0.053031,0.946969,1
0.745683,0.254317,0
0.017525,0.982475,1
0.019969,0.980031,1
0.038964,0.961036,1
0.327569,0.672431,1
0.034840,0.965160,1
0.011131,0.988869,1
0.342013,0.657987,1
0.025799,0.974201,1
0.021579,0.978421,1
0.046390,0.953610,1
0.023945,0.976055,1
0.060509,0.939491,1
0.017615,0.982385,1
0.695324,0.304676,0
0.034630,0.965370,1
0.015303,0.984697,1
0.035023,0.964977,1
0.051821,0.948179,1
0.425060,0.574940,1
0.028095,0.971905,1
0.058250,0.941750,1
0.059841,0.940159,1
0.011608,0.988392,1
0.699531,0.300469,0
0.026784,0.973216,1
0.059282,0.940718,1
0.182251,0.817749,1
0.124014,0.875986,1
0.028671,0.971329,1
0.074268,0.925732,1
0.017760,0.982240,1
0.103614,0.896386,1
0.119001,0.880999,1
0.679089,0.320911,0
0.868743,0.131257,0
0.147309,0.852691,1
0.158744,0.841256,1
0.039337,0.960663,1
0.133847,0.866153,1
0.042408,0.957592,1
0.153642,0.846358,1
0.018072,0.981928,1
0.050214,0.949786,1
0.957037,0.042963,0
0.027527,0.972473,1
0.038401,0.961599,1
0.061777,0.938223,1
0.638995,0.361005,0
0.860484,0.139516,0
0.024489,0.975511,1
0.520661,0.479339,0
0.494044,0.505956,1
0.037079,0.962921,1
0.088890,0.911110,1
0.046316,0.953684,1
0.235865,0.764135,1
0.896262,0.103738,0
0.067804,0.932196,1
0.007860,0.992140,1
0.128769,0.871231,1
0.068184,0.931816,1
0.021657,0.978343,1
0.393062,0.606938,1
0.004806,0.995194,1
0.045146,0.954854,1
0.041641,0.958359,1
0.030197,0.969803,1
0.027694,0.972306,1
0.056256,0.943744,1
0.017542,0.982458,1
0.017689,0.982311,1
0.037208,0.962792,1
0.080118,0.919882,1
0.102543,0.897457,1
0.031008,0.968992,1
0.016632,0.983368,1
0.325556,0.674444,1
0.040196,0.959804,1
0.017067,0.982933,1
0.972374,0.027626,0
0.023650,0.976350,1
0.048086,0.951914,1
0.091054,0.908946,1
0.015949,0.984051,1
0.888779,0.111221,0
0.059408,0.940592,1
0.668325,0.331675,0
0.014835,0.985165,1
0.878930,0.121070,0
0.006378,0.993622,1
0.028189,0.971811,1
0.009539,0.990461,1
0.017564,0.982436,1
0.055111,0.944889,1
0.020986,0.979014,1
0.046217,0.953783,1
0.023301,0.976699,1
0.013680,0.986320,1
0.027209,0.972791,1
0.017725,0.982275,1
0.035509,0.964491,1
0.019880,0.980120,1
0.013749,0.986251,1
0.011076,0.988924,1
0.052925,0.947075,1
0.009949,0.990051,1
0.053879,0.946121,1
0.229448,0.770552,1
0.374435,0.625565,1
0.009684,0.990316,1
0.077102,0.922898,1
0.041688,0.958312,1
0.072550,0.927450,1
0.836709,0.163291,0
0.888836,0.111164,0
0.019610,0.980390,1
0.015272,0.984728,1
0.028728,0.971272,1
0.364747,0.635253,1
0.026913,0.973087,1
0.020191,0.979809,1
0.081378,0.918622,1
0.029645,0.970355,1
0.675828,0.324172,0
0.074571,0.925429,1
0.020273,0.979727,1
0.091719,0.908281,1
0.108433,0.891567,1
0.030652,0.969348,1
0.053794,0.946206,1
0.012645,0.987355,1
0.122812,0.877188,1
0.118685,0.881315,1
0.010275,0.989725,1
0.023528,0.976472,1
0.039666,0.960334,1
0.024325,0.975675,1
0.026715,0.973285,1
0.024531,0.975469,1
0.026884,0.973116,1
0.879861,0.120139,0
0.055517,0.944483,1
0.518350,0.481650,0
0.147993,0.852007,1
0.031756,0.968244,1
0.562334,0.437666,0
0.018827,0.981173,1
0.011182,0.988818,1
0.379467,0.620533,1
0.052411,0.947589,1
0.125008,0.874992,1
0.133261,0.866739,1
0.260494,0.739506,1
0.414733,0.585267,1
0.116356,0.883644,1
0.713223,0.286777,0
0.469470,0.530530,1
0.041613,0.958387,1
0.018761,0.981239,1
0.045698,0.954302,1
0.315237,0.684763,1
0.015246,0.984754,1
0.248269,0.751731,1
0.035120,0.964880,1
0.018304,0.981696,1
0.149140,0.850860,1
0.022714,0.977286,1
0.093705,0.906295,1
0.405737,0.594263,1
0.083956,0.916044,1
0.038639,0.961361,1
0.421618,0.578382,1
0.035590,0.964410,1
0.040588,0.959412,1
0.116661,0.883339,1
0.048238,0.951762,1
0.362139,0.637861,1
0.029671,0.970329,1
0.021226,0.978774,1
0.178778,0.821222,1
0.023536,0.976464,1
0.022342,0.977658,1
0.037937,0.962063,1
0.011757,0.988243,1
0.036351,0.963649,1
0.038486,0.961514,1
0.046828,0.953172,1
0.050121,0.949879,1
0.072112,0.927888,1
0.016696,0.983304,1
0.113704,0.886296,1
0.368701,0.631299,1
0.010217,0.989783,1
0.028416,0.971584,1
0.025297,0.974703,1
0.019176,0.980824,1
0.128021,0.871979,1
0.023224,0.976776,1
0.044337,0.955663,1
0.322030,0.677970,1
0.914719,0.085281,0
0.015449,0.984551,1
0.016121,0.983879,1
0.016641,0.983359,1
0.826743,0.173257,0
0.017684,0.982316,1
0.022286,0.977714,1
0.012737,0.987263,1
0.011874,0.988126,1
0.036131,0.963869,1
0.035431,0.964569,1
0.031937,0.968063,1
0.014533,0.985467,1
0.019219,0.980781,1
0.015788,0.984212,1
0.035980,0.964020,1
0.090190,0.909810,1
0.887913,0.112087,0
0.217056,0.782944,1
0.082219,0.917781,1
0.021198,0.978802,1
0.024101,0.975899,1
0.961671,0.038329,0
0.053571,0.946429,1
0.011031,0.988969,1
0.017007,0.982993,1
0.010614,0.989386,1
0.012654,0.987346,1
0.347299,0.652701,1
0.029917,0.970083,1
0.030619,0.969381,1
0.019771,0.980229,1
0.020352,0.979648,1
0.021741,0.978259,1
0.026203,0.973797,1
0.136216,0.863784,1
0.077045,0.922955,1
0.336087,0.663913,1
0.292855,0.707145,1
0.036938,0.963062,1
0.009713,0.990287,1
0.802452,0.197548,0
0.049259,0.950741,1
0.044200,0.955800,1
0.020950,0.979050,1
0.012313,0.987687,1
0.008361,0.991639,1
0.030459,0.969541,1
0.018586,0.981414,1
0.061976,0.938024,1
0.680386,0.319614,0
0.016503,0.983497,1
0.018375,0.981625,1
0.037924,0.962076,1
0.144764,0.855236,1
0.013342,0.986658,1
0.025787,0.974213,1
0.026155,0.973845,1
0.940297,0.059703,0
0.085500,0.914500,1
0.031729,0.968271,1
0.011730,0.988270,1
0.038182,0.961818,1
0.374322,0.625678,1
0.020348,0.979652,1
0.023136,0.976864,1
0.082507,0.917493,1
0.018771,0.981229,1
0.029586,0.970414,1
0.053182,0.946818,1
0.045136,0.954864,1
0.082034,0.917966,1
0.887048,0.112952,0
0.020961,0.979039,1
0.056674,0.943326,1
0.034151,0.965849,1
0.020107,0.979893,1
0.013121,0.986879,1
0.408085,0.591915,1
0.020426,0.979574,1
0.018228,0.981772,1
0.882552,0.117448,0
0.056802,0.943198,1
0.042089,0.957911,1
0.228657,0.771343,1
0.037778,0.962222,1
0.031754,0.968246,1
0.227673,0.772327,1
0.131911,0.868089,1
0.070596,0.929404,1
0.011484,0.988516,1
0.011498,0.988502,1
0.019051,0.980949,1
0.053512,0.946488,1
0.031674,0.968326,1
0.252607,0.747393,1
0.030313,0.969687,1
0.553364,0.446636,0
0.010398,0.989602,1
0.028563,0.971437,1
0.035442,0.964558,1
0.133524,0.866476,1
0.510519,0.489481,0
0.055440,0.944560,1
0.927721,0.072279,0
0.188536,0.811464,1
0.013301,0.986699,1
0.460603,0.539397,1
0.019497,0.980503,1
0.017824,0.982176,1
0.692220,0.307780,0
0.025858,0.974142,1
0.007503,0.992497,1
0.061735,0.938265,1
0.024025,0.975975,1
0.044541,0.955459,1
0.015694,0.984306,1
0.511865,0.488135,0
0.024157,0.975843,1
0.474057,0.525943,1
0.076407,0.923593,1
0.055752,0.944248,1
0.011484,0.988516,1
0.265143,0.734857,1
0.016914,0.983086,1
0.045762,0.954238,1
0.041930,0.958070,1
0.051078,0.948922,1
0.014184,0.985816,1
0.096157,0.903843,1
0.024841,0.975159,1
0.016476,0.983524,1
0.012943,0.987057,1
0.028277,0.971723,1
0.020764,0.979236,1
0.061284,0.938716,1
0.064365,0.935635,1
0.663308,0.336692,0
0.005220,0.994780,1
0.011415,0.988585,1
0.032749,0.967251,1
0.072476,0.927524,1
0.012952,0.987048,1
0.025042,0.974958,1
0.026711,0.973289,1
0.104204,0.895796,1
0.037369,0.962631,1
0.033879,0.966121,1
0.014211,0.985789,1
0.026619,0.973381,1
0.091555,0.908445,1
0.048545,0.951455,1
0.227673,0.772327,1
0.076666,0.923334,1
0.021679,0.978321,1
0.040705,0.959295,1
0.033434,0.966566,1
0.050956,0.949044,1
0.555613,0.444387,0
0.081970,0.918030,1
0.012366,0.987634,1
0.674905,0.325095,0
0.084012,0.915988,1
0.030924,0.969076,1
0.027831,0.972169,1
0.021420,0.978580,1
0.099445,0.900555,1
0.040760,0.959240,1
0.013457,0.986543,1
0.199465,0.800535,1
0.104956,0.895044,1
0.938066,0.061934,0
0.040145,0.959855,1
0.015329,0.984671,1
0.012004,0.987996,1
0.040978,0.959022,1
0.445609,0.554391,1
0.473585,0.526415,1
0.573128,0.426872,0
0.408869,0.591131,1
0.192815,0.807185,1
0.012142,0.987858,1
0.939722,0.060278,0
0.079211,0.920789,1
0.703355,0.296645,0
0.006933,0.993067,1
0.503988,0.496012,0
0.034783,0.965217,1
0.025222,0.974778,1
0.038197,0.961803,1
0.331457,0.668543,1
0.630905,0.369095,0
0.027437,0.972563,1
0.018603,0.981397,1
0.161466,0.838534,1
0.020579,0.979421,1
0.219234,0.780766,1
0.025379,0.974621,1
0.083862,0.916138,1
0.020186,0.979814,1
0.020081,0.979919,1
0.599518,0.400482,0
0.293569,0.706431,1
0.022402,0.977598,1
0.095666,0.904334,1
0.047465,0.952535,1
0.023573,0.976427,1
0.186268,0.813732,1
0.946416,0.053584,0
0.212181,0.787819,1
0.014019,0.985981,1
0.017881,0.982119,1
0.610172,0.389828,0
0.229481,0.770519,1
0.118000,0.882000,1
0.412353,0.587647,1
0.057187,0.942813,1
0.022213,0.977787,1
0.022010,0.977990,1
0.016505,0.983495,1
0.105115,0.894885,1
0.014448,0.985552,1
0.010960,0.989040,1
0.946691,0.053309,0
0.029676,0.970324,1
0.009513,0.990487,1
0.023528,0.976472,1
0.590251,0.409749,0
0.300959,0.699041,1
0.014458,0.985542,1
0.122438,0.877562,1
0.160160,0.839840,1
0.013575,0.986425,1
0.059505,0.940495,1
0.891273,0.108727,0
0.907633,0.092367,0
0.054723,0.945277,1
0.022169,0.977831,1
0.092238,0.907762,1
0.070850,0.929150,1
0.150497,0.849503,1
0.228888,0.771112,1
0.012111,0.987889,1
0.153208,0.846792,1
0.023523,0.976477,1
0.143480,0.856520,1
0.525845,0.474155,0
0.063694,0.936306,1
0.017314,0.982686,1
0.058718,0.941282,1
0.062399,0.937601,1
0.064069,0.935931,1
0.665931,0.334069,0
0.030630,0.969370,1
0.020509,0.979491,1
0.083061,0.916939,1
0.046676,0.953324,1
0.030467,0.969533,1
0.057120,0.942880,1
0.153720,0.846280,1
0.156697,0.843303,1
0.017703,0.982297,1
0.019235,0.980765,1
0.032062,0.967938,1
0.081439,0.918561,1
0.015418,0.984582,1
0.033535,0.966465,1
0.030734,0.969266,1
0.018217,0.981783,1
0.040146,0.959854,1
0.029853,0.970147,1
0.058667,0.941333,1
0.043148,0.956852,1
0.030001,0.969999,1
0.399508,0.600492,1
0.045384,0.954616,1
0.396651,0.603349,1
0.068956,0.931044,1
0.035448,0.964552,1
0.151769,0.848231,1
0.036596,0.963404,1
0.894686,0.105314,0
0.022622,0.977378,1
0.024426,0.975574,1
0.085541,0.914459,1
0.322695,0.677305,1
0.013592,0.986408,1
0.772288,0.227712,0
0.019618,0.980382,1
0.112836,0.887164,1
0.039481,0.960519,1
0.025320,0.974680,1
0.016358,0.983642,1
0.036527,0.963473,1
0.963899,0.036101,0
0.018889,0.981111,1
0.146180,0.853820,1
0.023792,0.976208,1
0.138556,0.861444,1
0.021187,0.978813,1
0.782594,0.217406,0
0.438943,0.561057,1
0.710797,0.289203,0
0.014223,0.985777,1
0.018922,0.981078,1
0.155598,0.844402,1
0.048543,0.951457,1
0.706656,0.293344,0
0.122049,0.877951,1
0.162246,0.837754,1
0.756054,0.243946,0
0.058019,0.941981,1
0.552198,0.447802,0
0.009709,0.990291,1
0.025669,0.974331,1
0.049346,0.950654,1
0.915409,0.084591,0
0.480472,0.519528,1
0.144211,0.855789,1
0.513596,0.486404,0
0.572259,0.427741,0
0.097805,0.902195,1
0.391207,0.608793,1
0.031855,0.968145,1
0.036371,0.963629,1
0.810592,0.189408,0
0.034810,0.965190,1
0.010540,0.989460,1
0.021116,0.978884,1
0.032051,0.967949,1
0.182025,0.817975,1
0.043015,0.956985,1
0.007852,0.992148,1
0.563214,0.436786,0
0.895316,0.104684,0
0.121088,0.878912,1
0.039548,0.960452,1
0.008486,0.991514,1
0.007004,0.992996,1
0.758884,0.241116,0
0.085334,0.914666,1
0.015548,0.984452,1
0.040232,0.959768,1
0.019501,0.980499,1
0.033035,0.966965,1
0.014519,0.985481,1
0.885208,0.114792,0
0.056880,0.943120,1
0.019168,0.980832,1
0.011705,0.988295,1
0.019201,0.980799,1
0.099431,0.900569,1
0.030001,0.969999,1
0.021750,0.978250,1
0.115930,0.884070,1
0.017640,0.982360,1
0.012373,0.987627,1
0.792954,0.207046,0
0.011142,0.988858,1
0.031086,0.968914,1
0.351651,0.648349,1
0.894802,0.105198,0
0.040385,0.959615,1
0.876134,0.123866,0
0.054530,0.945470,1
0.301496,0.698504,1
0.261958,0.738042,1
0.239599,0.760401,1
0.215498,0.784502,1
0.093648,0.906352,1
0.051600,0.948400,1
0.020922,0.979078,1
0.045815,0.954185,1
0.072472,0.927528,1
0.024356,0.975644,1
0.031401,0.968599,1
0.030997,0.969003,1
0.166847,0.833153,1
0.025264,0.974736,1
0.007992,0.992008,1
0.017913,0.982087,1
0.040187,0.959813,1
0.011553,0.988447,1
0.031345,0.968655,1
0.126169,0.873831,1
0.068409,0.931591,1
0.167715,0.832285,1
0.116985,0.883015,1
0.010427,0.989573,1
0.012987,0.987013,1
0.013965,0.986035,1
0.049326,0.950674,1
0.130365,0.869635,1
0.839488,0.160512,0
0.568251,0.431749,0
0.021617,0.978383,1
0.055848,0.944152,1
0.047408,0.952592,1
0.806781,0.193219,0
0.669862,0.330138,0
0.017152,0.982848,1
0.092142,0.907858,1
0.031181,0.968819,1
0.009484,0.990516,1
0.033819,0.966181,1
0.012850,0.987150,1
0.065133,0.934867,1
0.011728,0.988272,1
0.502427,0.497573,0
0.023558,0.976442,1
0.024382,0.975618,1
0.048815,0.951185,1
0.207948,0.792052,1
0.036491,0.963509,1
0.204595,0.795405,1
0.027381,0.972619,1
0.036343,0.963657,1
0.788770,0.211230,0
0.243488,0.756512,1
0.013346,0.986654,1
0.034045,0.965955,1
0.916054,0.083946,0
0.049746,0.950254,1
0.039533,0.960467,1
0.907273,0.092727,0
0.059180,0.940820,1
0.114512,0.885488,1
0.059153,0.940847,1
0.018796,0.981204,1
0.014111,0.985889,1
0.043383,0.956617,1
0.071929,0.928071,1
0.036893,0.963107,1
0.778043,0.221957,0
0.426365,0.573635,1
0.014641,0.985359,1
0.037087,0.962913,1
0.018947,0.981053,1
0.014411,0.985589,1
0.020266,0.979734,1
0.008917,0.991083,1
0.015565,0.984435,1
0.028322,0.971678,1
0.044093,0.955907,1
0.031620,0.968380,1
0.044994,0.955006,1
0.116316,0.883684,1
0.277585,0.722415,1
0.024812,0.975188,1
0.013469,0.986531,1
0.100233,0.899767,1
0.007381,0.992619,1
0.022918,0.977082,1
0.016723,0.983277,1
0.018751,0.981249,1
0.820027,0.179973,0
0.255685,0.744315,1
0.006667,0.993333,1
0.017215,0.982785,1
0.024235,0.975765,1
0.310864,0.689136,1
0.045900,0.954100,1
0.264244,0.735756,1
0.033034,0.966966,1
0.513309,0.486691,0
0.634382,0.365618,0
0.535011,0.464989,0
0.136393,0.863607,1
0.032634,0.967366,1
0.085701,0.914299,1
0.018782,0.981218,1
0.018989,0.981011,1
0.534200,0.465800,0
0.510699,0.489301,0
0.180962,0.819038,1
0.020243,0.979757,1
0.021776,0.978224,1
0.019173,0.980827,1
0.014602,0.985398,1
0.026999,0.973001,1
0.025210,0.974790,1
0.027235,0.972765,1
0.069881,0.930119,1
0.288132,0.711868,1
0.064885,0.935115,1
0.531645,0.468355,0
0.046338,0.953662,1
0.024471,0.975529,1
0.155301,0.844699,1
0.127787,0.872213,1
0.011626,0.988374,1
0.023806,0.976194,1
0.011626,0.988374,1
0.029595,0.970405,1
0.073811,0.926189,1
0.901815,0.098185,0
0.076966,0.923034,1
0.868094,0.131906,0
0.026265,0.973735,1
0.077893,0.922107,1
0.803322,0.196678,0
0.973347,0.026653,0
0.025134,0.974866,1
0.397353,0.602647,1
0.049385,0.950615,1
0.024597,0.975403,1
0.384079,0.615921,1
0.023327,0.976673,1
0.484377,0.515623,1
0.017535,0.982465,1
0.584767,0.415233,0
0.555403,0.444597,0
0.038577,0.961423,1
0.014816,0.985184,1
0.051932,0.948068,1
0.029286,0.970714,1
0.023739,0.976261,1
0.152161,0.847839,1
0.202211,0.797789,1
0.850113,0.149887,0
0.040181,0.959819,1
0.236687,0.763313,1
0.060260,0.939740,1
0.178630,0.821370,1
0.021001,0.978999,1
0.066854,0.933146,1
0.018957,0.981043,1
0.118997,0.881003,1
0.113871,0.886129,1
0.194524,0.805476,1
0.038579,0.961421,1
0.019213,0.980787,1
0.021115,0.978885,1
0.117760,0.882240,1
0.031817,0.968183,1
0.069969,0.930031,1
0.019682,0.980318,1
0.300170,0.699830,1
0.020078,0.979922,1
0.037651,0.962349,1
0.043958,0.956042,1
0.018758,0.981242,1
0.046287,0.953713,1
0.657621,0.342379,0
0.026128,0.973872,1
0.017675,0.982325,1
0.040795,0.959205,1
0.887538,0.112462,0
0.127240,0.872760,1
0.023097,0.976903,1
0.179516,0.820484,1
0.039712,0.960288,1
0.013416,0.986584,1
0.063046,0.936954,1
0.088248,0.911752,1
0.134655,0.865345,1
0.031358,0.968642,1
0.302395,0.697605,1
0.080930,0.919070,1
0.092278,0.907722,1
0.022048,0.977952,1
0.884234,0.115766,0
0.043317,0.956683,1
0.005541,0.994459,1
0.186773,0.813227,1
0.019745,0.980255,1
0.024231,0.975769,1
0.024337,0.975663,1
0.009180,0.990820,1
0.007513,0.992487,1
0.041471,0.958529,1
0.020925,0.979075,1
0.364290,0.635710,1
0.154195,0.845805,1
0.024967,0.975033,1
0.021325,0.978675,1
0.025396,0.974604,1
0.019655,0.980345,1
0.032537,0.967463,1
0.021799,0.978201,1
0.087172,0.912828,1
0.053900,0.946100,1
0.290545,0.709455,1
0.032537,0.967463,1
0.059428,0.940572,1
0.023036,0.976964,1
0.025920,0.974080,1
0.055314,0.944686,1
0.022953,0.977047,1
0.014483,0.985517,1
0.212113,0.787887,1
0.015354,0.984646,1
0.004530,0.995470,1
0.069571,0.930429,1
0.055000,0.945000,1
0.029278,0.970722,1
0.023388,0.976612,1
0.061215,0.938785,1
0.406868,0.593132,1
0.864473,0.135527,0
0.018668,0.981332,1
0.031200,0.968800,1
0.011883,0.988117,1
0.027070,0.972930,1
0.016380,0.983620,1
0.457330,0.542670,1
0.754935,0.245065,0
0.068937,0.931063,1
0.079771,0.920229,1
0.135771,0.864229,1
0.125595,0.874405,1
0.076394,0.923606,1
0.011293,0.988707,1
0.640099,0.359901,0
0.015517,0.984483,1
0.009828,0.990172,1
0.055000,0.945000,1
0.102348,0.897652,1
0.037282,0.962718,1
0.710913,0.289087,0
0.015487,0.984513,1
0.020186,0.979814,1
0.137106,0.862894,1
0.007714,0.992286,1
0.685059,0.314941,0
0.248665,0.751335,1
0.318803,0.681197,1
0.032172,0.967828,1
0.011392,0.988608,1
0.024613,0.975387,1
0.007226,0.992774,1
0.008250,0.991750,1
0.041634,0.958366,1
0.130481,0.869519,1
0.064598,0.935402,1
0.066412,0.933588,1
0.015408,0.984592,1
0.205966,0.794034,1
0.082561,0.917439,1
0.549784,0.450216,0
0.027914,0.972086,1
0.033416,0.966584,1
0.939751,0.060249,0
0.044854,0.955146,1
0.018380,0.981620,1
0.088155,0.911845,1
0.765687,0.234313,0
0.020862,0.979138,1
0.038505,0.961495,1
0.357895,0.642105,1
0.042954,0.957046,1
0.015505,0.984495,1
0.014627,0.985373,1
0.031679,0.968321,1
0.094150,0.905850,1
0.015769,0.984231,1
0.257638,0.742362,1
0.023541,0.976459,1
0.507921,0.492079,0
0.904164,0.095836,0
0.019412,0.980588,1
0.039254,0.960746,1
0.024506,0.975494,1
0.325730,0.674270,1
0.317158,0.682842,1
0.528479,0.471521,0
0.017287,0.982713,1
0.014563,0.985437,1
0.158987,0.841013,1
0.040740,0.959260,1
0.016803,0.983197,1
0.016454,0.983546,1
0.786378,0.213622,0
0.971135,0.028865,0
0.022068,0.977932,1
0.031555,0.968445,1
0.016107,0.983893,1
0.041165,0.958835,1
0.082310,0.917690,1
0.473237,0.526763,1
0.871445,0.128555,0
0.095778,0.904222,1
0.156313,0.843687,1
0.023886,0.976114,1
0.811230,0.188770,0
0.793072,0.206928,0
0.075970,0.924030,1
0.251832,0.748168,1
0.019676,0.980324,1
0.381469,0.618531,1
0.083858,0.916142,1
0.047251,0.952749,1
0.269103,0.730897,1
0.414697,0.585303,1
0.023512,0.976488,1
0.083309,0.916691,1
0.048973,0.951027,1
0.895312,0.104688,0
0.012507,0.987493,1
0.206055,0.793945,1
0.049831,0.950169,1
0.031817,0.968183,1
0.010412,0.989588,1
0.026330,0.973670,1
0.259976,0.740024,1
0.202418,0.797582,1
0.794171,0.205829,0
0.014124,0.985876,1
0.321575,0.678425,1
0.017135,0.982865,1
0.039841,0.960159,1
0.009730,0.990270,1
0.323328,0.676672,1
0.157476,0.842524,1
0.080064,0.919936,1
0.009415,0.990585,1
0.776772,0.223228,0
0.041106,0.958894,1
0.286231,0.713769,1
0.230038,0.769962,1
0.877327,0.122673,0
0.094963,0.905037,1
0.070169,0.929831,1
0.161546,0.838454,1
0.049953,0.950047,1
0.027839,0.972161,1
0.019209,0.980791,1
0.062435,0.937565,1
0.127543,0.872457,1
0.012257,0.987743,1
0.467290,0.532710,1
0.057839,0.942161,1
0.016861,0.983139,1
0.098981,0.901019,1
0.492956,0.507044,1
0.156119,0.843881,1
0.021768,0.978232,1
0.048910,0.951090,1
0.009330,0.990670,1
0.652025,0.347975,0
0.025556,0.974444,1
0.844654,0.155346,0
0.337053,0.662947,1
0.537007,0.462993,0
0.122758,0.877242,1
0.950109,0.049891,0
0.014955,0.985045,1
0.041014,0.958986,1
0.035817,0.964183,1
0.367971,0.632029,1
0.931398,0.068602,0
0.823142,0.176858,0
0.201671,0.798329,1
0.042011,0.957989,1
0.735436,0.264564,0
0.016829,0.983171,1
0.025101,0.974899,1
0.035896,0.964104,1
0.152883,0.847117,1
0.203094,0.796906,1
0.437854,0.562146,1
0.019392,0.980608,1
0.011010,0.988990,1
0.909213,0.090787,0
0.088698,0.911302,1
0.060159,0.939841,1
0.057380,0.942620,1
0.076933,0.923067,1
0.329225,0.670775,1
0.013268,0.986732,1
0.709462,0.290538,0
0.433943,0.566057,1
0.012759,0.987241,1
0.306808,0.693192,1
0.037670,0.962330,1
0.020095,0.979905,1
0.014972,0.985028,1
0.454218,0.545782,1
0.245540,0.754460,1
0.783782,0.216218,0
0.074653,0.925347,1
0.015024,0.984976,1
0.135981,0.864019,1
0.118324,0.881676,1
0.041817,0.958183,1
0.715332,0.284668,0
0.020604,0.979396,1
0.049542,0.950458,1
0.020858,0.979142,1
0.373757,0.626243,1
0.086370,0.913630,1
0.006989,0.993011,1
0.217376,0.782624,1
0.131747,0.868253,1
0.071331,0.928669,1
0.093883,0.906117,1
0.338336,0.661664,1
0.012172,0.987828,1
0.154162,0.845838,1
0.126030,0.873970,1
0.192016,0.807984,1
0.011211,0.988789,1
0.037118,0.962882,1
0.062113,0.937887,1
0.036555,0.963445,1
0.257875,0.742125,1
0.102330,0.897670,1
0.029579,0.970421,1
0.041277,0.958723,1
0.032140,0.967860,1
0.197927,0.802073,1
0.064399,0.935601,1
0.098333,0.901667,1
0.015442,0.984558,1
0.019353,0.980647,1
0.262477,0.737523,1
0.052951,0.947049,1
0.004686,0.995314,1
0.011122,0.988878,1
0.016305,0.983695,1
0.711122,0.288878,0
0.011597,0.988403,1
0.626462,0.373538,0
0.098066,0.901934,1
0.663234,0.336766,0
0.023492,0.976508,1
0.056799,0.943201,1
0.020452,0.979548,1
0.020252,0.979748,1
0.013050,0.986950,1
0.133651,0.866349,1
0.035253,0.964747,1
0.011718,0.988282,1
0.009494,0.990506,1
0.711207,0.288793,0
0.010404,0.989596,1
0.883238,0.116762,0
0.109627,0.890373,1
0.039712,0.960288,1
0.060285,0.939715,1
0.028455,0.971545,1
0.022761,0.977239,1
0.103527,0.896473,1
0.010700,0.989300,1
0.042934,0.957066,1
0.017970,0.982030,1
0.033969,0.966031,1
0.024669,0.975331,1
0.026031,0.973969,1
0.610327,0.389673,0
0.110991,0.889009,1
0.409694,0.590306,1
0.018782,0.981218,1
0.031643,0.968357,1
0.227733,0.772267,1
0.027408,0.972592,1
0.416284,0.583716,1
0.636814,0.363186,0
0.087716,0.912284,1
0.046500,0.953500,1
0.030871,0.969129,1
0.640897,0.359103,0
0.042432,0.957568,1
0.007027,0.992973,1
0.137510,0.862490,1
0.015072,0.984928,1
0.146733,0.853267,1
0.013285,0.986715,1
0.014088,0.985912,1
0.426278,0.573722,1
0.020694,0.979306,1
0.115929,0.884071,1
0.019475,0.980525,1
0.013384,0.986616,1
0.061454,0.938546,1
0.006528,0.993472,1
0.916397,0.083603,0
0.283215,0.716785,1
0.016101,0.983899,1
0.011246,0.988754,1
0.280228,0.719772,1
0.926407,0.073593,0
0.029458,0.970542,1
0.106065,0.893935,1
0.254393,0.745607,1
0.052333,0.947667,1
0.009985,0.990015,1
0.026935,0.973065,1
0.106223,0.893777,1
0.931533,0.068467,0
0.021880,0.978120,1
0.043807,0.956193,1
0.278705,0.721295,1
0.053774,0.946226,1
0.034576,0.965424,1
0.760786,0.239214,0
0.016001,0.983999,1
0.119620,0.880380,1
0.113629,0.886371,1
0.055281,0.944719,1
0.178249,0.821751,1
0.008549,0.991451,1
0.024531,0.975469,1
0.709965,0.290035,0
0.127465,0.872535,1
0.082935,0.917065,1
0.552682,0.447318,0
0.131321,0.868679,1
0.033777,0.966223,1
0.888383,0.111617,0
0.236716,0.763284,1
0.009473,0.990527,1
0.025098,0.974902,1
0.524347,0.475653,0
0.255144,0.744856,1
0.050215,0.949785,1
0.040514,0.959486,1
0.111170,0.888830,1
0.014619,0.985381,1
0.182638,0.817362,1
0.733004,0.266996,0
0.262117,0.737883,1
0.187132,0.812868,1
0.894732,0.105268,0
0.311835,0.688165,1
0.031567,0.968433,1
0.089666,0.910334,1
0.030223,0.969777,1
0.016114,0.983886,1
0.462905,0.537095,1
0.040905,0.959095,1
0.069948,0.930052,1
0.899668,0.100332,0
0.427711,0.572289,1
0.010090,0.989910,1
0.225706,0.774294,1
0.008712,0.991288,1
0.034566,0.965434,1
0.014974,0.985026,1
0.022021,0.977979,1
0.049368,0.950632,1
0.025718,0.974282,1
0.849453,0.150547,0
0.009434,0.990566,1
0.021265,0.978735,1
0.043067,0.956933,1
0.031647,0.968353,1
0.053941,0.946059,1
0.089356,0.910644,1
0.059240,0.940760,1
0.043553,0.956447,1
0.046032,0.953968,1
0.016490,0.983510,1
0.015614,0.984386,1
0.081788,0.918212,1
0.088903,0.911097,1
0.048537,0.951463,1
0.061831,0.938169,1
0.026821,0.973179,1
0.567076,0.432924,0
0.030670,0.969330,1
0.014940,0.985060,1
0.083803,0.916197,1
0.693396,0.306604,0
0.015855,0.984145,1
0.565290,0.434710,0
0.097709,0.902291,1
0.022576,0.977424,1
0.458943,0.541057,1
0.766304,0.233696,0
0.017895,0.982105,1
0.016086,0.983914,1
0.010046,0.989954,1
0.006878,0.993122,1
0.054804,0.945196,1
0.027118,0.972882,1
0.545559,0.454441,0
0.004554,0.995446,1
0.048941,0.951059,1
0.019496,0.980504,1
0.973347,0.026653,0
0.065130,0.934870,1
0.009684,0.990316,1
0.497331,0.502669,1
0.029406,0.970594,1
0.329027,0.670973,1
0.006626,0.993374,1
0.103813,0.896187,1
0.015507,0.984493,1
0.849273,0.150727,0
0.879232,0.120768,0
0.028245,0.971755,1
0.022472,0.977528,1
0.710110,0.289890,0
0.022358,0.977642,1
0.019806,0.980194,1
0.639453,0.360547,0
0.015036,0.984964,1
0.074730,0.925270,1
0.015828,0.984172,1
0.576035,0.423965,0
0.864858,0.135142,0
0.116201,0.883799,1
0.066779,0.933221,1
0.035144,0.964856,1
0.352653,0.647347,1
0.022675,0.977325,1
0.065296,0.934704,1
0.146013,0.853987,1
0.018936,0.981064,1
0.018536,0.981464,1
0.552804,0.447196,0
0.669188,0.330812,0
0.402175,0.597825,1
0.216558,0.783442,1
0.857877,0.142123,0
0.023641,0.976359,1
0.019410,0.980590,1
0.018429,0.981571,1
0.029912,0.970088,1
0.066914,0.933086,1
0.090672,0.909328,1
0.030340,0.969660,1
0.062240,0.937760,1
0.449534,0.550466,1
0.039266,0.960734,1
0.022079,0.977921,1
0.468559,0.531441,1
0.215098,0.784902,1
0.016670,0.983330,1
0.036115,0.963885,1
0.430222,0.569778,1
0.135904,0.864096,1
0.049310,0.950690,1
0.029269,0.970731,1
0.020859,0.979141,1
0.758733,0.241267,0
0.011490,0.988510,1
0.011196,0.988804,1
0.013110,0.986890,1
0.036051,0.963949,1
0.020483,0.979517,1
0.029105,0.970895,1
0.016573,0.983427,1
0.286810,0.713190,1
0.035709,0.964291,1
0.439366,0.560634,1
0.076570,0.923430,1
0.454459,0.545541,1
0.214463,0.785537,1
0.015149,0.984851,1
0.020814,0.979186,1
0.294093,0.705907,1
0.014603,0.985397,1
0.034171,0.965829,1
0.006856,0.993144,1
0.028858,0.971142,1
0.729699,0.270301,0
0.032215,0.967785,1
0.024870,0.975130,1
0.114360,0.885640,1
0.913453,0.086547,0
0.077101,0.922899,1
0.058796,0.941204,1
0.031465,0.968535,1
0.120242,0.879758,1
0.036192,0.963808,1
0.027820,0.972180,1
0.008560,0.991440,1
0.141377,0.858623,1
0.037736,0.962264,1
0.259716,0.740284,1
0.009392,0.990608,1
0.063684,0.936316,1
0.016134,0.983866,1
0.024321,0.975679,1
0.932252,0.067748,0
0.136186,0.863814,1
0.037175,0.962825,1
0.027371,0.972629,1
0.127351,0.872649,1
0.034033,0.965967,1
0.179204,0.820796,1
0.146410,0.853590,1
0.037207,0.962793,1
0.098273,0.901727,1
0.010904,0.989096,1
0.018932,0.981068,1
0.043469,0.956531,1
0.121464,0.878536,1
0.339253,0.660747,1
0.063798,0.936202,1
0.017850,0.982150,1
0.010070,0.989930,1
0.026591,0.973409,1
0.011148,0.988852,1
0.034661,0.965339,1
0.450293,0.549707,1
0.512694,0.487306,0
0.277554,0.722446,1
0.030548,0.969452,1
0.206291,0.793709,1
0.056146,0.943854,1
0.020120,0.979880,1
0.087749,0.912251,1
0.049062,0.950938,1
0.022748,0.977252,1
0.219575,0.780425,1
0.065906,0.934094,1
0.007436,0.992564,1
0.326363,0.673637,1
0.005687,0.994313,1
0.014431,0.985569,1
0.040094,0.959906,1
0.899849,0.100151,0
0.021542,0.978458,1
0.164068,0.835932,1
0.055066,0.944934,1
0.023519,0.976481,1
0.097992,0.902008,1
0.030192,0.969808,1
0.205553,0.794447,1
0.025935,0.974065,1
0.775344,0.224656,0
0.034964,0.965036,1
0.129807,0.870193,1
0.880586,0.119414,0
0.009276,0.990724,1
0.037552,0.962448,1
0.088252,0.911748,1
0.028081,0.971919,1
0.233169,0.766831,1
0.277574,0.722426,1
0.066703,0.933297,1
0.015739,0.984261,1
0.068009,0.931991,1
0.018396,0.981604,1
0.022862,0.977138,1
0.027871,0.972129,1
0.021877,0.978123,1
0.038123,0.961877,1
0.007120,0.992880,1
0.037753,0.962247,1
0.860441,0.139559,0
0.017739,0.982261,1
0.030721,0.969279,1
0.060391,0.939609,1
0.607506,0.392494,0
0.057969,0.942031,1
0.070849,0.929151,1
0.033927,0.966073,1
0.056276,0.943724,1
0.019258,0.980742,1
0.147550,0.852450,1
0.024653,0.975347,1
0.070170,0.929830,1
0.018258,0.981742,1
0.025252,0.974748,1
0.015402,0.984598,1
0.034034,0.965966,1
0.020170,0.979830,1
0.020611,0.979389,1
0.283918,0.716082,1
0.026034,0.973966,1
0.902589,0.097411,0
0.012261,0.987739,1
0.027906,0.972094,1
0.023646,0.976354,1
0.072752,0.927248,1
0.957126,0.042874,0
0.045958,0.954042,1
0.015418,0.984582,1
0.022078,0.977922,1
0.019930,0.980070,1
0.019670,0.980330,1
0.018567,0.981433,1
0.013564,0.986436,1
0.664183,0.335817,0
0.201929,0.798071,1
0.099540,0.900460,1
0.024590,0.975410,1
0.744484,0.255516,0
0.896520,0.103480,0
0.019815,0.980185,1
0.017560,0.982440,1
0.053617,0.946383,1
0.323018,0.676982,1
0.015750,0.984250,1
0.022749,0.977251,1
0.064525,0.935475,1
0.007100,0.992900,1
0.050719,0.949281,1
0.208549,0.791451,1
0.066393,0.933607,1
0.107624,0.892376,1
0.154632,0.845368,1
0.026313,0.973687,1
0.032662,0.967338,1
0.301881,0.698119,1
0.024212,0.975788,1
0.074411,0.925589,1
0.577280,0.422720,0
0.472974,0.527026,1
0.381964,0.618036,1
0.297209,0.702791,1
0.021423,0.978577,1
0.028874,0.971126,1
0.037160,0.962840,1
0.175220,0.824780,1
0.188064,0.811936,1
0.040923,0.959077,1
0.020989,0.979011,1
0.023416,0.976584,1
0.027746,0.972254,1
0.037033,0.962967,1
0.037311,0.962689,1
0.011966,0.988034,1
0.007597,0.992403,1
0.891793,0.108207,0
0.023759,0.976241,1
0.194680,0.805320,1
0.666119,0.333881,0
0.037421,0.962579,1
0.325905,0.674095,1
0.058442,0.941558,1
0.751451,0.248549,0
0.866128,0.133872,0
0.014290,0.985710,1
0.463598,0.536402,1
0.019954,0.980046,1
0.028657,0.971343,1
0.005593,0.994407,1
0.110835,0.889165,1
0.034515,0.965485,1
0.054190,0.945810,1
0.200222,0.799778,1
0.035212,0.964788,1
0.011909,0.988091,1
0.263063,0.736937,1
0.005611,0.994389,1
0.012860,0.987140,1
0.044192,0.955808,1
0.013571,0.986429,1
0.536058,0.463942,0
0.728606,0.271394,0
0.089669,0.910331,1
0.017230,0.982770,1
0.037408,0.962592,1
0.020753,0.979247,1
0.027380,0.972620,1
0.011024,0.988976,1
0.019178,0.980822,1
0.009991,0.990009,1
0.774722,0.225278,0
0.880462,0.119538,0
0.021461,0.978539,1
0.016793,0.983207,1
0.807757,0.192243,0
0.631863,0.368137,0
0.007859,0.992141,1
0.040206,0.959794,1
0.743364,0.256636,0
0.029355,0.970645,1
0.553499,0.446501,0
0.024507,0.975493,1
0.199167,0.800833,1
0.385260,0.614740,1
0.068703,0.931297,1
0.034556,0.965444,1
0.827452,0.172548,0
0.072552,0.927448,1
0.128982,0.871018,1
0.774655,0.225345,0
0.035748,0.964252,1
0.017773,0.982227,1
0.019437,0.980563,1
0.092922,0.907078,1
0.041462,0.958538,1
0.053944,0.946056,1
0.029700,0.970300,1
0.038874,0.961126,1
0.303187,0.696813,1
0.016976,0.983024,1
0.074308,0.925692,1
0.692415,0.307585,0
0.049839,0.950161,1
0.952055,0.047945,0
0.018531,0.981469,1
0.244070,0.755930,1
0.019312,0.980688,1
0.386151,0.613849,1
0.059003,0.940997,1
0.777128,0.222872,0
0.129618,0.870382,1
0.713767,0.286233,0
0.039682,0.960318,1
0.060781,0.939219,1
0.040953,0.959047,1
0.868169,0.131831,0
0.843739,0.156261,0
0.023114,0.976886,1
0.110130,0.889870,1
0.082979,0.917021,1
0.042272,0.957728,1
0.764752,0.235248,0
0.116781,0.883219,1
0.168303,0.831697,1
0.037677,0.962323,1
0.943226,0.056774,0
0.028099,0.971901,1
0.152153,0.847847,1
0.033103,0.966897,1
0.584080,0.415920,0
0.884834,0.115166,0
0.009760,0.990240,1
0.971844,0.028156,0
0.011884,0.988116,1
0.918755,0.081245,0
0.414659,0.585341,1
0.024127,0.975873,1
0.401002,0.598998,1
0.022187,0.977813,1
0.062742,0.937258,1
0.051634,0.948366,1
0.300009,0.699991,1
0.074451,0.925549,1
0.023183,0.976817,1
0.011990,0.988010,1
0.624918,0.375082,0
0.880607,0.119393,0
0.198661,0.801339,1
0.020777,0.979223,1
0.039231,0.960769,1
0.039249,0.960751,1
0.166390,0.833610,1
0.255836,0.744164,1
0.321199,0.678801,1
0.867311,0.132689,0
0.153701,0.846299,1
0.035115,0.964885,1
0.010410,0.989590,1
0.015380,0.984620,1
0.194426,0.805574,1
0.031203,0.968797,1
0.029143,0.970857,1
0.015367,0.984633,1
0.024455,0.975545,1
0.185139,0.814861,1
0.788716,0.211284,0
0.176624,0.823376,1
0.270873,0.729127,1
0.026461,0.973539,1
0.020684,0.979316,1
0.010541,0.989459,1
0.016743,0.983257,1
0.032229,0.967771,1
0.354278,0.645722,1
0.019229,0.980771,1
0.018612,0.981388,1
0.027992,0.972008,1
0.015780,0.984220,1
0.434033,0.565967,1
0.040917,0.959083,1
0.125391,0.874609,1
0.143449,0.856551,1
0.021629,0.978371,1
0.021794,0.978206,1
0.833386,0.166614,0
0.025291,0.974709,1
0.015685,0.984315,1
0.015476,0.984524,1
0.015727,0.984273,1
0.445821,0.554179,1
0.015117,0.984883,1
0.358200,0.641800,1
0.008576,0.991424,1
0.623048,0.376952,0
0.016005,0.983995,1
0.103085,0.896915,1
0.132366,0.867634,1
0.024265,0.975735,1
0.024627,0.975373,1
0.687608,0.312392,0
0.025048,0.974952,1
0.017571,0.982429,1
0.039249,0.960751,1
0.196783,0.803217,1
0.613572,0.386428,0
0.522905,0.477095,0
0.029772,0.970228,1
0.030522,0.969478,1
0.060836,0.939164,1
0.020121,0.979879,1
0.869339,0.130661,0
0.016170,0.983830,1
0.770115,0.229885,0
0.089379,0.910621,1
0.013151,0.986849,1
0.081632,0.918368,1
0.018535,0.981465,1
0.033509,0.966491,1
0.026371,0.973629,1
0.028868,0.971132,1
0.655409,0.344591,0
0.259790,0.740210,1
0.012741,0.987259,1
0.015937,0.984063,1
0.037447,0.962553,1
0.221163,0.778837,1
0.842689,0.157311,0
0.019871,0.980129,1
0.074029,0.925971,1
0.037309,0.962691,1
0.195346,0.804654,1
0.023637,0.976363,1
0.094528,0.905472,1
0.393931,0.606069,1
0.032872,0.967128,1
0.226054,0.773946,1
0.023546,0.976454,1
0.023564,0.976436,1
0.063462,0.936538,1
0.017823,0.982177,1
0.301932,0.698068,1
0.050107,0.949893,1
0.844316,0.155684,0
0.027173,0.972827,1
0.039831,0.960169,1
0.017764,0.982236,1
0.026131,0.973869,1
0.017582,0.982418,1
0.041364,0.958636,1
0.056885,0.943115,1
0.004325,0.995675,1
0.083165,0.916835,1
0.040550,0.959450,1
0.211878,0.788122,1
0.074782,0.925218,1
0.030584,0.969416,1
0.692921,0.307079,0
0.045199,0.954801,1
0.014334,0.985666,1
0.027250,0.972750,1
0.028217,0.971783,1
0.035422,0.964578,1
0.017089,0.982911,1
0.012691,0.987309,1
0.035261,0.964739,1
0.240345,0.759655,1
0.045793,0.954207,1
0.132258,0.867742,1
0.436907,0.563093,1
0.523111,0.476889,0
0.235672,0.764328,1
0.200614,0.799386,1
0.335609,0.664391,1
0.013727,0.986273,1
0.229865,0.770135,1
0.032290,0.967710,1
0.225465,0.774535,1
0.572222,0.427778,0
0.882121,0.117879,0
0.838326,0.161674,0
0.362181,0.637819,1
0.174281,0.825719,1
0.050559,0.949441,1
0.077804,0.922196,1
0.014463,0.985537,1
0.148608,0.851392,1
0.015648,0.984352,1
0.619251,0.380749,0
0.101311,0.898689,1
0.099732,0.900268,1
0.025719,0.974281,1
0.031824,0.968176,1
0.098071,0.901929,1
0.114425,0.885575,1
0.030695,0.969305,1
0.251083,0.748917,1
0.021676,0.978324,1
0.030214,0.969786,1
0.023996,0.976004,1
0.448495,0.551505,1
0.088658,0.911342,1
0.020688,0.979312,1
0.011360,0.988640,1
0.089429,0.910571,1
0.805289,0.194711,0
0.063861,0.936139,1
0.667558,0.332442,0
0.051582,0.948418,1
0.747118,0.252882,0
0.032724,0.967276,1
0.800077,0.199923,0
0.028859,0.971141,1
0.023603,0.976397,1
0.599288,0.400712,0
0.009543,0.990457,1
0.050524,0.949476,1
0.882214,0.117786,0
0.325885,0.674115,1
0.022398,0.977602,1
0.866614,0.133386,0
0.048387,0.951613,1
0.100692,0.899308,1
0.009882,0.990118,1
0.105509,0.894491,1
0.073354,0.926646,1
0.047092,0.952908,1
0.026500,0.973500,1
0.281405,0.718595,1
0.054155,0.945845,1
0.313262,0.686738,1
0.022758,0.977242,1
0.047301,0.952699,1
0.035850,0.964150,1
0.033427,0.966573,1
0.005010,0.994990,1
0.045495,0.954505,1
0.033056,0.966944,1
0.910872,0.089128,0
0.030120,0.969880,1
0.120196,0.879804,1
0.160161,0.839839,1
0.015166,0.984834,1
0.011838,0.988162,1
0.185582,0.814418,1
0.193817,0.806183,1
0.429509,0.570491,1
0.014779,0.985221,1
0.017525,0.982475,1
0.027193,0.972807,1
0.306712,0.693288,1
0.208588,0.791412,1
0.052751,0.947249,1
0.478045,0.521955,1
0.241306,0.758694,1
0.107993,0.892007,1
0.015066,0.984934,1
0.010869,0.989131,1
0.180023,0.819977,1
0.179873,0.820127,1
0.039825,0.960175,1
0.063808,0.936192,1
0.482185,0.517815,1
0.017849,0.982151,1
0.026644,0.973356,1
0.911337,0.088663,0
0.007417,0.992583,1
0.037873,0.962127,1
0.017849,0.982151,1
0.008192,0.991808,1
0.359703,0.640297,1
0.704454,0.295546,0
0.088691,0.911309,1
0.555820,0.444180,0
0.142785,0.857215,1
0.926785,0.073215,0
0.017059,0.982941,1
0.025686,0.974314,1
0.056219,0.943781,1
0.285816,0.714184,1
0.291621,0.708379,1
0.099135,0.900865,1
0.017091,0.982909,1
0.091003,0.908997,1
0.007218,0.992782,1
0.024301,0.975699,1
0.051530,0.948470,1
0.021709,0.978291,1
0.020112,0.979888,1
0.029444,0.970556,1
0.020925,0.979075,1
0.080063,0.919937,1
0.028356,0.971644,1
0.092278,0.907722,1
0.041745,0.958255,1
0.075322,0.924678,1
0.659022,0.340978,0
0.048010,0.951990,1
0.015289,0.984711,1
0.111968,0.888032,1
0.011142,0.988858,1
0.067701,0.932299,1
0.012392,0.987608,1
0.029266,0.970734,1
0.086799,0.913201,1
0.019858,0.980142,1
0.034281,0.965719,1
0.018952,0.981048,1
0.041826,0.958174,1
0.058299,0.941701,1
0.103255,0.896745,1
0.104513,0.895487,1
0.028372,0.971628,1
0.158257,0.841743,1
0.041146,0.958854,1
0.139707,0.860293,1
0.136310,0.863690,1
0.017964,0.982036,1
0.004554,0.995446,1
0.724331,0.275669,0
0.156641,0.843359,1
0.012981,0.987019,1
0.011938,0.988062,1
0.030485,0.969515,1
0.027663,0.972337,1
0.042236,0.957764,1
0.085819,0.914181,1
0.028301,0.971699,1
0.041748,0.958252,1
0.410637,0.589363,1
0.022589,0.977411,1
0.123885,0.876115,1
0.092202,0.907798,1
0.261576,0.738424,1
0.010553,0.989447,1
0.039699,0.960301,1
0.038430,0.961570,1
0.026779,0.973221,1
0.142674,0.857326,1
0.179893,0.820107,1
0.093054,0.906946,1
0.829341,0.170659,0
0.056775,0.943225,1
0.664348,0.335652,0
0.207464,0.792536,1
0.128515,0.871485,1
0.515868,0.484132,0
0.019192,0.980808,1
0.018218,0.981782,1
0.137726,0.862274,1
0.327522,0.672478,1
0.773978,0.226022,0
0.038690,0.961310,1
0.017586,0.982414,1
0.019653,0.980347,1
0.086741,0.913259,1
0.139415,0.860585,1
0.053963,0.946037,1
0.752762,0.247238,0
0.028815,0.971185,1
0.358200,0.641800,1
0.325663,0.674337,1
0.039363,0.960637,1
0.107525,0.892475,1
0.047406,0.952594,1
0.904039,0.095961,0
0.642138,0.357862,0
0.021873,0.978127,1
0.023899,0.976101,1
0.080574,0.919426,1
0.032344,0.967656,1
0.033087,0.966913,1
0.046469,0.953531,1
0.030715,0.969285,1
0.344892,0.655108,1
0.325679,0.674321,1
0.073117,0.926883,1
0.018343,0.981657,1
0.267162,0.732838,1
0.136186,0.863814,1
0.090651,0.909349,1
0.012714,0.987286,1
0.167595,0.832405,1
0.027584,0.972416,1
0.033381,0.966619,1
0.011130,0.988870,1
0.162427,0.837573,1
0.014945,0.985055,1
0.005474,0.994526,1
0.007641,0.992359,1
0.040587,0.959413,1
0.904734,0.095266,0
0.492942,0.507058,1
0.025996,0.974004,1
0.028644,0.971356,1
0.076549,0.923451,1
0.027267,0.972733,1
0.034533,0.965467,1
0.015587,0.984413,1
0.095524,0.904476,1
0.021037,0.978963,1
0.064221,0.935779,1
0.084092,0.915908,1
0.025982,0.974018,1
0.015861,0.984139,1
0.051984,0.948016,1
0.499265,0.500735,1
0.634456,0.365544,0
0.277761,0.722239,1
0.006499,0.993501,1
0.021153,0.978847,1
0.047202,0.952798,1
0.047521,0.952479,1
0.460041,0.539959,1
0.015908,0.984092,1
0.015289,0.984711,1
0.028206,0.971794,1
0.043962,0.956038,1
0.062001,0.937999,1
0.014725,0.985275,1
0.011138,0.988862,1
0.520088,0.479912,0
0.756017,0.243983,0
0.039196,0.960804,1
0.014136,0.985864,1
0.147527,0.852473,1
0.029496,0.970504,1
0.330429,0.669571,1
0.041448,0.958552,1
0.013473,0.986527,1
0.012478,0.987522,1
0.023108,0.976892,1
0.050697,0.949303,1
0.038840,0.961160,1
0.021335,0.978665,1
0.014716,0.985284,1
0.016399,0.983601,1
0.016222,0.983778,1
0.110112,0.889888,1
0.161006,0.838994,1
0.114016,0.885984,1
0.224945,0.775055,1
0.033352,0.966648,1
0.460349,0.539651,1
0.730506,0.269494,0
0.078527,0.921473,1
0.026436,0.973564,1
0.089909,0.910091,1
0.016066,0.983934,1
0.007499,0.992501,1
0.028281,0.971719,1
0.017039,0.982961,1
0.078596,0.921404,1
0.214947,0.785053,1
0.167794,0.832206,1
0.040136,0.959864,1
0.012932,0.987068,1
0.028165,0.971835,1
0.149683,0.850317,1
0.024091,0.975909,1
0.022847,0.977153,1
0.005477,0.994523,1
0.442193,0.557807,1
0.130176,0.869824,1
0.041002,0.958998,1
0.011607,0.988393,1
0.079995,0.920005,1
0.022550,0.977450,1
0.613572,0.386428,0
0.581044,0.418956,0
0.738468,0.261532,0
0.014059,0.985941,1
0.009075,0.990925,1
0.309752,0.690248,1
0.568193,0.431807,0
0.086338,0.913662,1
0.099027,0.900973,1
0.024497,0.975503,1
0.608606,0.391394,0
0.251661,0.748339,1
0.659945,0.340055,0
0.096190,0.903810,1
0.899190,0.100810,0
0.008314,0.991686,1
0.087530,0.912470,1
0.718162,0.281838,0
0.522674,0.477326,0
0.019483,0.980517,1
0.436119,0.563881,1
0.118436,0.881564,1
0.894473,0.105527,0
0.013475,0.986525,1
0.072174,0.927826,1
0.042614,0.957386,1
0.057884,0.942116,1
0.052122,0.947878,1
0.605993,0.394007,0
0.853589,0.146411,0
0.050930,0.949070,1
0.163378,0.836622,1
0.447701,0.552299,1
0.585930,0.414070,0
0.005010,0.994990,1
0.010177,0.989823,1
0.069908,0.930092,1
0.676084,0.323916,0
0.034617,0.965383,1
0.046909,0.953091,1
0.016445,0.983555,1
0.045036,0.954964,1
0.399978,0.600022,1
0.017943,0.982057,1
0.090786,0.909214,1
0.398920,0.601080,1
0.038017,0.961983,1
0.045447,0.954553,1
0.011577,0.988423,1
0.235450,0.764550,1
0.036032,0.963968,1
0.035470,0.964530,1
0.085411,0.914589,1
0.769236,0.230764,0
0.116602,0.883398,1
0.219096,0.780904,1
0.073251,0.926749,1
0.076061,0.923939,1
0.033025,0.966975,1
0.913888,0.086112,0
0.040118,0.959882,1
0.025555,0.974445,1
0.116407,0.883593,1
0.008426,0.991574,1
0.039731,0.960269,1
0.036969,0.963031,1
0.089488,0.910512,1
0.016716,0.983284,1
0.098899,0.901101,1
0.034439,0.965561,1
0.058994,0.941006,1
0.818775,0.181225,0
0.619986,0.380014,0
0.960445,0.039555,0
0.215164,0.784836,1
0.037539,0.962461,1
0.086783,0.913217,1
0.075801,0.924199,1
0.056434,0.943566,1
0.011827,0.988173,1
0.056679,0.943321,1
0.013163,0.986837,1
0.279423,0.720577,1
0.061417,0.938583,1
0.136028,0.863972,1
0.018083,0.981917,1
0.564873,0.435127,0
0.035695,0.964305,1
0.041844,0.958156,1
0.043807,0.956193,1
0.358527,0.641473,1
0.048794,0.951206,1
0.016852,0.983148,1
0.539999,0.460001,0
0.140616,0.859384,1
0.845090,0.154910,0
0.019643,0.980357,1
0.970906,0.029094,0
0.028373,0.971627,1
0.040101,0.959899,1
0.063148,0.936852,1
0.140123,0.859877,1
0.406116,0.593884,1
0.029062,0.970938,1
0.017613,0.982387,1
0.019727,0.980273,1
0.262984,0.737016,1
0.021658,0.978342,1
0.035858,0.964142,1
0.694373,0.305627,0
0.910538,0.089462,0
0.011484,0.988516,1
0.021423,0.978577,1
0.023311,0.976689,1
0.067878,0.932122,1
0.030708,0.969292,1
0.013350,0.986650,1
0.592733,0.407267,0
0.359081,0.640919,1
0.656175,0.343825,0
0.036849,0.963151,1
0.017271,0.982729,1
0.446116,0.553884,1
0.058380,0.941620,1
0.610435,0.389565,0
0.018104,0.981896,1
0.737009,0.262991,0
0.052294,0.947706,1
0.561830,0.438170,0
0.086773,0.913227,1
0.890935,0.109065,0
0.159829,0.840171,1
0.008827,0.991173,1
0.014183,0.985817,1
0.060658,0.939342,1
0.005128,0.994872,1
0.874408,0.125592,0
0.026289,0.973711,1
0.032473,0.967527,1
0.010885,0.989115,1
0.183459,0.816541,1
0.008015,0.991985,1
0.015462,0.984538,1
0.016727,0.983273,1
0.858215,0.141785,0
0.032631,0.967369,1
0.004830,0.995170,1
0.163491,0.836509,1
0.012585,0.987415,1
0.121847,0.878153,1
0.005944,0.994056,1
0.016809,0.983191,1
0.028508,0.971492,1
0.641810,0.358190,0
0.015634,0.984366,1
0.004530,0.995470,1
0.013912,0.986088,1
0.495996,0.504004,1
0.109370,0.890630,1
0.861859,0.138141,0
0.007528,0.992472,1
0.399580,0.600420,1
0.131494,0.868506,1
0.029030,0.970970,1
0.098577,0.901423,1
0.019179,0.980821,1
0.096919,0.903081,1
0.018405,0.981595,1
0.053429,0.946571,1
0.178104,0.821896,1
0.166285,0.833715,1
0.906466,0.093534,0
0.136933,0.863067,1
0.044071,0.955929,1
0.019048,0.980952,1
0.696047,0.303953,0
0.011244,0.988756,1
0.094939,0.905061,1
0.015475,0.984525,1
0.186576,0.813424,1
0.022315,0.977685,1
0.015271,0.984729,1
0.085971,0.914029,1
0.060974,0.939026,1
0.620382,0.379618,0
0.011363,0.988637,1
0.199836,0.800164,1
0.042415,0.957585,1
0.084882,0.915118,1
0.137248,0.862752,1
0.018138,0.981862,1
0.018066,0.981934,1
0.028979,0.971021,1
0.173292,0.826708,1
0.031701,0.968299,1
0.018466,0.981534,1
0.696047,0.303953,0
0.043481,0.956519,1
0.068973,0.931027,1
0.256871,0.743129,1
0.019302,0.980698,1
0.014044,0.985956,1
0.173954,0.826046,1
0.056030,0.943970,1
0.031528,0.968472,1
0.122923,0.877077,1
0.073371,0.926629,1
0.073198,0.926802,1
0.030150,0.969850,1
0.115292,0.884708,1
0.011737,0.988263,1
0.342142,0.657858,1
0.889394,0.110606,0
0.051538,0.948462,1
0.018682,0.981318,1
0.009062,0.990938,1
0.107966,0.892034,1
0.079157,0.920843,1
0.102888,0.897112,1
0.048913,0.951087,1
0.017811,0.982189,1
0.016144,0.983856,1
0.126536,0.873464,1
0.020573,0.979427,1
0.632580,0.367420,0
0.053847,0.946153,1
0.009256,0.990744,1
0.017584,0.982416,1
0.871108,0.128892,0
0.034673,0.965327,1
0.907335,0.092665,0
0.446177,0.553823,1
0.065425,0.934575,1
0.692644,0.307356,0
0.010083,0.989917,1
0.044148,0.955852,1
0.408892,0.591108,1
0.017248,0.982752,1
0.938380,0.061620,0
0.032852,0.967148,1
0.059764,0.940236,1
0.126503,0.873497,1
0.048082,0.951918,1
0.022161,0.977839,1
0.018359,0.981641,1
0.823255,0.176745,0
0.279596,0.720404,1
0.028748,0.971252,1
0.098664,0.901336,1
0.064656,0.935344,1
0.663308,0.336692,0
0.092186,0.907814,1
0.012142,0.987858,1
0.025941,0.974059,1
0.098448,0.901552,1
0.632242,0.367758,0
0.035931,0.964069,1
0.178809,0.821191,1
0.015196,0.984804,1
0.010660,0.989340,1
0.014730,0.985270,1
0.017667,0.982333,1
0.028366,0.971634,1
0.774875,0.225125,0
0.049589,0.950411,1
0.888092,0.111908,0
0.121395,0.878605,1
0.048304,0.951696,1
0.468719,0.531281,1
0.085131,0.914869,1
0.039995,0.960005,1
0.021224,0.978776,1
0.007173,0.992827,1
0.012642,0.987358,1
0.082116,0.917884,1
0.914779,0.085221,0
0.021179,0.978821,1
0.012789,0.987211,1
0.122412,0.877588,1
0.375902,0.624098,1
0.025796,0.974204,1
0.265940,0.734060,1
0.045499,0.954501,1
0.051589,0.948411,1
0.019849,0.980151,1
0.189797,0.810203,1
0.517318,0.482682,0
0.071533,0.928467,1
0.230872,0.769128,1
0.261089,0.738911,1
0.032632,0.967368,1
0.089230,0.910770,1
0.020588,0.979412,1
0.036942,0.963058,1
0.655394,0.344606,0
0.017840,0.982160,1
0.526006,0.473994,0
0.016566,0.983434,1
0.031340,0.968660,1
0.157959,0.842041,1
0.729435,0.270565,0
0.035781,0.964219,1
0.065316,0.934684,1
0.012366,0.987634,1
0.037179,0.962821,1
0.677986,0.322014,0
0.017705,0.982295,1
0.087487,0.912513,1
0.021001,0.978999,1
0.055766,0.944234,1
0.034910,0.965090,1
0.013545,0.986455,1
0.196313,0.803687,1
0.008927,0.991073,1
0.046168,0.953832,1
0.030903,0.969097,1
0.392686,0.607314,1
0.360568,0.639432,1
0.016251,0.983749,1
0.019461,0.980539,1
0.109410,0.890590,1
0.128072,0.871928,1
0.313772,0.686228,1
0.053540,0.946460,1
0.011419,0.988581,1
0.011584,0.988416,1
0.089943,0.910057,1
0.040536,0.959464,1
0.038947,0.961053,1
0.046425,0.953575,1
0.076013,0.923987,1
0.011423,0.988577,1
0.035013,0.964987,1
0.092329,0.907671,1
0.026904,0.973096,1
0.018007,0.981993,1
0.009322,0.990678,1
0.329196,0.670804,1
0.237852,0.762148,1
0.027300,0.972700,1
0.026022,0.973978,1
0.013168,0.986832,1
0.062049,0.937951,1
0.956724,0.043276,0
0.520817,0.479183,0
0.020123,0.979877,1
0.302096,0.697904,1
0.046855,0.953145,1
0.056303,0.943697,1
0.245140,0.754860,1
0.011802,0.988198,1
0.818362,0.181638,0
0.555352,0.444648,0
0.005225,0.994775,1
0.050832,0.949168,1
0.039782,0.960218,1
0.217531,0.782469,1
0.021863,0.978137,1
0.225326,0.774674,1
0.118998,0.881002,1
0.191720,0.808280,1
0.011484,0.988516,1
0.434479,0.565521,1
0.018535,0.981465,1
0.081845,0.918155,1
0.018356,0.981644,1
0.068283,0.931717,1
0.045699,0.954301,1
0.179893,0.820107,1
0.755184,0.244816,0
0.248047,0.751953,1
0.013317,0.986683,1
0.525320,0.474680,0
0.072051,0.927949,1
0.006736,0.993264,1
0.824944,0.175056,0
0.350848,0.649152,1
0.825346,0.174654,0
0.044404,0.955596,1
0.017346,0.982654,1
0.049049,0.950951,1
0.012864,0.987136,1
0.611405,0.388595,0
0.251270,0.748730,1
0.013858,0.986142,1
0.098990,0.901010,1
0.204134,0.795866,1
0.524244,0.475756,0
0.113281,0.886719,1
0.907014,0.092986,0
0.021471,0.978529,1
0.023122,0.976878,1
0.022964,0.977036,1
0.036406,0.963594,1
0.590758,0.409242,0
0.496270,0.503730,1
0.275154,0.724846,1
0.033036,0.966964,1
0.909518,0.090482,0
0.024839,0.975161,1
0.022207,0.977793,1
0.130173,0.869827,1
0.902650,0.097350,0
0.010784,0.989216,1
0.019048,0.980952,1
0.019240,0.980760,1
0.151770,0.848230,1
0.333177,0.666823,1
0.038322,0.961678,1
0.167617,0.832383,1
0.029259,0.970741,1
0.469479,0.530521,1
0.814296,0.185704,0
0.750916,0.249084,0
0.034472,0.965528,1
0.018795,0.981205,1
0.591922,0.408078,0
0.576724,0.423276,0
0.125324,0.874676,1
0.013825,0.986175,1
0.682809,0.317191,0
0.062508,0.937492,1
0.037681,0.962319,1
0.134564,0.865436,1
0.123913,0.876087,1
0.110626,0.889374,1
0.913174,0.086826,0
0.407427,0.592573,1
0.048466,0.951534,1
0.057910,0.942090,1
0.114509,0.885491,1
0.017545,0.982455,1
0.930886,0.069114,0
0.034335,0.965665,1
0.764967,0.235033,0
0.050461,0.949539,1
0.050072,0.949928,1
0.185144,0.814856,1
0.082238,0.917762,1
0.515699,0.484301,0
0.041424,0.958576,1
0.016121,0.983879,1
0.895335,0.104665,0
0.033478,0.966522,1
0.124912,0.875088,1
0.013859,0.986141,1
0.029207,0.970793,1
0.051952,0.948048,1
0.012119,0.987881,1
0.134410,0.865590,1
0.017829,0.982171,1
0.875893,0.124107,0
0.018576,0.981424,1
0.014290,0.985710,1
0.058937,0.941063,1
0.048401,0.951599,1
0.043519,0.956481,1
0.022129,0.977871,1
0.013492,0.986508,1
0.903299,0.096701,0
0.011438,0.988562,1
0.813455,0.186545,0
0.509388,0.490612,0
0.016260,0.983740,1
0.136674,0.863326,1
0.158280,0.841720,1
0.111004,0.888996,1
0.011968,0.988032,1
0.037043,0.962957,1
0.283644,0.716356,1
0.092309,0.907691,1
0.083491,0.916509,1
0.051184,0.948816,1
0.069848,0.930152,1
0.033436,0.966564,1
0.031934,0.968066,1
0.025663,0.974337,1
0.058738,0.941262,1
0.684741,0.315259,0
0.016696,0.983304,1
0.016911,0.983089,1
0.037439,0.962561,1
0.880549,0.119451,0
0.010286,0.989714,1
0.021272,0.978728,1
0.701700,0.298300,0
0.032331,0.967669,1
0.035541,0.964459,1
0.064752,0.935248,1
0.079250,0.920750,1
0.408638,0.591362,1
0.029025,0.970975,1
0.084268,0.915732,1
0.020701,0.979299,1
0.040045,0.959955,1
0.855429,0.144571,0
0.048254,0.951746,1
0.077046,0.922954,1
0.805140,0.194860,0
0.722924,0.277076,0
0.034011,0.965989,1
0.030594,0.969406,1
0.781754,0.218246,0
0.024639,0.975361,1
0.028454,0.971546,1
0.192817,0.807183,1
0.038237,0.961763,1
0.011880,0.988120,1
0.251730,0.748270,1
0.011081,0.988919,1
0.344998,0.655002,1
0.035036,0.964964,1
0.028037,0.971963,1
0.019774,0.980226,1
0.039685,0.960315,1
0.017347,0.982653,1
0.068732,0.931268,1
0.018617,0.981383,1
0.050030,0.949970,1
0.024613,0.975387,1
0.025867,0.974133,1
0.946592,0.053408,0
0.010254,0.989746,1
0.071728,0.928272,1
0.937718,0.062282,0
0.011309,0.988691,1
0.075276,0.924724,1
0.183600,0.816400,1
0.032191,0.967809,1
0.706027,0.293973,0
0.817583,0.182417,0
0.018283,0.981717,1
0.520053,0.479947,0
0.028887,0.971113,1
0.367389,0.632611,1
0.446897,0.553103,1
0.024777,0.975223,1
0.044644,0.955356,1
0.197126,0.802874,1
0.036968,0.963032,1
0.022082,0.977918,1
0.118760,0.881240,1
0.030303,0.969697,1
0.069417,0.930583,1
0.258901,0.741099,1
0.037252,0.962748,1
0.037721,0.962279,1
0.055660,0.944340,1
0.340393,0.659607,1
0.915887,0.084113,0
0.047252,0.952748,1
0.008943,0.991057,1
0.010856,0.989144,1
0.032936,0.967064,1
0.025489,0.974511,1
0.020573,0.979427,1
0.019544,0.980456,1
0.036508,0.963492,1
0.018074,0.981926,1
0.023272,0.976728,1
0.044751,0.955249,1
0.028495,0.971505,1
0.009208,0.990792,1
0.420351,0.579649,1
0.029044,0.970956,1
0.187325,0.812675,1
0.026359,0.973641,1
0.026727,0.973273,1
0.041290,0.958710,1
0.607182,0.392818,0
0.023525,0.976475,1
0.016772,0.983228,1
0.020923,0.979077,1
0.037376,0.962624,1
0.012853,0.987147,1
0.006353,0.993647,1
0.057796,0.942204,1
0.044309,0.955691,1
0.955199,0.044801,0
0.850909,0.149091,0
0.640181,0.359819,0
0.577798,0.422202,0
0.023315,0.976685,1
0.035063,0.964937,1
0.771320,0.228680,0
0.009538,0.990462,1
0.039869,0.960131,1
0.084650,0.915350,1
0.148493,0.851507,1
0.403117,0.596883,1
0.427144,0.572856,1
0.020436,0.979564,1
0.008112,0.991888,1
0.120892,0.879108,1
0.036908,0.963092,1
0.084292,0.915708,1
0.177325,0.822675,1
0.546027,0.453973,0
0.038387,0.961613,1
0.103671,0.896329,1
0.021568,0.978432,1
0.821033,0.178967,0
0.674838,0.325162,0
0.081722,0.918278,1
0.865046,0.134954,0
0.062449,0.937551,1
0.046368,0.953632,1
0.032232,0.967768,1
0.043162,0.956838,1
0.074521,0.925479,1
0.007117,0.992883,1
0.018301,0.981699,1
0.018694,0.981306,1
0.026902,0.973098,1
0.035111,0.964889,1
0.031067,0.968933,1
0.049355,0.950645,1
0.273919,0.726081,1
0.021472,0.978528,1
0.144174,0.855826,1
0.022342,0.977658,1
0.009595,0.990405,1
0.895989,0.104011,0
0.029971,0.970029,1
0.013095,0.986905,1
0.013286,0.986714,1
0.557733,0.442267,0
0.084622,0.915378,1
0.057275,0.942725,1
0.043830,0.956170,1
0.155563,0.844437,1
0.103929,0.896071,1
0.008102,0.991898,1
0.758807,0.241193,0
0.039045,0.960955,1
0.970380,0.029620,0
0.317762,0.682238,1
0.043109,0.956891,1
0.135902,0.864098,1
0.017937,0.982063,1
0.408304,0.591696,1
0.556191,0.443809,0
0.047730,0.952270,1
0.017192,0.982808,1
0.248122,0.751878,1
0.620188,0.379812,0
0.039335,0.960665,1
0.062151,0.937849,1
0.014990,0.985010,1
0.031280,0.968720,1
0.136785,0.863215,1
0.011219,0.988781,1
0.007069,0.992931,1
0.214725,0.785275,1
0.348427,0.651573,1
0.041551,0.958449,1
0.421448,0.578552,1
0.046190,0.953810,1
0.034469,0.965531,1
0.020235,0.979765,1
0.033455,0.966545,1
0.033859,0.966141,1
0.033349,0.966651,1
0.016797,0.983203,1
0.013886,0.986114,1
0.104793,0.895207,1
0.026081,0.973919,1
0.027041,0.972959,1
0.068181,0.931819,1
0.034250,0.965750,1
0.902570,0.097430,0
0.918583,0.081417,0
0.015994,0.984006,1
0.037354,0.962646,1
0.941776,0.058224,0
0.565598,0.434402,0
0.061069,0.938931,1
0.340708,0.659292,1
0.017818,0.982182,1
0.099263,0.900737,1
0.023058,0.976942,1
0.030069,0.969931,1
0.108108,0.891892,1
0.047606,0.952394,1
0.194561,0.805439,1
0.082326,0.917674,1
0.920540,0.079460,0
0.742324,0.257676,0
0.373754,0.626246,1
0.508470,0.491530,0
0.119179,0.880821,1
0.032705,0.967295,1
0.043862,0.956138,1
0.072574,0.927426,1
0.341866,0.658134,1
0.034145,0.965855,1
0.633106,0.366894,0
0.548138,0.451862,0
0.011057,0.988943,1
0.193253,0.806747,1
0.340416,0.659584,1
0.014431,0.985569,1
0.013738,0.986262,1
0.016121,0.983879,1
0.038043,0.961957,1
0.059700,0.940300,1
0.711510,0.288490,0
0.030976,0.969024,1
0.171194,0.828806,1
0.053581,0.946419,1
0.014056,0.985944,1
0.043916,0.956084,1
0.014081,0.985919,1
0.020280,0.979720,1
0.941797,0.058203,0
0.027957,0.972043,1
0.390911,0.609089,1
0.135280,0.864720,1
0.625058,0.374942,0
0.011576,0.988424,1
0.091038,0.908962,1
0.027091,0.972909,1
0.063018,0.936982,1
0.839948,0.160052,0
0.839091,0.160909,0
0.920153,0.079847,0
0.070931,0.929069,1
0.067938,0.932062,1
0.082674,0.917326,1
0.014329,0.985671,1
0.017824,0.982176,1
0.054426,0.945574,1
0.290842,0.709158,1
0.078162,0.921838,1
0.261231,0.738769,1
0.159976,0.840024,1
0.128248,0.871752,1
0.243433,0.756567,1
0.012558,0.987442,1
0.013364,0.986636,1
0.026873,0.973127,1
0.009668,0.990332,1
0.064491,0.935509,1
