score0,score1,class
0.001113,0.998887,1
0.999528,0.000472,0
0.999414,0.000586,0
0.995187,0.004813,0
0.000061,0.999939,1
0.001510,0.998490,1
0.003202,0.996798,1
0.000976,0.999024,1
0.999721,0.000279,0
0.001197,0.998803,1
0.998991,0.001009,0
0.000087,0.999913,1
0.000211,0.999789,1
0.000768,0.999232,1
0.999102,0.000898,0
0.006315,0.993685,1
0.996104,0.003896,0
0.999222,0.000778,0
0.998459,0.001541,0
0.000673,0.999327,1
0.998566,0.001434,0
0.000651,0.999349,1
0.001865,0.998135,1
0.999947,0.000053,0
0.999007,0.000993,0
0.003808,0.996192,1
0.999701,0.000299,0
0.997346,0.002654,0
0.998767,0.001233,0
0.002367,0.997633,1
0.000037,0.999963,1
0.999806,0.000194,0
0.999297,0.000703,0
0.000209,0.999791,1
0.001637,0.998363,1
0.999015,0.000985,0
0.998885,0.001115,0
0.999677,0.000323,0
0.998485,0.001515,0
0.000047,0.999953,1
0.999905,0.000095,0
0.997691,0.002309,0
0.998917,0.001083,0
0.100076,0.899924,1
0.996761,0.003239,0
0.999875,0.000125,0
0.000353,0.999647,1
0.999660,0.000340,0
0.000133,0.999867,1
0.996706,0.003294,0
0.000095,0.999905,1
0.000108,0.999892,1
0.999430,0.000570,0
0.999139,0.000861,0
0.999124,0.000876,0
0.999681,0.000319,0
0.001028,0.998972,1
0.005230,0.994770,1
0.002137,0.997863,1
0.999676,0.000324,0
0.993719,0.006281,0
0.001888,0.998112,1
0.999641,0.000359,0
0.000837,0.999163,1
0.000487,0.999513,1
0.000083,0.999917,1
0.999672,0.000328,0
0.993890,0.006110,0
0.999565,0.000435,0
0.999793,0.000207,0
0.999445,0.000555,0
0.000906,0.999094,1
0.999638,0.000362,0
0.997756,0.002244,0
0.000344,0.999656,1
0.999244,0.000756,0
0.000252,0.999748,1
0.000469,0.999531,1
0.001510,0.998490,1
0.002780,0.997220,1
0.998967,0.001033,0
0.000438,0.999562,1
0.000053,0.999947,1
0.000977,0.999023,1
0.999761,0.000239,0
0.000709,0.999291,1
0.001539,0.998461,1
0.000588,0.999412,1
0.000049,0.999951,1
0.999458,0.000542,0
0.007932,0.992068,1
0.000254,0.999746,1
0.000313,0.999687,1
0.997849,0.002151,0
0.999073,0.000927,0
0.999313,0.000687,0
0.000631,0.999369,1
0.997687,0.002313,0
0.000221,0.999779,1
0.998815,0.001185,0
0.002763,0.997237,1
0.998847,0.001153,0
0.000143,0.999857,1
0.000997,0.999003,1
0.002246,0.997754,1
0.000138,0.999862,1
0.000664,0.999336,1
0.001127,0.998873,1
0.000262,0.999738,1
0.998690,0.001310,0
0.997232,0.002768,0
0.998490,0.001510,0
0.995902,0.004098,0
0.998775,0.001225,0
0.999474,0.000526,0
0.998846,0.001154,0
0.998675,0.001325,0
0.000059,0.999941,1
0.001687,0.998313,1
0.001337,0.998663,1
0.001094,0.998906,1
0.001863,0.998137,1
0.998290,0.001710,0
0.998861,0.001139,0
0.000191,0.999809,1
0.999689,0.000311,0
0.000317,0.999683,1
0.000463,0.999537,1
0.000096,0.999904,1
0.999871,0.000129,0
0.000850,0.999150,1
0.999139,0.000861,0
0.010681,0.989319,1
0.999260,0.000740,0
0.001160,0.998840,1
0.999781,0.000219,0
0.998261,0.001739,0
0.004406,0.995594,1
0.000690,0.999310,1
0.002455,0.997545,1
0.035628,0.964372,1
0.000017,0.999983,1
0.000273,0.999727,1
0.998641,0.001359,0
0.000074,0.999926,1
0.999888,0.000112,0
0.999188,0.000812,0
0.000157,0.999843,1
0.000435,0.999565,1
0.001510,0.998490,1
0.000059,0.999941,1
0.999650,0.000350,0
0.000369,0.999631,1
0.000181,0.999819,1
0.999541,0.000459,0
0.999084,0.000916,0
0.998715,0.001285,0
0.000158,0.999842,1
0.000455,0.999545,1
0.998532,0.001468,0
0.999486,0.000514,0
0.001311,0.998689,1
0.999785,0.000215,0
0.998893,0.001107,0
0.998625,0.001375,0
0.997341,0.002659,0
0.000315,0.999685,1
0.999077,0.000923,0
0.999623,0.000377,0
0.000526,0.999474,1
0.002367,0.997633,1
0.999654,0.000346,0
0.997579,0.002421,0
0.996610,0.003390,0
0.000901,0.999099,1
0.000111,0.999889,1
0.000779,0.999221,1
0.997950,0.002050,0
0.999564,0.000436,0
0.000422,0.999578,1
0.000179,0.999821,1
0.000021,0.999979,1
0.000837,0.999163,1
0.999359,0.000641,0
0.003164,0.996836,1
0.998659,0.001341,0
0.999050,0.000950,0
0.000019,0.999981,1
0.002156,0.997844,1
0.999401,0.000599,0
0.998885,0.001115,0
0.000259,0.999741,1
0.997035,0.002965,0
0.002124,0.997876,1
0.000134,0.999866,1
0.000056,0.999944,1
0.000020,0.999980,1
0.003325,0.996675,1
0.997660,0.002340,0
0.000243,0.999757,1
0.001620,0.998380,1
0.000444,0.999556,1
0.002070,0.997930,1
0.000414,0.999586,1
0.998228,0.001772,0
0.999583,0.000417,0
0.999160,0.000840,0
0.000942,0.999058,1
0.001851,0.998149,1
0.999260,0.000740,0
0.000578,0.999422,1
0.001139,0.998861,1
0.001311,0.998689,1
0.998645,0.001355,0
0.999244,0.000756,0
0.000906,0.999094,1
0.002721,0.997279,1
0.998604,0.001396,0
0.001049,0.998951,1
0.000184,0.999816,1
0.001010,0.998990,1
0.000096,0.999904,1
0.005968,0.994032,1
0.999696,0.000304,0
0.999109,0.000891,0
0.997326,0.002674,0
0.999256,0.000744,0
0.012776,0.987224,1
0.000701,0.999299,1
0.999407,0.000593,0
0.997309,0.002691,0
0.000716,0.999284,1
0.999021,0.000979,0
0.001510,0.998490,1
0.999095,0.000905,0
0.990075,0.009925,0
0.000159,0.999841,1
0.995933,0.004067,0
0.998326,0.001674,0
0.001323,0.998677,1
0.997249,0.002751,0
0.998226,0.001774,0
0.001983,0.998017,1
0.000609,0.999391,1
0.000174,0.999826,1
0.002868,0.997132,1
0.990099,0.009901,0
0.000939,0.999061,1
0.999241,0.000759,0
0.000122,0.999878,1
0.000554,0.999446,1
0.998871,0.001129,0
0.999471,0.000529,0
0.000015,0.999985,1
0.000339,0.999661,1
0.000733,0.999267,1
0.997463,0.002537,0
0.001998,0.998002,1
0.001065,0.998935,1
0.002293,0.997707,1
0.999802,0.000198,0
0.000302,0.999698,1
0.000005,0.999995,1
0.999830,0.000170,0
0.000216,0.999784,1
0.997579,0.002421,0
0.999505,0.000495,0
0.000131,0.999869,1
0.058830,0.941170,1
0.999679,0.000321,0
0.000330,0.999670,1
0.000384,0.999616,1
0.999176,0.000824,0
0.000064,0.999936,1
0.998323,0.001677,0
0.003202,0.996798,1
0.003260,0.996740,1
0.996336,0.003664,0
0.999847,0.000153,0
0.999445,0.000555,0
0.998815,0.001185,0
0.999935,0.000065,0
0.998396,0.001604,0
0.000593,0.999407,1
0.000274,0.999726,1
0.999389,0.000611,0
0.999266,0.000734,0
0.999214,0.000786,0
0.000236,0.999764,1
0.999513,0.000487,0
0.998990,0.001010,0
0.999852,0.000148,0
0.998870,0.001130,0
0.001644,0.998356,1
0.002952,0.997048,1
0.003684,0.996316,1
0.999424,0.000576,0
0.000402,0.999598,1
0.979624,0.020376,0
0.000049,0.999951,1
0.000022,0.999978,1
0.999183,0.000817,0
0.998344,0.001656,0
0.000945,0.999055,1
0.000220,0.999780,1
0.999531,0.000469,0
0.998150,0.001850,0
0.000747,0.999253,1
0.998972,0.001028,0
0.000484,0.999516,1
0.995569,0.004431,0
0.999311,0.000689,0
0.999263,0.000737,0
0.001046,0.998954,1
0.001059,0.998941,1
0.001864,0.998136,1
0.999493,0.000507,0
0.000072,0.999928,1
0.000236,0.999764,1
0.000884,0.999116,1
0.000400,0.999600,1
0.000126,0.999874,1
0.999139,0.000861,0
0.999930,0.000070,0
0.001510,0.998490,1
0.001016,0.998984,1
0.000062,0.999938,1
0.001113,0.998887,1
0.999842,0.000158,0
0.002187,0.997813,1
0.000084,0.999916,1
0.005814,0.994186,1
0.999771,0.000229,0
0.000025,0.999975,1
0.006320,0.993680,1
0.998702,0.001298,0
0.999025,0.000975,0
0.999710,0.000290,0
0.999789,0.000211,0
0.035024,0.964976,1
0.999915,0.000085,0
0.006115,0.993885,1
0.998840,0.001160,0
0.001508,0.998492,1
0.999537,0.000463,0
0.998791,0.001209,0
0.998957,0.001043,0
0.999744,0.000256,0
0.998763,0.001237,0
0.999259,0.000741,0
0.998993,0.001007,0
0.000247,0.999753,1
0.998690,0.001310,0
0.005467,0.994533,1
0.001604,0.998396,1
0.006634,0.993366,1
0.002557,0.997443,1
0.998903,0.001097,0
0.999391,0.000609,0
0.000979,0.999021,1
0.000531,0.999469,1
0.000257,0.999743,1
0.000430,0.999570,1
0.000015,0.999985,1
0.009781,0.990219,1
0.001430,0.998570,1
0.013563,0.986437,1
0.999468,0.000532,0
0.000961,0.999039,1
0.003634,0.996366,1
0.996364,0.003636,0
0.000167,0.999833,1
0.998794,0.001206,0
0.998815,0.001185,0
0.997645,0.002355,0
0.001018,0.998982,1
0.999522,0.000478,0
0.999777,0.000223,0
0.999325,0.000675,0
0.001457,0.998543,1
0.002047,0.997953,1
0.991499,0.008501,0
0.000407,0.999593,1
0.000075,0.999925,1
0.998783,0.001217,0
0.000783,0.999217,1
0.005744,0.994256,1
0.000521,0.999479,1
0.002401,0.997599,1
0.000919,0.999081,1
0.001324,0.998676,1
0.999715,0.000285,0
0.000090,0.999910,1
0.000424,0.999576,1
0.000457,0.999543,1
0.995333,0.004667,0
0.000319,0.999681,1
0.998405,0.001595,0
0.999486,0.000514,0
0.000891,0.999109,1
0.000780,0.999220,1
0.000277,0.999723,1
0.000949,0.999051,1
0.999685,0.000315,0
0.999270,0.000730,0
0.001463,0.998537,1
0.000725,0.999275,1
0.000144,0.999856,1
0.000049,0.999951,1
0.000842,0.999158,1
0.999879,0.000121,0
0.999887,0.000113,0
0.000649,0.999351,1
0.000190,0.999810,1
0.999589,0.000411,0
0.001050,0.998950,1
0.984156,0.015844,0
0.001445,0.998555,1
0.000033,0.999967,1
0.000348,0.999652,1
0.000229,0.999771,1
0.999712,0.000288,0
0.000221,0.999779,1
0.999583,0.000417,0
0.999897,0.000103,0
0.999353,0.000647,0
0.999192,0.000808,0
0.001413,0.998587,1
0.999602,0.000398,0
0.001184,0.998816,1
0.999284,0.000716,0
0.000238,0.999762,1
0.000173,0.999827,1
0.000340,0.999660,1
0.999471,0.000529,0
0.001922,0.998078,1
0.998136,0.001864,0
0.999340,0.000660,0
0.000170,0.999830,1
0.998640,0.001360,0
0.999285,0.000715,0
0.998421,0.001579,0
0.000265,0.999735,1
0.002837,0.997163,1
0.002075,0.997925,1
0.000627,0.999373,1
0.000173,0.999827,1
0.998314,0.001686,0
0.000366,0.999634,1
0.999877,0.000123,0
0.000058,0.999942,1
0.000077,0.999923,1
0.997594,0.002406,0
0.002548,0.997452,1
0.998284,0.001716,0
0.000358,0.999642,1
0.000255,0.999745,1
0.000917,0.999083,1
0.999578,0.000422,0
0.000047,0.999953,1
0.999846,0.000154,0
0.000263,0.999737,1
0.001510,0.998490,1
0.999887,0.000113,0
0.000717,0.999283,1
0.995084,0.004916,0
0.002503,0.997497,1
0.000288,0.999712,1
0.999603,0.000397,0
0.999123,0.000877,0
0.001173,0.998827,1
0.998207,0.001793,0
0.998815,0.001185,0
0.007157,0.992843,1
0.999744,0.000256,0
0.999493,0.000507,0
0.999168,0.000832,0
0.998823,0.001177,0
0.000465,0.999535,1
0.999755,0.000245,0
0.001658,0.998342,1
0.999607,0.000393,0
0.000565,0.999435,1
0.999326,0.000674,0
0.000883,0.999117,1
0.999248,0.000752,0
0.999556,0.000444,0
0.000690,0.999310,1
0.999766,0.000234,0
0.999744,0.000256,0
0.998556,0.001444,0
0.001222,0.998778,1
0.000444,0.999556,1
0.999708,0.000292,0
0.998497,0.001503,0
0.000510,0.999490,1
0.000105,0.999895,1
0.000727,0.999273,1
0.998905,0.001095,0
0.012095,0.987905,1
0.000486,0.999514,1
0.002094,0.997906,1
0.000138,0.999862,1
0.000877,0.999123,1
0.999604,0.000396,0
0.998199,0.001801,0
0.000186,0.999814,1
0.999789,0.000211,0
0.997578,0.002422,0
0.000203,0.999797,1
0.000627,0.999373,1
0.997850,0.002150,0
0.999687,0.000313,0
0.000144,0.999856,1
0.999453,0.000547,0
0.000291,0.999709,1
0.000526,0.999474,1
0.997959,0.002041,0
0.000020,0.999980,1
0.000332,0.999668,1
0.999297,0.000703,0
0.998341,0.001659,0
0.000427,0.999573,1
0.000048,0.999952,1
0.026067,0.973933,1
0.000049,0.999951,1
0.000154,0.999846,1
0.998927,0.001073,0
0.000764,0.999236,1
0.999431,0.000569,0
0.000679,0.999321,1
0.999771,0.000229,0
0.000371,0.999629,1
0.996763,0.003237,0
0.998989,0.001011,0
0.998421,0.001579,0
0.994848,0.005152,0
0.001510,0.998490,1
0.000671,0.999329,1
0.999723,0.000277,0
0.001477,0.998523,1
0.000056,0.999944,1
0.000098,0.999902,1
0.000568,0.999432,1
0.999016,0.000984,0
0.998679,0.001321,0
0.999467,0.000533,0
0.003951,0.996049,1
0.001139,0.998861,1
0.000350,0.999650,1
0.000275,0.999725,1
0.997764,0.002236,0
0.000065,0.999935,1
0.999345,0.000655,0
0.000673,0.999327,1
0.001409,0.998591,1
0.996060,0.003940,0
0.000158,0.999842,1
0.999793,0.000207,0
0.000252,0.999748,1
0.999692,0.000308,0
0.001450,0.998550,1
0.001460,0.998540,1
0.999566,0.000434,0
0.001121,0.998879,1
0.000120,0.999880,1
0.000268,0.999732,1
0.000262,0.999738,1
0.999477,0.000523,0
0.999360,0.000640,0
0.001500,0.998500,1
0.999251,0.000749,0
0.002270,0.997730,1
0.998875,0.001125,0
0.998339,0.001661,0
0.000204,0.999796,1
0.997323,0.002677,0
0.999772,0.000228,0
0.000023,0.999977,1
0.000620,0.999380,1
0.012776,0.987224,1
0.000230,0.999770,1
0.000547,0.999453,1
0.999478,0.000522,0
0.009653,0.990347,1
0.999485,0.000515,0
0.991363,0.008637,0
0.999249,0.000751,0
0.000320,0.999680,1
0.003082,0.996918,1
0.000107,0.999893,1
0.000230,0.999770,1
0.001582,0.998418,1
0.016132,0.983868,1
0.998672,0.001328,0
0.999641,0.000359,0
0.000563,0.999437,1
0.999315,0.000685,0
0.998223,0.001777,0
0.998254,0.001746,0
0.998153,0.001847,0
0.000289,0.999711,1
0.999360,0.000640,0
0.000955,0.999045,1
0.999622,0.000378,0
0.000217,0.999783,1
0.996214,0.003786,0
0.000812,0.999188,1
0.999450,0.000550,0
0.000257,0.999743,1
0.999283,0.000717,0
0.000633,0.999367,1
0.000041,0.999959,1
0.005027,0.994973,1
0.999712,0.000288,0
0.997860,0.002140,0
0.998528,0.001472,0
0.998704,0.001296,0
0.998426,0.001574,0
0.999693,0.000307,0
0.000678,0.999322,1
0.000434,0.999566,1
0.001062,0.998938,1
0.000012,0.999988,1
0.000933,0.999067,1
0.001890,0.998110,1
0.000162,0.999838,1
0.998569,0.001431,0
0.999528,0.000472,0
0.004154,0.995846,1
0.000489,0.999511,1
0.999068,0.000932,0
0.000084,0.999916,1
0.999804,0.000196,0
0.999014,0.000986,0
0.000605,0.999395,1
0.000680,0.999320,1
0.999762,0.000238,0
0.999018,0.000982,0
0.999679,0.000321,0
0.997963,0.002037,0
0.997020,0.002980,0
0.000349,0.999651,1
0.000940,0.999060,1
0.999832,0.000168,0
0.997925,0.002075,0
0.000310,0.999690,1
0.008094,0.991906,1
0.000170,0.999830,1
0.999786,0.000214,0
0.000529,0.999471,1
0.001055,0.998945,1
0.997056,0.002944,0
0.000599,0.999401,1
0.000253,0.999747,1
0.999809,0.000191,0
0.999315,0.000685,0
0.002018,0.997982,1
0.999233,0.000767,0
0.999757,0.000243,0
0.000727,0.999273,1
0.999431,0.000569,0
0.999185,0.000815,0
0.996290,0.003710,0
0.999316,0.000684,0
0.000020,0.999980,1
0.000134,0.999866,1
0.001330,0.998670,1
0.999734,0.000266,0
0.999453,0.000547,0
0.997643,0.002357,0
0.996571,0.003429,0
0.002260,0.997740,1
0.000219,0.999781,1
0.999332,0.000668,0
0.000669,0.999331,1
0.982398,0.017602,0
0.000220,0.999780,1
0.997521,0.002479,0
0.000807,0.999193,1
0.000122,0.999878,1
0.000867,0.999133,1
0.999057,0.000943,0
0.000888,0.999112,1
0.999459,0.000541,0
0.998445,0.001555,0
0.000354,0.999646,1
0.998185,0.001815,0
0.017669,0.982331,1
0.998398,0.001602,0
0.000004,0.999996,1
0.000138,0.999862,1
0.000049,0.999951,1
0.999677,0.000323,0
0.998895,0.001105,0
0.000409,0.999591,1
0.000102,0.999898,1
0.999463,0.000537,0
0.999730,0.000270,0
0.999319,0.000681,0
0.999794,0.000206,0
0.000544,0.999456,1
0.999651,0.000349,0
0.999289,0.000711,0
0.999891,0.000109,0
0.000707,0.999293,1
0.000068,0.999932,1
0.000406,0.999594,1
0.000951,0.999049,1
0.000779,0.999221,1
0.002044,0.997956,1
0.999124,0.000876,0
0.000168,0.999832,1
0.000328,0.999672,1
0.000057,0.999943,1
0.000315,0.999685,1
0.001734,0.998266,1
0.000703,0.999297,1
0.997660,0.002340,0
0.007453,0.992547,1
0.000152,0.999848,1
0.000512,0.999488,1
0.998062,0.001938,0
0.000762,0.999238,1
0.998265,0.001735,0
0.000099,0.999901,1
0.000180,0.999820,1
0.001206,0.998794,1
0.001235,0.998765,1
0.001306,0.998694,1
0.986373,0.013627,0
0.999171,0.000829,0
0.998883,0.001117,0
0.999019,0.000981,0
0.000091,0.999909,1
0.999868,0.000132,0
0.999055,0.000945,0
0.999701,0.000299,0
0.000096,0.999904,1
0.999865,0.000135,0
0.999788,0.000212,0
0.000406,0.999594,1
0.998096,0.001904,0
0.001240,0.998760,1
0.998830,0.001170,0
0.000292,0.999708,1
0.000347,0.999653,1
0.000744,0.999256,1
0.000216,0.999784,1
0.999786,0.000214,0
0.001600,0.998400,1
0.998779,0.001221,0
0.998997,0.001003,0
0.999574,0.000426,0
0.002642,0.997358,1
0.998852,0.001148,0
0.998984,0.001016,0
0.000190,0.999810,1
0.000105,0.999895,1
0.999688,0.000312,0
0.994887,0.005113,0
0.998977,0.001023,0
0.999915,0.000085,0
0.000172,0.999828,1
0.999819,0.000181,0
0.010103,0.989897,1
0.998171,0.001829,0
0.000114,0.999886,1
0.997841,0.002159,0
0.999559,0.000441,0
0.001890,0.998110,1
0.999651,0.000349,0
0.000413,0.999587,1
0.004794,0.995206,1
0.996869,0.003131,0
0.999376,0.000624,0
0.999641,0.000359,0
0.999612,0.000388,0
0.985571,0.014429,0
0.000128,0.999872,1
0.002813,0.997187,1
0.999570,0.000430,0
0.000955,0.999045,1
0.004101,0.995899,1
0.999744,0.000256,0
0.999435,0.000565,0
0.999849,0.000151,0
0.000047,0.999953,1
0.999182,0.000818,0
0.000075,0.999925,1
0.999677,0.000323,0
0.998674,0.001326,0
0.999368,0.000632,0
0.999416,0.000584,0
0.999374,0.000626,0
0.000426,0.999574,1
0.000220,0.999780,1
0.999379,0.000621,0
0.000255,0.999745,1
0.001089,0.998911,1
0.999311,0.000689,0
0.001130,0.998870,1
0.998771,0.001229,0
0.000078,0.999922,1
0.999638,0.000362,0
0.999469,0.000531,0
0.001025,0.998975,1
0.997330,0.002670,0
0.999705,0.000295,0
0.000072,0.999928,1
0.999494,0.000506,0
0.001866,0.998134,1
0.000695,0.999305,1
0.999676,0.000324,0
0.999713,0.000287,0
0.000354,0.999646,1
0.999218,0.000782,0
0.002680,0.997320,1
0.998549,0.001451,0
0.999260,0.000740,0
0.000084,0.999916,1
0.999715,0.000285,0
0.998059,0.001941,0
0.001817,0.998183,1
0.000101,0.999899,1
0.997930,0.002070,0
0.999438,0.000562,0
0.002302,0.997698,1
0.000500,0.999500,1
0.994445,0.005555,0
0.000499,0.999501,1
0.000787,0.999213,1
0.999402,0.000598,0
0.000373,0.999627,1
0.998229,0.001771,0
0.002148,0.997852,1
0.002727,0.997273,1
0.001602,0.998398,1
0.999413,0.000587,0
0.006805,0.993195,1
0.000219,0.999781,1
0.993834,0.006166,0
0.998787,0.001213,0
0.000010,0.999990,1
0.995878,0.004122,0
0.999680,0.000320,0
0.999693,0.000307,0
0.001006,0.998994,1
0.000222,0.999778,1
0.999574,0.000426,0
0.000035,0.999965,1
0.999277,0.000723,0
0.015488,0.984512,1
0.001018,0.998982,1
0.999141,0.000859,0
0.000043,0.999957,1
0.993726,0.006274,0
0.999909,0.000091,0
0.000015,0.999985,1
0.001681,0.998319,1
0.993010,0.006990,0
0.002824,0.997176,1
0.000485,0.999515,1
0.999692,0.000308,0
0.000953,0.999047,1
0.997453,0.002547,0
0.000568,0.999432,1
0.000571,0.999429,1
0.000138,0.999862,1
0.999814,0.000186,0
0.000216,0.999784,1
0.000699,0.999301,1
0.000185,0.999815,1
0.001130,0.998870,1
0.999824,0.000176,0
0.000054,0.999946,1
0.001239,0.998761,1
0.998885,0.001115,0
0.000120,0.999880,1
0.001181,0.998819,1
0.999366,0.000634,0
0.000425,0.999575,1
0.998601,0.001399,0
0.000031,0.999969,1
0.000680,0.999320,1
0.000061,0.999939,1
0.999801,0.000199,0
0.998726,0.001274,0
0.002398,0.997602,1
0.000307,0.999693,1
0.000486,0.999514,1
0.999692,0.000308,0
0.000281,0.999719,1
0.000230,0.999770,1
0.000170,0.999830,1
0.999845,0.000155,0
0.000063,0.999937,1
0.998607,0.001393,0
0.001040,0.998960,1
0.987860,0.012140,0
0.998130,0.001870,0
0.000006,0.999994,1
0.000121,0.999879,1
0.001385,0.998615,1
0.999066,0.000934,0
0.999405,0.000595,0
0.000780,0.999220,1
0.000578,0.999422,1
0.000010,0.999990,1
0.000309,0.999691,1
0.000819,0.999181,1
0.000503,0.999497,1
0.999243,0.000757,0
0.999850,0.000150,0
0.000107,0.999893,1
0.000321,0.999679,1
0.000528,0.999472,1
0.999930,0.000070,0
0.999852,0.000148,0
0.000416,0.999584,1
0.000388,0.999612,1
0.998618,0.001382,0
0.999142,0.000858,0
0.000328,0.999672,1
0.000484,0.999516,1
0.000108,0.999892,1
0.998965,0.001035,0
0.999744,0.000256,0
0.000490,0.999510,1
0.999917,0.000083,0
0.001277,0.998723,1
0.000189,0.999811,1
0.001107,0.998893,1
0.001182,0.998818,1
0.000013,0.999987,1
0.000779,0.999221,1
0.000107,0.999893,1
0.998728,0.001272,0
0.990962,0.009038,0
0.999755,0.000245,0
0.000294,0.999706,1
0.998610,0.001390,0
0.000300,0.999700,1
0.002184,0.997816,1
0.000097,0.999903,1
0.999350,0.000650,0
0.991085,0.008915,0
0.000800,0.999200,1
0.999264,0.000736,0
0.999223,0.000777,0
0.001049,0.998951,1
0.000502,0.999498,1
0.000066,0.999934,1
0.996872,0.003128,0
0.004768,0.995232,1
0.999380,0.000620,0
0.000139,0.999861,1
0.999555,0.000445,0
0.000185,0.999815,1
0.003594,0.996406,1
0.999029,0.000971,0
0.999299,0.000701,0
0.997439,0.002561,0
0.001049,0.998951,1
0.995696,0.004304,0
0.999410,0.000590,0
0.000005,0.999995,1
0.000049,0.999951,1
0.999728,0.000272,0
0.998852,0.001148,0
0.997590,0.002410,0
0.991460,0.008540,0
0.999429,0.000571,0
0.000259,0.999741,1
0.002225,0.997775,1
0.000011,0.999989,1
0.000358,0.999642,1
0.000383,0.999617,1
0.999519,0.000481,0
0.000749,0.999251,1
0.000617,0.999383,1
0.005230,0.994770,1
0.000007,0.999993,1
0.999271,0.000729,0
0.999343,0.000657,0
0.000361,0.999639,1
0.999742,0.000258,0
0.017589,0.982411,1
0.000235,0.999765,1
0.000191,0.999809,1
0.000154,0.999846,1
0.000191,0.999809,1
0.000333,0.999667,1
0.006121,0.993879,1
0.994317,0.005683,0
0.000126,0.999874,1
0.008225,0.991775,1
0.000447,0.999553,1
0.999662,0.000338,0
0.999532,0.000468,0
0.999624,0.000376,0
0.999148,0.000852,0
0.000465,0.999535,1
0.999353,0.000647,0
0.999672,0.000328,0
0.000173,0.999827,1
0.997825,0.002175,0
0.999839,0.000161,0
0.000371,0.999629,1
0.001283,0.998717,1
0.000991,0.999009,1
0.999673,0.000327,0
0.000008,0.999992,1
0.000800,0.999200,1
0.999801,0.000199,0
0.001445,0.998555,1
0.998674,0.001326,0
0.999440,0.000560,0
0.001173,0.998827,1
0.000984,0.999016,1
0.000243,0.999757,1
0.000086,0.999914,1
0.000957,0.999043,1
0.999119,0.000881,0
0.001196,0.998804,1
0.999368,0.000632,0
0.001490,0.998510,1
0.999188,0.000812,0
0.008519,0.991481,1
0.002264,0.997736,1
0.000573,0.999427,1
0.000028,0.999972,1
0.999673,0.000327,0
0.000557,0.999443,1
0.000629,0.999371,1
0.999439,0.000561,0
0.999311,0.000689,0
0.001072,0.998928,1
0.000021,0.999979,1
0.999611,0.000389,0
0.001574,0.998426,1
0.998820,0.001180,0
0.000949,0.999051,1
0.003528,0.996472,1
0.001124,0.998876,1
0.999563,0.000437,0
0.001674,0.998326,1
0.999901,0.000099,0
0.999236,0.000764,0
0.000807,0.999193,1
0.999294,0.000706,0
0.996065,0.003935,0
0.000186,0.999814,1
0.999830,0.000170,0
0.000123,0.999877,1
0.996233,0.003767,0
0.997894,0.002106,0
0.001209,0.998791,1
0.999438,0.000562,0
0.000157,0.999843,1
0.998090,0.001910,0
0.003528,0.996472,1
0.997278,0.002722,0
0.000485,0.999515,1
0.000686,0.999314,1
0.005135,0.994865,1
0.994848,0.005152,0
0.000162,0.999838,1
0.000108,0.999892,1
0.000457,0.999543,1
0.000553,0.999447,1
0.000440,0.999560,1
0.999642,0.000358,0
0.999115,0.000885,0
0.998874,0.001126,0
0.000866,0.999134,1
0.999309,0.000691,0
0.996602,0.003398,0
0.997760,0.002240,0
0.000199,0.999801,1
0.002978,0.997022,1
0.005529,0.994471,1
0.000084,0.999916,1
0.999556,0.000444,0
0.999375,0.000625,0
0.001585,0.998415,1
0.999683,0.000317,0
0.000674,0.999326,1
0.000985,0.999015,1
0.000713,0.999287,1
0.001850,0.998150,1
0.000437,0.999563,1
0.998112,0.001888,0
0.996176,0.003824,0
0.999591,0.000409,0
0.000288,0.999712,1
0.000094,0.999906,1
0.000553,0.999447,1
0.138751,0.861249,1
0.001035,0.998965,1
0.999789,0.000211,0
0.000241,0.999759,1
0.999519,0.000481,0
0.998406,0.001594,0
0.000965,0.999035,1
0.000088,0.999912,1
0.000530,0.999470,1
0.999066,0.000934,0
0.000086,0.999914,1
0.999580,0.000420,0
0.996109,0.003891,0
0.000344,0.999656,1
0.001704,0.998296,1
0.999384,0.000616,0
0.000042,0.999958,1
0.000787,0.999213,1
0.999634,0.000366,0
0.995630,0.004370,0
0.003762,0.996238,1
0.000640,0.999360,1
0.001621,0.998379,1
0.002136,0.997864,1
0.000107,0.999893,1
0.000062,0.999938,1
0.998235,0.001765,0
0.000957,0.999043,1
0.000128,0.999872,1
0.994114,0.005886,0
0.006960,0.993040,1
0.000224,0.999776,1
0.000476,0.999524,1
0.999040,0.000960,0
0.998266,0.001734,0
0.001072,0.998928,1
0.001090,0.998910,1
0.998984,0.001016,0
0.983521,0.016479,0
0.997784,0.002216,0
0.999395,0.000605,0
0.000277,0.999723,1
0.988990,0.011010,0
0.001365,0.998635,1
0.000223,0.999777,1
0.000065,0.999935,1
0.000011,0.999989,1
0.001278,0.998722,1
0.000325,0.999675,1
0.999608,0.000392,0
0.008526,0.991474,1
0.998935,0.001065,0
0.000137,0.999863,1
0.999557,0.000443,0
0.999801,0.000199,0
0.000390,0.999610,1
0.000588,0.999412,1
0.999609,0.000391,0
0.000116,0.999884,1
0.000215,0.999785,1
0.011941,0.988059,1
0.999647,0.000353,0
0.000063,0.999937,1
0.000936,0.999064,1
0.999674,0.000326,0
0.994238,0.005762,0
0.996135,0.003865,0
0.999561,0.000439,0
0.998146,0.001854,0
0.001173,0.998827,1
0.001181,0.998819,1
0.999193,0.000807,0
0.000953,0.999047,1
0.999770,0.000230,0
0.001931,0.998069,1
0.000303,0.999697,1
0.000049,0.999951,1
0.000038,0.999962,1
0.999145,0.000855,0
0.999187,0.000813,0
0.999510,0.000490,0
0.000028,0.999972,1
0.999238,0.000762,0
0.999710,0.000290,0
0.997822,0.002178,0
0.998057,0.001943,0
0.001167,0.998833,1
0.000272,0.999728,1
0.998259,0.001741,0
0.000416,0.999584,1
0.998736,0.001264,0
0.998836,0.001164,0
0.999482,0.000518,0
0.000246,0.999754,1
0.000027,0.999973,1
0.998694,0.001306,0
0.999821,0.000179,0
0.002151,0.997849,1
0.999761,0.000239,0
0.998494,0.001506,0
0.999476,0.000524,0
0.000872,0.999128,1
0.999438,0.000562,0
0.000050,0.999950,1
0.000382,0.999618,1
0.999565,0.000435,0
0.000084,0.999916,1
0.998352,0.001648,0
0.000035,0.999965,1
0.996308,0.003692,0
0.000140,0.999860,1
0.994848,0.005152,0
0.000346,0.999654,1
0.001067,0.998933,1
0.000965,0.999035,1
0.999363,0.000637,0
0.000606,0.999394,1
0.999526,0.000474,0
0.999156,0.000844,0
0.000504,0.999496,1
0.000494,0.999506,1
0.998815,0.001185,0
0.000056,0.999944,1
0.995278,0.004722,0
0.997387,0.002613,0
0.998266,0.001734,0
0.999676,0.000324,0
0.999815,0.000185,0
0.999809,0.000191,0
0.999264,0.000736,0
0.999448,0.000552,0
0.000482,0.999518,1
0.999470,0.000530,0
0.997063,0.002937,0
0.002671,0.997329,1
0.998624,0.001376,0
0.001065,0.998935,1
0.998886,0.001114,0
0.000039,0.999961,1
0.000350,0.999650,1
0.000059,0.999941,1
0.995908,0.004092,0
0.001559,0.998441,1
0.999209,0.000791,0
0.007453,0.992547,1
0.999162,0.000838,0
0.999106,0.000894,0
0.000966,0.999034,1
0.000669,0.999331,1
0.004156,0.995844,1
0.001795,0.998205,1
0.001429,0.998571,1
0.000447,0.999553,1
0.001771,0.998229,1
0.000016,0.999984,1
0.999725,0.000275,0
0.999692,0.000308,0
0.999691,0.000309,0
0.000446,0.999554,1
0.000760,0.999240,1
0.999815,0.000185,0
0.001652,0.998348,1
0.000258,0.999742,1
0.999582,0.000418,0
0.998897,0.001103,0
0.996517,0.003483,0
0.999469,0.000531,0
0.000070,0.999930,1
0.998392,0.001608,0
0.001862,0.998138,1
0.003637,0.996363,1
0.988367,0.011633,0
0.000126,0.999874,1
0.999654,0.000346,0
0.000655,0.999345,1
0.999424,0.000576,0
0.999882,0.000118,0
0.000218,0.999782,1
0.001417,0.998583,1
0.000384,0.999616,1
0.000028,0.999972,1
0.999817,0.000183,0
0.997265,0.002735,0
0.000152,0.999848,1
0.001184,0.998816,1
0.002802,0.997198,1
0.000090,0.999910,1
0.001724,0.998276,1
0.994117,0.005883,0
0.000667,0.999333,1
0.000571,0.999429,1
0.002152,0.997848,1
0.996862,0.003138,0
0.001510,0.998490,1
0.003303,0.996697,1
0.000307,0.999693,1
0.002889,0.997111,1
0.000682,0.999318,1
0.001067,0.998933,1
0.000333,0.999667,1
0.000569,0.999431,1
0.000653,0.999347,1
0.000167,0.999833,1
0.000076,0.999924,1
0.000024,0.999976,1
0.000107,0.999893,1
0.996025,0.003975,0
0.001360,0.998640,1
0.998909,0.001091,0
0.997767,0.002233,0
0.000472,0.999528,1
0.001271,0.998729,1
0.998704,0.001296,0
0.000096,0.999904,1
0.000846,0.999154,1
0.002419,0.997581,1
0.999610,0.000390,0
0.006918,0.993082,1
0.998562,0.001438,0
0.997285,0.002715,0
0.000057,0.999943,1
0.999115,0.000885,0
0.005057,0.994943,1
0.999341,0.000659,0
0.991217,0.008783,0
0.000462,0.999538,1
0.001367,0.998633,1
0.999324,0.000676,0
0.000267,0.999733,1
0.001698,0.998302,1
0.999206,0.000794,0
0.001475,0.998525,1
0.003297,0.996703,1
0.000081,0.999919,1
0.001689,0.998311,1
0.000152,0.999848,1
0.001270,0.998730,1
0.999748,0.000252,0
0.000145,0.999855,1
0.000236,0.999764,1
0.999411,0.000589,0
0.998083,0.001917,0
0.998726,0.001274,0
0.999602,0.000398,0
0.999872,0.000128,0
0.999210,0.000790,0
0.000128,0.999872,1
0.000475,0.999525,1
0.000185,0.999815,1
0.000253,0.999747,1
0.003446,0.996554,1
0.999639,0.000361,0
0.000764,0.999236,1
0.000676,0.999324,1
0.998972,0.001028,0
0.997194,0.002806,0
0.001201,0.998799,1
0.997945,0.002055,0
0.996159,0.003841,0
0.000152,0.999848,1
0.998932,0.001068,0
0.000680,0.999320,1
0.000086,0.999914,1
0.000707,0.999293,1
0.999617,0.000383,0
0.000172,0.999828,1
0.000049,0.999951,1
0.000084,0.999916,1
0.999578,0.000422,0
0.000063,0.999937,1
0.998771,0.001229,0
0.999870,0.000130,0
0.001039,0.998961,1
0.999293,0.000707,0
0.001411,0.998589,1
0.999439,0.000561,0
0.999609,0.000391,0
0.001102,0.998898,1
0.999610,0.000390,0
0.999578,0.000422,0
0.000079,0.999921,1
0.001120,0.998880,1
0.001414,0.998586,1
0.000371,0.999629,1
0.996111,0.003889,0
0.000050,0.999950,1
0.000116,0.999884,1
0.001703,0.998297,1
0.000558,0.999442,1
0.000823,0.999177,1
0.000093,0.999907,1
0.000101,0.999899,1
0.999446,0.000554,0
0.000415,0.999585,1
0.002001,0.997999,1
0.998342,0.001658,0
0.000116,0.999884,1
0.000787,0.999213,1
0.000528,0.999472,1
0.001818,0.998182,1
0.001169,0.998831,1
0.000156,0.999844,1
0.996409,0.003591,0
0.999723,0.000277,0
0.996521,0.003479,0
0.000334,0.999666,1
0.000426,0.999574,1
0.998953,0.001047,0
0.000348,0.999652,1
0.001739,0.998261,1
0.000983,0.999017,1
0.999485,0.000515,0
0.998743,0.001257,0
0.998727,0.001273,0
0.000193,0.999807,1
0.004022,0.995978,1
0.998322,0.001678,0
0.001026,0.998974,1
0.000348,0.999652,1
0.000012,0.999988,1
0.000042,0.999958,1
0.000134,0.999866,1
0.000814,0.999186,1
0.000982,0.999018,1
0.000185,0.999815,1
0.997629,0.002371,0
0.001484,0.998516,1
0.000640,0.999360,1
0.997894,0.002106,0
0.002562,0.997438,1
0.999887,0.000113,0
0.999489,0.000511,0
0.999612,0.000388,0
0.999612,0.000388,0
0.000162,0.999838,1
0.005106,0.994894,1
0.001030,0.998970,1
0.000234,0.999766,1
0.000906,0.999094,1
0.003141,0.996859,1
0.999207,0.000793,0
0.000933,0.999067,1
0.001000,0.999000,1
0.000494,0.999506,1
0.000183,0.999817,1
0.000259,0.999741,1
0.998263,0.001737,0
0.000011,0.999989,1
0.999757,0.000243,0
0.000486,0.999514,1
0.000406,0.999594,1
0.999370,0.000630,0
0.999612,0.000388,0
0.999230,0.000770,0
0.000266,0.999734,1
0.000222,0.999778,1
0.000027,0.999973,1
0.999300,0.000700,0
0.999692,0.000308,0
0.000090,0.999910,1
0.999625,0.000375,0
0.000624,0.999376,1
0.999549,0.000451,0
0.001141,0.998859,1
0.000107,0.999893,1
0.998610,0.001390,0
0.000111,0.999889,1
0.998864,0.001136,0
0.999606,0.000394,0
0.000300,0.999700,1
0.997752,0.002248,0
0.999692,0.000308,0
0.999859,0.000141,0
0.001377,0.998623,1
0.000112,0.999888,1
0.006626,0.993374,1
0.000175,0.999825,1
0.000225,0.999775,1
0.003043,0.996957,1
0.000705,0.999295,1
0.999774,0.000226,0
0.998140,0.001860,0
0.998891,0.001109,0
0.000640,0.999360,1
0.999660,0.000340,0
0.999847,0.000153,0
0.002467,0.997533,1
0.999706,0.000294,0
0.998945,0.001055,0
0.000160,0.999840,1
0.998970,0.001030,0
0.998242,0.001758,0
0.000350,0.999650,1
0.000938,0.999062,1
0.000529,0.999471,1
0.998285,0.001715,0
0.000324,0.999676,1
0.998124,0.001876,0
0.001041,0.998959,1
0.997796,0.002204,0
0.999357,0.000643,0
0.000058,0.999942,1
0.993802,0.006198,0
0.994305,0.005695,0
0.008072,0.991928,1
0.000887,0.999113,1
0.000307,0.999693,1
0.000906,0.999094,1
0.000444,0.999556,1
0.999263,0.000737,0
0.999820,0.000180,0
0.999494,0.000506,0
0.998724,0.001276,0
0.000222,0.999778,1
0.999319,0.000681,0
0.997460,0.002540,0
0.997268,0.002732,0
0.999681,0.000319,0
0.000464,0.999536,1
0.996655,0.003345,0
0.999045,0.000955,0
0.000138,0.999862,1
0.000460,0.999540,1
0.999742,0.000258,0
0.000577,0.999423,1
0.001321,0.998679,1
0.997016,0.002984,0
0.000112,0.999888,1
0.999808,0.000192,0
0.999407,0.000593,0
0.999857,0.000143,0
0.999842,0.000158,0
0.000192,0.999808,1
0.999480,0.000520,0
0.000069,0.999931,1
0.003542,0.996458,1
0.994399,0.005601,0
0.998605,0.001395,0
0.998147,0.001853,0
0.000022,0.999978,1
0.998607,0.001393,0
0.000289,0.999711,1
0.999559,0.000441,0
0.000332,0.999668,1
0.000212,0.999788,1
0.999186,0.000814,0
0.000079,0.999921,1
0.000236,0.999764,1
0.000242,0.999758,1
0.000127,0.999873,1
0.000060,0.999940,1
0.999717,0.000283,0
0.998291,0.001709,0
0.000275,0.999725,1
0.998372,0.001628,0
0.999633,0.000367,0
0.999722,0.000278,0
0.999538,0.000462,0
0.000877,0.999123,1
0.000033,0.999967,1
0.999859,0.000141,0
0.999687,0.000313,0
0.000168,0.999832,1
0.000479,0.999521,1
0.000454,0.999546,1
0.999074,0.000926,0
0.000056,0.999944,1
0.999892,0.000108,0
0.001108,0.998892,1
0.999207,0.000793,0
0.000093,0.999907,1
0.000312,0.999688,1
0.999710,0.000290,0
0.999476,0.000524,0
0.001625,0.998375,1
0.998818,0.001182,0
0.004910,0.995090,1
0.000116,0.999884,1
0.998683,0.001317,0
0.000588,0.999412,1
0.000218,0.999782,1
0.001553,0.998447,1
0.000659,0.999341,1
0.000022,0.999978,1
0.999319,0.000681,0
0.000747,0.999253,1
0.999557,0.000443,0
0.999715,0.000285,0
0.000823,0.999177,1
0.000296,0.999704,1
0.999105,0.000895,0
0.000234,0.999766,1
0.002291,0.997709,1
0.000457,0.999543,1
0.000285,0.999715,1
0.000682,0.999318,1
0.993167,0.006833,0
0.002081,0.997919,1
0.999171,0.000829,0
0.000445,0.999555,1
0.999904,0.000096,0
0.998815,0.001185,0
0.999360,0.000640,0
0.998031,0.001969,0
0.000113,0.999887,1
0.000597,0.999403,1
0.998408,0.001592,0
0.000015,0.999985,1
0.000480,0.999520,1
0.997484,0.002516,0
0.998656,0.001344,0
0.998602,0.001398,0
0.001624,0.998376,1
0.999278,0.000722,0
0.001179,0.998821,1
0.000038,0.999962,1
0.001305,0.998695,1
0.000121,0.999879,1
0.000156,0.999844,1
0.000623,0.999377,1
0.000057,0.999943,1
0.999436,0.000564,0
0.002508,0.997492,1
0.000208,0.999792,1
0.000886,0.999114,1
0.000526,0.999474,1
0.999927,0.000073,0
0.001081,0.998919,1
0.999791,0.000209,0
0.000351,0.999649,1
0.000017,0.999983,1
0.999713,0.000287,0
0.998324,0.001676,0
0.998409,0.001591,0
0.000446,0.999554,1
0.001337,0.998663,1
0.001510,0.998490,1
0.000350,0.999650,1
0.000059,0.999941,1
0.999089,0.000911,0
0.005754,0.994246,1
0.000701,0.999299,1
0.000049,0.999951,1
0.996737,0.003263,0
0.999415,0.000585,0
0.000252,0.999748,1
0.999271,0.000729,0
0.999750,0.000250,0
0.999112,0.000888,0
0.006004,0.993996,1
0.999461,0.000539,0
0.998806,0.001194,0
0.998792,0.001208,0
0.999280,0.000720,0
0.004155,0.995845,1
0.000887,0.999113,1
0.998875,0.001125,0
0.003516,0.996484,1
0.000366,0.999634,1
0.000373,0.999627,1
0.000230,0.999770,1
0.000071,0.999929,1
0.998624,0.001376,0
0.998085,0.001915,0
0.000030,0.999970,1
0.999414,0.000586,0
0.997637,0.002363,0
0.999447,0.000553,0
0.000230,0.999770,1
0.000122,0.999878,1
0.001439,0.998561,1
0.000183,0.999817,1
0.999766,0.000234,0
0.000434,0.999566,1
0.000281,0.999719,1
0.000144,0.999856,1
0.000491,0.999509,1
0.000933,0.999067,1
0.000030,0.999970,1
0.999010,0.000990,0
0.000283,0.999717,1
0.996280,0.003720,0
0.001103,0.998897,1
0.999924,0.000076,0
0.000861,0.999139,1
0.000355,0.999645,1
0.001524,0.998476,1
0.999542,0.000458,0
0.000625,0.999375,1
0.998666,0.001334,0
0.999812,0.000188,0
0.001623,0.998377,1
0.998171,0.001829,0
0.000298,0.999702,1
0.999626,0.000374,0
0.999305,0.000695,0
0.002435,0.997565,1
0.999435,0.000565,0
0.000154,0.999846,1
0.000106,0.999894,1
0.001618,0.998382,1
0.999802,0.000198,0
0.999681,0.000319,0
0.999328,0.000672,0
0.999799,0.000201,0
0.998382,0.001618,0
0.000948,0.999052,1
0.996821,0.003179,0
0.999230,0.000770,0
0.001065,0.998935,1
0.999687,0.000313,0
0.001898,0.998102,1
0.999710,0.000290,0
0.001895,0.998105,1
0.002162,0.997838,1
0.999583,0.000417,0
0.000342,0.999658,1
0.998244,0.001756,0
0.000173,0.999827,1
0.998720,0.001280,0
0.998863,0.001137,0
0.999342,0.000658,0
0.000362,0.999638,1
0.998863,0.001137,0
0.999512,0.000488,0
0.999035,0.000965,0
0.999659,0.000341,0
0.007221,0.992779,1
0.001510,0.998490,1
0.000630,0.999370,1
0.001272,0.998728,1
0.998778,0.001222,0
0.000346,0.999654,1
0.000043,0.999957,1
0.002703,0.997297,1
0.996523,0.003477,0
0.996633,0.003367,0
0.000059,0.999941,1
0.000221,0.999779,1
0.998889,0.001111,0
0.001511,0.998489,1
0.001430,0.998570,1
0.000072,0.999928,1
0.999522,0.000478,0
0.000407,0.999593,1
0.001277,0.998723,1
0.000219,0.999781,1
0.000576,0.999424,1
0.001155,0.998845,1
0.999077,0.000923,0
0.001104,0.998896,1
0.000273,0.999727,1
0.997154,0.002846,0
0.998749,0.001251,0
0.997566,0.002434,0
0.998677,0.001323,0
0.000089,0.999911,1
0.998625,0.001375,0
0.998654,0.001346,0
0.998463,0.001537,0
0.001007,0.998993,1
0.000861,0.999139,1
0.999665,0.000335,0
0.001164,0.998836,1
0.999202,0.000798,0
0.999306,0.000694,0
0.999448,0.000552,0
0.000450,0.999550,1
0.998911,0.001089,0
0.999495,0.000505,0
0.001983,0.998017,1
0.000436,0.999564,1
0.998771,0.001229,0
0.000012,0.999988,1
0.999651,0.000349,0
0.999502,0.000498,0
0.000246,0.999754,1
0.000021,0.999979,1
0.999860,0.000140,0
0.000074,0.999926,1
0.000042,0.999958,1
0.001805,0.998195,1
0.001898,0.998102,1
0.999399,0.000601,0
0.999400,0.000600,0
0.000073,0.999927,1
0.999531,0.000469,0
0.998627,0.001373,0
0.993975,0.006025,0
0.000186,0.999814,1
0.000901,0.999099,1
0.999165,0.000835,0
0.000049,0.999951,1
0.999607,0.000393,0
0.000043,0.999957,1
0.999016,0.000984,0
0.999224,0.000776,0
0.000018,0.999982,1
0.000418,0.999582,1
0.999919,0.000081,0
0.999648,0.000352,0
0.000224,0.999776,1
0.000808,0.999192,1
0.000276,0.999724,1
0.999245,0.000755,0
0.999522,0.000478,0
0.000602,0.999398,1
0.998860,0.001140,0
0.004768,0.995232,1
0.999291,0.000709,0
0.000739,0.999261,1
0.999541,0.000459,0
0.000512,0.999488,1
0.000558,0.999442,1
0.999637,0.000363,0
0.999188,0.000812,0
0.000083,0.999917,1
0.000310,0.999690,1
0.992016,0.007984,0
0.000783,0.999217,1
0.997301,0.002699,0
0.997404,0.002596,0
0.001983,0.998017,1
0.999162,0.000838,0
0.999772,0.000228,0
0.998562,0.001438,0
0.995155,0.004845,0
0.998550,0.001450,0
0.000613,0.999387,1
0.999184,0.000816,0
0.000322,0.999678,1
0.995892,0.004108,0
0.997191,0.002809,0
0.005590,0.994410,1
0.998980,0.001020,0
0.999565,0.000435,0
0.000089,0.999911,1
0.998875,0.001125,0
0.000378,0.999622,1
0.998285,0.001715,0
0.999727,0.000273,0
0.999858,0.000142,0
0.998274,0.001726,0
0.999466,0.000534,0
0.000294,0.999706,1
0.000491,0.999509,1
0.002999,0.997001,1
0.002186,0.997814,1
0.001210,0.998790,1
0.001076,0.998924,1
0.001424,0.998576,1
0.001340,0.998660,1
0.003025,0.996975,1
0.999724,0.000276,0
0.002121,0.997879,1
0.998733,0.001267,0
0.999911,0.000089,0
0.000051,0.999949,1
0.000146,0.999854,1
0.000832,0.999168,1
0.999599,0.000401,0
0.997332,0.002668,0
0.997429,0.002571,0
0.999378,0.000622,0
0.999381,0.000619,0
0.000140,0.999860,1
0.001190,0.998810,1
0.001118,0.998882,1
0.000490,0.999510,1
0.997047,0.002953,0
0.001510,0.998490,1
0.999905,0.000095,0
0.995657,0.004343,0
0.000130,0.999870,1
0.998628,0.001372,0
0.998235,0.001765,0
0.999742,0.000258,0
0.998421,0.001579,0
0.000149,0.999851,1
0.999715,0.000285,0
0.999774,0.000226,0
0.000033,0.999967,1
0.000749,0.999251,1
0.000198,0.999802,1
0.998656,0.001344,0
0.000618,0.999382,1
0.999484,0.000516,0
0.000053,0.999947,1
0.000641,0.999359,1
0.997653,0.002347,0
0.000288,0.999712,1
0.999251,0.000749,0
0.006805,0.993195,1
0.999329,0.000671,0
0.998929,0.001071,0
0.999156,0.000844,0
0.999365,0.000635,0
0.000069,0.999931,1
0.000581,0.999419,1
0.000373,0.999627,1
0.001135,0.998865,1
0.000196,0.999804,1
0.000085,0.999915,1
0.000406,0.999594,1
0.997613,0.002387,0
0.002587,0.997413,1
0.001374,0.998626,1
0.000301,0.999699,1
0.995702,0.004298,0
0.999269,0.000731,0
0.000076,0.999924,1
0.999378,0.000622,0
0.000745,0.999255,1
0.998203,0.001797,0
0.000213,0.999787,1
0.999504,0.000496,0
0.000096,0.999904,1
0.998321,0.001679,0
0.998204,0.001796,0
0.000630,0.999370,1
0.002009,0.997991,1
0.000094,0.999906,1
0.001177,0.998823,1
0.000522,0.999478,1
0.999521,0.000479,0
0.999272,0.000728,0
0.999031,0.000969,0
0.998865,0.001135,0
0.000162,0.999838,1
0.984825,0.015175,0
0.999501,0.000499,0
0.999347,0.000653,0
0.997127,0.002873,0
0.002347,0.997653,1
0.991985,0.008015,0
0.000143,0.999857,1
0.000965,0.999035,1
0.001460,0.998540,1
0.001605,0.998395,1
0.998624,0.001376,0
0.999126,0.000874,0
0.998852,0.001148,0
0.000877,0.999123,1
0.000035,0.999965,1
0.999638,0.000362,0
0.002984,0.997016,1
0.999874,0.000126,0
0.998631,0.001369,0
0.999616,0.000384,0
0.001283,0.998717,1
0.000351,0.999649,1
0.998684,0.001316,0
0.000187,0.999813,1
0.000227,0.999773,1
0.999817,0.000183,0
0.000623,0.999377,1
0.999478,0.000522,0
0.000265,0.999735,1
0.000225,0.999775,1
0.999788,0.000212,0
0.001510,0.998490,1
0.000158,0.999842,1
0.002234,0.997766,1
0.019234,0.980766,1
0.999803,0.000197,0
0.995078,0.004922,0
0.998536,0.001464,0
0.000033,0.999967,1
0.000185,0.999815,1
0.002071,0.997929,1
0.998425,0.001575,0
0.999775,0.000225,0
0.997767,0.002233,0
0.999018,0.000982,0
0.001062,0.998938,1
0.998627,0.001373,0
0.002816,0.997184,1
0.000787,0.999213,1
0.000363,0.999637,1
0.999369,0.000631,0
0.999604,0.000396,0
0.000198,0.999802,1
0.997590,0.002410,0
0.999301,0.000699,0
0.000991,0.999009,1
0.999511,0.000489,0
0.997995,0.002005,0
0.999073,0.000927,0
0.000435,0.999565,1
0.998588,0.001412,0
0.000192,0.999808,1
0.999737,0.000263,0
0.000175,0.999825,1
0.998637,0.001363,0
0.000540,0.999460,1
0.000839,0.999161,1
0.990110,0.009890,0
0.001145,0.998855,1
0.996747,0.003253,0
0.000414,0.999586,1
0.000262,0.999738,1
0.999901,0.000099,0
0.999374,0.000626,0
0.000440,0.999560,1
0.998752,0.001248,0
0.999097,0.000903,0
0.996934,0.003066,0
0.999660,0.000340,0
0.000377,0.999623,1
0.999531,0.000469,0
0.996523,0.003477,0
0.993423,0.006577,0
0.000963,0.999037,1
0.998704,0.001296,0
0.000346,0.999654,1
0.000239,0.999761,1
0.001442,0.998558,1
0.001539,0.998461,1
0.998529,0.001471,0
0.000105,0.999895,1
0.999800,0.000200,0
0.998943,0.001057,0
0.001964,0.998036,1
0.999369,0.000631,0
0.000266,0.999734,1
0.000558,0.999442,1
0.000105,0.999895,1
0.000799,0.999201,1
0.001136,0.998864,1
0.999756,0.000244,0
0.998263,0.001737,0
0.000094,0.999906,1
0.000640,0.999360,1
0.000254,0.999746,1
0.999351,0.000649,0
0.001334,0.998666,1
0.000256,0.999744,1
0.001479,0.998521,1
0.002747,0.997253,1
0.000170,0.999830,1
0.999361,0.000639,0
0.001669,0.998331,1
0.000656,0.999344,1
0.000128,0.999872,1
0.000209,0.999791,1
0.000126,0.999874,1
0.999695,0.000305,0
0.000282,0.999718,1
0.999418,0.000582,0
0.001693,0.998307,1
0.003026,0.996974,1
0.000820,0.999180,1
0.998161,0.001839,0
0.002467,0.997533,1
0.000154,0.999846,1
0.998763,0.001237,0
0.000372,0.999628,1
0.999454,0.000546,0
0.999848,0.000152,0
0.000053,0.999947,1
0.000217,0.999783,1
0.999090,0.000910,0
0.000306,0.999694,1
0.998799,0.001201,0
0.999681,0.000319,0
0.000284,0.999716,1
0.999589,0.000411,0
0.000348,0.999652,1
0.000114,0.999886,1
0.001027,0.998973,1
0.998303,0.001697,0
0.000177,0.999823,1
0.000409,0.999591,1
0.999263,0.000737,0
0.000596,0.999404,1
0.001139,0.998861,1
0.998966,0.001034,0
0.000321,0.999679,1
0.000977,0.999023,1
0.999669,0.000331,0
0.004056,0.995944,1
0.000222,0.999778,1
0.000410,0.999590,1
0.999108,0.000892,0
0.000162,0.999838,1
0.001686,0.998314,1
0.000914,0.999086,1
0.000222,0.999778,1
0.999519,0.000481,0
0.000836,0.999164,1
0.000545,0.999455,1
0.001475,0.998525,1
0.999405,0.000595,0
0.002409,0.997591,1
0.003137,0.996863,1
0.000058,0.999942,1
0.000130,0.999870,1
0.000222,0.999778,1
0.999199,0.000801,0
0.999012,0.000988,0
0.000159,0.999841,1
0.000105,0.999895,1
0.999939,0.000061,0
0.000270,0.999730,1
0.002138,0.997862,1
0.999790,0.000210,0
0.999055,0.000945,0
0.001375,0.998625,1
0.001034,0.998966,1
0.000610,0.999390,1
0.000466,0.999534,1
0.999771,0.000229,0
0.000057,0.999943,1
0.999721,0.000279,0
0.017990,0.982010,1
0.000046,0.999954,1
0.000024,0.999976,1
0.000341,0.999659,1
0.002265,0.997735,1
0.001286,0.998714,1
0.000022,0.999978,1
0.005356,0.994644,1
0.000069,0.999931,1
0.001174,0.998826,1
0.000277,0.999723,1
0.997815,0.002185,0
0.001937,0.998063,1
0.002189,0.997811,1
0.000158,0.999842,1
0.999868,0.000132,0
0.003389,0.996611,1
0.999692,0.000308,0
0.000906,0.999094,1
0.003141,0.996859,1
0.001475,0.998525,1
0.999384,0.000616,0
0.997283,0.002717,0
0.998990,0.001010,0
0.000806,0.999194,1
0.998332,0.001668,0
0.003802,0.996198,1
0.993174,0.006826,0
0.000936,0.999064,1
0.000019,0.999981,1
0.000484,0.999516,1
0.000262,0.999738,1
0.000075,0.999925,1
0.999655,0.000345,0
0.999081,0.000919,0
0.000014,0.999986,1
0.998869,0.001131,0
0.999641,0.000359,0
0.002987,0.997013,1
0.000436,0.999564,1
0.000410,0.999590,1
0.995657,0.004343,0
0.998848,0.001152,0
0.004056,0.995944,1
0.998875,0.001125,0
0.999374,0.000626,0
0.000256,0.999744,1
0.001525,0.998475,1
0.995314,0.004686,0
0.000222,0.999778,1
0.999178,0.000822,0
0.001536,0.998464,1
0.001450,0.998550,1
0.999351,0.000649,0
0.000903,0.999097,1
0.998398,0.001602,0
0.001672,0.998328,1
0.000922,0.999078,1
0.999697,0.000303,0
0.000886,0.999114,1
0.999784,0.000216,0
0.999782,0.000218,0
0.000075,0.999925,1
0.000436,0.999564,1
0.002367,0.997633,1
0.000040,0.999960,1
0.983104,0.016896,0
0.998375,0.001625,0
0.999677,0.000323,0
0.993933,0.006067,0
0.996010,0.003990,0
0.002632,0.997368,1
0.000415,0.999585,1
0.000115,0.999885,1
0.999607,0.000393,0
0.999487,0.000513,0
0.999197,0.000803,0
0.001010,0.998990,1
0.000438,0.999562,1
0.000418,0.999582,1
0.996875,0.003125,0
0.991776,0.008224,0
0.000265,0.999735,1
0.010319,0.989681,1
0.000230,0.999770,1
0.000899,0.999101,1
0.999611,0.000389,0
0.999726,0.000274,0
0.999499,0.000501,0
0.000092,0.999908,1
0.998266,0.001734,0
0.996777,0.003223,0
0.999733,0.000267,0
0.001138,0.998862,1
0.996506,0.003494,0
0.996765,0.003235,0
0.000726,0.999274,1
0.006356,0.993644,1
0.997650,0.002350,0
0.998731,0.001269,0
0.000149,0.999851,1
0.981267,0.018733,0
0.997019,0.002981,0
0.999686,0.000314,0
0.000022,0.999978,1
0.000220,0.999780,1
0.001199,0.998801,1
0.000528,0.999472,1
0.000303,0.999697,1
0.000628,0.999372,1
0.006484,0.993516,1
0.000077,0.999923,1
0.999398,0.000602,0
0.999483,0.000517,0
0.000300,0.999700,1
0.000983,0.999017,1
0.999198,0.000802,0
0.000506,0.999494,1
0.999624,0.000376,0
0.996893,0.003107,0
0.997978,0.002022,0
0.998241,0.001759,0
0.001245,0.998755,1
0.000594,0.999406,1
0.000287,0.999713,1
0.000361,0.999639,1
0.999765,0.000235,0
0.000501,0.999499,1
0.996662,0.003338,0
0.000513,0.999487,1
0.999860,0.000140,0
0.001085,0.998915,1
0.996761,0.003239,0
0.000182,0.999818,1
0.999069,0.000931,0
0.001155,0.998845,1
0.998937,0.001063,0
0.001119,0.998881,1
0.000013,0.999987,1
0.999200,0.000800,0
0.000350,0.999650,1
0.000498,0.999502,1
0.000258,0.999742,1
0.999102,0.000898,0
0.000683,0.999317,1
0.999466,0.000534,0
0.999795,0.000205,0
0.000959,0.999041,1
0.999533,0.000467,0
0.000084,0.999916,1
0.999859,0.000141,0
0.000802,0.999198,1
0.892292,0.107708,0
0.000978,0.999022,1
0.998553,0.001447,0
0.000707,0.999293,1
0.000188,0.999812,1
0.000018,0.999982,1
0.000104,0.999896,1
0.999188,0.000812,0
0.999445,0.000555,0
0.001386,0.998614,1
0.999824,0.000176,0
0.999597,0.000403,0
0.999313,0.000687,0
0.001557,0.998443,1
0.001510,0.998490,1
0.999186,0.000814,0
0.002263,0.997737,1
0.000229,0.999771,1
0.001248,0.998752,1
0.000287,0.999713,1
0.000338,0.999662,1
0.999589,0.000411,0
0.002010,0.997990,1
0.999347,0.000653,0
0.996746,0.003254,0
0.998129,0.001871,0
0.999230,0.000770,0
0.000167,0.999833,1
0.000539,0.999461,1
0.999332,0.000668,0
0.000722,0.999278,1
0.000022,0.999978,1
0.001510,0.998490,1
0.999498,0.000502,0
0.002462,0.997538,1
0.997280,0.002720,0
0.999533,0.000467,0
0.000335,0.999665,1
0.002271,0.997729,1
0.000425,0.999575,1
0.002156,0.997844,1
0.998676,0.001324,0
0.998536,0.001464,0
0.000180,0.999820,1
0.000051,0.999949,1
0.000008,0.999992,1
0.000644,0.999356,1
0.997433,0.002567,0
0.002657,0.997343,1
0.998381,0.001619,0
0.000397,0.999603,1
0.000384,0.999616,1
0.001368,0.998632,1
0.000311,0.999689,1
0.000125,0.999875,1
0.000487,0.999513,1
0.002016,0.997984,1
0.000300,0.999700,1
0.999446,0.000554,0
0.000620,0.999380,1
0.999018,0.000982,0
0.998537,0.001463,0
0.999401,0.000599,0
0.999838,0.000162,0
0.005968,0.994032,1
0.001725,0.998275,1
0.999202,0.000798,0
0.000829,0.999171,1
0.000261,0.999739,1
0.999370,0.000630,0
0.999821,0.000179,0
0.999564,0.000436,0
0.000602,0.999398,1
0.998437,0.001563,0
0.000835,0.999165,1
0.998815,0.001185,0
0.999654,0.000346,0
0.000387,0.999613,1
0.998421,0.001579,0
0.000307,0.999693,1
0.999660,0.000340,0
0.007287,0.992713,1
0.004116,0.995884,1
0.000569,0.999431,1
0.999030,0.000970,0
0.000721,0.999279,1
0.998580,0.001420,0
0.000273,0.999727,1
0.000992,0.999008,1
0.001642,0.998358,1
0.002237,0.997763,1
0.998787,0.001213,0
0.000922,0.999078,1
0.999114,0.000886,0
0.999606,0.000394,0
0.000715,0.999285,1
0.000292,0.999708,1
0.999428,0.000572,0
0.999844,0.000156,0
0.999507,0.000493,0
0.004690,0.995310,1
0.997795,0.002205,0
0.000385,0.999615,1
0.998516,0.001484,0
0.000183,0.999817,1
0.999624,0.000376,0
0.997183,0.002817,0
0.999715,0.000285,0
0.998916,0.001084,0
0.000024,0.999976,1
0.988326,0.011674,0
0.998833,0.001167,0
0.997994,0.002006,0
0.000237,0.999763,1
0.998990,0.001010,0
0.999569,0.000431,0
0.998820,0.001180,0
0.999779,0.000221,0
0.999338,0.000662,0
0.000234,0.999766,1
0.000787,0.999213,1
0.996926,0.003074,0
0.998260,0.001740,0
0.999130,0.000870,0
0.000798,0.999202,1
0.999833,0.000167,0
0.999793,0.000207,0
0.999466,0.000534,0
0.001716,0.998284,1
0.005486,0.994514,1
0.000608,0.999392,1
0.001012,0.998988,1
0.001298,0.998702,1
0.000063,0.999937,1
0.999073,0.000927,0
0.997014,0.002986,0
0.998389,0.001611,0
0.998684,0.001316,0
0.000571,0.999429,1
0.999821,0.000179,0
0.996275,0.003725,0
0.000313,0.999687,1
0.999295,0.000705,0
0.963214,0.036786,0
0.000165,0.999835,1
0.999040,0.000960,0
0.998816,0.001184,0
0.000949,0.999051,1
0.999815,0.000185,0
0.999086,0.000914,0
0.999314,0.000686,0
0.002958,0.997042,1
0.000093,0.999907,1
0.999676,0.000324,0
0.999727,0.000273,0
0.000230,0.999770,1
0.000014,0.999986,1
0.999597,0.000403,0
0.998889,0.001111,0
0.000399,0.999601,1
0.000088,0.999912,1
0.999860,0.000140,0
0.000991,0.999009,1
0.000230,0.999770,1
0.000104,0.999896,1
0.999440,0.000560,0
0.000020,0.999980,1
0.000186,0.999814,1
0.995302,0.004698,0
0.999393,0.000607,0
0.000986,0.999014,1
0.999383,0.000617,0
0.998515,0.001485,0
0.003348,0.996652,1
0.999803,0.000197,0
0.998908,0.001092,0
0.999641,0.000359,0
0.997016,0.002984,0
0.000746,0.999254,1
0.000028,0.999972,1
0.998184,0.001816,0
0.998765,0.001235,0
0.000058,0.999942,1
0.999851,0.000149,0
0.000251,0.999749,1
0.001398,0.998602,1
0.000256,0.999744,1
0.999086,0.000914,0
0.995625,0.004375,0
0.997651,0.002349,0
0.000977,0.999023,1
0.000126,0.999874,1
0.001263,0.998737,1
0.000026,0.999974,1
0.000742,0.999258,1
0.995866,0.004134,0
0.000712,0.999288,1
0.999789,0.000211,0
0.999353,0.000647,0
0.001110,0.998890,1
0.000186,0.999814,1
0.998493,0.001507,0
0.000010,0.999990,1
0.999337,0.000663,0
0.999247,0.000753,0
0.001510,0.998490,1
0.000936,0.999064,1
0.000086,0.999914,1
0.998440,0.001560,0
0.002802,0.997198,1
0.999696,0.000304,0
0.000592,0.999408,1
0.001437,0.998563,1
0.000581,0.999419,1
0.000089,0.999911,1
0.993296,0.006704,0
0.975354,0.024646,0
0.001126,0.998874,1
0.000150,0.999850,1
0.000906,0.999094,1
0.000070,0.999930,1
0.999603,0.000397,0
0.000060,0.999940,1
0.002796,0.997204,1
0.999138,0.000862,0
0.001624,0.998376,1
0.999263,0.000737,0
0.002747,0.997253,1
0.000236,0.999764,1
0.001049,0.998951,1
0.998892,0.001108,0
0.000138,0.999862,1
0.996434,0.003566,0
0.997650,0.002350,0
0.998450,0.001550,0
0.000118,0.999882,1
0.000524,0.999476,1
0.000086,0.999914,1
0.998895,0.001105,0
0.999197,0.000803,0
0.000448,0.999552,1
0.002116,0.997884,1
0.000636,0.999364,1
0.998063,0.001937,0
0.000089,0.999911,1
0.998044,0.001956,0
0.998498,0.001502,0
0.998263,0.001737,0
0.977054,0.022946,0
0.001838,0.998162,1
0.998302,0.001698,0
0.999751,0.000249,0
0.001266,0.998734,1
0.998719,0.001281,0
0.002787,0.997213,1
0.000335,0.999665,1
0.999658,0.000342,0
0.999239,0.000761,0
0.999764,0.000236,0
0.998864,0.001136,0
0.998786,0.001214,0
0.999350,0.000650,0
0.837132,0.162868,0
0.001270,0.998730,1
0.996582,0.003418,0
0.000724,0.999276,1
0.998800,0.001200,0
0.000348,0.999652,1
0.998316,0.001684,0
0.000073,0.999927,1
0.001127,0.998873,1
0.999313,0.000687,0
0.996676,0.003324,0
0.000086,0.999914,1
0.998768,0.001232,0
0.999334,0.000666,0
0.999388,0.000612,0
0.999477,0.000523,0
0.997298,0.002702,0
0.001402,0.998598,1
0.999758,0.000242,0
0.000098,0.999902,1
0.000295,0.999705,1
0.999106,0.000894,0
0.999157,0.000843,0
0.000990,0.999010,1
0.999048,0.000952,0
0.001065,0.998935,1
0.999023,0.000977,0
0.001210,0.998790,1
0.996432,0.003568,0
0.017274,0.982726,1
0.997904,0.002096,0
0.000707,0.999293,1
0.999143,0.000857,0
0.999806,0.000194,0
0.000043,0.999957,1
0.999697,0.000303,0
0.000108,0.999892,1
0.998490,0.001510,0
0.998597,0.001403,0
0.998951,0.001049,0
0.998222,0.001778,0
0.000143,0.999857,1
0.998354,0.001646,0
0.000049,0.999951,1
0.999226,0.000774,0
0.000506,0.999494,1
0.996838,0.003162,0
0.005629,0.994371,1
0.997663,0.002337,0
0.006316,0.993684,1
0.000109,0.999891,1
0.999875,0.000125,0
0.000084,0.999916,1
0.000827,0.999173,1
0.000140,0.999860,1
0.000443,0.999557,1
0.998266,0.001734,0
0.001145,0.998855,1
0.999545,0.000455,0
0.009672,0.990328,1
0.998979,0.001021,0
0.000607,0.999393,1
0.000080,0.999920,1
0.999655,0.000345,0
0.000059,0.999941,1
0.000375,0.999625,1
0.999396,0.000604,0
0.000191,0.999809,1
0.999565,0.000435,0
0.000417,0.999583,1
0.998824,0.001176,0
0.022453,0.977547,1
0.001273,0.998727,1
0.998866,0.001134,0
0.999921,0.000079,0
0.000087,0.999913,1
0.999015,0.000985,0
0.998391,0.001609,0
0.000169,0.999831,1
0.000618,0.999382,1
0.000101,0.999899,1
0.000138,0.999862,1
0.999524,0.000476,0
0.001747,0.998253,1
0.000906,0.999094,1
0.002353,0.997647,1
0.999099,0.000901,0
0.001346,0.998654,1
0.999218,0.000782,0
0.999115,0.000885,0
0.999761,0.000239,0
0.997901,0.002099,0
0.998273,0.001727,0
0.000383,0.999617,1
0.000800,0.999200,1
0.000479,0.999521,1
0.001823,0.998177,1
0.996894,0.003106,0
0.001333,0.998667,1
0.001510,0.998490,1
0.000861,0.999139,1
0.000062,0.999938,1
0.000021,0.999979,1
0.999646,0.000354,0
0.999668,0.000332,0
0.994857,0.005143,0
0.000104,0.999896,1
0.999859,0.000141,0
0.997587,0.002413,0
0.997608,0.002392,0
0.001351,0.998649,1
0.999535,0.000465,0
0.999135,0.000865,0
0.000394,0.999606,1
0.000405,0.999595,1
0.000758,0.999242,1
0.998232,0.001768,0
0.000326,0.999674,1
0.001383,0.998617,1
0.999492,0.000508,0
0.000106,0.999894,1
0.999776,0.000224,0
0.000463,0.999537,1
0.999393,0.000607,0
0.999223,0.000777,0
0.997363,0.002637,0
0.002560,0.997440,1
0.001049,0.998951,1
0.998332,0.001668,0
0.999650,0.000350,0
0.002187,0.997813,1
0.216606,0.783394,1
0.999523,0.000477,0
0.004405,0.995595,1
0.999818,0.000182,0
0.000937,0.999063,1
0.002395,0.997605,1
0.997228,0.002772,0
0.997533,0.002467,0
0.000237,0.999763,1
0.998285,0.001715,0
0.000089,0.999911,1
0.999466,0.000534,0
0.998645,0.001355,0
0.001420,0.998580,1
0.001406,0.998594,1
0.001225,0.998775,1
0.999421,0.000579,0
0.000201,0.999799,1
0.001978,0.998022,1
0.000457,0.999543,1
0.000365,0.999635,1
0.001502,0.998498,1
0.000047,0.999953,1
0.001747,0.998253,1
0.000153,0.999847,1
0.002152,0.997848,1
0.003965,0.996035,1
0.999880,0.000120,0
0.999011,0.000989,0
0.000620,0.999380,1
0.000553,0.999447,1
0.002747,0.997253,1
0.000179,0.999821,1
0.999325,0.000675,0
0.998285,0.001715,0
0.999800,0.000200,0
0.002164,0.997836,1
0.000910,0.999090,1
0.997684,0.002316,0
0.000076,0.999924,1
0.999559,0.000441,0
0.999565,0.000435,0
0.901614,0.098386,0
0.000653,0.999347,1
0.999878,0.000122,0
0.998987,0.001013,0
0.000802,0.999198,1
0.000407,0.999593,1
0.000103,0.999897,1
0.000179,0.999821,1
0.999830,0.000170,0
0.999870,0.000130,0
0.000157,0.999843,1
0.997954,0.002046,0
0.999729,0.000271,0
0.000432,0.999568,1
0.000487,0.999513,1
0.007635,0.992365,1
0.998540,0.001460,0
0.999888,0.000112,0
0.000196,0.999804,1
0.999291,0.000709,0
0.000135,0.999865,1
0.997218,0.002782,0
0.001311,0.998689,1
0.999246,0.000754,0
0.000052,0.999948,1
0.999839,0.000161,0
0.997988,0.002012,0
0.000241,0.999759,1
0.002186,0.997814,1
0.998483,0.001517,0
0.999853,0.000147,0
0.001510,0.998490,1
0.000164,0.999836,1
0.999201,0.000799,0
0.000561,0.999439,1
0.000108,0.999892,1
0.997396,0.002604,0
0.000101,0.999899,1
0.999398,0.000602,0
0.000090,0.999910,1
0.000907,0.999093,1
0.000567,0.999433,1
0.999772,0.000228,0
0.000141,0.999859,1
0.000683,0.999317,1
0.999174,0.000826,0
0.000068,0.999932,1
0.000106,0.999894,1
0.998887,0.001113,0
0.996363,0.003637,0
0.000356,0.999644,1
0.998681,0.001319,0
0.004203,0.995797,1
0.999220,0.000780,0
0.955678,0.044322,0
0.000483,0.999517,1
0.000739,0.999261,1
0.000602,0.999398,1
0.999732,0.000268,0
0.000046,0.999954,1
0.998421,0.001579,0
0.999260,0.000740,0
0.001184,0.998816,1
0.001505,0.998495,1
0.999543,0.000457,0
0.000623,0.999377,1
0.004910,0.995090,1
0.998536,0.001464,0
0.000359,0.999641,1
0.000047,0.999953,1
0.000081,0.999919,1
0.001789,0.998211,1
0.000246,0.999754,1
0.000194,0.999806,1
0.999008,0.000992,0
0.000010,0.999990,1
0.005307,0.994693,1
0.999453,0.000547,0
0.998576,0.001424,0
0.000569,0.999431,1
0.998236,0.001764,0
0.000170,0.999830,1
0.000051,0.999949,1
0.999506,0.000494,0
0.999737,0.000263,0
0.998198,0.001802,0
0.000214,0.999786,1
0.001510,0.998490,1
0.000047,0.999953,1
0.021370,0.978630,1
0.999460,0.000540,0
0.000405,0.999595,1
0.999070,0.000930,0
0.000348,0.999652,1
0.999445,0.000555,0
0.000053,0.999947,1
0.998552,0.001448,0
0.999469,0.000531,0
0.000114,0.999886,1
0.000725,0.999275,1
0.000130,0.999870,1
0.000143,0.999857,1
0.000355,0.999645,1
0.996399,0.003601,0
0.999062,0.000938,0
0.998155,0.001845,0
0.007442,0.992558,1
0.998530,0.001470,0
0.998849,0.001151,0
0.000857,0.999143,1
0.999160,0.000840,0
0.999714,0.000286,0
0.001529,0.998471,1
0.000609,0.999391,1
0.998923,0.001077,0
0.000059,0.999941,1
0.000807,0.999193,1
0.000559,0.999441,1
0.999358,0.000642,0
0.013017,0.986983,1
0.997696,0.002304,0
0.000117,0.999883,1
0.994432,0.005568,0
0.000490,0.999510,1
0.999450,0.000550,0
0.998401,0.001599,0
0.998311,0.001689,0
0.993350,0.006650,0
0.001351,0.998649,1
0.000389,0.999611,1
0.997980,0.002020,0
0.000323,0.999677,1
0.999751,0.000249,0
0.000602,0.999398,1
0.998179,0.001821,0
0.000580,0.999420,1
0.002385,0.997615,1
0.001492,0.998508,1
0.999310,0.000690,0
0.001008,0.998992,1
0.001504,0.998496,1
0.997548,0.002452,0
0.000357,0.999643,1
0.001092,0.998908,1
0.002234,0.997766,1
0.999284,0.000716,0
0.013571,0.986429,1
0.999492,0.000508,0
0.001318,0.998682,1
0.998775,0.001225,0
0.999826,0.000174,0
0.000705,0.999295,1
0.001269,0.998731,1
0.000435,0.999565,1
0.999157,0.000843,0
0.998762,0.001238,0
0.000059,0.999941,1
0.999778,0.000222,0
0.999794,0.000206,0
0.999090,0.000910,0
0.000597,0.999403,1
0.999472,0.000528,0
0.002413,0.997587,1
0.000358,0.999642,1
0.000093,0.999907,1
0.007516,0.992484,1
0.999240,0.000760,0
0.999664,0.000336,0
0.999291,0.000709,0
0.995379,0.004621,0
0.000502,0.999498,1
0.002727,0.997273,1
0.000573,0.999427,1
0.009864,0.990136,1
0.001150,0.998850,1
0.999876,0.000124,0
0.999878,0.000122,0
0.004232,0.995768,1
0.997462,0.002538,0
0.010132,0.989868,1
0.000929,0.999071,1
0.006700,0.993300,1
0.999797,0.000203,0
0.999170,0.000830,0
0.000799,0.999201,1
0.998348,0.001652,0
0.999373,0.000627,0
0.998792,0.001208,0
0.001206,0.998794,1
0.003191,0.996809,1
0.999003,0.000997,0
0.999440,0.000560,0
0.999868,0.000132,0
0.000055,0.999945,1
0.000005,0.999995,1
0.999690,0.000310,0
0.999796,0.000204,0
0.999369,0.000631,0
0.999594,0.000406,0
0.999124,0.000876,0
0.000244,0.999756,1
0.004353,0.995647,1
0.000443,0.999557,1
0.999360,0.000640,0
0.000074,0.999926,1
0.000396,0.999604,1
0.000735,0.999265,1
0.993119,0.006881,0
0.000565,0.999435,1
0.001560,0.998440,1
0.057000,0.943000,1
0.001152,0.998848,1
0.999612,0.000388,0
0.999571,0.000429,0
0.000662,0.999338,1
0.998640,0.001360,0
0.000906,0.999094,1
0.999737,0.000263,0
0.999465,0.000535,0
0.001917,0.998083,1
0.000273,0.999727,1
0.001733,0.998267,1
0.999242,0.000758,0
0.000226,0.999774,1
0.000418,0.999582,1
0.000454,0.999546,1
0.997897,0.002103,0
0.001356,0.998644,1
0.999754,0.000246,0
0.000156,0.999844,1
0.000258,0.999742,1
0.999911,0.000089,0
0.000178,0.999822,1
0.000358,0.999642,1
0.999671,0.000329,0
0.000042,0.999958,1
0.000942,0.999058,1
0.000653,0.999347,1
0.998691,0.001309,0
0.001465,0.998535,1
0.999901,0.000099,0
0.000379,0.999621,1
0.999547,0.000453,0
0.999456,0.000544,0
0.000058,0.999942,1
0.000150,0.999850,1
0.000856,0.999144,1
0.999464,0.000536,0
0.999441,0.000559,0
0.000257,0.999743,1
0.001850,0.998150,1
0.000362,0.999638,1
0.998491,0.001509,0
0.000369,0.999631,1
0.999144,0.000856,0
0.000526,0.999474,1
0.000196,0.999804,1
0.000215,0.999785,1
0.998624,0.001376,0
0.998170,0.001830,0
0.998784,0.001216,0
0.000617,0.999383,1
0.000733,0.999267,1
0.000063,0.999937,1
0.999874,0.000126,0
0.002215,0.997785,1
0.000243,0.999757,1
0.000117,0.999883,1
0.998129,0.001871,0
0.000565,0.999435,1
0.999308,0.000692,0
0.002763,0.997237,1
0.001488,0.998512,1
0.999259,0.000741,0
0.999262,0.000738,0
0.999818,0.000182,0
0.000495,0.999505,1
0.000640,0.999360,1
0.999450,0.000550,0
0.000457,0.999543,1
0.000487,0.999513,1
0.002367,0.997633,1
0.998317,0.001683,0
0.000639,0.999361,1
0.999197,0.000803,0
0.999802,0.000198,0
0.001956,0.998044,1
0.000354,0.999646,1
0.998616,0.001384,0
0.998590,0.001410,0
0.000750,0.999250,1
0.992734,0.007266,0
0.001187,0.998813,1
0.999345,0.000655,0
0.000157,0.999843,1
0.999031,0.000969,0
0.000250,0.999750,1
0.999605,0.000395,0
0.998967,0.001033,0
0.998053,0.001947,0
0.998904,0.001096,0
0.000293,0.999707,1
0.999863,0.000137,0
0.000059,0.999941,1
0.000400,0.999600,1
0.000138,0.999862,1
0.999062,0.000938,0
0.000865,0.999135,1
0.002546,0.997454,1
0.999685,0.000315,0
0.999201,0.000799,0
0.997364,0.002636,0
0.999022,0.000978,0
0.999357,0.000643,0
0.001294,0.998706,1
0.001954,0.998046,1
0.001337,0.998663,1
0.998433,0.001567,0
0.000356,0.999644,1
0.000265,0.999735,1
0.999552,0.000448,0
0.999468,0.000532,0
0.000696,0.999304,1
0.000588,0.999412,1
0.998461,0.001539,0
0.000642,0.999358,1
0.000409,0.999591,1
0.000063,0.999937,1
0.001946,0.998054,1
0.998686,0.001314,0
0.000026,0.999974,1
0.999018,0.000982,0
0.999144,0.000856,0
0.001206,0.998794,1
0.004008,0.995992,1
0.999162,0.000838,0
0.997660,0.002340,0
0.998815,0.001185,0
0.996131,0.003869,0
0.000514,0.999486,1
0.000192,0.999808,1
0.999784,0.000216,0
0.997389,0.002611,0
0.000037,0.999963,1
0.000495,0.999505,1
0.000122,0.999878,1
0.000787,0.999213,1
0.001605,0.998395,1
0.999716,0.000284,0
0.003202,0.996798,1
0.000180,0.999820,1
0.001021,0.998979,1
0.000632,0.999368,1
0.000444,0.999556,1
0.000220,0.999780,1
0.999218,0.000782,0
0.000457,0.999543,1
0.998885,0.001115,0
0.001057,0.998943,1
0.998107,0.001893,0
0.999507,0.000493,0
0.000267,0.999733,1
0.001210,0.998790,1
0.999809,0.000191,0
0.000128,0.999872,1
0.001137,0.998863,1
0.998299,0.001701,0
0.002560,0.997440,1
0.000138,0.999862,1
0.999449,0.000551,0
0.999066,0.000934,0
0.000123,0.999877,1
0.997706,0.002294,0
0.999300,0.000700,0
0.999165,0.000835,0
0.000152,0.999848,1
0.000413,0.999587,1
0.000222,0.999778,1
0.000060,0.999940,1
0.000132,0.999868,1
0.000914,0.999086,1
0.000108,0.999892,1
0.999495,0.000505,0
0.002343,0.997657,1
0.998769,0.001231,0
0.999809,0.000191,0
0.997567,0.002433,0
0.999311,0.000689,0
0.000371,0.999629,1
0.997309,0.002691,0
0.000686,0.999314,1
0.004592,0.995408,1
0.999314,0.000686,0
0.000064,0.999936,1
0.000605,0.999395,1
0.000159,0.999841,1
0.002675,0.997325,1
0.999845,0.000155,0
0.000130,0.999870,1
0.001057,0.998943,1
0.000337,0.999663,1
0.000170,0.999830,1
0.000129,0.999871,1
0.998467,0.001533,0
0.997974,0.002026,0
0.000919,0.999081,1
0.999168,0.000832,0
0.999632,0.000368,0
0.000214,0.999786,1
0.998294,0.001706,0
0.000807,0.999193,1
0.000565,0.999435,1
0.999250,0.000750,0
0.000038,0.999962,1
0.000842,0.999158,1
0.997047,0.002953,0
0.001033,0.998967,1
0.000041,0.999959,1
0.999501,0.000499,0
0.997403,0.002597,0
0.001588,0.998412,1
0.004650,0.995350,1
0.000119,0.999881,1
0.000569,0.999431,1
0.999573,0.000427,0
0.999324,0.000676,0
0.000372,0.999628,1
0.999664,0.000336,0
0.000452,0.999548,1
0.997520,0.002480,0
0.999479,0.000521,0
0.997815,0.002185,0
0.002992,0.997008,1
0.998935,0.001065,0
0.000060,0.999940,1
0.005173,0.994827,1
0.000238,0.999762,1
0.000408,0.999592,1
0.998038,0.001962,0
0.003000,0.997000,1
0.001100,0.998900,1
0.000150,0.999850,1
0.001241,0.998759,1
0.000625,0.999375,1
0.994580,0.005420,0
0.997849,0.002151,0
0.000323,0.999677,1
0.998782,0.001218,0
0.000022,0.999978,1
0.005509,0.994491,1
0.011273,0.988727,1
0.000170,0.999830,1
0.000272,0.999728,1
0.997764,0.002236,0
0.998650,0.001350,0
0.000939,0.999061,1
0.999005,0.000995,0
0.999145,0.000855,0
0.000504,0.999496,1
0.999008,0.000992,0
0.000740,0.999260,1
0.999874,0.000126,0
0.000439,0.999561,1
0.999335,0.000665,0
0.997935,0.002065,0
0.999765,0.000235,0
0.000313,0.999687,1
0.998210,0.001790,0
0.999230,0.000770,0
0.001615,0.998385,1
0.998842,0.001158,0
0.998782,0.001218,0
0.000265,0.999735,1
0.000053,0.999947,1
0.001351,0.998649,1
0.999603,0.000397,0
0.999777,0.000223,0
0.000533,0.999467,1
0.999081,0.000919,0
0.007548,0.992452,1
0.000099,0.999901,1
0.000138,0.999862,1
0.994455,0.005545,0
0.998877,0.001123,0
0.998267,0.001733,0
0.000504,0.999496,1
0.001573,0.998427,1
0.000564,0.999436,1
0.998885,0.001115,0
0.000044,0.999956,1
0.000138,0.999862,1
0.000890,0.999110,1
0.000824,0.999176,1
0.000296,0.999704,1
0.000298,0.999702,1
0.999357,0.000643,0
0.999590,0.000410,0
0.001412,0.998588,1
0.998887,0.001113,0
0.001078,0.998922,1
0.000104,0.999896,1
0.999512,0.000488,0
0.999839,0.000161,0
0.000640,0.999360,1
0.000142,0.999858,1
0.999161,0.000839,0
0.000189,0.999811,1
0.999050,0.000950,0
0.000021,0.999979,1
0.999461,0.000539,0
0.999693,0.000307,0
0.998572,0.001428,0
0.998642,0.001358,0
0.998680,0.001320,0
0.003202,0.996798,1
0.000177,0.999823,1
0.999473,0.000527,0
0.999409,0.000591,0
0.001525,0.998475,1
0.997761,0.002239,0
0.997435,0.002565,0
0.000279,0.999721,1
0.999358,0.000642,0
0.998392,0.001608,0
0.999474,0.000526,0
0.999772,0.000228,0
0.000075,0.999925,1
0.000807,0.999193,1
0.001337,0.998663,1
0.000157,0.999843,1
0.999536,0.000464,0
0.999572,0.000428,0
0.998623,0.001377,0
0.000081,0.999919,1
0.000779,0.999221,1
0.999541,0.000459,0
0.001609,0.998391,1
0.999745,0.000255,0
0.998807,0.001193,0
0.998544,0.001456,0
0.996580,0.003420,0
0.999142,0.000858,0
0.001747,0.998253,1
0.002397,0.997603,1
0.000362,0.999638,1
0.999551,0.000449,0
0.000099,0.999901,1
0.000584,0.999416,1
0.002767,0.997233,1
0.000523,0.999477,1
0.000110,0.999890,1
0.000021,0.999979,1
0.000438,0.999562,1
0.998847,0.001153,0
0.000165,0.999835,1
0.999434,0.000566,0
0.000644,0.999356,1
0.000189,0.999811,1
0.000287,0.999713,1
0.998704,0.001296,0
0.999249,0.000751,0
0.000105,0.999895,1
0.000145,0.999855,1
0.000951,0.999049,1
0.001271,0.998729,1
0.999365,0.000635,0
0.000575,0.999425,1
0.000102,0.999898,1
0.003936,0.996064,1
0.000865,0.999135,1
0.997290,0.002710,0
0.002334,0.997666,1
0.000092,0.999908,1
0.998905,0.001095,0
0.001337,0.998663,1
0.000183,0.999817,1
0.000008,0.999992,1
0.998101,0.001899,0
0.984426,0.015574,0
0.997800,0.002200,0
0.999540,0.000460,0
0.999204,0.000796,0
0.000093,0.999907,1
0.999672,0.000328,0
0.000102,0.999898,1
0.998440,0.001560,0
0.999716,0.000284,0
0.000287,0.999713,1
0.019205,0.980795,1
0.000455,0.999545,1
0.119821,0.880179,1
0.996450,0.003550,0
0.000862,0.999138,1
0.000159,0.999841,1
0.999007,0.000993,0
0.998987,0.001013,0
0.002747,0.997253,1
0.000607,0.999393,1
0.000434,0.999566,1
0.998991,0.001009,0
0.000329,0.999671,1
0.000650,0.999350,1
0.000394,0.999606,1
0.999504,0.000496,0
0.999734,0.000266,0
0.998324,0.001676,0
0.999513,0.000487,0
0.999828,0.000172,0
0.000571,0.999429,1
0.000813,0.999187,1
0.998470,0.001530,0
0.000342,0.999658,1
0.000603,0.999397,1
0.000251,0.999749,1
0.001059,0.998941,1
0.999776,0.000224,0
0.999659,0.000341,0
0.998489,0.001511,0
0.000434,0.999566,1
0.000076,0.999924,1
0.996959,0.003041,0
0.002743,0.997257,1
0.000098,0.999902,1
0.000558,0.999442,1
0.000241,0.999759,1
0.000073,0.999927,1
0.999900,0.000100,0
0.000271,0.999729,1
0.000105,0.999895,1
0.999739,0.000261,0
0.001986,0.998014,1
0.998388,0.001612,0
0.998860,0.001140,0
0.142106,0.857894,1
0.999812,0.000188,0
0.999777,0.000223,0
0.997963,0.002037,0
0.000158,0.999842,1
0.999560,0.000440,0
0.000254,0.999746,1
0.001051,0.998949,1
0.997167,0.002833,0
0.000695,0.999305,1
0.000278,0.999722,1
0.000744,0.999256,1
0.999762,0.000238,0
0.999874,0.000126,0
0.999279,0.000721,0
0.999044,0.000956,0
0.995221,0.004779,0
0.000249,0.999751,1
0.999706,0.000294,0
0.000062,0.999938,1
0.999299,0.000701,0
0.002152,0.997848,1
0.000455,0.999545,1
0.000695,0.999305,1
0.995632,0.004368,0
0.001187,0.998813,1
0.998526,0.001474,0
0.001029,0.998971,1
0.998798,0.001202,0
0.000365,0.999635,1
0.998349,0.001651,0
0.999273,0.000727,0
0.001134,0.998866,1
0.000028,0.999972,1
0.998190,0.001810,0
0.004076,0.995924,1
0.996275,0.003725,0
0.999737,0.000263,0
0.998435,0.001565,0
0.999293,0.000707,0
0.999755,0.000245,0
0.999337,0.000663,0
0.974482,0.025518,0
0.998285,0.001715,0
0.000462,0.999538,1
0.000625,0.999375,1
0.999772,0.000228,0
0.999031,0.000969,0
0.001443,0.998557,1
0.999383,0.000617,0
0.000049,0.999951,1
0.002189,0.997811,1
0.000185,0.999815,1
0.006200,0.993800,1
0.999036,0.000964,0
0.000787,0.999213,1
0.999809,0.000191,0
0.999944,0.000056,0
0.000229,0.999771,1
0.999715,0.000285,0
0.998124,0.001876,0
0.000147,0.999853,1
0.998983,0.001017,0
0.998883,0.001117,0
0.000042,0.999958,1
0.000099,0.999901,1
0.000175,0.999825,1
0.000177,0.999823,1
0.001412,0.998588,1
0.000100,0.999900,1
0.000059,0.999941,1
0.020415,0.979585,1
0.000787,0.999213,1
0.002125,0.997875,1
0.000342,0.999658,1
0.000275,0.999725,1
0.000254,0.999746,1
0.003258,0.996742,1
0.007453,0.992547,1
0.997850,0.002150,0
0.000017,0.999983,1
0.001444,0.998556,1
0.000766,0.999234,1
0.000392,0.999608,1
0.998124,0.001876,0
0.999541,0.000459,0
0.000287,0.999713,1
0.994278,0.005722,0
0.998035,0.001965,0
0.000721,0.999279,1
0.000926,0.999074,1
0.999104,0.000896,0
0.998421,0.001579,0
0.000942,0.999058,1
0.999205,0.000795,0
0.000105,0.999895,1
0.000931,0.999069,1
0.000051,0.999949,1
0.997389,0.002611,0
0.000799,0.999201,1
0.000023,0.999977,1
0.000749,0.999251,1
0.000493,0.999507,1
0.994156,0.005844,0
0.000034,0.999966,1
0.000022,0.999978,1
0.997658,0.002342,0
0.997865,0.002135,0
0.996666,0.003334,0
0.000902,0.999098,1
0.996749,0.003251,0
0.000528,0.999472,1
0.997469,0.002531,0
0.000028,0.999972,1
0.996358,0.003642,0
0.998906,0.001094,0
0.999476,0.000524,0
0.000501,0.999499,1
0.000871,0.999129,1
0.004043,0.995957,1
0.000140,0.999860,1
0.001862,0.998138,1
0.998991,0.001009,0
0.996908,0.003092,0
0.000326,0.999674,1
0.004714,0.995286,1
0.999790,0.000210,0
0.001643,0.998357,1
0.998807,0.001193,0
0.998666,0.001334,0
0.000558,0.999442,1
0.001025,0.998975,1
0.000018,0.999982,1
0.998355,0.001645,0
0.000044,0.999956,1
0.999902,0.000098,0
0.999772,0.000228,0
0.996358,0.003642,0
0.998947,0.001053,0
0.999741,0.000259,0
0.998969,0.001031,0
0.998597,0.001403,0
0.999216,0.000784,0
0.999394,0.000606,0
0.001027,0.998973,1
0.000356,0.999644,1
0.001524,0.998476,1
0.000346,0.999654,1
0.000370,0.999630,1
0.000450,0.999550,1
0.001119,0.998881,1
0.000157,0.999843,1
0.997349,0.002651,0
0.997997,0.002003,0
0.999737,0.000263,0
0.000030,0.999970,1
0.000194,0.999806,1
0.000454,0.999546,1
0.000931,0.999069,1
0.999849,0.000151,0
0.001956,0.998044,1
0.998265,0.001735,0
0.000959,0.999041,1
0.998137,0.001863,0
0.999151,0.000849,0
0.999695,0.000305,0
0.999227,0.000773,0
0.997660,0.002340,0
0.000675,0.999325,1
0.000265,0.999735,1
0.998714,0.001286,0
0.999493,0.000507,0
0.000614,0.999386,1
0.999263,0.000737,0
0.998576,0.001424,0
0.001973,0.998027,1
0.000134,0.999866,1
0.000780,0.999220,1
0.999830,0.000170,0
0.976694,0.023306,0
0.998328,0.001672,0
0.001623,0.998377,1
0.996134,0.003866,0
0.000813,0.999187,1
0.999043,0.000957,0
0.999797,0.000203,0
0.000062,0.999938,1
0.999069,0.000931,0
0.000148,0.999852,1
0.002279,0.997721,1
0.999947,0.000053,0
0.999544,0.000456,0
0.999603,0.000397,0
0.000889,0.999111,1
0.999844,0.000156,0
0.001032,0.998968,1
0.000672,0.999328,1
0.996470,0.003530,0
0.999117,0.000883,0
0.998616,0.001384,0
0.997102,0.002898,0
0.002587,0.997413,1
0.001303,0.998697,1
0.999658,0.000342,0
0.000462,0.999538,1
0.998691,0.001309,0
0.000179,0.999821,1
0.998351,0.001649,0
0.998281,0.001719,0
0.994845,0.005155,0
0.000416,0.999584,1
0.000023,0.999977,1
0.000295,0.999705,1
0.999644,0.000356,0
0.999691,0.000309,0
0.999453,0.000547,0
0.000028,0.999972,1
0.000716,0.999284,1
0.989679,0.010321,0
0.999789,0.000211,0
0.999815,0.000185,0
0.001846,0.998154,1
0.997455,0.002545,0
0.992918,0.007082,0
0.998941,0.001059,0
0.000154,0.999846,1
0.001411,0.998589,1
0.003417,0.996583,1
0.000832,0.999168,1
0.999452,0.000548,0
0.001291,0.998709,1
0.001181,0.998819,1
0.000049,0.999951,1
0.998421,0.001579,0
0.003600,0.996400,1
0.000135,0.999865,1
0.000124,0.999876,1
0.998843,0.001157,0
0.000357,0.999643,1
0.000787,0.999213,1
0.999095,0.000905,0
0.000521,0.999479,1
0.000090,0.999910,1
0.999653,0.000347,0
0.000697,0.999303,1
0.991059,0.008941,0
0.000031,0.999969,1
0.000219,0.999781,1
0.000357,0.999643,1
0.999347,0.000653,0
0.000358,0.999642,1
0.999456,0.000544,0
0.000044,0.999956,1
0.002264,0.997736,1
0.001117,0.998883,1
0.998550,0.001450,0
0.000516,0.999484,1
0.000643,0.999357,1
0.000084,0.999916,1
0.999738,0.000262,0
0.999814,0.000186,0
0.000152,0.999848,1
0.000048,0.999952,1
0.000359,0.999641,1
0.000253,0.999747,1
0.999382,0.000618,0
0.999528,0.000472,0
0.999353,0.000647,0
0.001225,0.998775,1
0.998449,0.001551,0
0.999193,0.000807,0
0.996887,0.003113,0
0.999789,0.000211,0
0.998913,0.001087,0
0.000269,0.999731,1
0.001936,0.998064,1
0.001334,0.998666,1
0.000197,0.999803,1
0.000146,0.999854,1
0.173917,0.826083,1
0.000145,0.999855,1
0.999348,0.000652,0
0.999937,0.000063,0
0.978362,0.021638,0
0.999389,0.000611,0
0.000513,0.999487,1
0.999737,0.000263,0
0.000337,0.999663,1
0.999325,0.000675,0
0.999504,0.000496,0
0.998938,0.001062,0
0.000167,0.999833,1
0.999213,0.000787,0
0.004127,0.995873,1
0.000774,0.999226,1
0.998783,0.001217,0
0.993726,0.006274,0
0.999968,0.000032,0
0.002038,0.997962,1
0.000122,0.999878,1
0.991681,0.008319,0
0.999201,0.000799,0
0.000299,0.999701,1
0.000906,0.999094,1
0.999186,0.000814,0
0.998021,0.001979,0
0.004332,0.995668,1
0.998889,0.001111,0
0.000801,0.999199,1
0.000528,0.999472,1
0.999433,0.000567,0
0.999758,0.000242,0
0.005605,0.994395,1
0.001878,0.998122,1
0.998791,0.001209,0
0.999775,0.000225,0
0.000337,0.999663,1
0.997254,0.002746,0
0.999008,0.000992,0
0.000298,0.999702,1
0.995048,0.004952,0
0.999590,0.000410,0
0.000554,0.999446,1
0.000256,0.999744,1
0.000310,0.999690,1
0.999325,0.000675,0
0.000253,0.999747,1
0.999534,0.000466,0
0.999560,0.000440,0
0.997324,0.002676,0
0.000225,0.999775,1
0.995386,0.004614,0
0.000583,0.999417,1
0.999432,0.000568,0
0.000568,0.999432,1
0.983408,0.016592,0
0.000164,0.999836,1
0.000049,0.999951,1
0.000150,0.999850,1
0.999537,0.000463,0
0.000379,0.999621,1
0.001555,0.998445,1
0.000011,0.999989,1
0.999761,0.000239,0
0.000259,0.999741,1
0.000821,0.999179,1
0.000197,0.999803,1
0.000178,0.999822,1
0.000848,0.999152,1
0.999187,0.000813,0
0.997362,0.002638,0
0.000113,0.999887,1
0.001556,0.998444,1
0.999839,0.000161,0
0.998666,0.001334,0
0.999676,0.000324,0
0.006411,0.993589,1
0.999876,0.000124,0
0.000655,0.999345,1
0.984894,0.015106,0
0.999621,0.000379,0
0.999433,0.000567,0
0.000310,0.999690,1
0.000089,0.999911,1
0.998333,0.001667,0
0.000323,0.999677,1
0.999969,0.000031,0
0.998763,0.001237,0
0.997957,0.002043,0
0.002809,0.997191,1
0.996117,0.003883,0
0.000873,0.999127,1
0.998842,0.001158,0
0.000347,0.999653,1
0.999092,0.000908,0
0.003421,0.996579,1
0.999872,0.000128,0
0.000285,0.999715,1
0.999786,0.000214,0
0.000359,0.999641,1
0.000084,0.999916,1
0.999435,0.000565,0
0.001034,0.998966,1
0.998824,0.001176,0
0.999286,0.000714,0
0.997752,0.002248,0
0.996899,0.003101,0
0.002289,0.997711,1
0.000017,0.999983,1
0.001499,0.998501,1
0.001397,0.998603,1
0.000043,0.999957,1
0.000203,0.999797,1
0.000392,0.999608,1
0.000296,0.999704,1
0.999030,0.000970,0
0.000145,0.999855,1
0.003202,0.996798,1
0.001510,0.998490,1
0.999580,0.000420,0
0.999494,0.000506,0
0.000568,0.999432,1
0.999115,0.000885,0
0.001011,0.998989,1
0.000210,0.999790,1
0.918597,0.081403,0
0.000368,0.999632,1
0.001593,0.998407,1
0.000245,0.999755,1
0.000764,0.999236,1
0.000499,0.999501,1
0.001693,0.998307,1
0.998813,0.001187,0
0.999541,0.000459,0
0.999740,0.000260,0
0.000037,0.999963,1
0.001138,0.998862,1
0.001196,0.998804,1
0.997286,0.002714,0
0.000216,0.999784,1
0.000249,0.999751,1
0.997614,0.002386,0
0.001385,0.998615,1
0.000270,0.999730,1
0.000362,0.999638,1
0.998124,0.001876,0
0.001136,0.998864,1
0.999370,0.000630,0
0.997880,0.002120,0
0.999291,0.000709,0
0.001667,0.998333,1
0.000616,0.999384,1
0.999320,0.000680,0
0.998434,0.001566,0
0.000436,0.999564,1
0.001765,0.998235,1
0.999651,0.000349,0
0.012109,0.987891,1
0.999723,0.000277,0
0.999061,0.000939,0
0.998324,0.001676,0
0.998701,0.001299,0
0.999546,0.000454,0
0.000330,0.999670,1
0.001468,0.998532,1
0.001491,0.998509,1
0.000150,0.999850,1
0.000066,0.999934,1
0.999572,0.000428,0
0.996996,0.003004,0
0.998959,0.001041,0
0.001565,0.998435,1
0.999491,0.000509,0
0.004768,0.995232,1
0.999710,0.000290,0
0.998237,0.001763,0
0.999365,0.000635,0
0.998959,0.001041,0
0.999863,0.000137,0
0.002600,0.997400,1
0.000850,0.999150,1
0.000153,0.999847,1
0.997967,0.002033,0
0.001411,0.998589,1
0.000140,0.999860,1
0.001956,0.998044,1
0.000787,0.999213,1
0.003200,0.996800,1
0.000313,0.999687,1
0.000031,0.999969,1
0.998824,0.001176,0
0.000106,0.999894,1
0.000150,0.999850,1
0.992475,0.007525,0
0.999614,0.000386,0
0.997987,0.002013,0
0.000098,0.999902,1
0.998760,0.001240,0
0.999696,0.000304,0
0.001969,0.998031,1
0.000523,0.999477,1
0.999496,0.000504,0
0.000015,0.999985,1
0.999871,0.000129,0
0.007138,0.992862,1
0.998983,0.001017,0
0.000251,0.999749,1
0.998411,0.001589,0
0.001813,0.998187,1
0.000109,0.999891,1
0.004203,0.995797,1
0.000049,0.999951,1
0.001190,0.998810,1
0.999023,0.000977,0
0.999561,0.000439,0
0.000227,0.999773,1
0.999478,0.000522,0
0.007891,0.992109,1
0.000627,0.999373,1
0.000019,0.999981,1
0.000628,0.999372,1
0.998704,0.001296,0
0.000117,0.999883,1
0.999317,0.000683,0
0.001055,0.998945,1
0.000991,0.999009,1
0.004670,0.995330,1
0.002240,0.997760,1
0.999236,0.000764,0
0.000473,0.999527,1
0.998958,0.001042,0
0.000082,0.999918,1
0.999547,0.000453,0
0.000022,0.999978,1
0.999815,0.000185,0
0.999531,0.000469,0
0.999563,0.000437,0
0.999612,0.000388,0
0.999197,0.000803,0
0.000136,0.999864,1
0.993395,0.006605,0
0.000191,0.999809,1
0.999261,0.000739,0
0.999769,0.000231,0
0.000159,0.999841,1
0.999274,0.000726,0
0.999468,0.000532,0
0.997897,0.002103,0
0.005068,0.994932,1
0.997373,0.002627,0
0.000199,0.999801,1
0.982686,0.017314,0
0.999396,0.000604,0
0.999368,0.000632,0
0.999418,0.000582,0
0.999789,0.000211,0
0.000004,0.999996,1
0.000416,0.999584,1
0.001276,0.998724,1
0.002470,0.997530,1
0.999264,0.000736,0
0.999465,0.000535,0
0.996289,0.003711,0
0.000719,0.999281,1
0.000037,0.999963,1
0.999354,0.000646,0
0.000220,0.999780,1
0.999805,0.000195,0
0.996404,0.003596,0
0.001504,0.998496,1
0.997957,0.002043,0
0.998366,0.001634,0
0.001154,0.998846,1
0.999112,0.000888,0
0.002264,0.997736,1
0.000576,0.999424,1
0.000898,0.999102,1
0.000173,0.999827,1
0.999479,0.000521,0
0.000070,0.999930,1
0.000358,0.999642,1
0.001017,0.998983,1
0.000139,0.999861,1
0.000897,0.999103,1
0.001514,0.998486,1
0.999380,0.000620,0
0.000454,0.999546,1
0.999742,0.000258,0
0.998678,0.001322,0
0.000584,0.999416,1
0.000049,0.999951,1
0.000350,0.999650,1
0.999649,0.000351,0
0.000697,0.999303,1
0.000581,0.999419,1
0.000369,0.999631,1
0.000287,0.999713,1
0.999259,0.000741,0
0.999093,0.000907,0
0.000837,0.999163,1
0.000173,0.999827,1
0.998681,0.001319,0
0.999671,0.000329,0
0.999909,0.000091,0
0.997564,0.002436,0
0.987965,0.012035,0
0.000128,0.999872,1
0.999727,0.000273,0
0.998398,0.001602,0
0.001060,0.998940,1
0.000086,0.999914,1
0.000059,0.999941,1
0.000121,0.999879,1
0.999737,0.000263,0
0.000245,0.999755,1
0.000600,0.999400,1
0.000438,0.999562,1
0.999565,0.000435,0
0.999192,0.000808,0
0.998663,0.001337,0
0.999085,0.000915,0
0.000291,0.999709,1
0.000049,0.999951,1
0.000008,0.999992,1
0.999602,0.000398,0
0.000034,0.999966,1
0.999090,0.000910,0
0.999611,0.000389,0
0.001450,0.998550,1
0.004567,0.995433,1
0.998455,0.001545,0
0.000163,0.999837,1
0.000686,0.999314,1
0.000138,0.999862,1
0.006227,0.993773,1
0.999512,0.000488,0
0.000990,0.999010,1
0.999077,0.000923,0
0.000284,0.999716,1
0.000602,0.999398,1
0.000787,0.999213,1
0.994931,0.005069,0
0.000813,0.999187,1
0.999746,0.000254,0
0.000111,0.999889,1
0.998257,0.001743,0
0.000281,0.999719,1
0.999045,0.000955,0
0.000571,0.999429,1
0.000304,0.999696,1
0.000229,0.999771,1
0.000787,0.999213,1
0.998940,0.001060,0
0.001967,0.998033,1
0.000107,0.999893,1
0.000166,0.999834,1
0.004201,0.995799,1
0.991576,0.008424,0
0.001064,0.998936,1
0.998701,0.001299,0
0.998825,0.001175,0
0.001619,0.998381,1
0.000373,0.999627,1
0.999242,0.000758,0
0.000885,0.999115,1
0.998539,0.001461,0
0.998153,0.001847,0
0.000513,0.999487,1
0.000930,0.999070,1
0.999888,0.000112,0
0.998878,0.001122,0
0.000931,0.999069,1
0.003289,0.996711,1
0.998843,0.001157,0
0.999704,0.000296,0
0.001334,0.998666,1
0.000186,0.999814,1
0.998606,0.001394,0
0.000116,0.999884,1
0.001280,0.998720,1
0.000545,0.999455,1
0.001529,0.998471,1
0.000778,0.999222,1
0.999258,0.000742,0
0.999280,0.000720,0
0.000057,0.999943,1
0.000033,0.999967,1
0.998991,0.001009,0
0.000200,0.999800,1
0.996407,0.003593,0
0.999876,0.000124,0
0.997765,0.002235,0
0.000703,0.999297,1
0.000008,0.999992,1
0.992787,0.007213,0
0.999525,0.000475,0
0.997232,0.002768,0
0.000144,0.999856,1
0.001510,0.998490,1
0.000468,0.999532,1
0.002264,0.997736,1
0.996749,0.003251,0
0.000138,0.999862,1
0.000252,0.999748,1
0.000303,0.999697,1
0.000425,0.999575,1
0.000140,0.999860,1
0.999243,0.000757,0
0.998389,0.001611,0
0.990165,0.009835,0
0.998138,0.001862,0
0.998497,0.001503,0
0.999727,0.000273,0
0.999692,0.000308,0
0.000294,0.999706,1
0.000477,0.999523,1
0.000298,0.999702,1
0.998319,0.001681,0
0.999692,0.000308,0
0.999737,0.000263,0
0.001895,0.998105,1
0.996303,0.003697,0
0.000706,0.999294,1
0.000102,0.999898,1
0.000952,0.999048,1
0.000554,0.999446,1
0.008872,0.991128,1
0.000513,0.999487,1
0.998332,0.001668,0
0.000184,0.999816,1
0.988990,0.011010,0
0.000114,0.999886,1
0.000587,0.999413,1
0.997573,0.002427,0
0.000040,0.999960,1
0.999438,0.000562,0
0.001877,0.998123,1
0.000021,0.999979,1
0.001027,0.998973,1
0.998946,0.001054,0
0.000623,0.999377,1
0.999246,0.000754,0
0.000382,0.999618,1
0.998161,0.001839,0
0.000236,0.999764,1
0.000351,0.999649,1
0.000992,0.999008,1
0.000351,0.999649,1
0.998456,0.001544,0
0.000285,0.999715,1
0.001319,0.998681,1
0.000306,0.999694,1
0.999230,0.000770,0
0.000799,0.999201,1
0.001851,0.998149,1
0.000945,0.999055,1
0.998580,0.001420,0
0.000060,0.999940,1
0.999604,0.000396,0
0.999621,0.000379,0
0.000382,0.999618,1
0.002165,0.997835,1
0.000144,0.999856,1
0.000531,0.999469,1
0.000090,0.999910,1
0.000413,0.999587,1
0.999600,0.000400,0
0.999537,0.000463,0
0.000260,0.999740,1
0.000189,0.999811,1
0.998637,0.001363,0
0.999877,0.000123,0
0.999160,0.000840,0
0.998244,0.001756,0
0.000872,0.999128,1
0.998389,0.001611,0
0.999187,0.000813,0
0.000140,0.999860,1
0.999505,0.000495,0
0.999124,0.000876,0
0.999020,0.000980,0
0.000062,0.999938,1
0.999060,0.000940,0
0.998726,0.001274,0
0.999396,0.000604,0
0.997590,0.002410,0
0.000599,0.999401,1
0.998263,0.001737,0
0.003684,0.996316,1
0.998874,0.001126,0
0.994234,0.005766,0
0.000090,0.999910,1
0.997863,0.002137,0
0.000061,0.999939,1
0.000297,0.999703,1
0.999876,0.000124,0
0.000342,0.999658,1
0.999082,0.000918,0
0.000611,0.999389,1
0.000264,0.999736,1
0.000139,0.999861,1
0.000741,0.999259,1
0.000126,0.999874,1
0.000004,0.999996,1
0.999615,0.000385,0
0.000309,0.999691,1
0.000262,0.999738,1
0.998047,0.001953,0
0.995273,0.004727,0
0.001039,0.998961,1
0.003279,0.996721,1
0.999407,0.000593,0
0.998918,0.001082,0
0.000486,0.999514,1
0.999892,0.000108,0
0.001361,0.998639,1
0.999397,0.000603,0
0.000707,0.999293,1
0.999035,0.000965,0
0.000050,0.999950,1
0.999842,0.000158,0
0.000183,0.999817,1
0.999126,0.000874,0
0.999376,0.000624,0
0.000310,0.999690,1
0.002952,0.997048,1
0.002019,0.997981,1
0.998571,0.001429,0
0.999701,0.000299,0
0.000126,0.999874,1
0.001227,0.998773,1
0.000196,0.999804,1
0.000661,0.999339,1
0.998357,0.001643,0
0.000098,0.999902,1
0.003412,0.996588,1
0.000959,0.999041,1
0.001482,0.998518,1
0.000272,0.999728,1
0.000583,0.999417,1
0.998888,0.001112,0
0.000020,0.999980,1
0.000354,0.999646,1
0.998804,0.001196,0
0.000138,0.999862,1
0.998719,0.001281,0
0.999745,0.000255,0
0.001215,0.998785,1
0.000445,0.999555,1
0.002129,0.997871,1
0.999804,0.000196,0
0.000634,0.999366,1
0.999295,0.000705,0
0.000245,0.999755,1
0.999168,0.000832,0
0.999572,0.000428,0
0.999349,0.000651,0
0.000922,0.999078,1
0.000033,0.999967,1
0.001631,0.998369,1
0.000260,0.999740,1
0.998910,0.001090,0
0.999264,0.000736,0
0.017197,0.982803,1
0.002829,0.997171,1
0.000884,0.999116,1
0.000156,0.999844,1
0.000327,0.999673,1
0.998432,0.001568,0
0.000117,0.999883,1
0.000019,0.999981,1
0.995574,0.004426,0
0.999923,0.000077,0
0.998583,0.001417,0
0.998852,0.001148,0
0.998529,0.001471,0
0.994113,0.005887,0
0.998917,0.001083,0
0.999095,0.000905,0
0.001178,0.998822,1
0.000142,0.999858,1
0.999515,0.000485,0
0.997298,0.002702,0
0.001725,0.998275,1
0.999177,0.000823,0
0.000095,0.999905,1
0.998854,0.001146,0
0.997094,0.002906,0
0.000287,0.999713,1
0.999591,0.000409,0
0.000320,0.999680,1
0.999422,0.000578,0
0.000895,0.999105,1
0.999355,0.000645,0
0.000959,0.999041,1
0.007239,0.992761,1
0.999709,0.000291,0
0.000264,0.999736,1
0.000973,0.999027,1
0.003265,0.996735,1
0.999359,0.000641,0
0.999121,0.000879,0
0.000817,0.999183,1
0.997050,0.002950,0
0.008230,0.991770,1
0.000239,0.999761,1
0.000276,0.999724,1
0.999627,0.000373,0
0.000252,0.999748,1
0.002787,0.997213,1
0.999609,0.000391,0
0.001510,0.998490,1
0.000609,0.999391,1
0.001022,0.998978,1
0.000238,0.999762,1
0.001313,0.998687,1
0.999021,0.000979,0
0.996935,0.003065,0
0.998272,0.001728,0
0.000133,0.999867,1
0.999715,0.000285,0
0.002017,0.997983,1
0.000883,0.999117,1
0.001149,0.998851,1
0.999913,0.000087,0
0.999598,0.000402,0
0.000639,0.999361,1
0.000265,0.999735,1
0.998991,0.001009,0
0.000130,0.999870,1
0.000037,0.999963,1
0.000140,0.999860,1
0.003398,0.996602,1
0.001696,0.998304,1
0.998933,0.001067,0
0.003683,0.996317,1
0.000236,0.999764,1
0.999845,0.000155,0
0.012421,0.987579,1
0.000234,0.999766,1
0.000200,0.999800,1
0.002018,0.997982,1
0.998752,0.001248,0
0.001409,0.998591,1
0.000800,0.999200,1
0.000153,0.999847,1
0.999489,0.000511,0
0.000287,0.999713,1
0.999891,0.000109,0
0.000670,0.999330,1
0.000049,0.999951,1
0.005012,0.994988,1
0.000683,0.999317,1
0.000653,0.999347,1
0.998049,0.001951,0
0.000646,0.999354,1
0.999612,0.000388,0
0.998928,0.001072,0
0.001280,0.998720,1
0.999286,0.000714,0
0.994736,0.005264,0
0.000152,0.999848,1
0.000481,0.999519,1
0.999353,0.000647,0
0.995105,0.004895,0
0.992101,0.007899,0
0.001149,0.998851,1
0.000146,0.999854,1
0.000787,0.999213,1
0.999458,0.000542,0
0.999687,0.000313,0
0.000882,0.999118,1
0.000392,0.999608,1
0.002426,0.997574,1
0.000612,0.999388,1
0.001562,0.998438,1
0.000014,0.999986,1
0.999286,0.000714,0
0.000773,0.999227,1
0.000948,0.999052,1
0.001453,0.998547,1
0.000169,0.999831,1
0.001276,0.998724,1
0.999308,0.000692,0
0.998285,0.001715,0
0.000281,0.999719,1
0.000170,0.999830,1
0.000414,0.999586,1
0.999695,0.000305,0
0.999212,0.000788,0
0.996658,0.003342,0
0.000396,0.999604,1
0.999773,0.000227,0
0.000107,0.999893,1
0.999873,0.000127,0
0.999673,0.000327,0
0.999416,0.000584,0
0.000383,0.999617,1
0.999465,0.000535,0
0.999497,0.000503,0
0.000099,0.999901,1
0.000750,0.999250,1
0.001266,0.998734,1
0.000018,0.999982,1
0.000439,0.999561,1
0.999853,0.000147,0
0.999928,0.000072,0
0.999639,0.000361,0
0.000365,0.999635,1
0.013456,0.986544,1
0.999762,0.000238,0
0.998002,0.001998,0
0.999655,0.000345,0
0.000170,0.999830,1
0.997691,0.002309,0
0.000900,0.999100,1
0.004539,0.995461,1
0.998157,0.001843,0
0.999883,0.000117,0
0.997648,0.002352,0
0.996640,0.003360,0
0.004031,0.995969,1
0.002434,0.997566,1
0.000183,0.999817,1
0.001999,0.998001,1
0.998088,0.001912,0
0.999188,0.000812,0
0.000588,0.999412,1
0.000520,0.999480,1
0.000193,0.999807,1
0.000049,0.999951,1
0.001473,0.998527,1
0.000798,0.999202,1
0.000604,0.999396,1
0.000800,0.999200,1
0.001072,0.998928,1
0.999098,0.000902,0
0.002914,0.997086,1
0.999662,0.000338,0
0.000451,0.999549,1
0.000539,0.999461,1
0.002947,0.997053,1
0.000183,0.999817,1
0.998588,0.001412,0
0.999527,0.000473,0
0.000094,0.999906,1
0.999209,0.000791,0
0.000777,0.999223,1
0.000323,0.999677,1
0.000756,0.999244,1
0.000949,0.999051,1
0.000093,0.999907,1
0.989302,0.010698,0
0.999275,0.000725,0
0.999645,0.000355,0
0.000269,0.999731,1
0.000246,0.999754,1
0.000018,0.999982,1
0.999867,0.000133,0
0.000089,0.999911,1
0.999453,0.000547,0
0.998884,0.001116,0
0.998704,0.001296,0
0.999715,0.000285,0
0.999878,0.000122,0
0.999519,0.000481,0
0.998536,0.001464,0
0.999658,0.000342,0
0.001141,0.998859,1
0.994370,0.005630,0
0.999411,0.000589,0
0.004446,0.995554,1
0.000021,0.999979,1
0.999015,0.000985,0
0.997736,0.002264,0
0.000387,0.999613,1
0.000817,0.999183,1
0.999753,0.000247,0
0.000272,0.999728,1
0.000883,0.999117,1
0.998272,0.001728,0
0.000242,0.999758,1
0.001466,0.998534,1
0.003293,0.996707,1
0.015641,0.984359,1
0.998813,0.001187,0
0.003149,0.996851,1
0.000553,0.999447,1
0.998461,0.001539,0
0.999911,0.000089,0
0.997252,0.002748,0
0.997009,0.002991,0
0.998052,0.001948,0
0.999772,0.000228,0
0.000565,0.999435,1
0.999418,0.000582,0
0.998833,0.001167,0
0.002426,0.997574,1
0.998718,0.001282,0
0.999769,0.000231,0
0.001889,0.998111,1
0.998704,0.001296,0
0.000132,0.999868,1
0.000628,0.999372,1
0.999875,0.000125,0
0.998656,0.001344,0
0.000526,0.999474,1
0.000359,0.999641,1
0.999360,0.000640,0
0.999592,0.000408,0
0.999308,0.000692,0
0.000348,0.999652,1
0.000159,0.999841,1
0.999610,0.000390,0
0.998947,0.001053,0
0.000521,0.999479,1
0.000336,0.999664,1
0.000298,0.999702,1
0.000285,0.999715,1
0.995005,0.004995,0
0.999584,0.000416,0
0.999803,0.000197,0
0.000186,0.999814,1
0.000105,0.999895,1
0.994156,0.005844,0
0.999266,0.000734,0
0.999632,0.000368,0
0.028069,0.971931,1
0.000026,0.999974,1
0.999775,0.000225,0
0.003142,0.996858,1
0.996914,0.003086,0
0.000732,0.999268,1
0.000883,0.999117,1
0.998628,0.001372,0
0.998600,0.001400,0
0.002733,0.997267,1
0.000018,0.999982,1
0.991620,0.008380,0
0.999048,0.000952,0
0.999760,0.000240,0
0.999689,0.000311,0
0.000385,0.999615,1
0.999785,0.000215,0
0.997996,0.002004,0
0.999483,0.000517,0
0.000678,0.999322,1
0.000595,0.999405,1
0.000166,0.999834,1
0.997943,0.002057,0
0.998808,0.001192,0
0.998685,0.001315,0
0.000094,0.999906,1
0.000018,0.999982,1
0.000911,0.999089,1
0.999534,0.000466,0
0.000364,0.999636,1
0.000644,0.999356,1
0.001522,0.998478,1
0.999519,0.000481,0
0.000137,0.999863,1
0.000287,0.999713,1
0.004594,0.995406,1
0.000267,0.999733,1
0.998920,0.001080,0
0.995009,0.004991,0
0.001593,0.998407,1
0.001101,0.998899,1
0.000171,0.999829,1
0.000416,0.999584,1
0.000184,0.999816,1
0.000977,0.999023,1
0.998994,0.001006,0
0.001135,0.998865,1
0.998398,0.001602,0
0.999582,0.000418,0
0.000857,0.999143,1
0.000140,0.999860,1
0.999341,0.000659,0
0.998108,0.001892,0
0.996666,0.003334,0
0.999531,0.000469,0
0.999054,0.000946,0
0.000089,0.999911,1
0.000437,0.999563,1
0.007221,0.992779,1
0.997511,0.002489,0
0.999456,0.000544,0
0.999808,0.000192,0
0.000917,0.999083,1
0.000813,0.999187,1
0.000189,0.999811,1
0.000494,0.999506,1
0.999669,0.000331,0
0.001175,0.998825,1
0.996451,0.003549,0
0.998599,0.001401,0
0.000115,0.999885,1
0.001370,0.998630,1
0.999186,0.000814,0
0.000481,0.999519,1
0.989650,0.010350,0
0.000414,0.999586,1
0.999530,0.000470,0
0.999179,0.000821,0
0.000689,0.999311,1
0.000583,0.999417,1
0.998264,0.001736,0
0.016545,0.983455,1
0.999756,0.000244,0
0.999113,0.000887,0
0.000348,0.999652,1
0.000201,0.999799,1
0.000389,0.999611,1
0.000195,0.999805,1
0.998654,0.001346,0
0.002267,0.997733,1
0.999336,0.000664,0
0.000802,0.999198,1
0.998625,0.001375,0
0.000083,0.999917,1
0.002706,0.997294,1
0.000202,0.999798,1
0.999641,0.000359,0
0.999715,0.000285,0
0.000906,0.999094,1
0.999780,0.000220,0
0.000067,0.999933,1
0.000937,0.999063,1
0.999188,0.000812,0
0.000135,0.999865,1
0.999831,0.000169,0
0.000747,0.999253,1
0.000513,0.999487,1
0.999117,0.000883,0
0.000047,0.999953,1
0.999661,0.000339,0
0.996832,0.003168,0
0.000031,0.999969,1
0.001614,0.998386,1
0.000021,0.999979,1
0.000130,0.999870,1
0.998126,0.001874,0
0.000942,0.999058,1
0.998895,0.001105,0
0.998941,0.001059,0
0.000529,0.999471,1
0.001117,0.998883,1
0.999477,0.000523,0
0.000351,0.999649,1
0.000057,0.999943,1
0.000169,0.999831,1
0.999279,0.000721,0
0.994193,0.005807,0
0.000130,0.999870,1
0.997760,0.002240,0
0.008106,0.991894,1
0.999281,0.000719,0
0.998906,0.001094,0
0.000605,0.999395,1
0.999399,0.000601,0
0.999091,0.000909,0
0.001072,0.998928,1
0.002553,0.997447,1
0.001183,0.998817,1
0.000068,0.999932,1
0.998818,0.001182,0
0.989962,0.010038,0
0.999323,0.000677,0
0.999471,0.000529,0
0.999399,0.000601,0
0.999639,0.000361,0
0.999488,0.000512,0
0.996841,0.003159,0
0.999816,0.000184,0
0.998252,0.001748,0
0.000494,0.999506,1
0.000031,0.999969,1
0.999323,0.000677,0
0.999053,0.000947,0
0.016067,0.983933,1
0.999218,0.000782,0
0.001022,0.998978,1
0.001578,0.998422,1
0.001749,0.998251,1
0.000291,0.999709,1
0.999843,0.000157,0
0.000327,0.999673,1
0.999796,0.000204,0
0.000026,0.999974,1
0.000608,0.999392,1
0.000292,0.999708,1
0.000049,0.999951,1
0.999873,0.000127,0
0.999849,0.000151,0
0.998519,0.001481,0
0.000446,0.999554,1
0.001230,0.998770,1
0.994531,0.005469,0
0.999715,0.000285,0
0.000693,0.999307,1
0.996914,0.003086,0
0.000550,0.999450,1
0.999440,0.000560,0
0.999650,0.000350,0
0.000414,0.999586,1
0.999796,0.000204,0
0.993128,0.006872,0
0.000226,0.999774,1
0.000588,0.999412,1
0.001708,0.998292,1
0.000588,0.999412,1
0.999665,0.000335,0
0.000241,0.999759,1
0.999247,0.000753,0
0.000452,0.999548,1
0.998207,0.001793,0
0.000413,0.999587,1
0.999559,0.000441,0
0.000220,0.999780,1
0.000886,0.999114,1
0.001297,0.998703,1
0.999917,0.000083,0
0.000920,0.999080,1
0.000138,0.999862,1
0.002987,0.997013,1
0.998473,0.001527,0
0.001813,0.998187,1
0.998923,0.001077,0
0.000086,0.999914,1
0.000284,0.999716,1
0.999531,0.000469,0
0.001883,0.998117,1
0.000679,0.999321,1
0.999717,0.000283,0
0.000056,0.999944,1
0.998244,0.001756,0
0.999395,0.000605,0
0.000198,0.999802,1
0.001065,0.998935,1
0.999506,0.000494,0
0.999755,0.000245,0
0.999130,0.000870,0
0.000424,0.999576,1
0.000028,0.999972,1
0.997891,0.002109,0
0.994848,0.005152,0
0.998983,0.001017,0
0.999024,0.000976,0
0.009447,0.990553,1
0.002787,0.997213,1
0.998867,0.001133,0
0.000432,0.999568,1
0.000696,0.999304,1
0.999124,0.000876,0
0.000104,0.999896,1
0.999142,0.000858,0
0.996980,0.003020,0
0.000561,0.999439,1
0.000100,0.999900,1
0.000637,0.999363,1
0.998456,0.001544,0
0.002156,0.997844,1
0.000320,0.999680,1
0.004447,0.995553,1
0.011626,0.988374,1
0.001487,0.998513,1
0.999695,0.000305,0
0.000258,0.999742,1
0.999463,0.000537,0
0.000052,0.999948,1
0.998461,0.001539,0
0.000551,0.999449,1
0.000222,0.999778,1
0.999696,0.000304,0
0.995443,0.004557,0
0.998357,0.001643,0
0.999350,0.000650,0
0.999440,0.000560,0
0.999002,0.000998,0
0.001773,0.998227,1
0.999467,0.000533,0
0.001148,0.998852,1
0.000871,0.999129,1
0.001382,0.998618,1
0.000098,0.999902,1
0.999378,0.000622,0
0.000035,0.999965,1
0.000130,0.999870,1
0.001725,0.998275,1
0.000039,0.999961,1
0.000104,0.999896,1
0.990566,0.009434,0
0.998490,0.001510,0
0.000588,0.999412,1
0.001521,0.998479,1
0.999008,0.000992,0
0.997784,0.002216,0
0.000059,0.999941,1
0.000354,0.999646,1
0.999780,0.000220,0
0.000780,0.999220,1
0.999593,0.000407,0
0.995728,0.004272,0
0.997782,0.002218,0
0.999795,0.000205,0
0.003373,0.996627,1
0.000303,0.999697,1
0.004661,0.995339,1
0.000033,0.999967,1
0.999781,0.000219,0
0.009458,0.990542,1
0.000179,0.999821,1
0.000682,0.999318,1
0.999084,0.000916,0
0.001086,0.998914,1
0.999166,0.000834,0
0.999431,0.000569,0
0.002868,0.997132,1
0.000093,0.999907,1
0.999736,0.000264,0
0.999570,0.000430,0
0.000349,0.999651,1
0.000462,0.999538,1
0.998898,0.001102,0
0.000163,0.999837,1
0.998372,0.001628,0
0.996637,0.003363,0
0.992794,0.007206,0
0.999577,0.000423,0
0.998656,0.001344,0
0.999618,0.000382,0
0.000006,0.999994,1
0.999095,0.000905,0
0.000542,0.999458,1
0.998063,0.001937,0
0.001126,0.998874,1
0.997948,0.002052,0
0.000219,0.999781,1
0.000114,0.999886,1
0.000169,0.999831,1
0.998624,0.001376,0
0.000240,0.999760,1
0.000783,0.999217,1
0.000571,0.999429,1
0.998834,0.001166,0
0.999504,0.000496,0
0.999661,0.000339,0
0.997097,0.002903,0
0.951378,0.048622,0
0.000049,0.999951,1
0.000152,0.999848,1
0.000392,0.999608,1
0.002570,0.997430,1
0.000080,0.999920,1
0.000282,0.999718,1
0.999431,0.000569,0
0.999721,0.000279,0
0.998284,0.001716,0
0.996449,0.003551,0
0.000843,0.999157,1
0.000137,0.999863,1
0.000022,0.999978,1
0.000069,0.999931,1
0.000173,0.999827,1
0.999854,0.000146,0
0.000566,0.999434,1
0.999145,0.000855,0
0.000354,0.999646,1
0.000494,0.999506,1
0.001475,0.998525,1
0.006805,0.993195,1
0.000787,0.999213,1
0.999803,0.000197,0
0.001411,0.998589,1
0.998941,0.001059,0
0.998988,0.001012,0
0.999600,0.000400,0
0.000710,0.999290,1
0.999160,0.000840,0
0.999203,0.000797,0
0.999820,0.000180,0
0.001072,0.998928,1
0.005311,0.994689,1
0.998473,0.001527,0
0.999282,0.000718,0
0.000959,0.999041,1
0.987155,0.012845,0
0.999323,0.000677,0
0.000300,0.999700,1
0.000095,0.999905,1
0.999473,0.000527,0
0.999549,0.000451,0
0.999415,0.000585,0
0.000455,0.999545,1
0.999842,0.000158,0
0.996643,0.003357,0
0.999215,0.000785,0
0.001017,0.998983,1
0.000091,0.999909,1
0.000045,0.999955,1
0.005900,0.994100,1
0.998283,0.001717,0
0.999038,0.000962,0
0.000050,0.999950,1
0.002454,0.997546,1
0.998953,0.001047,0
0.999632,0.000368,0
0.000467,0.999533,1
0.000514,0.999486,1
0.998906,0.001094,0
0.999664,0.000336,0
0.997808,0.002192,0
0.002959,0.997041,1
0.000753,0.999247,1
0.001406,0.998594,1
0.997216,0.002784,0
0.999469,0.000531,0
0.999557,0.000443,0
0.000039,0.999961,1
0.000048,0.999952,1
0.999727,0.000273,0
0.000209,0.999791,1
0.998823,0.001177,0
0.000281,0.999719,1
0.999822,0.000178,0
0.999733,0.000267,0
0.999668,0.000332,0
0.999627,0.000373,0
0.000306,0.999694,1
0.010828,0.989172,1
0.999923,0.000077,0
0.000377,0.999623,1
0.000622,0.999378,1
0.002225,0.997775,1
0.999533,0.000467,0
0.001234,0.998766,1
0.001510,0.998490,1
0.999688,0.000312,0
0.001778,0.998222,1
0.000406,0.999594,1
0.000194,0.999806,1
0.999315,0.000685,0
0.000262,0.999738,1
0.000535,0.999465,1
0.003316,0.996684,1
0.999418,0.000582,0
0.003288,0.996712,1
0.000686,0.999314,1
0.998758,0.001242,0
0.999020,0.000980,0
0.000349,0.999651,1
0.000251,0.999749,1
0.999517,0.000483,0
0.003817,0.996183,1
0.000855,0.999145,1
0.999544,0.000456,0
0.996959,0.003041,0
0.999414,0.000586,0
0.999664,0.000336,0
0.000404,0.999596,1
0.000033,0.999967,1
0.998421,0.001579,0
0.998820,0.001180,0
0.999609,0.000391,0
0.999600,0.000400,0
0.000277,0.999723,1
0.000012,0.999988,1
0.000334,0.999666,1
0.998443,0.001557,0
0.999710,0.000290,0
0.998841,0.001159,0
0.000436,0.999564,1
0.997870,0.002130,0
0.999124,0.000876,0
0.001425,0.998575,1
0.998815,0.001185,0
0.000644,0.999356,1
0.000299,0.999701,1
0.000309,0.999691,1
0.998438,0.001562,0
0.999393,0.000607,0
0.999401,0.000599,0
0.001789,0.998211,1
0.997828,0.002172,0
0.000475,0.999525,1
0.000182,0.999818,1
0.000341,0.999659,1
0.995639,0.004361,0
0.002787,0.997213,1
0.999058,0.000942,0
0.996384,0.003616,0
0.000952,0.999048,1
0.000838,0.999162,1
0.000364,0.999636,1
0.998421,0.001579,0
0.000546,0.999454,1
0.998763,0.001237,0
0.000895,0.999105,1
0.999876,0.000124,0
0.004394,0.995606,1
0.000350,0.999650,1
0.000326,0.999674,1
0.000778,0.999222,1
0.001487,0.998513,1
0.999027,0.000973,0
0.999460,0.000540,0
0.000215,0.999785,1
0.999803,0.000197,0
0.999119,0.000881,0
0.000282,0.999718,1
0.999902,0.000098,0
0.999543,0.000457,0
0.998317,0.001683,0
0.000055,0.999945,1
0.001345,0.998655,1
0.000269,0.999731,1
0.998616,0.001384,0
0.000075,0.999925,1
0.000366,0.999634,1
0.000337,0.999663,1
0.000659,0.999341,1
0.000446,0.999554,1
0.000609,0.999391,1
0.997002,0.002998,0
0.996914,0.003086,0
0.000327,0.999673,1
0.001067,0.998933,1
0.004024,0.995976,1
0.001398,0.998602,1
0.000259,0.999741,1
0.004452,0.995548,1
0.002101,0.997899,1
0.999320,0.000680,0
0.999473,0.000527,0
0.999782,0.000218,0
0.997942,0.002058,0
0.002133,0.997867,1
0.999531,0.000469,0
0.997629,0.002371,0
0.000784,0.999216,1
0.999906,0.000094,0
0.000211,0.999789,1
0.999227,0.000773,0
0.998440,0.001560,0
0.000427,0.999573,1
0.000130,0.999870,1
0.999645,0.000355,0
0.999404,0.000596,0
0.000457,0.999543,1
0.999269,0.000731,0
0.999531,0.000469,0
0.000269,0.999731,1
0.001208,0.998792,1
0.000224,0.999776,1
0.000004,0.999996,1
0.997172,0.002828,0
0.000562,0.999438,1
0.997104,0.002896,0
0.999875,0.000125,0
0.000097,0.999903,1
0.996371,0.003629,0
0.999587,0.000413,0
0.999359,0.000641,0
0.000224,0.999776,1
0.995244,0.004756,0
0.000467,0.999533,1
0.999291,0.000709,0
0.999692,0.000308,0
0.000368,0.999632,1
0.002257,0.997743,1
0.000210,0.999790,1
0.003100,0.996900,1
0.000740,0.999260,1
0.999835,0.000165,0
0.999440,0.000560,0
0.002506,0.997494,1
0.000319,0.999681,1
0.999526,0.000474,0
0.001126,0.998874,1
0.999424,0.000576,0
0.998852,0.001148,0
0.998780,0.001220,0
0.999723,0.000277,0
0.000272,0.999728,1
0.001675,0.998325,1
0.999557,0.000443,0
0.999712,0.000288,0
0.001404,0.998596,1
0.000772,0.999228,1
0.997552,0.002448,0
0.999588,0.000412,0
0.999715,0.000285,0
0.999559,0.000441,0
0.999037,0.000963,0
0.998341,0.001659,0
0.001017,0.998983,1
0.999890,0.000110,0
0.003219,0.996781,1
0.000115,0.999885,1
0.999689,0.000311,0
0.999213,0.000787,0
0.005106,0.994894,1
0.000304,0.999696,1
0.000317,0.999683,1
0.999369,0.000631,0
0.998062,0.001938,0
0.000515,0.999485,1
0.998170,0.001830,0
0.998831,0.001169,0
0.001837,0.998163,1
0.000050,0.999950,1
0.000588,0.999412,1
0.999759,0.000241,0
0.999450,0.000550,0
0.000075,0.999925,1
0.997332,0.002668,0
0.000118,0.999882,1
0.000550,0.999450,1
0.998827,0.001173,0
0.999233,0.000767,0
0.996275,0.003725,0
0.000051,0.999949,1
0.998456,0.001544,0
0.999102,0.000898,0
0.000254,0.999746,1
0.000634,0.999366,1
0.995144,0.004856,0
0.998242,0.001758,0
0.996550,0.003450,0
0.000471,0.999529,1
0.999763,0.000237,0
0.001813,0.998187,1
0.004755,0.995245,1
0.002747,0.997253,1
0.000228,0.999772,1
0.999645,0.000355,0
0.999164,0.000836,0
0.989751,0.010249,0
0.000653,0.999347,1
0.000358,0.999642,1
0.000287,0.999713,1
0.001047,0.998953,1
0.000100,0.999900,1
0.004623,0.995377,1
0.000601,0.999399,1
0.000301,0.999699,1
0.995948,0.004052,0
0.001121,0.998879,1
0.999102,0.000898,0
0.999677,0.000323,0
0.000229,0.999771,1
0.003456,0.996544,1
0.000148,0.999852,1
0.998009,0.001991,0
0.000435,0.999565,1
0.000948,0.999052,1
0.001674,0.998326,1
0.996366,0.003634,0
0.000698,0.999302,1
0.999613,0.000387,0
0.000109,0.999891,1
0.000887,0.999113,1
0.000020,0.999980,1
0.000033,0.999967,1
0.000503,0.999497,1
0.996935,0.003065,0
0.999134,0.000866,0
0.997310,0.002690,0
0.000147,0.999853,1
0.000191,0.999809,1
0.999386,0.000614,0
0.998722,0.001278,0
0.998912,0.001088,0
0.999201,0.000799,0
0.999471,0.000529,0
0.000281,0.999719,1
0.998303,0.001697,0
0.000024,0.999976,1
0.998235,0.001765,0
0.999768,0.000232,0
0.000297,0.999703,1
0.998244,0.001756,0
0.000245,0.999755,1
0.000015,0.999985,1
0.994848,0.005152,0
0.000281,0.999719,1
0.999887,0.000113,0
0.001510,0.998490,1
0.998691,0.001309,0
0.000033,0.999967,1
0.006549,0.993451,1
0.999178,0.000822,0
0.999579,0.000421,0
0.000215,0.999785,1
0.998852,0.001148,0
0.000227,0.999773,1
0.995589,0.004411,0
0.000976,0.999024,1
0.001247,0.998753,1
0.999727,0.000273,0
0.999280,0.000720,0
0.998683,0.001317,0
0.998763,0.001237,0
0.999532,0.000468,0
0.999437,0.000563,0
0.000031,0.999969,1
0.000623,0.999377,1
0.000456,0.999544,1
0.998721,0.001279,0
0.998804,0.001196,0
0.999518,0.000482,0
0.000338,0.999662,1
0.999291,0.000709,0
0.000839,0.999161,1
0.001049,0.998951,1
0.995595,0.004405,0
0.002724,0.997276,1
0.001172,0.998828,1
0.000787,0.999213,1
0.000170,0.999830,1
0.004139,0.995861,1
0.999048,0.000952,0
0.000142,0.999858,1
0.003601,0.996399,1
0.002767,0.997233,1
0.998774,0.001226,0
0.000812,0.999188,1
0.000300,0.999700,1
0.997935,0.002065,0
0.000161,0.999839,1
0.999279,0.000721,0
0.999500,0.000500,0
0.001477,0.998523,1
0.999115,0.000885,0
0.996275,0.003725,0
0.000100,0.999900,1
0.999543,0.000457,0
0.000022,0.999978,1
0.999443,0.000557,0
0.001401,0.998599,1
0.000979,0.999021,1
0.004233,0.995767,1
0.000223,0.999777,1
0.000210,0.999790,1
0.999377,0.000623,0
0.000126,0.999874,1
0.999744,0.000256,0
0.999079,0.000921,0
0.000246,0.999754,1
0.999760,0.000240,0
0.999818,0.000182,0
0.000204,0.999796,1
0.999774,0.000226,0
0.002419,0.997581,1
0.002031,0.997969,1
0.998272,0.001728,0
0.998623,0.001377,0
0.995565,0.004435,0
0.001510,0.998490,1
0.998636,0.001364,0
0.000767,0.999233,1
0.000117,0.999883,1
0.998935,0.001065,0
0.009192,0.990808,1
0.999825,0.000175,0
0.999492,0.000508,0
0.000163,0.999837,1
0.992278,0.007722,0
0.000684,0.999316,1
0.996060,0.003940,0
0.000922,0.999078,1
0.999908,0.000092,0
0.998239,0.001761,0
0.006717,0.993283,1
0.001194,0.998806,1
0.000359,0.999641,1
0.997845,0.002155,0
0.000104,0.999896,1
0.974648,0.025352,0
0.003879,0.996121,1
0.000623,0.999377,1
0.999677,0.000323,0
0.998853,0.001147,0
0.998913,0.001087,0
0.011840,0.988160,1
0.998936,0.001064,0
0.998764,0.001236,0
0.997925,0.002075,0
0.999184,0.000816,0
0.998908,0.001092,0
0.001288,0.998712,1
0.000231,0.999769,1
0.000457,0.999543,1
0.000049,0.999951,1
0.000297,0.999703,1
0.000787,0.999213,1
0.999790,0.000210,0
0.000684,0.999316,1
0.999778,0.000222,0
0.000566,0.999434,1
0.000486,0.999514,1
0.001733,0.998267,1
0.998801,0.001199,0
0.000539,0.999461,1
0.998833,0.001167,0
0.001039,0.998961,1
0.004857,0.995143,1
0.999761,0.000239,0
0.998245,0.001755,0
0.000315,0.999685,1
0.000911,0.999089,1
0.001950,0.998050,1
0.000044,0.999956,1
0.002443,0.997557,1
0.001418,0.998582,1
0.999335,0.000665,0
0.000285,0.999715,1
0.999176,0.000824,0
0.999637,0.000363,0
0.000061,0.999939,1
0.999442,0.000558,0
0.998762,0.001238,0
0.000980,0.999020,1
0.001957,0.998043,1
0.013017,0.986983,1
0.000117,0.999883,1
0.000553,0.999447,1
0.999961,0.000039,0
0.995281,0.004719,0
0.998833,0.001167,0
0.999624,0.000376,0
0.000877,0.999123,1
0.000060,0.999940,1
0.000182,0.999818,1
0.000299,0.999701,1
0.999098,0.000902,0
0.002222,0.997778,1
0.999506,0.000494,0
0.997764,0.002236,0
0.000019,0.999981,1
0.997483,0.002517,0
0.000358,0.999642,1
0.999143,0.000857,0
0.999051,0.000949,0
0.000802,0.999198,1
0.000124,0.999876,1
0.001906,0.998094,1
0.000935,0.999065,1
0.001065,0.998935,1
0.000874,0.999126,1
0.999703,0.000297,0
0.999537,0.000463,0
0.999531,0.000469,0
0.001411,0.998589,1
0.000059,0.999941,1
0.999291,0.000709,0
0.001518,0.998482,1
0.000359,0.999641,1
0.000281,0.999719,1
0.999487,0.000513,0
0.999795,0.000205,0
0.001730,0.998270,1
0.999637,0.000363,0
0.002709,0.997291,1
0.000242,0.999758,1
0.000272,0.999728,1
0.000026,0.999974,1
0.000053,0.999947,1
0.000043,0.999957,1
0.999566,0.000434,0
0.003318,0.996682,1
0.999162,0.000838,0
0.999512,0.000488,0
0.999821,0.000179,0
0.001259,0.998741,1
0.001067,0.998933,1
0.000574,0.999426,1
0.001749,0.998251,1
0.997838,0.002162,0
0.000371,0.999629,1
0.999500,0.000500,0
0.004495,0.995505,1
0.000417,0.999583,1
0.000418,0.999582,1
0.001499,0.998501,1
0.999011,0.000989,0
0.998420,0.001580,0
0.000685,0.999315,1
0.999495,0.000505,0
0.000441,0.999559,1
0.000532,0.999468,1
0.000048,0.999952,1
0.999246,0.000754,0
0.999899,0.000101,0
0.000257,0.999743,1
0.000208,0.999792,1
0.998825,0.001175,0
0.000791,0.999209,1
0.004363,0.995637,1
0.000257,0.999743,1
0.999132,0.000868,0
0.001862,0.998138,1
0.998815,0.001185,0
0.000484,0.999516,1
0.004056,0.995944,1
0.998914,0.001086,0
0.000053,0.999947,1
0.989765,0.010235,0
0.999345,0.000655,0
0.000343,0.999657,1
0.000242,0.999758,1
0.998769,0.001231,0
0.000479,0.999521,1
0.999401,0.000599,0
0.996058,0.003942,0
0.000293,0.999707,1
0.015824,0.984176,1
0.999749,0.000251,0
0.000018,0.999982,1
0.998654,0.001346,0
0.001010,0.998990,1
0.000105,0.999895,1
0.998877,0.001123,0
0.998996,0.001004,0
0.000549,0.999451,1
0.000800,0.999200,1
0.984765,0.015235,0
0.999222,0.000778,0
0.000530,0.999470,1
0.999479,0.000521,0
0.000357,0.999643,1
0.999711,0.000289,0
0.997404,0.002596,0
0.000028,0.999972,1
0.001157,0.998843,1
0.999892,0.000108,0
0.000518,0.999482,1
0.999021,0.000979,0
0.990093,0.009907,0
0.000016,0.999984,1
0.997013,0.002987,0
0.999874,0.000126,0
0.000540,0.999460,1
0.000481,0.999519,1
0.000300,0.999700,1
0.000039,0.999961,1
0.996277,0.003723,0
0.999870,0.000130,0
0.999383,0.000617,0
0.000026,0.999974,1
0.000606,0.999394,1
0.002046,0.997954,1
0.999888,0.000112,0
0.999886,0.000114,0
0.000307,0.999693,1
0.005849,0.994151,1
0.996275,0.003725,0
0.002576,0.997424,1
0.001658,0.998342,1
0.004910,0.995090,1
0.999810,0.000190,0
0.000313,0.999687,1
0.000402,0.999598,1
0.003173,0.996827,1
0.999406,0.000594,0
0.001926,0.998074,1
0.014754,0.985246,1
0.999786,0.000214,0
0.999753,0.000247,0
0.999946,0.000054,0
0.998824,0.001176,0
0.000315,0.999685,1
0.999564,0.000436,0
0.000486,0.999514,1
0.998770,0.001230,0
0.999036,0.000964,0
0.999041,0.000959,0
0.001113,0.998887,1
0.001407,0.998593,1
0.998280,0.001720,0
0.998461,0.001539,0
0.999845,0.000155,0
0.000015,0.999985,1
0.000109,0.999891,1
0.002075,0.997925,1
0.999477,0.000523,0
0.000131,0.999869,1
0.999594,0.000406,0
0.000707,0.999293,1
0.998842,0.001158,0
0.000375,0.999625,1
0.999359,0.000641,0
0.000074,0.999926,1
0.997766,0.002234,0
0.000423,0.999577,1
0.999133,0.000867,0
0.001733,0.998267,1
0.005866,0.994134,1
0.999618,0.000382,0
0.000973,0.999027,1
0.999942,0.000058,0
0.000437,0.999563,1
0.000426,0.999574,1
0.998528,0.001472,0
0.999606,0.000394,0
0.000870,0.999130,1
0.000331,0.999669,1
0.999495,0.000505,0
0.002293,0.997707,1
0.999308,0.000692,0
0.999171,0.000829,0
0.001989,0.998011,1
0.999395,0.000605,0
0.000026,0.999974,1
0.000408,0.999592,1
0.996554,0.003446,0
0.002009,0.997991,1
0.995679,0.004321,0
0.997979,0.002021,0
0.999885,0.000115,0
0.999475,0.000525,0
0.999564,0.000436,0
0.001075,0.998925,1
0.000105,0.999895,1
0.000006,0.999994,1
0.999511,0.000489,0
0.999556,0.000444,0
0.000059,0.999941,1
0.000594,0.999406,1
0.000783,0.999217,1
0.999084,0.000916,0
0.000446,0.999554,1
0.001721,0.998279,1
0.998592,0.001408,0
0.999522,0.000478,0
0.000515,0.999485,1
0.000485,0.999515,1
0.999127,0.000873,0
0.998741,0.001259,0
0.998947,0.001053,0
0.000209,0.999791,1
0.999882,0.000118,0
0.000616,0.999384,1
0.999694,0.000306,0
0.000317,0.999683,1
0.000279,0.999721,1
0.998248,0.001752,0
0.999766,0.000234,0
0.995578,0.004422,0
0.998456,0.001544,0
0.000072,0.999928,1
0.000787,0.999213,1
0.999435,0.000565,0
0.999362,0.000638,0
0.998969,0.001031,0
0.000290,0.999710,1
0.004447,0.995553,1
0.999414,0.000586,0
0.004874,0.995126,1
0.000142,0.999858,1
0.997558,0.002442,0
0.000188,0.999812,1
0.998827,0.001173,0
0.000262,0.999738,1
0.999658,0.000342,0
0.000895,0.999105,1
0.001293,0.998707,1
0.000213,0.999787,1
0.003761,0.996239,1
0.997806,0.002194,0
0.005472,0.994528,1
0.000913,0.999087,1
0.005723,0.994277,1
0.995148,0.004852,0
0.000296,0.999704,1
0.999021,0.000979,0
0.000049,0.999951,1
0.002144,0.997856,1
0.000185,0.999815,1
0.999536,0.000464,0
0.000282,0.999718,1
0.998906,0.001094,0
0.000133,0.999867,1
0.000870,0.999130,1
0.000513,0.999487,1
0.999631,0.000369,0
0.000248,0.999752,1
0.018348,0.981652,1
0.994148,0.005852,0
0.001081,0.998919,1
0.000363,0.999637,1
0.999106,0.000894,0
0.998063,0.001937,0
0.988081,0.011919,0
0.998823,0.001177,0
0.999827,0.000173,0
0.000144,0.999856,1
0.000154,0.999846,1
0.000082,0.999918,1
0.002727,0.997273,1
0.999054,0.000946,0
0.000642,0.999358,1
0.010633,0.989367,1
0.999721,0.000279,0
0.001026,0.998974,1
0.004906,0.995094,1
0.001941,0.998059,1
0.011530,0.988470,1
0.000466,0.999534,1
0.018265,0.981735,1
0.000025,0.999975,1
0.998307,0.001693,0
0.000966,0.999034,1
0.997291,0.002709,0
0.000196,0.999804,1
0.001161,0.998839,1
0.000157,0.999843,1
0.998433,0.001567,0
0.000546,0.999454,1
0.000498,0.999502,1
0.998799,0.001201,0
0.006903,0.993097,1
0.000095,0.999905,1
0.996441,0.003559,0
0.009332,0.990668,1
0.001865,0.998135,1
0.999031,0.000969,0
0.000387,0.999613,1
0.001370,0.998630,1
0.998250,0.001750,0
0.000196,0.999804,1
0.002270,0.997730,1
0.000779,0.999221,1
0.999669,0.000331,0
0.999437,0.000563,0
0.999209,0.000791,0
0.999901,0.000099,0
0.000064,0.999936,1
0.000070,0.999930,1
0.999603,0.000397,0
0.998448,0.001552,0
0.002519,0.997481,1
0.999393,0.000607,0
0.000211,0.999789,1
0.999632,0.000368,0
0.000022,0.999978,1
0.998498,0.001502,0
0.003137,0.996863,1
0.000442,0.999558,1
0.998757,0.001243,0
0.001022,0.998978,1
0.999557,0.000443,0
0.000037,0.999963,1
0.000442,0.999558,1
0.998306,0.001694,0
0.001140,0.998860,1
0.001567,0.998433,1
0.001405,0.998595,1
0.000215,0.999785,1
0.000569,0.999431,1
0.999679,0.000321,0
0.002966,0.997034,1
0.001292,0.998708,1
0.999715,0.000285,0
0.998244,0.001756,0
0.000565,0.999435,1
0.002247,0.997753,1
0.998456,0.001544,0
0.999911,0.000089,0
0.000303,0.999697,1
0.000144,0.999856,1
0.002749,0.997251,1
0.998980,0.001020,0
0.000287,0.999713,1
0.998322,0.001678,0
0.000477,0.999523,1
0.000494,0.999506,1
0.999283,0.000717,0
0.000622,0.999378,1
0.999096,0.000904,0
0.999495,0.000505,0
0.000784,0.999216,1
0.000378,0.999622,1
0.000754,0.999246,1
0.001242,0.998758,1
0.000268,0.999732,1
0.999586,0.000414,0
0.999242,0.000758,0
0.995671,0.004329,0
0.998421,0.001579,0
0.000450,0.999550,1
0.000499,0.999501,1
0.998763,0.001237,0
0.000818,0.999182,1
0.999748,0.000252,0
0.020415,0.979585,1
0.998744,0.001256,0
0.002016,0.997984,1
0.001609,0.998391,1
0.997954,0.002046,0
0.000144,0.999856,1
0.000674,0.999326,1
0.000281,0.999719,1
0.000475,0.999525,1
0.002796,0.997204,1
0.999291,0.000709,0
0.992315,0.007685,0
0.999559,0.000441,0
0.000261,0.999739,1
0.998697,0.001303,0
0.999410,0.000590,0
0.993846,0.006154,0
0.998877,0.001123,0
0.999325,0.000675,0
0.999543,0.000457,0
0.001528,0.998472,1
0.999144,0.000856,0
0.997985,0.002015,0
0.999793,0.000207,0
0.999553,0.000447,0
0.998928,0.001072,0
0.001725,0.998275,1
0.999623,0.000377,0
0.000324,0.999676,1
0.999854,0.000146,0
0.000407,0.999593,1
0.000370,0.999630,1
0.994848,0.005152,0
0.000498,0.999502,1
0.000410,0.999590,1
0.999048,0.000952,0
0.998966,0.001034,0
0.000138,0.999862,1
0.999723,0.000277,0
0.999021,0.000979,0
0.000304,0.999696,1
0.002712,0.997288,1
0.998334,0.001666,0
0.000512,0.999488,1
0.000027,0.999973,1
0.000103,0.999897,1
0.000248,0.999752,1
0.001510,0.998490,1
0.999200,0.000800,0
0.004169,0.995831,1
0.990036,0.009964,0
0.999319,0.000681,0
0.998900,0.001100,0
0.999718,0.000282,0
0.999689,0.000311,0
0.999036,0.000964,0
0.999055,0.000945,0
0.999295,0.000705,0
0.000094,0.999906,1
0.002671,0.997329,1
0.998689,0.001311,0
0.000366,0.999634,1
0.000303,0.999697,1
0.998527,0.001473,0
0.000688,0.999312,1
0.999764,0.000236,0
0.999813,0.000187,0
0.999863,0.000137,0
0.999668,0.000332,0
0.055569,0.944431,1
0.001399,0.998601,1
0.999318,0.000682,0
0.002307,0.997693,1
0.998283,0.001717,0
0.004062,0.995938,1
0.997205,0.002795,0
0.000367,0.999633,1
0.002987,0.997013,1
0.000834,0.999166,1
0.000196,0.999804,1
0.999146,0.000854,0
0.005089,0.994911,1
0.999115,0.000885,0
0.002018,0.997982,1
0.000707,0.999293,1
0.000218,0.999782,1
0.999500,0.000500,0
0.001130,0.998870,1
0.000390,0.999610,1
0.000337,0.999663,1
0.999651,0.000349,0
0.999715,0.000285,0
0.999543,0.000457,0
0.000079,0.999921,1
0.001324,0.998676,1
0.999102,0.000898,0
0.000697,0.999303,1
0.001258,0.998742,1
0.998063,0.001937,0
0.000564,0.999436,1
0.000065,0.999935,1
0.000931,0.999069,1
0.993616,0.006384,0
0.998946,0.001054,0
0.999544,0.000456,0
0.999634,0.000366,0
0.000776,0.999224,1
0.000988,0.999012,1
0.999231,0.000769,0
0.000180,0.999820,1
0.999606,0.000394,0
0.999606,0.000394,0
0.000044,0.999956,1
0.002637,0.997363,1
0.000077,0.999923,1
0.002807,0.997193,1
0.000059,0.999941,1
0.000226,0.999774,1
0.999666,0.000334,0
0.000266,0.999734,1
0.000213,0.999787,1
0.000299,0.999701,1
0.999460,0.000540,0
0.000083,0.999917,1
0.995302,0.004698,0
0.000331,0.999669,1
0.000980,0.999020,1
0.999499,0.000501,0
0.000376,0.999624,1
0.999884,0.000116,0
0.000838,0.999162,1
0.000154,0.999846,1
0.998323,0.001677,0
0.999780,0.000220,0
0.999918,0.000082,0
0.998251,0.001749,0
0.999859,0.000141,0
0.002391,0.997609,1
0.019968,0.980032,1
0.999038,0.000962,0
0.000085,0.999915,1
0.000526,0.999474,1
0.000137,0.999863,1
0.002302,0.997698,1
0.999456,0.000544,0
0.000433,0.999567,1
0.999243,0.000757,0
0.000884,0.999116,1
0.997794,0.002206,0
0.000568,0.999432,1
0.002304,0.997696,1
0.000275,0.999725,1
0.999539,0.000461,0
0.000119,0.999881,1
0.997632,0.002368,0
0.000144,0.999856,1
0.000035,0.999965,1
0.998004,0.001996,0
0.999098,0.000902,0
0.000509,0.999491,1
0.998746,0.001254,0
0.000990,0.999010,1
0.999644,0.000356,0
0.999888,0.000112,0
0.999362,0.000638,0
0.999605,0.000395,0
0.000124,0.999876,1
0.002112,0.997888,1
0.000170,0.999830,1
0.001833,0.998167,1
0.000237,0.999763,1
0.997825,0.002175,0
0.000181,0.999819,1
0.002076,0.997924,1
0.998701,0.001299,0
0.002200,0.997800,1
0.000566,0.999434,1
0.997087,0.002913,0
0.999933,0.000067,0
0.002959,0.997041,1
0.000573,0.999427,1
0.000492,0.999508,1
0.000204,0.999796,1
0.001256,0.998744,1
0.000492,0.999508,1
0.001953,0.998047,1
0.998841,0.001159,0
0.998000,0.002000,0
0.000394,0.999606,1
0.996060,0.003940,0
0.000443,0.999557,1
0.000628,0.999372,1
0.000146,0.999854,1
0.999762,0.000238,0
0.999805,0.000195,0
0.992918,0.007082,0
0.000674,0.999326,1
0.999838,0.000162,0
0.000626,0.999374,1
0.000222,0.999778,1
0.000134,0.999866,1
0.000165,0.999835,1
0.001895,0.998105,1
0.999468,0.000532,0
0.998656,0.001344,0
0.000126,0.999874,1
0.000281,0.999719,1
0.000206,0.999794,1
0.000574,0.999426,1
0.996244,0.003756,0
0.000047,0.999953,1
0.999280,0.000720,0
0.006347,0.993653,1
0.998358,0.001642,0
0.999380,0.000620,0
0.999245,0.000755,0
0.002426,0.997574,1
0.000177,0.999823,1
0.998735,0.001265,0
0.000217,0.999783,1
0.999444,0.000556,0
0.000144,0.999856,1
0.001475,0.998525,1
0.999634,0.000366,0
0.999756,0.000244,0
0.999447,0.000553,0
0.012343,0.987657,1
0.999687,0.000313,0
0.000385,0.999615,1
0.998006,0.001994,0
0.999233,0.000767,0
0.998409,0.001591,0
0.000590,0.999410,1
0.997389,0.002611,0
0.999667,0.000333,0
0.992308,0.007692,0
0.001953,0.998047,1
0.999660,0.000340,0
0.000304,0.999696,1
0.000092,0.999908,1
0.994826,0.005174,0
0.999754,0.000246,0
0.002313,0.997687,1
0.000567,0.999433,1
0.001634,0.998366,1
0.998889,0.001111,0
0.000012,0.999988,1
0.000466,0.999534,1
0.999609,0.000391,0
0.000260,0.999740,1
0.999220,0.000780,0
0.999639,0.000361,0
0.999711,0.000289,0
0.999776,0.000224,0
0.999460,0.000540,0
0.999151,0.000849,0
0.000778,0.999222,1
0.999445,0.000555,0
0.998461,0.001539,0
0.001578,0.998422,1
0.999207,0.000793,0
0.999232,0.000768,0
0.000787,0.999213,1
0.006211,0.993789,1
0.000049,0.999951,1
0.000023,0.999977,1
0.003202,0.996798,1
0.999902,0.000098,0
0.000171,0.999829,1
0.994855,0.005145,0
0.000719,0.999281,1
0.000368,0.999632,1
0.999264,0.000736,0
0.999405,0.000595,0
0.999537,0.000463,0
0.998621,0.001379,0
0.995640,0.004360,0
0.999360,0.000640,0
0.000221,0.999779,1
0.999473,0.000527,0
0.007221,0.992779,1
0.000118,0.999882,1
0.998651,0.001349,0
0.999537,0.000463,0
0.000965,0.999035,1
0.998906,0.001094,0
0.000071,0.999929,1
0.001877,0.998123,1
0.000462,0.999538,1
0.998864,0.001136,0
0.996237,0.003763,0
0.001051,0.998949,1
0.999407,0.000593,0
0.999301,0.000699,0
0.001049,0.998951,1
0.015432,0.984568,1
0.001144,0.998856,1
0.999315,0.000685,0
0.001510,0.998490,1
0.005688,0.994312,1
0.000454,0.999546,1
0.999469,0.000531,0
0.000150,0.999850,1
0.001510,0.998490,1
0.997122,0.002878,0
0.000432,0.999568,1
0.000010,0.999990,1
0.999692,0.000308,0
0.000265,0.999735,1
0.000758,0.999242,1
0.001104,0.998896,1
0.001043,0.998957,1
0.000273,0.999727,1
0.999531,0.000469,0
0.000127,0.999873,1
0.003984,0.996016,1
0.999333,0.000667,0
0.999007,0.000993,0
0.000563,0.999437,1
0.000362,0.999638,1
0.000246,0.999754,1
0.000431,0.999569,1
0.999305,0.000695,0
0.999786,0.000214,0
0.003202,0.996798,1
0.000726,0.999274,1
0.999045,0.000955,0
0.000362,0.999638,1
0.000303,0.999697,1
0.999673,0.000327,0
0.000710,0.999290,1
0.999473,0.000527,0
0.999368,0.000632,0
0.001478,0.998522,1
0.000171,0.999829,1
0.000340,0.999660,1
0.000049,0.999951,1
0.999460,0.000540,0
0.001075,0.998925,1
0.999815,0.000185,0
0.987885,0.012115,0
0.999696,0.000304,0
0.000282,0.999718,1
0.002802,0.997198,1
0.999090,0.000910,0
0.999023,0.000977,0
0.000038,0.999962,1
0.000896,0.999104,1
0.998443,0.001557,0
0.000515,0.999485,1
0.998811,0.001189,0
0.999495,0.000505,0
0.000106,0.999894,1
0.012669,0.987331,1
0.000302,0.999698,1
0.999098,0.000902,0
0.000468,0.999532,1
0.998528,0.001472,0
0.999132,0.000868,0
0.998815,0.001185,0
0.000267,0.999733,1
0.016079,0.983921,1
0.001250,0.998750,1
0.000057,0.999943,1
0.000303,0.999697,1
0.000246,0.999754,1
0.999597,0.000403,0
0.999750,0.000250,0
0.000798,0.999202,1
0.999331,0.000669,0
0.000010,0.999990,1
0.001864,0.998136,1
0.000269,0.999731,1
0.000150,0.999850,1
0.000373,0.999627,1
0.999531,0.000469,0
0.000194,0.999806,1
0.000138,0.999862,1
0.000444,0.999556,1
0.000448,0.999552,1
0.001658,0.998342,1
0.000852,0.999148,1
0.000111,0.999889,1
0.000986,0.999014,1
0.000145,0.999855,1
0.000388,0.999612,1
0.999034,0.000966,0
0.000455,0.999545,1
0.000836,0.999164,1
0.999733,0.000267,0
0.999795,0.000205,0
0.999319,0.000681,0
0.999805,0.000195,0
0.000634,0.999366,1
0.999839,0.000161,0
0.000098,0.999902,1
0.999744,0.000256,0
0.999894,0.000106,0
0.999405,0.000595,0
0.998973,0.001027,0
0.998297,0.001703,0
0.001617,0.998383,1
0.000167,0.999833,1
0.000333,0.999667,1
0.000065,0.999935,1
0.000565,0.999435,1
0.000575,0.999425,1
0.996602,0.003398,0
0.000611,0.999389,1
0.998823,0.001177,0
0.995407,0.004593,0
0.999703,0.000297,0
0.000568,0.999432,1
0.999635,0.000365,0
0.999301,0.000699,0
0.000049,0.999951,1
0.990970,0.009030,0
0.999421,0.000579,0
0.998836,0.001164,0
0.000609,0.999391,1
0.998904,0.001096,0
0.000242,0.999758,1
0.000942,0.999058,1
0.998913,0.001087,0
0.998937,0.001063,0
0.000917,0.999083,1
0.000450,0.999550,1
0.999593,0.000407,0
0.999184,0.000816,0
0.999563,0.000437,0
0.000297,0.999703,1
0.999840,0.000160,0
0.000348,0.999652,1
0.000268,0.999732,1
0.003202,0.996798,1
0.998985,0.001015,0
0.000443,0.999557,1
0.897787,0.102213,0
0.002156,0.997844,1
0.989694,0.010306,0
0.999525,0.000475,0
0.999556,0.000444,0
0.007016,0.992984,1
0.000861,0.999139,1
0.001016,0.998984,1
0.001415,0.998585,1
0.999307,0.000693,0
0.000066,0.999934,1
0.000924,0.999076,1
0.999286,0.000714,0
0.998954,0.001046,0
0.001243,0.998757,1
0.999433,0.000567,0
0.000090,0.999910,1
0.999743,0.000257,0
0.000338,0.999662,1
0.000787,0.999213,1
0.995027,0.004973,0
0.999198,0.000802,0
0.000749,0.999251,1
0.999353,0.000647,0
0.000550,0.999450,1
0.000262,0.999738,1
0.999531,0.000469,0
0.000180,0.999820,1
0.000133,0.999867,1
0.998037,0.001963,0
0.000290,0.999710,1
0.998724,0.001276,0
0.999572,0.000428,0
0.998267,0.001733,0
0.000153,0.999847,1
0.000275,0.999725,1
0.000129,0.999871,1
0.999529,0.000471,0
0.001241,0.998759,1
0.000544,0.999456,1
0.000289,0.999711,1
0.000124,0.999876,1
0.998875,0.001125,0
0.998646,0.001354,0
0.000250,0.999750,1
0.998471,0.001529,0
0.999715,0.000285,0
0.001094,0.998906,1
0.001193,0.998807,1
0.001401,0.998599,1
0.001489,0.998511,1
0.000017,0.999983,1
0.001938,0.998062,1
0.000493,0.999507,1
0.007453,0.992547,1
0.999583,0.000417,0
0.998957,0.001043,0
0.000835,0.999165,1
0.001206,0.998794,1
0.000512,0.999488,1
0.000254,0.999746,1
0.001287,0.998713,1
0.004537,0.995463,1
0.998860,0.001140,0
0.000526,0.999474,1
0.000350,0.999650,1
0.000384,0.999616,1
0.999761,0.000239,0
0.000138,0.999862,1
0.999766,0.000234,0
0.001994,0.998006,1
0.001813,0.998187,1
0.999695,0.000305,0
0.999543,0.000457,0
0.000707,0.999293,1
0.005826,0.994174,1
0.997594,0.002406,0
0.000503,0.999497,1
0.998912,0.001088,0
0.999749,0.000251,0
0.998576,0.001424,0
0.000165,0.999835,1
0.001416,0.998584,1
0.000708,0.999292,1
0.000111,0.999889,1
0.998083,0.001917,0
0.996706,0.003294,0
0.000367,0.999633,1
0.999888,0.000112,0
0.000111,0.999889,1
0.003029,0.996971,1
0.998459,0.001541,0
0.001722,0.998278,1
0.998943,0.001057,0
0.001226,0.998774,1
0.999335,0.000665,0
0.001715,0.998285,1
0.000391,0.999609,1
0.000861,0.999139,1
0.000527,0.999473,1
0.001390,0.998610,1
0.992632,0.007368,0
0.000964,0.999036,1
0.000106,0.999894,1
0.001256,0.998744,1
0.000033,0.999967,1
0.998606,0.001394,0
0.000843,0.999157,1
0.001165,0.998835,1
0.001298,0.998702,1
0.000559,0.999441,1
0.000049,0.999951,1
0.000252,0.999748,1
0.997635,0.002365,0
0.000021,0.999979,1
0.001119,0.998881,1
0.000223,0.999777,1
0.999606,0.000394,0
0.000210,0.999790,1
0.000213,0.999787,1
0.003066,0.996934,1
0.000573,0.999427,1
0.000835,0.999165,1
0.000077,0.999923,1
0.999777,0.000223,0
0.998900,0.001100,0
0.997309,0.002691,0
0.002726,0.997274,1
0.999080,0.000920,0
0.000361,0.999639,1
0.999843,0.000157,0
0.999045,0.000955,0
0.004537,0.995463,1
0.000049,0.999951,1
0.999227,0.000773,0
0.000261,0.999739,1
0.001609,0.998391,1
0.998747,0.001253,0
0.999263,0.000737,0
0.000767,0.999233,1
0.999142,0.000858,0
0.999191,0.000809,0
0.000496,0.999504,1
0.000336,0.999664,1
0.000591,0.999409,1
0.999543,0.000457,0
0.000146,0.999854,1
0.000119,0.999881,1
0.999086,0.000914,0
0.000156,0.999844,1
0.000236,0.999764,1
0.000036,0.999964,1
0.000645,0.999355,1
0.000239,0.999761,1
0.999170,0.000830,0
0.999391,0.000609,0
0.001740,0.998260,1
0.998643,0.001357,0
0.999653,0.000347,0
0.995251,0.004749,0
0.999651,0.000349,0
0.996900,0.003100,0
0.000530,0.999470,1
0.998686,0.001314,0
0.999031,0.000969,0
0.998652,0.001348,0
0.001026,0.998974,1
0.000138,0.999862,1
0.999067,0.000933,0
0.999207,0.000793,0
0.999567,0.000433,0
0.999660,0.000340,0
0.001000,0.999000,1
0.000355,0.999645,1
0.000369,0.999631,1
0.000054,0.999946,1
0.000236,0.999764,1
0.000448,0.999552,1
0.999443,0.000557,0
0.999354,0.000646,0
0.000943,0.999057,1
0.999903,0.000097,0
0.003000,0.997000,1
0.998986,0.001014,0
0.000081,0.999919,1
0.999592,0.000408,0
0.000174,0.999826,1
0.000929,0.999071,1
0.999710,0.000290,0
0.000583,0.999417,1
0.000078,0.999922,1
0.999280,0.000720,0
0.999438,0.000562,0
0.998719,0.001281,0
0.000748,0.999252,1
0.999706,0.000294,0
0.002119,0.997881,1
0.000479,0.999521,1
0.008044,0.991956,1
0.000365,0.999635,1
0.000257,0.999743,1
0.000242,0.999758,1
0.000269,0.999731,1
0.000264,0.999736,1
0.001902,0.998098,1
0.003904,0.996096,1
0.000226,0.999774,1
0.999957,0.000043,0
0.999378,0.000622,0
0.000267,0.999733,1
0.001084,0.998916,1
0.998545,0.001455,0
0.999776,0.000224,0
0.001326,0.998674,1
0.002357,0.997643,1
0.003789,0.996211,1
0.000926,0.999074,1
0.000231,0.999769,1
0.998351,0.001649,0
0.001338,0.998662,1
0.996366,0.003634,0
0.999715,0.000285,0
0.000892,0.999108,1
0.999706,0.000294,0
0.997018,0.002982,0
0.000366,0.999634,1
0.999759,0.000241,0
0.999467,0.000533,0
0.999039,0.000961,0
0.999614,0.000386,0
0.000305,0.999695,1
0.001703,0.998297,1
0.000539,0.999461,1
0.003028,0.996972,1
0.000943,0.999057,1
0.000672,0.999328,1
0.999664,0.000336,0
0.000217,0.999783,1
0.000536,0.999464,1
0.000198,0.999802,1
0.998895,0.001105,0
0.000952,0.999048,1
0.000896,0.999104,1
0.998548,0.001452,0
0.999737,0.000263,0
0.998798,0.001202,0
0.000113,0.999887,1
0.000466,0.999534,1
0.997298,0.002702,0
0.000446,0.999554,1
0.000020,0.999980,1
0.000856,0.999144,1
0.995881,0.004119,0
0.997790,0.002210,0
0.999605,0.000395,0
0.999375,0.000625,0
0.000108,0.999892,1
0.000504,0.999496,1
0.000130,0.999870,1
0.000041,0.999959,1
0.004103,0.995897,1
0.999378,0.000622,0
0.002572,0.997428,1
0.999219,0.000781,0
0.000600,0.999400,1
0.000170,0.999830,1
0.998068,0.001932,0
0.009342,0.990658,1
0.000106,0.999894,1
0.000104,0.999896,1
0.999192,0.000808,0
0.002947,0.997053,1
0.999048,0.000952,0
0.998931,0.001069,0
0.998898,0.001102,0
0.001792,0.998208,1
0.999657,0.000343,0
0.999740,0.000260,0
0.000318,0.999682,1
0.000267,0.999733,1
0.999215,0.000785,0
0.002072,0.997928,1
0.001054,0.998946,1
0.000338,0.999662,1
0.000333,0.999667,1
0.999168,0.000832,0
0.999700,0.000300,0
0.000058,0.999942,1
0.982995,0.017005,0
0.001018,0.998982,1
0.000107,0.999893,1
0.999524,0.000476,0
0.000279,0.999721,1
0.001143,0.998857,1
0.999848,0.000152,0
0.000174,0.999826,1
0.000040,0.999960,1
0.999709,0.000291,0
0.978034,0.021966,0
0.999604,0.000396,0
0.000170,0.999830,1
0.999736,0.000264,0
0.999231,0.000769,0
0.998563,0.001437,0
0.999531,0.000469,0
0.000238,0.999762,1
0.999253,0.000747,0
0.000104,0.999896,1
0.000201,0.999799,1
0.000705,0.999295,1
0.000749,0.999251,1
0.994222,0.005778,0
0.000098,0.999902,1
0.000140,0.999860,1
0.000485,0.999515,1
0.001510,0.998490,1
0.000374,0.999626,1
0.000184,0.999816,1
0.000036,0.999964,1
0.000625,0.999375,1
0.999474,0.000526,0
0.999077,0.000923,0
0.000164,0.999836,1
0.001143,0.998857,1
0.000049,0.999951,1
0.999760,0.000240,0
0.003409,0.996591,1
0.999765,0.000235,0
0.000683,0.999317,1
0.999682,0.000318,0
0.998477,0.001523,0
0.948858,0.051142,0
0.000492,0.999508,1
0.999943,0.000057,0
0.000056,0.999944,1
0.000077,0.999923,1
0.999777,0.000223,0
0.000306,0.999694,1
0.001153,0.998847,1
0.999541,0.000459,0
0.000313,0.999687,1
0.001499,0.998501,1
0.997181,0.002819,0
0.000617,0.999383,1
0.000889,0.999111,1
0.000309,0.999691,1
0.999336,0.000664,0
0.001441,0.998559,1
0.003532,0.996468,1
0.002018,0.997982,1
0.999096,0.000904,0
0.000466,0.999534,1
0.999321,0.000679,0
0.000549,0.999451,1
0.000059,0.999941,1
0.005833,0.994167,1
0.000352,0.999648,1
0.987323,0.012677,0
0.003878,0.996122,1
0.000761,0.999239,1
0.001051,0.998949,1
0.999634,0.000366,0
0.000339,0.999661,1
0.999395,0.000605,0
0.000260,0.999740,1
0.999772,0.000228,0
0.996181,0.003819,0
0.000836,0.999164,1
0.001111,0.998889,1
0.000298,0.999702,1
0.998587,0.001413,0
0.000028,0.999972,1
0.000399,0.999601,1
0.999405,0.000595,0
0.998159,0.001841,0
0.999903,0.000097,0
0.000520,0.999480,1
0.000492,0.999508,1
0.000136,0.999864,1
0.000323,0.999677,1
0.999327,0.000673,0
0.000800,0.999200,1
0.998771,0.001229,0
0.999205,0.000795,0
0.000288,0.999712,1
0.000009,0.999991,1
0.997850,0.002150,0
0.780607,0.219393,0
0.000602,0.999398,1
0.999778,0.000222,0
0.000383,0.999617,1
0.000205,0.999795,1
0.999975,0.000025,0
0.999280,0.000720,0
0.999342,0.000658,0
0.000143,0.999857,1
0.004792,0.995208,1
0.000146,0.999854,1
0.001304,0.998696,1
0.993010,0.006990,0
0.000146,0.999854,1
0.999655,0.000345,0
0.994318,0.005682,0
0.001388,0.998612,1
0.999624,0.000376,0
0.001487,0.998513,1
0.000256,0.999744,1
0.000949,0.999051,1
0.999814,0.000186,0
0.000006,0.999994,1
0.000370,0.999630,1
0.997041,0.002959,0
0.000253,0.999747,1
0.000090,0.999910,1
0.999319,0.000681,0
0.999337,0.000663,0
0.000676,0.999324,1
0.000214,0.999786,1
0.000138,0.999862,1
0.999559,0.000441,0
0.998843,0.001157,0
0.000662,0.999338,1
0.999500,0.000500,0
0.999267,0.000733,0
0.000246,0.999754,1
0.999842,0.000158,0
0.999293,0.000707,0
0.000787,0.999213,1
0.000793,0.999207,1
0.000457,0.999543,1
0.999086,0.000914,0
0.000220,0.999780,1
0.996869,0.003131,0
0.001094,0.998906,1
0.000067,0.999933,1
0.000026,0.999974,1
0.000073,0.999927,1
0.000451,0.999549,1
0.000370,0.999630,1
0.000302,0.999698,1
0.998910,0.001090,0
0.998926,0.001074,0
0.999404,0.000596,0
0.000218,0.999782,1
0.999692,0.000308,0
0.999270,0.000730,0
0.000358,0.999642,1
0.995750,0.004250,0
0.999300,0.000700,0
0.001510,0.998490,1
0.000530,0.999470,1
0.000976,0.999024,1
0.000245,0.999755,1
0.003189,0.996811,1
0.998984,0.001016,0
0.998463,0.001537,0
0.000245,0.999755,1
0.997574,0.002426,0
0.000136,0.999864,1
0.999826,0.000174,0
0.000148,0.999852,1
0.999786,0.000214,0
0.998558,0.001442,0
0.998990,0.001010,0
0.000027,0.999973,1
0.999761,0.000239,0
0.003750,0.996250,1
0.000132,0.999868,1
0.001640,0.998360,1
0.999571,0.000429,0
0.999012,0.000988,0
0.987997,0.012003,0
0.000297,0.999703,1
0.004334,0.995666,1
0.000298,0.999702,1
0.001397,0.998603,1
0.000424,0.999576,1
0.995662,0.004338,0
0.997283,0.002717,0
0.999176,0.000824,0
0.001267,0.998733,1
0.002575,0.997425,1
0.999783,0.000217,0
0.000693,0.999307,1
0.000359,0.999641,1
0.000698,0.999302,1
0.000318,0.999682,1
0.998324,0.001676,0
0.003877,0.996123,1
0.000055,0.999945,1
0.997929,0.002071,0
0.990566,0.009434,0
0.999876,0.000124,0
0.997891,0.002109,0
0.000838,0.999162,1
0.000222,0.999778,1
0.999674,0.000326,0
0.995944,0.004056,0
0.999220,0.000780,0
0.000009,0.999991,1
0.999876,0.000124,0
0.001965,0.998035,1
0.000856,0.999144,1
0.999316,0.000684,0
0.999335,0.000665,0
0.998974,0.001026,0
0.998939,0.001061,0
0.002796,0.997204,1
0.999032,0.000968,0
0.000033,0.999967,1
0.999302,0.000698,0
0.999014,0.000986,0
0.000276,0.999724,1
0.000134,0.999866,1
0.001258,0.998742,1
0.999683,0.000317,0
0.000130,0.999870,1
0.999249,0.000751,0
0.000304,0.999696,1
0.998069,0.001931,0
0.000959,0.999041,1
0.000269,0.999731,1
0.999723,0.000277,0
0.000137,0.999863,1
0.000513,0.999487,1
0.002099,0.997901,1
0.999368,0.000632,0
0.000170,0.999830,1
0.000440,0.999560,1
0.000138,0.999862,1
0.996959,0.003041,0
0.002278,0.997722,1
0.001563,0.998437,1
0.000466,0.999534,1
0.999311,0.000689,0
0.999663,0.000337,0
0.998904,0.001096,0
0.997685,0.002315,0
0.000148,0.999852,1
0.000152,0.999848,1
0.000265,0.999735,1
0.999732,0.000268,0
0.999660,0.000340,0
0.998299,0.001701,0
0.001046,0.998954,1
0.992672,0.007328,0
0.000253,0.999747,1
0.000102,0.999898,1
0.003040,0.996960,1
0.000181,0.999819,1
0.000588,0.999412,1
0.999326,0.000674,0
0.997316,0.002684,0
0.000127,0.999873,1
0.001658,0.998342,1
0.999719,0.000281,0
0.000887,0.999113,1
0.003009,0.996991,1
0.997735,0.002265,0
0.998252,0.001748,0
0.002859,0.997141,1
0.998713,0.001287,0
0.002586,0.997414,1
0.999733,0.000267,0
0.000926,0.999074,1
0.999162,0.000838,0
0.999226,0.000774,0
0.998935,0.001065,0
0.001698,0.998302,1
0.000026,0.999974,1
0.999797,0.000203,0
0.000072,0.999928,1
0.000787,0.999213,1
0.999603,0.000397,0
0.999095,0.000905,0
0.000011,0.999989,1
0.000503,0.999497,1
0.001813,0.998187,1
0.001317,0.998683,1
0.997660,0.002340,0
0.000262,0.999738,1
0.999206,0.000794,0
0.000994,0.999006,1
0.999623,0.000377,0
0.999176,0.000824,0
0.000102,0.999898,1
0.999428,0.000572,0
0.000121,0.999879,1
0.000129,0.999871,1
0.000330,0.999670,1
0.000050,0.999950,1
0.999611,0.000389,0
0.000449,0.999551,1
0.999561,0.000439,0
0.000857,0.999143,1
0.000257,0.999743,1
0.998534,0.001466,0
0.002014,0.997986,1
0.999297,0.000703,0
0.000084,0.999916,1
0.989864,0.010136,0
0.000130,0.999870,1
0.000142,0.999858,1
0.999690,0.000310,0
0.998265,0.001735,0
0.000348,0.999652,1
0.994949,0.005051,0
0.999378,0.000622,0
0.001703,0.998297,1
0.002512,0.997488,1
0.000978,0.999022,1
0.000270,0.999730,1
0.000049,0.999951,1
0.999938,0.000062,0
0.000273,0.999727,1
0.995396,0.004604,0
0.002477,0.997523,1
0.000062,0.999938,1
0.004326,0.995674,1
0.000043,0.999957,1
0.999765,0.000235,0
0.981690,0.018310,0
0.999304,0.000696,0
0.000787,0.999213,1
0.000279,0.999721,1
0.999090,0.000910,0
0.999725,0.000275,0
0.000850,0.999150,1
0.999556,0.000444,0
0.000581,0.999419,1
0.000627,0.999373,1
0.000323,0.999677,1
0.999784,0.000216,0
0.999115,0.000885,0
0.999205,0.000795,0
0.000937,0.999063,1
0.000653,0.999347,1
0.000111,0.999889,1
0.001477,0.998523,1
0.999277,0.000723,0
0.000282,0.999718,1
0.000356,0.999644,1
0.011710,0.988290,1
0.000976,0.999024,1
0.000942,0.999058,1
0.000322,0.999678,1
0.000720,0.999280,1
0.001558,0.998442,1
0.000254,0.999746,1
0.999591,0.000409,0
0.999809,0.000191,0
0.000547,0.999453,1
0.998243,0.001757,0
0.999351,0.000649,0
0.999306,0.000694,0
0.999231,0.000769,0
0.000848,0.999152,1
0.000189,0.999811,1
0.999247,0.000753,0
0.000700,0.999300,1
0.000220,0.999780,1
0.000363,0.999637,1
0.999086,0.000914,0
0.999720,0.000280,0
0.000452,0.999548,1
0.999925,0.000075,0
0.000891,0.999109,1
0.000062,0.999938,1
0.001703,0.998297,1
0.998908,0.001092,0
0.998289,0.001711,0
0.999026,0.000974,0
0.999635,0.000365,0
0.999021,0.000979,0
0.998597,0.001403,0
0.001038,0.998962,1
0.000223,0.999777,1
0.998990,0.001010,0
0.998719,0.001281,0
0.012631,0.987369,1
0.003750,0.996250,1
0.999740,0.000260,0
0.001278,0.998722,1
0.000366,0.999634,1
0.999598,0.000402,0
0.000254,0.999746,1
0.999887,0.000113,0
0.999095,0.000905,0
0.000786,0.999214,1
0.999446,0.000554,0
0.001521,0.998479,1
0.997948,0.002052,0
0.998885,0.001115,0
0.999023,0.000977,0
0.999812,0.000188,0
0.998726,0.001274,0
0.998908,0.001092,0
0.001510,0.998490,1
0.000296,0.999704,1
0.998786,0.001214,0
0.998552,0.001448,0
0.001077,0.998923,1
0.001130,0.998870,1
0.997522,0.002478,0
0.998498,0.001502,0
0.998956,0.001044,0
0.001522,0.998478,1
0.998158,0.001842,0
0.001108,0.998892,1
0.999687,0.000313,0
0.999828,0.000172,0
0.004033,0.995967,1
0.999695,0.000305,0
0.998438,0.001562,0
0.000378,0.999622,1
0.001529,0.998471,1
0.999755,0.000245,0
0.001574,0.998426,1
0.000713,0.999287,1
0.000075,0.999925,1
0.000159,0.999841,1
0.000653,0.999347,1
0.999029,0.000971,0
0.999859,0.000141,0
0.000662,0.999338,1
0.999157,0.000843,0
0.998908,0.001092,0
0.999322,0.000678,0
0.999724,0.000276,0
0.003142,0.996858,1
0.001146,0.998854,1
0.999766,0.000234,0
0.999602,0.000398,0
0.000576,0.999424,1
0.999718,0.000282,0
0.000454,0.999546,1
0.000588,0.999412,1
0.001387,0.998613,1
0.000292,0.999708,1
0.000194,0.999806,1
0.998572,0.001428,0
0.000138,0.999862,1
0.998420,0.001580,0
0.000230,0.999770,1
0.000005,0.999995,1
0.001693,0.998307,1
0.000297,0.999703,1
0.002343,0.997657,1
0.000038,0.999962,1
0.000485,0.999515,1
0.000148,0.999852,1
0.998484,0.001516,0
0.000810,0.999190,1
0.000610,0.999390,1
0.998345,0.001655,0
0.000300,0.999700,1
0.000191,0.999809,1
0.000048,0.999952,1
0.999920,0.000080,0
0.998176,0.001824,0
0.999003,0.000997,0
0.000883,0.999117,1
0.000417,0.999583,1
0.000324,0.999676,1
0.000591,0.999409,1
0.001261,0.998739,1
0.004056,0.995944,1
0.997777,0.002223,0
0.999095,0.000905,0
0.003430,0.996570,1
0.999888,0.000112,0
0.999771,0.000229,0
0.000461,0.999539,1
0.002156,0.997844,1
0.000293,0.999707,1
0.999705,0.000295,0
0.998133,0.001867,0
0.000275,0.999725,1
0.998342,0.001658,0
0.000437,0.999563,1
0.000466,0.999534,1
0.001382,0.998618,1
0.002987,0.997013,1
0.000277,0.999723,1
0.003176,0.996824,1
0.002987,0.997013,1
0.992347,0.007653,0
0.999213,0.000787,0
0.020973,0.979027,1
0.000128,0.999872,1
0.999779,0.000221,0
0.000047,0.999953,1
0.999414,0.000586,0
0.000300,0.999700,1
0.999468,0.000532,0
0.000182,0.999818,1
0.000144,0.999856,1
0.997850,0.002150,0
0.000316,0.999684,1
0.999744,0.000256,0
0.000300,0.999700,1
0.000206,0.999794,1
0.000756,0.999244,1
0.999089,0.000911,0
0.000048,0.999952,1
0.124961,0.875039,1
0.000395,0.999605,1
0.000045,0.999955,1
0.998617,0.001383,0
0.999431,0.000569,0
0.999325,0.000675,0
0.000644,0.999356,1
0.998910,0.001090,0
0.000477,0.999523,1
0.000160,0.999840,1
0.000159,0.999841,1
0.000605,0.999395,1
0.000029,0.999971,1
0.996101,0.003899,0
0.000348,0.999652,1
0.999639,0.000361,0
0.000892,0.999108,1
0.002004,0.997996,1
0.000298,0.999702,1
0.000856,0.999144,1
0.999068,0.000932,0
0.999809,0.000191,0
0.000513,0.999487,1
0.000160,0.999840,1
0.000714,0.999286,1
0.999365,0.000635,0
0.996887,0.003113,0
0.999871,0.000129,0
0.001050,0.998950,1
0.000710,0.999290,1
0.000095,0.999905,1
0.999435,0.000565,0
0.000635,0.999365,1
0.999715,0.000285,0
0.001326,0.998674,1
0.000376,0.999624,1
0.000037,0.999963,1
0.005692,0.994308,1
0.999824,0.000176,0
0.002180,0.997820,1
0.001347,0.998653,1
0.998301,0.001699,0
0.000287,0.999713,1
0.998077,0.001923,0
0.999797,0.000203,0
0.001457,0.998543,1
0.998050,0.001950,0
0.008230,0.991770,1
0.992181,0.007819,0
0.902370,0.097630,0
0.001763,0.998237,1
0.999567,0.000433,0
0.000302,0.999698,1
0.001126,0.998874,1
0.000342,0.999658,1
0.998332,0.001668,0
0.998463,0.001537,0
0.000129,0.999871,1
0.000028,0.999972,1
0.999190,0.000810,0
0.999336,0.000664,0
0.000504,0.999496,1
0.999833,0.000167,0
0.999176,0.000824,0
0.000137,0.999863,1
0.000225,0.999775,1
0.000164,0.999836,1
0.000705,0.999295,1
0.999440,0.000560,0
0.000542,0.999458,1
0.000136,0.999864,1
0.999772,0.000228,0
0.001444,0.998556,1
0.001743,0.998257,1
0.000057,0.999943,1
0.012373,0.987627,1
0.000298,0.999702,1
0.999513,0.000487,0
0.998870,0.001130,0
0.000148,0.999852,1
0.998964,0.001036,0
0.001258,0.998742,1
0.999848,0.000152,0
0.000047,0.999953,1
0.000523,0.999477,1
0.000565,0.999435,1
0.053628,0.946372,1
0.999765,0.000235,0
0.000579,0.999421,1
0.000748,0.999252,1
0.000210,0.999790,1
0.003332,0.996668,1
0.000405,0.999595,1
0.997459,0.002541,0
0.003889,0.996111,1
0.999066,0.000934,0
0.000371,0.999629,1
0.988593,0.011407,0
0.001475,0.998525,1
0.000469,0.999531,1
0.000300,0.999700,1
0.000569,0.999431,1
0.997167,0.002833,0
0.987905,0.012095,0
0.998632,0.001368,0
0.000494,0.999506,1
0.999540,0.000460,0
0.995697,0.004303,0
0.997360,0.002640,0
0.000033,0.999967,1
0.001386,0.998614,1
0.001649,0.998351,1
0.999577,0.000423,0
0.000059,0.999941,1
0.997544,0.002456,0
0.000930,0.999070,1
0.000221,0.999779,1
0.999083,0.000917,0
0.999236,0.000764,0
0.000093,0.999907,1
0.999843,0.000157,0
0.999405,0.000595,0
0.996336,0.003664,0
0.000281,0.999719,1
0.000101,0.999899,1
0.000129,0.999871,1
0.000980,0.999020,1
0.000170,0.999830,1
0.999484,0.000516,0
0.998624,0.001376,0
0.998837,0.001163,0
0.998286,0.001714,0
0.000593,0.999407,1
0.998787,0.001213,0
0.000138,0.999862,1
0.000024,0.999976,1
0.000997,0.999003,1
0.001715,0.998285,1
0.000366,0.999634,1
0.000799,0.999201,1
0.994278,0.005722,0
0.998409,0.001591,0
0.001013,0.998987,1
0.999635,0.000365,0
0.998414,0.001586,0
0.000442,0.999558,1
0.001500,0.998500,1
0.000555,0.999445,1
0.000325,0.999675,1
0.999896,0.000104,0
0.000605,0.999395,1
0.999881,0.000119,0
0.001182,0.998818,1
0.999891,0.000109,0
0.998092,0.001908,0
0.000017,0.999983,1
0.999618,0.000382,0
0.012349,0.987651,1
0.001510,0.998490,1
0.001506,0.998494,1
0.000079,0.999921,1
0.000779,0.999221,1
0.000165,0.999835,1
0.000254,0.999746,1
0.999630,0.000370,0
0.999538,0.000462,0
0.000278,0.999722,1
0.000917,0.999083,1
0.000183,0.999817,1
0.000071,0.999929,1
0.000986,0.999014,1
0.998860,0.001140,0
0.004133,0.995867,1
0.999284,0.000716,0
0.999762,0.000238,0
0.999672,0.000328,0
0.999266,0.000734,0
0.000606,0.999394,1
0.999590,0.000410,0
0.998090,0.001910,0
0.999642,0.000358,0
0.000105,0.999895,1
0.998470,0.001530,0
0.001248,0.998752,1
0.999677,0.000323,0
0.999149,0.000851,0
0.024603,0.975397,1
0.999744,0.000256,0
0.998244,0.001756,0
0.998760,0.001240,0
0.998500,0.001500,0
0.000457,0.999543,1
0.000170,0.999830,1
0.000440,0.999560,1
0.000529,0.999471,1
0.999340,0.000660,0
0.998719,0.001281,0
0.000037,0.999963,1
0.000282,0.999718,1
0.001657,0.998343,1
0.999659,0.000341,0
0.000365,0.999635,1
0.000417,0.999583,1
0.000162,0.999838,1
0.001347,0.998653,1
0.000469,0.999531,1
0.003812,0.996188,1
0.000030,0.999970,1
0.999230,0.000770,0
0.001224,0.998776,1
0.003168,0.996832,1
0.998379,0.001621,0
0.999770,0.000230,0
0.001321,0.998679,1
0.998792,0.001208,0
0.999030,0.000970,0
0.999715,0.000285,0
0.000206,0.999794,1
0.000802,0.999198,1
0.001551,0.998449,1
0.000056,0.999944,1
0.001045,0.998955,1
0.999665,0.000335,0
0.001178,0.998822,1
0.970968,0.029032,0
0.001040,0.998960,1
0.000289,0.999711,1
0.000407,0.999593,1
0.000054,0.999946,1
0.000185,0.999815,1
0.000673,0.999327,1
0.000040,0.999960,1
0.000942,0.999058,1
0.000143,0.999857,1
0.000589,0.999411,1
0.998381,0.001619,0
0.998473,0.001527,0
0.000195,0.999805,1
0.000153,0.999847,1
0.000186,0.999814,1
0.000182,0.999818,1
0.998943,0.001057,0
0.999146,0.000854,0
0.999185,0.000815,0
0.998981,0.001019,0
0.000798,0.999202,1
0.000048,0.999952,1
0.001614,0.998386,1
0.000102,0.999898,1
0.997698,0.002302,0
0.003991,0.996009,1
0.000164,0.999836,1
0.999346,0.000654,0
0.998907,0.001093,0
0.000715,0.999285,1
0.000049,0.999951,1
0.997551,0.002449,0
0.000282,0.999718,1
0.999059,0.000941,0
0.000409,0.999591,1
0.000889,0.999111,1
0.000463,0.999537,1
0.999219,0.000781,0
0.998756,0.001244,0
0.000140,0.999860,1
0.001747,0.998253,1
0.998960,0.001040,0
0.000850,0.999150,1
0.000397,0.999603,1
0.000800,0.999200,1
0.000065,0.999935,1
0.019232,0.980768,1
0.998404,0.001596,0
0.002733,0.997267,1
0.999535,0.000465,0
0.999797,0.000203,0
0.001145,0.998855,1
0.997376,0.002624,0
0.998646,0.001354,0
0.001936,0.998064,1
0.000124,0.999876,1
0.000392,0.999608,1
0.999768,0.000232,0
0.999374,0.000626,0
0.001890,0.998110,1
0.989694,0.010306,0
0.996819,0.003181,0
0.000194,0.999806,1
0.998745,0.001255,0
0.998736,0.001264,0
0.003059,0.996941,1
0.000105,0.999895,1
0.997564,0.002436,0
0.999661,0.000339,0
0.003546,0.996454,1
0.996154,0.003846,0
0.999790,0.000210,0
0.006211,0.993789,1
0.999764,0.000236,0
0.008086,0.991914,1
0.999839,0.000161,0
0.001866,0.998134,1
0.999026,0.000974,0
0.001149,0.998851,1
0.002096,0.997904,1
0.000227,0.999773,1
0.999785,0.000215,0
0.000683,0.999317,1
0.999231,0.000769,0
0.998063,0.001937,0
0.000255,0.999745,1
0.999466,0.000534,0
0.999794,0.000206,0
0.001006,0.998994,1
0.997374,0.002626,0
0.988346,0.011654,0
0.999665,0.000335,0
0.001178,0.998822,1
0.999297,0.000703,0
0.000041,0.999959,1
0.999179,0.000821,0
0.999780,0.000220,0
0.000281,0.999719,1
0.999689,0.000311,0
0.000683,0.999317,1
0.000090,0.999910,1
0.999374,0.000626,0
0.000703,0.999297,1
0.998888,0.001112,0
0.000294,0.999706,1
0.999622,0.000378,0
0.999804,0.000196,0
0.999221,0.000779,0
0.000616,0.999384,1
0.000803,0.999197,1
0.000620,0.999380,1
0.999405,0.000595,0
0.000707,0.999293,1
0.000593,0.999407,1
0.000986,0.999014,1
0.999659,0.000341,0
0.001047,0.998953,1
0.000072,0.999928,1
0.998360,0.001640,0
0.001577,0.998423,1
0.012881,0.987119,1
0.999742,0.000258,0
0.999564,0.000436,0
0.998617,0.001383,0
0.999439,0.000561,0
0.000172,0.999828,1
0.000657,0.999343,1
0.000244,0.999756,1
0.001537,0.998463,1
0.999629,0.000371,0
0.999852,0.000148,0
0.998545,0.001455,0
0.000312,0.999688,1
0.000152,0.999848,1
0.999749,0.000251,0
0.999305,0.000695,0
0.999360,0.000640,0
0.989471,0.010529,0
0.999565,0.000435,0
0.999971,0.000029,0
0.998744,0.001256,0
0.998191,0.001809,0
0.000269,0.999731,1
0.999620,0.000380,0
0.999687,0.000313,0
0.998005,0.001995,0
0.000526,0.999474,1
0.999619,0.000381,0
0.999252,0.000748,0
0.999395,0.000605,0
0.998461,0.001539,0
0.999859,0.000141,0
0.991805,0.008195,0
0.999430,0.000570,0
0.000604,0.999396,1
0.000114,0.999886,1
0.002190,0.997810,1
0.998991,0.001009,0
0.002483,0.997517,1
0.000007,0.999993,1
0.000955,0.999045,1
0.999943,0.000057,0
0.020110,0.979890,1
0.000273,0.999727,1
0.000832,0.999168,1
0.996165,0.003835,0
0.001802,0.998198,1
0.998332,0.001668,0
0.999901,0.000099,0
0.000134,0.999866,1
0.000993,0.999007,1
0.000580,0.999420,1
0.999726,0.000274,0
0.000008,0.999992,1
0.999656,0.000344,0
0.007449,0.992551,1
0.997298,0.002702,0
0.999749,0.000251,0
0.998964,0.001036,0
0.999030,0.000970,0
0.000221,0.999779,1
0.999727,0.000273,0
0.000512,0.999488,1
0.000883,0.999117,1
0.000303,0.999697,1
0.999578,0.000422,0
0.001241,0.998759,1
0.999092,0.000908,0
0.000250,0.999750,1
0.000033,0.999967,1
0.001389,0.998611,1
0.001909,0.998091,1
0.008303,0.991697,1
0.000066,0.999934,1
0.999564,0.000436,0
0.001425,0.998575,1
0.000041,0.999959,1
0.000093,0.999907,1
0.000084,0.999916,1
0.000374,0.999626,1
0.000211,0.999789,1
0.000221,0.999779,1
0.000264,0.999736,1
0.999843,0.000157,0
0.013849,0.986151,1
0.001337,0.998663,1
0.000211,0.999789,1
0.998521,0.001479,0
0.001241,0.998759,1
0.999834,0.000166,0
0.998735,0.001265,0
0.000799,0.999201,1
0.000084,0.999916,1
0.000801,0.999199,1
0.997749,0.002251,0
0.999450,0.000550,0
0.000528,0.999472,1
0.000750,0.999250,1
0.000350,0.999650,1
0.000135,0.999865,1
0.998096,0.001904,0
0.001077,0.998923,1
0.999877,0.000123,0
0.999335,0.000665,0
0.997382,0.002618,0
0.999534,0.000466,0
0.998597,0.001403,0
0.999441,0.000559,0
0.000413,0.999587,1
0.000366,0.999634,1
0.999295,0.000705,0
0.000813,0.999187,1
0.999820,0.000180,0
0.998337,0.001663,0
0.000213,0.999787,1
0.000206,0.999794,1
0.000479,0.999521,1
0.998250,0.001750,0
0.000292,0.999708,1
0.999692,0.000308,0
0.000153,0.999847,1
0.000358,0.999642,1
0.999420,0.000580,0
0.000220,0.999780,1
0.000255,0.999745,1
0.000289,0.999711,1
0.000137,0.999863,1
0.003027,0.996973,1
0.997649,0.002351,0
0.998820,0.001180,0
0.999828,0.000172,0
0.001178,0.998822,1
0.999474,0.000526,0
0.999138,0.000862,0
0.003421,0.996579,1
0.000033,0.999967,1
0.999093,0.000907,0
0.000220,0.999780,1
0.999611,0.000389,0
0.998202,0.001798,0
0.996990,0.003010,0
0.999756,0.000244,0
0.999677,0.000323,0
0.999430,0.000570,0
0.000297,0.999703,1
0.995534,0.004466,0
0.999067,0.000933,0
0.001507,0.998493,1
0.000530,0.999470,1
0.997984,0.002016,0
0.998938,0.001062,0
0.999464,0.000536,0
0.000213,0.999787,1
0.000763,0.999237,1
0.999924,0.000076,0
0.998484,0.001516,0
0.997855,0.002145,0
0.998651,0.001349,0
0.000248,0.999752,1
0.999348,0.000652,0
0.999239,0.000761,0
0.001938,0.998062,1
0.000197,0.999803,1
0.001438,0.998562,1
0.000562,0.999438,1
0.999717,0.000283,0
0.000167,0.999833,1
0.000387,0.999613,1
0.001337,0.998663,1
0.998938,0.001062,0
0.000200,0.999800,1
0.008523,0.991477,1
0.001513,0.998487,1
0.000565,0.999435,1
0.000155,0.999845,1
0.999843,0.000157,0
0.000264,0.999736,1
0.999303,0.000697,0
0.999620,0.000380,0
0.999429,0.000571,0
0.000376,0.999624,1
0.999557,0.000443,0
0.999270,0.000730,0
0.003357,0.996643,1
0.000926,0.999074,1
0.001838,0.998162,1
0.999634,0.000366,0
0.001075,0.998925,1
0.998861,0.001139,0
0.992273,0.007727,0
0.000093,0.999907,1
0.999753,0.000247,0
0.998858,0.001142,0
0.999280,0.000720,0
0.000303,0.999697,1
0.000160,0.999840,1
0.000105,0.999895,1
0.999832,0.000168,0
0.999432,0.000568,0
0.000108,0.999892,1
0.999085,0.000915,0
0.998784,0.001216,0
0.001145,0.998855,1
0.998833,0.001167,0
0.999314,0.000686,0
0.999587,0.000413,0
0.000155,0.999845,1
0.004030,0.995970,1
0.000705,0.999295,1
0.996274,0.003726,0
0.000630,0.999370,1
0.998597,0.001403,0
0.000022,0.999978,1
0.001107,0.998893,1
0.000433,0.999567,1
0.000879,0.999121,1
0.999730,0.000270,0
0.000553,0.999447,1
0.000372,0.999628,1
0.000371,0.999629,1
0.001138,0.998862,1
0.999352,0.000648,0
0.999609,0.000391,0
0.000286,0.999714,1
0.000468,0.999532,1
0.004670,0.995330,1
0.999611,0.000389,0
0.998885,0.001115,0
0.998411,0.001589,0
0.000049,0.999951,1
0.000429,0.999571,1
0.000671,0.999329,1
0.001353,0.998647,1
0.000178,0.999822,1
0.000262,0.999738,1
0.001228,0.998772,1
0.001132,0.998868,1
0.000081,0.999919,1
0.999492,0.000508,0
0.999745,0.000255,0
0.002129,0.997871,1
0.999249,0.000751,0
0.000959,0.999041,1
0.999557,0.000443,0
0.998625,0.001375,0
0.001510,0.998490,1
0.000063,0.999937,1
0.000363,0.999637,1
0.001516,0.998484,1
0.999484,0.000516,0
0.000511,0.999489,1
0.988119,0.011881,0
0.999027,0.000973,0
0.999735,0.000265,0
0.999512,0.000488,0
0.003461,0.996539,1
0.001771,0.998229,1
0.999280,0.000720,0
0.000085,0.999915,1
0.998651,0.001349,0
0.000502,0.999498,1
0.000144,0.999856,1
0.998303,0.001697,0
0.999657,0.000343,0
0.003871,0.996129,1
0.000373,0.999627,1
0.002355,0.997645,1
0.999681,0.000319,0
0.000821,0.999179,1
0.999734,0.000266,0
0.000496,0.999504,1
0.000635,0.999365,1
0.001244,0.998756,1
0.995738,0.004262,0
0.998969,0.001031,0
0.001504,0.998496,1
0.004496,0.995504,1
0.000360,0.999640,1
0.993398,0.006602,0
0.000471,0.999529,1
0.998987,0.001013,0
0.999599,0.000401,0
0.000278,0.999722,1
0.999249,0.000751,0
0.000226,0.999774,1
0.001831,0.998169,1
0.996864,0.003136,0
0.989147,0.010853,0
0.999115,0.000885,0
0.997803,0.002197,0
0.999639,0.000361,0
0.003425,0.996575,1
0.000528,0.999472,1
0.000024,0.999976,1
0.999687,0.000313,0
0.001429,0.998571,1
0.999736,0.000264,0
0.999696,0.000304,0
0.000608,0.999392,1
0.000081,0.999919,1
0.999836,0.000164,0
0.000238,0.999762,1
0.999018,0.000982,0
0.999164,0.000836,0
0.000871,0.999129,1
0.998694,0.001306,0
0.998808,0.001192,0
0.001384,0.998616,1
0.001436,0.998564,1
0.000306,0.999694,1
0.999486,0.000514,0
0.000209,0.999791,1
0.000284,0.999716,1
0.000011,0.999989,1
0.998815,0.001185,0
0.003362,0.996638,1
0.998806,0.001194,0
0.999775,0.000225,0
0.001927,0.998073,1
0.000372,0.999628,1
0.999014,0.000986,0
0.999050,0.000950,0
0.999717,0.000283,0
0.999661,0.000339,0
0.000252,0.999748,1
0.000329,0.999671,1
0.999068,0.000932,0
0.999162,0.000838,0
0.998396,0.001604,0
0.002018,0.997982,1
0.000053,0.999947,1
0.999018,0.000982,0
0.000026,0.999974,1
0.000269,0.999731,1
0.000144,0.999856,1
0.999204,0.000796,0
0.996643,0.003357,0
0.000033,0.999967,1
0.999838,0.000162,0
0.999655,0.000345,0
0.000385,0.999615,1
0.999224,0.000776,0
0.000783,0.999217,1
0.999607,0.000393,0
0.998063,0.001937,0
0.999695,0.000305,0
0.998872,0.001128,0
0.000034,0.999966,1
0.998622,0.001378,0
0.000049,0.999951,1
0.998255,0.001745,0
0.000374,0.999626,1
0.000806,0.999194,1
0.999284,0.000716,0
0.000141,0.999859,1
0.000215,0.999785,1
0.999892,0.000108,0
0.001813,0.998187,1
0.000355,0.999645,1
0.002237,0.997763,1
0.999791,0.000209,0
0.001190,0.998810,1
0.000181,0.999819,1
0.998332,0.001668,0
0.006255,0.993745,1
0.999635,0.000365,0
0.998609,0.001391,0
0.000049,0.999951,1
0.000727,0.999273,1
0.000607,0.999393,1
0.000408,0.999592,1
0.999807,0.000193,0
0.000798,0.999202,1
0.000222,0.999778,1
0.000356,0.999644,1
0.998835,0.001165,0
0.000433,0.999567,1
0.999252,0.000748,0
0.997934,0.002066,0
0.998480,0.001520,0
0.999659,0.000341,0
0.999129,0.000871,0
0.000244,0.999756,1
0.999550,0.000450,0
0.999658,0.000342,0
0.000959,0.999041,1
0.005877,0.994123,1
0.999288,0.000712,0
0.000135,0.999865,1
0.002882,0.997118,1
0.001296,0.998704,1
0.001241,0.998759,1
0.999263,0.000737,0
0.000063,0.999937,1
0.002620,0.997380,1
0.001510,0.998490,1
0.999439,0.000561,0
0.000033,0.999967,1
0.002825,0.997175,1
0.998296,0.001704,0
0.995738,0.004262,0
0.000602,0.999398,1
0.000517,0.999483,1
0.002290,0.997710,1
0.000343,0.999657,1
0.001355,0.998645,1
0.000455,0.999545,1
0.999448,0.000552,0
0.000755,0.999245,1
0.996336,0.003664,0
0.000905,0.999095,1
0.000212,0.999788,1
0.002263,0.997737,1
0.999051,0.000949,0
0.000150,0.999850,1
0.000144,0.999856,1
0.997648,0.002352,0
0.999008,0.000992,0
0.998914,0.001086,0
0.000297,0.999703,1
0.004068,0.995932,1
0.998398,0.001602,0
0.999516,0.000484,0
0.998440,0.001560,0
0.002563,0.997437,1
0.997345,0.002655,0
0.998583,0.001417,0
0.998694,0.001306,0
0.000039,0.999961,1
0.001352,0.998648,1
0.999211,0.000789,0
0.000166,0.999834,1
0.000052,0.999948,1
0.000950,0.999050,1
0.000664,0.999336,1
0.000089,0.999911,1
0.998805,0.001195,0
0.000140,0.999860,1
0.999460,0.000540,0
0.000047,0.999953,1
0.999684,0.000316,0
0.000388,0.999612,1
0.000599,0.999401,1
0.996585,0.003415,0
0.998296,0.001704,0
0.000844,0.999156,1
0.999524,0.000476,0
0.001058,0.998942,1
0.999008,0.000992,0
0.999284,0.000716,0
0.000419,0.999581,1
0.000019,0.999981,1
0.997950,0.002050,0
0.001266,0.998734,1
0.003763,0.996237,1
0.000216,0.999784,1
0.998463,0.001537,0
0.001233,0.998767,1
0.002854,0.997146,1
0.000256,0.999744,1
0.000341,0.999659,1
0.999624,0.000376,0
0.002068,0.997932,1
0.001125,0.998875,1
0.000155,0.999845,1
0.000703,0.999297,1
0.001785,0.998215,1
0.001798,0.998202,1
0.000018,0.999982,1
0.999030,0.000970,0
0.000777,0.999223,1
0.999844,0.000156,0
0.998571,0.001429,0
0.999578,0.000422,0
0.001017,0.998983,1
0.004643,0.995357,1
0.002634,0.997366,1
0.999566,0.000434,0
0.000776,0.999224,1
0.999353,0.000647,0
0.000404,0.999596,1
0.000886,0.999114,1
0.000054,0.999946,1
0.000149,0.999851,1
0.999623,0.000377,0
0.000213,0.999787,1
0.998852,0.001148,0
0.000810,0.999190,1
0.000393,0.999607,1
0.000035,0.999965,1
0.000847,0.999153,1
0.999018,0.000982,0
0.997950,0.002050,0
0.000061,0.999939,1
0.001133,0.998867,1
0.998876,0.001124,0
0.000107,0.999893,1
0.998704,0.001296,0
0.001183,0.998817,1
0.001457,0.998543,1
0.999675,0.000325,0
0.998479,0.001521,0
0.987692,0.012308,0
0.999205,0.000795,0
0.009722,0.990278,1
0.000487,0.999513,1
0.000922,0.999078,1
0.999493,0.000507,0
0.000009,0.999991,1
0.998279,0.001721,0
0.003458,0.996542,1
0.000392,0.999608,1
0.000299,0.999701,1
0.000046,0.999954,1
0.001029,0.998971,1
0.999745,0.000255,0
0.999925,0.000075,0
0.999511,0.000489,0
0.006252,0.993748,1
0.998475,0.001525,0
0.000086,0.999914,1
0.000595,0.999405,1
0.998332,0.001668,0
0.998870,0.001130,0
0.999590,0.000410,0
0.999063,0.000937,0
0.002062,0.997938,1
0.000947,0.999053,1
0.999931,0.000069,0
0.998965,0.001035,0
0.999154,0.000846,0
0.997800,0.002200,0
0.999744,0.000256,0
0.000089,0.999911,1
0.998763,0.001237,0
0.000201,0.999799,1
0.999525,0.000475,0
0.999307,0.000693,0
0.001683,0.998317,1
0.000357,0.999643,1
0.999753,0.000247,0
0.002126,0.997874,1
0.001245,0.998755,1
0.999109,0.000891,0
0.999839,0.000161,0
0.000049,0.999951,1
0.999812,0.000188,0
0.000355,0.999645,1
0.004762,0.995238,1
0.001917,0.998083,1
0.001435,0.998565,1
0.000457,0.999543,1
0.000147,0.999853,1
0.999007,0.000993,0
0.996303,0.003697,0
0.000293,0.999707,1
0.000484,0.999516,1
0.007453,0.992547,1
0.999584,0.000416,0
0.000059,0.999941,1
0.000767,0.999233,1
0.999692,0.000308,0
0.997035,0.002965,0
0.999154,0.000846,0
0.996878,0.003122,0
0.999602,0.000398,0
0.000257,0.999743,1
0.997802,0.002198,0
0.000478,0.999522,1
0.999353,0.000647,0
0.999495,0.000505,0
0.998580,0.001420,0
0.999315,0.000685,0
0.998867,0.001133,0
0.000358,0.999642,1
0.997920,0.002080,0
0.998684,0.001316,0
0.000059,0.999941,1
0.999257,0.000743,0
0.002824,0.997176,1
0.000772,0.999228,1
0.997346,0.002654,0
0.994983,0.005017,0
0.001194,0.998806,1
0.002798,0.997202,1
0.998526,0.001474,0
0.999811,0.000189,0
0.997955,0.002045,0
0.999679,0.000321,0
0.000397,0.999603,1
0.000777,0.999223,1
0.995673,0.004327,0
0.999616,0.000384,0
0.000544,0.999456,1
0.995388,0.004612,0
0.999680,0.000320,0
0.999349,0.000651,0
0.999522,0.000478,0
0.000161,0.999839,1
0.001077,0.998923,1
0.999409,0.000591,0
0.005299,0.994701,1
0.999666,0.000334,0
0.000262,0.999738,1
0.008354,0.991646,1
0.000660,0.999340,1
0.002426,0.997574,1
0.999251,0.000749,0
0.999305,0.000695,0
0.997943,0.002057,0
0.993539,0.006461,0
0.998913,0.001087,0
0.000262,0.999738,1
0.999647,0.000353,0
0.999651,0.000349,0
0.001256,0.998744,1
0.000026,0.999974,1
0.998050,0.001950,0
0.999214,0.000786,0
0.001533,0.998467,1
0.000384,0.999616,1
0.992419,0.007581,0
0.999609,0.000391,0
0.000487,0.999513,1
0.000867,0.999133,1
0.000074,0.999926,1
0.999539,0.000461,0
0.999399,0.000601,0
0.000240,0.999760,1
0.001409,0.998591,1
0.000297,0.999703,1
0.999737,0.000263,0
0.000080,0.999920,1
0.000838,0.999162,1
0.001188,0.998812,1
0.999607,0.000393,0
0.000022,0.999978,1
0.961579,0.038421,0
0.999326,0.000674,0
0.000806,0.999194,1
0.000164,0.999836,1
0.999880,0.000120,0
0.998933,0.001067,0
0.999242,0.000758,0
0.999205,0.000795,0
0.000016,0.999984,1
0.997986,0.002014,0
0.000387,0.999613,1
0.996605,0.003395,0
0.000240,0.999760,1
0.000137,0.999863,1
0.000068,0.999932,1
0.000653,0.999347,1
0.999388,0.000612,0
0.999888,0.000112,0
0.998823,0.001177,0
0.998097,0.001903,0
0.000019,0.999981,1
0.000103,0.999897,1
0.000252,0.999748,1
0.001165,0.998835,1
0.000488,0.999512,1
0.999894,0.000106,0
0.000058,0.999942,1
0.998190,0.001810,0
0.997505,0.002495,0
0.999811,0.000189,0
0.000600,0.999400,1
0.999710,0.000290,0
0.000070,0.999930,1
0.999398,0.000602,0
0.997341,0.002659,0
0.001846,0.998154,1
0.000668,0.999332,1
0.001552,0.998448,1
0.000715,0.999285,1
0.000161,0.999839,1
0.999551,0.000449,0
0.999456,0.000544,0
0.999784,0.000216,0
0.000322,0.999678,1
0.998500,0.001500,0
0.000330,0.999670,1
0.000441,0.999559,1
0.999280,0.000720,0
0.999715,0.000285,0
0.000366,0.999634,1
0.000683,0.999317,1
0.998778,0.001222,0
0.000201,0.999799,1
0.997270,0.002730,0
0.998251,0.001749,0
0.001275,0.998725,1
0.999476,0.000524,0
0.000494,0.999506,1
0.000588,0.999412,1
0.999877,0.000123,0
0.000333,0.999667,1
0.998580,0.001420,0
0.002668,0.997332,1
0.001925,0.998075,1
0.998952,0.001048,0
0.999681,0.000319,0
0.999839,0.000161,0
0.999660,0.000340,0
0.000107,0.999893,1
0.000218,0.999782,1
0.992456,0.007544,0
0.008990,0.991010,1
0.001510,0.998490,1
0.000084,0.999916,1
0.997733,0.002267,0
0.987510,0.012490,0
0.000556,0.999444,1
0.001702,0.998298,1
0.000559,0.999441,1
0.998986,0.001014,0
0.000159,0.999841,1
0.000370,0.999630,1
0.000445,0.999555,1
0.999896,0.000104,0
0.998263,0.001737,0
0.997294,0.002706,0
0.999719,0.000281,0
0.004212,0.995788,1
0.995657,0.004343,0
0.001321,0.998679,1
0.000058,0.999942,1
0.999029,0.000971,0
0.999593,0.000407,0
0.999515,0.000485,0
0.000082,0.999918,1
0.000224,0.999776,1
0.999387,0.000613,0
0.997993,0.002007,0
0.999720,0.000280,0
0.001361,0.998639,1
0.002046,0.997954,1
0.000162,0.999838,1
0.000140,0.999860,1
0.996686,0.003314,0
0.000394,0.999606,1
0.000148,0.999852,1
0.998610,0.001390,0
0.997599,0.002401,0
0.999486,0.000514,0
0.000355,0.999645,1
0.999350,0.000650,0
0.001619,0.998381,1
0.000787,0.999213,1
0.994746,0.005254,0
0.999742,0.000258,0
0.999444,0.000556,0
0.000909,0.999091,1
0.998890,0.001110,0
0.000004,0.999996,1
0.000028,0.999972,1
0.000323,0.999677,1
0.999937,0.000063,0
0.000133,0.999867,1
0.000142,0.999858,1
0.001557,0.998443,1
0.000750,0.999250,1
0.001473,0.998527,1
0.999593,0.000407,0
0.999715,0.000285,0
0.001647,0.998353,1
0.999265,0.000735,0
0.000078,0.999922,1
0.999899,0.000101,0
0.997070,0.002930,0
0.999805,0.000195,0
0.000005,0.999995,1
0.000897,0.999103,1
0.001879,0.998121,1
0.998820,0.001180,0
0.999897,0.000103,0
0.000441,0.999559,1
0.999681,0.000319,0
0.999709,0.000291,0
0.999178,0.000822,0
0.997592,0.002408,0
0.999637,0.000363,0
0.995106,0.004894,0
0.000337,0.999663,1
0.983714,0.016286,0
0.998493,0.001507,0
0.000049,0.999951,1
0.000495,0.999505,1
0.001056,0.998944,1
0.000512,0.999488,1
0.000063,0.999937,1
0.998778,0.001222,0
0.998885,0.001115,0
0.000098,0.999902,1
0.999541,0.000459,0
0.000352,0.999648,1
0.997044,0.002956,0
0.996275,0.003725,0
0.999574,0.000426,0
0.003116,0.996884,1
0.000396,0.999604,1
0.000374,0.999626,1
0.998848,0.001152,0
0.999887,0.000113,0
0.997564,0.002436,0
0.001637,0.998363,1
0.000323,0.999677,1
0.000405,0.999595,1
0.999444,0.000556,0
0.998860,0.001140,0
0.997854,0.002146,0
0.000661,0.999339,1
0.001438,0.998562,1
0.000530,0.999470,1
0.000121,0.999879,1
0.909710,0.090290,0
0.000353,0.999647,1
0.000489,0.999511,1
0.000457,0.999543,1
0.999567,0.000433,0
0.002343,0.997657,1
0.000530,0.999470,1
0.000309,0.999691,1
0.999461,0.000539,0
0.998815,0.001185,0
0.992029,0.007971,0
0.998357,0.001643,0
0.001558,0.998442,1
0.000944,0.999056,1
0.000138,0.999862,1
0.993628,0.006372,0
0.997608,0.002392,0
0.998887,0.001113,0
0.000041,0.999959,1
0.998762,0.001238,0
0.999587,0.000413,0
0.999043,0.000957,0
0.023030,0.976970,1
0.000618,0.999382,1
0.999135,0.000865,0
0.001262,0.998738,1
0.002156,0.997844,1
0.998480,0.001520,0
0.999374,0.000626,0
0.000417,0.999583,1
0.000502,0.999498,1
0.999318,0.000682,0
0.003570,0.996430,1
0.001184,0.998816,1
0.000622,0.999378,1
0.998735,0.001265,0
0.998635,0.001365,0
0.001533,0.998467,1
0.001334,0.998666,1
0.999761,0.000239,0
0.002407,0.997593,1
0.997447,0.002553,0
0.001821,0.998179,1
0.001766,0.998234,1
0.000543,0.999457,1
0.998416,0.001584,0
0.999793,0.000207,0
0.999167,0.000833,0
0.999150,0.000850,0
0.000800,0.999200,1
0.000096,0.999904,1
0.998991,0.001009,0
0.000004,0.999996,1
0.000855,0.999145,1
0.999595,0.000405,0
0.001039,0.998961,1
0.000431,0.999569,1
0.001486,0.998514,1
0.999111,0.000889,0
0.999604,0.000396,0
0.000896,0.999104,1
0.997180,0.002820,0
0.999824,0.000176,0
0.998431,0.001569,0
0.998560,0.001440,0
0.996876,0.003124,0
0.994841,0.005159,0
0.000302,0.999698,1
0.000396,0.999604,1
0.001272,0.998728,1
0.997362,0.002638,0
0.999510,0.000490,0
0.036626,0.963374,1
0.999620,0.000380,0
0.002940,0.997060,1
0.000294,0.999706,1
0.999473,0.000527,0
0.000388,0.999612,1
0.999781,0.000219,0
0.996039,0.003961,0
0.000884,0.999116,1
0.002124,0.997876,1
0.998519,0.001481,0
0.000271,0.999729,1
0.000392,0.999608,1
0.000139,0.999861,1
0.999385,0.000615,0
0.000915,0.999085,1
0.999572,0.000428,0
0.999612,0.000388,0
0.000281,0.999719,1
0.998496,0.001504,0
0.999328,0.000672,0
0.999252,0.000748,0
0.990125,0.009875,0
0.000368,0.999632,1
0.999720,0.000280,0
0.001703,0.998297,1
0.999794,0.000206,0
0.000083,0.999917,1
0.999949,0.000051,0
0.000144,0.999856,1
0.000296,0.999704,1
0.999344,0.000656,0
0.999311,0.000689,0
0.000258,0.999742,1
0.001447,0.998553,1
0.999699,0.000301,0
0.999941,0.000059,0
0.001558,0.998442,1
0.999737,0.000263,0
0.998706,0.001294,0
0.001950,0.998050,1
0.000917,0.999083,1
0.000373,0.999627,1
0.999800,0.000200,0
0.000049,0.999951,1
0.000348,0.999652,1
0.999737,0.000263,0
0.000799,0.999201,1
0.000113,0.999887,1
0.000844,0.999156,1
0.000053,0.999947,1
0.001035,0.998965,1
0.998781,0.001219,0
0.996446,0.003554,0
0.994429,0.005571,0
0.000745,0.999255,1
0.999245,0.000755,0
0.000060,0.999940,1
0.999173,0.000827,0
0.000368,0.999632,1
0.002187,0.997813,1
0.999132,0.000868,0
0.999530,0.000470,0
0.000022,0.999978,1
0.999769,0.000231,0
0.999425,0.000575,0
0.000029,0.999971,1
0.000063,0.999937,1
0.000236,0.999764,1
0.998582,0.001418,0
0.996191,0.003809,0
0.000237,0.999763,1
0.999445,0.000555,0
0.995775,0.004225,0
0.998787,0.001213,0
0.999820,0.000180,0
0.998014,0.001986,0
0.997642,0.002358,0
0.000186,0.999814,1
0.998415,0.001585,0
0.998815,0.001185,0
0.001471,0.998529,1
0.999229,0.000771,0
0.999291,0.000709,0
0.000991,0.999009,1
0.001318,0.998682,1
0.999601,0.000399,0
0.000195,0.999805,1
0.001507,0.998493,1
0.002006,0.997994,1
0.999465,0.000535,0
0.999325,0.000675,0
0.008042,0.991958,1
0.998824,0.001176,0
0.000220,0.999780,1
0.999534,0.000466,0
0.001748,0.998252,1
0.998478,0.001522,0
0.999817,0.000183,0
0.999308,0.000692,0
0.000243,0.999757,1
0.000146,0.999854,1
0.001145,0.998855,1
0.999308,0.000692,0
0.997760,0.002240,0
0.000396,0.999604,1
0.000023,0.999977,1
0.000703,0.999297,1
0.000153,0.999847,1
0.000180,0.999820,1
0.999722,0.000278,0
0.000196,0.999804,1
0.000992,0.999008,1
0.999345,0.000655,0
0.999693,0.000307,0
0.998572,0.001428,0
0.002272,0.997728,1
0.000491,0.999509,1
0.998553,0.001447,0
0.002194,0.997806,1
0.998955,0.001045,0
0.997014,0.002986,0
0.001733,0.998267,1
0.999434,0.000566,0
0.001468,0.998532,1
0.993569,0.006431,0
0.000144,0.999856,1
0.000022,0.999978,1
0.999090,0.000910,0
0.000132,0.999868,1
0.000564,0.999436,1
0.998497,0.001503,0
0.995632,0.004368,0
0.000218,0.999782,1
0.997659,0.002341,0
0.000418,0.999582,1
0.999750,0.000250,0
0.000749,0.999251,1
0.001720,0.998280,1
0.000304,0.999696,1
0.993265,0.006735,0
0.000886,0.999114,1
0.997764,0.002236,0
0.999102,0.000898,0
0.997353,0.002647,0
0.999384,0.000616,0
0.000062,0.999938,1
0.000238,0.999762,1
0.998550,0.001450,0
0.999859,0.000141,0
0.999010,0.000990,0
0.000599,0.999401,1
0.007453,0.992547,1
0.000560,0.999440,1
0.000724,0.999276,1
0.000104,0.999896,1
0.000542,0.999458,1
0.997361,0.002639,0
0.000131,0.999869,1
0.996723,0.003277,0
0.000612,0.999388,1
0.000136,0.999864,1
0.000106,0.999894,1
0.000240,0.999760,1
0.998842,0.001158,0
0.000256,0.999744,1
0.002603,0.997397,1
0.998320,0.001680,0
0.999448,0.000552,0
0.001217,0.998783,1
0.001888,0.998112,1
0.001409,0.998591,1
0.000667,0.999333,1
0.999489,0.000511,0
0.998622,0.001378,0
0.002856,0.997144,1
0.999429,0.000571,0
0.999711,0.000289,0
0.999298,0.000702,0
0.999617,0.000383,0
0.000402,0.999598,1
0.000403,0.999597,1
0.001453,0.998547,1
0.999411,0.000589,0
0.002173,0.997827,1
0.999192,0.000808,0
0.000174,0.999826,1
0.000181,0.999819,1
0.997290,0.002710,0
0.000335,0.999665,1
0.000955,0.999045,1
0.000726,0.999274,1
0.000040,0.999960,1
0.000267,0.999733,1
0.000535,0.999465,1
0.000240,0.999760,1
0.999522,0.000478,0
0.999697,0.000303,0
0.998921,0.001079,0
0.998742,0.001258,0
0.000059,0.999941,1
0.000810,0.999190,1
0.002984,0.997016,1
0.999471,0.000529,0
0.000130,0.999870,1
0.002935,0.997065,1
0.999873,0.000127,0
0.999903,0.000097,0
0.999447,0.000553,0
0.002727,0.997273,1
0.000397,0.999603,1
0.998377,0.001623,0
0.997649,0.002351,0
0.000481,0.999519,1
0.000015,0.999985,1
0.997939,0.002061,0
0.999661,0.000339,0
0.999494,0.000506,0
0.001450,0.998550,1
0.998031,0.001969,0
0.001366,0.998634,1
0.000732,0.999268,1
0.999120,0.000880,0
0.000454,0.999546,1
0.000521,0.999479,1
0.997854,0.002146,0
0.998818,0.001182,0
0.999754,0.000246,0
0.000391,0.999609,1
0.999493,0.000507,0
0.998816,0.001184,0
0.000834,0.999166,1
0.000499,0.999501,1
0.996948,0.003052,0
0.999498,0.000502,0
0.999440,0.000560,0
0.999332,0.000668,0
0.000062,0.999938,1
0.999621,0.000379,0
0.999350,0.000650,0
0.999463,0.000537,0
0.000084,0.999916,1
0.000071,0.999929,1
0.999001,0.000999,0
0.002297,0.997703,1
0.000070,0.999930,1
0.000260,0.999740,1
0.998955,0.001045,0
0.000437,0.999563,1
0.999195,0.000805,0
0.000389,0.999611,1
0.999370,0.000630,0
0.002381,0.997619,1
0.999074,0.000926,0
0.000195,0.999805,1
0.003145,0.996855,1
0.999145,0.000855,0
0.002265,0.997735,1
0.003472,0.996528,1
0.000656,0.999344,1
0.001788,0.998212,1
0.000106,0.999894,1
0.000005,0.999995,1
0.001678,0.998322,1
0.998622,0.001378,0
0.998983,0.001017,0
0.000413,0.999587,1
0.999233,0.000767,0
0.001435,0.998565,1
0.000351,0.999649,1
0.998136,0.001864,0
0.000733,0.999267,1
0.998932,0.001068,0
0.000144,0.999856,1
0.992065,0.007935,0
0.998438,0.001562,0
0.998632,0.001368,0
0.000287,0.999713,1
0.000059,0.999941,1
0.000705,0.999295,1
0.998911,0.001089,0
0.999758,0.000242,0
0.998647,0.001353,0
0.000324,0.999676,1
0.026644,0.973356,1
0.998926,0.001074,0
0.998700,0.001300,0
0.999200,0.000800,0
0.001399,0.998601,1
0.999247,0.000753,0
0.012881,0.987119,1
0.000358,0.999642,1
0.999734,0.000266,0
0.998910,0.001090,0
0.000145,0.999855,1
0.000240,0.999760,1
0.998966,0.001034,0
0.000431,0.999569,1
0.000128,0.999872,1
0.001820,0.998180,1
0.999696,0.000304,0
0.000539,0.999461,1
0.000509,0.999491,1
0.000091,0.999909,1
0.997959,0.002041,0
0.000062,0.999938,1
0.001197,0.998803,1
0.000034,0.999966,1
0.010771,0.989229,1
0.000283,0.999717,1
0.999590,0.000410,0
0.000088,0.999912,1
0.998492,0.001508,0
0.998617,0.001383,0
0.000342,0.999658,1
0.000371,0.999629,1
0.000453,0.999547,1
0.998763,0.001237,0
0.999725,0.000275,0
0.996135,0.003865,0
0.993954,0.006046,0
0.001565,0.998435,1
0.001097,0.998903,1
0.999036,0.000964,0
0.000087,0.999913,1
0.002727,0.997273,1
0.001724,0.998276,1
0.000218,0.999782,1
0.000375,0.999625,1
0.186378,0.813622,1
0.999174,0.000826,0
0.000429,0.999571,1
0.001415,0.998585,1
0.999476,0.000524,0
0.998221,0.001779,0
0.999190,0.000810,0
0.002531,0.997469,1
0.995969,0.004031,0
0.000388,0.999612,1
0.000715,0.999285,1
0.999220,0.000780,0
0.000959,0.999041,1
0.999583,0.000417,0
0.000111,0.999889,1
0.000213,0.999787,1
0.000442,0.999558,1
0.002078,0.997922,1
0.000620,0.999380,1
0.999260,0.000740,0
0.001006,0.998994,1
0.997950,0.002050,0
0.999893,0.000107,0
0.999695,0.000305,0
0.000690,0.999310,1
0.000891,0.999109,1
0.000653,0.999347,1
0.001193,0.998807,1
0.001676,0.998324,1
0.000163,0.999837,1
0.000047,0.999953,1
0.997614,0.002386,0
0.000383,0.999617,1
0.000049,0.999951,1
0.000255,0.999745,1
0.001104,0.998896,1
0.999878,0.000122,0
0.000383,0.999617,1
0.000177,0.999823,1
0.999739,0.000261,0
0.001928,0.998072,1
0.986817,0.013183,0
0.999270,0.000730,0
0.005405,0.994595,1
0.000178,0.999822,1
0.999880,0.000120,0
0.986267,0.013733,0
0.998833,0.001167,0
0.001194,0.998806,1
0.997682,0.002318,0
0.001558,0.998442,1
0.997890,0.002110,0
0.001066,0.998934,1
0.000483,0.999517,1
0.004610,0.995390,1
0.000404,0.999596,1
0.999080,0.000920,0
0.001504,0.998496,1
0.000530,0.999470,1
0.000211,0.999789,1
0.000229,0.999771,1
0.000415,0.999585,1
0.001067,0.998933,1
0.008038,0.991962,1
0.999370,0.000630,0
0.000322,0.999678,1
0.000463,0.999537,1
0.001371,0.998629,1
0.998494,0.001506,0
0.002824,0.997176,1
0.999651,0.000349,0
0.000078,0.999922,1
0.998763,0.001237,0
0.000216,0.999784,1
0.999744,0.000256,0
0.001680,0.998320,1
0.998889,0.001111,0
0.999323,0.000677,0
0.000186,0.999814,1
0.000187,0.999813,1
0.999766,0.000234,0
0.999913,0.000087,0
0.000174,0.999826,1
0.999378,0.000622,0
0.999743,0.000257,0
0.000278,0.999722,1
0.000059,0.999941,1
0.999484,0.000516,0
0.000880,0.999120,1
0.998952,0.001048,0
0.001038,0.998962,1
0.999169,0.000831,0
0.000134,0.999866,1
0.001003,0.998997,1
0.002395,0.997605,1
0.001457,0.998543,1
0.000173,0.999827,1
0.000312,0.999688,1
0.000730,0.999270,1
0.998021,0.001979,0
0.002692,0.997308,1
0.998739,0.001261,0
0.999590,0.000410,0
0.000207,0.999793,1
0.000165,0.999835,1
0.999360,0.000640,0
0.999202,0.000798,0
0.000643,0.999357,1
0.000212,0.999788,1
0.000337,0.999663,1
0.999340,0.000660,0
0.000184,0.999816,1
0.999662,0.000338,0
0.002125,0.997875,1
0.990176,0.009824,0
0.001926,0.998074,1
0.000230,0.999770,1
0.998101,0.001899,0
0.997766,0.002234,0
0.001015,0.998985,1
0.998485,0.001515,0
0.998594,0.001406,0
0.000793,0.999207,1
0.000883,0.999117,1
0.000569,0.999431,1
0.999764,0.000236,0
0.001838,0.998162,1
0.995103,0.004897,0
0.998671,0.001329,0
0.000014,0.999986,1
0.000946,0.999054,1
0.000685,0.999315,1
0.000507,0.999493,1
0.002717,0.997283,1
0.000500,0.999500,1
0.000292,0.999708,1
0.001092,0.998908,1
0.000643,0.999357,1
0.998343,0.001657,0
0.998095,0.001905,0
0.004056,0.995944,1
0.998544,0.001456,0
0.999751,0.000249,0
0.998917,0.001083,0
0.000021,0.999979,1
0.001109,0.998891,1
0.000299,0.999701,1
0.001309,0.998691,1
0.000226,0.999774,1
0.000250,0.999750,1
0.001230,0.998770,1
0.000144,0.999856,1
0.999335,0.000665,0
0.000277,0.999723,1
0.001510,0.998490,1
0.001625,0.998375,1
0.997434,0.002566,0
0.999488,0.000512,0
0.010615,0.989385,1
0.000187,0.999813,1
0.001749,0.998251,1
0.000266,0.999734,1
0.003180,0.996820,1
0.000300,0.999700,1
0.002119,0.997881,1
0.001430,0.998570,1
0.000016,0.999984,1
0.000697,0.999303,1
0.999563,0.000437,0
0.000748,0.999252,1
0.000213,0.999787,1
0.000060,0.999940,1
0.000356,0.999644,1
0.999897,0.000103,0
0.999310,0.000690,0
0.997467,0.002533,0
0.000024,0.999976,1
0.000074,0.999926,1
0.000057,0.999943,1
0.997877,0.002123,0
0.000676,0.999324,1
0.002276,0.997724,1
0.997035,0.002965,0
0.000436,0.999564,1
0.000921,0.999079,1
0.000179,0.999821,1
0.999575,0.000425,0
0.991789,0.008211,0
0.000073,0.999927,1
0.000081,0.999919,1
0.004858,0.995142,1
0.999815,0.000185,0
0.998062,0.001938,0
0.000588,0.999412,1
0.001457,0.998543,1
0.000047,0.999953,1
0.999510,0.000490,0
0.999780,0.000220,0
0.999448,0.000552,0
0.999559,0.000441,0
0.999409,0.000591,0
0.999416,0.000584,0
0.000672,0.999328,1
0.000332,0.999668,1
0.998778,0.001222,0
0.000049,0.999951,1
0.999007,0.000993,0
0.000733,0.999267,1
0.000144,0.999856,1
0.000239,0.999761,1
0.999844,0.000156,0
0.000378,0.999622,1
0.999721,0.000279,0
0.997941,0.002059,0
0.999267,0.000733,0
0.999651,0.000349,0
0.008061,0.991939,1
0.006164,0.993836,1
0.001924,0.998076,1
0.998808,0.001192,0
0.999872,0.000128,0
0.999757,0.000243,0
0.000059,0.999941,1
0.000800,0.999200,1
0.999133,0.000867,0
0.000489,0.999511,1
0.000373,0.999627,1
0.999078,0.000922,0
0.999479,0.000521,0
0.999258,0.000742,0
0.000122,0.999878,1
0.001194,0.998806,1
0.997332,0.002668,0
0.998763,0.001237,0
0.000069,0.999931,1
0.005334,0.994666,1
0.000764,0.999236,1
0.999552,0.000448,0
0.999189,0.000811,0
0.000133,0.999867,1
0.000586,0.999414,1
0.999232,0.000768,0
0.999565,0.000435,0
0.000173,0.999827,1
0.999336,0.000664,0
0.001178,0.998822,1
0.000256,0.999744,1
0.001600,0.998400,1
0.003832,0.996168,1
0.000049,0.999951,1
0.999295,0.000705,0
0.000546,0.999454,1
0.001510,0.998490,1
0.001457,0.998543,1
0.999748,0.000252,0
0.999288,0.000712,0
0.000940,0.999060,1
0.999469,0.000531,0
0.003471,0.996529,1
0.002824,0.997176,1
0.000028,0.999972,1
0.000451,0.999549,1
0.001725,0.998275,1
0.999438,0.000562,0
0.001401,0.998599,1
0.000089,0.999911,1
0.000033,0.999967,1
0.999835,0.000165,0
0.999427,0.000573,0
0.000061,0.999939,1
0.000059,0.999941,1
0.016368,0.983632,1
0.993266,0.006734,0
0.000053,0.999947,1
0.000481,0.999519,1
0.000981,0.999019,1
0.000226,0.999774,1
0.997790,0.002210,0
0.000813,0.999187,1
0.000359,0.999641,1
0.998449,0.001551,0
0.000232,0.999768,1
0.998974,0.001026,0
0.002311,0.997689,1
0.000457,0.999543,1
0.000104,0.999896,1
0.999764,0.000236,0
0.999094,0.000906,0
0.007400,0.992600,1
0.999286,0.000714,0
0.999573,0.000427,0
0.999084,0.000916,0
0.000022,0.999978,1
0.001430,0.998570,1
0.001510,0.998490,1
0.000242,0.999758,1
0.984158,0.015842,0
0.000529,0.999471,1
0.998852,0.001148,0
0.000158,0.999842,1
0.000417,0.999583,1
0.000173,0.999827,1
0.001029,0.998971,1
0.003530,0.996470,1
0.000975,0.999025,1
0.999370,0.000630,0
0.999757,0.000243,0
0.000282,0.999718,1
0.002459,0.997541,1
0.998207,0.001793,0
0.000315,0.999685,1
0.997563,0.002437,0
0.001375,0.998625,1
0.000895,0.999105,1
0.999036,0.000964,0
0.999854,0.000146,0
0.001568,0.998432,1
0.999475,0.000525,0
0.000414,0.999586,1
0.991925,0.008075,0
0.999426,0.000574,0
0.999023,0.000977,0
0.000608,0.999392,1
0.000058,0.999942,1
0.999622,0.000378,0
0.000508,0.999492,1
0.999379,0.000621,0
0.000462,0.999538,1
0.999437,0.000563,0
0.997872,0.002128,0
0.001347,0.998653,1
0.000532,0.999468,1
0.001914,0.998086,1
0.999485,0.000515,0
0.001305,0.998695,1
0.999691,0.000309,0
0.000948,0.999052,1
0.998837,0.001163,0
0.999899,0.000101,0
0.000327,0.999673,1
0.000058,0.999942,1
0.998673,0.001327,0
0.998933,0.001067,0
0.000821,0.999179,1
0.998943,0.001057,0
0.003794,0.996206,1
0.000685,0.999315,1
0.000515,0.999485,1
0.001095,0.998905,1
0.999285,0.000715,0
0.998817,0.001183,0
0.000963,0.999037,1
0.000029,0.999971,1
0.000506,0.999494,1
0.001040,0.998960,1
0.001062,0.998938,1
0.002240,0.997760,1
0.001685,0.998315,1
0.000813,0.999187,1
0.000140,0.999860,1
0.000371,0.999629,1
0.000189,0.999811,1
0.001549,0.998451,1
0.000128,0.999872,1
0.000838,0.999162,1
0.001366,0.998634,1
0.000220,0.999780,1
0.994429,0.005571,0
0.000748,0.999252,1
0.000356,0.999644,1
0.001429,0.998571,1
0.000494,0.999506,1
0.999748,0.000252,0
0.995687,0.004313,0
0.000153,0.999847,1
0.000877,0.999123,1
0.999594,0.000406,0
0.000057,0.999943,1
0.000245,0.999755,1
0.000995,0.999005,1
0.000146,0.999854,1
0.998778,0.001222,0
0.000283,0.999717,1
0.000952,0.999048,1
0.999657,0.000343,0
0.000012,0.999988,1
0.000633,0.999367,1
0.000048,0.999952,1
0.000210,0.999790,1
0.998095,0.001905,0
0.001404,0.998596,1
0.001077,0.998923,1
0.999397,0.000603,0
0.998968,0.001032,0
0.998421,0.001579,0
0.000142,0.999858,1
0.000787,0.999213,1
0.997335,0.002665,0
0.998889,0.001111,0
0.000930,0.999070,1
0.999574,0.000426,0
0.999727,0.000273,0
0.998595,0.001405,0
0.000282,0.999718,1
0.998821,0.001179,0
0.000423,0.999577,1
0.998808,0.001192,0
0.999414,0.000586,0
0.001227,0.998773,1
0.999411,0.000589,0
0.998898,0.001102,0
0.000246,0.999754,1
0.999548,0.000452,0
0.000100,0.999900,1
0.999474,0.000526,0
0.999581,0.000419,0
0.999442,0.000558,0
0.000156,0.999844,1
0.000102,0.999898,1
0.001459,0.998541,1
0.001108,0.998892,1
0.000581,0.999419,1
0.000652,0.999348,1
0.001426,0.998574,1
0.001158,0.998842,1
0.999540,0.000460,0
0.997751,0.002249,0
0.000120,0.999880,1
0.000558,0.999442,1
0.992103,0.007897,0
0.999318,0.000682,0
0.000625,0.999375,1
0.999337,0.000663,0
0.998029,0.001971,0
0.998918,0.001082,0
0.002367,0.997633,1
0.001141,0.998859,1
0.000803,0.999197,1
0.000034,0.999966,1
0.997948,0.002052,0
0.999566,0.000434,0
0.000390,0.999610,1
0.998806,0.001194,0
0.000230,0.999770,1
0.998089,0.001911,0
0.000295,0.999705,1
0.000322,0.999678,1
0.998820,0.001180,0
0.999694,0.000306,0
0.000164,0.999836,1
0.999671,0.000329,0
0.999781,0.000219,0
0.000810,0.999190,1
0.999759,0.000241,0
0.000572,0.999428,1
0.998597,0.001403,0
0.999964,0.000036,0
0.002262,0.997738,1
0.000304,0.999696,1
0.000408,0.999592,1
0.000346,0.999654,1
0.000124,0.999876,1
0.001943,0.998057,1
0.001611,0.998389,1
0.000839,0.999161,1
0.999485,0.000515,0
0.999089,0.000911,0
0.000787,0.999213,1
0.998916,0.001084,0
0.000418,0.999582,1
0.999368,0.000632,0
0.999771,0.000229,0
0.998935,0.001065,0
0.000257,0.999743,1
0.997214,0.002786,0
0.999902,0.000098,0
0.000380,0.999620,1
0.000580,0.999420,1
0.001025,0.998975,1
0.000439,0.999561,1
0.000357,0.999643,1
0.008737,0.991263,1
0.999597,0.000403,0
0.999609,0.000391,0
0.000033,0.999967,1
0.999125,0.000875,0
0.001076,0.998924,1
0.000906,0.999094,1
0.001786,0.998214,1
0.000099,0.999901,1
0.025308,0.974692,1
0.000310,0.999690,1
0.000387,0.999613,1
0.000160,0.999840,1
0.002167,0.997833,1
0.000273,0.999727,1
0.000105,0.999895,1
0.999672,0.000328,0
0.999719,0.000281,0
0.999861,0.000139,0
0.000100,0.999900,1
0.999191,0.000809,0
0.999012,0.000988,0
0.001430,0.998570,1
0.999674,0.000326,0
0.991592,0.008408,0
0.999732,0.000268,0
0.999765,0.000235,0
0.005180,0.994820,1
0.990441,0.009559,0
0.000664,0.999336,1
0.999650,0.000350,0
0.997950,0.002050,0
0.999209,0.000791,0
0.000779,0.999221,1
0.999511,0.000489,0
0.000148,0.999852,1
0.999565,0.000435,0
0.992515,0.007485,0
0.998491,0.001509,0
0.000437,0.999563,1
0.000270,0.999730,1
0.999144,0.000856,0
0.998871,0.001129,0
0.999726,0.000274,0
0.000811,0.999189,1
0.001043,0.998957,1
0.999463,0.000537,0
0.999531,0.000469,0
0.000593,0.999407,1
0.001619,0.998381,1
0.064784,0.935216,1
0.999430,0.000570,0
0.997099,0.002901,0
0.001805,0.998195,1
0.000308,0.999692,1
0.999692,0.000308,0
0.000218,0.999782,1
0.000048,0.999952,1
0.000338,0.999662,1
0.996862,0.003138,0
0.000294,0.999706,1
0.000538,0.999462,1
0.000606,0.999394,1
0.000071,0.999929,1
0.001138,0.998862,1
0.000178,0.999822,1
0.998527,0.001473,0
0.999265,0.000735,0
0.001740,0.998260,1
0.001543,0.998457,1
0.999559,0.000441,0
0.996967,0.003033,0
0.000216,0.999784,1
0.998531,0.001469,0
0.995471,0.004529,0
0.999423,0.000577,0
0.001652,0.998348,1
0.998328,0.001672,0
0.999378,0.000622,0
0.000492,0.999508,1
0.000835,0.999165,1
0.000092,0.999908,1
0.000063,0.999937,1
0.000223,0.999777,1
0.000296,0.999704,1
0.000260,0.999740,1
0.000719,0.999281,1
0.995881,0.004119,0
0.000375,0.999625,1
0.000072,0.999928,1
0.000788,0.999212,1
0.999591,0.000409,0
0.999060,0.000940,0
0.000020,0.999980,1
0.000973,0.999027,1
0.996790,0.003210,0
0.992598,0.007402,0
0.000322,0.999678,1
0.998972,0.001028,0
0.997795,0.002205,0
0.999423,0.000577,0
0.998493,0.001507,0
0.999157,0.000843,0
0.998126,0.001874,0
0.002881,0.997119,1
0.999515,0.000485,0
0.998349,0.001651,0
0.000143,0.999857,1
0.000070,0.999930,1
0.000049,0.999951,1
0.999424,0.000576,0
0.000126,0.999874,1
0.000051,0.999949,1
0.000370,0.999630,1
0.002163,0.997837,1
0.999098,0.000902,0
0.000369,0.999631,1
0.002366,0.997634,1
0.003202,0.996798,1
0.999366,0.000634,0
0.001006,0.998994,1
0.998668,0.001332,0
0.001510,0.998490,1
0.999476,0.000524,0
0.000315,0.999685,1
0.995825,0.004175,0
0.998039,0.001961,0
0.999397,0.000603,0
0.001683,0.998317,1
0.995974,0.004026,0
0.999681,0.000319,0
0.999801,0.000199,0
0.000669,0.999331,1
0.000085,0.999915,1
0.000787,0.999213,1
0.001201,0.998799,1
0.000017,0.999983,1
0.988144,0.011856,0
0.999831,0.000169,0
0.000159,0.999841,1
0.999902,0.000098,0
0.002880,0.997120,1
0.000463,0.999537,1
0.000979,0.999021,1
0.001771,0.998229,1
0.000393,0.999607,1
0.001278,0.998722,1
0.998023,0.001977,0
0.998778,0.001222,0
0.001977,0.998023,1
0.998845,0.001155,0
0.999634,0.000366,0
0.997915,0.002085,0
0.002283,0.997717,1
0.999050,0.000950,0
0.000205,0.999795,1
0.999441,0.000559,0
0.998735,0.001265,0
0.999497,0.000503,0
0.997631,0.002369,0
0.999181,0.000819,0
0.001510,0.998490,1
0.001099,0.998901,1
0.997601,0.002399,0
0.996410,0.003590,0
0.998781,0.001219,0
0.999098,0.000902,0
0.000893,0.999107,1
0.999543,0.000457,0
0.997863,0.002137,0
0.000486,0.999514,1
0.999213,0.000787,0
0.000886,0.999114,1
0.000579,0.999421,1
0.998285,0.001715,0
0.999825,0.000175,0
0.001603,0.998397,1
0.001218,0.998782,1
0.000908,0.999092,1
0.000256,0.999744,1
0.000005,0.999995,1
0.999458,0.000542,0
0.999724,0.000276,0
0.999453,0.000547,0
0.999336,0.000664,0
0.999291,0.000709,0
0.996915,0.003085,0
0.999230,0.000770,0
0.000132,0.999868,1
0.991922,0.008078,0
0.996564,0.003436,0
0.002787,0.997213,1
0.000308,0.999692,1
0.000526,0.999474,1
0.000887,0.999113,1
0.992156,0.007844,0
0.000368,0.999632,1
0.999188,0.000812,0
0.999273,0.000727,0
0.999741,0.000259,0
0.018278,0.981722,1
0.002026,0.997974,1
0.003635,0.996365,1
0.998982,0.001018,0
0.998557,0.001443,0
0.000308,0.999692,1
0.000800,0.999200,1
0.997134,0.002866,0
0.999770,0.000230,0
0.999609,0.000391,0
0.000256,0.999744,1
0.001034,0.998966,1
0.015346,0.984654,1
0.000527,0.999473,1
0.998852,0.001148,0
0.001821,0.998179,1
0.005240,0.994760,1
0.999630,0.000370,0
0.001703,0.998297,1
0.000138,0.999862,1
0.999033,0.000967,0
0.999354,0.000646,0
0.003081,0.996919,1
0.998683,0.001317,0
0.000155,0.999845,1
0.999539,0.000461,0
0.998675,0.001325,0
0.996957,0.003043,0
0.000368,0.999632,1
0.999760,0.000240,0
0.005587,0.994413,1
0.000651,0.999349,1
0.001334,0.998666,1
0.000054,0.999946,1
0.000183,0.999817,1
0.001885,0.998115,1
0.000620,0.999380,1
0.998802,0.001198,0
0.995210,0.004790,0
0.999766,0.000234,0
0.006191,0.993809,1
0.000228,0.999772,1
0.998004,0.001996,0
0.999081,0.000919,0
0.996989,0.003011,0
0.000801,0.999199,1
0.998133,0.001867,0
0.000175,0.999825,1
0.000238,0.999762,1
0.997317,0.002683,0
0.001549,0.998451,1
0.999534,0.000466,0
0.000576,0.999424,1
0.000520,0.999480,1
0.001241,0.998759,1
0.999253,0.000747,0
0.003183,0.996817,1
0.998202,0.001798,0
0.999498,0.000502,0
0.000075,0.999925,1
0.000302,0.999698,1
0.000125,0.999875,1
0.998763,0.001237,0
0.999229,0.000771,0
0.998490,0.001510,0
0.998257,0.001743,0
0.000278,0.999722,1
0.999597,0.000403,0
0.002716,0.997284,1
0.997808,0.002192,0
0.999689,0.000311,0
0.001468,0.998532,1
0.000143,0.999857,1
0.000231,0.999769,1
0.000613,0.999387,1
0.000300,0.999700,1
0.001284,0.998716,1
0.000293,0.999707,1
0.999297,0.000703,0
0.000152,0.999848,1
0.000345,0.999655,1
0.997784,0.002216,0
0.003202,0.996798,1
0.998989,0.001011,0
0.000421,0.999579,1
0.002006,0.997994,1
0.000287,0.999713,1
0.001065,0.998935,1
0.002302,0.997698,1
0.997435,0.002565,0
0.001721,0.998279,1
0.000212,0.999788,1
0.002843,0.997157,1
0.000819,0.999181,1
0.999315,0.000685,0
0.999230,0.000770,0
0.003202,0.996798,1
0.999291,0.000709,0
0.998983,0.001017,0
0.999582,0.000418,0
0.000256,0.999744,1
0.986613,0.013387,0
0.000334,0.999666,1
0.000101,0.999899,1
0.000494,0.999506,1
0.998645,0.001355,0
0.999394,0.000606,0
0.000803,0.999197,1
0.000191,0.999809,1
0.009375,0.990625,1
0.999859,0.000141,0
0.000547,0.999453,1
0.006252,0.993748,1
0.999036,0.000964,0
0.998683,0.001317,0
0.998459,0.001541,0
0.000117,0.999883,1
0.998533,0.001467,0
0.000454,0.999546,1
0.000753,0.999247,1
0.991122,0.008878,0
0.001713,0.998287,1
0.000201,0.999799,1
0.000121,0.999879,1
0.998739,0.001261,0
0.997767,0.002233,0
0.002261,0.997739,1
0.000496,0.999504,1
0.000205,0.999795,1
0.998543,0.001457,0
0.003276,0.996724,1
0.000292,0.999708,1
0.002415,0.997585,1
0.999902,0.000098,0
0.999385,0.000615,0
0.999581,0.000419,0
0.000756,0.999244,1
0.000884,0.999116,1
0.000747,0.999253,1
0.994353,0.005647,0
0.999887,0.000113,0
0.000836,0.999164,1
0.000158,0.999842,1
0.001129,0.998871,1
0.002003,0.997997,1
0.000026,0.999974,1
0.000756,0.999244,1
0.000052,0.999948,1
0.000497,0.999503,1
0.998072,0.001928,0
0.000109,0.999891,1
0.998101,0.001899,0
0.999301,0.000699,0
0.999236,0.000764,0
0.999768,0.000232,0
0.999031,0.000969,0
0.998925,0.001075,0
0.999916,0.000084,0
0.000994,0.999006,1
0.000318,0.999682,1
0.999355,0.000645,0
0.000322,0.999678,1
0.001172,0.998828,1
0.999766,0.000234,0
0.999239,0.000761,0
0.999042,0.000958,0
0.998302,0.001698,0
0.001813,0.998187,1
0.000215,0.999785,1
0.999792,0.000208,0
0.999205,0.000795,0
0.001065,0.998935,1
0.998910,0.001090,0
0.002116,0.997884,1
0.001923,0.998077,1
0.000038,0.999962,1
0.996625,0.003375,0
0.000756,0.999244,1
0.000312,0.999688,1
0.000232,0.999768,1
0.001545,0.998455,1
0.002712,0.997288,1
0.000138,0.999862,1
0.999744,0.000256,0
0.001994,0.998006,1
0.000466,0.999534,1
0.993466,0.006534,0
0.000270,0.999730,1
0.000584,0.999416,1
0.003271,0.996729,1
0.001419,0.998581,1
0.997016,0.002984,0
0.001056,0.998944,1
0.999445,0.000555,0
0.000922,0.999078,1
0.000016,0.999984,1
0.000880,0.999120,1
0.000201,0.999799,1
0.999514,0.000486,0
0.005350,0.994650,1
0.000109,0.999891,1
0.000317,0.999683,1
0.000281,0.999719,1
0.000237,0.999763,1
0.000033,0.999967,1
0.000165,0.999835,1
0.998971,0.001029,0
0.001786,0.998214,1
0.999809,0.000191,0
0.999223,0.000777,0
0.999422,0.000578,0
0.006211,0.993789,1
0.000173,0.999827,1
0.001557,0.998443,1
0.000155,0.999845,1
0.997893,0.002107,0
0.996275,0.003725,0
0.999500,0.000500,0
0.999787,0.000213,0
0.001120,0.998880,1
0.996383,0.003617,0
0.000674,0.999326,1
0.999328,0.000672,0
0.999500,0.000500,0
0.998046,0.001954,0
0.999008,0.000992,0
0.999429,0.000571,0
0.000215,0.999785,1
0.000042,0.999958,1
0.005203,0.994797,1
0.000068,0.999932,1
0.999860,0.000140,0
0.999360,0.000640,0
0.000495,0.999505,1
0.998888,0.001112,0
0.001138,0.998862,1
0.001519,0.998481,1
0.999880,0.000120,0
0.000294,0.999706,1
0.000539,0.999461,1
0.000426,0.999574,1
0.004782,0.995218,1
0.000320,0.999680,1
0.000870,0.999130,1
0.999503,0.000497,0
0.000096,0.999904,1
0.000277,0.999723,1
0.000272,0.999728,1
0.000352,0.999648,1
0.000218,0.999782,1
0.000311,0.999689,1
0.000349,0.999651,1
0.999772,0.000228,0
0.998187,0.001813,0
0.000522,0.999478,1
0.998129,0.001871,0
0.999176,0.000824,0
0.999102,0.000898,0
0.999131,0.000869,0
0.999777,0.000223,0
0.999115,0.000885,0
0.000254,0.999746,1
0.000160,0.999840,1
0.997808,0.002192,0
0.000071,0.999929,1
0.000160,0.999840,1
0.999290,0.000710,0
0.999697,0.000303,0
0.996639,0.003361,0
0.998862,0.001138,0
0.000090,0.999910,1
0.997558,0.002442,0
0.000220,0.999780,1
0.999029,0.000971,0
0.999211,0.000789,0
0.000267,0.999733,1
0.999744,0.000256,0
0.000282,0.999718,1
0.999078,0.000922,0
0.000438,0.999562,1
0.997677,0.002323,0
0.003656,0.996344,1
0.002792,0.997208,1
0.998929,0.001071,0
0.999226,0.000774,0
0.007914,0.992086,1
0.999528,0.000472,0
0.001285,0.998715,1
0.000740,0.999260,1
0.000479,0.999521,1
0.000244,0.999756,1
0.000169,0.999831,1
0.999788,0.000212,0
0.999077,0.000923,0
0.999745,0.000255,0
0.998053,0.001947,0
0.000999,0.999001,1
0.000356,0.999644,1
0.988084,0.011916,0
0.000009,0.999991,1
0.000808,0.999192,1
0.999378,0.000622,0
0.000370,0.999630,1
0.001130,0.998870,1
0.000285,0.999715,1
0.998931,0.001069,0
0.999460,0.000540,0
0.999414,0.000586,0
0.000024,0.999976,1
0.998332,0.001668,0
0.000759,0.999241,1
0.001211,0.998789,1
0.000230,0.999770,1
0.000213,0.999787,1
0.999636,0.000364,0
0.998825,0.001175,0
0.997784,0.002216,0
0.998586,0.001414,0
0.986006,0.013994,0
0.996639,0.003361,0
0.999710,0.000290,0
0.000948,0.999052,1
0.999401,0.000599,0
0.000288,0.999712,1
0.998455,0.001545,0
0.999342,0.000658,0
0.003844,0.996156,1
0.000184,0.999816,1
0.011665,0.988335,1
0.000777,0.999223,1
0.999306,0.000694,0
0.999447,0.000553,0
0.006069,0.993931,1
0.002462,0.997538,1
0.999323,0.000677,0
0.002072,0.997928,1
0.002607,0.997393,1
0.996822,0.003178,0
0.999766,0.000234,0
0.998326,0.001674,0
0.997767,0.002233,0
0.000075,0.999925,1
0.999141,0.000859,0
0.999463,0.000537,0
0.999290,0.000710,0
0.999281,0.000719,0
0.998632,0.001368,0
0.000296,0.999704,1
0.999610,0.000390,0
0.000623,0.999377,1
0.000277,0.999723,1
0.000293,0.999707,1
0.999781,0.000219,0
0.999437,0.000563,0
0.000675,0.999325,1
0.999012,0.000988,0
0.000140,0.999860,1
0.998272,0.001728,0
0.001521,0.998479,1
0.000575,0.999425,1
0.000021,0.999979,1
0.000463,0.999537,1
0.998120,0.001880,0
0.000532,0.999468,1
0.996203,0.003797,0
0.000274,0.999726,1
0.997767,0.002233,0
0.000835,0.999165,1
0.000213,0.999787,1
0.001117,0.998883,1
0.000078,0.999922,1
0.998901,0.001099,0
0.000857,0.999143,1
0.999721,0.000279,0
0.990054,0.009946,0
0.998885,0.001115,0
0.999808,0.000192,0
0.000358,0.999642,1
0.017214,0.982786,1
0.001104,0.998896,1
0.997207,0.002793,0
0.999943,0.000057,0
0.000318,0.999682,1
0.996596,0.003404,0
0.000580,0.999420,1
0.000300,0.999700,1
0.000090,0.999910,1
0.999815,0.000185,0
0.998824,0.001176,0
0.000249,0.999751,1
0.001174,0.998826,1
0.999439,0.000561,0
0.000257,0.999743,1
0.000649,0.999351,1
0.000609,0.999391,1
0.997950,0.002050,0
0.000921,0.999079,1
0.000375,0.999625,1
0.999151,0.000849,0
0.986223,0.013777,0
0.001584,0.998416,1
0.999920,0.000080,0
0.999721,0.000279,0
0.999533,0.000467,0
0.998624,0.001376,0
0.000063,0.999937,1
0.999703,0.000297,0
0.000426,0.999574,1
0.003260,0.996740,1
0.999587,0.000413,0
0.994259,0.005741,0
0.995105,0.004895,0
0.000545,0.999455,1
0.002464,0.997536,1
0.000756,0.999244,1
0.995541,0.004459,0
0.002855,0.997145,1
0.984171,0.015829,0
0.000089,0.999911,1
0.000102,0.999898,1
0.000620,0.999380,1
0.000356,0.999644,1
0.003633,0.996367,1
0.000094,0.999906,1
0.999610,0.000390,0
0.997594,0.002406,0
0.999239,0.000761,0
0.000239,0.999761,1
0.007453,0.992547,1
0.001404,0.998596,1
0.000144,0.999856,1
0.999601,0.000399,0
0.998202,0.001798,0
0.000363,0.999637,1
0.001068,0.998932,1
0.000526,0.999474,1
0.002753,0.997247,1
0.991951,0.008049,0
0.000222,0.999778,1
0.002130,0.997870,1
0.999254,0.000746,0
0.999820,0.000180,0
0.000467,0.999533,1
0.000235,0.999765,1
0.000043,0.999957,1
0.995815,0.004185,0
0.005688,0.994312,1
0.999142,0.000858,0
0.998170,0.001830,0
0.998842,0.001158,0
0.004754,0.995246,1
0.001510,0.998490,1
0.001010,0.998990,1
0.999839,0.000161,0
0.001708,0.998292,1
0.998719,0.001281,0
0.000338,0.999662,1
0.999765,0.000235,0
0.002254,0.997746,1
0.000969,0.999031,1
0.000347,0.999653,1
0.999538,0.000462,0
0.002207,0.997793,1
0.999689,0.000311,0
0.999512,0.000488,0
0.000544,0.999456,1
0.000053,0.999947,1
0.976846,0.023154,0
0.000639,0.999361,1
0.999189,0.000811,0
0.000064,0.999936,1
0.003545,0.996455,1
0.996806,0.003194,0
0.998624,0.001376,0
0.997637,0.002363,0
0.003783,0.996217,1
0.997610,0.002390,0
0.000015,0.999985,1
0.999467,0.000533,0
0.000652,0.999348,1
0.998938,0.001062,0
0.007916,0.992084,1
0.000258,0.999742,1
0.999218,0.000782,0
0.997988,0.002012,0
0.001056,0.998944,1
0.999354,0.000646,0
0.000252,0.999748,1
0.000977,0.999023,1
0.998322,0.001678,0
0.998830,0.001170,0
0.000720,0.999280,1
0.000148,0.999852,1
0.000300,0.999700,1
0.000228,0.999772,1
0.999755,0.000245,0
0.000475,0.999525,1
0.999548,0.000452,0
0.999436,0.000564,0
0.998561,0.001439,0
0.998650,0.001350,0
0.000287,0.999713,1
0.999697,0.000303,0
0.998990,0.001010,0
0.999054,0.000946,0
0.999256,0.000744,0
0.000082,0.999918,1
0.000358,0.999642,1
0.999765,0.000235,0
0.999280,0.000720,0
0.000494,0.999506,1
0.001396,0.998604,1
0.001421,0.998579,1
0.001510,0.998490,1
0.000556,0.999444,1
0.000588,0.999412,1
0.005646,0.994354,1
0.000606,0.999394,1
0.000091,0.999909,1
0.000144,0.999856,1
0.998055,0.001945,0
0.000049,0.999951,1
0.001594,0.998406,1
0.001500,0.998500,1
0.005771,0.994229,1
0.995866,0.004134,0
0.004221,0.995779,1
0.997505,0.002495,0
0.001904,0.998096,1
0.999894,0.000106,0
0.000205,0.999795,1
0.001170,0.998830,1
0.000387,0.999613,1
0.997912,0.002088,0
0.999833,0.000167,0
0.999814,0.000186,0
0.994627,0.005373,0
0.001026,0.998974,1
0.998272,0.001728,0
0.000288,0.999712,1
0.999859,0.000141,0
0.999478,0.000522,0
0.999854,0.000146,0
0.000917,0.999083,1
0.999600,0.000400,0
0.000310,0.999690,1
0.999429,0.000571,0
0.998402,0.001598,0
0.999491,0.000509,0
0.000486,0.999514,1
0.000715,0.999285,1
0.002790,0.997210,1
0.997730,0.002270,0
0.000152,0.999848,1
0.999349,0.000651,0
0.000384,0.999616,1
0.001529,0.998471,1
0.998820,0.001180,0
0.998218,0.001782,0
0.000339,0.999661,1
0.001102,0.998898,1
0.999129,0.000871,0
0.000794,0.999206,1
0.000190,0.999810,1
0.000301,0.999699,1
0.000214,0.999786,1
0.999531,0.000469,0
0.000337,0.999663,1
0.000326,0.999674,1
0.000140,0.999860,1
0.995301,0.004699,0
0.000549,0.999451,1
0.001751,0.998249,1
0.995937,0.004063,0
0.000303,0.999697,1
0.000117,0.999883,1
0.999791,0.000209,0
0.004289,0.995711,1
0.998244,0.001756,0
0.000528,0.999472,1
0.998805,0.001195,0
0.000627,0.999373,1
0.001197,0.998803,1
0.999020,0.000980,0
0.000106,0.999894,1
0.997107,0.002893,0
0.000113,0.999887,1
0.997761,0.002239,0
0.000131,0.999869,1
0.001840,0.998160,1
0.001771,0.998229,1
0.998974,0.001026,0
0.999903,0.000097,0
0.995316,0.004684,0
0.998698,0.001302,0
0.999521,0.000479,0
0.004943,0.995057,1
0.998775,0.001225,0
0.997431,0.002569,0
0.998558,0.001442,0
0.999246,0.000754,0
0.000885,0.999115,1
0.002719,0.997281,1
0.000108,0.999892,1
0.998815,0.001185,0
0.001698,0.998302,1
0.000068,0.999932,1
0.999814,0.000186,0
0.002271,0.997729,1
0.000039,0.999961,1
0.000891,0.999109,1
0.993448,0.006552,0
0.000782,0.999218,1
0.001417,0.998583,1
0.000823,0.999177,1
0.999798,0.000202,0
0.000926,0.999074,1
0.001043,0.998957,1
0.000142,0.999858,1
0.997660,0.002340,0
0.998930,0.001070,0
0.000113,0.999887,1
0.000080,0.999920,1
0.996415,0.003585,0
0.001610,0.998390,1
0.000465,0.999535,1
0.000682,0.999318,1
0.004481,0.995519,1
0.000256,0.999744,1
0.000587,0.999413,1
0.000457,0.999543,1
0.999742,0.000258,0
0.002831,0.997169,1
0.999010,0.000990,0
0.002897,0.997103,1
0.002068,0.997932,1
0.000059,0.999941,1
0.000617,0.999383,1
0.000357,0.999643,1
0.000733,0.999267,1
0.000289,0.999711,1
0.000710,0.999290,1
0.000044,0.999956,1
0.000140,0.999860,1
0.992189,0.007811,0
0.998981,0.001019,0
0.998990,0.001010,0
0.012373,0.987627,1
0.001565,0.998435,1
0.002166,0.997834,1
0.000582,0.999418,1
0.997618,0.002382,0
0.990117,0.009883,0
0.000484,0.999516,1
0.999125,0.000875,0
0.999002,0.000998,0
0.000072,0.999928,1
0.998863,0.001137,0
0.000389,0.999611,1
0.999284,0.000716,0
0.001497,0.998503,1
0.998935,0.001065,0
0.004971,0.995029,1
0.003391,0.996609,1
0.000191,0.999809,1
0.997789,0.002211,0
0.000133,0.999867,1
0.000021,0.999979,1
0.000296,0.999704,1
0.002359,0.997641,1
0.001724,0.998276,1
0.000313,0.999687,1
0.002974,0.997026,1
0.011852,0.988148,1
0.997256,0.002744,0
0.999659,0.000341,0
0.994533,0.005467,0
0.999345,0.000655,0
0.999422,0.000578,0
0.998885,0.001115,0
0.000172,0.999828,1
0.000020,0.999980,1
0.001524,0.998476,1
0.002034,0.997966,1
0.000089,0.999911,1
0.999511,0.000489,0
0.999045,0.000955,0
0.000551,0.999449,1
0.001754,0.998246,1
0.000029,0.999971,1
0.998201,0.001799,0
0.000707,0.999293,1
0.000551,0.999449,1
0.000134,0.999866,1
0.000183,0.999817,1
0.001004,0.998996,1
0.000787,0.999213,1
0.001141,0.998859,1
0.999578,0.000422,0
0.000744,0.999256,1
0.999681,0.000319,0
0.002272,0.997728,1
0.000443,0.999557,1
0.999395,0.000605,0
0.001738,0.998262,1
0.998426,0.001574,0
0.999509,0.000491,0
0.000314,0.999686,1
0.999835,0.000165,0
0.001523,0.998477,1
0.999553,0.000447,0
0.001749,0.998251,1
0.000371,0.999629,1
0.999797,0.000203,0
0.995909,0.004091,0
0.005215,0.994785,1
0.999806,0.000194,0
0.999655,0.000345,0
0.998594,0.001406,0
0.996386,0.003614,0
0.998211,0.001789,0
0.000075,0.999925,1
0.001400,0.998600,1
0.000603,0.999397,1
0.997384,0.002616,0
0.999470,0.000530,0
0.000690,0.999310,1
0.000560,0.999440,1
0.999679,0.000321,0
0.000749,0.999251,1
0.999599,0.000401,0
0.000130,0.999870,1
0.999671,0.000329,0
0.999511,0.000489,0
0.998287,0.001713,0
0.000292,0.999708,1
0.004976,0.995024,1
0.999456,0.000544,0
0.000190,0.999810,1
0.000492,0.999508,1
0.000338,0.999662,1
0.000454,0.999546,1
0.000254,0.999746,1
0.001650,0.998350,1
0.000256,0.999744,1
0.002432,0.997568,1
0.001347,0.998653,1
0.999850,0.000150,0
0.993928,0.006072,0
0.001700,0.998300,1
0.000356,0.999644,1
0.997508,0.002492,0
0.996786,0.003214,0
0.000239,0.999761,1
0.000856,0.999144,1
0.999925,0.000075,0
0.001973,0.998027,1
0.001057,0.998943,1
0.999345,0.000655,0
0.999552,0.000448,0
0.000787,0.999213,1
0.000273,0.999727,1
0.002485,0.997515,1
0.000365,0.999635,1
0.000936,0.999064,1
0.000301,0.999699,1
0.998820,0.001180,0
0.000244,0.999756,1
0.998496,0.001504,0
0.999953,0.000047,0
0.002528,0.997472,1
0.000252,0.999748,1
0.000239,0.999761,1
0.000419,0.999581,1
0.976221,0.023779,0
0.001043,0.998957,1
0.999709,0.000291,0
0.001693,0.998307,1
0.999561,0.000439,0
0.000838,0.999162,1
0.000219,0.999781,1
0.998959,0.001041,0
0.001184,0.998816,1
0.005106,0.994894,1
0.000995,0.999005,1
0.000201,0.999799,1
0.000634,0.999366,1
0.999945,0.000055,0
0.000581,0.999419,1
0.997572,0.002428,0
0.998617,0.001383,0
0.999130,0.000870,0
0.004358,0.995642,1
0.999023,0.000977,0
0.999516,0.000484,0
0.998965,0.001035,0
0.003825,0.996175,1
0.999402,0.000598,0
0.000485,0.999515,1
0.999362,0.000638,0
0.000685,0.999315,1
0.998361,0.001639,0
0.995702,0.004298,0
0.999224,0.000776,0
0.990502,0.009498,0
0.000775,0.999225,1
0.000075,0.999925,1
0.000080,0.999920,1
0.000638,0.999362,1
0.000539,0.999461,1
0.000271,0.999729,1
0.002408,0.997592,1
0.000492,0.999508,1
0.000131,0.999869,1
0.997851,0.002149,0
0.998949,0.001051,0
0.999414,0.000586,0
0.000047,0.999953,1
0.000727,0.999273,1
0.000365,0.999635,1
0.999345,0.000655,0
0.000264,0.999736,1
0.000441,0.999559,1
0.000067,0.999933,1
0.001082,0.998918,1
0.998946,0.001054,0
0.991741,0.008259,0
0.999375,0.000625,0
0.001829,0.998171,1
0.000329,0.999671,1
0.001337,0.998663,1
0.001775,0.998225,1
0.001430,0.998570,1
0.004768,0.995232,1
0.014712,0.985288,1
0.999264,0.000736,0
0.000051,0.999949,1
0.000977,0.999023,1
0.988558,0.011442,0
0.996197,0.003803,0
0.999696,0.000304,0
0.001427,0.998573,1
0.999074,0.000926,0
0.999575,0.000425,0
0.000633,0.999367,1
0.000338,0.999662,1
0.999762,0.000238,0
0.001304,0.998696,1
0.000224,0.999776,1
0.000310,0.999690,1
0.000068,0.999932,1
0.998820,0.001180,0
0.000164,0.999836,1
0.000375,0.999625,1
0.999513,0.000487,0
0.000275,0.999725,1
0.000457,0.999543,1
0.999531,0.000469,0
0.000779,0.999221,1
0.000788,0.999212,1
0.999359,0.000641,0
0.998944,0.001056,0
0.001010,0.998990,1
0.999706,0.000294,0
0.000126,0.999874,1
0.997571,0.002429,0
0.000469,0.999531,1
0.998597,0.001403,0
0.000553,0.999447,1
0.001077,0.998923,1
0.001136,0.998864,1
0.999883,0.000117,0
0.000107,0.999893,1
0.999310,0.000690,0
0.998793,0.001207,0
0.997171,0.002829,0
0.998352,0.001648,0
0.000384,0.999616,1
0.000015,0.999985,1
0.996354,0.003646,0
0.000392,0.999608,1
0.000302,0.999698,1
0.994154,0.005846,0
0.000641,0.999359,1
0.999315,0.000685,0
0.000584,0.999416,1
0.998558,0.001442,0
0.999050,0.000950,0
0.999580,0.000420,0
0.000108,0.999892,1
0.998818,0.001182,0
0.000123,0.999877,1
0.001821,0.998179,1
0.000312,0.999688,1
0.999500,0.000500,0
0.000062,0.999938,1
0.998830,0.001170,0
0.998711,0.001289,0
0.999531,0.000469,0
0.002796,0.997204,1
0.999071,0.000929,0
0.000701,0.999299,1
0.000004,0.999996,1
0.998928,0.001072,0
0.000439,0.999561,1
0.999943,0.000057,0
0.999897,0.000103,0
0.999672,0.000328,0
0.000937,0.999063,1
0.000316,0.999684,1
0.999474,0.000526,0
0.001843,0.998157,1
0.999360,0.000640,0
0.998644,0.001356,0
0.000348,0.999652,1
0.001707,0.998293,1
0.884086,0.115914,0
0.999525,0.000475,0
0.002398,0.997602,1
0.000390,0.999610,1
0.999417,0.000583,0
0.000168,0.999832,1
0.987847,0.012153,0
0.001874,0.998126,1
0.996376,0.003624,0
0.000348,0.999652,1
0.999178,0.000822,0
0.999687,0.000313,0
0.009588,0.990412,1
0.998300,0.001700,0
0.999783,0.000217,0
0.999866,0.000134,0
0.999714,0.000286,0
0.000183,0.999817,1
0.999448,0.000552,0
0.998933,0.001067,0
0.003897,0.996103,1
0.999878,0.000122,0
0.000322,0.999678,1
0.999717,0.000283,0
0.000276,0.999724,1
0.000559,0.999441,1
0.000951,0.999049,1
0.000035,0.999965,1
0.003940,0.996060,1
0.000490,0.999510,1
0.000068,0.999932,1
0.001313,0.998687,1
0.000204,0.999796,1
0.000768,0.999232,1
0.997969,0.002031,0
0.001687,0.998313,1
0.998728,0.001272,0
0.998330,0.001670,0
0.998872,0.001128,0
0.000211,0.999789,1
0.000034,0.999966,1
0.999057,0.000943,0
0.001594,0.998406,1
0.996676,0.003324,0
0.999444,0.000556,0
0.999729,0.000271,0
0.998880,0.001120,0
0.001000,0.999000,1
0.999365,0.000635,0
0.999835,0.000165,0
0.000131,0.999869,1
0.000084,0.999916,1
0.000425,0.999575,1
0.000011,0.999989,1
0.001148,0.998852,1
0.998576,0.001424,0
0.000620,0.999380,1
0.998037,0.001963,0
0.000122,0.999878,1
0.001017,0.998983,1
0.999643,0.000357,0
0.000659,0.999341,1
0.999389,0.000611,0
0.993829,0.006171,0
0.000511,0.999489,1
0.999495,0.000505,0
0.999672,0.000328,0
0.000832,0.999168,1
0.000435,0.999565,1
0.000187,0.999813,1
0.000219,0.999781,1
0.998762,0.001238,0
0.000256,0.999744,1
0.281003,0.718997,1
0.002528,0.997472,1
0.000211,0.999789,1
0.999011,0.000989,0
0.001345,0.998655,1
0.000838,0.999162,1
0.000639,0.999361,1
0.999631,0.000369,0
0.997808,0.002192,0
0.000773,0.999227,1
0.999223,0.000777,0
0.001436,0.998564,1
0.000951,0.999049,1
0.999801,0.000199,0
0.999494,0.000506,0
0.997599,0.002401,0
0.995738,0.004262,0
0.997738,0.002262,0
0.999847,0.000153,0
0.003273,0.996727,1
0.998385,0.001615,0
0.000040,0.999960,1
0.999919,0.000081,0
0.000499,0.999501,1
0.998905,0.001095,0
0.000273,0.999727,1
0.000198,0.999802,1
0.000399,0.999601,1
0.000239,0.999761,1
0.001775,0.998225,1
0.000874,0.999126,1
0.000115,0.999885,1
0.000506,0.999494,1
0.998532,0.001468,0
0.000905,0.999095,1
0.000356,0.999644,1
0.000039,0.999961,1
0.000504,0.999496,1
0.000256,0.999744,1
0.001358,0.998642,1
0.000560,0.999440,1
0.997950,0.002050,0
0.000499,0.999501,1
0.001148,0.998852,1
0.000142,0.999858,1
0.999628,0.000372,0
0.000456,0.999544,1
0.999123,0.000877,0
0.998674,0.001326,0
0.000518,0.999482,1
0.998368,0.001632,0
0.999786,0.000214,0
0.001021,0.998979,1
0.001963,0.998037,1
0.999400,0.000600,0
0.997584,0.002416,0
0.999457,0.000543,0
0.000022,0.999978,1
0.999435,0.000565,0
0.997167,0.002833,0
0.997715,0.002285,0
0.999748,0.000252,0
0.998103,0.001897,0
0.001341,0.998659,1
0.001264,0.998736,1
0.001086,0.998914,1
0.001351,0.998649,1
0.000715,0.999285,1
0.000546,0.999454,1
0.999854,0.000146,0
0.999737,0.000263,0
0.001243,0.998757,1
0.999707,0.000293,0
0.000860,0.999140,1
0.000922,0.999078,1
0.001148,0.998852,1
0.998699,0.001301,0
0.999519,0.000481,0
0.001277,0.998723,1
0.000337,0.999663,1
0.001191,0.998809,1
0.998599,0.001401,0
0.999461,0.000539,0
0.000074,0.999926,1
0.998610,0.001390,0
0.000096,0.999904,1
0.000095,0.999905,1
0.999695,0.000305,0
0.000588,0.999412,1
0.005294,0.994706,1
0.001234,0.998766,1
0.000369,0.999631,1
0.000050,0.999950,1
0.000172,0.999828,1
0.000605,0.999395,1
0.999610,0.000390,0
0.000017,0.999983,1
0.999389,0.000611,0
0.994833,0.005167,0
0.999834,0.000166,0
0.001073,0.998927,1
0.002573,0.997427,1
0.999039,0.000961,0
0.999854,0.000146,0
0.000295,0.999705,1
0.999209,0.000791,0
0.001888,0.998112,1
0.000684,0.999316,1
0.001069,0.998931,1
0.000104,0.999896,1
0.003202,0.996798,1
0.001511,0.998489,1
0.015432,0.984568,1
0.000376,0.999624,1
0.000389,0.999611,1
0.999039,0.000961,0
0.001329,0.998671,1
0.999325,0.000675,0
0.000770,0.999230,1
0.000553,0.999447,1
0.998285,0.001715,0
0.998557,0.001443,0
0.000244,0.999756,1
0.001113,0.998887,1
0.999240,0.000760,0
0.004481,0.995519,1
0.000644,0.999356,1
0.001465,0.998535,1
0.000162,0.999838,1
0.001561,0.998439,1
0.999398,0.000602,0
0.999173,0.000827,0
0.000144,0.999856,1
0.000170,0.999830,1
0.999559,0.000441,0
0.000836,0.999164,1
0.000110,0.999890,1
0.999490,0.000510,0
0.998120,0.001880,0
0.000871,0.999129,1
0.998735,0.001265,0
0.000712,0.999288,1
0.001596,0.998404,1
0.001529,0.998471,1
0.999562,0.000438,0
0.000567,0.999433,1
0.999451,0.000549,0
0.000371,0.999629,1
0.000403,0.999597,1
0.999180,0.000820,0
0.999692,0.000308,0
0.000573,0.999427,1
0.003512,0.996488,1
0.998276,0.001724,0
0.000428,0.999572,1
0.998292,0.001708,0
0.000283,0.999717,1
0.000418,0.999582,1
0.001050,0.998950,1
0.000539,0.999461,1
0.999631,0.000369,0
0.999905,0.000095,0
0.000593,0.999407,1
0.999788,0.000212,0
0.000628,0.999372,1
0.998240,0.001760,0
0.999492,0.000508,0
0.999702,0.000298,0
0.999374,0.000626,0
0.000128,0.999872,1
0.999481,0.000519,0
0.007556,0.992444,1
0.001051,0.998949,1
0.999276,0.000724,0
0.998779,0.001221,0
0.999293,0.000707,0
0.999519,0.000481,0
0.999290,0.000710,0
0.999761,0.000239,0
0.000509,0.999491,1
0.998455,0.001545,0
0.999498,0.000502,0
0.000755,0.999245,1
0.000799,0.999201,1
0.999672,0.000328,0
0.001658,0.998342,1
0.000286,0.999714,1
0.999671,0.000329,0
0.999279,0.000721,0
0.999176,0.000824,0
0.001684,0.998316,1
0.001747,0.998253,1
0.000613,0.999387,1
0.999445,0.000555,0
0.002018,0.997982,1
0.999806,0.000194,0
0.998253,0.001747,0
0.000140,0.999860,1
0.999773,0.000227,0
0.000019,0.999981,1
0.001840,0.998160,1
0.000402,0.999598,1
0.999456,0.000544,0
0.000063,0.999937,1
0.999799,0.000201,0
0.000308,0.999692,1
0.000692,0.999308,1
0.002361,0.997639,1
0.001247,0.998753,1
0.002813,0.997187,1
0.997637,0.002363,0
0.999393,0.000607,0
0.001113,0.998887,1
0.001400,0.998600,1
0.997219,0.002781,0
0.001208,0.998792,1
0.000224,0.999776,1
0.001211,0.998789,1
0.002498,0.997502,1
0.001865,0.998135,1
0.001145,0.998855,1
0.000104,0.999896,1
0.000554,0.999446,1
0.000125,0.999875,1
0.000843,0.999157,1
0.000405,0.999595,1
0.002381,0.997619,1
0.000297,0.999703,1
0.014501,0.985499,1
0.000057,0.999943,1
0.000099,0.999901,1
0.002632,0.997368,1
0.000471,0.999529,1
0.002403,0.997597,1
0.998282,0.001718,0
0.001344,0.998656,1
0.999447,0.000553,0
0.997879,0.002121,0
0.000308,0.999692,1
0.001825,0.998175,1
0.000348,0.999652,1
0.999541,0.000459,0
0.999755,0.000245,0
0.998052,0.001948,0
0.999888,0.000112,0
0.998098,0.001902,0
0.000375,0.999625,1
0.998922,0.001078,0
0.002618,0.997382,1
0.000747,0.999253,1
0.000074,0.999926,1
0.000806,0.999194,1
0.999255,0.000745,0
0.001012,0.998988,1
0.000073,0.999927,1
0.999361,0.000639,0
0.003502,0.996498,1
0.000341,0.999659,1
0.000450,0.999550,1
0.000906,0.999094,1
0.998803,0.001197,0
0.998910,0.001090,0
0.000232,0.999768,1
0.000490,0.999510,1
0.998515,0.001485,0
0.000582,0.999418,1
0.999353,0.000647,0
0.000246,0.999754,1
0.999689,0.000311,0
0.000247,0.999753,1
0.000646,0.999354,1
0.000159,0.999841,1
0.999855,0.000145,0
0.005034,0.994966,1
0.999759,0.000241,0
0.998990,0.001010,0
0.000062,0.999938,1
0.000059,0.999941,1
0.000207,0.999793,1
0.999741,0.000259,0
0.999230,0.000770,0
0.000144,0.999856,1
0.999434,0.000566,0
0.002308,0.997692,1
0.000576,0.999424,1
0.000520,0.999480,1
0.002888,0.997112,1
0.999766,0.000234,0
0.000569,0.999431,1
0.999512,0.000488,0
0.001270,0.998730,1
0.999228,0.000772,0
0.001997,0.998003,1
0.000887,0.999113,1
0.999904,0.000096,0
0.000962,0.999038,1
0.995393,0.004607,0
0.999518,0.000482,0
0.000554,0.999446,1
0.004650,0.995350,1
