score0,score1,class
0.000303,0.999697,1
0.999992,0.000008,0
0.999945,0.000055,0
0.999683,0.000317,0
0.000002,0.999998,1
0.000388,0.999612,1
0.000536,0.999464,1
0.000796,0.999204,1
0.999977,0.000023,0
0.000035,0.999965,1
0.999981,0.000019,0
0.000004,0.999996,1
0.000010,0.999990,1
0.000018,0.999982,1
0.999882,0.000118,0
0.000258,0.999742,1
0.999057,0.000943,0
0.999942,0.000058,0
0.999734,0.000266,0
0.000020,0.999980,1
0.999597,0.000403,0
0.000279,0.999721,1
0.000137,0.999863,1
1.000000,0.000000,0
0.999912,0.000088,0
0.000176,0.999824,1
0.999994,0.000006,0
0.999460,0.000540,0
0.999973,0.000027,0
0.000157,0.999843,1
0.000001,0.999999,1
0.999983,0.000017,0
0.999965,0.000035,0
0.000078,0.999922,1
0.000390,0.999610,1
0.999765,0.000235,0
0.999833,0.000167,0
0.999967,0.000033,0
0.999914,0.000086,0
0.000000,1.000000,1
0.999989,0.000011,0
0.999734,0.000266,0
0.999915,0.000085,0
0.009625,0.990375,1
0.999221,0.000779,0
0.999998,0.000002,0
0.000007,0.999993,1
0.999933,0.000067,0
0.000006,0.999994,1
0.999426,0.000574,0
0.000008,0.999992,1
0.000000,1.000000,1
0.999948,0.000052,0
0.999961,0.000039,0
0.999907,0.000093,0
0.999978,0.000022,0
0.000158,0.999842,1
0.000523,0.999477,1
0.000527,0.999473,1
0.999837,0.000163,0
0.997512,0.002488,0
0.000049,0.999951,1
0.999881,0.000119,0
0.000309,0.999691,1
0.000065,0.999935,1
0.000000,1.000000,1
0.999742,0.000258,0
0.999730,0.000270,0
0.999959,0.000041,0
0.999910,0.000090,0
0.999989,0.000011,0
0.000054,0.999946,1
0.999957,0.000043,0
0.999921,0.000079,0
0.000036,0.999964,1
0.999931,0.000069,0
0.000011,0.999989,1
0.000144,0.999856,1
0.000451,0.999549,1
0.000128,0.999872,1
0.999907,0.000093,0
0.000034,0.999966,1
0.000001,0.999999,1
0.000209,0.999791,1
0.999995,0.000005,0
0.000026,0.999974,1
0.000303,0.999697,1
0.000030,0.999970,1
0.000006,0.999994,1
0.999983,0.000017,0
0.000965,0.999035,1
0.000020,0.999980,1
0.000014,0.999986,1
0.999861,0.000139,0
0.999719,0.000281,0
0.999968,0.000032,0
0.000015,0.999985,1
0.999820,0.000180,0
0.000003,0.999997,1
0.999803,0.000197,0
0.000109,0.999891,1
0.999284,0.000716,0
0.000050,0.999950,1
0.000035,0.999965,1
0.000123,0.999877,1
0.000027,0.999973,1
0.000152,0.999848,1
0.000166,0.999834,1
0.000006,0.999994,1
0.999762,0.000238,0
0.999794,0.000206,0
0.999868,0.000132,0
0.999849,0.000151,0
0.999900,0.000100,0
0.999995,0.000005,0
0.999984,0.000016,0
0.999981,0.000019,0
0.000001,0.999999,1
0.000190,0.999810,1
0.000095,0.999905,1
0.000330,0.999670,1
0.000047,0.999953,1
0.999907,0.000093,0
0.999918,0.000082,0
0.000173,0.999827,1
0.999973,0.000027,0
0.000006,0.999994,1
0.000118,0.999882,1
0.000019,0.999981,1
0.999999,0.000001,0
0.000178,0.999822,1
0.999933,0.000067,0
0.000942,0.999058,1
0.999846,0.000154,0
0.000092,0.999908,1
0.999991,0.000009,0
0.999946,0.000054,0
0.000226,0.999774,1
0.000162,0.999838,1
0.001263,0.998737,1
0.001485,0.998515,1
0.000013,0.999987,1
0.000016,0.999984,1
0.999860,0.000140,0
0.000017,0.999983,1
0.999983,0.000017,0
0.999927,0.000073,0
0.000004,0.999996,1
0.000430,0.999570,1
0.000407,0.999593,1
0.000001,0.999999,1
0.999683,0.000317,0
0.000002,0.999998,1
0.000048,0.999952,1
0.999906,0.000094,0
0.999903,0.000097,0
0.999852,0.000148,0
0.000004,0.999996,1
0.000214,0.999786,1
0.999928,0.000072,0
0.999964,0.000036,0
0.000623,0.999377,1
0.999996,0.000004,0
0.999863,0.000137,0
0.999546,0.000454,0
0.999743,0.000257,0
0.000054,0.999946,1
0.999897,0.000103,0
0.999995,0.000005,0
0.000033,0.999967,1
0.000155,0.999845,1
0.999955,0.000045,0
0.999819,0.000181,0
0.999664,0.000336,0
0.000291,0.999709,1
0.000070,0.999930,1
0.000024,0.999976,1
0.999677,0.000323,0
0.999931,0.000069,0
0.000031,0.999969,1
0.000011,0.999989,1
0.000000,1.000000,1
0.000091,0.999909,1
0.999942,0.000058,0
0.000035,0.999965,1
0.999917,0.000083,0
0.999972,0.000028,0
0.000000,1.000000,1
0.000194,0.999806,1
0.999938,0.000062,0
0.998924,0.001076,0
0.000019,0.999981,1
0.999604,0.000396,0
0.000284,0.999716,1
0.000029,0.999971,1
0.000002,0.999998,1
0.000001,0.999999,1
0.000221,0.999779,1
0.999776,0.000224,0
0.000012,0.999988,1
0.000397,0.999603,1
0.000120,0.999880,1
0.000219,0.999781,1
0.000132,0.999868,1
0.999870,0.000130,0
0.999996,0.000004,0
0.999966,0.000034,0
0.000440,0.999560,1
0.000171,0.999829,1
0.999945,0.000055,0
0.000028,0.999972,1
0.000397,0.999603,1
0.000154,0.999846,1
0.999929,0.000071,0
0.999950,0.000050,0
0.000032,0.999968,1
0.000221,0.999779,1
0.999927,0.000073,0
0.000072,0.999928,1
0.000001,0.999999,1
0.000055,0.999945,1
0.000045,0.999955,1
0.000330,0.999670,1
0.999974,0.000026,0
0.999959,0.000041,0
0.999557,0.000443,0
0.999967,0.000033,0
0.000269,0.999731,1
0.000037,0.999963,1
0.999971,0.000029,0
0.999636,0.000364,0
0.000038,0.999962,1
0.999935,0.000065,0
0.000470,0.999530,1
0.999867,0.000133,0
0.998262,0.001738,0
0.000003,0.999997,1
0.999423,0.000577,0
0.999879,0.000121,0
0.000097,0.999903,1
0.999724,0.000276,0
0.999532,0.000468,0
0.000186,0.999814,1
0.000176,0.999824,1
0.000000,1.000000,1
0.000590,0.999410,1
0.999614,0.000386,0
0.000402,0.999598,1
0.999882,0.000118,0
0.000049,0.999951,1
0.000017,0.999983,1
0.999930,0.000070,0
0.999993,0.000007,0
0.000000,1.000000,1
0.000013,0.999987,1
0.000136,0.999864,1
0.999880,0.000120,0
0.000062,0.999938,1
0.000264,0.999736,1
0.001302,0.998698,1
0.999997,0.000003,0
0.000124,0.999876,1
0.000000,1.000000,1
0.999996,0.000004,0
0.000015,0.999985,1
0.999933,0.000067,0
0.999962,0.000038,0
0.000024,0.999976,1
0.009070,0.990930,1
0.999991,0.000009,0
0.000031,0.999969,1
0.000001,0.999999,1
0.999961,0.000039,0
0.000001,0.999999,1
0.999540,0.000460,0
0.001030,0.998970,1
0.000243,0.999757,1
0.999349,0.000651,0
0.999999,0.000001,0
0.999871,0.000129,0
0.999785,0.000215,0
0.999998,0.000002,0
0.999616,0.000384,0
0.000089,0.999911,1
0.000005,0.999995,1
0.999951,0.000049,0
0.999974,0.000026,0
0.999860,0.000140,0
0.000083,0.999917,1
0.999913,0.000087,0
0.999905,0.000095,0
0.999989,0.000011,0
0.999982,0.000018,0
0.000448,0.999552,1
0.000402,0.999598,1
0.000476,0.999524,1
0.999903,0.000097,0
0.000008,0.999992,1
0.997739,0.002261,0
0.000002,0.999998,1
0.000000,1.000000,1
0.999958,0.000042,0
0.999761,0.000239,0
0.000218,0.999782,1
0.000004,0.999996,1
0.999946,0.000054,0
0.999967,0.000033,0
0.000195,0.999805,1
0.999959,0.000041,0
0.000029,0.999971,1
0.999614,0.000386,0
0.999835,0.000165,0
0.999992,0.000008,0
0.001043,0.998957,1
0.001349,0.998651,1
0.000197,0.999803,1
0.999933,0.000067,0
0.000053,0.999947,1
0.000011,0.999989,1
0.000061,0.999939,1
0.000024,0.999976,1
0.000003,0.999997,1
0.999944,0.000056,0
0.999988,0.000012,0
0.000612,0.999388,1
0.000074,0.999926,1
0.000000,1.000000,1
0.000198,0.999802,1
0.999998,0.000002,0
0.000103,0.999897,1
0.000011,0.999989,1
0.000755,0.999245,1
0.999988,0.000012,0
0.000000,1.000000,1
0.000453,0.999547,1
0.999972,0.000028,0
0.999609,0.000391,0
0.999996,0.000004,0
0.999985,0.000015,0
0.001211,0.998789,1
0.999980,0.000020,0
0.000970,0.999030,1
0.999951,0.000049,0
0.000201,0.999799,1
0.999993,0.000007,0
0.999969,0.000031,0
0.999860,0.000140,0
0.999969,0.000031,0
0.999879,0.000121,0
0.999840,0.000160,0
0.999961,0.000039,0
0.000042,0.999958,1
0.999847,0.000153,0
0.000782,0.999218,1
0.000702,0.999298,1
0.000114,0.999886,1
0.000187,0.999813,1
0.999991,0.000009,0
0.999977,0.000023,0
0.000104,0.999896,1
0.000145,0.999855,1
0.000006,0.999994,1
0.000029,0.999971,1
0.000000,1.000000,1
0.000830,0.999170,1
0.000130,0.999870,1
0.001674,0.998326,1
0.999975,0.000025,0
0.000022,0.999978,1
0.000266,0.999734,1
0.998757,0.001243,0
0.000009,0.999991,1
0.999970,0.000030,0
0.999738,0.000262,0
0.999836,0.000164,0
0.000033,0.999967,1
0.999938,0.000062,0
0.999994,0.000006,0
0.999870,0.000130,0
0.000478,0.999522,1
0.000276,0.999724,1
0.999253,0.000747,0
0.000042,0.999958,1
0.000007,0.999993,1
0.999968,0.000032,0
0.000196,0.999804,1
0.001853,0.998147,1
0.000004,0.999996,1
0.000166,0.999834,1
0.000060,0.999940,1
0.000130,0.999870,1
0.999984,0.000016,0
0.000009,0.999991,1
0.000039,0.999961,1
0.000024,0.999976,1
0.999607,0.000393,0
0.000005,0.999995,1
0.999943,0.000057,0
0.999876,0.000124,0
0.000154,0.999846,1
0.000287,0.999713,1
0.000066,0.999934,1
0.000326,0.999674,1
0.999963,0.000037,0
0.999923,0.000077,0
0.000017,0.999983,1
0.000063,0.999937,1
0.000003,0.999997,1
0.000008,0.999992,1
0.000144,0.999856,1
0.999975,0.000025,0
0.999977,0.000023,0
0.000019,0.999981,1
0.000000,1.000000,1
0.999992,0.000008,0
0.000067,0.999933,1
0.998110,0.001890,0
0.000168,0.999832,1
0.000000,1.000000,1
0.000011,0.999989,1
0.000004,0.999996,1
0.999908,0.000092,0
0.000011,0.999989,1
0.999952,0.000048,0
0.999995,0.000005,0
0.999826,0.000174,0
0.999916,0.000084,0
0.000246,0.999754,1
0.999943,0.000057,0
0.000043,0.999957,1
0.999917,0.000083,0
0.000002,0.999998,1
0.000010,0.999990,1
0.000133,0.999867,1
0.999988,0.000012,0
0.000556,0.999444,1
0.999965,0.000035,0
0.999990,0.000010,0
0.000012,0.999988,1
0.999714,0.000286,0
0.999976,0.000024,0
0.999779,0.000221,0
0.000009,0.999991,1
0.000065,0.999935,1
0.000303,0.999697,1
0.000078,0.999922,1
0.000114,0.999886,1
0.999927,0.000073,0
0.000087,0.999913,1
0.999996,0.000004,0
0.000002,0.999998,1
0.000004,0.999996,1
0.999526,0.000474,0
0.000724,0.999276,1
0.999826,0.000174,0
0.000032,0.999968,1
0.000004,0.999996,1
0.000015,0.999985,1
0.999985,0.000015,0
0.000012,0.999988,1
0.999975,0.000025,0
0.000029,0.999971,1
0.000359,0.999641,1
0.999965,0.000035,0
0.000078,0.999922,1
0.998891,0.001109,0
0.000166,0.999834,1
0.000020,0.999980,1
0.999993,0.000007,0
0.999944,0.000056,0
0.000222,0.999778,1
0.999855,0.000145,0
0.999842,0.000158,0
0.000424,0.999576,1
0.999987,0.000013,0
0.999954,0.000046,0
0.999975,0.000025,0
0.999933,0.000067,0
0.000018,0.999982,1
0.999964,0.000036,0
0.000228,0.999772,1
0.999993,0.000007,0
0.000037,0.999963,1
0.999875,0.000125,0
0.000155,0.999845,1
0.999951,0.000049,0
0.999985,0.000015,0
0.000150,0.999850,1
0.999900,0.000100,0
0.999987,0.000013,0
0.999923,0.000077,0
0.000113,0.999887,1
0.000008,0.999992,1
0.999991,0.000009,0
0.999909,0.000091,0
0.000132,0.999868,1
0.000010,0.999990,1
0.000336,0.999664,1
0.999937,0.000063,0
0.001309,0.998691,1
0.000038,0.999962,1
0.000100,0.999900,1
0.000008,0.999992,1
0.000072,0.999928,1
0.999993,0.000007,0
0.999730,0.000270,0
0.000041,0.999959,1
0.999998,0.000002,0
0.999705,0.000295,0
0.000034,0.999966,1
0.000116,0.999884,1
0.999288,0.000712,0
0.999994,0.000006,0
0.000012,0.999988,1
0.999977,0.000023,0
0.000021,0.999979,1
0.000035,0.999965,1
0.998273,0.001727,0
0.000000,1.000000,1
0.000053,0.999947,1
0.999954,0.000046,0
0.999976,0.000024,0
0.000005,0.999995,1
0.000009,0.999991,1
0.002686,0.997314,1
0.000004,0.999996,1
0.000009,0.999991,1
0.999976,0.000024,0
0.000008,0.999992,1
0.999948,0.000052,0
0.000062,0.999938,1
0.999888,0.000112,0
0.000028,0.999972,1
0.999951,0.000049,0
0.999977,0.000023,0
0.999814,0.000186,0
0.999575,0.000425,0
0.000409,0.999591,1
0.000028,0.999972,1
0.999985,0.000015,0
0.000133,0.999867,1
0.000003,0.999997,1
0.000026,0.999974,1
0.000055,0.999945,1
0.999981,0.000019,0
0.999861,0.000139,0
0.999953,0.000047,0
0.000194,0.999806,1
0.000170,0.999830,1
0.000042,0.999958,1
0.000017,0.999983,1
0.999856,0.000144,0
0.000027,0.999973,1
0.999991,0.000009,0
0.000053,0.999947,1
0.000059,0.999941,1
0.999322,0.000678,0
0.000003,0.999997,1
0.999878,0.000122,0
0.000009,0.999991,1
0.999988,0.000012,0
0.000145,0.999855,1
0.000755,0.999245,1
0.999893,0.000107,0
0.000011,0.999989,1
0.000001,0.999999,1
0.000006,0.999994,1
0.000006,0.999994,1
0.999949,0.000051,0
0.999966,0.000034,0
0.000083,0.999917,1
0.999775,0.000225,0
0.000419,0.999581,1
0.999916,0.000084,0
0.999938,0.000062,0
0.000028,0.999972,1
0.999945,0.000055,0
0.999937,0.000063,0
0.000001,0.999999,1
0.000035,0.999965,1
0.000332,0.999668,1
0.000005,0.999995,1
0.000072,0.999928,1
0.999983,0.000017,0
0.000737,0.999263,1
0.999945,0.000055,0
0.998757,0.001243,0
0.999936,0.000064,0
0.000039,0.999961,1
0.000042,0.999958,1
0.000000,1.000000,1
0.000060,0.999940,1
0.000138,0.999862,1
0.013818,0.986182,1
0.999907,0.000093,0
0.999971,0.000029,0
0.000099,0.999901,1
0.999851,0.000149,0
0.999922,0.000078,0
0.999811,0.000189,0
0.999982,0.000018,0
0.000012,0.999988,1
0.999840,0.000160,0
0.000077,0.999923,1
0.999816,0.000184,0
0.000109,0.999891,1
0.999681,0.000319,0
0.000036,0.999964,1
0.999943,0.000057,0
0.000040,0.999960,1
0.999911,0.000089,0
0.000068,0.999932,1
0.000017,0.999983,1
0.000573,0.999427,1
0.999979,0.000021,0
0.999901,0.000099,0
0.999662,0.000338,0
0.999899,0.000101,0
0.999972,0.000028,0
0.999973,0.000027,0
0.000014,0.999986,1
0.000027,0.999973,1
0.000114,0.999886,1
0.000000,1.000000,1
0.000755,0.999245,1
0.000597,0.999403,1
0.000000,1.000000,1
0.999938,0.000062,0
0.999992,0.000008,0
0.000209,0.999791,1
0.000005,0.999995,1
0.999683,0.000317,0
0.000009,0.999991,1
0.999998,0.000002,0
0.999951,0.000049,0
0.000081,0.999919,1
0.000141,0.999859,1
0.999972,0.000028,0
0.999916,0.000084,0
0.999959,0.000041,0
0.999978,0.000022,0
0.999702,0.000298,0
0.000036,0.999964,1
0.000116,0.999884,1
0.999998,0.000002,0
0.999922,0.000078,0
0.000006,0.999994,1
0.001450,0.998550,1
0.000003,0.999997,1
0.999977,0.000023,0
0.000060,0.999940,1
0.000065,0.999935,1
0.999395,0.000605,0
0.000053,0.999947,1
0.000004,0.999996,1
0.999994,0.000006,0
0.999971,0.000029,0
0.000183,0.999817,1
0.999950,0.000050,0
0.999989,0.000011,0
0.000079,0.999921,1
0.999950,0.000050,0
0.999870,0.000130,0
0.999010,0.000990,0
0.999775,0.000225,0
0.000005,0.999995,1
0.000008,0.999992,1
0.000108,0.999892,1
0.999997,0.000003,0
0.999968,0.000032,0
0.999981,0.000019,0
0.999833,0.000167,0
0.000372,0.999628,1
0.000005,0.999995,1
0.999995,0.000005,0
0.000085,0.999915,1
0.999645,0.000355,0
0.000003,0.999997,1
0.999985,0.000015,0
0.000067,0.999933,1
0.000049,0.999951,1
0.000030,0.999970,1
0.999997,0.000003,0
0.000063,0.999937,1
0.999913,0.000087,0
0.999275,0.000725,0
0.000093,0.999907,1
0.999540,0.000460,0
0.000759,0.999241,1
0.999971,0.000029,0
0.000000,1.000000,1
0.000002,0.999998,1
0.000007,0.999993,1
0.999928,0.000072,0
0.999912,0.000088,0
0.000013,0.999987,1
0.000030,0.999970,1
0.999928,0.000072,0
0.999997,0.000003,0
0.999908,0.000092,0
0.999995,0.000005,0
0.000059,0.999941,1
0.999952,0.000048,0
0.999955,0.000045,0
0.999999,0.000001,0
0.000357,0.999643,1
0.000006,0.999994,1
0.000038,0.999962,1
0.000066,0.999934,1
0.000088,0.999912,1
0.000368,0.999632,1
0.999894,0.000106,0
0.000015,0.999985,1
0.000010,0.999990,1
0.000015,0.999985,1
0.000006,0.999994,1
0.000424,0.999576,1
0.000039,0.999961,1
0.999790,0.000210,0
0.000435,0.999565,1
0.000009,0.999991,1
0.000182,0.999818,1
0.999616,0.000384,0
0.000005,0.999995,1
0.999880,0.000120,0
0.000001,0.999999,1
0.000018,0.999982,1
0.000024,0.999976,1
0.000042,0.999958,1
0.000271,0.999729,1
0.997162,0.002838,0
0.999883,0.000117,0
0.999934,0.000066,0
0.999976,0.000024,0
0.000006,0.999994,1
0.999999,0.000001,0
0.999767,0.000233,0
0.999995,0.000005,0
0.000008,0.999992,1
0.999999,0.000001,0
0.999983,0.000017,0
0.000111,0.999889,1
0.999966,0.000034,0
0.000092,0.999908,1
0.999971,0.000029,0
0.000024,0.999976,1
0.000004,0.999996,1
0.000302,0.999698,1
0.000240,0.999760,1
0.999982,0.000018,0
0.000119,0.999881,1
0.999768,0.000232,0
0.999823,0.000177,0
0.999960,0.000040,0
0.000397,0.999603,1
0.999977,0.000023,0
0.999755,0.000245,0
0.000031,0.999969,1
0.000052,0.999948,1
0.999951,0.000049,0
0.999173,0.000827,0
0.999787,0.000213,0
0.999998,0.000002,0
0.000011,0.999989,1
0.999993,0.000007,0
0.001162,0.998838,1
0.999749,0.000251,0
0.000004,0.999996,1
0.999729,0.000271,0
0.999920,0.000080,0
0.000417,0.999583,1
0.999867,0.000133,0
0.000035,0.999965,1
0.000587,0.999413,1
0.999636,0.000364,0
0.999978,0.000022,0
0.999951,0.000049,0
0.999888,0.000112,0
0.999623,0.000377,0
0.000035,0.999965,1
0.000033,0.999967,1
0.999850,0.000150,0
0.000159,0.999841,1
0.001512,0.998488,1
0.999984,0.000016,0
0.999927,0.000073,0
0.999971,0.000029,0
0.000000,1.000000,1
0.999919,0.000081,0
0.000006,0.999994,1
0.999963,0.000037,0
0.999949,0.000051,0
0.999913,0.000087,0
0.999810,0.000190,0
0.999924,0.000076,0
0.000019,0.999981,1
0.000006,0.999994,1
0.999952,0.000048,0
0.000000,1.000000,1
0.000277,0.999723,1
0.999790,0.000210,0
0.000120,0.999880,1
0.999964,0.000036,0
0.000001,0.999999,1
0.999988,0.000012,0
0.999983,0.000017,0
0.000059,0.999941,1
0.999888,0.000112,0
0.999997,0.000003,0
0.000026,0.999974,1
0.999946,0.000054,0
0.000320,0.999680,1
0.000088,0.999912,1
0.999896,0.000104,0
0.999982,0.000018,0
0.000091,0.999909,1
0.999928,0.000072,0
0.000511,0.999489,1
0.999792,0.000208,0
0.999991,0.000009,0
0.000011,0.999989,1
0.999985,0.000015,0
0.999804,0.000196,0
0.000146,0.999854,1
0.000112,0.999888,1
0.999710,0.000290,0
0.999916,0.000084,0
0.000075,0.999925,1
0.000039,0.999961,1
0.999447,0.000553,0
0.000006,0.999994,1
0.000240,0.999760,1
0.999957,0.000043,0
0.000013,0.999987,1
0.999956,0.000044,0
0.000741,0.999259,1
0.000083,0.999917,1
0.000067,0.999933,1
0.999946,0.000054,0
0.000484,0.999516,1
0.000008,0.999992,1
0.999532,0.000468,0
0.999985,0.000015,0
0.000001,0.999999,1
0.998548,0.001452,0
0.999972,0.000028,0
0.999943,0.000057,0
0.000030,0.999970,1
0.000008,0.999992,1
0.999998,0.000002,0
0.000005,0.999995,1
0.999984,0.000016,0
0.002191,0.997809,1
0.000104,0.999896,1
0.999970,0.000030,0
0.000002,0.999998,1
0.999249,0.000751,0
0.999997,0.000003,0
0.000000,1.000000,1
0.000063,0.999937,1
0.998871,0.001129,0
0.000108,0.999892,1
0.000019,0.999981,1
0.999983,0.000017,0
0.000314,0.999686,1
0.999395,0.000605,0
0.000028,0.999972,1
0.000032,0.999968,1
0.000049,0.999951,1
0.999998,0.000002,0
0.000001,0.999999,1
0.000047,0.999953,1
0.000205,0.999795,1
0.000302,0.999698,1
0.999973,0.000027,0
0.000001,0.999999,1
0.000109,0.999891,1
0.999969,0.000031,0
0.000019,0.999981,1
0.000067,0.999933,1
0.999662,0.000338,0
0.000001,0.999999,1
0.999691,0.000309,0
0.000001,0.999999,1
0.000487,0.999513,1
0.000017,0.999983,1
0.999996,0.000004,0
0.998099,0.001901,0
0.000871,0.999129,1
0.000043,0.999957,1
0.000037,0.999963,1
0.999972,0.000028,0
0.000045,0.999955,1
0.000003,0.999997,1
0.000003,0.999997,1
0.999996,0.000004,0
0.000002,0.999998,1
0.998917,0.001083,0
0.000046,0.999954,1
0.999765,0.000235,0
0.999909,0.000091,0
0.000000,1.000000,1
0.000020,0.999980,1
0.000094,0.999906,1
0.999986,0.000014,0
0.999949,0.000051,0
0.000017,0.999983,1
0.000037,0.999963,1
0.000000,1.000000,1
0.000016,0.999984,1
0.000017,0.999983,1
0.000017,0.999983,1
0.999990,0.000010,0
0.999959,0.000041,0
0.000017,0.999983,1
0.000095,0.999905,1
0.000145,0.999855,1
0.999997,0.000003,0
0.999997,0.000003,0
0.000021,0.999979,1
0.000037,0.999963,1
0.999954,0.000046,0
0.999945,0.000055,0
0.000008,0.999992,1
0.000101,0.999899,1
0.000028,0.999972,1
0.999987,0.000013,0
0.999984,0.000016,0
0.000029,0.999971,1
0.999968,0.000032,0
0.000309,0.999691,1
0.000028,0.999972,1
0.000091,0.999909,1
0.000137,0.999863,1
0.000003,0.999997,1
0.000020,0.999980,1
0.000000,1.000000,1
0.999698,0.000302,0
0.999532,0.000468,0
0.999958,0.000042,0
0.000001,0.999999,1
0.999957,0.000043,0
0.000017,0.999983,1
0.001684,0.998316,1
0.000023,0.999977,1
0.999942,0.000058,0
0.992711,0.007289,0
0.000204,0.999796,1
0.999972,0.000028,0
0.999946,0.000054,0
0.000116,0.999884,1
0.000063,0.999937,1
0.000003,0.999997,1
0.999292,0.000708,0
0.000505,0.999495,1
0.999540,0.000460,0
0.000014,0.999986,1
0.999938,0.000062,0
0.000046,0.999954,1
0.000462,0.999538,1
0.999908,0.000092,0
0.999985,0.000015,0
0.999685,0.000315,0
0.000199,0.999801,1
0.998917,0.001083,0
0.999899,0.000101,0
0.000000,1.000000,1
0.000006,0.999994,1
0.999986,0.000014,0
0.999970,0.000030,0
0.999748,0.000252,0
0.999940,0.000060,0
0.999943,0.000057,0
0.000088,0.999912,1
0.000066,0.999934,1
0.000000,1.000000,1
0.000012,0.999988,1
0.000028,0.999972,1
0.999705,0.000295,0
0.000110,0.999890,1
0.000048,0.999952,1
0.000569,0.999431,1
0.000000,1.000000,1
0.999944,0.000056,0
0.999969,0.000031,0
0.000064,0.999936,1
0.999993,0.000007,0
0.001278,0.998722,1
0.000007,0.999993,1
0.000000,1.000000,1
0.000011,0.999989,1
0.000002,0.999998,1
0.000026,0.999974,1
0.000764,0.999236,1
0.999549,0.000451,0
0.000087,0.999913,1
0.000903,0.999097,1
0.000005,0.999995,1
0.999951,0.000049,0
0.999997,0.000003,0
0.999915,0.000085,0
0.999977,0.000023,0
0.000004,0.999996,1
0.999993,0.000007,0
0.999963,0.000037,0
0.000018,0.999982,1
0.999716,0.000284,0
0.999999,0.000001,0
0.000015,0.999985,1
0.000074,0.999926,1
0.000113,0.999887,1
0.999974,0.000026,0
0.000000,1.000000,1
0.000160,0.999840,1
0.999999,0.000001,0
0.000106,0.999894,1
0.999960,0.000040,0
0.999960,0.000040,0
0.000098,0.999902,1
0.000109,0.999891,1
0.000018,0.999982,1
0.000000,1.000000,1
0.000039,0.999961,1
0.999978,0.000022,0
0.000291,0.999709,1
0.999922,0.000078,0
0.000082,0.999918,1
0.999934,0.000066,0
0.000517,0.999483,1
0.000168,0.999832,1
0.000015,0.999985,1
0.000000,1.000000,1
0.999912,0.000088,0
0.000049,0.999951,1
0.000326,0.999674,1
0.999888,0.000112,0
0.999968,0.000032,0
0.000316,0.999684,1
0.000000,1.000000,1
0.999988,0.000012,0
0.000931,0.999069,1
0.999919,0.000081,0
0.000039,0.999961,1
0.000559,0.999441,1
0.000108,0.999892,1
0.999916,0.000084,0
0.000202,0.999798,1
0.999999,0.000001,0
0.999963,0.000037,0
0.000237,0.999763,1
0.999866,0.000134,0
0.998681,0.001319,0
0.000044,0.999956,1
0.999974,0.000026,0
0.000001,0.999999,1
0.999112,0.000888,0
0.999967,0.000033,0
0.000009,0.999991,1
0.999871,0.000129,0
0.000052,0.999948,1
0.999875,0.000125,0
0.000390,0.999610,1
0.999577,0.000423,0
0.000021,0.999979,1
0.000097,0.999903,1
0.000559,0.999441,1
0.999349,0.000651,0
0.000493,0.999507,1
0.000000,1.000000,1
0.000063,0.999937,1
0.000040,0.999960,1
0.000026,0.999974,1
0.999964,0.000036,0
0.999831,0.000169,0
0.999607,0.000393,0
0.000261,0.999739,1
0.999716,0.000284,0
0.999645,0.000355,0
0.999719,0.000281,0
0.000059,0.999941,1
0.000127,0.999873,1
0.001317,0.998683,1
0.000015,0.999985,1
0.999965,0.000035,0
0.999819,0.000181,0
0.000098,0.999902,1
0.999998,0.000002,0
0.000005,0.999995,1
0.000028,0.999972,1
0.000127,0.999873,1
0.000476,0.999524,1
0.000017,0.999983,1
0.999535,0.000465,0
0.999783,0.000217,0
0.999996,0.000004,0
0.000011,0.999989,1
0.000011,0.999989,1
0.000012,0.999988,1
0.011637,0.988363,1
0.000320,0.999680,1
0.999998,0.000002,0
0.000006,0.999994,1
0.999886,0.000114,0
0.999937,0.000063,0
0.000180,0.999820,1
0.000001,0.999999,1
0.000050,0.999950,1
0.999950,0.000050,0
0.000000,1.000000,1
0.999904,0.000096,0
0.999479,0.000521,0
0.000010,0.999990,1
0.000236,0.999764,1
0.999980,0.000020,0
0.000000,1.000000,1
0.000205,0.999795,1
0.999949,0.000051,0
0.999226,0.000774,0
0.000111,0.999889,1
0.000006,0.999994,1
0.000137,0.999863,1
0.000026,0.999974,1
0.000001,0.999999,1
0.000026,0.999974,1
0.999735,0.000265,0
0.000168,0.999832,1
0.000005,0.999995,1
0.999926,0.000074,0
0.000965,0.999035,1
0.000003,0.999997,1
0.000047,0.999953,1
0.999893,0.000107,0
0.999714,0.000286,0
0.000405,0.999595,1
0.000168,0.999832,1
0.999916,0.000084,0
0.998088,0.001912,0
0.999749,0.000251,0
0.999815,0.000185,0
0.000014,0.999986,1
0.999288,0.000712,0
0.000141,0.999859,1
0.000015,0.999985,1
0.000011,0.999989,1
0.000001,0.999999,1
0.000236,0.999764,1
0.000013,0.999987,1
0.999992,0.000008,0
0.001286,0.998714,1
0.999888,0.000112,0
0.000003,0.999997,1
0.999997,0.000003,0
0.999996,0.000004,0
0.000006,0.999994,1
0.000025,0.999975,1
0.999941,0.000059,0
0.000008,0.999992,1
0.000003,0.999997,1
0.008804,0.991196,1
0.999991,0.000009,0
0.000003,0.999997,1
0.000239,0.999761,1
0.999976,0.000024,0
0.999772,0.000228,0
0.999772,0.000228,0
0.999996,0.000004,0
0.999804,0.000196,0
0.000089,0.999911,1
0.000131,0.999869,1
0.999931,0.000069,0
0.000505,0.999495,1
0.999983,0.000017,0
0.000041,0.999959,1
0.000002,0.999998,1
0.000008,0.999992,1
0.000001,0.999999,1
0.999913,0.000087,0
0.999972,0.000028,0
0.999899,0.000101,0
0.000000,1.000000,1
0.999895,0.000105,0
0.999991,0.000009,0
0.999902,0.000098,0
0.999912,0.000088,0
0.000128,0.999872,1
0.000023,0.999977,1
0.999889,0.000111,0
0.000071,0.999929,1
0.999912,0.000088,0
0.999937,0.000063,0
0.999854,0.000146,0
0.000006,0.999994,1
0.000000,1.000000,1
0.998998,0.001002,0
0.999981,0.000019,0
0.000376,0.999624,1
0.999991,0.000009,0
0.999914,0.000086,0
0.999961,0.000039,0
0.000019,0.999981,1
0.999948,0.000052,0
0.000003,0.999997,1
0.000017,0.999983,1
0.999946,0.000054,0
0.000011,0.999989,1
0.999824,0.000176,0
0.000001,0.999999,1
0.999231,0.000769,0
0.000234,0.999766,1
0.999506,0.000494,0
0.000043,0.999957,1
0.000037,0.999963,1
0.000058,0.999942,1
0.999966,0.000034,0
0.000110,0.999890,1
0.999992,0.000008,0
0.999872,0.000128,0
0.000029,0.999971,1
0.000015,0.999985,1
0.999865,0.000135,0
0.000002,0.999998,1
0.999500,0.000500,0
0.998891,0.001109,0
0.999765,0.000235,0
0.999933,0.000067,0
0.999989,0.000011,0
0.999994,0.000006,0
0.999974,0.000026,0
0.999864,0.000136,0
0.000024,0.999976,1
0.999886,0.000114,0
0.999907,0.000093,0
0.000690,0.999310,1
0.999705,0.000295,0
0.000230,0.999770,1
0.999816,0.000184,0
0.000000,1.000000,1
0.000111,0.999889,1
0.000001,0.999999,1
0.999681,0.000319,0
0.000175,0.999825,1
0.999974,0.000026,0
0.000851,0.999149,1
0.999991,0.000009,0
0.999823,0.000177,0
0.000038,0.999962,1
0.000082,0.999918,1
0.000357,0.999643,1
0.000037,0.999963,1
0.000209,0.999791,1
0.000035,0.999965,1
0.000261,0.999739,1
0.000000,1.000000,1
0.999979,0.000021,0
0.999939,0.000061,0
0.999958,0.000042,0
0.000017,0.999983,1
0.000412,0.999588,1
0.999994,0.000006,0
0.000153,0.999847,1
0.000004,0.999996,1
0.999986,0.000014,0
0.999981,0.000019,0
0.999540,0.000460,0
0.999990,0.000010,0
0.000047,0.999953,1
0.999787,0.000213,0
0.000279,0.999721,1
0.000536,0.999464,1
0.998548,0.001452,0
0.000005,0.999995,1
0.999962,0.000038,0
0.000120,0.999880,1
0.999917,0.000083,0
0.999926,0.000074,0
0.000002,0.999998,1
0.000161,0.999839,1
0.000014,0.999986,1
0.000000,1.000000,1
0.999998,0.000002,0
0.999819,0.000181,0
0.000000,1.000000,1
0.000041,0.999959,1
0.000153,0.999847,1
0.000086,0.999914,1
0.000041,0.999959,1
0.996263,0.003737,0
0.000017,0.999983,1
0.000008,0.999992,1
0.000146,0.999854,1
0.999117,0.000883,0
0.000359,0.999641,1
0.000260,0.999740,1
0.000010,0.999990,1
0.000948,0.999052,1
0.000018,0.999982,1
0.000011,0.999989,1
0.000044,0.999956,1
0.000132,0.999868,1
0.000145,0.999855,1
0.000007,0.999993,1
0.000011,0.999989,1
0.000000,1.000000,1
0.000014,0.999986,1
0.999016,0.000984,0
0.000031,0.999969,1
0.999987,0.000013,0
0.999848,0.000152,0
0.000229,0.999771,1
0.000106,0.999894,1
0.999405,0.000595,0
0.000018,0.999982,1
0.000016,0.999984,1
0.000209,0.999791,1
0.999951,0.000049,0
0.000116,0.999884,1
0.999893,0.000107,0
0.999301,0.000699,0
0.000001,0.999999,1
0.999903,0.000097,0
0.001075,0.998925,1
0.999956,0.000044,0
0.997642,0.002358,0
0.000080,0.999920,1
0.000291,0.999709,1
0.999970,0.000030,0
0.000001,0.999999,1
0.000086,0.999914,1
0.999840,0.000160,0
0.000350,0.999650,1
0.000698,0.999302,1
0.000002,0.999998,1
0.000053,0.999947,1
0.000017,0.999983,1
0.000236,0.999764,1
0.999991,0.000009,0
0.000001,0.999999,1
0.000008,0.999992,1
0.999722,0.000278,0
0.999876,0.000124,0
0.999835,0.000165,0
0.999991,0.000009,0
0.999996,0.000004,0
0.999928,0.000072,0
0.000002,0.999998,1
0.000001,0.999999,1
0.000016,0.999984,1
0.000015,0.999985,1
0.000499,0.999501,1
0.999981,0.000019,0
0.000099,0.999901,1
0.000122,0.999878,1
0.999926,0.000074,0
0.999479,0.000521,0
0.000120,0.999880,1
0.999473,0.000527,0
0.999945,0.000055,0
0.000001,0.999999,1
0.999934,0.000066,0
0.000015,0.999985,1
0.000008,0.999992,1
0.000025,0.999975,1
0.999986,0.000014,0
0.000024,0.999976,1
0.000002,0.999998,1
0.000052,0.999948,1
0.999987,0.000013,0
0.000001,0.999999,1
0.999906,0.000094,0
0.999997,0.000003,0
0.000242,0.999758,1
0.999895,0.000105,0
0.000154,0.999846,1
0.999835,0.000165,0
0.999886,0.000114,0
0.000096,0.999904,1
0.999935,0.000065,0
0.999963,0.000037,0
0.000093,0.999907,1
0.000129,0.999871,1
0.000062,0.999938,1
0.000026,0.999974,1
0.999618,0.000382,0
0.000003,0.999997,1
0.000001,0.999999,1
0.000128,0.999872,1
0.000002,0.999998,1
0.000035,0.999965,1
0.000003,0.999997,1
0.000003,0.999997,1
0.999993,0.000007,0
0.000025,0.999975,1
0.000132,0.999868,1
0.999983,0.000017,0
0.000002,0.999998,1
0.000210,0.999790,1
0.000021,0.999979,1
0.000340,0.999660,1
0.000076,0.999924,1
0.000009,0.999991,1
0.999447,0.000553,0
0.999951,0.000049,0
0.999326,0.000674,0
0.000028,0.999972,1
0.000249,0.999751,1
0.999941,0.000059,0
0.000119,0.999881,1
0.000244,0.999756,1
0.000104,0.999896,1
0.999993,0.000007,0
0.999867,0.000133,0
0.999897,0.000103,0
0.000022,0.999978,1
0.000169,0.999831,1
0.999959,0.000041,0
0.000025,0.999975,1
0.000078,0.999922,1
0.000000,1.000000,1
0.000013,0.999987,1
0.000124,0.999876,1
0.000056,0.999944,1
0.000163,0.999837,1
0.000005,0.999995,1
0.999920,0.000080,0
0.000163,0.999837,1
0.000009,0.999991,1
0.999782,0.000218,0
0.000400,0.999600,1
0.999997,0.000003,0
0.999956,0.000044,0
0.999885,0.000115,0
0.999911,0.000089,0
0.000009,0.999991,1
0.000936,0.999064,1
0.000137,0.999863,1
0.000010,0.999990,1
0.000015,0.999985,1
0.000481,0.999519,1
0.999941,0.000059,0
0.000719,0.999281,1
0.000068,0.999932,1
0.000017,0.999983,1
0.000004,0.999996,1
0.000009,0.999991,1
0.999900,0.000100,0
0.000000,1.000000,1
0.999987,0.000013,0
0.000085,0.999915,1
0.000023,0.999977,1
0.999980,0.000020,0
0.999848,0.000152,0
0.999809,0.000191,0
0.000012,0.999988,1
0.000032,0.999968,1
0.000020,0.999980,1
0.999970,0.000030,0
0.999965,0.000035,0
0.000007,0.999993,1
0.999812,0.000188,0
0.000139,0.999861,1
0.999921,0.000079,0
0.000058,0.999942,1
0.000048,0.999952,1
0.999953,0.000047,0
0.000003,0.999997,1
0.999845,0.000155,0
0.999920,0.000080,0
0.000093,0.999907,1
0.999872,0.000128,0
0.999972,0.000028,0
0.999989,0.000011,0
0.000089,0.999911,1
0.000002,0.999998,1
0.000181,0.999819,1
0.000053,0.999947,1
0.000006,0.999994,1
0.000176,0.999824,1
0.000053,0.999947,1
0.999984,0.000016,0
0.999960,0.000040,0
0.999797,0.000203,0
0.000011,0.999989,1
0.999989,0.000011,0
0.999971,0.000029,0
0.000462,0.999538,1
0.999984,0.000016,0
0.999861,0.000139,0
0.000159,0.999841,1
0.999821,0.000179,0
0.999979,0.000021,0
0.000012,0.999988,1
0.000039,0.999961,1
0.000031,0.999969,1
0.999901,0.000099,0
0.000034,0.999966,1
0.999790,0.000210,0
0.000087,0.999913,1
0.999912,0.000088,0
0.999745,0.000255,0
0.000002,0.999998,1
0.998704,0.001296,0
0.999698,0.000302,0
0.000178,0.999822,1
0.000018,0.999982,1
0.000002,0.999998,1
0.000028,0.999972,1
0.000187,0.999813,1
0.999870,0.000130,0
0.999993,0.000007,0
0.999940,0.000060,0
0.999946,0.000054,0
0.000034,0.999966,1
0.999958,0.000042,0
0.999638,0.000362,0
0.999309,0.000691,0
0.999984,0.000016,0
0.000279,0.999721,1
0.999687,0.000313,0
0.999853,0.000147,0
0.000009,0.999991,1
0.000049,0.999951,1
0.999995,0.000005,0
0.000051,0.999949,1
0.000041,0.999959,1
0.999801,0.000199,0
0.000003,0.999997,1
0.999996,0.000004,0
0.999509,0.000491,0
0.999983,0.000017,0
0.999997,0.000003,0
0.000018,0.999982,1
0.999975,0.000025,0
0.000008,0.999992,1
0.000150,0.999850,1
0.999280,0.000720,0
0.999402,0.000598,0
0.999864,0.000136,0
0.000001,0.999999,1
0.999929,0.000071,0
0.000001,0.999999,1
0.999903,0.000097,0
0.000004,0.999996,1
0.000033,0.999967,1
0.999989,0.000011,0
0.000084,0.999916,1
0.000035,0.999965,1
0.000003,0.999997,1
0.000005,0.999995,1
0.000000,1.000000,1
0.999994,0.000006,0
0.999409,0.000591,0
0.000010,0.999990,1
0.999602,0.000398,0
0.999976,0.000024,0
0.999988,0.000012,0
0.999919,0.000081,0
0.000059,0.999941,1
0.000000,1.000000,1
0.999998,0.000002,0
0.999979,0.000021,0
0.000009,0.999991,1
0.000027,0.999973,1
0.000004,0.999996,1
0.999882,0.000118,0
0.000001,0.999999,1
0.999992,0.000008,0
0.000171,0.999829,1
0.999977,0.000023,0
0.000026,0.999974,1
0.000009,0.999991,1
0.999991,0.000009,0
0.999876,0.000124,0
0.000060,0.999940,1
0.999860,0.000140,0
0.001365,0.998635,1
0.000011,0.999989,1
0.999807,0.000193,0
0.000028,0.999972,1
0.000002,0.999998,1
0.000184,0.999816,1
0.000095,0.999905,1
0.000001,0.999999,1
0.999988,0.000012,0
0.000195,0.999805,1
0.999992,0.000008,0
0.999982,0.000018,0
0.000011,0.999989,1
0.000001,0.999999,1
0.999883,0.000117,0
0.000111,0.999889,1
0.000136,0.999864,1
0.000024,0.999976,1
0.000053,0.999947,1
0.000051,0.999949,1
0.997022,0.002978,0
0.000051,0.999949,1
0.999983,0.000017,0
0.000159,0.999841,1
0.999991,0.000009,0
0.999898,0.000102,0
0.999959,0.000041,0
0.999317,0.000683,0
0.000008,0.999992,1
0.000090,0.999910,1
0.999922,0.000078,0
0.000000,1.000000,1
0.000056,0.999944,1
0.999529,0.000471,0
0.999793,0.000207,0
0.999883,0.000117,0
0.000272,0.999728,1
0.999957,0.000043,0
0.000052,0.999948,1
0.000001,0.999999,1
0.000007,0.999993,1
0.000000,1.000000,1
0.000021,0.999979,1
0.000067,0.999933,1
0.000018,0.999982,1
0.999975,0.000025,0
0.000154,0.999846,1
0.000032,0.999968,1
0.000027,0.999973,1
0.000036,0.999964,1
0.999999,0.000001,0
0.000178,0.999822,1
0.999994,0.000006,0
0.000022,0.999978,1
0.000000,1.000000,1
0.999983,0.000017,0
0.999899,0.000101,0
0.999685,0.000315,0
0.000252,0.999748,1
0.000056,0.999944,1
0.000359,0.999641,1
0.000016,0.999984,1
0.000004,0.999996,1
0.999935,0.000065,0
0.000208,0.999792,1
0.000372,0.999628,1
0.000006,0.999994,1
0.999057,0.000943,0
0.999967,0.000033,0
0.000018,0.999982,1
0.999780,0.000220,0
0.999997,0.000003,0
0.999923,0.000077,0
0.000159,0.999841,1
0.999900,0.000100,0
0.999776,0.000224,0
0.999858,0.000142,0
0.999977,0.000023,0
0.000038,0.999962,1
0.000016,0.999984,1
0.999902,0.000098,0
0.000053,0.999947,1
0.000120,0.999880,1
0.000008,0.999992,1
0.000011,0.999989,1
0.000009,0.999991,1
0.999768,0.000232,0
0.999851,0.000149,0
0.000000,1.000000,1
0.999931,0.000069,0
0.999879,0.000121,0
0.999923,0.000077,0
0.000047,0.999953,1
0.000002,0.999998,1
0.000081,0.999919,1
0.000005,0.999995,1
0.999938,0.000062,0
0.000027,0.999973,1
0.000027,0.999973,1
0.000002,0.999998,1
0.000594,0.999406,1
0.000161,0.999839,1
0.000006,0.999994,1
0.999696,0.000304,0
0.000018,0.999982,1
0.999416,0.000584,0
0.000071,0.999929,1
0.999996,0.000004,0
0.000030,0.999970,1
0.000284,0.999716,1
0.000046,0.999954,1
0.999870,0.000130,0
0.000116,0.999884,1
0.999903,0.000097,0
0.999964,0.000036,0
0.000146,0.999854,1
0.999755,0.000245,0
0.000073,0.999927,1
0.999975,0.000025,0
0.999922,0.000078,0
0.000374,0.999626,1
0.999976,0.000024,0
0.000000,1.000000,1
0.000032,0.999968,1
0.000036,0.999964,1
0.999998,0.000002,0
0.999990,0.000010,0
0.999965,0.000035,0
0.999996,0.000004,0
0.999888,0.000112,0
0.000079,0.999921,1
0.999890,0.000110,0
0.999934,0.000066,0
0.000293,0.999707,1
0.999997,0.000003,0
0.000388,0.999612,1
0.999985,0.000015,0
0.000100,0.999900,1
0.000121,0.999879,1
0.999990,0.000010,0
0.000007,0.999993,1
0.999597,0.000403,0
0.000055,0.999945,1
0.999804,0.000196,0
0.999966,0.000034,0
0.999898,0.000102,0
0.000001,0.999999,1
0.999954,0.000046,0
0.999790,0.000210,0
0.999045,0.000955,0
0.999988,0.000012,0
0.000583,0.999417,1
0.000376,0.999624,1
0.000120,0.999880,1
0.000260,0.999740,1
0.999964,0.000036,0
0.000036,0.999964,1
0.000006,0.999994,1
0.000032,0.999968,1
0.999813,0.000187,0
0.999638,0.000362,0
0.000001,0.999999,1
0.000008,0.999992,1
0.999957,0.000043,0
0.000250,0.999750,1
0.000106,0.999894,1
0.000000,1.000000,1
0.999880,0.000120,0
0.000053,0.999947,1
0.000093,0.999907,1
0.000001,0.999999,1
0.000020,0.999980,1
0.000085,0.999915,1
0.999906,0.000094,0
0.002670,0.997330,1
0.000013,0.999987,1
0.998937,0.001063,0
0.999889,0.000111,0
0.999698,0.000302,0
0.999735,0.000265,0
0.000001,0.999999,1
0.999546,0.000454,0
0.999879,0.000121,0
0.999749,0.000251,0
0.000077,0.999923,1
0.000064,0.999936,1
0.999982,0.000018,0
0.000131,0.999869,1
0.999966,0.000034,0
0.999958,0.000042,0
0.999890,0.000110,0
0.000102,0.999898,1
0.999772,0.000228,0
0.999990,0.000010,0
0.000172,0.999828,1
0.000039,0.999961,1
0.999966,0.000034,0
0.000000,1.000000,1
0.999996,0.000004,0
0.999971,0.000029,0
0.000005,0.999995,1
0.000000,1.000000,1
0.999998,0.000002,0
0.000001,0.999999,1
0.000000,1.000000,1
0.000192,0.999808,1
0.000009,0.999991,1
0.999841,0.000159,0
0.999980,0.000020,0
0.000010,0.999990,1
0.999950,0.000050,0
0.999946,0.000054,0
0.999627,0.000373,0
0.000004,0.999996,1
0.000281,0.999719,1
0.999440,0.000560,0
0.000005,0.999995,1
0.999850,0.000150,0
0.000002,0.999998,1
0.999921,0.000079,0
0.999987,0.000013,0
0.000000,1.000000,1
0.000087,0.999913,1
0.999995,0.000005,0
0.999974,0.000026,0
0.000039,0.999961,1
0.000060,0.999940,1
0.000009,0.999991,1
0.999972,0.000028,0
0.999990,0.000010,0
0.000057,0.999943,1
0.999976,0.000024,0
0.000390,0.999610,1
0.999892,0.000108,0
0.000023,0.999977,1
0.999863,0.000137,0
0.000004,0.999996,1
0.000093,0.999907,1
0.999983,0.000017,0
0.999714,0.000286,0
0.000027,0.999973,1
0.000031,0.999969,1
0.999538,0.000462,0
0.000293,0.999707,1
0.999565,0.000435,0
0.999903,0.000097,0
0.000174,0.999826,1
0.999919,0.000081,0
0.999900,0.000100,0
0.999961,0.000039,0
0.999929,0.000071,0
0.999924,0.000076,0
0.000013,0.999987,1
0.999623,0.000377,0
0.000004,0.999996,1
0.998720,0.001280,0
0.999807,0.000193,0
0.000520,0.999480,1
0.999837,0.000163,0
0.999951,0.000049,0
0.000002,0.999998,1
0.999982,0.000018,0
0.000082,0.999918,1
0.999765,0.000235,0
0.999996,0.000004,0
0.999995,0.000005,0
0.999995,0.000005,0
0.999935,0.000065,0
0.000003,0.999997,1
0.000110,0.999890,1
0.000152,0.999848,1
0.000381,0.999619,1
0.000143,0.999857,1
0.000074,0.999926,1
0.000049,0.999951,1
0.000407,0.999593,1
0.000168,0.999832,1
0.999993,0.000007,0
0.000630,0.999370,1
0.999950,0.000050,0
0.999991,0.000009,0
0.000005,0.999995,1
0.000002,0.999998,1
0.000240,0.999760,1
0.999924,0.000076,0
0.999521,0.000479,0
0.999721,0.000279,0
0.999959,0.000041,0
0.999940,0.000060,0
0.000003,0.999997,1
0.000186,0.999814,1
0.000303,0.999697,1
0.000026,0.999974,1
0.999774,0.000226,0
0.000711,0.999289,1
0.999999,0.000001,0
0.999597,0.000403,0
0.000036,0.999964,1
0.999758,0.000242,0
0.999956,0.000044,0
0.999996,0.000004,0
0.999755,0.000245,0
0.000005,0.999995,1
0.999983,0.000017,0
0.999997,0.000003,0
0.000000,1.000000,1
0.000059,0.999941,1
0.000014,0.999986,1
0.999819,0.000181,0
0.000084,0.999916,1
0.999991,0.000009,0
0.000000,1.000000,1
0.000022,0.999978,1
0.999799,0.000201,0
0.000050,0.999950,1
0.999901,0.000099,0
0.000549,0.999451,1
0.999974,0.000026,0
0.999824,0.000176,0
0.999943,0.000057,0
0.999976,0.000024,0
0.000003,0.999997,1
0.000020,0.999980,1
0.000013,0.999987,1
0.000065,0.999935,1
0.000008,0.999992,1
0.000001,0.999999,1
0.000022,0.999978,1
0.999745,0.000255,0
0.000030,0.999970,1
0.000151,0.999849,1
0.000009,0.999991,1
0.999301,0.000699,0
0.999953,0.000047,0
0.000011,0.999989,1
0.999979,0.000021,0
0.000065,0.999935,1
0.999933,0.000067,0
0.000007,0.999993,1
0.999965,0.000035,0
0.000004,0.999996,1
0.999968,0.000032,0
0.999948,0.000052,0
0.000063,0.999937,1
0.000013,0.999987,1
0.000007,0.999993,1
0.001219,0.998781,1
0.000126,0.999874,1
0.999914,0.000086,0
0.999992,0.000008,0
0.999919,0.000081,0
0.999932,0.000068,0
0.000005,0.999995,1
0.998241,0.001759,0
0.999870,0.000130,0
0.999972,0.000028,0
0.999914,0.000086,0
0.000464,0.999536,1
0.998657,0.001343,0
0.000068,0.999932,1
0.000144,0.999856,1
0.000164,0.999836,1
0.000246,0.999754,1
0.999985,0.000015,0
0.999933,0.000067,0
0.999975,0.000025,0
0.000094,0.999906,1
0.000007,0.999993,1
0.999902,0.000098,0
0.000374,0.999626,1
0.999988,0.000012,0
0.999966,0.000034,0
0.999959,0.000041,0
0.000044,0.999956,1
0.000018,0.999982,1
0.999878,0.000122,0
0.000202,0.999798,1
0.000002,0.999998,1
0.999991,0.000009,0
0.000037,0.999963,1
0.999991,0.000009,0
0.000007,0.999993,1
0.000020,0.999980,1
0.999974,0.000026,0
0.000430,0.999570,1
0.000023,0.999977,1
0.000054,0.999946,1
0.003432,0.996568,1
0.999997,0.000003,0
0.999957,0.000043,0
0.999838,0.000162,0
0.000000,1.000000,1
0.000019,0.999981,1
0.000088,0.999912,1
0.999986,0.000014,0
0.999982,0.000018,0
0.999800,0.000200,0
0.999841,0.000159,0
0.000108,0.999892,1
0.999945,0.000055,0
0.000067,0.999933,1
0.000039,0.999961,1
0.000008,0.999992,1
0.999979,0.000021,0
0.999936,0.000064,0
0.000002,0.999998,1
0.999800,0.000200,0
0.999984,0.000016,0
0.000146,0.999854,1
0.999692,0.000308,0
0.999780,0.000220,0
0.999983,0.000017,0
0.000104,0.999896,1
0.999677,0.000323,0
0.000003,0.999997,1
0.999977,0.000023,0
0.000001,0.999999,1
0.999956,0.000044,0
0.000022,0.999978,1
0.000017,0.999983,1
0.999212,0.000788,0
0.000037,0.999963,1
0.999839,0.000161,0
0.000166,0.999834,1
0.000011,0.999989,1
0.999991,0.000009,0
0.999790,0.000210,0
0.000005,0.999995,1
0.999938,0.000062,0
0.999910,0.000090,0
0.999297,0.000703,0
0.999892,0.000108,0
0.000008,0.999992,1
0.999943,0.000057,0
0.999761,0.000239,0
0.999217,0.000783,0
0.000003,0.999997,1
0.999853,0.000147,0
0.000021,0.999979,1
0.000001,0.999999,1
0.000189,0.999811,1
0.000287,0.999713,1
0.999831,0.000169,0
0.000015,0.999985,1
0.999943,0.000057,0
0.999917,0.000083,0
0.000357,0.999643,1
0.999785,0.000215,0
0.000026,0.999974,1
0.000019,0.999981,1
0.000022,0.999978,1
0.000031,0.999969,1
0.000130,0.999870,1
0.999908,0.000092,0
0.999911,0.000089,0
0.000007,0.999993,1
0.000008,0.999992,1
0.000008,0.999992,1
0.999967,0.000033,0
0.000266,0.999734,1
0.000007,0.999993,1
0.000017,0.999983,1
0.000120,0.999880,1
0.000025,0.999975,1
0.999973,0.000027,0
0.000228,0.999772,1
0.000041,0.999959,1
0.000007,0.999993,1
0.000002,0.999998,1
0.000002,0.999998,1
0.999996,0.000004,0
0.000015,0.999985,1
0.999885,0.000115,0
0.000502,0.999498,1
0.000346,0.999654,1
0.000053,0.999947,1
0.999687,0.000313,0
0.000481,0.999519,1
0.000017,0.999983,1
0.999947,0.000053,0
0.000064,0.999936,1
0.999973,0.000027,0
0.999994,0.000006,0
0.000004,0.999996,1
0.000010,0.999990,1
0.999950,0.000050,0
0.000062,0.999938,1
0.999895,0.000105,0
0.999931,0.000069,0
0.000033,0.999967,1
0.999994,0.000006,0
0.000022,0.999978,1
0.000064,0.999936,1
0.000009,0.999991,1
0.999966,0.000034,0
0.000009,0.999991,1
0.000002,0.999998,1
0.999989,0.000011,0
0.000042,0.999958,1
0.000199,0.999801,1
0.999904,0.000096,0
0.000013,0.999987,1
0.000076,0.999924,1
0.999985,0.000015,0
0.000352,0.999648,1
0.000004,0.999996,1
0.000073,0.999927,1
0.999905,0.000095,0
0.000007,0.999993,1
0.001654,0.998346,1
0.000048,0.999952,1
0.000004,0.999996,1
0.999884,0.000116,0
0.000029,0.999971,1
0.000027,0.999973,1
0.000359,0.999641,1
0.999970,0.000030,0
0.000218,0.999782,1
0.001278,0.998722,1
0.000039,0.999961,1
0.000015,0.999985,1
0.000027,0.999973,1
0.999937,0.000063,0
0.999861,0.000139,0
0.000000,1.000000,1
0.000000,1.000000,1
0.999986,0.000014,0
0.000024,0.999976,1
0.000133,0.999867,1
0.999913,0.000087,0
0.999977,0.000023,0
0.000361,0.999639,1
0.000069,0.999931,1
0.000099,0.999901,1
0.000093,0.999907,1
0.999997,0.000003,0
0.000006,0.999994,1
0.999859,0.000141,0
0.002244,0.997756,1
0.000002,0.999998,1
0.000001,0.999999,1
0.000024,0.999976,1
0.000350,0.999650,1
0.000054,0.999946,1
0.000000,1.000000,1
0.001424,0.998576,1
0.000042,0.999958,1
0.000084,0.999916,1
0.000012,0.999988,1
0.998917,0.001083,0
0.001494,0.998506,1
0.000163,0.999837,1
0.000044,0.999956,1
0.999963,0.000037,0
0.000374,0.999626,1
0.999966,0.000034,0
0.000039,0.999961,1
0.000936,0.999064,1
0.000464,0.999536,1
0.999897,0.000103,0
0.999734,0.000266,0
0.999928,0.000072,0
0.000077,0.999923,1
0.999869,0.000131,0
0.001075,0.998925,1
0.998808,0.001192,0
0.000340,0.999660,1
0.000000,1.000000,1
0.000179,0.999821,1
0.000038,0.999962,1
0.000007,0.999993,1
0.999751,0.000249,0
0.999983,0.000017,0
0.000007,0.999993,1
0.999852,0.000148,0
0.999992,0.000008,0
0.000287,0.999713,1
0.000001,0.999999,1
0.001141,0.998859,1
0.999387,0.000613,0
0.999894,0.000106,0
0.000435,0.999565,1
0.999655,0.000345,0
0.999943,0.000057,0
0.000011,0.999989,1
0.000077,0.999923,1
0.998458,0.001542,0
0.000014,0.999986,1
0.999884,0.000116,0
0.000024,0.999976,1
0.000037,0.999963,1
0.999990,0.000010,0
0.000013,0.999987,1
0.999858,0.000142,0
0.000030,0.999970,1
0.000108,0.999892,1
0.999964,0.000036,0
0.000191,0.999809,1
0.999990,0.000010,0
0.999994,0.000006,0
0.000008,0.999992,1
0.000005,0.999995,1
0.000162,0.999838,1
0.000001,0.999999,1
0.998430,0.001570,0
0.999877,0.000123,0
0.999978,0.000022,0
0.999570,0.000430,0
0.999207,0.000793,0
0.000162,0.999838,1
0.000017,0.999983,1
0.000027,0.999973,1
0.999707,0.000293,0
0.999993,0.000007,0
0.999920,0.000080,0
0.000048,0.999952,1
0.000009,0.999991,1
0.000099,0.999901,1
0.999662,0.000338,0
0.998548,0.001452,0
0.000019,0.999981,1
0.001233,0.998767,1
0.000002,0.999998,1
0.000027,0.999973,1
0.999932,0.000068,0
0.999867,0.000133,0
0.999993,0.000007,0
0.000005,0.999995,1
0.999919,0.000081,0
0.999752,0.000248,0
0.999993,0.000007,0
0.000374,0.999626,1
0.999780,0.000220,0
0.999721,0.000279,0
0.000098,0.999902,1
0.000269,0.999731,1
0.999738,0.000262,0
0.999797,0.000203,0
0.000004,0.999996,1
0.997805,0.002195,0
0.999122,0.000878,0
0.999981,0.000019,0
0.000000,1.000000,1
0.000006,0.999994,1
0.000094,0.999906,1
0.000138,0.999862,1
0.000002,0.999998,1
0.000065,0.999935,1
0.001094,0.998906,1
0.000002,0.999998,1
0.999887,0.000113,0
0.999981,0.000019,0
0.000243,0.999757,1
0.000102,0.999898,1
0.999841,0.000159,0
0.000004,0.999996,1
0.999942,0.000058,0
0.999433,0.000567,0
0.999949,0.000051,0
0.999988,0.000012,0
0.000882,0.999118,1
0.000111,0.999889,1
0.000067,0.999933,1
0.000067,0.999933,1
0.999989,0.000011,0
0.000114,0.999886,1
0.999679,0.000321,0
0.000137,0.999863,1
0.999999,0.000001,0
0.000102,0.999898,1
0.999792,0.000208,0
0.000014,0.999986,1
0.999989,0.000011,0
0.000372,0.999628,1
0.999745,0.000255,0
0.000048,0.999952,1
0.000004,0.999996,1
0.999899,0.000101,0
0.000070,0.999930,1
0.000026,0.999974,1
0.000043,0.999957,1
0.999830,0.000170,0
0.000214,0.999786,1
0.999993,0.000007,0
0.999987,0.000013,0
0.000156,0.999844,1
0.999955,0.000045,0
0.000048,0.999952,1
0.999998,0.000002,0
0.000029,0.999971,1
0.968530,0.031470,0
0.000242,0.999758,1
0.999769,0.000231,0
0.000000,1.000000,1
0.000027,0.999973,1
0.000000,1.000000,1
0.000014,0.999986,1
0.999891,0.000109,0
0.999907,0.000093,0
0.000239,0.999761,1
0.999990,0.000010,0
0.999955,0.000045,0
0.999932,0.000068,0
0.000105,0.999895,1
0.000386,0.999614,1
0.999893,0.000107,0
0.000063,0.999937,1
0.000008,0.999992,1
0.000448,0.999552,1
0.000027,0.999973,1
0.000001,0.999999,1
0.999994,0.000006,0
0.000914,0.999086,1
0.999947,0.000053,0
0.999922,0.000078,0
0.999787,0.000213,0
0.999915,0.000085,0
0.000166,0.999834,1
0.000036,0.999964,1
0.999993,0.000007,0
0.000101,0.999899,1
0.000001,0.999999,1
0.000395,0.999605,1
0.999867,0.000133,0
0.000386,0.999614,1
0.999732,0.000268,0
0.999876,0.000124,0
0.000008,0.999992,1
0.000150,0.999850,1
0.000305,0.999695,1
0.000266,0.999734,1
0.999645,0.000355,0
0.999840,0.000160,0
0.000005,0.999995,1
0.000001,0.999999,1
0.000000,1.000000,1
0.000213,0.999787,1
0.999830,0.000170,0
0.000342,0.999658,1
0.999776,0.000224,0
0.000422,0.999578,1
0.000039,0.999961,1
0.000086,0.999914,1
0.000005,0.999995,1
0.000001,0.999999,1
0.000075,0.999925,1
0.000137,0.999863,1
0.000069,0.999931,1
0.999986,0.000014,0
0.000117,0.999883,1
0.999797,0.000203,0
0.999943,0.000057,0
0.999991,0.000009,0
0.999967,0.000033,0
0.000359,0.999641,1
0.000079,0.999921,1
0.999908,0.000092,0
0.000226,0.999774,1
0.000027,0.999973,1
0.999977,0.000023,0
0.999998,0.000002,0
0.999983,0.000017,0
0.000100,0.999900,1
0.999712,0.000288,0
0.000085,0.999915,1
0.999859,0.000141,0
0.999985,0.000015,0
0.000007,0.999993,1
0.999767,0.000233,0
0.000010,0.999990,1
0.999987,0.000013,0
0.004332,0.995668,1
0.000953,0.999047,1
0.000249,0.999751,1
0.999894,0.000106,0
0.000040,0.999960,1
0.999918,0.000082,0
0.000012,0.999988,1
0.000102,0.999898,1
0.000090,0.999910,1
0.000246,0.999754,1
0.999980,0.000020,0
0.000018,0.999982,1
0.999864,0.000136,0
0.999991,0.000009,0
0.000066,0.999934,1
0.000169,0.999831,1
0.999922,0.000078,0
0.999985,0.000015,0
0.999887,0.000113,0
0.000563,0.999437,1
0.999861,0.000139,0
0.000049,0.999951,1
0.999961,0.000039,0
0.000004,0.999996,1
0.999962,0.000038,0
0.999679,0.000321,0
0.999977,0.000023,0
0.999939,0.000061,0
0.000000,1.000000,1
0.999518,0.000482,0
0.999788,0.000212,0
0.999915,0.000085,0
0.000001,0.999999,1
0.999947,0.000053,0
0.999870,0.000130,0
0.999893,0.000107,0
0.999991,0.000009,0
0.999900,0.000100,0
0.000159,0.999841,1
0.000203,0.999797,1
0.999787,0.000213,0
0.999106,0.000894,0
0.999953,0.000047,0
0.000060,0.999940,1
0.999974,0.000026,0
0.999902,0.000098,0
0.999961,0.000039,0
0.000116,0.999884,1
0.000188,0.999812,1
0.000069,0.999931,1
0.000303,0.999697,1
0.000020,0.999980,1
0.000002,0.999998,1
0.999953,0.000047,0
0.999469,0.000531,0
0.999962,0.000038,0
0.999971,0.000029,0
0.000134,0.999866,1
0.999945,0.000055,0
0.999469,0.000531,0
0.000010,0.999990,1
0.999940,0.000060,0
0.996877,0.003123,0
0.000016,0.999984,1
0.999879,0.000121,0
0.999848,0.000152,0
0.000274,0.999726,1
0.999987,0.000013,0
0.999986,0.000014,0
0.999856,0.000144,0
0.000422,0.999578,1
0.000007,0.999993,1
0.999909,0.000091,0
0.999943,0.000057,0
0.000014,0.999986,1
0.000000,1.000000,1
0.999968,0.000032,0
0.999959,0.000041,0
0.000004,0.999996,1
0.000001,0.999999,1
0.999997,0.000003,0
0.000094,0.999906,1
0.000056,0.999944,1
0.000000,1.000000,1
0.999911,0.000089,0
0.000000,1.000000,1
0.000041,0.999959,1
0.999771,0.000229,0
0.999668,0.000332,0
0.000013,0.999987,1
0.999973,0.000027,0
0.999984,0.000016,0
0.000098,0.999902,1
0.999953,0.000047,0
0.999922,0.000078,0
0.999849,0.000151,0
0.999810,0.000190,0
0.000143,0.999857,1
0.000000,1.000000,1
0.999970,0.000030,0
0.999931,0.000069,0
0.000002,0.999998,1
0.999999,0.000001,0
0.000022,0.999978,1
0.000042,0.999958,1
0.000011,0.999989,1
0.999966,0.000034,0
0.999212,0.000788,0
0.999889,0.000111,0
0.000108,0.999892,1
0.000003,0.999997,1
0.000019,0.999981,1
0.000001,0.999999,1
0.000073,0.999927,1
0.999749,0.000251,0
0.000583,0.999417,1
0.999979,0.000021,0
0.999988,0.000012,0
0.000090,0.999910,1
0.000028,0.999972,1
0.999963,0.000037,0
0.000000,1.000000,1
0.999996,0.000004,0
0.999994,0.000006,0
0.000359,0.999641,1
0.000060,0.999940,1
0.000000,1.000000,1
0.999873,0.000127,0
0.000111,0.999889,1
0.999977,0.000023,0
0.000044,0.999956,1
0.000128,0.999872,1
0.000021,0.999979,1
0.000007,0.999993,1
0.999244,0.000756,0
0.992535,0.007465,0
0.000203,0.999797,1
0.000017,0.999983,1
0.000038,0.999962,1
0.000000,1.000000,1
0.999952,0.000048,0
0.000045,0.999955,1
0.000470,0.999530,1
0.999958,0.000042,0
0.000154,0.999846,1
0.999946,0.000054,0
0.000151,0.999849,1
0.000053,0.999947,1
0.000023,0.999977,1
0.999969,0.000031,0
0.000001,0.999999,1
0.999585,0.000415,0
0.999920,0.000080,0
0.999831,0.000169,0
0.000024,0.999976,1
0.000047,0.999953,1
0.000010,0.999990,1
0.999937,0.000063,0
0.999892,0.000108,0
0.000004,0.999996,1
0.000101,0.999899,1
0.000001,0.999999,1
0.999806,0.000194,0
0.000008,0.999992,1
0.998574,0.001426,0
0.999873,0.000127,0
0.999916,0.000084,0
0.991790,0.008210,0
0.000239,0.999761,1
0.999951,0.000049,0
0.999908,0.000092,0
0.000282,0.999718,1
0.999959,0.000041,0
0.000214,0.999786,1
0.000057,0.999943,1
0.999973,0.000027,0
0.999955,0.000045,0
0.999975,0.000025,0
0.999891,0.000109,0
0.999748,0.000252,0
0.999962,0.000038,0
0.970990,0.029010,0
0.000025,0.999975,1
0.998871,0.001129,0
0.000264,0.999736,1
0.999929,0.000071,0
0.000016,0.999984,1
0.999888,0.000112,0
0.000001,0.999999,1
0.000132,0.999868,1
0.999964,0.000036,0
0.997792,0.002208,0
0.000010,0.999990,1
0.999852,0.000148,0
0.999932,0.000068,0
0.999928,0.000072,0
0.999983,0.000017,0
0.999716,0.000284,0
0.000065,0.999935,1
0.999984,0.000016,0
0.000003,0.999997,1
0.000011,0.999989,1
0.999813,0.000187,0
0.999871,0.000129,0
0.000108,0.999892,1
0.999985,0.000015,0
0.000264,0.999736,1
0.999768,0.000232,0
0.000072,0.999928,1
0.999512,0.000488,0
0.000994,0.999006,1
0.999627,0.000373,0
0.000013,0.999987,1
0.999989,0.000011,0
0.999986,0.000014,0
0.000003,0.999997,1
0.999976,0.000024,0
0.000001,0.999999,1
0.999845,0.000155,0
0.999843,0.000157,0
0.999921,0.000079,0
0.999923,0.000077,0
0.000003,0.999997,1
0.999976,0.000024,0
0.000005,0.999995,1
0.999977,0.000023,0
0.000677,0.999323,1
0.999395,0.000605,0
0.000344,0.999656,1
0.999670,0.000330,0
0.001190,0.998810,1
0.000021,0.999979,1
0.999998,0.000002,0
0.000003,0.999997,1
0.000121,0.999879,1
0.000005,0.999995,1
0.000020,0.999980,1
0.999765,0.000235,0
0.000207,0.999793,1
0.999988,0.000012,0
0.000252,0.999748,1
0.999888,0.000112,0
0.000010,0.999990,1
0.000003,0.999997,1
0.999980,0.000020,0
0.000001,0.999999,1
0.000047,0.999953,1
0.999908,0.000092,0
0.000043,0.999957,1
0.999938,0.000062,0
0.000018,0.999982,1
0.999873,0.000127,0
0.005599,0.994401,1
0.000088,0.999912,1
0.999877,0.000123,0
0.999991,0.000009,0
0.000005,0.999995,1
0.999979,0.000021,0
0.999928,0.000072,0
0.000015,0.999985,1
0.000020,0.999980,1
0.000101,0.999899,1
0.000002,0.999998,1
0.999988,0.000012,0
0.000298,0.999702,1
0.000057,0.999943,1
0.000048,0.999952,1
0.999948,0.000052,0
0.000015,0.999985,1
0.999986,0.000014,0
0.999837,0.000163,0
0.999988,0.000012,0
0.999572,0.000428,0
0.999683,0.000317,0
0.000073,0.999927,1
0.000036,0.999964,1
0.000006,0.999994,1
0.000145,0.999855,1
0.999712,0.000288,0
0.000083,0.999917,1
0.000451,0.999549,1
0.000123,0.999877,1
0.000000,1.000000,1
0.000000,1.000000,1
0.999912,0.000088,0
0.999992,0.000008,0
0.999349,0.000651,0
0.000022,0.999978,1
0.999997,0.000003,0
0.999685,0.000315,0
0.999549,0.000451,0
0.000255,0.999745,1
0.999305,0.000695,0
0.999983,0.000017,0
0.000015,0.999985,1
0.000025,0.999975,1
0.000153,0.999847,1
0.999950,0.000050,0
0.000019,0.999981,1
0.000289,0.999711,1
0.999991,0.000009,0
0.000019,0.999981,1
0.999994,0.000006,0
0.000026,0.999974,1
0.999970,0.000030,0
0.999972,0.000028,0
0.999864,0.000136,0
0.000049,0.999951,1
0.000066,0.999934,1
0.999858,0.000142,0
0.999986,0.000014,0
0.000402,0.999598,1
0.004281,0.995719,1
0.999951,0.000049,0
0.000079,0.999921,1
0.999998,0.000002,0
0.000281,0.999719,1
0.000127,0.999873,1
0.999604,0.000396,0
0.999939,0.000061,0
0.000005,0.999995,1
0.999949,0.000051,0
0.000007,0.999993,1
0.999984,0.000016,0
0.999859,0.000141,0
0.000514,0.999486,1
0.000060,0.999940,1
0.000038,0.999962,1
0.999977,0.000023,0
0.000008,0.999992,1
0.000057,0.999943,1
0.000010,0.999990,1
0.000042,0.999958,1
0.000004,0.999996,1
0.000015,0.999985,1
0.000604,0.999396,1
0.000001,0.999999,1
0.000111,0.999889,1
0.000355,0.999645,1
0.999995,0.000005,0
0.999852,0.000148,0
0.000068,0.999932,1
0.000083,0.999917,1
0.000139,0.999861,1
0.000006,0.999994,1
0.999990,0.000010,0
0.999959,0.000041,0
0.999961,0.000039,0
0.000067,0.999933,1
0.000078,0.999922,1
0.999757,0.000243,0
0.000004,0.999996,1
0.999987,0.000013,0
0.999956,0.000044,0
0.971823,0.028177,0
0.000174,0.999826,1
0.999971,0.000029,0
0.999976,0.000024,0
0.000038,0.999962,1
0.000077,0.999923,1
0.000006,0.999994,1
0.000007,0.999993,1
0.999998,0.000002,0
0.999997,0.000003,0
0.000023,0.999977,1
0.998780,0.001220,0
0.999995,0.000005,0
0.000051,0.999949,1
0.000020,0.999980,1
0.000209,0.999791,1
0.999798,0.000202,0
0.999985,0.000015,0
0.000009,0.999991,1
0.999965,0.000035,0
0.000005,0.999995,1
0.999698,0.000302,0
0.000171,0.999829,1
0.999924,0.000076,0
0.000003,0.999997,1
0.999908,0.000092,0
0.999998,0.000002,0
0.000010,0.999990,1
0.000276,0.999724,1
0.999888,0.000112,0
0.999951,0.000049,0
0.000476,0.999524,1
0.000018,0.999982,1
0.999836,0.000164,0
0.000007,0.999993,1
0.000001,0.999999,1
0.999876,0.000124,0
0.000023,0.999977,1
0.999962,0.000038,0
0.000009,0.999991,1
0.000018,0.999982,1
0.000058,0.999942,1
0.999956,0.000044,0
0.000008,0.999992,1
0.000294,0.999706,1
0.999952,0.000048,0
0.000006,0.999994,1
0.000033,0.999967,1
0.999897,0.000103,0
0.999918,0.000082,0
0.000015,0.999985,1
0.999158,0.000842,0
0.000755,0.999245,1
0.999927,0.000073,0
0.993413,0.006587,0
0.000042,0.999958,1
0.000014,0.999986,1
0.000058,0.999942,1
0.999992,0.000008,0
0.000000,1.000000,1
0.999814,0.000186,0
0.999966,0.000034,0
0.000063,0.999937,1
0.000456,0.999544,1
0.999995,0.000005,0
0.000056,0.999944,1
0.002114,0.997886,1
0.999876,0.000124,0
0.000263,0.999737,1
0.000011,0.999989,1
0.000014,0.999986,1
0.000086,0.999914,1
0.000000,1.000000,1
0.000019,0.999981,1
0.999942,0.000058,0
0.000000,1.000000,1
0.000120,0.999880,1
0.999990,0.000010,0
0.999779,0.000221,0
0.000137,0.999863,1
0.999946,0.000054,0
0.000003,0.999997,1
0.000031,0.999969,1
0.999953,0.000047,0
0.999997,0.000003,0
0.999853,0.000147,0
0.000060,0.999940,1
0.000388,0.999612,1
0.000011,0.999989,1
0.000612,0.999388,1
0.999863,0.000137,0
0.000013,0.999987,1
0.999899,0.000101,0
0.000127,0.999873,1
0.999995,0.000005,0
0.000063,0.999937,1
0.999928,0.000072,0
0.999923,0.000077,0
0.000004,0.999996,1
0.000024,0.999976,1
0.000000,1.000000,1
0.000002,0.999998,1
0.000082,0.999918,1
0.999590,0.000410,0
0.999888,0.000112,0
0.999742,0.000258,0
0.000569,0.999431,1
0.999577,0.000423,0
0.999888,0.000112,0
0.000046,0.999954,1
0.999963,0.000037,0
0.999971,0.000029,0
0.000094,0.999906,1
0.000085,0.999915,1
0.999850,0.000150,0
0.000001,0.999999,1
0.000232,0.999768,1
0.000053,0.999947,1
0.999954,0.000046,0
0.000959,0.999041,1
0.998943,0.001057,0
0.000002,0.999998,1
0.997421,0.002579,0
0.000089,0.999911,1
0.999996,0.000004,0
0.999817,0.000183,0
0.999902,0.000098,0
0.997195,0.002805,0
0.000076,0.999924,1
0.000012,0.999988,1
0.999951,0.000049,0
0.000037,0.999963,1
0.999969,0.000031,0
0.000012,0.999988,1
0.999447,0.000553,0
0.000048,0.999952,1
0.000841,0.999159,1
0.000055,0.999945,1
0.999897,0.000103,0
0.000015,0.999985,1
0.000139,0.999861,1
0.999828,0.000172,0
0.000015,0.999985,1
0.000016,0.999984,1
0.000123,0.999877,1
0.999895,0.000105,0
0.002299,0.997701,1
0.999930,0.000070,0
0.002851,0.997149,1
0.999990,0.000010,0
0.999982,0.000018,0
0.000023,0.999977,1
0.000074,0.999926,1
0.000012,0.999988,1
0.999768,0.000232,0
0.999746,0.000254,0
0.000001,0.999999,1
0.999998,0.000002,0
0.999975,0.000025,0
0.999959,0.000041,0
0.000170,0.999830,1
0.999939,0.000061,0
0.000316,0.999684,1
0.000017,0.999983,1
0.000007,0.999993,1
0.000959,0.999041,1
0.999999,0.000001,0
0.999991,0.000009,0
0.999604,0.000396,0
0.999376,0.000624,0
0.000012,0.999988,1
0.000075,0.999925,1
0.000050,0.999950,1
0.001441,0.998559,1
0.000019,0.999981,1
0.999992,0.000008,0
1.000000,0.000000,0
0.000782,0.999218,1
0.999977,0.000023,0
0.000741,0.999259,1
0.000556,0.999444,1
0.000806,0.999194,1
0.999969,0.000031,0
0.999689,0.000311,0
0.000068,0.999932,1
0.999938,0.000062,0
0.999877,0.000123,0
0.999668,0.000332,0
0.000187,0.999813,1
0.000129,0.999871,1
0.999923,0.000077,0
0.999947,0.000053,0
0.999999,0.000001,0
0.000008,0.999992,1
0.000000,1.000000,1
0.999971,0.000029,0
0.999978,0.000022,0
0.999900,0.000100,0
0.999876,0.000124,0
0.999966,0.000034,0
0.000006,0.999994,1
0.000261,0.999739,1
0.000018,0.999982,1
0.999787,0.000213,0
0.000053,0.999947,1
0.000021,0.999979,1
0.000051,0.999949,1
0.995864,0.004136,0
0.000024,0.999976,1
0.000065,0.999935,1
0.008648,0.991352,1
0.000103,0.999897,1
0.999980,0.000020,0
0.999974,0.000026,0
0.000003,0.999997,1
0.999326,0.000674,0
0.000049,0.999951,1
0.999994,0.000006,0
0.999977,0.000023,0
0.000025,0.999975,1
0.000006,0.999994,1
0.000130,0.999870,1
0.999903,0.000097,0
0.000011,0.999989,1
0.000527,0.999473,1
0.000005,0.999995,1
0.999927,0.000073,0
0.000091,0.999909,1
0.999929,0.000071,0
0.000002,0.999998,1
0.000008,0.999992,1
0.999999,0.000001,0
0.000012,0.999988,1
0.000019,0.999981,1
0.999985,0.000015,0
0.000002,0.999998,1
0.000143,0.999857,1
0.000092,0.999908,1
0.999911,0.000089,0
0.000094,0.999906,1
0.999991,0.000009,0
0.000102,0.999898,1
0.999955,0.000045,0
0.999952,0.000048,0
0.000000,1.000000,1
0.000030,0.999970,1
0.000199,0.999801,1
0.999954,0.000046,0
0.999979,0.000021,0
0.000003,0.999997,1
0.000314,0.999686,1
0.000008,0.999992,1
0.999975,0.000025,0
0.000042,0.999958,1
0.999996,0.000004,0
0.000095,0.999905,1
0.000007,0.999993,1
0.000018,0.999982,1
0.999778,0.000222,0
0.999870,0.000130,0
0.999538,0.000462,0
0.000021,0.999979,1
0.000133,0.999867,1
0.000000,1.000000,1
0.999991,0.000009,0
0.000137,0.999863,1
0.000015,0.999985,1
0.000006,0.999994,1
0.999861,0.000139,0
0.000015,0.999985,1
0.999683,0.000317,0
0.000088,0.999912,1
0.000037,0.999963,1
0.999976,0.000024,0
0.999947,0.000053,0
0.999996,0.000004,0
0.000049,0.999951,1
0.000007,0.999993,1
0.999996,0.000004,0
0.000036,0.999964,1
0.000074,0.999926,1
0.000157,0.999843,1
0.999840,0.000160,0
0.000286,0.999714,1
0.999903,0.000097,0
0.999994,0.000006,0
0.000261,0.999739,1
0.000031,0.999969,1
0.999836,0.000164,0
0.999647,0.000353,0
0.000216,0.999784,1
0.999112,0.000888,0
0.000091,0.999909,1
0.999992,0.000008,0
0.000011,0.999989,1
0.999794,0.000206,0
0.000011,0.999989,1
0.999944,0.000056,0
0.999878,0.000122,0
0.999958,0.000042,0
0.999963,0.000037,0
0.000009,0.999991,1
0.999997,0.000003,0
0.000017,0.999983,1
0.000027,0.999973,1
0.000001,0.999999,1
0.999975,0.000025,0
0.000055,0.999945,1
0.001107,0.998893,1
0.999958,0.000042,0
0.999989,0.000011,0
0.998241,0.001759,0
0.999664,0.000336,0
0.999193,0.000807,0
0.000068,0.999932,1
0.000508,0.999492,1
0.000106,0.999894,1
0.999839,0.000161,0
0.000013,0.999987,1
0.000032,0.999968,1
0.999985,0.000015,0
0.999917,0.000083,0
0.000004,0.999996,1
0.000025,0.999975,1
0.999928,0.000072,0
0.000017,0.999983,1
0.000037,0.999963,1
0.000000,1.000000,1
0.000103,0.999897,1
0.999918,0.000082,0
0.000000,1.000000,1
0.999990,0.000010,0
0.999995,0.000005,0
0.000328,0.999672,1
0.000186,0.999814,1
0.999419,0.000581,0
0.999829,0.000171,0
0.999890,0.000110,0
0.999473,0.000527,0
0.000013,0.999987,1
0.000041,0.999959,1
0.999983,0.000017,0
0.999871,0.000129,0
0.000000,1.000000,1
0.000027,0.999973,1
0.000007,0.999993,1
0.000204,0.999796,1
0.000230,0.999770,1
0.999923,0.000077,0
0.000536,0.999464,1
0.000006,0.999994,1
0.000942,0.999058,1
0.000006,0.999994,1
0.000246,0.999754,1
0.000001,0.999999,1
0.999987,0.000013,0
0.000022,0.999978,1
0.999937,0.000063,0
0.000047,0.999953,1
0.999899,0.000101,0
0.999342,0.000658,0
0.000007,0.999993,1
0.000043,0.999957,1
0.999969,0.000031,0
0.000034,0.999966,1
0.002218,0.997782,1
0.999828,0.000172,0
0.000271,0.999729,1
0.000065,0.999935,1
0.999988,0.000012,0
0.999956,0.000044,0
0.000013,0.999987,1
0.999473,0.000527,0
0.999357,0.000643,0
0.999947,0.000053,0
0.000038,0.999962,1
0.000048,0.999952,1
0.000004,0.999996,1
0.000003,0.999997,1
0.000031,0.999969,1
0.000046,0.999954,1
0.000001,0.999999,1
0.999978,0.000022,0
0.000313,0.999687,1
0.999906,0.000094,0
0.999995,0.000005,0
0.999485,0.000515,0
0.999841,0.000159,0
0.000013,0.999987,1
0.999751,0.000249,0
0.000190,0.999810,1
0.000390,0.999610,1
0.999924,0.000076,0
0.000011,0.999989,1
0.000120,0.999880,1
0.000004,0.999996,1
0.000264,0.999736,1
0.999989,0.000011,0
0.000090,0.999910,1
0.000140,0.999860,1
0.000016,0.999984,1
0.000003,0.999997,1
0.000013,0.999987,1
0.999745,0.000255,0
0.999921,0.000079,0
0.000086,0.999914,1
0.999980,0.000020,0
0.999958,0.000042,0
0.000021,0.999979,1
0.999908,0.000092,0
0.000484,0.999516,1
0.000039,0.999961,1
0.999917,0.000083,0
0.000001,0.999999,1
0.000018,0.999982,1
0.999518,0.000482,0
0.000045,0.999955,1
0.000001,0.999999,1
0.999974,0.000026,0
0.999595,0.000405,0
0.000959,0.999041,1
0.000181,0.999819,1
0.000016,0.999984,1
0.000183,0.999817,1
0.999922,0.000078,0
0.999960,0.000040,0
0.000095,0.999905,1
0.999991,0.000009,0
0.000055,0.999945,1
0.999752,0.000248,0
0.999918,0.000082,0
0.999892,0.000108,0
0.000077,0.999923,1
0.999890,0.000110,0
0.000039,0.999961,1
0.000082,0.999918,1
0.000010,0.999990,1
0.000094,0.999906,1
0.999737,0.000263,0
0.000407,0.999593,1
0.000064,0.999936,1
0.000005,0.999995,1
0.000737,0.999263,1
0.000022,0.999978,1
0.999034,0.000966,0
0.999317,0.000683,0
0.000083,0.999917,1
0.999915,0.000085,0
0.000000,1.000000,1
0.000363,0.999637,1
0.002076,0.997924,1
0.000002,0.999998,1
0.000017,0.999983,1
0.999888,0.000112,0
0.999901,0.000099,0
0.000013,0.999987,1
0.999735,0.000265,0
0.999963,0.000037,0
0.000012,0.999988,1
0.999919,0.000081,0
0.000032,0.999968,1
0.999997,0.000003,0
0.000075,0.999925,1
0.999800,0.000200,0
0.999806,0.000194,0
0.999984,0.000016,0
0.000031,0.999969,1
0.999738,0.000262,0
0.999946,0.000054,0
0.000029,0.999971,1
0.999820,0.000180,0
0.999816,0.000184,0
0.000011,0.999989,1
0.000003,0.999997,1
0.000060,0.999940,1
0.999990,0.000010,0
0.999931,0.000069,0
0.000004,0.999996,1
0.999891,0.000109,0
0.000253,0.999747,1
0.000003,0.999997,1
0.000002,0.999998,1
0.999409,0.000591,0
0.999821,0.000179,0
0.999651,0.000349,0
0.000014,0.999986,1
0.000346,0.999654,1
0.000068,0.999932,1
0.999957,0.000043,0
0.000001,0.999999,1
0.000052,0.999948,1
0.000072,0.999928,1
0.000091,0.999909,1
0.000090,0.999910,1
0.000011,0.999989,1
0.999971,0.000029,0
0.999964,0.000036,0
0.000111,0.999889,1
0.999964,0.000036,0
0.000242,0.999758,1
0.000004,0.999996,1
0.999971,0.000029,0
0.999993,0.000007,0
0.000008,0.999992,1
0.000001,0.999999,1
0.999904,0.000096,0
0.000003,0.999997,1
0.999971,0.000029,0
0.000000,1.000000,1
0.999935,0.000065,0
0.999977,0.000023,0
0.999742,0.000258,0
0.999309,0.000691,0
0.999963,0.000037,0
0.000543,0.999457,1
0.000051,0.999949,1
0.999975,0.000025,0
0.999926,0.000074,0
0.000050,0.999950,1
0.999934,0.000066,0
0.999962,0.000038,0
0.000587,0.999413,1
0.999979,0.000021,0
0.999797,0.000203,0
0.999994,0.000006,0
0.999895,0.000105,0
0.000007,0.999993,1
0.000324,0.999676,1
0.000417,0.999583,1
0.000006,0.999994,1
0.999977,0.000023,0
0.999987,0.000013,0
0.999960,0.000040,0
0.000005,0.999995,1
0.000030,0.999970,1
0.999785,0.000215,0
0.000298,0.999702,1
0.999996,0.000004,0
0.999687,0.000313,0
0.999903,0.000097,0
0.999897,0.000103,0
0.999938,0.000062,0
0.000355,0.999645,1
0.000031,0.999969,1
0.000001,0.999999,1
0.999989,0.000011,0
0.000003,0.999997,1
0.000095,0.999905,1
0.000296,0.999704,1
0.000008,0.999992,1
0.000009,0.999991,1
0.000000,1.000000,1
0.000031,0.999969,1
0.999609,0.000391,0
0.000002,0.999998,1
0.999984,0.000016,0
0.000054,0.999946,1
0.000004,0.999996,1
0.000036,0.999964,1
0.999891,0.000109,0
0.999951,0.000049,0
0.000061,0.999939,1
0.000005,0.999995,1
0.000272,0.999728,1
0.000159,0.999841,1
0.999989,0.000011,0
0.000054,0.999946,1
0.000000,1.000000,1
0.000289,0.999711,1
0.000077,0.999923,1
0.999262,0.000738,0
0.000058,0.999942,1
0.000001,0.999999,1
0.999962,0.000038,0
0.000145,0.999855,1
0.000043,0.999957,1
0.000000,1.000000,1
0.999714,0.000286,0
0.991235,0.008765,0
0.999734,0.000266,0
0.999951,0.000049,0
0.999881,0.000119,0
0.000004,0.999996,1
0.999976,0.000024,0
0.000006,0.999994,1
0.999954,0.000046,0
0.999964,0.000036,0
0.000005,0.999995,1
0.008149,0.991851,1
0.000001,0.999999,1
0.013655,0.986345,1
0.999898,0.000102,0
0.000029,0.999971,1
0.000004,0.999996,1
0.999912,0.000088,0
0.999976,0.000024,0
0.000113,0.999887,1
0.000009,0.999991,1
0.000029,0.999971,1
0.999907,0.000093,0
0.000022,0.999978,1
0.000261,0.999739,1
0.000012,0.999988,1
0.999915,0.000085,0
0.999995,0.000005,0
0.999918,0.000082,0
0.999976,0.000024,0
0.999990,0.000010,0
0.000085,0.999915,1
0.000041,0.999959,1
0.999801,0.000199,0
0.000007,0.999993,1
0.000015,0.999985,1
0.000007,0.999993,1
0.000263,0.999737,1
0.999987,0.000013,0
0.999991,0.000009,0
0.999915,0.000085,0
0.000039,0.999961,1
0.000008,0.999992,1
0.999602,0.000398,0
0.000110,0.999890,1
0.000031,0.999969,1
0.000086,0.999914,1
0.000068,0.999932,1
0.000000,1.000000,1
0.999970,0.000030,0
0.000037,0.999963,1
0.000008,0.999992,1
0.999996,0.000004,0
0.000063,0.999937,1
0.999860,0.000140,0
0.999988,0.000012,0
0.003391,0.996609,1
0.999994,0.000006,0
0.999998,0.000002,0
0.999835,0.000165,0
0.000008,0.999992,1
0.999931,0.000069,0
0.000013,0.999987,1
0.000163,0.999837,1
0.999689,0.000311,0
0.000087,0.999913,1
0.000028,0.999972,1
0.000043,0.999957,1
0.999994,0.000006,0
0.999993,0.000007,0
0.999961,0.000039,0
0.999994,0.000006,0
0.995052,0.004948,0
0.000010,0.999990,1
0.999998,0.000002,0
0.000000,1.000000,1
0.999914,0.000086,0
0.000060,0.999940,1
0.000026,0.999974,1
0.000135,0.999865,1
0.999016,0.000984,0
0.000056,0.999944,1
0.999966,0.000034,0
0.000174,0.999826,1
0.999942,0.000058,0
0.000058,0.999942,1
0.999884,0.000116,0
0.999833,0.000167,0
0.000130,0.999870,1
0.000000,1.000000,1
0.999649,0.000351,0
0.002285,0.997715,1
0.999301,0.000699,0
0.999991,0.000009,0
0.999322,0.000678,0
0.999938,0.000062,0
0.999964,0.000036,0
0.999989,0.000011,0
0.999258,0.000742,0
0.999959,0.000041,0
0.000031,0.999969,1
0.000084,0.999916,1
0.999947,0.000053,0
0.999691,0.000309,0
0.001219,0.998781,1
0.999980,0.000020,0
0.000005,0.999995,1
0.000263,0.999737,1
0.000007,0.999993,1
0.000221,0.999779,1
0.999867,0.000133,0
0.000163,0.999837,1
0.999986,0.000014,0
0.999999,0.000001,0
0.000008,0.999992,1
0.999983,0.000017,0
0.999894,0.000106,0
0.000002,0.999998,1
0.999898,0.000102,0
0.999925,0.000075,0
0.000000,1.000000,1
0.000003,0.999997,1
0.000045,0.999955,1
0.000000,1.000000,1
0.000040,0.999960,1
0.000004,0.999996,1
0.000001,0.999999,1
0.001101,0.998899,1
0.000209,0.999791,1
0.000608,0.999392,1
0.000009,0.999991,1
0.000025,0.999975,1
0.000012,0.999988,1
0.000117,0.999883,1
0.000866,0.999134,1
0.999801,0.000199,0
0.000000,1.000000,1
0.000098,0.999902,1
0.000010,0.999990,1
0.000030,0.999970,1
0.999899,0.000101,0
0.999957,0.000043,0
0.000006,0.999994,1
0.999792,0.000208,0
0.999122,0.000878,0
0.000016,0.999984,1
0.000150,0.999850,1
0.999217,0.000783,0
0.999913,0.000087,0
0.000003,0.999997,1
0.999768,0.000232,0
0.000015,0.999985,1
0.000051,0.999949,1
0.000000,1.000000,1
0.999960,0.000040,0
0.000201,0.999799,1
0.000027,0.999973,1
0.000286,0.999714,1
0.000007,0.999993,1
0.999353,0.000647,0
0.000000,1.000000,1
0.000001,0.999999,1
0.999886,0.000114,0
0.999945,0.000055,0
0.999450,0.000550,0
0.000053,0.999947,1
0.999288,0.000712,0
0.000016,0.999984,1
0.999767,0.000233,0
0.000000,1.000000,1
0.999807,0.000193,0
0.999856,0.000144,0
0.999975,0.000025,0
0.000099,0.999901,1
0.000028,0.999972,1
0.000370,0.999630,1
0.000003,0.999997,1
0.000274,0.999726,1
0.999964,0.000036,0
0.999500,0.000500,0
0.000011,0.999989,1
0.000437,0.999563,1
0.999996,0.000004,0
0.000074,0.999926,1
0.999973,0.000027,0
0.999907,0.000093,0
0.000100,0.999900,1
0.000054,0.999946,1
0.000001,0.999999,1
0.999866,0.000134,0
0.000014,0.999986,1
0.999991,0.000009,0
0.999992,0.000008,0
0.999839,0.000161,0
0.999833,0.000167,0
0.999992,0.000008,0
0.999940,0.000060,0
0.999963,0.000037,0
0.999943,0.000057,0
0.999959,0.000041,0
0.000017,0.999983,1
0.000012,0.999988,1
0.000811,0.999189,1
0.000030,0.999970,1
0.000028,0.999972,1
0.000069,0.999931,1
0.000210,0.999790,1
0.000038,0.999962,1
0.999737,0.000263,0
0.999722,0.000278,0
0.999992,0.000008,0
0.000000,1.000000,1
0.000017,0.999983,1
0.000010,0.999990,1
0.000158,0.999842,1
0.999920,0.000080,0
0.000374,0.999626,1
0.999738,0.000262,0
0.000118,0.999882,1
0.999897,0.000103,0
0.999987,0.000013,0
0.999997,0.000003,0
0.999840,0.000160,0
0.999540,0.000460,0
0.000037,0.999963,1
0.000011,0.999989,1
0.999703,0.000297,0
0.999951,0.000049,0
0.000056,0.999944,1
0.999956,0.000044,0
0.999906,0.000094,0
0.000467,0.999533,1
0.000006,0.999994,1
0.000153,0.999847,1
0.999985,0.000015,0
0.996127,0.003873,0
0.999849,0.000151,0
0.000256,0.999744,1
0.999198,0.000802,0
0.000052,0.999948,1
0.999794,0.000206,0
0.999990,0.000010,0
0.000000,1.000000,1
0.999824,0.000176,0
0.000015,0.999985,1
0.000053,0.999947,1
0.999990,0.000010,0
0.999987,0.000013,0
0.999894,0.000106,0
0.000037,0.999963,1
0.999999,0.000001,0
0.000195,0.999805,1
0.000052,0.999948,1
0.999453,0.000547,0
0.999817,0.000183,0
0.999827,0.000173,0
0.999380,0.000620,0
0.000036,0.999964,1
0.000225,0.999775,1
0.999908,0.000092,0
0.000023,0.999977,1
0.999659,0.000341,0
0.000009,0.999991,1
0.999045,0.000955,0
0.999947,0.000053,0
0.999409,0.000591,0
0.000015,0.999985,1
0.000001,0.999999,1
0.000042,0.999958,1
0.999997,0.000003,0
0.999988,0.000012,0
0.999904,0.000096,0
0.000000,1.000000,1
0.000357,0.999643,1
0.998681,0.001319,0
0.999997,0.000003,0
0.999990,0.000010,0
0.000169,0.999831,1
0.999819,0.000181,0
0.999945,0.000055,0
0.999985,0.000015,0
0.000001,0.999999,1
0.000151,0.999849,1
0.000217,0.999783,1
0.000062,0.999938,1
0.999817,0.000183,0
0.000036,0.999964,1
0.000123,0.999877,1
0.000003,0.999997,1
0.999789,0.000211,0
0.000778,0.999222,1
0.000002,0.999998,1
0.000000,1.000000,1
0.999914,0.000086,0
0.000225,0.999775,1
0.000179,0.999821,1
0.999849,0.000151,0
0.000079,0.999921,1
0.000044,0.999956,1
0.999999,0.000001,0
0.000122,0.999878,1
0.999649,0.000351,0
0.000001,0.999999,1
0.000017,0.999983,1
0.000024,0.999976,1
0.999965,0.000035,0
0.000017,0.999983,1
0.999949,0.000051,0
0.000001,0.999999,1
0.000208,0.999792,1
0.000202,0.999798,1
0.999850,0.000150,0
0.000056,0.999944,1
0.000108,0.999892,1
0.000009,0.999991,1
0.999952,0.000048,0
0.999998,0.000002,0
0.000012,0.999988,1
0.000000,1.000000,1
0.000008,0.999992,1
0.000013,0.999987,1
0.999945,0.000055,0
0.999958,0.000042,0
0.999989,0.000011,0
0.000184,0.999816,1
0.999694,0.000306,0
0.999981,0.000019,0
0.999284,0.000716,0
0.999978,0.000022,0
0.999852,0.000148,0
0.000002,0.999998,1
0.000669,0.999331,1
0.000355,0.999645,1
0.000021,0.999979,1
0.000044,0.999956,1
0.005181,0.994819,1
0.000004,0.999996,1
0.999727,0.000273,0
0.999987,0.000013,0
0.998363,0.001637,0
0.999948,0.000052,0
0.000123,0.999877,1
0.999962,0.000038,0
0.000090,0.999910,1
0.999986,0.000014,0
0.999949,0.000051,0
0.999757,0.000243,0
0.000189,0.999811,1
0.999881,0.000119,0
0.000082,0.999918,1
0.000121,0.999879,1
0.999930,0.000070,0
0.999292,0.000708,0
0.999994,0.000006,0
0.000020,0.999980,1
0.000002,0.999998,1
0.999405,0.000595,0
0.999989,0.000011,0
0.000006,0.999994,1
0.000035,0.999965,1
0.999866,0.000134,0
0.999117,0.000883,0
0.000216,0.999784,1
0.999974,0.000026,0
0.000002,0.999998,1
0.000015,0.999985,1
0.999978,0.000022,0
0.999955,0.000045,0
0.000183,0.999817,1
0.000117,0.999883,1
0.999788,0.000212,0
0.999982,0.000018,0
0.000022,0.999978,1
0.999869,0.000131,0
0.999919,0.000081,0
0.000005,0.999995,1
0.999760,0.000240,0
0.999919,0.000081,0
0.000013,0.999987,1
0.000007,0.999993,1
0.000046,0.999954,1
0.999951,0.000049,0
0.000001,0.999999,1
0.999977,0.000023,0
0.999955,0.000045,0
0.999830,0.000170,0
0.000011,0.999989,1
0.999893,0.000107,0
0.000348,0.999652,1
0.999985,0.000015,0
0.000118,0.999882,1
0.994903,0.005097,0
0.000014,0.999986,1
0.000005,0.999995,1
0.000046,0.999954,1
0.999978,0.000022,0
0.000120,0.999880,1
0.000237,0.999763,1
0.000000,1.000000,1
0.999988,0.000012,0
0.000118,0.999882,1
0.000067,0.999933,1
0.000003,0.999997,1
0.000009,0.999991,1
0.000258,0.999742,1
0.999977,0.000023,0
0.999803,0.000197,0
0.000004,0.999996,1
0.000296,0.999704,1
0.999996,0.000004,0
0.999858,0.000142,0
0.999982,0.000018,0
0.000440,0.999560,1
0.999992,0.000008,0
0.000154,0.999846,1
0.978088,0.021912,0
0.999994,0.000006,0
0.999973,0.000027,0
0.000032,0.999968,1
0.000010,0.999990,1
0.999962,0.000038,0
0.000001,0.999999,1
1.000000,0.000000,0
0.999959,0.000041,0
0.999850,0.000150,0
0.000314,0.999686,1
0.999726,0.000274,0
0.000092,0.999908,1
0.999937,0.000063,0
0.000000,1.000000,1
0.999853,0.000147,0
0.000209,0.999791,1
0.999982,0.000018,0
0.000018,0.999982,1
0.999963,0.000037,0
0.000006,0.999994,1
0.000009,0.999991,1
0.999933,0.000067,0
0.000016,0.999984,1
0.999735,0.000265,0
0.999751,0.000249,0
0.999734,0.000266,0
0.999892,0.000108,0
0.000826,0.999174,1
0.000000,1.000000,1
0.000081,0.999919,1
0.000065,0.999935,1
0.000000,1.000000,1
0.000007,0.999993,1
0.000104,0.999896,1
0.000020,0.999980,1
0.999937,0.000063,0
0.000004,0.999996,1
0.000543,0.999457,1
0.000801,0.999199,1
0.999988,0.000012,0
0.999953,0.000047,0
0.000030,0.999970,1
0.999928,0.000072,0
0.000143,0.999857,1
0.000015,0.999985,1
0.896718,0.103282,0
0.000019,0.999981,1
0.000169,0.999831,1
0.000015,0.999985,1
0.000014,0.999986,1
0.000045,0.999955,1
0.000050,0.999950,1
0.999494,0.000506,0
0.999924,0.000076,0
0.999995,0.000005,0
0.000000,1.000000,1
0.000144,0.999856,1
0.000370,0.999630,1
0.999749,0.000251,0
0.000003,0.999997,1
0.000001,0.999999,1
0.999859,0.000141,0
0.000209,0.999791,1
0.000018,0.999982,1
0.000001,0.999999,1
0.999874,0.000126,0
0.000067,0.999933,1
0.999742,0.000258,0
0.999793,0.000207,0
0.999837,0.000163,0
0.001263,0.998737,1
0.000080,0.999920,1
0.999935,0.000065,0
0.999914,0.000086,0
0.000004,0.999996,1
0.000330,0.999670,1
0.999951,0.000049,0
0.000340,0.999660,1
0.999964,0.000036,0
0.999879,0.000121,0
0.999892,0.000108,0
0.999925,0.000075,0
0.999870,0.000130,0
0.000012,0.999988,1
0.000116,0.999884,1
0.000054,0.999946,1
0.000001,0.999999,1
0.000009,0.999991,1
0.999990,0.000010,0
0.999775,0.000225,0
0.998133,0.001867,0
0.000237,0.999763,1
0.999899,0.000101,0
0.000376,0.999624,1
0.999917,0.000083,0
0.999526,0.000474,0
0.999823,0.000177,0
0.999900,0.000100,0
0.999988,0.000012,0
0.000302,0.999698,1
0.000180,0.999820,1
0.000001,0.999999,1
0.999301,0.000699,0
0.000187,0.999813,1
0.000000,1.000000,1
0.000165,0.999835,1
0.000244,0.999756,1
0.000508,0.999492,1
0.000016,0.999984,1
0.000001,0.999999,1
0.999607,0.000393,0
0.000013,0.999987,1
0.000009,0.999991,1
0.999890,0.000110,0
0.999943,0.000057,0
0.999845,0.000155,0
0.000006,0.999994,1
0.999859,0.000141,0
0.999950,0.000050,0
0.000250,0.999750,1
0.000009,0.999991,1
0.999981,0.000019,0
0.000000,1.000000,1
0.999999,0.000001,0
0.002622,0.997378,1
0.999964,0.000036,0
0.000014,0.999986,1
0.999986,0.000014,0
0.000095,0.999905,1
0.000001,0.999999,1
0.001141,0.998859,1
0.000003,0.999997,1
0.000258,0.999742,1
0.999932,0.000068,0
0.999964,0.000036,0
0.000052,0.999948,1
0.999932,0.000068,0
0.000920,0.999080,1
0.000045,0.999955,1
0.000000,1.000000,1
0.000279,0.999721,1
0.999890,0.000110,0
0.000000,1.000000,1
0.999944,0.000056,0
0.000043,0.999957,1
0.000097,0.999903,1
0.000164,0.999836,1
0.000170,0.999830,1
0.999984,0.000016,0
0.000131,0.999869,1
0.999981,0.000019,0
0.000040,0.999960,1
0.999988,0.000012,0
0.000002,0.999998,1
0.999993,0.000007,0
0.999984,0.000016,0
0.999907,0.000093,0
0.999980,0.000020,0
0.999990,0.000010,0
0.000014,0.999986,1
0.999557,0.000443,0
0.000007,0.999993,1
0.999941,0.000059,0
0.999995,0.000005,0
0.000023,0.999977,1
0.999978,0.000022,0
0.999948,0.000052,0
0.999297,0.000703,0
0.000216,0.999784,1
0.999920,0.000080,0
0.000009,0.999991,1
0.995713,0.004287,0
0.999989,0.000011,0
0.999888,0.000112,0
0.999928,0.000072,0
0.999987,0.000013,0
0.000000,1.000000,1
0.000029,0.999971,1
0.000046,0.999954,1
0.000129,0.999871,1
0.999971,0.000029,0
0.999890,0.000110,0
0.997805,0.002195,0
0.000020,0.999980,1
0.000002,0.999998,1
0.999905,0.000095,0
0.000005,0.999995,1
0.999977,0.000023,0
0.999494,0.000506,0
0.000179,0.999821,1
0.999696,0.000304,0
0.999880,0.000120,0
0.000059,0.999941,1
0.999885,0.000115,0
0.000228,0.999772,1
0.000016,0.999984,1
0.000084,0.999916,1
0.000006,0.999994,1
0.999961,0.000039,0
0.000003,0.999997,1
0.000000,1.000000,1
0.000530,0.999470,1
0.000019,0.999981,1
0.000034,0.999966,1
0.000161,0.999839,1
0.999947,0.000053,0
0.000012,0.999988,1
0.999953,0.000047,0
0.999966,0.000034,0
0.000040,0.999960,1
0.000004,0.999996,1
0.000033,0.999967,1
0.999980,0.000020,0
0.000103,0.999897,1
0.000017,0.999983,1
0.000133,0.999867,1
0.000062,0.999938,1
0.999804,0.000196,0
0.999795,0.000205,0
0.000094,0.999906,1
0.000031,0.999969,1
0.999967,0.000033,0
0.999966,0.000034,0
0.999963,0.000037,0
0.999946,0.000054,0
0.998599,0.001401,0
0.000011,0.999989,1
0.999869,0.000131,0
0.999887,0.000113,0
0.000006,0.999994,1
0.000000,1.000000,1
0.000010,0.999990,1
0.000006,0.999994,1
0.999939,0.000061,0
0.000026,0.999974,1
0.000010,0.999990,1
0.000010,0.999990,1
0.999957,0.000043,0
0.999940,0.000060,0
0.999899,0.000101,0
0.999765,0.000235,0
0.000044,0.999956,1
0.000006,0.999994,1
0.000000,1.000000,1
0.999989,0.000011,0
0.000001,0.999999,1
0.999902,0.000098,0
0.999811,0.000189,0
0.000104,0.999896,1
0.001241,0.998759,1
0.999854,0.000146,0
0.000000,1.000000,1
0.000023,0.999977,1
0.000010,0.999990,1
0.000573,0.999427,1
0.999988,0.000012,0
0.000063,0.999937,1
0.999849,0.000151,0
0.000006,0.999994,1
0.000071,0.999929,1
0.000176,0.999824,1
0.998943,0.001057,0
0.000063,0.999937,1
0.999970,0.000030,0
0.000004,0.999996,1
0.999859,0.000141,0
0.000008,0.999992,1
0.999922,0.000078,0
0.000068,0.999932,1
0.000010,0.999990,1
0.000013,0.999987,1
0.000187,0.999813,1
0.999912,0.000088,0
0.000170,0.999830,1
0.000002,0.999998,1
0.000011,0.999989,1
0.000177,0.999823,1
0.997883,0.002117,0
0.000017,0.999983,1
0.999912,0.000088,0
0.999997,0.000003,0
0.000061,0.999939,1
0.000015,0.999985,1
0.999983,0.000017,0
0.000016,0.999984,1
0.999929,0.000071,0
0.999529,0.000471,0
0.000007,0.999993,1
0.000085,0.999915,1
0.999990,0.000010,0
0.999863,0.000137,0
0.000075,0.999925,1
0.000357,0.999643,1
0.999914,0.000086,0
0.999950,0.000050,0
0.000402,0.999598,1
0.000007,0.999993,1
0.999785,0.000215,0
0.000005,0.999995,1
0.000286,0.999714,1
0.000044,0.999956,1
0.000094,0.999906,1
0.000091,0.999909,1
0.999986,0.000014,0
0.999966,0.000034,0
0.000002,0.999998,1
0.000000,1.000000,1
0.999983,0.000017,0
0.000010,0.999990,1
0.999440,0.000560,0
0.999983,0.000017,0
0.999831,0.000169,0
0.000267,0.999733,1
0.000000,1.000000,1
0.997145,0.002855,0
0.999924,0.000076,0
0.999767,0.000233,0
0.000003,0.999997,1
0.000445,0.999555,1
0.000021,0.999979,1
0.000161,0.999839,1
0.999288,0.000712,0
0.000002,0.999998,1
0.000064,0.999936,1
0.000002,0.999998,1
0.000002,0.999998,1
0.000006,0.999994,1
0.999988,0.000012,0
0.999803,0.000197,0
0.997920,0.002080,0
0.999865,0.000135,0
0.999989,0.000011,0
0.999988,0.000012,0
0.999998,0.000002,0
0.000035,0.999965,1
0.000092,0.999908,1
0.000113,0.999887,1
0.999815,0.000185,0
0.999970,0.000030,0
0.999998,0.000002,0
0.000050,0.999950,1
0.999112,0.000888,0
0.000110,0.999890,1
0.000002,0.999998,1
0.000642,0.999358,1
0.000034,0.999966,1
0.001226,0.998774,1
0.000066,0.999934,1
0.999832,0.000168,0
0.000062,0.999938,1
0.999262,0.000738,0
0.000002,0.999998,1
0.000107,0.999893,1
0.999521,0.000479,0
0.000000,1.000000,1
0.999935,0.000065,0
0.000127,0.999873,1
0.000001,0.999999,1
0.000034,0.999966,1
0.999899,0.000101,0
0.000075,0.999925,1
0.999805,0.000195,0
0.000022,0.999978,1
0.999721,0.000279,0
0.000000,1.000000,1
0.000050,0.999950,1
0.000456,0.999544,1
0.000011,0.999989,1
0.999900,0.000100,0
0.000002,0.999998,1
0.000019,0.999981,1
0.000018,0.999982,1
0.999857,0.000143,0
0.000120,0.999880,1
0.000097,0.999903,1
0.000126,0.999874,1
0.999956,0.000044,0
0.000025,0.999975,1
0.999967,0.000033,0
0.999994,0.000006,0
0.000037,0.999963,1
0.000017,0.999983,1
0.000005,0.999995,1
0.000033,0.999967,1
0.000000,1.000000,1
0.000044,0.999956,1
0.999998,0.000002,0
0.999838,0.000162,0
0.000006,0.999994,1
0.000006,0.999994,1
0.999940,0.000060,0
0.999979,0.000021,0
0.999810,0.000190,0
0.999575,0.000425,0
0.000133,0.999867,1
0.999960,0.000040,0
0.999968,0.000032,0
0.000002,0.999998,1
0.999952,0.000048,0
0.999894,0.000106,0
0.999972,0.000028,0
0.000000,1.000000,1
0.999846,0.000154,0
0.999752,0.000248,0
0.999979,0.000021,0
0.999811,0.000189,0
0.000080,0.999920,1
0.999923,0.000077,0
0.000502,0.999498,1
0.999848,0.000152,0
0.998998,0.001002,0
0.000001,0.999999,1
0.999557,0.000443,0
0.000002,0.999998,1
0.000002,0.999998,1
0.999985,0.000015,0
0.000022,0.999978,1
0.999878,0.000122,0
0.000023,0.999977,1
0.000005,0.999995,1
0.000005,0.999995,1
0.000370,0.999630,1
0.000002,0.999998,1
0.000000,1.000000,1
0.999960,0.000040,0
0.000003,0.999997,1
0.000009,0.999991,1
0.999587,0.000413,0
0.999710,0.000290,0
0.000381,0.999619,1
0.000244,0.999756,1
0.999943,0.000057,0
0.999973,0.000027,0
0.000005,0.999995,1
0.999995,0.000005,0
0.000190,0.999810,1
0.999968,0.000032,0
0.000013,0.999987,1
0.999962,0.000038,0
0.000016,0.999984,1
0.999993,0.000007,0
0.000028,0.999972,1
0.999946,0.000054,0
0.999916,0.000084,0
0.000005,0.999995,1
0.000546,0.999454,1
0.000087,0.999913,1
0.999834,0.000166,0
0.999930,0.000070,0
0.000002,0.999998,1
0.000359,0.999641,1
0.000017,0.999983,1
0.000029,0.999971,1
0.999717,0.000283,0
0.000002,0.999998,1
0.000569,0.999431,1
0.000152,0.999848,1
0.000058,0.999942,1
0.000021,0.999979,1
0.000057,0.999943,1
0.999956,0.000044,0
0.000000,1.000000,1
0.000017,0.999983,1
0.999986,0.000014,0
0.000033,0.999967,1
0.999950,0.000050,0
0.999993,0.000007,0
0.000150,0.999850,1
0.000013,0.999987,1
0.000060,0.999940,1
0.999996,0.000004,0
0.000012,0.999988,1
0.999931,0.000069,0
0.000021,0.999979,1
0.999976,0.000024,0
0.999905,0.000095,0
0.999993,0.000007,0
0.000098,0.999902,1
0.000000,1.000000,1
0.001190,0.998810,1
0.000016,0.999984,1
0.999951,0.000049,0
0.999939,0.000061,0
0.000279,0.999721,1
0.000195,0.999805,1
0.000065,0.999935,1
0.000003,0.999997,1
0.000132,0.999868,1
0.999907,0.000093,0
0.000002,0.999998,1
0.000001,0.999999,1
0.999549,0.000451,0
0.999999,0.000001,0
0.999966,0.000034,0
0.999978,0.000022,0
0.999540,0.000460,0
0.997162,0.002838,0
0.999888,0.000112,0
0.999839,0.000161,0
0.000069,0.999931,1
0.000007,0.999993,1
0.999792,0.000208,0
0.999790,0.000210,0
0.000064,0.999936,1
0.999977,0.000023,0
0.000020,0.999980,1
0.999861,0.000139,0
0.999801,0.000199,0
0.000033,0.999967,1
0.999987,0.000013,0
0.000007,0.999993,1
0.999973,0.000027,0
0.000282,0.999718,1
0.999904,0.000096,0
0.000109,0.999891,1
0.001357,0.998643,1
0.999995,0.000005,0
0.000018,0.999982,1
0.000009,0.999991,1
0.000071,0.999929,1
0.999832,0.000168,0
0.999703,0.000297,0
0.000095,0.999905,1
0.999834,0.000166,0
0.000732,0.999268,1
0.000086,0.999914,1
0.000059,0.999941,1
0.999949,0.000051,0
0.000051,0.999949,1
0.000530,0.999470,1
0.999940,0.000060,0
0.000407,0.999593,1
0.000219,0.999781,1
0.000011,0.999989,1
0.000016,0.999984,1
0.000052,0.999948,1
0.999954,0.000046,0
0.999365,0.000635,0
0.999872,0.000128,0
0.000010,0.999990,1
0.999987,0.000013,0
0.000047,0.999953,1
0.000049,0.999951,1
0.000062,0.999938,1
0.999999,0.000001,0
0.999932,0.000068,0
0.000061,0.999939,1
0.000021,0.999979,1
0.999983,0.000017,0
0.000023,0.999977,1
0.000002,0.999998,1
0.000009,0.999991,1
0.000764,0.999236,1
0.000088,0.999912,1
0.999856,0.000144,0
0.000388,0.999612,1
0.000044,0.999956,1
0.999997,0.000003,0
0.001634,0.998366,1
0.000012,0.999988,1
0.000011,0.999989,1
0.000140,0.999860,1
0.999870,0.000130,0
0.000026,0.999974,1
0.000233,0.999767,1
0.000003,0.999997,1
0.999074,0.000926,0
0.000002,0.999998,1
0.999999,0.000001,0
0.000419,0.999581,1
0.000007,0.999993,1
0.000773,0.999227,1
0.000069,0.999931,1
0.000201,0.999799,1
0.999694,0.000306,0
0.000026,0.999974,1
0.999892,0.000108,0
0.999969,0.000031,0
0.000080,0.999920,1
0.999828,0.000172,0
0.998430,0.001570,0
0.000007,0.999993,1
0.000010,0.999990,1
0.999609,0.000391,0
0.999353,0.000647,0
0.996173,0.003827,0
0.000131,0.999869,1
0.000001,0.999999,1
0.000178,0.999822,1
0.999974,0.000026,0
0.999996,0.000004,0
0.000011,0.999989,1
0.000101,0.999899,1
0.000150,0.999850,1
0.000037,0.999963,1
0.000230,0.999770,1
0.000000,1.000000,1
0.999992,0.000008,0
0.000253,0.999747,1
0.000072,0.999928,1
0.000208,0.999792,1
0.000002,0.999998,1
0.000080,0.999920,1
0.999985,0.000015,0
0.999643,0.000357,0
0.000001,0.999999,1
0.000003,0.999997,1
0.000194,0.999806,1
0.999994,0.000006,0
0.999861,0.000139,0
0.999638,0.000362,0
0.000012,0.999988,1
0.999923,0.000077,0
0.000007,0.999993,1
0.999986,0.000014,0
0.999997,0.000003,0
0.999924,0.000076,0
0.000020,0.999980,1
0.999947,0.000053,0
0.999524,0.000476,0
0.000007,0.999993,1
0.000207,0.999793,1
0.000236,0.999764,1
0.000000,1.000000,1
0.000079,0.999921,1
0.999997,0.000003,0
0.999997,0.000003,0
0.999887,0.000113,0
0.000012,0.999988,1
0.001030,0.998970,1
0.999969,0.000031,0
0.999872,0.000128,0
0.999985,0.000015,0
0.000004,0.999996,1
0.999549,0.000451,0
0.000222,0.999778,1
0.000199,0.999801,1
0.999853,0.000147,0
0.999998,0.000002,0
0.999948,0.000052,0
0.999551,0.000449,0
0.000148,0.999852,1
0.000068,0.999932,1
0.000003,0.999997,1
0.000110,0.999890,1
0.999618,0.000382,0
0.999849,0.000151,0
0.000077,0.999923,1
0.000075,0.999925,1
0.000011,0.999989,1
0.000007,0.999993,1
0.000456,0.999544,1
0.000033,0.999967,1
0.000143,0.999857,1
0.000732,0.999268,1
0.000243,0.999757,1
0.999716,0.000284,0
0.000104,0.999896,1
0.999981,0.000019,0
0.000138,0.999862,1
0.000147,0.999853,1
0.000427,0.999573,1
0.000006,0.999994,1
0.999959,0.000041,0
0.999963,0.000037,0
0.000006,0.999994,1
0.999971,0.000029,0
0.000051,0.999949,1
0.000013,0.999987,1
0.000035,0.999965,1
0.000042,0.999958,1
0.000005,0.999995,1
0.999857,0.000143,0
0.999827,0.000173,0
0.999981,0.000019,0
0.000005,0.999995,1
0.000062,0.999938,1
0.000001,0.999999,1
0.999999,0.000001,0
0.000033,0.999967,1
0.999903,0.000097,0
0.999804,0.000196,0
0.999839,0.000161,0
0.999982,0.000018,0
0.999814,0.000186,0
0.999884,0.000116,0
0.999821,0.000179,0
0.999985,0.000015,0
0.000063,0.999937,1
0.999469,0.000531,0
0.999965,0.000035,0
0.000134,0.999866,1
0.000000,1.000000,1
0.999973,0.000027,0
0.999970,0.000030,0
0.000006,0.999994,1
0.000019,0.999981,1
0.999970,0.000030,0
0.000022,0.999978,1
0.000077,0.999923,1
0.999844,0.000156,0
0.000002,0.999998,1
0.000267,0.999733,1
0.000372,0.999628,1
0.003213,0.996787,1
0.999813,0.000187,0
0.000243,0.999757,1
0.000060,0.999940,1
0.999928,0.000072,0
0.999995,0.000005,0
0.999830,0.000170,0
0.999788,0.000212,0
0.999692,0.000308,0
0.999900,0.000100,0
0.000077,0.999923,1
0.999916,0.000084,0
0.999737,0.000263,0
0.000390,0.999610,1
0.999844,0.000156,0
0.999999,0.000001,0
0.000266,0.999734,1
0.999891,0.000109,0
0.000003,0.999997,1
0.000052,0.999948,1
0.999948,0.000052,0
0.999806,0.000194,0
0.000039,0.999961,1
0.000067,0.999933,1
0.999964,0.000036,0
0.999988,0.000012,0
0.999841,0.000159,0
0.000039,0.999961,1
0.000001,0.999999,1
0.999910,0.000090,0
0.999935,0.000065,0
0.000058,0.999942,1
0.000031,0.999969,1
0.000077,0.999923,1
0.000018,0.999982,1
0.998133,0.001867,0
0.999987,0.000013,0
0.999996,0.000004,0
0.000255,0.999745,1
0.000066,0.999934,1
0.999301,0.000699,0
0.999960,0.000040,0
0.999971,0.000029,0
0.003731,0.996269,1
0.000000,1.000000,1
0.999998,0.000002,0
0.000309,0.999691,1
0.999585,0.000415,0
0.000078,0.999922,1
0.000136,0.999864,1
0.999466,0.000534,0
0.999691,0.000309,0
0.000920,0.999080,1
0.000000,1.000000,1
0.999714,0.000286,0
0.999984,0.000016,0
0.999997,0.000003,0
0.999914,0.000086,0
0.000019,0.999981,1
0.999994,0.000006,0
0.999930,0.000070,0
0.999977,0.000023,0
0.000030,0.999970,1
0.000435,0.999565,1
0.000256,0.999744,1
0.999758,0.000242,0
0.999907,0.000093,0
0.999983,0.000017,0
0.000000,1.000000,1
0.000000,1.000000,1
0.000080,0.999920,1
0.999974,0.000026,0
0.000025,0.999975,1
0.000033,0.999967,1
0.001049,0.998951,1
0.999822,0.000178,0
0.000004,0.999996,1
0.000006,0.999994,1
0.001088,0.998912,1
0.000004,0.999996,1
0.999985,0.000015,0
0.999384,0.000616,0
0.000131,0.999869,1
0.000057,0.999943,1
0.000001,0.999999,1
0.000008,0.999992,1
0.000002,0.999998,1
0.000067,0.999933,1
0.999911,0.000089,0
0.000094,0.999906,1
0.999937,0.000063,0
0.999958,0.000042,0
0.000213,0.999787,1
0.000007,0.999993,1
0.999945,0.000055,0
0.999873,0.000127,0
0.999714,0.000286,0
0.999937,0.000063,0
0.999709,0.000291,0
0.000001,0.999999,1
0.000023,0.999977,1
0.000476,0.999524,1
0.999687,0.000313,0
0.999989,0.000011,0
0.999976,0.000024,0
0.000022,0.999978,1
0.000041,0.999959,1
0.000004,0.999996,1
0.000046,0.999954,1
0.999979,0.000021,0
0.000137,0.999863,1
0.999267,0.000733,0
0.999895,0.000105,0
0.000015,0.999985,1
0.000019,0.999981,1
0.999866,0.000134,0
0.000020,0.999980,1
0.998823,0.001177,0
0.000155,0.999845,1
0.999975,0.000025,0
0.999833,0.000167,0
0.000669,0.999331,1
0.000045,0.999955,1
0.999727,0.000273,0
0.000361,0.999639,1
0.999965,0.000035,0
0.999801,0.000199,0
0.000018,0.999982,1
0.000007,0.999993,1
0.000003,0.999997,1
0.000006,0.999994,1
0.999978,0.000022,0
0.000210,0.999790,1
0.999911,0.000089,0
0.000016,0.999984,1
0.999989,0.000011,0
0.000007,0.999993,1
0.000120,0.999880,1
0.000003,0.999997,1
0.999799,0.000201,0
0.999989,0.000011,0
0.000062,0.999938,1
0.999952,0.000048,0
0.000004,0.999996,1
0.000198,0.999802,1
0.999910,0.000090,0
0.000003,0.999997,1
0.999988,0.000012,0
0.000289,0.999711,1
0.000067,0.999933,1
0.999769,0.000231,0
0.000042,0.999958,1
0.999968,0.000032,0
0.999901,0.000099,0
0.000001,0.999999,1
0.000289,0.999711,1
0.000002,0.999998,1
0.000008,0.999992,1
0.999813,0.000187,0
0.000782,0.999218,1
0.999918,0.000082,0
0.999450,0.000550,0
0.000080,0.999920,1
0.000316,0.999684,1
0.999973,0.000027,0
0.000332,0.999668,1
0.000000,1.000000,1
0.000028,0.999972,1
0.999925,0.000075,0
0.998166,0.001834,0
0.000012,0.999988,1
0.999726,0.000274,0
0.001341,0.998659,1
0.999743,0.000257,0
0.999864,0.000136,0
0.000128,0.999872,1
0.999991,0.000009,0
0.999349,0.000651,0
0.000062,0.999938,1
0.000229,0.999771,1
0.000034,0.999966,1
0.000006,0.999994,1
0.999860,0.000140,0
0.997670,0.002330,0
0.999955,0.000045,0
0.999964,0.000036,0
0.999941,0.000059,0
0.999968,0.000032,0
0.999453,0.000547,0
0.999512,0.000488,0
0.999950,0.000050,0
0.999559,0.000441,0
0.000015,0.999985,1
0.000000,1.000000,1
0.999966,0.000034,0
0.999971,0.000029,0
0.001521,0.998479,1
0.999959,0.000041,0
0.000229,0.999771,1
0.000003,0.999997,1
0.000141,0.999859,1
0.000039,0.999961,1
0.999995,0.000005,0
0.000015,0.999985,1
0.999979,0.000021,0
0.000000,1.000000,1
0.000085,0.999915,1
0.000022,0.999978,1
0.000027,0.999973,1
0.999994,0.000006,0
0.999995,0.000005,0
0.999621,0.000379,0
0.000007,0.999993,1
0.000056,0.999944,1
0.999163,0.000837,0
0.999983,0.000017,0
0.000020,0.999980,1
0.999609,0.000391,0
0.000035,0.999965,1
0.999916,0.000084,0
0.999984,0.000016,0
0.000024,0.999976,1
0.999982,0.000018,0
0.999638,0.000362,0
0.000022,0.999978,1
0.000090,0.999910,1
0.000948,0.999052,1
0.000016,0.999984,1
0.999974,0.000026,0
0.000010,0.999990,1
0.999900,0.000100,0
0.000051,0.999949,1
0.999895,0.000105,0
0.000009,0.999991,1
0.999943,0.000057,0
0.000005,0.999995,1
0.000318,0.999682,1
0.000113,0.999887,1
0.999999,0.000001,0
0.000040,0.999960,1
0.000001,0.999999,1
0.000294,0.999706,1
0.999968,0.000032,0
0.000376,0.999624,1
0.999771,0.000229,0
0.000000,1.000000,1
0.000013,0.999987,1
0.999947,0.000053,0
0.000157,0.999843,1
0.000177,0.999823,1
0.999999,0.000001,0
0.000004,0.999996,1
0.999597,0.000403,0
0.999929,0.000071,0
0.000142,0.999858,1
0.000230,0.999770,1
0.999967,0.000033,0
0.999942,0.000058,0
0.999848,0.000152,0
0.000098,0.999902,1
0.000001,0.999999,1
0.999609,0.000391,0
0.999529,0.000471,0
0.999894,0.000106,0
0.999847,0.000153,0
0.000630,0.999370,1
0.000407,0.999593,1
0.999918,0.000082,0
0.000009,0.999991,1
0.000023,0.999977,1
0.999876,0.000124,0
0.000018,0.999982,1
0.999945,0.000055,0
0.999730,0.000270,0
0.000014,0.999986,1
0.000011,0.999989,1
0.000067,0.999933,1
0.999900,0.000100,0
0.000192,0.999808,1
0.000017,0.999983,1
0.001309,0.998691,1
0.001357,0.998643,1
0.000176,0.999824,1
0.999799,0.000201,0
0.000008,0.999992,1
0.999946,0.000054,0
0.000026,0.999974,1
0.999867,0.000133,0
0.000121,0.999879,1
0.000037,0.999963,1
0.999930,0.000070,0
0.999267,0.000733,0
0.999894,0.000106,0
0.999923,0.000077,0
0.999949,0.000051,0
0.999988,0.000012,0
0.000715,0.999285,1
0.999917,0.000083,0
0.000225,0.999775,1
0.000065,0.999935,1
0.000249,0.999751,1
0.000015,0.999985,1
0.999983,0.000017,0
0.000000,1.000000,1
0.000026,0.999974,1
0.000053,0.999947,1
0.000000,1.000000,1
0.000062,0.999938,1
0.998816,0.001184,0
0.998449,0.001551,0
0.000047,0.999953,1
0.000062,0.999938,1
0.999847,0.000153,0
0.999743,0.000257,0
0.000000,1.000000,1
0.000017,0.999983,1
0.999982,0.000018,0
0.000313,0.999687,1
0.999993,0.000007,0
0.999515,0.000485,0
0.999709,0.000291,0
0.999954,0.000046,0
0.000118,0.999882,1
0.000135,0.999865,1
0.000246,0.999754,1
0.000001,0.999999,1
0.999967,0.000033,0
0.001415,0.998585,1
0.000016,0.999984,1
0.000053,0.999947,1
0.999891,0.000109,0
0.000046,0.999954,1
0.999965,0.000035,0
0.999939,0.000061,0
0.000400,0.999600,1
0.000041,0.999959,1
0.999992,0.000008,0
0.999987,0.000013,0
0.000031,0.999969,1
0.000027,0.999973,1
0.999860,0.000140,0
0.000116,0.999884,1
0.999707,0.000293,0
0.999868,0.000132,0
0.999822,0.000178,0
0.999903,0.000097,0
0.999788,0.000212,0
0.999940,0.000060,0
0.000000,1.000000,1
0.999767,0.000233,0
0.000018,0.999982,1
0.999857,0.000143,0
0.000134,0.999866,1
0.999955,0.000045,0
0.000004,0.999996,1
0.000009,0.999991,1
0.000001,0.999999,1
0.999705,0.000295,0
0.000006,0.999994,1
0.000289,0.999711,1
0.000024,0.999976,1
0.999709,0.000291,0
0.999841,0.000159,0
0.999958,0.000042,0
0.999748,0.000252,0
0.994811,0.005189,0
0.000005,0.999995,1
0.000014,0.999986,1
0.000043,0.999957,1
0.000326,0.999674,1
0.000001,0.999999,1
0.000133,0.999867,1
0.999946,0.000054,0
0.999975,0.000025,0
0.999803,0.000197,0
0.998850,0.001150,0
0.000023,0.999977,1
0.000003,0.999997,1
0.000000,1.000000,1
0.000000,1.000000,1
0.000001,0.999999,1
0.999998,0.000002,0
0.000017,0.999983,1
0.999876,0.000124,0
0.000019,0.999981,1
0.000009,0.999991,1
0.000348,0.999652,1
0.000623,0.999377,1
0.000279,0.999721,1
0.999991,0.000009,0
0.000174,0.999826,1
0.999985,0.000015,0
0.999975,0.000025,0
0.999785,0.000215,0
0.000028,0.999972,1
0.999928,0.000072,0
0.999863,0.000137,0
0.999999,0.000001,0
0.000086,0.999914,1
0.000435,0.999565,1
0.999664,0.000336,0
0.999760,0.000240,0
0.000064,0.999936,1
0.999559,0.000441,0
0.999955,0.000045,0
0.000002,0.999998,1
0.000007,0.999993,1
0.999957,0.000043,0
0.999962,0.000038,0
0.999980,0.000020,0
0.000042,0.999958,1
0.999986,0.000014,0
0.999482,0.000518,0
0.999946,0.000054,0
0.000587,0.999413,1
0.000008,0.999992,1
0.000000,1.000000,1
0.000359,0.999641,1
0.999419,0.000581,0
0.999776,0.000224,0
0.000003,0.999997,1
0.000164,0.999836,1
0.999975,0.000025,0
0.999948,0.000052,0
0.000003,0.999997,1
0.000062,0.999938,1
0.999880,0.000120,0
0.999153,0.000847,0
0.999806,0.000194,0
0.000144,0.999856,1
0.000049,0.999951,1
0.000140,0.999860,1
0.999814,0.000186,0
0.999964,0.000036,0
0.999961,0.000039,0
0.000000,1.000000,1
0.000028,0.999972,1
0.999935,0.000065,0
0.000007,0.999993,1
0.999987,0.000013,0
0.000002,0.999998,1
0.999993,0.000007,0
0.999981,0.000019,0
0.999982,0.000018,0
0.999913,0.000087,0
0.000015,0.999985,1
0.000336,0.999664,1
0.999999,0.000001,0
0.000009,0.999991,1
0.000019,0.999981,1
0.000520,0.999480,1
0.999996,0.000004,0
0.000340,0.999660,1
0.000646,0.999354,1
0.999997,0.000003,0
0.000657,0.999343,1
0.000028,0.999972,1
0.000006,0.999994,1
0.999968,0.000032,0
0.000007,0.999993,1
0.000004,0.999996,1
0.000222,0.999778,1
0.999925,0.000075,0
0.000395,0.999605,1
0.000087,0.999913,1
0.999758,0.000242,0
0.999980,0.000020,0
0.000008,0.999992,1
0.000029,0.999971,1
0.999926,0.000074,0
0.000393,0.999607,1
0.000079,0.999921,1
0.999955,0.000045,0
0.999482,0.000518,0
0.999886,0.000114,0
0.999952,0.000048,0
0.000017,0.999983,1
0.000001,0.999999,1
0.999792,0.000208,0
0.999866,0.000134,0
0.999944,0.000056,0
0.999998,0.000002,0
0.000008,0.999992,1
0.000000,1.000000,1
0.000002,0.999998,1
0.999649,0.000351,0
0.999990,0.000010,0
0.999956,0.000044,0
0.000019,0.999981,1
0.999941,0.000059,0
0.999907,0.000093,0
0.000050,0.999950,1
0.999859,0.000141,0
0.000015,0.999985,1
0.000007,0.999993,1
0.000055,0.999945,1
0.999888,0.000112,0
0.999894,0.000106,0
0.999977,0.000023,0
0.000381,0.999619,1
0.999941,0.000059,0
0.000011,0.999989,1
0.000018,0.999982,1
0.000006,0.999994,1
0.996522,0.003478,0
0.000400,0.999600,1
0.999913,0.000087,0
0.999226,0.000774,0
0.001302,0.998698,1
0.000134,0.999866,1
0.000035,0.999965,1
0.999814,0.000186,0
0.000003,0.999997,1
0.999782,0.000218,0
0.000057,0.999943,1
0.999992,0.000008,0
0.000759,0.999241,1
0.000021,0.999979,1
0.000090,0.999910,1
0.000070,0.999930,1
0.000043,0.999957,1
0.999827,0.000173,0
0.999899,0.000101,0
0.000001,0.999999,1
0.999934,0.000066,0
0.999968,0.000032,0
0.000056,0.999944,1
0.999974,0.000026,0
0.999981,0.000019,0
0.999798,0.000202,0
0.000006,0.999994,1
0.000282,0.999718,1
0.000023,0.999977,1
0.999920,0.000080,0
0.000002,0.999998,1
0.000007,0.999993,1
0.000013,0.999987,1
0.000046,0.999954,1
0.000014,0.999986,1
0.000300,0.999700,1
0.999717,0.000283,0
0.999719,0.000281,0
0.000309,0.999691,1
0.000041,0.999959,1
0.000430,0.999570,1
0.000033,0.999967,1
0.000016,0.999984,1
0.000131,0.999869,1
0.000094,0.999906,1
0.999789,0.000211,0
0.999968,0.000032,0
0.999976,0.000024,0
0.999911,0.000089,0
0.000271,0.999729,1
0.999886,0.000114,0
0.999856,0.000144,0
0.000177,0.999823,1
0.999994,0.000006,0
0.000011,0.999989,1
0.999953,0.000047,0
0.999402,0.000598,0
0.000026,0.999974,1
0.000003,0.999997,1
0.999962,0.000038,0
0.999930,0.000070,0
0.000022,0.999978,1
0.999954,0.000046,0
0.999959,0.000041,0
0.000005,0.999995,1
0.000102,0.999898,1
0.000048,0.999952,1
0.000000,1.000000,1
0.999521,0.000479,0
0.000019,0.999981,1
0.999811,0.000189,0
0.999992,0.000008,0
0.000005,0.999995,1
0.999322,0.000678,0
0.999974,0.000026,0
0.999967,0.000033,0
0.000001,0.999999,1
0.999830,0.000170,0
0.000022,0.999978,1
0.999988,0.000012,0
0.999995,0.000005,0
0.000060,0.999940,1
0.000108,0.999892,1
0.000004,0.999996,1
0.000502,0.999498,1
0.000296,0.999704,1
0.999999,0.000001,0
0.999955,0.000045,0
0.000157,0.999843,1
0.000123,0.999877,1
0.999992,0.000008,0
0.000044,0.999956,1
0.999922,0.000078,0
0.999975,0.000025,0
0.999896,0.000104,0
0.999962,0.000038,0
0.000040,0.999960,1
0.000057,0.999943,1
0.999979,0.000021,0
0.999980,0.000020,0
0.000120,0.999880,1
0.000008,0.999992,1
0.999630,0.000370,0
0.999987,0.000013,0
0.999983,0.000017,0
0.999943,0.000057,0
0.999948,0.000052,0
0.999485,0.000515,0
0.000031,0.999969,1
0.999983,0.000017,0
0.001875,0.998125,1
0.000079,0.999921,1
0.999984,0.000016,0
0.999866,0.000134,0
0.001107,0.998893,1
0.000003,0.999997,1
0.000022,0.999978,1
0.999926,0.000074,0
0.999932,0.000068,0
0.000065,0.999935,1
0.999971,0.000029,0
0.999946,0.000054,0
0.000133,0.999867,1
0.000000,1.000000,1
0.000085,0.999915,1
0.999989,0.000011,0
0.999949,0.000051,0
0.000006,0.999994,1
0.999595,0.000405,0
0.000015,0.999985,1
0.000029,0.999971,1
0.999963,0.000037,0
0.999981,0.000019,0
0.999412,0.000588,0
0.000006,0.999994,1
0.999722,0.000278,0
0.999722,0.000278,0
0.000026,0.999974,1
0.000048,0.999952,1
0.999740,0.000260,0
0.999891,0.000109,0
0.999346,0.000654,0
0.000025,0.999975,1
0.999976,0.000024,0
0.000340,0.999660,1
0.000511,0.999489,1
0.000082,0.999918,1
0.000025,0.999975,1
0.999921,0.000079,0
0.999881,0.000119,0
0.998857,0.001143,0
0.000155,0.999845,1
0.000003,0.999997,1
0.000075,0.999925,1
0.000264,0.999736,1
0.000011,0.999989,1
0.000143,0.999857,1
0.000026,0.999974,1
0.000017,0.999983,1
0.999409,0.000591,0
0.000048,0.999952,1
0.999991,0.000009,0
0.999963,0.000037,0
0.000019,0.999981,1
0.000835,0.999165,1
0.000004,0.999996,1
0.999839,0.000161,0
0.000015,0.999985,1
0.000066,0.999934,1
0.000841,0.999159,1
0.999447,0.000553,0
0.000031,0.999969,1
0.999984,0.000016,0
0.000001,0.999999,1
0.000225,0.999775,1
0.000001,0.999999,1
0.000001,0.999999,1
0.000166,0.999834,1
0.999412,0.000588,0
0.999850,0.000150,0
0.999769,0.000231,0
0.000008,0.999992,1
0.000000,1.000000,1
0.999952,0.000048,0
0.999666,0.000334,0
0.999921,0.000079,0
0.999925,0.000075,0
0.999977,0.000023,0
0.000008,0.999992,1
0.999616,0.000384,0
0.000002,0.999998,1
0.999942,0.000058,0
0.999978,0.000022,0
0.000033,0.999967,1
0.999469,0.000531,0
0.000006,0.999994,1
0.000000,1.000000,1
0.999240,0.000760,0
0.000019,0.999981,1
0.999975,0.000025,0
0.000340,0.999660,1
0.999819,0.000181,0
0.000000,1.000000,1
0.000388,0.999612,1
0.999921,0.000079,0
0.999869,0.000131,0
0.000032,0.999968,1
0.999973,0.000027,0
0.000019,0.999981,1
0.998122,0.001878,0
0.000120,0.999880,1
0.000056,0.999944,1
0.999977,0.000023,0
0.999985,0.000015,0
0.999938,0.000062,0
0.999970,0.000030,0
0.999994,0.000006,0
0.999981,0.000019,0
0.000001,0.999999,1
0.000029,0.999971,1
0.000121,0.999879,1
0.999860,0.000140,0
0.999193,0.000807,0
0.999864,0.000136,0
0.000016,0.999984,1
0.999959,0.000041,0
0.000026,0.999974,1
0.000015,0.999985,1
0.999559,0.000441,0
0.000657,0.999343,1
0.000646,0.999354,1
0.000207,0.999793,1
0.000003,0.999997,1
0.000020,0.999980,1
0.999988,0.000012,0
0.000004,0.999996,1
0.000142,0.999858,1
0.000300,0.999700,1
0.999922,0.000078,0
0.000060,0.999940,1
0.000017,0.999983,1
0.999767,0.000233,0
0.000002,0.999998,1
0.999921,0.000079,0
0.999949,0.000051,0
0.000152,0.999848,1
0.999834,0.000166,0
0.999412,0.000588,0
0.000017,0.999983,1
0.999971,0.000029,0
0.000000,1.000000,1
0.999997,0.000003,0
0.000118,0.999882,1
0.000050,0.999950,1
0.000402,0.999598,1
0.000001,0.999999,1
0.000050,0.999950,1
0.999970,0.000030,0
0.000007,0.999993,1
0.999984,0.000016,0
0.999876,0.000124,0
0.000035,0.999965,1
0.999990,0.000010,0
0.999997,0.000003,0
0.000001,0.999999,1
0.999999,0.000001,0
0.000164,0.999836,1
0.000157,0.999843,1
0.999844,0.000156,0
0.999983,0.000017,0
0.999440,0.000560,0
0.000388,0.999612,1
0.997294,0.002706,0
0.000054,0.999946,1
0.000002,0.999998,1
0.999938,0.000062,0
0.000432,0.999568,1
0.999988,0.000012,0
0.999974,0.000026,0
0.000039,0.999961,1
0.997262,0.002738,0
0.000044,0.999956,1
0.999322,0.000678,0
0.000137,0.999863,1
0.999999,0.000001,0
0.999732,0.000268,0
0.000400,0.999600,1
0.000244,0.999756,1
0.000250,0.999750,1
0.999873,0.000127,0
0.000059,0.999941,1
0.997792,0.002208,0
0.000276,0.999724,1
0.000087,0.999913,1
0.999964,0.000036,0
0.999714,0.000286,0
0.999953,0.000047,0
0.002231,0.997769,1
0.999782,0.000218,0
0.999782,0.000218,0
0.999882,0.000118,0
0.999876,0.000124,0
0.999933,0.000067,0
0.000226,0.999774,1
0.000019,0.999981,1
0.000017,0.999983,1
0.000004,0.999996,1
0.000014,0.999986,1
0.000204,0.999796,1
0.999986,0.000014,0
0.000115,0.999885,1
0.999986,0.000014,0
0.000225,0.999775,1
0.000087,0.999913,1
0.000138,0.999862,1
0.999856,0.000144,0
0.000099,0.999901,1
0.999809,0.000191,0
0.000175,0.999825,1
0.000409,0.999591,1
0.999694,0.000306,0
0.999831,0.000169,0
0.000082,0.999918,1
0.000051,0.999949,1
0.000174,0.999826,1
0.000001,0.999999,1
0.000266,0.999734,1
0.000015,0.999985,1
0.999860,0.000140,0
0.000031,0.999969,1
0.999865,0.000135,0
0.999900,0.000100,0
0.000003,0.999997,1
0.999986,0.000014,0
0.999857,0.000143,0
0.000481,0.999519,1
0.000164,0.999836,1
0.000965,0.999035,1
0.000001,0.999999,1
0.000085,0.999915,1
0.999995,0.000005,0
0.999611,0.000389,0
0.999904,0.000096,0
0.999964,0.000036,0
0.000065,0.999935,1
0.000001,0.999999,1
0.000011,0.999989,1
0.000016,0.999984,1
0.999845,0.000155,0
0.001241,0.998759,1
0.999991,0.000009,0
0.999908,0.000092,0
0.000000,1.000000,1
0.999649,0.000351,0
0.000014,0.999986,1
0.999984,0.000016,0
0.999971,0.000029,0
0.000034,0.999966,1
0.000001,0.999999,1
0.000255,0.999745,1
0.000042,0.999958,1
0.000264,0.999736,1
0.000274,0.999726,1
0.999990,0.000010,0
0.999833,0.000167,0
0.999947,0.000053,0
0.000170,0.999830,1
0.000001,0.999999,1
0.999944,0.000056,0
0.000075,0.999925,1
0.000088,0.999912,1
0.000022,0.999978,1
0.999989,0.000011,0
0.999951,0.000049,0
0.000293,0.999707,1
0.999985,0.000015,0
0.000138,0.999862,1
0.000003,0.999997,1
0.000013,0.999987,1
0.000001,0.999999,1
0.000001,0.999999,1
0.000002,0.999998,1
0.999901,0.000099,0
0.000107,0.999893,1
0.999953,0.000047,0
0.999775,0.000225,0
0.999998,0.000002,0
0.000302,0.999698,1
0.000054,0.999946,1
0.000009,0.999991,1
0.000115,0.999885,1
0.999590,0.000410,0
0.000027,0.999973,1
0.999881,0.000119,0
0.000490,0.999510,1
0.000039,0.999961,1
0.000028,0.999972,1
0.000068,0.999932,1
0.999890,0.000110,0
0.999952,0.000048,0
0.000081,0.999919,1
0.999993,0.000007,0
0.000014,0.999986,1
0.000043,0.999957,1
0.000009,0.999991,1
0.999790,0.000210,0
0.999995,0.000005,0
0.000053,0.999947,1
0.000002,0.999998,1
0.999746,0.000254,0
0.000049,0.999951,1
0.000340,0.999660,1
0.000047,0.999953,1
0.999981,0.000019,0
0.000261,0.999739,1
0.999900,0.000100,0
0.000007,0.999993,1
0.000499,0.999501,1
0.999675,0.000325,0
0.000026,0.999974,1
0.995503,0.004497,0
0.999947,0.000053,0
0.000034,0.999966,1
0.000002,0.999998,1
0.999812,0.000188,0
0.000029,0.999971,1
0.999989,0.000011,0
0.999868,0.000132,0
0.000003,0.999997,1
0.012275,0.987725,1
0.999989,0.000011,0
0.000000,1.000000,1
0.999852,0.000148,0
0.000017,0.999983,1
0.000000,1.000000,1
0.999969,0.000031,0
0.999860,0.000140,0
0.000192,0.999808,1
0.000178,0.999822,1
0.995764,0.004236,0
0.999822,0.000178,0
0.000287,0.999713,1
0.999983,0.000017,0
0.000009,0.999991,1
0.999970,0.000030,0
0.999856,0.000144,0
0.000002,0.999998,1
0.000163,0.999837,1
0.999995,0.000005,0
0.000050,0.999950,1
0.999927,0.000073,0
0.997739,0.002261,0
0.000002,0.999998,1
0.999675,0.000325,0
0.999960,0.000040,0
0.000008,0.999992,1
0.000023,0.999977,1
0.000108,0.999892,1
0.000006,0.999994,1
0.999730,0.000270,0
0.999998,0.000002,0
0.999815,0.000185,0
0.000003,0.999997,1
0.000147,0.999853,1
0.000129,0.999871,1
0.999984,0.000016,0
0.999985,0.000015,0
0.000094,0.999906,1
0.002354,0.997646,1
0.999262,0.000738,0
0.000088,0.999912,1
0.000249,0.999751,1
0.001075,0.998925,1
0.999976,0.000024,0
0.000043,0.999957,1
0.000059,0.999941,1
0.000065,0.999935,1
0.999984,0.000016,0
0.000048,0.999952,1
0.006308,0.993692,1
0.999998,0.000002,0
0.999960,0.000040,0
0.999995,0.000005,0
0.999751,0.000249,0
0.000002,0.999998,1
0.999540,0.000460,0
0.000011,0.999989,1
0.999934,0.000066,0
0.999938,0.000062,0
0.999953,0.000047,0
0.000386,0.999614,1
0.000030,0.999970,1
0.999838,0.000162,0
0.999941,0.000059,0
0.999994,0.000006,0
0.000000,1.000000,1
0.000016,0.999984,1
0.000348,0.999652,1
0.999990,0.000010,0
0.000036,0.999964,1
0.999967,0.000033,0
0.000028,0.999972,1
0.999980,0.000020,0
0.000035,0.999965,1
0.999926,0.000074,0
0.000001,0.999999,1
0.999638,0.000362,0
0.000049,0.999951,1
0.999948,0.000052,0
0.000113,0.999887,1
0.001006,0.998994,1
0.999995,0.000005,0
0.000035,0.999965,1
0.999996,0.000004,0
0.000027,0.999973,1
0.000000,1.000000,1
0.999694,0.000306,0
0.999988,0.000012,0
0.000286,0.999714,1
0.000091,0.999909,1
0.999927,0.000073,0
0.000324,0.999676,1
0.999961,0.000039,0
0.999526,0.000474,0
0.000186,0.999814,1
0.999956,0.000044,0
0.000000,1.000000,1
0.000138,0.999862,1
0.999616,0.000384,0
0.000009,0.999991,1
0.999085,0.000915,0
0.999944,0.000056,0
0.999985,0.000015,0
0.999983,0.000017,0
0.999976,0.000024,0
0.000033,0.999967,1
0.000001,0.999999,1
0.000000,1.000000,1
0.999955,0.000045,0
0.999957,0.000043,0
0.000001,0.999999,1
0.000016,0.999984,1
0.000184,0.999816,1
0.999856,0.000144,0
0.000129,0.999871,1
0.000334,0.999666,1
0.999722,0.000278,0
0.999991,0.000009,0
0.000009,0.999991,1
0.000015,0.999985,1
0.999940,0.000060,0
0.999888,0.000112,0
0.999890,0.000110,0
0.000005,0.999995,1
0.999996,0.000004,0
0.000006,0.999994,1
0.999956,0.000044,0
0.000006,0.999994,1
0.000001,0.999999,1
0.999877,0.000123,0
0.999946,0.000054,0
0.999865,0.000135,0
0.999878,0.000122,0
0.000013,0.999987,1
0.000186,0.999814,1
0.999977,0.000023,0
0.999926,0.000074,0
0.999869,0.000131,0
0.000010,0.999990,1
0.000189,0.999811,1
0.999906,0.000094,0
0.000397,0.999603,1
0.000006,0.999994,1
0.999592,0.000408,0
0.000123,0.999877,1
0.999679,0.000321,0
0.000004,0.999996,1
0.999969,0.000031,0
0.000089,0.999911,1
0.000159,0.999841,1
0.000004,0.999996,1
0.001094,0.998906,1
0.999349,0.000651,0
0.000517,0.999483,1
0.000023,0.999977,1
0.002191,0.997809,1
0.999163,0.000837,0
0.000001,0.999999,1
0.999940,0.000060,0
0.000006,0.999994,1
0.000111,0.999889,1
0.000008,0.999992,1
0.999907,0.000093,0
0.000015,0.999985,1
0.999859,0.000141,0
0.000016,0.999984,1
0.000108,0.999892,1
0.000071,0.999929,1
0.999997,0.000003,0
0.000017,0.999983,1
0.003937,0.996063,1
0.999780,0.000220,0
0.000077,0.999923,1
0.000014,0.999986,1
0.999892,0.000108,0
0.999883,0.000117,0
0.998986,0.001014,0
0.999835,0.000165,0
0.999996,0.000004,0
0.000002,0.999998,1
0.000009,0.999991,1
0.000011,0.999989,1
0.000269,0.999731,1
0.999916,0.000084,0
0.000031,0.999969,1
0.001567,0.998433,1
0.999990,0.000010,0
0.000173,0.999827,1
0.000435,0.999565,1
0.000118,0.999882,1
0.001183,0.998817,1
0.000046,0.999954,1
0.001503,0.998497,1
0.000000,1.000000,1
0.999433,0.000567,0
0.000049,0.999951,1
0.999709,0.000291,0
0.000048,0.999952,1
0.000556,0.999444,1
0.000002,0.999998,1
0.999906,0.000094,0
0.000009,0.999991,1
0.000031,0.999969,1
0.999322,0.000678,0
0.000086,0.999914,1
0.000025,0.999975,1
0.999685,0.000315,0
0.000796,0.999204,1
0.000105,0.999895,1
0.999948,0.000052,0
0.000042,0.999958,1
0.000018,0.999982,1
0.999968,0.000032,0
0.000004,0.999996,1
0.000204,0.999796,1
0.000024,0.999976,1
0.999963,0.000037,0
0.999969,0.000031,0
0.999924,0.000076,0
0.999999,0.000001,0
0.000000,1.000000,1
0.000002,0.999998,1
0.999897,0.000103,0
0.999967,0.000033,0
0.000056,0.999944,1
0.999965,0.000035,0
0.000053,0.999947,1
0.999939,0.000061,0
0.000000,1.000000,1
0.999893,0.000107,0
0.000166,0.999834,1
0.000016,0.999984,1
0.999956,0.000044,0
0.000158,0.999842,1
0.999943,0.000057,0
0.000000,1.000000,1
0.000079,0.999921,1
0.999889,0.000111,0
0.000111,0.999889,1
0.000137,0.999863,1
0.000089,0.999911,1
0.000001,0.999999,1
0.000054,0.999946,1
0.999991,0.000009,0
0.001548,0.998452,1
0.000051,0.999949,1
0.999978,0.000022,0
0.999575,0.000425,0
0.000009,0.999991,1
0.000091,0.999909,1
0.999914,0.000086,0
0.999998,0.000002,0
0.000002,0.999998,1
0.000007,0.999993,1
0.001842,0.998158,1
0.999861,0.000139,0
0.000082,0.999918,1
0.999934,0.000066,0
0.000074,0.999926,1
0.000014,0.999986,1
0.999886,0.000114,0
0.000101,0.999899,1
0.999856,0.000144,0
0.999992,0.000008,0
0.000003,0.999997,1
0.000104,0.999896,1
0.000045,0.999955,1
0.000264,0.999736,1
0.000028,0.999972,1
0.999895,0.000105,0
0.999979,0.000021,0
0.999754,0.000246,0
0.999758,0.000242,0
0.000209,0.999791,1
0.000084,0.999916,1
0.999937,0.000063,0
0.000073,0.999927,1
0.999988,0.000012,0
0.000650,0.999350,1
0.999988,0.000012,0
0.000232,0.999768,1
0.000097,0.999903,1
0.999969,0.000031,0
0.000001,0.999999,1
0.000125,0.999875,1
0.000006,0.999994,1
0.000094,0.999906,1
0.000307,0.999693,1
0.999968,0.000032,0
0.998641,0.001359,0
0.999920,0.000080,0
0.000036,0.999964,1
0.999924,0.000076,0
0.999917,0.000083,0
0.999785,0.000215,0
0.999975,0.000025,0
0.999876,0.000124,0
0.999991,0.000009,0
0.000597,0.999403,1
0.999991,0.000009,0
0.999877,0.000123,0
0.999945,0.000055,0
0.999947,0.000053,0
0.999974,0.000026,0
0.000214,0.999786,1
0.999922,0.000078,0
0.001024,0.998976,1
0.999985,0.000015,0
0.000048,0.999952,1
0.000014,0.999986,1
0.999288,0.000712,0
0.000062,0.999938,1
0.000361,0.999639,1
0.999933,0.000067,0
0.999799,0.000201,0
0.000025,0.999975,1
0.999972,0.000028,0
0.999946,0.000054,0
0.000007,0.999993,1
0.000340,0.999660,1
0.999297,0.000703,0
0.000006,0.999994,1
0.000000,1.000000,1
0.000001,0.999999,1
0.000013,0.999987,1
0.000359,0.999641,1
0.999943,0.000057,0
0.000060,0.999940,1
0.999138,0.000862,0
0.999910,0.000090,0
0.999958,0.000042,0
0.999986,0.000014,0
0.999969,0.000031,0
0.999834,0.000166,0
0.999580,0.000420,0
0.999899,0.000101,0
0.000007,0.999993,1
0.000594,0.999406,1
0.999746,0.000254,0
0.000183,0.999817,1
0.000150,0.999850,1
0.999963,0.000037,0
0.000147,0.999853,1
0.999932,0.000068,0
0.999977,0.000023,0
0.999969,0.000031,0
0.999928,0.000072,0
0.013101,0.986899,1
0.000994,0.999006,1
0.999978,0.000022,0
0.000627,0.999373,1
0.999836,0.000164,0
0.001798,0.998202,1
0.999694,0.000306,0
0.000068,0.999932,1
0.000269,0.999731,1
0.000025,0.999975,1
0.000000,1.000000,1
0.999989,0.000011,0
0.000467,0.999533,1
0.999882,0.000118,0
0.000400,0.999600,1
0.000067,0.999933,1
0.000006,0.999994,1
0.999951,0.000049,0
0.000253,0.999747,1
0.000028,0.999972,1
0.000008,0.999992,1
0.999995,0.000005,0
0.999983,0.000017,0
0.999963,0.000037,0
0.000001,0.999999,1
0.000017,0.999983,1
0.999712,0.000288,0
0.000006,0.999994,1
0.000031,0.999969,1
0.999857,0.000143,0
0.000117,0.999883,1
0.000031,0.999969,1
0.000261,0.999739,1
0.999317,0.000683,0
0.999816,0.000184,0
0.999941,0.000059,0
0.999911,0.000089,0
0.000025,0.999975,1
0.000031,0.999969,1
0.999981,0.000019,0
0.000003,0.999997,1
0.999562,0.000438,0
0.999995,0.000005,0
0.000012,0.999988,1
0.000330,0.999670,1
0.000004,0.999996,1
0.000246,0.999754,1
0.000007,0.999993,1
0.000001,0.999999,1
0.999991,0.000009,0
0.000007,0.999993,1
0.000004,0.999996,1
0.000006,0.999994,1
0.999975,0.000025,0
0.000001,0.999999,1
0.999717,0.000283,0
0.000039,0.999961,1
0.000036,0.999964,1
0.999982,0.000018,0
0.000016,0.999984,1
0.999969,0.000031,0
0.000057,0.999943,1
0.000069,0.999931,1
0.999529,0.000471,0
0.999927,0.000073,0
0.999976,0.000024,0
0.999952,0.000048,0
0.999993,0.000007,0
0.000316,0.999684,1
0.003643,0.996357,1
0.999951,0.000049,0
0.000001,0.999999,1
0.000040,0.999960,1
0.000005,0.999995,1
0.000091,0.999909,1
0.999950,0.000050,0
0.000007,0.999993,1
0.999982,0.000018,0
0.000090,0.999910,1
0.999488,0.000512,0
0.000045,0.999955,1
0.000546,0.999454,1
0.000010,0.999990,1
0.999992,0.000008,0
0.000018,0.999982,1
0.999760,0.000240,0
0.000002,0.999998,1
0.000000,1.000000,1
0.999966,0.000034,0
0.999811,0.000189,0
0.000029,0.999971,1
0.999886,0.000114,0
0.000025,0.999975,1
0.999994,0.000006,0
0.999988,0.000012,0
0.999913,0.000087,0
0.999990,0.000010,0
0.000001,0.999999,1
0.000133,0.999867,1
0.000002,0.999998,1
0.000059,0.999941,1
0.000010,0.999990,1
0.999716,0.000284,0
0.000018,0.999982,1
0.000132,0.999868,1
0.999955,0.000045,0
0.000634,0.999366,1
0.000067,0.999933,1
0.999173,0.000827,0
0.999999,0.000001,0
0.000069,0.999931,1
0.000108,0.999892,1
0.000169,0.999831,1
0.000030,0.999970,1
0.000032,0.999968,1
0.000022,0.999978,1
0.000049,0.999951,1
0.999968,0.000032,0
0.999755,0.000245,0
0.000004,0.999996,1
0.999322,0.000678,0
0.000062,0.999938,1
0.000197,0.999803,1
0.000007,0.999993,1
0.999986,0.000014,0
0.999998,0.000002,0
0.999944,0.000056,0
0.000010,0.999990,1
0.999989,0.000011,0
0.000020,0.999980,1
0.000027,0.999973,1
0.000005,0.999995,1
0.000001,0.999999,1
0.000058,0.999942,1
0.999931,0.000069,0
0.999893,0.000107,0
0.000003,0.999997,1
0.000001,0.999999,1
0.000032,0.999968,1
0.000014,0.999986,1
0.999106,0.000894,0
0.000011,0.999989,1
0.999928,0.000072,0
0.001062,0.998938,1
0.999902,0.000098,0
0.999864,0.000136,0
0.999973,0.000027,0
0.000161,0.999839,1
0.000051,0.999949,1
0.999883,0.000117,0
0.000003,0.999997,1
0.999951,0.000049,0
0.000003,0.999997,1
0.000381,0.999619,1
0.999986,0.000014,0
0.999984,0.000016,0
0.999885,0.000115,0
0.000533,0.999467,1
0.999994,0.000006,0
0.000019,0.999981,1
0.999841,0.000159,0
0.999989,0.000011,0
0.999952,0.000048,0
0.000037,0.999963,1
0.999950,0.000050,0
0.999996,0.000004,0
0.998986,0.001014,0
0.000099,0.999901,1
0.999928,0.000072,0
0.000008,0.999992,1
0.000001,0.999999,1
0.999346,0.000654,0
0.999982,0.000018,0
0.000076,0.999924,1
0.000144,0.999856,1
0.000137,0.999863,1
0.999981,0.000019,0
0.000002,0.999998,1
0.000151,0.999849,1
0.999897,0.000103,0
0.000069,0.999931,1
0.999952,0.000048,0
0.999969,0.000031,0
0.999995,0.000005,0
0.999989,0.000011,0
0.999974,0.000026,0
0.999958,0.000042,0
0.000173,0.999827,1
0.999871,0.000129,0
0.999941,0.000059,0
0.000098,0.999902,1
0.999914,0.000086,0
0.999972,0.000028,0
0.000205,0.999795,1
0.000481,0.999519,1
0.000002,0.999998,1
0.000000,1.000000,1
0.000536,0.999464,1
0.999968,0.000032,0
0.000037,0.999963,1
0.999244,0.000756,0
0.000033,0.999967,1
0.000046,0.999954,1
0.999846,0.000154,0
0.999959,0.000041,0
0.999986,0.000014,0
0.999900,0.000100,0
0.999585,0.000415,0
0.999978,0.000022,0
0.000003,0.999997,1
0.999954,0.000046,0
0.000597,0.999403,1
0.000023,0.999977,1
0.999886,0.000114,0
0.999991,0.000009,0
0.000063,0.999937,1
0.999855,0.000145,0
0.000002,0.999998,1
0.000115,0.999885,1
0.000048,0.999952,1
0.999850,0.000150,0
0.999944,0.000056,0
0.000057,0.999943,1
0.999869,0.000131,0
0.999984,0.000016,0
0.000060,0.999940,1
0.001596,0.998404,1
0.000282,0.999718,1
0.999960,0.000040,0
0.000451,0.999549,1
0.000281,0.999719,1
0.000014,0.999986,1
0.999983,0.000017,0
0.000001,0.999999,1
0.000324,0.999676,1
0.999849,0.000151,0
0.000010,0.999990,1
0.000000,1.000000,1
0.999970,0.000030,0
0.000009,0.999991,1
0.000034,0.999966,1
0.000073,0.999927,1
0.000044,0.999956,1
0.000011,0.999989,1
0.999943,0.000057,0
0.000014,0.999986,1
0.000146,0.999854,1
0.999902,0.000098,0
0.999929,0.000071,0
0.000056,0.999944,1
0.000001,0.999999,1
0.000035,0.999965,1
0.000027,0.999973,1
0.999926,0.000074,0
0.999942,0.000058,0
0.000543,0.999457,1
0.000303,0.999697,1
0.999758,0.000242,0
0.000063,0.999937,1
0.000117,0.999883,1
0.999998,0.000002,0
0.000055,0.999945,1
0.999958,0.000042,0
0.999911,0.000089,0
0.000307,0.999693,1
0.000004,0.999996,1
0.000009,0.999991,1
0.000007,0.999993,1
0.999978,0.000022,0
0.000010,0.999990,1
0.999993,0.000007,0
0.998689,0.001311,0
0.999816,0.000184,0
0.000016,0.999984,1
0.000099,0.999901,1
0.999886,0.000114,0
0.999923,0.000077,0
0.000001,0.999999,1
0.000286,0.999714,1
0.999657,0.000343,0
0.000055,0.999945,1
0.999938,0.000062,0
0.999985,0.000015,0
0.000015,0.999985,1
0.001204,0.998796,1
0.000002,0.999998,1
0.999716,0.000284,0
0.000010,0.999990,1
0.999559,0.000441,0
0.999983,0.000017,0
0.999848,0.000152,0
0.000001,0.999999,1
0.003494,0.996506,1
0.000045,0.999955,1
0.000000,1.000000,1
0.000244,0.999756,1
0.000072,0.999928,1
0.999886,0.000114,0
0.999986,0.000014,0
0.000029,0.999971,1
0.999978,0.000022,0
0.000000,1.000000,1
0.000028,0.999972,1
0.000005,0.999995,1
0.000099,0.999901,1
0.000013,0.999987,1
0.999971,0.000029,0
0.000004,0.999996,1
0.000035,0.999965,1
0.000094,0.999906,1
0.000067,0.999933,1
0.000240,0.999760,1
0.000412,0.999588,1
0.000006,0.999994,1
0.000172,0.999828,1
0.000054,0.999946,1
0.000049,0.999951,1
0.999797,0.000203,0
0.000018,0.999982,1
0.000003,0.999997,1
0.999934,0.000066,0
0.999984,0.000016,0
0.999881,0.000119,0
0.999971,0.000029,0
0.000012,0.999988,1
0.999999,0.000001,0
0.000001,0.999999,1
0.999982,0.000018,0
0.999999,0.000001,0
0.999966,0.000034,0
0.999784,0.000216,0
0.999892,0.000108,0
0.000194,0.999806,1
0.000409,0.999591,1
0.000106,0.999894,1
0.000001,0.999999,1
0.000023,0.999977,1
0.000018,0.999982,1
0.999767,0.000233,0
0.000026,0.999974,1
0.999914,0.000086,0
0.999872,0.000128,0
0.999879,0.000121,0
0.000037,0.999963,1
0.999911,0.000089,0
0.999984,0.000016,0
0.000007,0.999993,1
0.995985,0.004015,0
0.999956,0.000044,0
0.999938,0.000062,0
0.000213,0.999787,1
0.999973,0.000027,0
0.000002,0.999998,1
0.000052,0.999948,1
0.999934,0.000066,0
0.999734,0.000266,0
0.000445,0.999555,1
0.000093,0.999907,1
0.999970,0.000030,0
0.999670,0.000330,0
0.999820,0.000180,0
0.000028,0.999972,1
0.999964,0.000036,0
0.000016,0.999984,1
0.000037,0.999963,1
0.000536,0.999464,1
0.999811,0.000189,0
0.000022,0.999978,1
0.995985,0.004015,0
0.000216,0.999784,1
0.998041,0.001959,0
0.999997,0.000003,0
0.999994,0.000006,0
0.023889,0.976111,1
0.000138,0.999862,1
0.000012,0.999988,1
0.000035,0.999965,1
0.999963,0.000037,0
0.000000,1.000000,1
0.000014,0.999986,1
0.999973,0.000027,0
0.999871,0.000129,0
0.000129,0.999871,1
0.999973,0.000027,0
0.000017,0.999983,1
0.999991,0.000009,0
0.000085,0.999915,1
0.000156,0.999844,1
0.998704,0.001296,0
0.999825,0.000175,0
0.000005,0.999995,1
0.999907,0.000093,0
0.000028,0.999972,1
0.000006,0.999994,1
0.999938,0.000062,0
0.000000,1.000000,1
0.000002,0.999998,1
0.998166,0.001834,0
0.000058,0.999942,1
0.999198,0.000802,0
0.999985,0.000015,0
0.999447,0.000553,0
0.000035,0.999965,1
0.000097,0.999903,1
0.000012,0.999988,1
0.999915,0.000085,0
0.000563,0.999437,1
0.000001,0.999999,1
0.000030,0.999970,1
0.000027,0.999973,1
0.999794,0.000206,0
0.999469,0.000531,0
0.000065,0.999935,1
0.999597,0.000403,0
0.999985,0.000015,0
0.000129,0.999871,1
0.000070,0.999930,1
0.000124,0.999876,1
0.000244,0.999756,1
0.000003,0.999997,1
0.000023,0.999977,1
0.000002,0.999998,1
0.000549,0.999451,1
0.999992,0.000008,0
0.999784,0.000216,0
0.000068,0.999932,1
0.000181,0.999819,1
0.000013,0.999987,1
0.000025,0.999975,1
0.000099,0.999901,1
0.000201,0.999799,1
0.999937,0.000063,0
0.000016,0.999984,1
0.000019,0.999981,1
0.000056,0.999944,1
0.999995,0.000005,0
0.000002,0.999998,1
0.999991,0.000009,0
0.000344,0.999656,1
0.000318,0.999682,1
0.999995,0.000005,0
0.999989,0.000011,0
0.000052,0.999948,1
0.005803,0.994197,1
0.999738,0.000262,0
0.000010,0.999990,1
0.999932,0.000068,0
0.999972,0.000028,0
0.999906,0.000094,0
0.000027,0.999973,1
0.000050,0.999950,1
0.000084,0.999916,1
0.000003,0.999997,1
0.999447,0.000553,0
0.999138,0.000862,0
0.000000,1.000000,1
0.999987,0.000013,0
0.000005,0.999995,1
0.000172,0.999828,1
0.999827,0.000173,0
0.000032,0.999968,1
0.999865,0.000135,0
0.000031,0.999969,1
0.999963,0.000037,0
0.000250,0.999750,1
0.000361,0.999639,1
0.000137,0.999863,1
0.000143,0.999857,1
0.000282,0.999718,1
0.998757,0.001243,0
0.000023,0.999977,1
0.000001,0.999999,1
0.001302,0.998698,1
0.000001,0.999999,1
0.999928,0.000072,0
0.000024,0.999976,1
0.000004,0.999996,1
0.000036,0.999964,1
0.000088,0.999912,1
0.000007,0.999993,1
0.000002,0.999998,1
0.998531,0.001469,0
0.000000,1.000000,1
0.000201,0.999799,1
0.000024,0.999976,1
0.999990,0.000010,0
0.000006,0.999994,1
0.000010,0.999990,1
0.000243,0.999757,1
0.000013,0.999987,1
0.000084,0.999916,1
0.000002,0.999998,1
0.999989,0.000011,0
0.999792,0.000208,0
0.999751,0.000249,0
0.000379,0.999621,1
0.999978,0.000022,0
0.000097,0.999903,1
0.999951,0.000049,0
0.999933,0.000067,0
0.000440,0.999560,1
0.000007,0.999993,1
0.999876,0.000124,0
0.000007,0.999993,1
0.000101,0.999899,1
0.999973,0.000027,0
0.999951,0.000049,0
0.000044,0.999956,1
0.999604,0.000396,0
0.999950,0.000050,0
0.000556,0.999444,1
0.000041,0.999959,1
0.000024,0.999976,1
0.999966,0.000034,0
0.000004,0.999996,1
0.000116,0.999884,1
0.999912,0.000088,0
0.000002,0.999998,1
0.000005,0.999995,1
0.000001,0.999999,1
0.000017,0.999983,1
0.000019,0.999981,1
0.999702,0.000298,0
0.999977,0.000023,0
0.000309,0.999691,1
0.999856,0.000144,0
0.999968,0.000032,0
0.999752,0.000248,0
0.999976,0.000024,0
0.999930,0.000070,0
0.000087,0.999913,1
0.999524,0.000476,0
0.999938,0.000062,0
0.999941,0.000059,0
0.000059,0.999941,1
0.000009,0.999991,1
0.999942,0.000058,0
0.999761,0.000239,0
0.999969,0.000031,0
0.999995,0.000005,0
0.000024,0.999976,1
0.000099,0.999901,1
0.000239,0.999761,1
0.000002,0.999998,1
0.000080,0.999920,1
0.000118,0.999882,1
0.999927,0.000073,0
0.999961,0.000039,0
0.000087,0.999913,1
0.999990,0.000010,0
0.000216,0.999784,1
0.999841,0.000159,0
0.000015,0.999985,1
0.999979,0.000021,0
0.000003,0.999997,1
0.000702,0.999298,1
0.999989,0.000011,0
0.000430,0.999570,1
0.000005,0.999995,1
0.999911,0.000089,0
0.999984,0.000016,0
0.999892,0.000108,0
0.000001,0.999999,1
0.999995,0.000005,0
0.000143,0.999857,1
0.000012,0.999988,1
0.000527,0.999473,1
0.000179,0.999821,1
0.000067,0.999933,1
0.000014,0.999986,1
0.000003,0.999997,1
0.000001,0.999999,1
0.000274,0.999726,1
0.000055,0.999945,1
0.000029,0.999971,1
0.999984,0.000016,0
0.999977,0.000023,0
0.000008,0.999992,1
0.000313,0.999687,1
0.999950,0.000050,0
0.999964,0.000036,0
0.000311,0.999689,1
0.000435,0.999565,1
0.000123,0.999877,1
0.000330,0.999670,1
0.000132,0.999868,1
0.999947,0.000053,0
0.000139,0.999861,1
0.999775,0.000225,0
0.999989,0.000011,0
0.000166,0.999834,1
0.999903,0.000097,0
0.999565,0.000435,0
0.000012,0.999988,1
0.999971,0.000029,0
0.999954,0.000046,0
0.999853,0.000147,0
0.999963,0.000037,0
0.000061,0.999939,1
0.000123,0.999877,1
0.000011,0.999989,1
0.000527,0.999473,1
0.000355,0.999645,1
0.000090,0.999910,1
0.999989,0.000011,0
0.000054,0.999946,1
0.000010,0.999990,1
0.000006,0.999994,1
0.999892,0.000108,0
0.000782,0.999218,1
0.000481,0.999519,1
0.999962,0.000038,0
0.999954,0.000046,0
0.999775,0.000225,0
0.000001,0.999999,1
0.000036,0.999964,1
0.999798,0.000202,0
0.000084,0.999916,1
0.000001,0.999999,1
0.000230,0.999770,1
0.999800,0.000200,0
0.999834,0.000166,0
0.999989,0.000011,0
0.999755,0.000245,0
0.000013,0.999987,1
0.000053,0.999947,1
0.000000,1.000000,1
0.000004,0.999996,1
0.000383,0.999617,1
0.999977,0.000023,0
0.000157,0.999843,1
0.999908,0.000092,0
0.000093,0.999907,1
0.000101,0.999899,1
0.999894,0.000106,0
0.000549,0.999451,1
0.000006,0.999994,1
0.000005,0.999995,1
0.999890,0.000110,0
0.000052,0.999948,1
0.999976,0.000024,0
0.999958,0.000042,0
0.999768,0.000232,0
0.000023,0.999977,1
0.999953,0.000047,0
0.999915,0.000085,0
0.000011,0.999989,1
0.000042,0.999958,1
0.999972,0.000028,0
0.000107,0.999893,1
0.000157,0.999843,1
0.000012,0.999988,1
0.000060,0.999940,1
0.999952,0.000048,0
0.999992,0.000008,0
0.000001,0.999999,1
0.999826,0.000174,0
0.000088,0.999912,1
0.000005,0.999995,1
0.999949,0.000051,0
0.000976,0.999024,1
0.000132,0.999868,1
0.999998,0.000002,0
0.000011,0.999989,1
0.000001,0.999999,1
0.999983,0.000017,0
0.995888,0.004112,0
0.999983,0.000017,0
0.000118,0.999882,1
0.999912,0.000088,0
0.999994,0.000006,0
0.999920,0.000080,0
0.999967,0.000033,0
0.000010,0.999990,1
0.999856,0.000144,0
0.000020,0.999980,1
0.000001,0.999999,1
0.000094,0.999906,1
0.000305,0.999695,1
0.998608,0.001392,0
0.000001,0.999999,1
0.000029,0.999971,1
0.000001,0.999999,1
0.000388,0.999612,1
0.000071,0.999929,1
0.000020,0.999980,1
0.000000,1.000000,1
0.000029,0.999971,1
0.999888,0.000112,0
0.999871,0.000129,0
0.000010,0.999990,1
0.000173,0.999827,1
0.000006,0.999994,1
0.999907,0.000093,0
0.000176,0.999824,1
0.999681,0.000319,0
0.000332,0.999668,1
0.999973,0.000027,0
0.999782,0.000218,0
0.960790,0.039210,0
0.000035,0.999965,1
0.999998,0.000002,0
0.000003,0.999997,1
0.000001,0.999999,1
0.999991,0.000009,0
0.000004,0.999996,1
0.000217,0.999783,1
0.999930,0.000070,0
0.000084,0.999916,1
0.000103,0.999897,1
0.998949,0.001051,0
0.000058,0.999942,1
0.000187,0.999813,1
0.000047,0.999953,1
0.999993,0.000007,0
0.000039,0.999961,1
0.000448,0.999552,1
0.000110,0.999890,1
0.999985,0.000015,0
0.000067,0.999933,1
0.999985,0.000015,0
0.000000,1.000000,1
0.000001,0.999999,1
0.000746,0.999254,1
0.000001,0.999999,1
0.994425,0.005575,0
0.000499,0.999501,1
0.000140,0.999860,1
0.000125,0.999875,1
0.999991,0.000009,0
0.000001,0.999999,1
0.999935,0.000065,0
0.000025,0.999975,1
0.999968,0.000032,0
0.999575,0.000425,0
0.000038,0.999962,1
0.000050,0.999950,1
0.000063,0.999937,1
0.999908,0.000092,0
0.000000,1.000000,1
0.000012,0.999988,1
0.999974,0.000026,0
0.999729,0.000271,0
0.999996,0.000004,0
0.000104,0.999896,1
0.000201,0.999799,1
0.000060,0.999940,1
0.000018,0.999982,1
0.999941,0.000059,0
0.000205,0.999795,1
0.999860,0.000140,0
0.999935,0.000065,0
0.000013,0.999987,1
0.000000,1.000000,1
0.999632,0.000368,0
0.687377,0.312623,0
0.000077,0.999923,1
0.999974,0.000026,0
0.000010,0.999990,1
0.000017,0.999983,1
0.999998,0.000002,0
0.999927,0.000073,0
0.999845,0.000155,0
0.000001,0.999999,1
0.002064,0.997936,1
0.000003,0.999997,1
0.000004,0.999996,1
0.999028,0.000972,0
0.000004,0.999996,1
0.999996,0.000004,0
0.999630,0.000370,0
0.000116,0.999884,1
0.999971,0.000029,0
0.000180,0.999820,1
0.000026,0.999974,1
0.000060,0.999940,1
0.999999,0.000001,0
0.000000,1.000000,1
0.000011,0.999989,1
0.999659,0.000341,0
0.000007,0.999993,1
0.000007,0.999993,1
0.999950,0.000050,0
0.999994,0.000006,0
0.000087,0.999913,1
0.000006,0.999994,1
0.000001,0.999999,1
0.999886,0.000114,0
0.999916,0.000084,0
0.000035,0.999965,1
0.999956,0.000044,0
0.999977,0.000023,0
0.000035,0.999965,1
0.999954,0.000046,0
0.999898,0.000102,0
0.000163,0.999837,1
0.000123,0.999877,1
0.000018,0.999982,1
0.999881,0.000119,0
0.000003,0.999997,1
0.999621,0.000379,0
0.000233,0.999767,1
0.000003,0.999997,1
0.000004,0.999996,1
0.000000,1.000000,1
0.000135,0.999865,1
0.000007,0.999993,1
0.000067,0.999933,1
0.999955,0.000045,0
0.999844,0.000156,0
0.999988,0.000012,0
0.000002,0.999998,1
0.999989,0.000011,0
0.999935,0.000065,0
0.000017,0.999983,1
0.999792,0.000208,0
0.999917,0.000083,0
0.000430,0.999570,1
0.000015,0.999985,1
0.000035,0.999965,1
0.000007,0.999993,1
0.001012,0.998988,1
0.999879,0.000121,0
0.999700,0.000300,0
0.000005,0.999995,1
0.999732,0.000268,0
0.000078,0.999922,1
0.999981,0.000019,0
0.000003,0.999997,1
0.999950,0.000050,0
0.999769,0.000231,0
0.999886,0.000114,0
0.000000,1.000000,1
0.999988,0.000012,0
0.002027,0.997973,1
0.000007,0.999993,1
0.000126,0.999874,1
0.999980,0.000020,0
0.999772,0.000228,0
0.999902,0.000098,0
0.000015,0.999985,1
0.000133,0.999867,1
0.000114,0.999886,1
0.000133,0.999867,1
0.000016,0.999984,1
0.999565,0.000435,0
0.999675,0.000325,0
0.999645,0.000355,0
0.000066,0.999934,1
0.000129,0.999871,1
0.999984,0.000016,0
0.000102,0.999898,1
0.000007,0.999993,1
0.000017,0.999983,1
0.000082,0.999918,1
0.999745,0.000255,0
0.000397,0.999603,1
0.000004,0.999996,1
0.999416,0.000584,0
0.999630,0.000370,0
0.999967,0.000033,0
0.999811,0.000189,0
0.000276,0.999724,1
0.000001,0.999999,1
0.999885,0.000115,0
0.999488,0.000512,0
0.999924,0.000076,0
0.000000,1.000000,1
0.999987,0.000013,0
0.000102,0.999898,1
0.000068,0.999932,1
0.999659,0.000341,0
0.999970,0.000030,0
0.999939,0.000061,0
0.999957,0.000043,0
0.000432,0.999568,1
0.999950,0.000050,0
0.000000,1.000000,1
0.999950,0.000050,0
0.999951,0.000049,0
0.000133,0.999867,1
0.000005,0.999995,1
0.000835,0.999165,1
0.999986,0.000014,0
0.000006,0.999994,1
0.999941,0.000059,0
0.000039,0.999961,1
0.999575,0.000425,0
0.000146,0.999854,1
0.000004,0.999996,1
0.999950,0.000050,0
0.000004,0.999996,1
0.000033,0.999967,1
0.000009,0.999991,1
0.999904,0.000096,0
0.000004,0.999996,1
0.000063,0.999937,1
0.000001,0.999999,1
0.999616,0.000384,0
0.000077,0.999923,1
0.000186,0.999814,1
0.000043,0.999957,1
0.999775,0.000225,0
0.999978,0.000022,0
0.999883,0.000117,0
0.999546,0.000454,0
0.000012,0.999988,1
0.000000,1.000000,1
0.000009,0.999991,1
0.999987,0.000013,0
0.999990,0.000010,0
0.999735,0.000265,0
0.000113,0.999887,1
0.999793,0.000207,0
0.000009,0.999991,1
0.000013,0.999987,1
0.000298,0.999702,1
0.000074,0.999926,1
0.000032,0.999968,1
0.999783,0.000217,0
0.999535,0.000465,0
0.000001,0.999999,1
0.000239,0.999761,1
0.999991,0.000009,0
0.000134,0.999866,1
0.002015,0.997985,1
0.999930,0.000070,0
0.999751,0.000249,0
0.001714,0.998286,1
0.999854,0.000146,0
0.000340,0.999660,1
0.999986,0.000014,0
0.000019,0.999981,1
0.999983,0.000017,0
0.999923,0.000077,0
0.999870,0.000130,0
0.000094,0.999906,1
0.000005,0.999995,1
0.999969,0.000031,0
0.000006,0.999994,1
0.000210,0.999790,1
0.999973,0.000027,0
0.999913,0.000087,0
0.000000,1.000000,1
0.000061,0.999939,1
0.000286,0.999714,1
0.000103,0.999897,1
0.999795,0.000205,0
0.000024,0.999976,1
0.999965,0.000035,0
0.000103,0.999897,1
0.999993,0.000007,0
0.999967,0.000033,0
0.000046,0.999954,1
0.999920,0.000080,0
0.000001,0.999999,1
0.000000,1.000000,1
0.000004,0.999996,1
0.000000,1.000000,1
0.999992,0.000008,0
0.000009,0.999991,1
0.999966,0.000034,0
0.000239,0.999761,1
0.000057,0.999943,1
0.999898,0.000102,0
0.000152,0.999848,1
0.999975,0.000025,0
0.000002,0.999998,1
0.999765,0.000235,0
0.000006,0.999994,1
0.000000,1.000000,1
0.999936,0.000064,0
0.999884,0.000116,0
0.000162,0.999838,1
0.999604,0.000396,0
0.999917,0.000083,0
0.000099,0.999901,1
0.000435,0.999565,1
0.000546,0.999454,1
0.000024,0.999976,1
0.000008,0.999992,1
0.999999,0.000001,0
0.000018,0.999982,1
0.999506,0.000494,0
0.000456,0.999544,1
0.000005,0.999995,1
0.000083,0.999917,1
0.000000,1.000000,1
0.999967,0.000033,0
0.998949,0.001051,0
0.999892,0.000108,0
0.000209,0.999791,1
0.000009,0.999991,1
0.999981,0.000019,0
0.999990,0.000010,0
0.000111,0.999889,1
0.999846,0.000154,0
0.000021,0.999979,1
0.000118,0.999882,1
0.000002,0.999998,1
0.999983,0.000017,0
0.999543,0.000457,0
0.999807,0.000193,0
0.000233,0.999767,1
0.000121,0.999879,1
0.000014,0.999986,1
0.001979,0.998021,1
0.999975,0.000025,0
0.000018,0.999982,1
0.000010,0.999990,1
0.000871,0.999129,1
0.000556,0.999444,1
0.000034,0.999966,1
0.000035,0.999965,1
0.000166,0.999834,1
0.000462,0.999538,1
0.000017,0.999983,1
0.999920,0.000080,0
0.999990,0.000010,0
0.000014,0.999986,1
0.999851,0.000149,0
0.999898,0.000102,0
0.999996,0.000004,0
0.999965,0.000035,0
0.000661,0.999339,1
0.000144,0.999856,1
0.999887,0.000113,0
0.000024,0.999976,1
0.000005,0.999995,1
0.000014,0.999986,1
0.999858,0.000142,0
0.999871,0.000129,0
0.000017,0.999983,1
0.999995,0.000005,0
0.000172,0.999828,1
0.000010,0.999990,1
0.000182,0.999818,1
0.999745,0.000255,0
0.999923,0.000077,0
0.999832,0.000168,0
0.999987,0.000013,0
0.999585,0.000415,0
0.999850,0.000150,0
0.000009,0.999991,1
0.000031,0.999969,1
0.999925,0.000075,0
0.999911,0.000089,0
0.005059,0.994941,1
0.001211,0.998789,1
0.999983,0.000017,0
0.000258,0.999742,1
0.000050,0.999950,1
0.999947,0.000053,0
0.000008,0.999992,1
0.999987,0.000013,0
0.999874,0.000126,0
0.000000,1.000000,1
0.999997,0.000003,0
0.000004,0.999996,1
0.999913,0.000087,0
0.999954,0.000046,0
0.999920,0.000080,0
0.999999,0.000001,0
0.999930,0.000070,0
0.999920,0.000080,0
0.000359,0.999641,1
0.000034,0.999966,1
0.999953,0.000047,0
0.999902,0.000098,0
0.000074,0.999926,1
0.000192,0.999808,1
0.999734,0.000266,0
0.999655,0.000345,0
0.999861,0.000139,0
0.000025,0.999975,1
0.999748,0.000252,0
0.000252,0.999748,1
0.999983,0.000017,0
0.999994,0.000006,0
0.000673,0.999327,1
0.999992,0.000008,0
0.999981,0.000019,0
0.000081,0.999919,1
0.000133,0.999867,1
0.999960,0.000040,0
0.000099,0.999901,1
0.000046,0.999954,1
0.000003,0.999997,1
0.000072,0.999928,1
0.000073,0.999927,1
0.999859,0.000141,0
0.999998,0.000002,0
0.000050,0.999950,1
0.999990,0.000010,0
0.999929,0.000071,0
0.999964,0.000036,0
0.999921,0.000079,0
0.000056,0.999944,1
0.000183,0.999817,1
0.999988,0.000012,0
0.999886,0.000114,0
0.000073,0.999927,1
0.999983,0.000017,0
0.000005,0.999995,1
0.000020,0.999980,1
0.000276,0.999724,1
0.000053,0.999947,1
0.000041,0.999959,1
0.999824,0.000176,0
0.000008,0.999992,1
0.999828,0.000172,0
0.000076,0.999924,1
0.000000,1.000000,1
0.000115,0.999885,1
0.000002,0.999998,1
0.000318,0.999682,1
0.000001,0.999999,1
0.000031,0.999969,1
0.000002,0.999998,1
0.999101,0.000899,0
0.000017,0.999983,1
0.000078,0.999922,1
0.999607,0.000393,0
0.000074,0.999926,1
0.000000,1.000000,1
0.000009,0.999991,1
0.999999,0.000001,0
0.999524,0.000476,0
0.999914,0.000086,0
0.000092,0.999908,1
0.000004,0.999996,1
0.000023,0.999977,1
0.000094,0.999906,1
0.000173,0.999827,1
0.000422,0.999578,1
0.999419,0.000581,0
0.999984,0.000016,0
0.000020,0.999980,1
0.999978,0.000022,0
0.999834,0.000166,0
0.000049,0.999951,1
0.000216,0.999784,1
0.000007,0.999993,1
0.999997,0.000003,0
0.999899,0.000101,0
0.000068,0.999932,1
0.999794,0.000206,0
0.000009,0.999991,1
0.000066,0.999934,1
0.000044,0.999956,1
0.000264,0.999736,1
0.000129,0.999871,1
0.000412,0.999588,1
0.000263,0.999737,1
0.999529,0.000471,0
0.999892,0.000108,0
0.000914,0.999086,1
0.000000,1.000000,1
0.999991,0.000009,0
0.000011,0.999989,1
0.999975,0.000025,0
0.000021,0.999979,1
0.999767,0.000233,0
0.000001,0.999999,1
0.000003,0.999997,1
0.999850,0.000150,0
0.000009,0.999991,1
0.999984,0.000016,0
0.000021,0.999979,1
0.000066,0.999934,1
0.000038,0.999962,1
0.999927,0.000073,0
0.000006,0.999994,1
0.013982,0.986018,1
0.000062,0.999938,1
0.000003,0.999997,1
0.999951,0.000049,0
0.999929,0.000071,0
0.999826,0.000174,0
0.000094,0.999906,1
0.999947,0.000053,0
0.000015,0.999985,1
0.000004,0.999996,1
0.000026,0.999974,1
0.000044,0.999956,1
0.000000,1.000000,1
0.999638,0.000362,0
0.000133,0.999867,1
0.999978,0.000022,0
0.000181,0.999819,1
0.000324,0.999676,1
0.000004,0.999996,1
0.000249,0.999751,1
0.999758,0.000242,0
0.999998,0.000002,0
0.000042,0.999958,1
0.000046,0.999954,1
0.000031,0.999969,1
0.999976,0.000024,0
0.999583,0.000417,0
0.999987,0.000013,0
0.000201,0.999799,1
0.000179,0.999821,1
0.000011,0.999989,1
0.999954,0.000046,0
0.000040,0.999960,1
0.999988,0.000012,0
0.000092,0.999908,1
0.000061,0.999939,1
0.000000,1.000000,1
0.000484,0.999516,1
0.999955,0.000045,0
0.000095,0.999905,1
0.000101,0.999899,1
0.999575,0.000425,0
0.000056,0.999944,1
0.999939,0.000061,0
0.999970,0.000030,0
0.000006,0.999994,1
0.999913,0.000087,0
0.000953,0.999047,1
0.995023,0.004977,0
0.971493,0.028507,0
0.000236,0.999764,1
0.999961,0.000039,0
0.000016,0.999984,1
0.000214,0.999786,1
0.000004,0.999996,1
0.999893,0.000107,0
0.999939,0.000061,0
0.000002,0.999998,1
0.000005,0.999995,1
0.999963,0.000037,0
0.999903,0.000097,0
0.000032,0.999968,1
0.999997,0.000003,0
0.999719,0.000281,0
0.000020,0.999980,1
0.000015,0.999985,1
0.000007,0.999993,1
0.000109,0.999891,1
0.999985,0.000015,0
0.000015,0.999985,1
0.000023,0.999977,1
0.999955,0.000045,0
0.000120,0.999880,1
0.000046,0.999954,1
0.000027,0.999973,1
0.001704,0.998296,1
0.000424,0.999576,1
0.999897,0.000103,0
0.999867,0.000133,0
0.000003,0.999997,1
0.999832,0.000168,0
0.000208,0.999792,1
0.999995,0.000005,0
0.000014,0.999986,1
0.000008,0.999992,1
0.000023,0.999977,1
0.001831,0.998169,1
0.999831,0.000169,0
0.000016,0.999984,1
0.000218,0.999782,1
0.000001,0.999999,1
0.000194,0.999806,1
0.000009,0.999991,1
0.999870,0.000130,0
0.001512,0.998488,1
0.999950,0.000050,0
0.000005,0.999995,1
0.998727,0.001273,0
0.000563,0.999437,1
0.000048,0.999952,1
0.000111,0.999889,1
0.000024,0.999976,1
0.999689,0.000311,0
0.996351,0.003649,0
0.999769,0.000231,0
0.000027,0.999973,1
0.999972,0.000028,0
0.999800,0.000200,0
0.999894,0.000106,0
0.000006,0.999994,1
0.000657,0.999343,1
0.000258,0.999742,1
0.999938,0.000062,0
0.000001,0.999999,1
0.999722,0.000278,0
0.000088,0.999912,1
0.000003,0.999997,1
0.999798,0.000202,0
0.999959,0.000041,0
0.000006,0.999994,1
0.999999,0.000001,0
0.999911,0.000089,0
0.999016,0.000984,0
0.000001,0.999999,1
0.000004,0.999996,1
0.000011,0.999989,1
0.000133,0.999867,1
0.000009,0.999991,1
0.999991,0.000009,0
0.999976,0.000024,0
0.999923,0.000077,0
0.999721,0.000279,0
0.000058,0.999942,1
0.999943,0.000057,0
0.000002,0.999998,1
0.000001,0.999999,1
0.000432,0.999568,1
0.000279,0.999721,1
0.000009,0.999991,1
0.000197,0.999803,1
0.999575,0.000425,0
0.999198,0.000802,0
0.000015,0.999985,1
0.999924,0.000076,0
0.999975,0.000025,0
0.000058,0.999942,1
0.000228,0.999772,1
0.000239,0.999761,1
0.000018,0.999982,1
0.999989,0.000011,0
0.000075,0.999925,1
0.999998,0.000002,0
0.000063,0.999937,1
0.999987,0.000013,0
0.999879,0.000121,0
0.000000,1.000000,1
0.999970,0.000030,0
0.001075,0.998925,1
0.000395,0.999605,1
0.000098,0.999902,1
0.000003,0.999997,1
0.000061,0.999939,1
0.000023,0.999977,1
0.000008,0.999992,1
0.999978,0.000022,0
0.999979,0.000021,0
0.000009,0.999991,1
0.000133,0.999867,1
0.000011,0.999989,1
0.000082,0.999918,1
0.000131,0.999869,1
0.999990,0.000010,0
0.000092,0.999908,1
0.999872,0.000128,0
0.999956,0.000044,0
0.999987,0.000013,0
0.999974,0.000026,0
0.000150,0.999850,1
0.999986,0.000014,0
0.999732,0.000268,0
0.999951,0.000049,0
0.000068,0.999932,1
0.999729,0.000271,0
0.000199,0.999801,1
0.999876,0.000124,0
0.999994,0.000006,0
0.000642,0.999358,1
0.999992,0.000008,0
0.999597,0.000403,0
0.999964,0.000036,0
0.999821,0.000179,0
0.000034,0.999966,1
0.000002,0.999998,1
0.000043,0.999957,1
0.000031,0.999969,1
0.999957,0.000043,0
0.999950,0.000050,0
0.000012,0.999988,1
0.000018,0.999982,1
0.000054,0.999946,1
0.999931,0.000069,0
0.000007,0.999993,1
0.000009,0.999991,1
0.000054,0.999946,1
0.000197,0.999803,1
0.000020,0.999980,1
0.002218,0.997782,1
0.000000,1.000000,1
0.999935,0.000065,0
0.000088,0.999912,1
0.000348,0.999652,1
0.999795,0.000205,0
0.999968,0.000032,0
0.000787,0.999213,1
0.999875,0.000125,0
0.999755,0.000245,0
0.999989,0.000011,0
0.000082,0.999918,1
0.000055,0.999945,1
0.000642,0.999358,1
0.000017,0.999983,1
0.000033,0.999967,1
0.999876,0.000124,0
0.000048,0.999952,1
0.992624,0.007376,0
0.000080,0.999920,1
0.000001,0.999999,1
0.000072,0.999928,1
0.000021,0.999979,1
0.000025,0.999975,1
0.000022,0.999978,1
0.000020,0.999980,1
0.000124,0.999876,1
0.000054,0.999946,1
0.000006,0.999994,1
0.999649,0.000351,0
0.999960,0.000040,0
0.000001,0.999999,1
0.000002,0.999998,1
0.000003,0.999997,1
0.000009,0.999991,1
0.999941,0.000059,0
0.999959,0.000041,0
0.999518,0.000482,0
0.999809,0.000191,0
0.000150,0.999850,1
0.000001,0.999999,1
0.000903,0.999097,1
0.000002,0.999998,1
0.999509,0.000491,0
0.000233,0.999767,1
0.000011,0.999989,1
0.999793,0.000207,0
0.999309,0.000691,0
0.000009,0.999991,1
0.000007,0.999993,1
0.999740,0.000260,0
0.000020,0.999980,1
0.999981,0.000019,0
0.000034,0.999966,1
0.000111,0.999889,1
0.000174,0.999826,1
0.999894,0.000106,0
0.999935,0.000065,0
0.000010,0.999990,1
0.000677,0.999323,1
0.999847,0.000153,0
0.000004,0.999996,1
0.000065,0.999935,1
0.000502,0.999498,1
0.000001,0.999999,1
0.001302,0.998698,1
0.999811,0.000189,0
0.000619,0.999381,1
0.999880,0.000120,0
0.999998,0.000002,0
0.000060,0.999940,1
0.999782,0.000218,0
0.999870,0.000130,0
0.000038,0.999962,1
0.000012,0.999988,1
0.000009,0.999991,1
0.999960,0.000040,0
0.999948,0.000052,0
0.000376,0.999624,1
0.997857,0.002143,0
0.999235,0.000765,0
0.000013,0.999987,1
0.999928,0.000072,0
0.999920,0.000080,0
0.000953,0.999047,1
0.000073,0.999927,1
0.999944,0.000056,0
0.999961,0.000039,0
0.000583,0.999417,1
0.999926,0.000074,0
0.999971,0.000029,0
0.001341,0.998659,1
0.999995,0.000005,0
0.000332,0.999668,1
0.999944,0.000056,0
0.000108,0.999892,1
0.999873,0.000127,0
0.000075,0.999925,1
0.000132,0.999868,1
0.000001,0.999999,1
0.999995,0.000005,0
0.000129,0.999871,1
0.999965,0.000035,0
0.999764,0.000236,0
0.000017,0.999983,1
0.999989,0.000011,0
0.999974,0.000026,0
0.000043,0.999957,1
0.999683,0.000317,0
0.998053,0.001947,0
0.999987,0.000013,0
0.000037,0.999963,1
0.999937,0.000063,0
0.000000,1.000000,1
0.999911,0.000089,0
0.999994,0.000006,0
0.000011,0.999989,1
0.999992,0.000008,0
0.000003,0.999997,1
0.000008,0.999992,1
0.999932,0.000068,0
0.000034,0.999966,1
0.999882,0.000118,0
0.000004,0.999996,1
0.999915,0.000085,0
0.999926,0.000074,0
0.999961,0.000039,0
0.000032,0.999968,1
0.000015,0.999985,1
0.000070,0.999930,1
0.999951,0.000049,0
0.000046,0.999954,1
0.000061,0.999939,1
0.000172,0.999828,1
0.999954,0.000046,0
0.000063,0.999937,1
0.000041,0.999959,1
0.999836,0.000164,0
0.000576,0.999424,1
0.000437,0.999563,1
0.999994,0.000006,0
0.999989,0.000011,0
0.999894,0.000106,0
0.999846,0.000154,0
0.000016,0.999984,1
0.000098,0.999902,1
0.000050,0.999950,1
0.000048,0.999952,1
0.999973,0.000027,0
0.999971,0.000029,0
0.999948,0.000052,0
0.000001,0.999999,1
0.000002,0.999998,1
0.999970,0.000030,0
0.999831,0.000169,0
0.999983,0.000017,0
0.998303,0.001697,0
0.999879,0.000121,0
1.000000,0.000000,0
0.999843,0.000157,0
0.999874,0.000126,0
0.000005,0.999995,1
0.999972,0.000028,0
0.999992,0.000008,0
0.999636,0.000364,0
0.000025,0.999975,1
0.999993,0.000007,0
0.999957,0.000043,0
0.999991,0.000009,0
0.999895,0.000105,0
0.999997,0.000003,0
0.991983,0.008017,0
0.999980,0.000020,0
0.000034,0.999966,1
0.000079,0.999921,1
0.000243,0.999757,1
0.999983,0.000017,0
0.000209,0.999791,1
0.000001,0.999999,1
0.000150,0.999850,1
0.999995,0.000005,0
0.001853,0.998147,1
0.000024,0.999976,1
0.000069,0.999931,1
0.999833,0.000167,0
0.000234,0.999766,1
0.999897,0.000103,0
0.999935,0.000065,0
0.000008,0.999992,1
0.000002,0.999998,1
0.000080,0.999920,1
0.999996,0.000004,0
0.000000,1.000000,1
0.999916,0.000084,0
0.000573,0.999427,1
0.999790,0.000210,0
0.999922,0.000078,0
0.999982,0.000018,0
0.999894,0.000106,0
0.000001,0.999999,1
0.999996,0.000004,0
0.000141,0.999859,1
0.000051,0.999949,1
0.000017,0.999983,1
0.999981,0.000019,0
0.000355,0.999645,1
0.999880,0.000120,0
0.000032,0.999968,1
0.000001,0.999999,1
0.000861,0.999139,1
0.000320,0.999680,1
0.000728,0.999272,1
0.000005,0.999995,1
0.999928,0.000072,0
0.000078,0.999922,1
0.000011,0.999989,1
0.000003,0.999997,1
0.000020,0.999980,1
0.000178,0.999822,1
0.000029,0.999971,1
0.000001,0.999999,1
0.000006,0.999994,1
0.999987,0.000013,0
0.000690,0.999310,1
0.000055,0.999945,1
0.000038,0.999962,1
0.999904,0.000096,0
0.000559,0.999441,1
0.999998,0.000002,0
0.999959,0.000041,0
0.000096,0.999904,1
0.000005,0.999995,1
0.000106,0.999894,1
0.998992,0.001008,0
0.999976,0.000024,0
0.000015,0.999985,1
0.000040,0.999960,1
0.000097,0.999903,1
0.000002,0.999998,1
0.999882,0.000118,0
0.000088,0.999912,1
0.999999,0.000001,0
0.999979,0.000021,0
0.997245,0.002755,0
0.999986,0.000014,0
0.999959,0.000041,0
0.999963,0.000037,0
0.000093,0.999907,1
0.000034,0.999966,1
0.999899,0.000101,0
0.000031,0.999969,1
0.999995,0.000005,0
0.999972,0.000028,0
0.000012,0.999988,1
0.000005,0.999995,1
0.000095,0.999905,1
0.999892,0.000108,0
0.000033,0.999967,1
0.999994,0.000006,0
0.000047,0.999953,1
0.000017,0.999983,1
0.999991,0.000009,0
0.000003,0.999997,1
0.000097,0.999903,1
0.000001,0.999999,1
0.000005,0.999995,1
0.000334,0.999666,1
0.999532,0.000468,0
0.999899,0.000101,0
0.999995,0.000005,0
0.000340,0.999660,1
0.999904,0.000096,0
0.999836,0.000164,0
0.000313,0.999687,1
0.000001,0.999999,1
0.999966,0.000034,0
0.000004,0.999996,1
0.999942,0.000058,0
0.999776,0.000224,0
0.999775,0.000225,0
0.999989,0.000011,0
0.999951,0.000049,0
0.999985,0.000015,0
0.000020,0.999980,1
0.999607,0.000393,0
0.999983,0.000017,0
0.000068,0.999932,1
0.000019,0.999981,1
0.999524,0.000476,0
0.999932,0.000068,0
0.999921,0.000079,0
0.000007,0.999993,1
0.000023,0.999977,1
0.999999,0.000001,0
0.999897,0.000103,0
0.999852,0.000148,0
0.999820,0.000180,0
0.000010,0.999990,1
0.999979,0.000021,0
0.999917,0.000083,0
0.000086,0.999914,1
0.000083,0.999917,1
0.000240,0.999760,1
0.000031,0.999969,1
0.999954,0.000046,0
0.000000,1.000000,1
0.000011,0.999989,1
0.001944,0.998056,1
0.999953,0.000047,0
0.000002,0.999998,1
0.001586,0.998414,1
0.000062,0.999938,1
0.000031,0.999969,1
0.000006,0.999994,1
0.999992,0.000008,0
0.000026,0.999974,1
0.999995,0.000005,0
0.999940,0.000060,0
0.999965,0.000035,0
0.000015,0.999985,1
0.999910,0.000090,0
0.999966,0.000034,0
0.000737,0.999263,1
0.000020,0.999980,1
0.000170,0.999830,1
0.999993,0.000007,0
0.000038,0.999962,1
0.999966,0.000034,0
0.999738,0.000262,0
0.000006,0.999994,1
0.999945,0.000055,0
0.999929,0.000071,0
0.999977,0.000023,0
0.000003,0.999997,1
0.000012,0.999988,1
0.000010,0.999990,1
0.999958,0.000042,0
0.999951,0.000049,0
0.000001,0.999999,1
0.999784,0.000216,0
0.999980,0.000020,0
0.000029,0.999971,1
0.999963,0.000037,0
0.999940,0.000060,0
0.999990,0.000010,0
0.000002,0.999998,1
0.000242,0.999758,1
0.000298,0.999702,1
0.998949,0.001051,0
0.000139,0.999861,1
0.999954,0.000046,0
0.000000,1.000000,1
0.000176,0.999824,1
0.000019,0.999981,1
0.000094,0.999906,1
0.999990,0.000010,0
0.000075,0.999925,1
0.000007,0.999993,1
0.000026,0.999974,1
0.000138,0.999862,1
0.999920,0.000080,0
0.999951,0.000049,0
0.000068,0.999932,1
0.000005,0.999995,1
0.000219,0.999781,1
0.999989,0.000011,0
0.999822,0.000178,0
0.999978,0.000022,0
0.000005,0.999995,1
0.000336,0.999664,1
0.000025,0.999975,1
0.000314,0.999686,1
0.000036,0.999964,1
0.000099,0.999901,1
0.000081,0.999919,1
0.000068,0.999932,1
0.000002,0.999998,1
0.999939,0.000061,0
0.999993,0.000007,0
0.000281,0.999719,1
0.999949,0.000051,0
0.000123,0.999877,1
0.999957,0.000043,0
0.999892,0.000108,0
0.000359,0.999641,1
0.000003,0.999997,1
0.000005,0.999995,1
0.000050,0.999950,1
0.999906,0.000094,0
0.000031,0.999969,1
0.998513,0.001487,0
0.999985,0.000015,0
0.999981,0.000019,0
0.999938,0.000062,0
0.000355,0.999645,1
0.000143,0.999857,1
0.999775,0.000225,0
0.000002,0.999998,1
0.999969,0.000031,0
0.000025,0.999975,1
0.000003,0.999997,1
0.999899,0.000101,0
0.999976,0.000024,0
0.000424,0.999576,1
0.000025,0.999975,1
0.000070,0.999930,1
0.999982,0.000018,0
0.000228,0.999772,1
0.999966,0.000034,0
0.000001,0.999999,1
0.000007,0.999993,1
0.000075,0.999925,1
0.999369,0.000631,0
0.999894,0.000106,0
0.000178,0.999822,1
0.001798,0.998202,1
0.000017,0.999983,1
0.999807,0.000193,0
0.000025,0.999975,1
0.999969,0.000031,0
0.999986,0.000014,0
0.000007,0.999993,1
0.999851,0.000149,0
0.000018,0.999982,1
0.000437,0.999563,1
0.999772,0.000228,0
0.998477,0.001523,0
0.999768,0.000232,0
0.999698,0.000302,0
0.999987,0.000013,0
0.000170,0.999830,1
0.000015,0.999985,1
0.000000,1.000000,1
0.999956,0.000044,0
0.000365,0.999635,1
0.999986,0.000014,0
0.999950,0.000050,0
0.000041,0.999959,1
0.000002,0.999998,1
0.999969,0.000031,0
0.000002,0.999998,1
0.999844,0.000156,0
0.999881,0.000119,0
0.000087,0.999913,1
0.999906,0.000094,0
0.999823,0.000177,0
0.000266,0.999734,1
0.000133,0.999867,1
0.000039,0.999961,1
0.999959,0.000041,0
0.000219,0.999781,1
0.000039,0.999961,1
0.000000,1.000000,1
0.999832,0.000168,0
0.000128,0.999872,1
0.999846,0.000154,0
0.999971,0.000029,0
0.000473,0.999527,1
0.000001,0.999999,1
0.999951,0.000049,0
0.999971,0.000029,0
0.999987,0.000013,0
0.999964,0.000036,0
0.000002,0.999998,1
0.000045,0.999955,1
0.999788,0.000212,0
0.999845,0.000155,0
0.999535,0.000465,0
0.000162,0.999838,1
0.000001,0.999999,1
0.999575,0.000425,0
0.000000,1.000000,1
0.000013,0.999987,1
0.000003,0.999997,1
0.999914,0.000086,0
0.999466,0.000534,0
0.000000,1.000000,1
0.999984,0.000016,0
0.999964,0.000036,0
0.000011,0.999989,1
0.999892,0.000108,0
0.000172,0.999828,1
0.999943,0.000057,0
0.999806,0.000194,0
0.999995,0.000005,0
0.999743,0.000257,0
0.000000,1.000000,1
0.999923,0.000077,0
0.000009,0.999991,1
0.999952,0.000048,0
0.000131,0.999869,1
0.000047,0.999953,1
0.999899,0.000101,0
0.000038,0.999962,1
0.000143,0.999857,1
0.999996,0.000004,0
0.000361,0.999639,1
0.000073,0.999927,1
0.000173,0.999827,1
0.999990,0.000010,0
0.000334,0.999666,1
0.000010,0.999990,1
0.999907,0.000093,0
0.000677,0.999323,1
0.999991,0.000009,0
0.999794,0.000206,0
0.000002,0.999998,1
0.000097,0.999903,1
0.000012,0.999988,1
0.000016,0.999984,1
0.999999,0.000001,0
0.000208,0.999792,1
0.000028,0.999972,1
0.000062,0.999938,1
0.999765,0.000235,0
0.000011,0.999989,1
0.999945,0.000055,0
0.999896,0.000104,0
0.999775,0.000225,0
0.999932,0.000068,0
0.999970,0.000030,0
0.000005,0.999995,1
0.999978,0.000022,0
0.999939,0.000061,0
0.000017,0.999983,1
0.000151,0.999849,1
0.999987,0.000013,0
0.000005,0.999995,1
0.000048,0.999952,1
0.000172,0.999828,1
0.000887,0.999113,1
0.999926,0.000074,0
0.000033,0.999967,1
0.000063,0.999937,1
0.000359,0.999641,1
0.999801,0.000199,0
0.000001,0.999999,1
0.000556,0.999444,1
0.999945,0.000055,0
0.999540,0.000460,0
0.000113,0.999887,1
0.000062,0.999938,1
0.000164,0.999836,1
0.000057,0.999943,1
0.000069,0.999931,1
0.000056,0.999944,1
0.999990,0.000010,0
0.000131,0.999869,1
0.999745,0.000255,0
0.000546,0.999454,1
0.000043,0.999957,1
0.000089,0.999911,1
0.999991,0.000009,0
0.000103,0.999897,1
0.000002,0.999998,1
0.999641,0.000359,0
0.999813,0.000187,0
0.999751,0.000249,0
0.000021,0.999979,1
0.000407,0.999593,1
0.999883,0.000117,0
0.999950,0.000050,0
0.999836,0.000164,0
0.000094,0.999906,1
0.999854,0.000146,0
0.999838,0.000162,0
0.999939,0.000061,0
0.000002,0.999998,1
0.000161,0.999839,1
0.999284,0.000716,0
0.000012,0.999988,1
0.000000,1.000000,1
0.000502,0.999498,1
0.000028,0.999972,1
0.000013,0.999987,1
0.999980,0.000020,0
0.000003,0.999997,1
0.999885,0.000115,0
0.000014,0.999986,1
0.999964,0.000036,0
0.000032,0.999968,1
0.000056,0.999944,1
0.999804,0.000196,0
0.999978,0.000022,0
0.000028,0.999972,1
0.999990,0.000010,0
0.000040,0.999960,1
0.999897,0.000103,0
0.999872,0.000128,0
0.000010,0.999990,1
0.000000,1.000000,1
0.999664,0.000336,0
0.000363,0.999637,1
0.000417,0.999583,1
0.000028,0.999972,1
0.999754,0.000246,0
0.000049,0.999951,1
0.000099,0.999901,1
0.000010,0.999990,1
0.000026,0.999974,1
0.999996,0.000004,0
0.000630,0.999370,1
0.000322,0.999678,1
0.000009,0.999991,1
0.000073,0.999927,1
0.000132,0.999868,1
0.000019,0.999981,1
0.000000,1.000000,1
0.999894,0.000106,0
0.000053,0.999947,1
0.999980,0.000020,0
0.999850,0.000150,0
0.999967,0.000033,0
0.000041,0.999959,1
0.001043,0.998957,1
0.000694,0.999306,1
0.999876,0.000124,0
0.000019,0.999981,1
0.999980,0.000020,0
0.000001,0.999999,1
0.000041,0.999959,1
0.000002,0.999998,1
0.000029,0.999971,1
0.999882,0.000118,0
0.000014,0.999986,1
0.999980,0.000020,0
0.000247,0.999753,1
0.000055,0.999945,1
0.000017,0.999983,1
0.000464,0.999536,1
0.999953,0.000047,0
0.999746,0.000254,0
0.000000,1.000000,1
0.000058,0.999942,1
0.999580,0.000420,0
0.000043,0.999957,1
0.999886,0.000114,0
0.000099,0.999901,1
0.000008,0.999992,1
0.999973,0.000027,0
0.999212,0.000788,0
0.999506,0.000494,0
0.999143,0.000857,0
0.000642,0.999358,1
0.000038,0.999962,1
0.000137,0.999863,1
0.999894,0.000106,0
0.000000,1.000000,1
0.999886,0.000114,0
0.000222,0.999778,1
0.000086,0.999914,1
0.000021,0.999979,1
0.000000,1.000000,1
0.000120,0.999880,1
0.999993,0.000007,0
0.999995,0.000005,0
0.999871,0.000129,0
0.000266,0.999734,1
0.999916,0.000084,0
0.000003,0.999997,1
0.000002,0.999998,1
0.999850,0.000150,0
0.999954,0.000046,0
0.999906,0.000094,0
0.999972,0.000028,0
0.000007,0.999993,1
0.000019,0.999981,1
0.999998,0.000002,0
0.999942,0.000058,0
0.999961,0.000039,0
0.999696,0.000304,0
0.999983,0.000017,0
0.000014,0.999986,1
0.999898,0.000102,0
0.000013,0.999987,1
0.999989,0.000011,0
0.999962,0.000038,0
0.000638,0.999362,1
0.000011,0.999989,1
0.999977,0.000023,0
0.001944,0.998056,1
0.000125,0.999875,1
0.999851,0.000149,0
0.999971,0.000029,0
0.000006,0.999994,1
0.999936,0.000064,0
0.000007,0.999993,1
0.000166,0.999834,1
0.000025,0.999975,1
0.000128,0.999872,1
0.000021,0.999979,1
0.000110,0.999890,1
0.999895,0.000105,0
0.999764,0.000236,0
0.000007,0.999993,1
0.000006,0.999994,1
0.000523,0.999477,1
0.999991,0.000009,0
0.000009,0.999991,1
0.000118,0.999882,1
0.999960,0.000040,0
0.999837,0.000163,0
0.999673,0.000327,0
0.999929,0.000071,0
0.999847,0.000153,0
0.000031,0.999969,1
0.999980,0.000020,0
0.000001,0.999999,1
0.999977,0.000023,0
0.999992,0.000008,0
0.999900,0.000100,0
0.999945,0.000055,0
0.999911,0.000089,0
0.000006,0.999994,1
0.998065,0.001935,0
0.999954,0.000046,0
0.000001,0.999999,1
0.999972,0.000028,0
0.000111,0.999889,1
0.000106,0.999894,1
0.999133,0.000867,0
0.998303,0.001697,0
0.000154,0.999846,1
0.000148,0.999852,1
0.999807,0.000193,0
0.999961,0.000039,0
0.999911,0.000089,0
0.999970,0.000030,0
0.000009,0.999991,1
0.000161,0.999839,1
0.999653,0.000347,0
0.999973,0.000027,0
0.000004,0.999996,1
0.998780,0.001220,0
0.999988,0.000012,0
0.999991,0.000009,0
0.999968,0.000032,0
0.000002,0.999998,1
0.000123,0.999877,1
0.999990,0.000010,0
0.000638,0.999362,1
0.999839,0.000161,0
0.000015,0.999985,1
0.001875,0.998125,1
0.000078,0.999922,1
0.000171,0.999829,1
0.999955,0.000045,0
0.999898,0.000102,0
0.999787,0.000213,0
0.999117,0.000883,0
0.999900,0.000100,0
0.000003,0.999997,1
0.999969,0.000031,0
0.999941,0.000059,0
0.000037,0.999963,1
0.000000,1.000000,1
0.999188,0.000812,0
0.999983,0.000017,0
0.000037,0.999963,1
0.000027,0.999973,1
0.998844,0.001156,0
0.999950,0.000050,0
0.000042,0.999958,1
0.000026,0.999974,1
0.000029,0.999971,1
0.999949,0.000051,0
0.999983,0.000017,0
0.000022,0.999978,1
0.000057,0.999943,1
0.000081,0.999919,1
0.999988,0.000012,0
0.000017,0.999983,1
0.000063,0.999937,1
0.000067,0.999933,1
0.999974,0.000026,0
0.000000,1.000000,1
0.998871,0.001129,0
0.999952,0.000048,0
0.000161,0.999839,1
0.000008,0.999992,1
0.999993,0.000007,0
0.999793,0.000207,0
0.999907,0.000093,0
0.999792,0.000208,0
0.000000,1.000000,1
0.999928,0.000072,0
0.000502,0.999498,1
0.999609,0.000391,0
0.000045,0.999955,1
0.000002,0.999998,1
0.000054,0.999946,1
0.000192,0.999808,1
0.999939,0.000061,0
0.999997,0.000003,0
0.999945,0.000055,0
0.999921,0.000079,0
0.000000,1.000000,1
0.000005,0.999995,1
0.000001,0.999999,1
0.000021,0.999979,1
0.000007,0.999993,1
0.999991,0.000009,0
0.000010,0.999990,1
0.999607,0.000393,0
0.999854,0.000146,0
0.999993,0.000007,0
0.000099,0.999901,1
0.999925,0.000075,0
0.000017,0.999983,1
0.999985,0.000015,0
0.999580,0.000420,0
0.000080,0.999920,1
0.000060,0.999940,1
0.000386,0.999614,1
0.000030,0.999970,1
0.000026,0.999974,1
0.999967,0.000033,0
0.999951,0.000049,0
0.999963,0.000037,0
0.000059,0.999941,1
0.999873,0.000127,0
0.000291,0.999709,1
0.000055,0.999945,1
0.999778,0.000222,0
0.999979,0.000021,0
0.000091,0.999909,1
0.000004,0.999996,1
0.999953,0.000047,0
0.000009,0.999991,1
0.999914,0.000086,0
0.999923,0.000077,0
0.001155,0.998845,1
0.999974,0.000026,0
0.000027,0.999973,1
0.000029,0.999971,1
0.999989,0.000011,0
0.000006,0.999994,1
0.999892,0.000108,0
0.000260,0.999740,1
0.000332,0.999668,1
0.999907,0.000093,0
0.999993,0.000007,0
0.999908,0.000092,0
0.999977,0.000023,0
0.000122,0.999878,1
0.000023,0.999977,1
0.998937,0.001063,0
0.004332,0.995668,1
0.000473,0.999527,1
0.000009,0.999991,1
0.999376,0.000624,0
0.999387,0.000613,0
0.000033,0.999967,1
0.000217,0.999783,1
0.000192,0.999808,1
0.999822,0.000178,0
0.000013,0.999987,1
0.000028,0.999972,1
0.000092,0.999908,1
0.999990,0.000010,0
0.999902,0.000098,0
0.999870,0.000130,0
0.999990,0.000010,0
0.000590,0.999410,1
0.999384,0.000616,0
0.000597,0.999403,1
0.000005,0.999995,1
0.999950,0.000050,0
0.999966,0.000034,0
0.999853,0.000147,0
0.000026,0.999974,1
0.000002,0.999998,1
0.999988,0.000012,0
0.999912,0.000088,0
0.999975,0.000025,0
0.000056,0.999944,1
0.000212,0.999788,1
0.000003,0.999997,1
0.000003,0.999997,1
0.999812,0.000188,0
0.000020,0.999980,1
0.000041,0.999959,1
0.999943,0.000057,0
0.999572,0.000428,0
0.999969,0.000031,0
0.000005,0.999995,1
0.999942,0.000058,0
0.000093,0.999907,1
0.000207,0.999793,1
0.998449,0.001551,0
0.999986,0.000014,0
0.999894,0.000106,0
0.000203,0.999797,1
0.999919,0.000081,0
0.000000,1.000000,1
0.000000,1.000000,1
0.000012,0.999988,1
1.000000,0.000000,0
0.000000,1.000000,1
0.000020,0.999980,1
0.000732,0.999268,1
0.000051,0.999949,1
0.000023,0.999977,1
0.999941,0.000059,0
0.999983,0.000017,0
0.000344,0.999656,1
0.999858,0.000142,0
0.000032,0.999968,1
0.999991,0.000009,0
0.999745,0.000255,0
0.999989,0.000011,0
0.000000,1.000000,1
0.000023,0.999977,1
0.000167,0.999833,1
0.999923,0.000077,0
0.999999,0.000001,0
0.000038,0.999962,1
0.999975,0.000025,0
0.999995,0.000005,0
0.999941,0.000059,0
0.999837,0.000163,0
0.999905,0.000095,0
0.999572,0.000428,0
0.000063,0.999937,1
0.997482,0.002518,0
0.999707,0.000293,0
0.000005,0.999995,1
0.000026,0.999974,1
0.000459,0.999541,1
0.000046,0.999954,1
0.000002,0.999998,1
0.999942,0.000058,0
0.999822,0.000178,0
0.000004,0.999996,1
0.999825,0.000175,0
0.000046,0.999954,1
0.999724,0.000276,0
0.999369,0.000631,0
0.999940,0.000060,0
0.000536,0.999464,1
0.000014,0.999986,1
0.000207,0.999793,1
0.999902,0.000098,0
0.999978,0.000022,0
0.999967,0.000033,0
0.000424,0.999576,1
0.000014,0.999986,1
0.000037,0.999963,1
0.999866,0.000134,0
0.999987,0.000013,0
0.999735,0.000265,0
0.000054,0.999946,1
0.000158,0.999842,1
0.000005,0.999995,1
0.000002,0.999998,1
0.892765,0.107235,0
0.000010,0.999990,1
0.000004,0.999996,1
0.000019,0.999981,1
0.999992,0.000008,0
0.000263,0.999737,1
0.000025,0.999975,1
0.000004,0.999996,1
0.999980,0.000020,0
0.999902,0.000098,0
0.997570,0.002430,0
0.999829,0.000171,0
0.000355,0.999645,1
0.000137,0.999863,1
0.000000,1.000000,1
0.998949,0.001051,0
0.999575,0.000425,0
0.999453,0.000547,0
0.000005,0.999995,1
0.999790,0.000210,0
0.999810,0.000190,0
0.999952,0.000048,0
0.001875,0.998125,1
0.000025,0.999975,1
0.999856,0.000144,0
0.000214,0.999786,1
0.000140,0.999860,1
0.999679,0.000321,0
0.999782,0.000218,0
0.000056,0.999944,1
0.000030,0.999970,1
0.999951,0.000049,0
0.000400,0.999600,1
0.000050,0.999950,1
0.000018,0.999982,1
0.999949,0.000051,0
0.999969,0.000031,0
0.000440,0.999560,1
0.000293,0.999707,1
0.999990,0.000010,0
0.002312,0.997688,1
0.999947,0.000053,0
0.000195,0.999805,1
0.000040,0.999960,1
0.000059,0.999941,1
0.999940,0.000060,0
0.999895,0.000105,0
0.999943,0.000057,0
0.999983,0.000017,0
0.000035,0.999965,1
0.000012,0.999988,1
0.999966,0.000034,0
0.000000,1.000000,1
0.000074,0.999926,1
0.999932,0.000068,0
0.000277,0.999723,1
0.000048,0.999952,1
0.000133,0.999867,1
0.999921,0.000079,0
0.999947,0.000053,0
0.000244,0.999756,1
0.999163,0.000837,0
0.999994,0.000006,0
0.999751,0.000249,0
0.999988,0.000012,0
0.999494,0.000506,0
0.999923,0.000077,0
0.000017,0.999983,1
0.000094,0.999906,1
0.000111,0.999889,1
0.999989,0.000011,0
0.999972,0.000028,0
0.013179,0.986821,1
0.999780,0.000220,0
0.000140,0.999860,1
0.000016,0.999984,1
0.999945,0.000055,0
0.000003,0.999997,1
0.999985,0.000015,0
0.999970,0.000030,0
0.000069,0.999931,1
0.000040,0.999960,1
0.999854,0.000146,0
0.000030,0.999970,1
0.000024,0.999976,1
0.000011,0.999989,1
0.999984,0.000016,0
0.000244,0.999756,1
0.999981,0.000019,0
0.999959,0.000041,0
0.000002,0.999998,1
0.999877,0.000123,0
0.999933,0.000067,0
0.999993,0.000007,0
0.998632,0.001368,0
0.000004,0.999996,1
0.999908,0.000092,0
0.000173,0.999827,1
0.999977,0.000023,0
0.000017,0.999983,1
0.999998,0.000002,0
0.000001,0.999999,1
0.000032,0.999968,1
0.999812,0.000188,0
0.999685,0.000315,0
0.000019,0.999981,1
0.000188,0.999812,1
0.999990,0.000010,0
0.999999,0.000001,0
0.000051,0.999949,1
0.999999,0.000001,0
0.999828,0.000172,0
0.000166,0.999834,1
0.000035,0.999965,1
0.000013,0.999987,1
0.999998,0.000002,0
0.000007,0.999993,1
0.000009,0.999991,1
0.999994,0.000006,0
0.000172,0.999828,1
0.000077,0.999923,1
0.000105,0.999895,1
0.000067,0.999933,1
0.000007,0.999993,1
0.999580,0.000420,0
0.999936,0.000064,0
0.999262,0.000738,0
0.000023,0.999977,1
0.999872,0.000128,0
0.000003,0.999997,1
0.999875,0.000125,0
0.000228,0.999772,1
0.000177,0.999823,1
0.999984,0.000016,0
0.999947,0.000053,0
0.000000,1.000000,1
0.999960,0.000040,0
0.999981,0.000019,0
0.000002,0.999998,1
0.000001,0.999999,1
0.000019,0.999981,1
0.999882,0.000118,0
0.999577,0.000423,0
0.000082,0.999918,1
0.999871,0.000129,0
0.999575,0.000425,0
0.999987,0.000013,0
0.999973,0.000027,0
0.999829,0.000171,0
0.999813,0.000187,0
0.000001,0.999999,1
0.999866,0.000134,0
0.999645,0.000355,0
0.000104,0.999896,1
0.999895,0.000105,0
0.999987,0.000013,0
0.000144,0.999856,1
0.000255,0.999745,1
0.999956,0.000044,0
0.000055,0.999945,1
0.000038,0.999962,1
0.000086,0.999914,1
0.999995,0.000005,0
0.999989,0.000011,0
0.001148,0.998852,1
0.999717,0.000283,0
0.000021,0.999979,1
0.999953,0.000047,0
0.000043,0.999957,1
0.999924,0.000076,0
0.999974,0.000026,0
0.999959,0.000041,0
0.000012,0.999988,1
0.000033,0.999967,1
0.000296,0.999704,1
0.999977,0.000023,0
0.999792,0.000208,0
0.000022,0.999978,1
0.000000,1.000000,1
0.000041,0.999959,1
0.000001,0.999999,1
0.000000,1.000000,1
0.999997,0.000003,0
0.000015,0.999985,1
0.000141,0.999859,1
0.999978,0.000022,0
0.999957,0.000043,0
0.999857,0.000143,0
0.000821,0.999179,1
0.000422,0.999578,1
0.999737,0.000263,0
0.000208,0.999792,1
0.999874,0.000126,0
0.999226,0.000774,0
0.000007,0.999993,1
0.999928,0.000072,0
0.000169,0.999831,1
0.999430,0.000570,0
0.000045,0.999955,1
0.000000,1.000000,1
0.999789,0.000211,0
0.000014,0.999986,1
0.000046,0.999954,1
0.999923,0.000077,0
0.999817,0.000183,0
0.000009,0.999991,1
0.999491,0.000509,0
0.000079,0.999921,1
0.999985,0.000015,0
0.000005,0.999995,1
0.000014,0.999986,1
0.000023,0.999977,1
0.999506,0.000494,0
0.000258,0.999742,1
0.999570,0.000430,0
0.999866,0.000134,0
0.999945,0.000055,0
0.999931,0.000069,0
0.000001,0.999999,1
0.000019,0.999981,1
0.999850,0.000150,0
0.999986,0.000014,0
0.999967,0.000033,0
0.000033,0.999967,1
0.001503,0.998497,1
0.000029,0.999971,1
0.000281,0.999719,1
0.000003,0.999997,1
0.000028,0.999972,1
0.999917,0.000083,0
0.000205,0.999795,1
0.998956,0.001044,0
0.000056,0.999944,1
0.000010,0.999990,1
0.000002,0.999998,1
0.000048,0.999952,1
0.999927,0.000073,0
0.000008,0.999992,1
0.000778,0.999222,1
0.999903,0.000097,0
0.999868,0.000132,0
0.000154,0.999846,1
0.000566,0.999434,1
0.000204,0.999796,1
0.000071,0.999929,1
0.999987,0.000013,0
0.999881,0.000119,0
0.000121,0.999879,1
0.999953,0.000047,0
0.999970,0.000030,0
0.999792,0.000208,0
0.999964,0.000036,0
0.000001,0.999999,1
0.000031,0.999969,1
0.000201,0.999799,1
0.999956,0.000044,0
0.000055,0.999945,1
0.999954,0.000046,0
0.000005,0.999995,1
0.000004,0.999996,1
0.999611,0.000389,0
0.000007,0.999993,1
0.000487,0.999513,1
0.000182,0.999818,1
0.000000,1.000000,1
0.000008,0.999992,1
0.000228,0.999772,1
0.000076,0.999924,1
0.999986,0.000014,0
0.999961,0.000039,0
0.999977,0.000023,0
0.999874,0.000126,0
0.000001,0.999999,1
0.000038,0.999962,1
0.000045,0.999955,1
0.999962,0.000038,0
0.000005,0.999995,1
0.000038,0.999962,1
0.999988,0.000012,0
0.999991,0.000009,0
0.999897,0.000103,0
0.000098,0.999902,1
0.000040,0.999960,1
0.999839,0.000161,0
0.999491,0.000509,0
0.000247,0.999753,1
0.000001,0.999999,1
0.999830,0.000170,0
0.999970,0.000030,0
0.999961,0.000039,0
0.000056,0.999944,1
0.999476,0.000524,0
0.000116,0.999884,1
0.000374,0.999626,1
0.999727,0.000273,0
0.000006,0.999994,1
0.000016,0.999984,1
0.999309,0.000691,0
0.999867,0.000133,0
0.999995,0.000005,0
0.000027,0.999973,1
0.999955,0.000045,0
0.999814,0.000186,0
0.000300,0.999700,1
0.000050,0.999950,1
0.999963,0.000037,0
0.999968,0.000032,0
0.999974,0.000026,0
0.999942,0.000058,0
0.000004,0.999996,1
0.999953,0.000047,0
0.999923,0.000077,0
0.999940,0.000060,0
0.000009,0.999991,1
0.000044,0.999956,1
0.999854,0.000146,0
0.000543,0.999457,1
0.000025,0.999975,1
0.000029,0.999971,1
0.999917,0.000083,0
0.000033,0.999967,1
0.999457,0.000543,0
0.000026,0.999974,1
0.999950,0.000050,0
0.000243,0.999757,1
0.999860,0.000140,0
0.000090,0.999910,1
0.000095,0.999905,1
0.999912,0.000088,0
0.000277,0.999723,1
0.000462,0.999538,1
0.000252,0.999748,1
0.000007,0.999993,1
0.000006,0.999994,1
0.000000,1.000000,1
0.000040,0.999960,1
0.999906,0.000094,0
0.999992,0.000008,0
0.000106,0.999894,1
0.999800,0.000200,0
0.000583,0.999417,1
0.000019,0.999981,1
0.999799,0.000201,0
0.000132,0.999868,1
0.999526,0.000474,0
0.000003,0.999997,1
0.999322,0.000678,0
0.999969,0.000031,0
0.999580,0.000420,0
0.000039,0.999961,1
0.000010,0.999990,1
0.000057,0.999943,1
0.999862,0.000138,0
0.999890,0.000110,0
0.999636,0.000364,0
0.000001,0.999999,1
0.000778,0.999222,1
0.999949,0.000051,0
0.999948,0.000052,0
0.999973,0.000027,0
0.000029,0.999971,1
0.999929,0.000071,0
0.000157,0.999843,1
0.000019,0.999981,1
0.999983,0.000017,0
0.999964,0.000036,0
0.000004,0.999996,1
0.000051,0.999949,1
0.999876,0.000124,0
0.000004,0.999996,1
0.000002,0.999998,1
0.000282,0.999718,1
0.999970,0.000030,0
0.000025,0.999975,1
0.000020,0.999980,1
0.000009,0.999991,1
0.999861,0.000139,0
0.000008,0.999992,1
0.000031,0.999969,1
0.000000,1.000000,1
0.000464,0.999536,1
0.000013,0.999987,1
0.999936,0.000064,0
0.000007,0.999993,1
0.999899,0.000101,0
0.999903,0.000097,0
0.000018,0.999982,1
0.000020,0.999980,1
0.000021,0.999979,1
0.999886,0.000114,0
0.999975,0.000025,0
0.999742,0.000258,0
0.999895,0.000105,0
0.000155,0.999845,1
0.000083,0.999917,1
0.999729,0.000271,0
0.000003,0.999997,1
0.000230,0.999770,1
0.000123,0.999877,1
0.000001,0.999999,1
0.000031,0.999969,1
0.031976,0.968024,1
0.999961,0.000039,0
0.000036,0.999964,1
0.000256,0.999744,1
0.999476,0.000524,0
0.999740,0.000260,0
0.999962,0.000038,0
0.000159,0.999841,1
0.999430,0.000570,0
0.000022,0.999978,1
0.000086,0.999914,1
0.999937,0.000063,0
0.000137,0.999863,1
0.999934,0.000066,0
0.000065,0.999935,1
0.000061,0.999939,1
0.000020,0.999980,1
0.000009,0.999991,1
0.000093,0.999907,1
0.999636,0.000364,0
0.000246,0.999754,1
0.999743,0.000257,0
0.999952,0.000048,0
0.999995,0.000005,0
0.000225,0.999775,1
0.000277,0.999723,1
0.000155,0.999845,1
0.000093,0.999907,1
0.000250,0.999750,1
0.000007,0.999993,1
0.000005,0.999995,1
0.999920,0.000080,0
0.000013,0.999987,1
0.000003,0.999997,1
0.000016,0.999984,1
0.000032,0.999968,1
1.000000,0.000000,0
0.000009,0.999991,1
0.000014,0.999986,1
0.999910,0.000090,0
0.000673,0.999327,1
0.999402,0.000598,0
0.999689,0.000311,0
0.000698,0.999302,1
0.000020,0.999980,1
0.999995,0.000005,0
0.998041,0.001959,0
0.999960,0.000040,0
0.000164,0.999836,1
0.999975,0.000025,0
0.000487,0.999513,1
0.999702,0.000298,0
0.000124,0.999876,1
0.000040,0.999960,1
0.000099,0.999901,1
0.000042,0.999958,1
0.999882,0.000118,0
0.000144,0.999856,1
0.000031,0.999969,1
0.000021,0.999979,1
0.000005,0.999995,1
0.000078,0.999922,1
0.000042,0.999958,1
0.000473,0.999527,1
0.999960,0.000040,0
0.000006,0.999994,1
0.000007,0.999993,1
0.000055,0.999945,1
0.999887,0.000113,0
0.000074,0.999926,1
0.999994,0.000006,0
0.000003,0.999997,1
0.999914,0.000086,0
0.000015,0.999985,1
0.999989,0.000011,0
0.000093,0.999907,1
0.999981,0.000019,0
0.999935,0.000065,0
0.000025,0.999975,1
0.000011,0.999989,1
0.999924,0.000076,0
0.999993,0.000007,0
0.000002,0.999998,1
0.999981,0.000019,0
0.999999,0.000001,0
0.000009,0.999991,1
0.000001,0.999999,1
0.999964,0.000036,0
0.000065,0.999935,1
0.999778,0.000222,0
0.000094,0.999906,1
0.999955,0.000045,0
0.000003,0.999997,1
0.000019,0.999981,1
0.000148,0.999852,1
0.000143,0.999857,1
0.000002,0.999998,1
0.000002,0.999998,1
0.000060,0.999940,1
0.999918,0.000082,0
0.000068,0.999932,1
0.999912,0.000088,0
0.999910,0.000090,0
0.000000,1.000000,1
0.000004,0.999996,1
0.999930,0.000070,0
0.999907,0.000093,0
0.000055,0.999945,1
0.000042,0.999958,1
0.000020,0.999980,1
0.999914,0.000086,0
0.000005,0.999995,1
0.999986,0.000014,0
0.001596,0.998404,1
0.999443,0.000557,0
0.000307,0.999693,1
0.000014,0.999986,1
0.999380,0.000620,0
0.998632,0.001368,0
0.000225,0.999775,1
0.999910,0.000090,0
0.999816,0.000184,0
0.000284,0.999716,1
0.000045,0.999955,1
0.000067,0.999933,1
0.999995,0.000005,0
0.000642,0.999358,1
0.999634,0.000366,0
0.999970,0.000030,0
0.000010,0.999990,1
0.000604,0.999396,1
0.000205,0.999795,1
0.000011,0.999989,1
0.000267,0.999733,1
0.000041,0.999959,1
0.000013,0.999987,1
0.000023,0.999977,1
0.000001,0.999999,1
0.999878,0.000122,0
0.999867,0.000133,0
0.000105,0.999895,1
0.999912,0.000088,0
0.999992,0.000008,0
0.999866,0.000134,0
0.000000,1.000000,1
0.000090,0.999910,1
0.000004,0.999996,1
0.000120,0.999880,1
0.000071,0.999929,1
0.000054,0.999946,1
0.000060,0.999940,1
0.000003,0.999997,1
0.999811,0.000189,0
0.000013,0.999987,1
0.000451,0.999549,1
0.000490,0.999510,1
0.999512,0.000488,0
0.999714,0.000286,0
0.001577,0.998423,1
0.000016,0.999984,1
0.000496,0.999504,1
0.000020,0.999980,1
0.000028,0.999972,1
0.000173,0.999827,1
0.000045,0.999955,1
0.000045,0.999955,1
0.000000,1.000000,1
0.000060,0.999940,1
0.999856,0.000144,0
0.000012,0.999988,1
0.000011,0.999989,1
0.000001,0.999999,1
0.000021,0.999979,1
0.999976,0.000024,0
0.999989,0.000011,0
0.999842,0.000158,0
0.000001,0.999999,1
0.000010,0.999990,1
0.000002,0.999998,1
0.999722,0.000278,0
0.000101,0.999899,1
0.000303,0.999697,1
0.999794,0.000206,0
0.000001,0.999999,1
0.000086,0.999914,1
0.000012,0.999988,1
0.999951,0.000049,0
0.998844,0.001156,0
0.000032,0.999968,1
0.000010,0.999990,1
0.000673,0.999327,1
0.999971,0.000029,0
0.999927,0.000073,0
0.000023,0.999977,1
0.000007,0.999993,1
0.000000,1.000000,1
0.999977,0.000023,0
0.999987,0.000013,0
0.999994,0.000006,0
0.999930,0.000070,0
0.999935,0.000065,0
0.999879,0.000121,0
0.000074,0.999926,1
0.000250,0.999750,1
0.999607,0.000393,0
0.000003,0.999997,1
0.999933,0.000067,0
0.000143,0.999857,1
0.000002,0.999998,1
0.000009,0.999991,1
0.999979,0.000021,0
0.000098,0.999902,1
0.999997,0.000003,0
0.999881,0.000119,0
0.999956,0.000044,0
0.999993,0.000007,0
0.000892,0.999108,1
0.000137,0.999863,1
0.001219,0.998781,1
0.999926,0.000074,0
0.999979,0.000021,0
0.999985,0.000015,0
0.000013,0.999987,1
0.000051,0.999949,1
0.999948,0.000052,0
0.000029,0.999971,1
0.000010,0.999990,1
0.999979,0.000021,0
0.999911,0.000089,0
0.999966,0.000034,0
0.000049,0.999951,1
0.000053,0.999947,1
0.999726,0.000274,0
0.999240,0.000760,0
0.000001,0.999999,1
0.001024,0.998976,1
0.000035,0.999965,1
0.999984,0.000016,0
0.999981,0.000019,0
0.000007,0.999993,1
0.000021,0.999979,1
0.999769,0.000231,0
0.999970,0.000030,0
0.000008,0.999992,1
0.999943,0.000057,0
0.000078,0.999922,1
0.000000,1.000000,1
0.000698,0.999302,1
0.000164,0.999836,1
0.000005,0.999995,1
0.999956,0.000044,0
0.000835,0.999165,1
0.000470,0.999530,1
0.000013,0.999987,1
0.999999,0.000001,0
0.999988,0.000012,0
0.000049,0.999951,1
0.999994,0.000006,0
0.000116,0.999884,1
0.000109,0.999891,1
0.000000,1.000000,1
0.000017,0.999983,1
0.000023,0.999977,1
0.999936,0.000064,0
0.000110,0.999890,1
0.000004,0.999996,1
0.000000,1.000000,1
0.999987,0.000013,0
0.999926,0.000074,0
0.000002,0.999998,1
0.000000,1.000000,1
0.001278,0.998722,1
0.996104,0.003896,0
0.000001,0.999999,1
0.000015,0.999985,1
0.000029,0.999971,1
0.000002,0.999998,1
0.999842,0.000158,0
0.000083,0.999917,1
0.000070,0.999930,1
0.999835,0.000165,0
0.000011,0.999989,1
0.999971,0.000029,0
0.002064,0.997936,1
0.000024,0.999976,1
0.000041,0.999959,1
0.999981,0.000019,0
0.999990,0.000010,0
0.001271,0.998729,1
0.999972,0.000028,0
0.999969,0.000031,0
0.999664,0.000336,0
0.000000,1.000000,1
0.000414,0.999586,1
0.000390,0.999610,1
0.000055,0.999945,1
0.998477,0.001523,0
0.000082,0.999918,1
0.999978,0.000022,0
0.000004,0.999996,1
0.000015,0.999985,1
0.000008,0.999992,1
0.000026,0.999974,1
0.000661,0.999339,1
0.000210,0.999790,1
0.999888,0.000112,0
0.999988,0.000012,0
0.000017,0.999983,1
0.000108,0.999892,1
0.999863,0.000137,0
0.000018,0.999982,1
0.999698,0.000302,0
0.000226,0.999774,1
0.000072,0.999928,1
0.999926,0.000074,0
0.999999,0.000001,0
0.000053,0.999947,1
0.999996,0.000004,0
0.000027,0.999973,1
0.998884,0.001116,0
0.999906,0.000094,0
0.999856,0.000144,0
0.000019,0.999981,1
0.000002,0.999998,1
0.999834,0.000166,0
0.000033,0.999967,1
0.999989,0.000011,0
0.000014,0.999986,1
0.999952,0.000048,0
0.999827,0.000173,0
0.000197,0.999803,1
0.000001,0.999999,1
0.000048,0.999952,1
0.999990,0.000010,0
0.000060,0.999940,1
0.999993,0.000007,0
0.000084,0.999916,1
0.999944,0.000056,0
0.999992,0.000008,0
0.000006,0.999994,1
0.000002,0.999998,1
0.999933,0.000067,0
0.999864,0.000136,0
0.000393,0.999607,1
0.999942,0.000058,0
0.000276,0.999724,1
0.000111,0.999889,1
0.000106,0.999894,1
0.000094,0.999906,1
0.999988,0.000012,0
0.999943,0.000057,0
0.000147,0.999853,1
0.000000,1.000000,1
0.000015,0.999985,1
0.000045,0.999955,1
0.000044,0.999956,1
0.000409,0.999591,1
0.000123,0.999877,1
0.000048,0.999952,1
0.000028,0.999972,1
0.000015,0.999985,1
0.000001,0.999999,1
0.000773,0.999227,1
0.000018,0.999982,1
0.000363,0.999637,1
0.000032,0.999968,1
0.000001,0.999999,1
0.999112,0.000888,0
0.000033,0.999967,1
0.000045,0.999955,1
0.000098,0.999902,1
0.000031,0.999969,1
0.999991,0.000009,0
0.999062,0.000938,0
0.000001,0.999999,1
0.000080,0.999920,1
0.999880,0.000120,0
0.000005,0.999995,1
0.000017,0.999983,1
0.000101,0.999899,1
0.000003,0.999997,1
0.999931,0.000069,0
0.000035,0.999965,1
0.000073,0.999927,1
0.999951,0.000049,0
0.000000,1.000000,1
0.000175,0.999825,1
0.000009,0.999991,1
0.000011,0.999989,1
0.999969,0.000031,0
0.000130,0.999870,1
0.000086,0.999914,1
0.999984,0.000016,0
0.999978,0.000022,0
0.999829,0.000171,0
0.000003,0.999997,1
0.000176,0.999824,1
0.999112,0.000888,0
0.999883,0.000117,0
0.000064,0.999936,1
0.999937,0.000063,0
0.999963,0.000037,0
0.999956,0.000044,0
0.000017,0.999983,1
0.999932,0.000068,0
0.000031,0.999969,1
0.999957,0.000043,0
0.999956,0.000044,0
0.000179,0.999821,1
0.999978,0.000022,0
0.999852,0.000148,0
0.000049,0.999951,1
0.999998,0.000002,0
0.000011,0.999989,1
0.999975,0.000025,0
0.999982,0.000018,0
0.999926,0.000074,0
0.000015,0.999985,1
0.000023,0.999977,1
0.000046,0.999954,1
0.000080,0.999920,1
0.000030,0.999970,1
0.000049,0.999951,1
0.000076,0.999924,1
0.000078,0.999922,1
0.999972,0.000028,0
0.999662,0.000338,0
0.000003,0.999997,1
0.000085,0.999915,1
0.999625,0.000375,0
0.999922,0.000078,0
0.000435,0.999565,1
0.999990,0.000010,0
0.999852,0.000148,0
0.999891,0.000109,0
0.000240,0.999760,1
0.000046,0.999954,1
0.000052,0.999948,1
0.000000,1.000000,1
0.999936,0.000064,0
0.999991,0.000009,0
0.000669,0.999331,1
0.999834,0.000166,0
0.000008,0.999992,1
0.999949,0.000051,0
0.000021,0.999979,1
0.000039,0.999961,1
0.999894,0.000106,0
0.999996,0.000004,0
0.000011,0.999989,1
0.999973,0.000027,0
0.999962,0.000038,0
0.000056,0.999944,1
0.999992,0.000008,0
0.000055,0.999945,1
0.999951,0.000049,0
0.999999,0.000001,0
0.000169,0.999831,1
0.000033,0.999967,1
0.000020,0.999980,1
0.000100,0.999900,1
0.000049,0.999951,1
0.000052,0.999948,1
0.000039,0.999961,1
0.000076,0.999924,1
0.999982,0.000018,0
0.999943,0.000057,0
0.000209,0.999791,1
0.999953,0.000047,0
0.000051,0.999949,1
0.999914,0.000086,0
0.999895,0.000105,0
0.999917,0.000083,0
0.000069,0.999931,1
0.999732,0.000268,0
0.999996,0.000004,0
0.000010,0.999990,1
0.000008,0.999992,1
0.000054,0.999946,1
0.000104,0.999896,1
0.000019,0.999981,1
0.000841,0.999159,1
0.999997,0.000003,0
0.999939,0.000061,0
0.000000,1.000000,1
0.999609,0.000391,0
0.000014,0.999986,1
0.000020,0.999980,1
0.000181,0.999819,1
0.000000,1.000000,1
0.004281,0.995719,1
0.000006,0.999994,1
0.000006,0.999994,1
0.000003,0.999997,1
0.000131,0.999869,1
0.000035,0.999965,1
0.000001,0.999999,1
0.999583,0.000417,0
0.999911,0.000089,0
0.999989,0.000011,0
0.000007,0.999993,1
0.999664,0.000336,0
0.999957,0.000043,0
0.000126,0.999874,1
0.999992,0.000008,0
0.998616,0.001384,0
0.999864,0.000136,0
0.999987,0.000013,0
0.000505,0.999495,1
0.999022,0.000978,0
0.000052,0.999948,1
0.999986,0.000014,0
0.999755,0.000245,0
0.999630,0.000370,0
0.000079,0.999921,1
0.999953,0.000047,0
0.000002,0.999998,1
0.999961,0.000039,0
0.997870,0.002130,0
0.999828,0.000172,0
0.000010,0.999990,1
0.000010,0.999990,1
0.999956,0.000044,0
0.999934,0.000066,0
0.999928,0.000072,0
0.000108,0.999892,1
0.000057,0.999943,1
0.999943,0.000057,0
0.999950,0.000050,0
0.000006,0.999994,1
0.000055,0.999945,1
0.016890,0.983110,1
0.999929,0.000071,0
0.999500,0.000500,0
0.000508,0.999492,1
0.000067,0.999933,1
0.999988,0.000012,0
0.000001,0.999999,1
0.000005,0.999995,1
0.000026,0.999974,1
0.999837,0.000163,0
0.000012,0.999988,1
0.000014,0.999986,1
0.000026,0.999974,1
0.000067,0.999933,1
0.000101,0.999899,1
0.000060,0.999940,1
0.999692,0.000308,0
0.999846,0.000154,0
0.000381,0.999619,1
0.000374,0.999626,1
0.999930,0.000070,0
0.999886,0.000114,0
0.000011,0.999989,1
0.999884,0.000116,0
0.999811,0.000189,0
0.999927,0.000073,0
0.000374,0.999626,1
0.999806,0.000194,0
0.999978,0.000022,0
0.000007,0.999993,1
0.000153,0.999847,1
0.000003,0.999997,1
0.000019,0.999981,1
0.000006,0.999994,1
0.000001,0.999999,1
0.000005,0.999995,1
0.000034,0.999966,1
0.999758,0.000242,0
0.000022,0.999978,1
0.000036,0.999964,1
0.000109,0.999891,1
0.999992,0.000008,0
0.999910,0.000090,0
0.000000,1.000000,1
0.000075,0.999925,1
0.999503,0.000497,0
0.999258,0.000742,0
0.000031,0.999969,1
0.999776,0.000224,0
0.999879,0.000121,0
0.999856,0.000144,0
0.999267,0.000733,0
0.999920,0.000080,0
0.999941,0.000059,0
0.000101,0.999899,1
0.999977,0.000023,0
0.999884,0.000116,0
0.000015,0.999985,1
0.000003,0.999997,1
0.000005,0.999995,1
0.999862,0.000138,0
0.000007,0.999993,1
0.000001,0.999999,1
0.000020,0.999980,1
0.001853,0.998147,1
0.999811,0.000189,0
0.000002,0.999998,1
0.000031,0.999969,1
0.000543,0.999457,1
0.999988,0.000012,0
0.000253,0.999747,1
0.999670,0.000330,0
0.000407,0.999593,1
0.999989,0.000011,0
0.000192,0.999808,1
0.998871,0.001129,0
0.999986,0.000014,0
0.999738,0.000262,0
0.000355,0.999645,1
0.999338,0.000662,0
0.999979,0.000021,0
0.999996,0.000004,0
0.000064,0.999936,1
0.000008,0.999992,1
0.000291,0.999709,1
0.000055,0.999945,1
0.000000,1.000000,1
0.998262,0.001738,0
0.999999,0.000001,0
0.000055,0.999945,1
0.999991,0.000009,0
0.000151,0.999849,1
0.000085,0.999915,1
0.000021,0.999979,1
0.000256,0.999744,1
0.000530,0.999470,1
0.000196,0.999804,1
0.999862,0.000138,0
0.999943,0.000057,0
0.000294,0.999706,1
0.999978,0.000022,0
0.999990,0.000010,0
0.999457,0.000543,0
0.000484,0.999516,1
0.999980,0.000020,0
0.000003,0.999997,1
0.999982,0.000018,0
0.999938,0.000062,0
0.999990,0.000010,0
0.999815,0.000185,0
0.999957,0.000043,0
0.000388,0.999612,1
0.000197,0.999803,1
0.999754,0.000246,0
0.999133,0.000867,0
0.999771,0.000229,0
0.999845,0.000155,0
0.000040,0.999960,1
0.999966,0.000034,0
0.999955,0.000045,0
0.000064,0.999936,1
0.999839,0.000161,0
0.000368,0.999632,1
0.000053,0.999947,1
0.999901,0.000099,0
0.999982,0.000018,0
0.000120,0.999880,1
0.000034,0.999966,1
0.000001,0.999999,1
0.000018,0.999982,1
0.000000,1.000000,1
0.999960,0.000040,0
0.999994,0.000006,0
0.999974,0.000026,0
0.999943,0.000057,0
0.999968,0.000032,0
0.999207,0.000793,0
0.999992,0.000008,0
0.000003,0.999997,1
0.997895,0.002105,0
0.999849,0.000151,0
0.000350,0.999650,1
0.000018,0.999982,1
0.000034,0.999966,1
0.000108,0.999892,1
0.998293,0.001707,0
0.000026,0.999974,1
0.999994,0.000006,0
0.999939,0.000061,0
0.999991,0.000009,0
0.001121,0.998879,1
0.000170,0.999830,1
0.000412,0.999588,1
0.999985,0.000015,0
0.999829,0.000171,0
0.000008,0.999992,1
0.000451,0.999549,1
0.999618,0.000382,0
0.999981,0.000019,0
0.999941,0.000059,0
0.000008,0.999992,1
0.000011,0.999989,1
0.000437,0.999563,1
0.000030,0.999970,1
0.999970,0.000030,0
0.000313,0.999687,1
0.001226,0.998774,1
0.999983,0.000017,0
0.000182,0.999818,1
0.000002,0.999998,1
0.999974,0.000026,0
0.999948,0.000052,0
0.000255,0.999745,1
0.999742,0.000258,0
0.000026,0.999974,1
0.999994,0.000006,0
0.999914,0.000086,0
0.999771,0.000229,0
0.000047,0.999953,1
0.999997,0.000003,0
0.001654,0.998346,1
0.000088,0.999912,1
0.000296,0.999704,1
0.000001,0.999999,1
0.000005,0.999995,1
0.000669,0.999331,1
0.000032,0.999968,1
0.999936,0.000064,0
0.999607,0.000393,0
0.999994,0.000006,0
0.000407,0.999593,1
0.000006,0.999994,1
0.999412,0.000588,0
0.999824,0.000176,0
0.999330,0.000670,0
0.000001,0.999999,1
0.999932,0.000068,0
0.000000,1.000000,1
0.000006,0.999994,1
0.999761,0.000239,0
0.000109,0.999891,1
0.999903,0.000097,0
0.000086,0.999914,1
0.000074,0.999926,1
0.001081,0.998919,1
0.999866,0.000134,0
0.000556,0.999444,1
0.999771,0.000229,0
0.999979,0.000021,0
0.000001,0.999999,1
0.000068,0.999932,1
0.000048,0.999952,1
0.999975,0.000025,0
0.999957,0.000043,0
0.999888,0.000112,0
0.999845,0.000155,0
0.000001,0.999999,1
0.999945,0.000055,0
0.000060,0.999940,1
0.999817,0.000183,0
0.999998,0.000002,0
0.000067,0.999933,1
0.000014,0.999986,1
0.000006,0.999994,1
0.000067,0.999933,1
0.000095,0.999905,1
0.000134,0.999866,1
0.000028,0.999972,1
0.999978,0.000022,0
0.000009,0.999991,1
0.000011,0.999989,1
0.999721,0.000279,0
0.000543,0.999457,1
0.999987,0.000013,0
0.000105,0.999895,1
0.000755,0.999245,1
0.000007,0.999993,1
0.000264,0.999736,1
0.000095,0.999905,1
0.999955,0.000045,0
0.000181,0.999819,1
0.000003,0.999997,1
0.000580,0.999420,1
0.000009,0.999991,1
0.999970,0.000030,0
0.999941,0.000059,0
0.000536,0.999464,1
0.999854,0.000146,0
0.999983,0.000017,0
0.999956,0.000044,0
0.000007,0.999993,1
0.999188,0.000812,0
0.000002,0.999998,1
0.000005,0.999995,1
0.000012,0.999988,1
0.999878,0.000122,0
0.999692,0.000308,0
0.000105,0.999895,1
0.000001,0.999999,1
0.000914,0.999086,1
0.999998,0.000002,0
0.000026,0.999974,1
0.000338,0.999662,1
0.999867,0.000133,0
0.999804,0.000196,0
0.999437,0.000563,0
0.000003,0.999997,1
0.999953,0.000047,0
0.000005,0.999995,1
0.000002,0.999998,1
0.999621,0.000379,0
0.000232,0.999768,1
0.000001,0.999999,1
0.000014,0.999986,1
0.999854,0.000146,0
0.999716,0.000284,0
0.000202,0.999798,1
0.000041,0.999959,1
0.000030,0.999970,1
0.999831,0.000169,0
0.001382,0.998618,1
0.000199,0.999801,1
0.000152,0.999848,1
0.999974,0.000026,0
0.999959,0.000041,0
0.999973,0.000027,0
0.000184,0.999816,1
0.000079,0.999921,1
0.000336,0.999664,1
0.999057,0.000943,0
0.999977,0.000023,0
0.000638,0.999362,1
0.000005,0.999995,1
0.000040,0.999960,1
0.000381,0.999619,1
0.000001,0.999999,1
0.000093,0.999907,1
0.000003,0.999997,1
0.000037,0.999963,1
0.999709,0.000291,0
0.000031,0.999969,1
0.999212,0.000788,0
0.999868,0.000132,0
0.999976,0.000024,0
0.999979,0.000021,0
0.999719,0.000281,0
0.999557,0.000443,0
0.999999,0.000001,0
0.000102,0.999898,1
0.000023,0.999977,1
0.999923,0.000077,0
0.000013,0.999987,1
0.000154,0.999846,1
0.999989,0.000011,0
0.999903,0.000097,0
0.999888,0.000112,0
0.999675,0.000325,0
0.000274,0.999726,1
0.000005,0.999995,1
0.999927,0.000073,0
0.999851,0.000149,0
0.000230,0.999770,1
0.999978,0.000022,0
0.000243,0.999757,1
0.000293,0.999707,1
0.000001,0.999999,1
0.999616,0.000384,0
0.000031,0.999969,1
0.000043,0.999957,1
0.000044,0.999956,1
0.000514,0.999486,1
0.000359,0.999641,1
0.000006,0.999994,1
0.999992,0.000008,0
0.000266,0.999734,1
0.000006,0.999994,1
0.998231,0.001769,0
0.000016,0.999984,1
0.000100,0.999900,1
0.000228,0.999772,1
0.000159,0.999841,1
0.999805,0.000195,0
0.000101,0.999899,1
0.999894,0.000106,0
0.000018,0.999982,1
0.000000,1.000000,1
0.000073,0.999927,1
0.000000,1.000000,1
0.999990,0.000010,0
0.001190,0.998810,1
0.000007,0.999993,1
0.000097,0.999903,1
0.000030,0.999970,1
0.000063,0.999937,1
0.000000,1.000000,1
0.000002,0.999998,1
0.999982,0.000018,0
0.000100,0.999900,1
0.999998,0.000002,0
0.999950,0.000050,0
0.999947,0.000053,0
0.000390,0.999610,1
0.000001,0.999999,1
0.000435,0.999565,1
0.000020,0.999980,1
0.999788,0.000212,0
0.999440,0.000560,0
0.999971,0.000029,0
0.999991,0.000009,0
0.000128,0.999872,1
0.999845,0.000155,0
0.000035,0.999965,1
0.999940,0.000060,0
0.999997,0.000003,0
0.999918,0.000082,0
0.999813,0.000187,0
0.999952,0.000048,0
0.000084,0.999916,1
0.000004,0.999996,1
0.000445,0.999555,1
0.000006,0.999994,1
0.999998,0.000002,0
0.999709,0.000291,0
0.000021,0.999979,1
0.999949,0.000051,0
0.000252,0.999748,1
0.000030,0.999970,1
0.999994,0.000006,0
0.000109,0.999891,1
0.000049,0.999951,1
0.000014,0.999986,1
0.000523,0.999477,1
0.000009,0.999991,1
0.000039,0.999961,1
0.999990,0.000010,0
0.000007,0.999993,1
0.000087,0.999913,1
0.000018,0.999982,1
0.000119,0.999881,1
0.000017,0.999983,1
0.000011,0.999989,1
0.000020,0.999980,1
0.999950,0.000050,0
0.999902,0.000098,0
0.000064,0.999936,1
0.999900,0.000100,0
0.999923,0.000077,0
0.999883,0.000117,0
0.999895,0.000105,0
0.999932,0.000068,0
0.999824,0.000176,0
0.000023,0.999977,1
0.000004,0.999996,1
0.999817,0.000183,0
0.000000,1.000000,1
0.000024,0.999976,1
0.999940,0.000060,0
0.999954,0.000046,0
0.999543,0.000457,0
0.999838,0.000162,0
0.000008,0.999992,1
0.999793,0.000207,0
0.000003,0.999997,1
0.999928,0.000072,0
0.999992,0.000008,0
0.000001,0.999999,1
0.999990,0.000010,0
0.000020,0.999980,1
0.999804,0.000196,0
0.000043,0.999957,1
0.999860,0.000140,0
0.000417,0.999583,1
0.000164,0.999836,1
0.999870,0.000130,0
0.999983,0.000017,0
0.000520,0.999480,1
0.999960,0.000040,0
0.000216,0.999784,1
0.000046,0.999954,1
0.000029,0.999971,1
0.000015,0.999985,1
0.000002,0.999998,1
0.999971,0.000029,0
0.999982,0.000018,0
0.999972,0.000028,0
0.999963,0.000037,0
0.000054,0.999946,1
0.000008,0.999992,1
0.999168,0.000832,0
0.000000,1.000000,1
0.000067,0.999933,1
0.999973,0.000027,0
0.000005,0.999995,1
0.000059,0.999941,1
0.000017,0.999983,1
0.999903,0.000097,0
0.999979,0.000021,0
0.999892,0.000108,0
0.000000,1.000000,1
0.999870,0.000130,0
0.000176,0.999824,1
0.000137,0.999863,1
0.000008,0.999992,1
0.000008,0.999992,1
0.999923,0.000077,0
0.999959,0.000041,0
0.999645,0.000355,0
0.999944,0.000056,0
0.998735,0.001265,0
0.999901,0.000099,0
0.999991,0.000009,0
0.001820,0.998180,1
0.999916,0.000084,0
0.000012,0.999988,1
0.999894,0.000106,0
0.999951,0.000049,0
0.000459,0.999541,1
0.000002,0.999998,1
0.026696,0.973304,1
0.000145,0.999855,1
0.999972,0.000028,0
0.999940,0.000060,0
0.001921,0.998079,1
0.000476,0.999524,1
0.999954,0.000046,0
0.000199,0.999801,1
0.000155,0.999845,1
0.999717,0.000283,0
0.999947,0.000053,0
0.999893,0.000107,0
0.999800,0.000200,0
0.000006,0.999994,1
0.999977,0.000023,0
0.999947,0.000053,0
0.999995,0.000005,0
0.999871,0.000129,0
0.999721,0.000279,0
0.000030,0.999970,1
0.999966,0.000034,0
0.000015,0.999985,1
0.000012,0.999988,1
0.000374,0.999626,1
0.999984,0.000016,0
0.999995,0.000005,0
0.000016,0.999984,1
0.999672,0.000328,0
0.000002,0.999998,1
0.999872,0.000128,0
0.000135,0.999865,1
0.000104,0.999896,1
0.000000,1.000000,1
0.000021,0.999979,1
0.999894,0.000106,0
0.000065,0.999935,1
0.999231,0.000769,0
0.000040,0.999960,1
0.999767,0.000233,0
0.000207,0.999793,1
0.000023,0.999977,1
0.000240,0.999760,1
0.000001,0.999999,1
0.999938,0.000062,0
0.000086,0.999914,1
0.999993,0.000007,0
0.999793,0.000207,0
0.999884,0.000116,0
0.999997,0.000003,0
0.000019,0.999981,1
0.002455,0.997545,1
0.000051,0.999949,1
0.999899,0.000101,0
0.999996,0.000004,0
0.000007,0.999993,1
0.999122,0.000878,0
0.000023,0.999977,1
0.000022,0.999978,1
0.000008,0.999992,1
0.999998,0.000002,0
0.999870,0.000130,0
0.000008,0.999992,1
0.000109,0.999891,1
0.999944,0.000056,0
0.000097,0.999903,1
0.000052,0.999948,1
0.000011,0.999989,1
0.999726,0.000274,0
0.000427,0.999573,1
0.000012,0.999988,1
0.999957,0.000043,0
0.999506,0.000494,0
0.000060,0.999940,1
0.999999,0.000001,0
0.999998,0.000002,0
0.999880,0.000120,0
0.999819,0.000181,0
0.000010,0.999990,1
0.999982,0.000018,0
0.000062,0.999938,1
0.000210,0.999790,1
0.999995,0.000005,0
0.999212,0.000788,0
0.999349,0.000651,0
0.000010,0.999990,1
0.000205,0.999795,1
0.000087,0.999913,1
0.998188,0.001812,0
0.000096,0.999904,1
0.999460,0.000540,0
0.000022,0.999978,1
0.000011,0.999989,1
0.000038,0.999962,1
0.000008,0.999992,1
0.000232,0.999768,1
0.000004,0.999996,1
0.999958,0.000042,0
0.999722,0.000278,0
0.999851,0.000149,0
0.000010,0.999990,1
0.000787,0.999213,1
0.000129,0.999871,1
0.000001,0.999999,1
0.999991,0.000009,0
0.999768,0.000232,0
0.000001,0.999999,1
0.000038,0.999962,1
0.000015,0.999985,1
0.000161,0.999839,1
0.998689,0.001311,0
0.000033,0.999967,1
0.000082,0.999918,1
0.999983,0.000017,0
0.999996,0.000004,0
0.000313,0.999687,1
0.000000,1.000000,1
0.000002,0.999998,1
0.999457,0.000543,0
0.000255,0.999745,1
0.999973,0.000027,0
0.999873,0.000127,0
0.999918,0.000082,0
0.000361,0.999639,1
0.000359,0.999641,1
0.000104,0.999896,1
0.999963,0.000037,0
0.000225,0.999775,1
0.999959,0.000041,0
0.000027,0.999973,1
0.999987,0.000013,0
0.000694,0.999306,1
0.000023,0.999977,1
0.000001,0.999999,1
0.999632,0.000368,0
0.001162,0.998838,1
0.999992,0.000008,0
0.999933,0.000067,0
0.000279,0.999721,1
0.000001,0.999999,1
0.999833,0.000167,0
0.000052,0.999948,1
0.999687,0.000313,0
0.000009,0.999991,1
0.000281,0.999719,1
0.999106,0.000894,0
0.999907,0.000093,0
0.999919,0.000081,0
0.000499,0.999501,1
0.999821,0.000179,0
0.000000,1.000000,1
0.999946,0.000054,0
0.000057,0.999943,1
0.999402,0.000598,0
0.015010,0.984990,1
0.000008,0.999992,1
0.999975,0.000025,0
0.999549,0.000451,0
0.000062,0.999938,1
0.999926,0.000074,0
0.000007,0.999993,1
0.000089,0.999911,1
0.999859,0.000141,0
0.999903,0.000097,0
0.000171,0.999829,1
0.000001,0.999999,1
0.000060,0.999940,1
0.000009,0.999991,1
0.999967,0.000033,0
0.000031,0.999969,1
0.999972,0.000028,0
0.999932,0.000068,0
0.999888,0.000112,0
0.999921,0.000079,0
0.000028,0.999972,1
0.999907,0.000093,0
0.999873,0.000127,0
0.999936,0.000064,0
0.999881,0.000119,0
0.000001,0.999999,1
0.000018,0.999982,1
0.999860,0.000140,0
0.999849,0.000151,0
0.000002,0.999998,1
0.000116,0.999884,1
0.000186,0.999814,1
0.000451,0.999549,1
0.000024,0.999976,1
0.000026,0.999974,1
0.000830,0.999170,1
0.000077,0.999923,1
0.000004,0.999996,1
0.000002,0.999998,1
0.999938,0.000062,0
0.000007,0.999993,1
0.000566,0.999434,1
0.000258,0.999742,1
0.001183,0.998817,1
0.999235,0.000765,0
0.000080,0.999920,1
0.999879,0.000121,0
0.000276,0.999724,1
0.999995,0.000005,0
0.000046,0.999954,1
0.000261,0.999739,1
0.000003,0.999997,1
0.999900,0.000100,0
0.999992,0.000008,0
0.999999,0.000001,0
0.999469,0.000531,0
0.000065,0.999935,1
0.999844,0.000156,0
0.000025,0.999975,1
0.999998,0.000002,0
0.999587,0.000413,0
0.999990,0.000010,0
0.000142,0.999858,1
0.999995,0.000005,0
0.000013,0.999987,1
0.999950,0.000050,0
0.999959,0.000041,0
0.999994,0.000006,0
0.000033,0.999967,1
0.000084,0.999916,1
0.000153,0.999847,1
0.999978,0.000022,0
0.000000,1.000000,1
0.999985,0.000015,0
0.000014,0.999986,1
0.000110,0.999890,1
0.999879,0.000121,0
0.999894,0.000106,0
0.000082,0.999918,1
0.000287,0.999713,1
0.999965,0.000035,0
0.000051,0.999949,1
0.000025,0.999975,1
0.000004,0.999996,1
0.000001,0.999999,1
0.999942,0.000058,0
0.000069,0.999931,1
0.000015,0.999985,1
0.000003,0.999997,1
0.999703,0.000297,0
0.000001,0.999999,1
0.000027,0.999973,1
0.999894,0.000106,0
0.000002,0.999998,1
0.000001,0.999999,1
0.999987,0.000013,0
0.000153,0.999847,1
0.999440,0.000560,0
0.000021,0.999979,1
0.999969,0.000031,0
0.000046,0.999954,1
0.000031,0.999969,1
0.999976,0.000024,0
0.000001,0.999999,1
0.999707,0.000293,0
0.000004,0.999996,1
0.999889,0.000111,0
0.000005,0.999995,1
0.000054,0.999946,1
0.000233,0.999767,1
0.999915,0.000085,0
0.999997,0.000003,0
0.999889,0.000111,0
0.999597,0.000403,0
0.999979,0.000021,0
0.000619,0.999381,1
0.999797,0.000203,0
0.999645,0.000355,0
0.999828,0.000172,0
0.999850,0.000150,0
0.000060,0.999940,1
0.000650,0.999350,1
0.000010,0.999990,1
0.999810,0.000190,0
0.000075,0.999925,1
0.000030,0.999970,1
0.999998,0.000002,0
0.000102,0.999898,1
0.000001,0.999999,1
0.000253,0.999747,1
0.999240,0.000760,0
0.000029,0.999971,1
0.000033,0.999967,1
0.000156,0.999844,1
0.999996,0.000004,0
0.000037,0.999963,1
0.000056,0.999944,1
0.000039,0.999961,1
0.999716,0.000284,0
0.999866,0.000134,0
0.000002,0.999998,1
0.000005,0.999995,1
0.999562,0.000438,0
0.000047,0.999953,1
0.000005,0.999995,1
0.000018,0.999982,1
0.001030,0.998970,1
0.000008,0.999992,1
0.000064,0.999936,1
0.000063,0.999937,1
0.999992,0.000008,0
0.000118,0.999882,1
0.999933,0.000067,0
0.000653,0.999347,1
0.000021,0.999979,1
0.000011,0.999989,1
0.000010,0.999990,1
0.000067,0.999933,1
0.000106,0.999894,1
0.000001,0.999999,1
0.000145,0.999855,1
0.000001,0.999999,1
0.000002,0.999998,1
0.999280,0.000720,0
0.999920,0.000080,0
0.999935,0.000065,0
0.001068,0.998932,1
0.000091,0.999909,1
0.000063,0.999937,1
0.000151,0.999849,1
0.999892,0.000108,0
0.998720,0.001280,0
0.000005,0.999995,1
0.999990,0.000010,0
0.999778,0.000222,0
0.000014,0.999986,1
0.999946,0.000054,0
0.000005,0.999995,1
0.999985,0.000015,0
0.000340,0.999660,1
0.999886,0.000114,0
0.000750,0.999250,1
0.000056,0.999944,1
0.000001,0.999999,1
0.999869,0.000131,0
0.000006,0.999994,1
0.000000,1.000000,1
0.000007,0.999993,1
0.000493,0.999507,1
0.000040,0.999960,1
0.000016,0.999984,1
0.000276,0.999724,1
0.000344,0.999656,1
0.999813,0.000187,0
0.999987,0.000013,0
0.999724,0.000276,0
0.999980,0.000020,0
0.999488,0.000512,0
0.999814,0.000186,0
0.000007,0.999993,1
0.000000,1.000000,1
0.000240,0.999760,1
0.000058,0.999942,1
0.000003,0.999997,1
0.999867,0.000133,0
0.999936,0.000064,0
0.000046,0.999954,1
0.000830,0.999170,1
0.000000,1.000000,1
0.999846,0.000154,0
0.000029,0.999971,1
0.000039,0.999961,1
0.000007,0.999993,1
0.000006,0.999994,1
0.000085,0.999915,1
0.000177,0.999823,1
0.000293,0.999707,1
0.999981,0.000019,0
0.000038,0.999962,1
0.999849,0.000151,0
0.000111,0.999889,1
0.000013,0.999987,1
0.999908,0.000092,0
0.000069,0.999931,1
0.999784,0.000216,0
0.999990,0.000010,0
0.000020,0.999980,1
0.999969,0.000031,0
0.000046,0.999954,1
0.999922,0.000078,0
0.000184,0.999816,1
0.000015,0.999985,1
0.999998,0.000002,0
0.999546,0.000454,0
0.000370,0.999630,1
0.999983,0.000017,0
0.999935,0.000065,0
0.999939,0.000061,0
0.999681,0.000319,0
0.999662,0.000338,0
0.000006,0.999994,1
0.000045,0.999955,1
0.000030,0.999970,1
0.999426,0.000574,0
0.999996,0.000004,0
0.000037,0.999963,1
0.000052,0.999948,1
0.999938,0.000062,0
0.000054,0.999946,1
0.999936,0.000064,0
0.000002,0.999998,1
0.999941,0.000059,0
0.999983,0.000017,0
0.999977,0.000023,0
0.000100,0.999900,1
0.000400,0.999600,1
0.999950,0.000050,0
0.000005,0.999995,1
0.000021,0.999979,1
0.000015,0.999985,1
0.000013,0.999987,1
0.000239,0.999761,1
0.000067,0.999933,1
0.000025,0.999975,1
0.000055,0.999945,1
0.000210,0.999790,1
0.999982,0.000018,0
0.999779,0.000221,0
0.000051,0.999949,1
0.000021,0.999979,1
0.999668,0.000332,0
0.999577,0.000423,0
0.000006,0.999994,1
0.000109,0.999891,1
0.999990,0.000010,0
0.000059,0.999941,1
0.000071,0.999929,1
0.999960,0.000040,0
0.999988,0.000012,0
0.000153,0.999847,1
0.000007,0.999993,1
0.000111,0.999889,1
0.000043,0.999957,1
0.000181,0.999819,1
0.000012,0.999988,1
0.999767,0.000233,0
0.000023,0.999977,1
0.999875,0.000125,0
0.999989,0.000011,0
0.000109,0.999891,1
0.000003,0.999997,1
0.000013,0.999987,1
0.000074,0.999926,1
0.985319,0.014681,0
0.000013,0.999987,1
0.999969,0.000031,0
0.000016,0.999984,1
0.999960,0.000040,0
0.000023,0.999977,1
0.000006,0.999994,1
0.999846,0.000154,0
0.000034,0.999966,1
0.000936,0.999064,1
0.000042,0.999958,1
0.000054,0.999946,1
0.000080,0.999920,1
0.999995,0.000005,0
0.000028,0.999972,1
0.999889,0.000111,0
0.999938,0.000062,0
0.999866,0.000134,0
0.000202,0.999798,1
0.999915,0.000085,0
0.999970,0.000030,0
0.999902,0.000098,0
0.000232,0.999768,1
0.999968,0.000032,0
0.000035,0.999965,1
0.999991,0.000009,0
0.000104,0.999896,1
0.999915,0.000085,0
0.999226,0.000774,0
0.999886,0.000114,0
0.993050,0.006950,0
0.000054,0.999946,1
0.000007,0.999993,1
0.000033,0.999967,1
0.000379,0.999621,1
0.000046,0.999954,1
0.000005,0.999995,1
0.000010,0.999990,1
0.000027,0.999973,1
0.000003,0.999997,1
0.999767,0.000233,0
0.999122,0.000878,0
0.999886,0.000114,0
0.000000,1.000000,1
0.000031,0.999969,1
0.000013,0.999987,1
0.999990,0.000010,0
0.000737,0.999263,1
0.000143,0.999857,1
0.000021,0.999979,1
0.000217,0.999783,1
0.999916,0.000084,0
0.999627,0.000373,0
0.999980,0.000020,0
0.000217,0.999783,1
0.000039,0.999961,1
0.000057,0.999943,1
0.000183,0.999817,1
0.000077,0.999923,1
0.000395,0.999605,1
0.001302,0.998698,1
0.999974,0.000026,0
0.000000,1.000000,1
0.000230,0.999770,1
0.997698,0.002302,0
0.998430,0.001570,0
0.999931,0.000069,0
0.000214,0.999786,1
0.999920,0.000080,0
0.999994,0.000006,0
0.000005,0.999995,1
0.000015,0.999985,1
0.999961,0.000039,0
0.000199,0.999801,1
0.000060,0.999940,1
0.000022,0.999978,1
0.000044,0.999956,1
0.999916,0.000084,0
0.000016,0.999984,1
0.000022,0.999978,1
0.999969,0.000031,0
0.000031,0.999969,1
0.000047,0.999953,1
0.999974,0.000026,0
0.000150,0.999850,1
0.000024,0.999976,1
0.999979,0.000021,0
0.999857,0.000143,0
0.000057,0.999943,1
0.999900,0.000100,0
0.000008,0.999992,1
0.999687,0.000313,0
0.000009,0.999991,1
0.999797,0.000203,0
0.000056,0.999944,1
0.000049,0.999951,1
0.000092,0.999908,1
0.999993,0.000007,0
0.000003,0.999997,1
0.999953,0.000047,0
0.999970,0.000030,0
0.999554,0.000446,0
0.999851,0.000149,0
0.000032,0.999968,1
0.000000,1.000000,1
0.999668,0.000332,0
0.000011,0.999989,1
0.000028,0.999972,1
0.999703,0.000297,0
0.000082,0.999918,1
0.999908,0.000092,0
0.000025,0.999975,1
0.999999,0.000001,0
0.999970,0.000030,0
0.999989,0.000011,0
0.000015,0.999985,1
0.999986,0.000014,0
0.000024,0.999976,1
0.000166,0.999834,1
0.000015,0.999985,1
0.999947,0.000053,0
0.000000,1.000000,1
0.999938,0.000062,0
0.999941,0.000059,0
0.999841,0.000159,0
0.000835,0.999165,1
0.999787,0.000213,0
0.000102,0.999898,1
0.000000,1.000000,1
0.999922,0.000078,0
0.000138,0.999862,1
0.999999,0.000001,0
0.999995,0.000005,0
0.999982,0.000018,0
0.000198,0.999802,1
0.000013,0.999987,1
0.999993,0.000007,0
0.001798,0.998202,1
0.999978,0.000022,0
0.999820,0.000180,0
0.000024,0.999976,1
0.000026,0.999974,1
0.999317,0.000683,0
0.999987,0.000013,0
0.000759,0.999241,1
0.000015,0.999985,1
0.999849,0.000151,0
0.000035,0.999965,1
0.998574,0.001426,0
0.000063,0.999937,1
0.999677,0.000323,0
0.000001,0.999999,1
0.999868,0.000132,0
0.999997,0.000003,0
0.000402,0.999598,1
0.999636,0.000364,0
0.999998,0.000002,0
0.999987,0.000013,0
0.999971,0.000029,0
0.000001,0.999999,1
0.999868,0.000132,0
0.999349,0.000651,0
0.001831,0.998169,1
0.999995,0.000005,0
0.000052,0.999948,1
0.999985,0.000015,0
0.000330,0.999670,1
0.000143,0.999857,1
0.000071,0.999929,1
0.000001,0.999999,1
0.001018,0.998982,1
0.000051,0.999949,1
0.000009,0.999991,1
0.000052,0.999948,1
0.000040,0.999960,1
0.000173,0.999827,1
0.999732,0.000268,0
0.000355,0.999645,1
0.999402,0.000598,0
0.999944,0.000056,0
0.999743,0.000257,0
0.000031,0.999969,1
0.000002,0.999998,1
0.999903,0.000097,0
0.000604,0.999396,1
0.999749,0.000251,0
0.999879,0.000121,0
0.999897,0.000103,0
0.999985,0.000015,0
0.000039,0.999961,1
0.999976,0.000024,0
0.999983,0.000017,0
0.000003,0.999997,1
0.000009,0.999991,1
0.000087,0.999913,1
0.000000,1.000000,1
0.000122,0.999878,1
0.999957,0.000043,0
0.000058,0.999942,1
0.998949,0.001051,0
0.000001,0.999999,1
0.000448,0.999552,1
0.999887,0.000113,0
0.000048,0.999952,1
0.999947,0.000053,0
0.998468,0.001532,0
0.000061,0.999939,1
0.999988,0.000012,0
0.999975,0.000025,0
0.000025,0.999975,1
0.000095,0.999905,1
0.000040,0.999960,1
0.000052,0.999948,1
0.999760,0.000240,0
0.000023,0.999977,1
0.596778,0.403222,0
0.000075,0.999925,1
0.000033,0.999967,1
0.999855,0.000145,0
0.000017,0.999983,1
0.000053,0.999947,1
0.000074,0.999926,1
0.999990,0.000010,0
0.999792,0.000208,0
0.000038,0.999962,1
0.999963,0.000037,0
0.000116,0.999884,1
0.000020,0.999980,1
0.999996,0.000004,0
0.999959,0.000041,0
0.999595,0.000405,0
0.999485,0.000515,0
0.999881,0.000119,0
0.999977,0.000023,0
0.002015,0.997985,1
0.999482,0.000518,0
0.000000,1.000000,1
0.999989,0.000011,0
0.000010,0.999990,1
0.999977,0.000023,0
0.000028,0.999972,1
0.000035,0.999965,1
0.000015,0.999985,1
0.000003,0.999997,1
0.000106,0.999894,1
0.000084,0.999916,1
0.000012,0.999988,1
0.000007,0.999993,1
0.999967,0.000033,0
0.000116,0.999884,1
0.000006,0.999994,1
0.000001,0.999999,1
0.000034,0.999966,1
0.000007,0.999993,1
0.000164,0.999836,1
0.000121,0.999879,1
0.999722,0.000278,0
0.000046,0.999954,1
0.000038,0.999962,1
0.000002,0.999998,1
0.999994,0.000006,0
0.000040,0.999960,1
0.999951,0.000049,0
0.999947,0.000053,0
0.000080,0.999920,1
0.999575,0.000425,0
0.999990,0.000010,0
0.000063,0.999937,1
0.000106,0.999894,1
0.999961,0.000039,0
0.999869,0.000131,0
0.999991,0.000009,0
0.000000,1.000000,1
0.999910,0.000090,0
0.999689,0.000311,0
0.999858,0.000142,0
0.999966,0.000034,0
0.999911,0.000089,0
0.000043,0.999957,1
0.000083,0.999917,1
0.000045,0.999955,1
0.000066,0.999934,1
0.000071,0.999929,1
0.000076,0.999924,1
0.999996,0.000004,0
0.999908,0.000092,0
0.000232,0.999768,1
0.999965,0.000035,0
0.000229,0.999771,1
0.000111,0.999889,1
0.000143,0.999857,1
0.999867,0.000133,0
0.999894,0.000106,0
0.000043,0.999957,1
0.000061,0.999939,1
0.000041,0.999959,1
0.999900,0.000100,0
0.999989,0.000011,0
0.000001,0.999999,1
0.999948,0.000052,0
0.000019,0.999981,1
0.000003,0.999997,1
0.999888,0.000112,0
0.000078,0.999922,1
0.000169,0.999831,1
0.000178,0.999822,1
0.000014,0.999986,1
0.000000,1.000000,1
0.000001,0.999999,1
0.000044,0.999956,1
0.999902,0.000098,0
0.000001,0.999999,1
0.999961,0.000039,0
0.998980,0.001020,0
0.999998,0.000002,0
0.000041,0.999959,1
0.000195,0.999805,1
0.999743,0.000257,0
0.999998,0.000002,0
0.000014,0.999986,1
0.999908,0.000092,0
0.000099,0.999901,1
0.000062,0.999938,1
0.000028,0.999972,1
0.000000,1.000000,1
0.000543,0.999457,1
0.000196,0.999804,1
0.001333,0.998667,1
0.000095,0.999905,1
0.000005,0.999995,1
0.999933,0.000067,0
0.000125,0.999875,1
0.999851,0.000149,0
0.000011,0.999989,1
0.000063,0.999937,1
0.999821,0.000179,0
0.999870,0.000130,0
0.000018,0.999982,1
0.000169,0.999831,1
0.999933,0.000067,0
0.000566,0.999434,1
0.000184,0.999816,1
0.000177,0.999823,1
0.000007,0.999993,1
0.001407,0.998593,1
0.999984,0.000016,0
0.999949,0.000051,0
0.000002,0.999998,1
0.000003,0.999997,1
0.999935,0.000065,0
0.000011,0.999989,1
0.000012,0.999988,1
0.999993,0.000007,0
0.999384,0.000616,0
0.000102,0.999898,1
0.999953,0.000047,0
0.000039,0.999961,1
0.000075,0.999925,1
0.000147,0.999853,1
0.999993,0.000007,0
0.000037,0.999963,1
0.999994,0.000006,0
0.000020,0.999980,1
0.000013,0.999987,1
0.999919,0.000081,0
0.999975,0.000025,0
0.000236,0.999764,1
0.000209,0.999791,1
0.999917,0.000083,0
0.000004,0.999996,1
0.999881,0.000119,0
0.000007,0.999993,1
0.000132,0.999868,1
0.000035,0.999965,1
0.000035,0.999965,1
0.999990,0.000010,0
0.999987,0.000013,0
0.000005,0.999995,1
0.999971,0.000029,0
0.000050,0.999950,1
0.999735,0.000265,0
0.999914,0.000086,0
0.999964,0.000036,0
0.999896,0.000104,0
0.000003,0.999997,1
0.999920,0.000080,0
0.001043,0.998957,1
0.000187,0.999813,1
0.999970,0.000030,0
0.999884,0.000116,0
0.999928,0.000072,0
0.999963,0.000037,0
0.999988,0.000012,0
0.999990,0.000010,0
0.000039,0.999961,1
0.999949,0.000051,0
0.999980,0.000020,0
0.000118,0.999882,1
0.000090,0.999910,1
0.999992,0.000008,0
0.000114,0.999886,1
0.000029,0.999971,1
0.999972,0.000028,0
0.999369,0.000631,0
0.999952,0.000048,0
0.000171,0.999829,1
0.000289,0.999711,1
0.000111,0.999889,1
0.999975,0.000025,0
0.000134,0.999866,1
0.999973,0.000027,0
0.999887,0.000113,0
0.000008,0.999992,1
0.999982,0.000018,0
0.000000,1.000000,1
0.000057,0.999943,1
0.000069,0.999931,1
0.999950,0.000050,0
0.000006,0.999994,1
0.999996,0.000004,0
0.000017,0.999983,1
0.000007,0.999993,1
0.000172,0.999828,1
0.000066,0.999934,1
0.000530,0.999470,1
0.999889,0.000111,0
0.999892,0.000108,0
0.000338,0.999662,1
0.000070,0.999930,1
0.999659,0.000341,0
0.000082,0.999918,1
0.000001,0.999999,1
0.000143,0.999857,1
0.000493,0.999507,1
0.000157,0.999843,1
0.000056,0.999944,1
0.000008,0.999992,1
0.000014,0.999986,1
0.000053,0.999947,1
0.000026,0.999974,1
0.000018,0.999982,1
0.000199,0.999801,1
0.000015,0.999985,1
0.012421,0.987579,1
0.000000,1.000000,1
0.000005,0.999995,1
0.000181,0.999819,1
0.000031,0.999969,1
0.000282,0.999718,1
0.999782,0.000218,0
0.000546,0.999454,1
0.999946,0.000054,0
0.999931,0.000069,0
0.000005,0.999995,1
0.000043,0.999957,1
0.000084,0.999916,1
0.999870,0.000130,0
0.999954,0.000046,0
0.999597,0.000403,0
0.999999,0.000001,0
0.999955,0.000045,0
0.000022,0.999978,1
0.999983,0.000017,0
0.000388,0.999612,1
0.000269,0.999731,1
0.000051,0.999949,1
0.000054,0.999946,1
0.999888,0.000112,0
0.000089,0.999911,1
0.000002,0.999998,1
0.999957,0.000043,0
0.000505,0.999495,1
0.000058,0.999942,1
0.000055,0.999945,1
0.000028,0.999972,1
0.999940,0.000060,0
0.999937,0.000063,0
0.000007,0.999993,1
0.000039,0.999961,1
0.999935,0.000065,0
0.000432,0.999568,1
0.999983,0.000017,0
0.000089,0.999911,1
0.999983,0.000017,0
0.000034,0.999966,1
0.001441,0.998559,1
0.000001,0.999999,1
0.999996,0.000004,0
0.000892,0.999108,1
0.999981,0.000019,0
0.999935,0.000065,0
0.000053,0.999947,1
0.000001,0.999999,1
0.000002,0.999998,1
0.999939,0.000061,0
0.999980,0.000020,0
0.000003,0.999997,1
0.999919,0.000081,0
0.000039,0.999961,1
0.000033,0.999967,1
0.000030,0.999970,1
0.000673,0.999327,1
0.999842,0.000158,0
0.000065,0.999935,1
0.999975,0.000025,0
0.000027,0.999973,1
0.999941,0.000059,0
0.000137,0.999863,1
0.000078,0.999922,1
0.999978,0.000022,0
0.000058,0.999942,1
0.999365,0.000635,0
0.999992,0.000008,0
0.000066,0.999934,1
0.000405,0.999595,1
