score0,score1,class
0.006965,0.993035,1
0.063590,0.936410,1
0.026035,0.973965,1
0.858183,0.141817,0
0.002144,0.997856,1
0.216861,0.783139,1
0.004679,0.995321,1
0.001479,0.998521,1
0.001921,0.998079,1
0.001879,0.998121,1
0.017218,0.982782,1
0.021834,0.978166,1
0.007023,0.992977,1
0.000634,0.999366,1
0.004826,0.995174,1
0.001786,0.998214,1
0.017554,0.982446,1
0.064095,0.935905,1
0.753211,0.246789,0
0.007921,0.992079,1
0.213059,0.786941,1
0.133224,0.866776,1
0.127164,0.872836,1
0.216383,0.783617,1
0.085607,0.914393,1
0.001565,0.998435,1
0.000877,0.999123,1
0.019934,0.980066,1
0.000877,0.999123,1
0.001191,0.998809,1
0.002792,0.997208,1
0.219745,0.780255,1
0.923465,0.076535,0
0.006623,0.993377,1
0.000060,0.999940,1
0.000315,0.999685,1
0.001434,0.998566,1
0.422559,0.577441,1
0.010070,0.989930,1
0.001863,0.998137,1
0.021124,0.978876,1
0.088744,0.911256,1
0.008399,0.991601,1
0.008589,0.991411,1
0.000591,0.999409,1
0.000710,0.999290,1
0.007511,0.992489,1
0.002187,0.997813,1
0.007767,0.992233,1
0.058429,0.941571,1
0.249559,0.750441,1
0.007448,0.992552,1
0.017701,0.982299,1
0.003195,0.996805,1
0.000159,0.999841,1
0.994230,0.005770,0
0.003323,0.996677,1
0.001509,0.998491,1
0.000095,0.999905,1
0.021595,0.978405,1
0.037423,0.962577,1
0.000203,0.999797,1
0.000420,0.999580,1
0.001521,0.998479,1
0.256480,0.743520,1
0.001344,0.998656,1
0.029369,0.970631,1
0.005235,0.994765,1
0.002707,0.997293,1
0.004908,0.995092,1
0.006494,0.993506,1
0.026612,0.973388,1
0.002168,0.997832,1
0.005955,0.994045,1
0.010887,0.989113,1
0.678485,0.321515,0
0.002896,0.997104,1
0.044848,0.955152,1
0.010529,0.989471,1
0.303527,0.696473,1
0.003240,0.996760,1
0.000023,0.999977,1
0.032579,0.967421,1
0.755819,0.244181,0
0.039828,0.960172,1
0.003063,0.996937,1
0.892964,0.107036,0
0.139526,0.860474,1
0.000218,0.999782,1
0.019607,0.980393,1
0.003038,0.996962,1
0.002120,0.997880,1
0.053806,0.946194,1
0.000315,0.999685,1
0.095820,0.904180,1
0.006604,0.993396,1
0.002392,0.997608,1
0.036521,0.963479,1
0.070269,0.929731,1
0.100558,0.899442,1
0.334095,0.665905,1
0.000881,0.999119,1
0.041700,0.958300,1
0.000859,0.999141,1
0.001383,0.998617,1
0.968234,0.031766,0
0.002326,0.997674,1
0.004090,0.995910,1
0.008470,0.991530,1
0.019445,0.980555,1
0.003545,0.996455,1
0.413650,0.586350,1
0.002824,0.997176,1
0.826072,0.173928,0
0.011869,0.988131,1
0.004148,0.995852,1
0.014063,0.985937,1
0.012238,0.987762,1
0.001274,0.998726,1
0.000003,0.999997,1
0.958330,0.041670,0
0.809719,0.190281,0
0.002379,0.997621,1
0.000180,0.999820,1
0.935102,0.064898,0
0.118665,0.881335,1
0.000328,0.999672,1
0.009444,0.990556,1
0.145725,0.854275,1
0.064945,0.935055,1
0.271249,0.728751,1
0.000063,0.999937,1
0.000819,0.999181,1
0.000020,0.999980,1
0.257017,0.742983,1
0.026612,0.973388,1
0.000869,0.999131,1
0.076989,0.923011,1
0.005758,0.994242,1
0.041588,0.958412,1
0.001832,0.998168,1
0.091986,0.908014,1
0.303527,0.696473,1
0.097790,0.902210,1
0.039936,0.960064,1
0.031703,0.968297,1
0.000078,0.999922,1
0.000005,0.999995,1
0.360260,0.639740,1
0.012478,0.987522,1
0.023134,0.976866,1
0.503616,0.496384,0
0.006351,0.993649,1
0.174443,0.825557,1
0.305317,0.694683,1
0.049530,0.950470,1
0.264072,0.735928,1
0.311928,0.688072,1
0.054673,0.945327,1
0.001879,0.998121,1
0.025751,0.974249,1
0.244842,0.755158,1
0.000005,0.999995,1
0.007681,0.992319,1
0.000071,0.999929,1
0.067558,0.932442,1
0.126229,0.873771,1
0.002326,0.997674,1
0.018400,0.981600,1
0.000084,0.999916,1
0.024576,0.975424,1
0.003687,0.996313,1
0.003999,0.996001,1
0.000783,0.999217,1
0.032226,0.967774,1
0.024779,0.975221,1
0.001257,0.998743,1
0.001717,0.998283,1
0.020267,0.979733,1
0.815297,0.184703,0
0.154344,0.845656,1
0.847220,0.152780,0
0.049530,0.950470,1
0.015845,0.984155,1
0.130963,0.869037,1
0.099291,0.900709,1
0.247455,0.752545,1
0.612229,0.387771,0
0.000010,0.999990,1
0.054383,0.945617,1
0.016290,0.983710,1
0.003437,0.996563,1
0.000299,0.999701,1
0.010797,0.989203,1
0.000005,0.999995,1
0.001637,0.998363,1
0.004525,0.995475,1
0.080253,0.919747,1
0.000447,0.999553,1
0.003231,0.996769,1
0.065288,0.934712,1
0.000690,0.999310,1
0.781349,0.218651,0
0.000583,0.999417,1
0.000603,0.999397,1
0.022444,0.977556,1
0.014024,0.985976,1
0.000808,0.999192,1
0.046443,0.953557,1
0.421185,0.578815,1
0.005839,0.994161,1
0.003063,0.996937,1
0.022137,0.977863,1
0.252206,0.747794,1
0.008882,0.991118,1
0.000009,0.999991,1
0.841294,0.158706,0
0.009577,0.990423,1
0.009032,0.990968,1
0.232559,0.767441,1
0.006512,0.993488,1
0.010126,0.989874,1
0.025330,0.974670,1
0.287694,0.712306,1
0.135847,0.864153,1
0.006586,0.993414,1
0.985870,0.014130,0
0.429446,0.570554,1
0.052250,0.947750,1
0.201038,0.798962,1
0.101068,0.898932,1
0.000606,0.999394,1
0.000156,0.999844,1
0.000568,0.999432,1
0.026394,0.973606,1
0.172023,0.827977,1
0.019607,0.980393,1
0.000581,0.999419,1
0.052250,0.947750,1
0.003802,0.996198,1
0.929781,0.070219,0
0.000133,0.999867,1
0.016655,0.983345,1
0.112616,0.887384,1
0.004033,0.995967,1
0.469150,0.530850,1
0.001751,0.998249,1
0.000706,0.999294,1
0.546437,0.453563,0
0.006476,0.993524,1
0.000357,0.999643,1
0.830875,0.169125,0
0.004125,0.995875,1
0.841294,0.158706,0
0.617565,0.382435,0
0.362861,0.637139,1
0.129369,0.870631,1
0.009958,0.990042,1
0.047451,0.952549,1
0.003802,0.996198,1
0.070823,0.929177,1
0.001619,0.998381,1
0.196997,0.803003,1
0.288850,0.711150,1
0.001496,0.998504,1
0.008423,0.991577,1
0.000308,0.999692,1
0.001303,0.998697,1
0.471957,0.528043,1
0.002692,0.997308,1
0.008376,0.991624,1
0.705488,0.294512,0
0.000063,0.999937,1
0.082357,0.917643,1
0.009057,0.990943,1
0.000593,0.999407,1
0.005383,0.994617,1
0.512768,0.487232,0
0.863911,0.136089,0
0.002440,0.997560,1
0.030598,0.969402,1
0.000403,0.999597,1
0.002545,0.997455,1
0.013869,0.986131,1
0.002920,0.997080,1
0.018656,0.981344,1
0.291170,0.708830,1
0.015933,0.984067,1
0.110939,0.889061,1
0.007681,0.992319,1
0.019661,0.980339,1
0.000501,0.999499,1
0.000195,0.999805,1
0.000792,0.999208,1
0.316175,0.683825,1
0.236097,0.763903,1
0.189099,0.810901,1
0.029855,0.970145,1
0.005888,0.994112,1
0.064603,0.935397,1
0.000624,0.999376,1
0.024985,0.975015,1
0.024985,0.975015,1
0.001863,0.998137,1
0.995231,0.004769,0
0.204223,0.795777,1
0.032050,0.967950,1
0.000062,0.999938,1
0.198785,0.801215,1
0.111495,0.888505,1
0.000772,0.999228,1
0.102614,0.897386,1
0.267369,0.732631,1
0.000022,0.999978,1
0.009766,0.990234,1
0.026178,0.973822,1
0.003792,0.996208,1
0.050063,0.949937,1
0.843909,0.156091,0
0.000485,0.999515,1
0.024441,0.975559,1
0.590627,0.409373,0
0.000686,0.999314,1
0.059208,0.940792,1
0.098288,0.901712,1
0.784699,0.215301,0
0.002474,0.997526,1
0.951814,0.048186,0
0.013489,0.986511,1
0.218781,0.781219,1
0.004242,0.995758,1
0.012409,0.987591,1
0.002488,0.997512,1
0.104444,0.895556,1
0.252738,0.747262,1
0.008613,0.991387,1
0.010647,0.989353,1
0.000589,0.999411,1
0.000704,0.999296,1
0.013869,0.986131,1
0.016981,0.983019,1
0.012938,0.987062,1
0.059523,0.940477,1
0.001552,0.998448,1
0.321681,0.678319,1
0.028034,0.971966,1
0.003911,0.996089,1
0.558277,0.441723,0
0.005162,0.994838,1
0.000483,0.999517,1
0.950506,0.049494,0
0.097047,0.902953,1
0.953090,0.046910,0
0.385280,0.614720,1
0.002495,0.997505,1
0.000112,0.999888,1
0.003466,0.996534,1
0.000537,0.999463,1
0.032757,0.967243,1
0.006716,0.993284,1
0.010412,0.989588,1
0.001450,0.998550,1
0.000022,0.999978,1
0.374663,0.625337,1
0.001055,0.998945,1
0.001471,0.998529,1
0.353794,0.646206,1
0.071943,0.928057,1
0.000420,0.999580,1
0.290589,0.709411,1
0.437054,0.562946,1
0.038765,0.961235,1
0.001211,0.998789,1
0.257017,0.742983,1
0.151064,0.848936,1
0.000435,0.999565,1
0.672930,0.327070,0
0.011575,0.988425,1
0.572809,0.427191,0
0.018968,0.981032,1
0.138515,0.861485,1
0.001684,0.998316,1
0.331593,0.668407,1
0.288272,0.711728,1
0.003687,0.996313,1
0.276853,0.723147,1
0.002180,0.997820,1
0.001055,0.998945,1
0.107108,0.892892,1
0.004102,0.995898,1
0.019126,0.980874,1
0.012653,0.987347,1
0.000412,0.999588,1
0.019178,0.980822,1
0.001756,0.998244,1
0.107378,0.892622,1
0.000027,0.999973,1
0.001038,0.998962,1
0.421185,0.578815,1
0.000436,0.999564,1
0.356375,0.643625,1
0.000076,0.999924,1
0.014378,0.985622,1
0.455847,0.544153,1
0.610221,0.389779,0
0.000234,0.999766,1
0.055553,0.944447,1
0.002566,0.997434,1
0.007386,0.992614,1
0.000677,0.999323,1
0.000785,0.999215,1
0.082998,0.917002,1
0.009007,0.990993,1
0.003361,0.996639,1
0.081720,0.918280,1
0.005938,0.994062,1
0.036323,0.963677,1
0.161841,0.838159,1
0.005429,0.994571,1
0.005368,0.994632,1
0.691851,0.308149,0
0.131284,0.868716,1
0.091282,0.908718,1
0.566595,0.433405,0
0.009392,0.990608,1
0.874475,0.125525,0
0.000084,0.999916,1
0.017799,0.982201,1
0.003856,0.996144,1
0.001847,0.998153,1
0.004666,0.995334,1
0.020720,0.979280,1
0.000378,0.999622,1
0.001379,0.998621,1
0.682771,0.317229,0
0.000498,0.999502,1
0.809719,0.190281,0
0.525424,0.474576,0
0.015199,0.984801,1
0.012340,0.987660,1
0.000229,0.999771,1
0.759954,0.240046,0
0.000184,0.999816,1
0.014102,0.985898,1
0.000139,0.999861,1
0.006210,0.993790,1
0.000299,0.999701,1
0.797270,0.202730,0
0.138515,0.861485,1
0.460742,0.539258,1
0.281387,0.718613,1
0.016655,0.983345,1
0.087838,0.912162,1
0.001655,0.998345,1
0.124070,0.875930,1
0.003098,0.996902,1
0.952711,0.047289,0
0.003437,0.996563,1
0.015801,0.984199,1
0.703142,0.296858,0
0.002669,0.997331,1
0.414334,0.585666,1
0.004826,0.995174,1
0.000768,0.999232,1
0.010887,0.989113,1
0.287117,0.712883,1
0.002896,0.997104,1
0.040920,0.959080,1
0.002144,0.997856,1
0.000056,0.999944,1
0.000145,0.999855,1
0.056747,0.943253,1
0.190398,0.809602,1
0.033661,0.966339,1
0.051146,0.948854,1
0.000302,0.999698,1
0.168837,0.831163,1
0.004719,0.995281,1
0.019499,0.980501,1
0.005119,0.994881,1
0.002193,0.997807,1
0.011289,0.988711,1
0.139864,0.860136,1
0.002531,0.997469,1
0.000341,0.999659,1
0.193456,0.806544,1
0.000180,0.999820,1
0.042610,0.957390,1
0.014742,0.985258,1
0.046194,0.953806,1
0.002595,0.997405,1
0.001651,0.998349,1
0.013754,0.986246,1
0.882879,0.117121,0
0.180612,0.819388,1
0.677255,0.322745,0
0.697823,0.302177,0
0.813594,0.186406,0
0.423934,0.576066,1
0.000276,0.999724,1
0.001020,0.998980,1
0.034122,0.965878,1
0.200586,0.799414,1
0.000519,0.999481,1
0.713039,0.286961,0
0.000354,0.999646,1
0.006386,0.993614,1
0.107378,0.892622,1
0.000652,0.999348,1
0.001360,0.998640,1
0.924257,0.075743,0
0.975844,0.024156,0
0.883750,0.116250,0
0.980025,0.019975,0
0.184818,0.815182,1
0.865886,0.134114,0
0.095576,0.904424,1
0.212116,0.787884,1
0.132575,0.867425,1
0.000183,0.999817,1
0.001698,0.998302,1
0.000363,0.999637,1
0.015845,0.984155,1
0.006368,0.993632,1
0.524019,0.475981,0
0.029209,0.970791,1
0.005583,0.994417,1
0.001569,0.998431,1
0.528233,0.471767,0
0.000006,0.999994,1
0.588582,0.411418,0
0.004653,0.995347,1
0.008055,0.991945,1
0.093646,0.906354,1
0.000351,0.999649,1
0.055849,0.944151,1
0.022320,0.977680,1
0.292917,0.707083,1
0.023779,0.976221,1
0.001660,0.998340,1
0.002700,0.997300,1
0.003966,0.996034,1
0.003177,0.996823,1
0.005133,0.994867,1
0.020606,0.979394,1
0.000819,0.999181,1
0.000426,0.999574,1
0.138515,0.861485,1
0.083212,0.916788,1
0.001600,0.998400,1
0.003323,0.996677,1
0.010412,0.989588,1
0.020100,0.979900,1
0.056898,0.943102,1
0.897456,0.102544,0
0.003771,0.996229,1
0.264072,0.735928,1
0.000624,0.999376,1
0.010042,0.989958,1
0.000099,0.999901,1
0.000009,0.999991,1
0.001884,0.998116,1
0.000650,0.999350,1
0.000611,0.999389,1
0.018707,0.981293,1
0.111775,0.888225,1
0.005806,0.994194,1
0.002888,0.997112,1
0.003195,0.996805,1
0.040920,0.959080,1
0.000091,0.999909,1
0.001971,0.998029,1
0.867836,0.132164,0
0.815721,0.184279,0
0.003575,0.996425,1
0.000645,0.999355,1
0.099543,0.900457,1
0.009032,0.990968,1
0.042153,0.957847,1
0.064433,0.935567,1
0.005414,0.994586,1
0.366124,0.633876,1
0.002359,0.997641,1
0.944191,0.055809,0
0.021714,0.978286,1
0.021299,0.978701,1
0.003268,0.996732,1
0.027128,0.972872,1
0.146428,0.853572,1
0.003781,0.996219,1
0.631435,0.368565,0
0.938600,0.061400,0
0.000015,0.999985,1
0.377968,0.622032,1
0.029692,0.970308,1
0.000081,0.999919,1
0.000751,0.999249,1
0.741512,0.258488,0
0.128736,0.871264,1
0.076989,0.923011,1
0.345468,0.654532,1
0.000749,0.999251,1
0.397355,0.602645,1
0.002581,0.997419,1
0.003749,0.996251,1
0.000922,0.999078,1
0.031188,0.968812,1
0.000877,0.999123,1
0.000228,0.999772,1
0.831270,0.168730,0
0.001360,0.998640,1
0.042725,0.957275,1
0.743128,0.256872,0
0.904733,0.095267,0
0.087163,0.912837,1
0.536647,0.463353,0
0.005019,0.994981,1
0.000341,0.999659,1
0.872608,0.127392,0
0.005839,0.994161,1
0.000089,0.999911,1
0.176890,0.823110,1
0.000015,0.999985,1
0.019392,0.980608,1
0.318005,0.681995,1
0.075796,0.924204,1
0.003222,0.996778,1
0.085827,0.914173,1
0.002236,0.997764,1
0.003351,0.996649,1
0.251675,0.748325,1
0.000221,0.999779,1
0.470554,0.529446,1
0.034778,0.965222,1
0.002399,0.997601,1
0.044848,0.955152,1
0.026759,0.973241,1
0.718767,0.281233,0
0.015157,0.984843,1
0.007811,0.992189,1
0.813594,0.186406,0
0.000702,0.999298,1
0.055701,0.944299,1
0.961681,0.038319,0
0.039828,0.960172,1
0.015369,0.984631,1
0.105503,0.894497,1
0.008306,0.991694,1
0.330969,0.669031,1
0.001067,0.998933,1
0.000563,0.999437,1
0.927352,0.072648,0
0.001006,0.998994,1
0.036719,0.963281,1
0.432209,0.567791,1
0.004499,0.995501,1
0.001314,0.998686,1
0.002055,0.997945,1
0.156563,0.843437,1
0.003089,0.996911,1
0.011040,0.988960,1
0.437747,0.562253,1
0.200586,0.799414,1
0.011869,0.988131,1
0.001791,0.998209,1
0.971910,0.028090,0
0.547135,0.452865,0
0.001746,0.998254,1
0.018811,0.981189,1
0.006754,0.993246,1
0.000365,0.999635,1
0.018707,0.981293,1
0.006297,0.993703,1
0.001492,0.998508,1
0.019770,0.980230,1
0.012795,0.987205,1
0.482498,0.517502,1
0.001688,0.998312,1
0.025122,0.974878,1
0.000712,0.999288,1
0.006422,0.993578,1
0.007921,0.992079,1
0.006458,0.993542,1
0.046194,0.953806,1
0.807540,0.192460,0
0.002904,0.997096,1
0.000002,0.999998,1
0.011352,0.988648,1
0.000425,0.999575,1
0.003575,0.996425,1
0.027881,0.972119,1
0.001129,0.998871,1
0.001015,0.998985,1
0.020834,0.979166,1
0.405477,0.594523,1
0.008637,0.991363,1
0.465644,0.534356,1
0.017218,0.982782,1
0.002419,0.997581,1
0.037729,0.962271,1
0.964387,0.035613,0
0.009930,0.990070,1
0.344832,0.655168,1
0.006458,0.993542,1
0.024576,0.975424,1
0.000374,0.999626,1
0.013266,0.986734,1
0.992368,0.007632,0
0.005630,0.994370,1
0.013869,0.986131,1
0.010857,0.989143,1
0.193456,0.806544,1
0.027202,0.972798,1
0.002896,0.997104,1
0.001253,0.998747,1
0.001684,0.998316,1
0.003575,0.996425,1
0.151788,0.848212,1
0.201038,0.798962,1
0.003063,0.996937,1
0.476874,0.523126,1
0.835184,0.164816,0
0.009418,0.990582,1
0.032138,0.967862,1
0.007724,0.992276,1
0.014141,0.985859,1
0.002281,0.997719,1
0.066852,0.933148,1
0.000611,0.999389,1
0.004338,0.995662,1
0.201490,0.798510,1
0.001628,0.998372,1
0.903512,0.096488,0
0.196107,0.803893,1
0.963506,0.036494,0
0.319840,0.680160,1
0.925432,0.074568,0
0.082784,0.917216,1
0.034589,0.965411,1
0.040044,0.959956,1
0.622873,0.377127,0
0.000024,0.999976,1
0.047451,0.952549,1
0.027202,0.972798,1
0.288850,0.711150,1
0.020436,0.979564,1
0.023454,0.976546,1
0.001070,0.998930,1
0.502912,0.497088,0
0.000198,0.999802,1
0.008907,0.991093,1
0.013869,0.986131,1
0.000724,0.999276,1
0.003177,0.996823,1
0.629466,0.370534,0
0.071943,0.928057,1
0.000160,0.999840,1
0.014620,0.985380,1
0.019716,0.980284,1
0.008783,0.991217,1
0.001356,0.998644,1
0.012478,0.987522,1
0.002073,0.997927,1
0.001398,0.998602,1
0.001623,0.998377,1
0.785175,0.214825,0
0.091751,0.908249,1
0.606194,0.393806,0
0.001832,0.998168,1
0.021476,0.978524,1
0.886613,0.113387,0
0.215906,0.784094,1
0.000099,0.999901,1
0.015626,0.984374,1
0.001003,0.998997,1
0.000008,0.999992,1
0.041476,0.958524,1
0.036719,0.963281,1
0.307712,0.692288,1
0.059681,0.940319,1
0.094365,0.905635,1
0.869123,0.130877,0
0.191704,0.808296,1
0.013302,0.986698,1
0.308913,0.691087,1
0.000133,0.999867,1
0.003277,0.996723,1
0.019934,0.980066,1
0.973334,0.026666,0
0.315566,0.684434,1
0.004880,0.995120,1
0.002454,0.997546,1
0.001058,0.998942,1
0.066501,0.933499,1
0.868481,0.131519,0
0.011226,0.988774,1
0.114602,0.885398,1
0.010647,0.989353,1
0.000874,0.999126,1
0.104444,0.895556,1
0.004908,0.995092,1
0.110384,0.889616,1
0.794524,0.205476,0
0.000511,0.999489,1
0.892425,0.107575,0
0.030514,0.969486,1
0.193896,0.806104,1
0.048610,0.951390,1
0.162606,0.837394,1
0.002625,0.997375,1
0.011226,0.988774,1
0.172023,0.827977,1
0.000034,0.999966,1
0.893233,0.106767,0
0.074816,0.925184,1
0.003177,0.996823,1
0.000467,0.999533,1
0.021654,0.978346,1
0.259175,0.740825,1
0.041476,0.958524,1
0.061769,0.938231,1
0.000914,0.999086,1
0.005988,0.994012,1
0.014907,0.985093,1
0.098538,0.901462,1
0.302932,0.697068,1
0.008882,0.991118,1
0.186521,0.813479,1
0.005133,0.994867,1
0.043422,0.956578,1
0.502208,0.497792,0
0.002738,0.997262,1
0.030348,0.969652,1
0.064433,0.935567,1
0.051146,0.948854,1
0.000678,0.999322,1
0.020892,0.979108,1
0.037831,0.962169,1
0.019553,0.980447,1
0.000122,0.999878,1
0.007469,0.992531,1
0.000649,0.999351,1
0.000454,0.999546,1
0.002603,0.997397,1
0.004908,0.995092,1
0.071755,0.928245,1
0.036521,0.963479,1
0.003213,0.996787,1
0.000056,0.999944,1
0.000413,0.999587,1
0.672930,0.327070,0
0.042267,0.957733,1
0.814872,0.185128,0
0.689443,0.310557,0
0.065116,0.934884,1
0.003889,0.996111,1
0.067914,0.932086,1
0.012653,0.987347,1
0.000098,0.999902,1
0.800887,0.199113,0
0.000696,0.999304,1
0.953466,0.046534,0
0.171222,0.828778,1
0.852254,0.147746,0
0.009738,0.990262,1
0.034778,0.965222,1
0.008237,0.991763,1
0.412285,0.587715,1
0.003486,0.996514,1
0.001954,0.998046,1
0.734980,0.265020,0
0.215430,0.784570,1
0.486015,0.513985,1
0.540147,0.459853,0
0.191704,0.808296,1
0.000570,0.999430,1
0.014783,0.985217,1
0.004679,0.995321,1
0.000943,0.999057,1
0.000430,0.999570,1
0.575564,0.424436,0
0.005855,0.994145,1
0.808414,0.191586,0
0.001165,0.998835,1
0.002433,0.997567,1
0.995491,0.004509,0
0.006158,0.993842,1
0.001932,0.998068,1
0.002392,0.997608,1
0.010827,0.989173,1
0.045090,0.954910,1
0.000296,0.999704,1
0.858525,0.141475,0
0.006792,0.993208,1
0.493054,0.506946,1
0.019990,0.980010,1
0.001679,0.998321,1
0.045211,0.954789,1
0.004290,0.995710,1
0.000111,0.999889,1
0.010412,0.989588,1
0.007223,0.992777,1
0.049929,0.950071,1
0.796358,0.203642,0
0.000629,0.999371,1
0.000266,0.999734,1
0.004437,0.995563,1
0.042267,0.957733,1
0.000951,0.999049,1
0.000027,0.999973,1
0.375983,0.624017,1
0.955545,0.044455,0
0.046693,0.953307,1
0.000167,0.999833,1
0.214954,0.785046,1
0.028733,0.971267,1
0.026832,0.973168,1
0.488830,0.511170,1
0.013715,0.986285,1
0.372027,0.627973,1
0.004666,0.995334,1
0.190833,0.809167,1
0.099796,0.900204,1
0.006716,0.993284,1
0.618230,0.381770,0
0.097294,0.902706,1
0.072509,0.927491,1
0.348660,0.651340,1
0.000726,0.999274,1
0.000085,0.999915,1
0.004033,0.995967,1
0.002073,0.997927,1
0.000217,0.999783,1
0.038347,0.961653,1
0.000128,0.999872,1
0.077591,0.922409,1
0.000016,0.999984,1
0.836344,0.163656,0
0.098288,0.901712,1
0.474064,0.525936,1
0.001821,0.998179,1
0.018707,0.981293,1
0.058429,0.941571,1
0.002474,0.997526,1
0.000186,0.999814,1
0.153610,0.846390,1
0.005888,0.994112,1
0.000151,0.999849,1
0.001215,0.998785,1
0.443996,0.556004,1
0.001264,0.998736,1
0.000922,0.999078,1
0.000091,0.999909,1
0.005176,0.994824,1
0.020156,0.979844,1
0.010326,0.989674,1
0.029936,0.970064,1
0.503616,0.496384,0
0.005646,0.994354,1
0.254337,0.745663,1
0.443301,0.556699,1
0.105503,0.894497,1
0.961577,0.038423,0
0.804013,0.195987,0
0.044011,0.955989,1
0.025191,0.974809,1
0.014024,0.985976,1
0.000003,0.999997,1
0.005758,0.994242,1
0.020211,0.979789,1
0.124377,0.875623,1
0.006351,0.993649,1
0.304719,0.695281,1
0.000224,0.999776,1
0.003900,0.996100,1
0.005235,0.994765,1
0.003625,0.996375,1
0.012974,0.987026,1
0.771076,0.228924,0
0.010442,0.989558,1
0.006531,0.993469,1
0.000660,0.999340,1
0.000360,0.999640,1
0.000498,0.999502,1
0.001837,0.998163,1
0.005249,0.994751,1
0.773059,0.226941,0
0.665447,0.334553,0
0.000260,0.999740,1
0.001949,0.998051,1
0.526828,0.473172,0
0.000722,0.999278,1
0.287117,0.712883,1
0.150703,0.849297,1
0.053520,0.946480,1
0.008306,0.991694,1
0.071194,0.928806,1
0.016426,0.983574,1
0.014102,0.985898,1
0.145025,0.854975,1
0.612229,0.387771,0
0.848672,0.151328,0
0.301151,0.698849,1
0.002625,0.997375,1
0.000777,0.999223,1
0.000115,0.999885,1
0.015757,0.984243,1
0.002531,0.997469,1
0.009903,0.990097,1
0.195220,0.804780,1
0.023454,0.976546,1
0.005742,0.994258,1
0.926972,0.073028,0
0.354439,0.645561,1
0.000424,0.999576,1
0.217340,0.782660,1
0.025963,0.974037,1
0.002617,0.997383,1
0.036719,0.963281,1
0.007681,0.992319,1
0.000583,0.999417,1
0.087612,0.912388,1
0.002481,0.997519,1
0.001811,0.998189,1
0.000531,0.999469,1
0.877836,0.122164,0
0.349940,0.650060,1
0.992962,0.007038,0
0.997464,0.002536,0
0.444692,0.555308,1
0.001341,0.998659,1
0.770080,0.229920,0
0.015073,0.984927,1
0.002738,0.997262,1
0.357021,0.642979,1
0.008010,0.991990,1
0.214479,0.785521,1
0.001999,0.998001,1
0.000039,0.999961,1
0.962503,0.037497,0
0.897973,0.102027,0
0.370055,0.629945,1
0.000732,0.999268,1
0.004746,0.995254,1
0.003038,0.996962,1
0.040370,0.959630,1
0.001360,0.998640,1
0.065632,0.934368,1
0.040044,0.959956,1
0.000395,0.999605,1
0.097790,0.902210,1
0.696634,0.303366,0
0.590627,0.409373,0
0.444692,0.555308,1
0.000045,0.999955,1
0.232057,0.767943,1
0.086049,0.913951,1
0.049265,0.950735,1
0.004387,0.995613,1
0.035350,0.964650,1
0.769581,0.230419,0
0.164921,0.835079,1
0.025751,0.974249,1
0.000248,0.999752,1
0.000435,0.999565,1
0.164146,0.835854,1
0.007284,0.992716,1
0.068991,0.931009,1
0.942383,0.057617,0
0.001414,0.998586,1
0.297017,0.702983,1
0.022568,0.977432,1
0.067914,0.932086,1
0.000007,0.999993,1
0.002761,0.997239,1
0.001148,0.998852,1
0.058274,0.941726,1
0.000855,0.999145,1
0.094606,0.905394,1
0.043072,0.956928,1
0.006175,0.993825,1
0.011511,0.988489,1
0.003159,0.996841,1
0.028034,0.971966,1
0.000316,0.999684,1
0.007811,0.992189,1
0.001463,0.998537,1
0.002677,0.997323,1
0.006660,0.993340,1
0.834407,0.165593,0
0.000212,0.999788,1
0.000698,0.999302,1
0.005414,0.994586,1
0.012170,0.987830,1
0.029855,0.970145,1
0.249032,0.750968,1
0.003305,0.996695,1
0.021894,0.978106,1
0.001842,0.998158,1
0.308312,0.691688,1
0.110939,0.889061,1
0.558971,0.441029,0
0.001311,0.998689,1
0.087387,0.912613,1
0.554105,0.445895,0
0.235589,0.764411,1
0.031103,0.968897,1
0.505728,0.494272,0
0.183971,0.816029,1
0.029289,0.970711,1
0.699010,0.300990,0
0.017361,0.982639,1
0.000078,0.999922,1
0.005567,0.994433,1
0.540847,0.459153,0
0.622873,0.377127,0
0.008661,0.991339,1
0.034215,0.965785,1
0.011543,0.988457,1
0.054528,0.945472,1
0.020045,0.979955,1
0.015241,0.984759,1
0.037627,0.962373,1
0.008329,0.991671,1
0.000779,0.999221,1
0.000441,0.999559,1
0.079838,0.920162,1
0.742590,0.257410,0
0.002872,0.997128,1
0.003240,0.996760,1
0.004148,0.995852,1
0.000872,0.999128,1
0.027653,0.972347,1
0.019770,0.980230,1
0.005205,0.994795,1
0.045333,0.954667,1
0.009875,0.990125,1
0.005490,0.994510,1
0.004400,0.995600,1
0.025400,0.974600,1
0.296430,0.703570,1
0.096309,0.903691,1
0.222657,0.777343,1
0.290009,0.709991,1
0.874475,0.125525,0
0.001722,0.998278,1
0.001029,0.998971,1
0.001064,0.998936,1
0.071568,0.928432,1
0.172023,0.827977,1
0.944634,0.055366,0
0.001329,0.998671,1
0.000050,0.999950,1
0.002399,0.997601,1
0.010857,0.989143,1
0.004693,0.995307,1
0.018863,0.981137,1
0.106571,0.893429,1
0.028655,0.971345,1
0.000489,0.999511,1
0.732780,0.267220,0
0.003771,0.996229,1
0.128736,0.871264,1
0.589946,0.410054,0
0.034215,0.965785,1
0.005823,0.994177,1
0.018197,0.981803,1
0.000618,0.999382,1
0.002150,0.997850,1
0.098039,0.901961,1
0.003222,0.996778,1
0.713615,0.286385,0
0.137844,0.862156,1
0.885189,0.114811,0
0.105769,0.894231,1
0.000047,0.999953,1
0.002832,0.997168,1
0.017848,0.982152,1
0.000074,0.999926,1
0.000008,0.999992,1
0.047324,0.952676,1
0.743128,0.256872,0
0.006945,0.993055,1
0.005033,0.994967,1
0.000264,0.999736,1
0.009848,0.990152,1
0.000016,0.999984,1
0.002399,0.997601,1
0.733331,0.266669,0
0.549925,0.450075,0
0.012444,0.987556,1
0.000867,0.999133,1
0.005662,0.994338,1
0.210707,0.789293,1
0.027653,0.972347,1
0.787069,0.212931,0
0.003240,0.996760,1
0.000788,0.999212,1
0.119551,0.880449,1
0.004719,0.995281,1
0.143981,0.856019,1
0.000170,0.999830,1
0.000539,0.999461,1
0.290009,0.709991,1
0.000036,0.999964,1
0.018248,0.981752,1
0.635359,0.364641,0
0.936288,0.063712,0
0.044727,0.955273,1
0.003605,0.996395,1
0.775029,0.224971,0
0.055701,0.944299,1
0.092694,0.907306,1
0.007427,0.992573,1
0.838644,0.161356,0
0.414334,0.585666,1
0.000063,0.999937,1
0.005742,0.994258,1
0.009986,0.990014,1
0.035446,0.964554,1
0.821987,0.178013,0
0.888301,0.111699,0
0.017554,0.982446,1
0.000039,0.999961,1
0.036028,0.963972,1
0.002467,0.997533,1
0.030183,0.969817,1
0.990694,0.009306,0
0.002138,0.997862,1
0.000171,0.999829,1
0.050197,0.949803,1
0.000710,0.999290,1
0.018863,0.981137,1
0.005323,0.994677,1
0.000016,0.999984,1
0.400057,0.599943,1
0.000483,0.999517,1
0.809719,0.190281,0
0.002359,0.997641,1
0.678485,0.321515,0
0.410920,0.589080,1
0.434976,0.565024,1
0.007899,0.992101,1
0.989682,0.010318,0
0.003295,0.996705,1
0.326618,0.673382,1
0.008168,0.991832,1
0.073847,0.926153,1
0.141225,0.858775,1
0.904975,0.095025,0
0.003277,0.996723,1
0.072320,0.927680,1
0.346743,0.653257,1
0.032226,0.967774,1
0.000965,0.999035,1
0.001938,0.998062,1
0.963998,0.036002,0
0.000907,0.999093,1
0.000364,0.999636,1
0.003466,0.996534,1
0.003055,0.996945,1
0.001832,0.998168,1
0.002808,0.997192,1
0.053520,0.946480,1
0.014907,0.985093,1
0.667326,0.332674,0
0.163375,0.836625,1
0.643800,0.356200,0
0.000090,0.999910,1
0.077390,0.922610,1
0.001438,0.998562,1
0.358315,0.641685,1
0.000184,0.999816,1
0.020663,0.979337,1
0.003676,0.996324,1
0.318005,0.681995,1
0.341024,0.658976,1
0.006641,0.993359,1
0.733882,0.266118,0
0.023134,0.976866,1
0.022076,0.977924,1
0.051695,0.948305,1
0.000310,0.999690,1
0.076390,0.923610,1
0.000035,0.999965,1
0.003063,0.996937,1
0.562440,0.437560,0
0.001278,0.998722,1
0.107378,0.892622,1
0.000073,0.999927,1
0.004706,0.995294,1
0.001954,0.998046,1
0.010098,0.989902,1
0.056898,0.943102,1
0.005119,0.994881,1
0.005062,0.994938,1
0.057353,0.942647,1
0.002352,0.997648,1
0.052952,0.947048,1
0.002769,0.997231,1
0.020834,0.979166,1
0.118370,0.881630,1
0.003427,0.996573,1
0.653429,0.346571,0
0.672930,0.327070,0
0.039400,0.960600,1
0.501504,0.498496,0
0.888021,0.111979,0
0.162223,0.837777,1
0.742051,0.257949,0
0.502208,0.497792,0
0.000059,0.999941,1
0.258094,0.741906,1
0.003824,0.996176,1
0.000326,0.999674,1
0.461442,0.538558,1
0.412285,0.587715,1
0.097047,0.902953,1
0.004693,0.995307,1
0.000726,0.999274,1
0.016245,0.983755,1
0.528934,0.471066,0
0.011257,0.988743,1
0.971756,0.028244,0
0.007122,0.992878,1
0.004826,0.995174,1
0.050737,0.949263,1
0.106303,0.893697,1
0.000045,0.999955,1
0.266818,0.733182,1
0.645736,0.354264,0
0.000460,0.999540,1
0.000412,0.999588,1
0.000284,0.999716,1
0.007345,0.992655,1
0.118959,0.881041,1
0.000669,0.999331,1
0.008882,0.991118,1
0.237114,0.762886,1
0.005104,0.994896,1
0.000145,0.999855,1
0.206522,0.793478,1
0.042039,0.957961,1
0.707824,0.292176,0
0.672310,0.327690,0
0.224123,0.775877,1
0.000620,0.999380,1
0.020045,0.979955,1
0.000536,0.999464,1
0.002581,0.997419,1
0.714190,0.285810,0
0.006458,0.993542,1
0.000656,0.999344,1
0.007304,0.992696,1
0.753734,0.246266,0
0.003046,0.996954,1
0.022692,0.977308,1
0.781349,0.218651,0
0.019934,0.980066,1
0.664192,0.335808,0
0.004125,0.995875,1
0.814872,0.185128,0
0.013830,0.986170,1
0.044368,0.955632,1
0.000401,0.999599,1
0.260800,0.739200,1
0.419812,0.580188,1
0.001434,0.998566,1
0.015454,0.984546,1
0.001181,0.998819,1
0.024441,0.975559,1
0.037423,0.962577,1
0.011869,0.988131,1
0.000055,0.999945,1
0.000315,0.999685,1
0.171622,0.828378,1
0.001504,0.998496,1
0.006158,0.993842,1
0.003666,0.996334,1
0.010014,0.989986,1
0.002880,0.997120,1
0.000008,0.999992,1
0.121042,0.878958,1
0.339759,0.660241,1
0.001326,0.998674,1
0.001741,0.998259,1
0.001165,0.998835,1
0.977880,0.022120,0
0.013869,0.986131,1
0.038140,0.961860,1
0.029449,0.970551,1
0.236097,0.763903,1
0.000062,0.999938,1
0.090352,0.909648,1
0.003666,0.996334,1
0.017554,0.982446,1
0.071194,0.928806,1
0.000276,0.999724,1
0.000074,0.999926,1
0.001722,0.998278,1
0.027502,0.972498,1
0.001236,0.998764,1
0.001587,0.998413,1
0.895627,0.104373,0
0.639266,0.360734,0
0.002840,0.997160,1
0.083212,0.916788,1
0.011902,0.988098,1
0.081720,0.918280,1
0.004627,0.995373,1
0.002372,0.997628,1
0.252738,0.747262,1
0.870400,0.129600,0
0.000219,0.999781,1
0.581059,0.418941,0
0.991607,0.008393,0
0.723863,0.276137,0
0.004640,0.995360,1
0.244321,0.755679,1
0.015369,0.984631,1
0.001110,0.998890,1
0.008734,0.991266,1
0.002454,0.997546,1
0.001113,0.998887,1
0.528233,0.471767,0
0.000857,0.999143,1
0.004171,0.995829,1
0.137176,0.862824,1
0.147133,0.852867,1
0.100049,0.899951,1
0.748998,0.251002,0
0.855069,0.144931,0
0.002426,0.997574,1
0.000230,0.999770,1
0.018553,0.981447,1
0.000992,0.999008,1
0.187807,0.812193,1
0.000352,0.999648,1
0.167262,0.832738,1
0.006333,0.993667,1
0.037322,0.962678,1
0.102874,0.897126,1
0.040480,0.959520,1
0.002912,0.997088,1
0.076789,0.923211,1
0.010383,0.989617,1
0.002516,0.997484,1
0.000914,0.999086,1
0.007324,0.992676,1
0.210707,0.789293,1
0.011040,0.988960,1
0.683380,0.316620,0
0.000244,0.999756,1
0.000109,0.999891,1
0.016655,0.983345,1
0.000881,0.999119,1
0.001300,0.998700,1
0.076192,0.923808,1
0.045823,0.954177,1
0.005694,0.994306,1
0.104972,0.895028,1
0.000079,0.999921,1
0.787069,0.212931,0
0.000007,0.999993,1
0.067381,0.932619,1
0.063255,0.936745,1
0.004363,0.995637,1
0.031273,0.968727,1
0.020549,0.979451,1
0.003286,0.996714,1
0.001688,0.998312,1
0.000323,0.999677,1
0.031703,0.968297,1
0.776010,0.223990,0
0.002243,0.997757,1
0.001023,0.998977,1
0.306513,0.693487,1
0.641860,0.358140,0
0.005133,0.994867,1
0.000881,0.999119,1
0.480388,0.519612,1
0.004537,0.995463,1
0.876012,0.123988,0
0.002413,0.997587,1
0.007681,0.992319,1
0.004437,0.995563,1
0.089430,0.910570,1
0.001422,0.998578,1
0.174849,0.825151,1
0.027427,0.972573,1
0.006072,0.993928,1
0.001483,0.998517,1
0.446780,0.553220,1
0.079425,0.920575,1
0.624195,0.375805,0
0.000080,0.999920,1
0.236097,0.763903,1
0.000020,0.999980,1
0.307112,0.692888,1
0.026322,0.973678,1
0.005988,0.994012,1
0.000055,0.999945,1
0.000239,0.999761,1
0.873233,0.126767,0
0.007574,0.992426,1
0.957421,0.042579,0
0.000261,0.999739,1
0.000992,0.999008,1
0.001264,0.998736,1
0.522614,0.477386,0
0.002904,0.997096,1
0.005599,0.994401,1
0.062922,0.937078,1
0.000003,0.999997,1
0.001418,0.998582,1
0.001352,0.998648,1
0.037423,0.962577,1
0.003718,0.996282,1
0.992863,0.007137,0
0.004412,0.995588,1
0.524722,0.475278,0
0.340391,0.659609,1
0.023583,0.976417,1
0.001483,0.998517,1
0.508545,0.491455,0
0.586534,0.413466,0
0.037627,0.962373,1
0.000229,0.999771,1
0.006106,0.993894,1
0.000247,0.999753,1
0.840163,0.159837,0
0.930695,0.069305,0
0.000919,0.999081,1
0.141225,0.858775,1
0.001101,0.998899,1
0.002055,0.997945,1
0.773552,0.226448,0
0.004424,0.995576,1
0.364817,0.635183,1
0.002945,0.997055,1
0.000218,0.999782,1
0.025400,0.974600,1
0.008661,0.991339,1
0.001410,0.998590,1
0.001356,0.998644,1
0.014299,0.985701,1
0.019020,0.980980,1
0.117491,0.882509,1
0.885475,0.114525,0
0.346106,0.653894,1
0.000047,0.999953,1
0.001044,0.998956,1
0.001847,0.998153,1
0.001517,0.998483,1
0.984728,0.015272,0
0.030348,0.969652,1
0.907843,0.092157,0
0.942991,0.057009,0
0.699010,0.300990,0
0.647666,0.352334,0
0.112335,0.887665,1
0.018248,0.981752,1
0.000342,0.999658,1
0.000010,0.999990,1
0.000764,0.999236,1
0.000862,0.999138,1
0.922463,0.077537,0
0.005076,0.994924,1
0.068271,0.931729,1
0.051557,0.948443,1
0.026759,0.973241,1
0.048221,0.951779,1
0.000315,0.999685,1
0.007386,0.992614,1
0.230055,0.769945,1
0.004278,0.995722,1
0.056297,0.943703,1
0.003505,0.996495,1
0.029289,0.970711,1
0.006660,0.993340,1
0.005552,0.994448,1
0.000415,0.999585,1
0.004512,0.995488,1
0.994545,0.005455,0
0.001688,0.998312,1
0.029611,0.970389,1
0.366777,0.633223,1
0.004437,0.995563,1
0.965058,0.034942,0
0.001674,0.998326,1
0.518396,0.481604,0
0.003911,0.996089,1
0.000007,0.999993,1
0.000015,0.999985,1
0.111775,0.888225,1
0.015889,0.984111,1
0.084293,0.915707,1
0.547833,0.452167,0
0.040699,0.959301,1
0.923265,0.076735,0
0.102614,0.897386,1
0.003133,0.996867,1
0.001165,0.998835,1
0.010887,0.989113,1
0.665447,0.334553,0
0.377306,0.622694,1
0.717056,0.282944,0
0.001070,0.998930,1
0.499391,0.500609,1
0.003922,0.996078,1
0.383280,0.616720,1
0.003555,0.996445,1
0.092931,0.907069,1
0.036521,0.963479,1
0.041141,0.958859,1
0.964963,0.035037,0
0.895363,0.104637,0
0.004512,0.995488,1
0.004601,0.995399,1
0.003466,0.996534,1
0.857496,0.142504,0
0.000726,0.999274,1
0.626835,0.373165,0
0.011102,0.988898,1
0.000151,0.999849,1
0.013830,0.986170,1
0.000806,0.999194,1
0.026178,0.973822,1
0.004266,0.995734,1
0.007203,0.992797,1
0.134203,0.865797,1
0.001414,0.998586,1
0.682160,0.317840,0
0.000229,0.999771,1
0.016887,0.983113,1
0.934415,0.065585,0
0.037934,0.962066,1
0.566595,0.433405,0
0.033297,0.966703,1
0.072131,0.927869,1
0.224123,0.775877,1
0.000024,0.999976,1
0.000120,0.999880,1
0.000907,0.999093,1
0.001117,0.998883,1
0.000092,0.999908,1
0.712462,0.287538,0
0.006038,0.993962,1
0.934587,0.065413,0
0.000745,0.999255,1
0.017458,0.982542,1
0.003555,0.996445,1
0.004867,0.995133,1
0.001073,0.998927,1
0.318005,0.681995,1
0.001614,0.998386,1
0.046070,0.953930,1
0.585851,0.414149,0
0.006089,0.993911,1
0.521208,0.478792,0
0.667326,0.332674,0
0.000341,0.999659,1
0.056898,0.943102,1
0.828086,0.171914,0
0.216383,0.783617,1
0.228562,0.771438,1
0.008637,0.991363,1
0.004487,0.995513,1
0.001504,0.998496,1
0.271806,0.728194,1
0.014339,0.985661,1
0.001222,0.998778,1
0.000502,0.999498,1
0.004045,0.995955,1
0.037934,0.962066,1
0.305317,0.694683,1
0.000461,0.999539,1
0.007511,0.992489,1
0.839405,0.160595,0
0.000036,0.999964,1
0.430827,0.569173,1
0.456546,0.543454,1
0.554105,0.445895,0
0.004853,0.995147,1
0.211176,0.788824,1
0.000030,0.999970,1
0.009210,0.990790,1
0.002033,0.997967,1
0.003867,0.996133,1
0.885189,0.114811,0
0.003845,0.996155,1
0.064433,0.935567,1
0.004759,0.995241,1
0.000007,0.999993,1
0.021595,0.978405,1
0.050737,0.949263,1
0.000745,0.999255,1
0.002426,0.997574,1
0.964676,0.035324,0
0.785175,0.214825,0
0.028655,0.971345,1
0.000761,0.999239,1
0.003466,0.996534,1
0.037020,0.962980,1
0.001348,0.998652,1
0.469852,0.530148,1
0.297606,0.702394,1
0.163375,0.836625,1
0.001145,0.998855,1
0.245363,0.754637,1
0.000029,0.999971,1
0.001543,0.998457,1
0.591988,0.408012,0
0.006315,0.993685,1
0.010183,0.989817,1
0.759954,0.240046,0
0.000013,0.999987,1
0.037729,0.962271,1
0.123460,0.876540,1
0.265168,0.734832,1
0.871034,0.128966,0
0.059681,0.940319,1
0.000204,0.999796,1
0.124684,0.875316,1
0.166870,0.833130,1
0.000149,0.999851,1
0.003177,0.996823,1
0.545041,0.454959,0
0.173230,0.826770,1
0.020663,0.979337,1
0.622873,0.377127,0
0.000728,0.999272,1
0.143634,0.856366,1
0.355084,0.644916,1
0.163760,0.836240,1
0.004512,0.995488,1
0.024108,0.975892,1
0.186094,0.813906,1
0.067381,0.932619,1
0.001698,0.998302,1
0.555496,0.444504,0
0.889691,0.110309,0
0.018097,0.981903,1
0.004474,0.995526,1
0.005678,0.994322,1
0.000060,0.999940,1
0.001954,0.998046,1
0.000631,0.999369,1
0.000342,0.999658,1
0.434284,0.565716,1
0.000154,0.999846,1
0.002816,0.997184,1
0.002366,0.997634,1
0.409557,0.590443,1
0.786597,0.213403,0
0.000114,0.999886,1
0.000156,0.999844,1
0.006531,0.993469,1
0.180612,0.819388,1
0.000899,0.999101,1
0.003177,0.996823,1
0.046070,0.953930,1
0.947508,0.052492,0
0.032050,0.967950,1
0.009930,0.990070,1
0.059366,0.940634,1
0.000732,0.999268,1
0.479685,0.520315,1
0.033845,0.966155,1
0.118370,0.881630,1
0.070085,0.929915,1
0.079014,0.920986,1
0.001264,0.998736,1
0.332843,0.667157,1
0.493054,0.506946,1
0.182285,0.817715,1
0.000192,0.999808,1
0.000978,0.999022,1
0.341657,0.658343,1
0.019285,0.980715,1
0.311928,0.688072,1
0.108191,0.891809,1
0.012340,0.987660,1
0.022755,0.977245,1
0.245885,0.754115,1
0.222169,0.777831,1
0.486015,0.513985,1
0.002677,0.997323,1
0.060636,0.939364,1
0.577627,0.422373,0
0.000706,0.999294,1
0.393988,0.606012,1
0.149267,0.850733,1
0.333469,0.666531,1
0.706657,0.293343,0
0.000091,0.999909,1
0.004160,0.995840,1
0.002168,0.997832,1
0.072699,0.927301,1
0.004160,0.995840,1
0.605521,0.394479,0
0.000361,0.999639,1
0.000658,0.999342,1
0.016290,0.983710,1
0.000104,0.999896,1
0.017075,0.982925,1
0.000120,0.999880,1
0.001796,0.998204,1
0.000658,0.999342,1
0.009313,0.990687,1
0.754256,0.245744,0
0.104444,0.895556,1
0.011770,0.988230,1
0.185668,0.814332,1
0.000315,0.999685,1
0.519099,0.480901,0
0.000584,0.999416,1
0.750583,0.249417,0
0.125609,0.874391,1
0.000067,0.999933,1
0.008260,0.991740,1
0.000643,0.999357,1
0.012069,0.987931,1
0.110939,0.889061,1
0.002888,0.997112,1
0.012548,0.987452,1
0.000631,0.999369,1
0.166088,0.833912,1
0.831270,0.168730,0
0.711884,0.288116,0
0.019073,0.980927,1
0.003055,0.996945,1
0.000080,0.999920,1
0.064264,0.935736,1
0.162606,0.837394,1
0.773552,0.226448,0
0.396681,0.603319,1
0.994710,0.005290,0
0.146428,0.853572,1
0.211645,0.788355,1
0.790355,0.209645,0
0.756857,0.243143,0
0.002603,0.997397,1
0.002004,0.997996,1
0.018656,0.981344,1
0.000175,0.999825,1
0.009133,0.990867,1
0.000632,0.999368,1
0.003055,0.996945,1
0.054383,0.945617,1
0.657881,0.342119,0
0.559665,0.440335,0
0.093169,0.906831,1
0.000287,0.999713,1
0.142597,0.857403,1
0.618230,0.381770,0
0.003739,0.996261,1
0.000001,0.999999,1
0.001225,0.998775,1
0.000452,0.999548,1
0.032226,0.967774,1
0.000420,0.999580,1
0.000106,0.999894,1
0.007324,0.992676,1
0.001211,0.998789,1
0.002625,0.997375,1
0.055258,0.944742,1
0.005264,0.994736,1
0.594707,0.405293,0
0.886613,0.113387,0
0.022943,0.977057,1
0.001665,0.998335,1
0.322912,0.677088,1
0.170424,0.829576,1
0.005147,0.994853,1
0.552016,0.447984,0
0.042381,0.957619,1
0.004067,0.995933,1
0.002474,0.997526,1
0.002055,0.997945,1
0.000085,0.999915,1
0.033478,0.966522,1
0.006476,0.993524,1
0.000768,0.999232,1
0.002132,0.997868,1
0.005758,0.994242,1
0.053806,0.946194,1
0.009287,0.990713,1
0.002102,0.997898,1
0.227075,0.772925,1
0.158807,0.841193,1
0.000025,0.999975,1
0.921857,0.078143,0
0.035063,0.964937,1
0.075403,0.924597,1
0.000189,0.999811,1
0.000989,0.999011,1
0.071568,0.928432,1
0.010211,0.989789,1
0.664820,0.335180,0
0.179780,0.820220,1
0.002610,0.997390,1
0.002015,0.997985,1
0.000243,0.999757,1
0.080879,0.919121,1
0.000314,0.999686,1
0.022015,0.977985,1
0.048092,0.951908,1
0.008214,0.991786,1
0.009313,0.990687,1
0.004949,0.995051,1
0.494462,0.505538,1
0.006106,0.993894,1
0.002880,0.997120,1
0.651513,0.348487,0
0.032490,0.967510,1
0.096309,0.903691,1
0.791751,0.208249,0
0.148197,0.851803,1
0.005839,0.994161,1
0.411602,0.588398,1
0.193896,0.806104,1
0.006586,0.993414,1
0.310720,0.689280,1
0.009738,0.990262,1
0.094606,0.905394,1
0.001314,0.998686,1
0.020156,0.979844,1
0.469852,0.530148,1
0.242765,0.757235,1
0.794984,0.205016,0
0.003889,0.996111,1
0.014458,0.985542,1
0.799988,0.200012,0
0.000424,0.999576,1
0.661044,0.338956,0
0.019716,0.980284,1
0.003351,0.996649,1
0.881415,0.118585,0
0.880232,0.119768,0
0.130963,0.869037,1
0.001322,0.998678,1
0.159184,0.840816,1
0.000489,0.999511,1
0.026759,0.973241,1
0.023713,0.976287,1
0.554105,0.445895,0
0.000542,0.999458,1
0.002461,0.997539,1
0.292917,0.707083,1
0.001274,0.998726,1
0.000833,0.999167,1
0.775029,0.224971,0
0.953964,0.046036,0
0.022382,0.977618,1
0.000289,0.999711,1
0.627493,0.372507,0
0.002848,0.997152,1
0.317394,0.682606,1
0.538048,0.461952,0
0.001459,0.998541,1
0.000116,0.999884,1
0.306513,0.693487,1
0.041141,0.958859,1
0.003314,0.996686,1
0.002467,0.997533,1
0.011705,0.988295,1
0.939886,0.060114,0
0.000363,0.999637,1
0.012688,0.987312,1
0.049265,0.950735,1
0.106036,0.893964,1
0.924257,0.075743,0
0.000010,0.999990,1
0.013451,0.986549,1
0.115750,0.884250,1
0.978122,0.021878,0
0.051972,0.948028,1
0.004195,0.995805,1
0.377306,0.622694,1
0.007043,0.992957,1
0.151788,0.848212,1
0.000779,0.999221,1
0.106839,0.893161,1
0.001076,0.998924,1
0.871350,0.128650,0
0.777962,0.222038,0
0.193456,0.806544,1
0.008470,0.991530,1
0.000984,0.999016,1
0.264619,0.735381,1
0.000013,0.999987,1
0.028733,0.971267,1
0.001289,0.998711,1
0.946803,0.053197,0
0.000213,0.999787,1
0.000439,0.999561,1
0.001394,0.998606,1
0.201038,0.798962,1
0.010559,0.989441,1
0.004160,0.995840,1
0.007345,0.992655,1
0.005971,0.994029,1
0.004449,0.995551,1
0.049929,0.950071,1
0.006124,0.993876,1
0.004867,0.995133,1
0.004922,0.995078,1
0.059681,0.940319,1
0.526126,0.473874,0
0.183971,0.816029,1
0.003098,0.996902,1
0.031530,0.968470,1
0.146076,0.853924,1
0.402086,0.597914,1
0.022137,0.977863,1
0.093885,0.906115,1
0.355729,0.644271,1
0.073847,0.926153,1
0.002953,0.997047,1
0.019285,0.980715,1
0.005567,0.994433,1
0.834407,0.165593,0
0.072509,0.927491,1
0.187807,0.812193,1
0.722171,0.277829,0
0.911089,0.088911,0
0.174443,0.825557,1
0.014458,0.985542,1
0.034030,0.965970,1
0.013266,0.986734,1
0.010297,0.989703,1
0.001746,0.998254,1
0.747406,0.252594,0
0.009524,0.990476,1
0.346743,0.653257,1
0.005888,0.994112,1
0.016701,0.983299,1
0.790355,0.209645,0
0.021007,0.978993,1
0.002033,0.997967,1
0.000097,0.999903,1
0.217340,0.782660,1
0.123460,0.876540,1
0.000141,0.999859,1
0.125609,0.874391,1
0.493054,0.506946,1
0.046318,0.953682,1
0.008734,0.991266,1
0.048221,0.951779,1
0.000824,0.999176,1
0.011257,0.988743,1
0.080253,0.919747,1
0.563826,0.436174,0
0.002021,0.997979,1
0.744202,0.255798,0
0.016840,0.983160,1
0.006175,0.993825,1
0.003408,0.996592,1
0.161841,0.838159,1
0.013155,0.986845,1
0.673549,0.326451,0
0.010240,0.989760,1
0.000294,0.999706,1
0.002010,0.997990,1
0.922463,0.077537,0
0.129369,0.870631,1
0.000477,0.999523,1
0.005599,0.994401,1
0.000734,0.999266,1
0.003635,0.996365,1
0.302338,0.697662,1
0.000162,0.999838,1
0.000004,0.999996,1
0.041588,0.958412,1
0.000618,0.999382,1
0.565211,0.434789,0
0.000103,0.999897,1
0.018400,0.981600,1
0.994182,0.005818,0
0.000930,0.999070,1
0.464944,0.535056,1
0.025330,0.974670,1
0.305914,0.694086,1
0.000469,0.999531,1
0.901779,0.098221,0
0.573498,0.426502,0
0.965903,0.034097,0
0.039293,0.960707,1
0.000845,0.999155,1
0.001110,0.998890,1
0.003151,0.996849,1
0.000480,0.999520,1
0.221197,0.778803,1
0.001282,0.998718,1
0.004079,0.995921,1
0.837497,0.162503,0
0.471957,0.528043,1
0.002386,0.997614,1
0.000073,0.999927,1
0.001038,0.998962,1
0.000006,0.999994,1
0.034308,0.965692,1
0.006735,0.993265,1
0.552016,0.447984,0
0.258634,0.741366,1
0.070823,0.929177,1
0.000381,0.999619,1
0.002953,0.997047,1
0.009082,0.990918,1
0.001264,0.998736,1
0.004011,0.995989,1
0.000125,0.999875,1
0.003845,0.996155,1
0.001117,0.998883,1
0.016110,0.983890,1
0.046818,0.953182,1
0.010767,0.989233,1
0.045090,0.954910,1
0.005726,0.994274,1
0.000583,0.999417,1
0.007448,0.992552,1
0.002114,0.997886,1
0.001426,0.998574,1
0.000006,0.999994,1
0.001079,0.998921,1
0.000508,0.999492,1
0.018097,0.981903,1
0.041141,0.958859,1
0.000214,0.999786,1
0.050602,0.949398,1
0.056898,0.943102,1
0.002761,0.997239,1
0.003605,0.996395,1
0.000862,0.999138,1
0.650873,0.349127,0
0.010979,0.989021,1
0.473361,0.526639,1
0.003370,0.996630,1
0.410239,0.589761,1
0.485312,0.514688,1
0.003107,0.996893,1
0.003955,0.996045,1
0.002287,0.997713,1
0.225595,0.774405,1
0.001916,0.998084,1
0.002524,0.997476,1
0.009820,0.990180,1
0.000162,0.999838,1
0.011836,0.988164,1
0.030265,0.969735,1
0.001375,0.998625,1
0.000355,0.999645,1
0.896676,0.103324,0
0.544342,0.455658,0
0.006965,0.993035,1
0.026832,0.973168,1
0.000312,0.999688,1
0.005162,0.994838,1
0.019178,0.980822,1
0.026106,0.973894,1
0.002700,0.997300,1
0.092931,0.907069,1
0.002033,0.997967,1
0.148197,0.851803,1
0.002096,0.997904,1
0.002832,0.997168,1
0.000293,0.999707,1
0.010979,0.989021,1
0.009287,0.990713,1
0.854019,0.145981,0
0.298195,0.701805,1
0.295256,0.704744,1
0.018047,0.981953,1
0.244842,0.755158,1
0.000444,0.999556,1
0.683380,0.316620,0
0.815721,0.184279,0
0.011102,0.988898,1
0.000243,0.999757,1
0.015583,0.984417,1
0.096309,0.903691,1
0.041476,0.958524,1
0.823630,0.176370,0
0.020549,0.979451,1
0.008446,0.991554,1
0.001023,0.998977,1
0.023454,0.976546,1
0.003277,0.996723,1
0.000716,0.999284,1
0.000004,0.999996,1
0.000332,0.999668,1
0.002294,0.997706,1
0.045946,0.954054,1
0.005505,0.994495,1
0.019553,0.980447,1
0.224123,0.775877,1
0.024509,0.975491,1
0.015670,0.984330,1
0.021834,0.978166,1
0.000540,0.999460,1
0.886045,0.113955,0
0.225595,0.774405,1
0.013946,0.986054,1
0.899765,0.100235,0
0.098288,0.901712,1
0.002413,0.997587,1
0.004487,0.995513,1
0.017361,0.982639,1
0.105237,0.894763,1
0.005104,0.994896,1
0.002662,0.997338,1
0.000005,0.999995,1
0.070269,0.929731,1
0.000599,0.999401,1
0.653429,0.346571,0
0.000084,0.999916,1
0.001530,0.998470,1
0.238646,0.761354,1
0.679712,0.320288,0
0.316784,0.683216,1
0.002603,0.997397,1
0.000978,0.999022,1
0.003867,0.996133,1
0.002224,0.997776,1
0.006124,0.993876,1
0.000788,0.999212,1
0.550622,0.449378,0
0.004786,0.995214,1
0.035158,0.964842,1
0.000030,0.999970,1
0.012653,0.987347,1
0.396681,0.603319,1
0.255407,0.744593,1
0.863247,0.136753,0
0.000143,0.999857,1
0.000020,0.999980,1
0.000645,0.999355,1
0.004601,0.995399,1
0.011289,0.988711,1
0.001418,0.998582,1
0.001852,0.998148,1
0.001732,0.998268,1
0.002761,0.997239,1
0.000484,0.999516,1
0.048740,0.951260,1
0.049530,0.950470,1
0.009032,0.990968,1
0.008931,0.991069,1
0.106571,0.893429,1
0.003676,0.996324,1
0.011640,0.988360,1
0.002920,0.997080,1
0.003515,0.996485,1
0.000216,0.999784,1
0.001641,0.998359,1
0.000093,0.999907,1
0.000019,0.999981,1
0.006792,0.993208,1
0.003447,0.996553,1
0.000891,0.999109,1
0.098288,0.901712,1
0.655340,0.344660,0
0.008759,0.991241,1
0.001660,0.998340,1
0.025751,0.974249,1
0.133876,0.866124,1
0.001905,0.998095,1
0.017123,0.982877,1
0.015411,0.984589,1
0.691250,0.308750,0
0.000061,0.999939,1
0.031188,0.968812,1
0.000411,0.999589,1
0.002962,0.997038,1
0.001271,0.998729,1
0.000007,0.999993,1
0.263525,0.736475,1
0.026979,0.973021,1
0.225595,0.774405,1
0.617565,0.382435,0
0.001889,0.998111,1
0.000348,0.999652,1
0.598097,0.401903,0
0.376644,0.623356,1
0.000975,0.999025,1
0.844280,0.155720,0
0.000009,0.999991,1
0.514879,0.485121,0
0.000995,0.999005,1
0.000114,0.999886,1
0.000726,0.999274,1
0.002454,0.997546,1
0.002307,0.997693,1
0.000467,0.999533,1
0.314351,0.685649,1
0.184818,0.815182,1
0.064433,0.935567,1
0.123460,0.876540,1
0.008329,0.991671,1
0.002274,0.997726,1
0.007043,0.992957,1
0.116039,0.883961,1
0.013377,0.986623,1
0.000007,0.999993,1
0.000843,0.999157,1
0.009287,0.990713,1
0.000309,0.999691,1
0.075403,0.924597,1
0.013192,0.986808,1
0.537347,0.462653,0
0.011543,0.988457,1
0.332843,0.667157,1
0.762514,0.237486,0
0.001205,0.998795,1
0.000022,0.999978,1
0.000589,0.999411,1
0.863580,0.136420,0
0.000959,0.999041,1
0.001341,0.998659,1
0.001816,0.998184,1
0.049929,0.950071,1
0.008237,0.991763,1
0.001067,0.998933,1
0.000404,0.999596,1
0.000214,0.999786,1
0.037120,0.962880,1
0.000881,0.999119,1
0.000454,0.999546,1
0.001943,0.998057,1
0.084293,0.915707,1
0.000180,0.999820,1
0.006494,0.993506,1
0.461442,0.538558,1
0.109283,0.890717,1
0.028733,0.971267,1
0.002848,0.997152,1
0.011737,0.988263,1
0.010268,0.989732,1
0.000023,0.999977,1
0.353151,0.646849,1
0.079014,0.920986,1
0.871350,0.128650,0
0.000020,0.999980,1
0.123460,0.876540,1
0.308913,0.691087,1
0.000413,0.999587,1
0.077793,0.922207,1
0.030018,0.969982,1
0.009930,0.990070,1
0.058429,0.941571,1
0.000091,0.999909,1
0.007427,0.992573,1
0.003456,0.996544,1
0.000332,0.999668,1
0.001965,0.998035,1
0.000463,0.999537,1
0.749527,0.250473,0
0.009032,0.990968,1
0.025400,0.974600,1
0.001609,0.998391,1
0.004666,0.995334,1
0.533143,0.466857,0
0.050873,0.949127,1
0.000057,0.999943,1
0.087387,0.912613,1
0.931418,0.068582,0
0.001243,0.998757,1
0.000417,0.999583,1
0.009057,0.990943,1
0.058120,0.941880,1
0.001628,0.998372,1
0.695442,0.304558,0
0.826476,0.173524,0
0.007789,0.992211,1
0.684598,0.315402,0
0.002413,0.997587,1
0.012002,0.987998,1
0.028970,0.971030,1
0.006297,0.993703,1
0.000048,0.999952,1
0.010211,0.989789,1
0.001123,0.998877,1
0.001035,0.998965,1
0.031103,0.968897,1
0.003900,0.996100,1
0.958889,0.041111,0
0.003718,0.996282,1
0.000872,0.999128,1
0.006106,0.993894,1
0.774045,0.225955,0
0.989853,0.010147,0
0.000669,0.999331,1
0.000534,0.999466,1
0.062261,0.937739,1
0.023390,0.976610,1
0.273482,0.726518,1
0.012035,0.987965,1
0.000501,0.999499,1
0.006245,0.993755,1
0.001229,0.998771,1
0.020892,0.979108,1
0.002320,0.997680,1
0.001560,0.998440,1
0.002625,0.997375,1
0.006333,0.993667,1
0.019553,0.980447,1
0.524722,0.475278,0
0.001655,0.998345,1
0.107919,0.892081,1
0.000170,0.999830,1
0.173633,0.826367,1
0.005646,0.994354,1
0.131606,0.868394,1
0.005646,0.994354,1
0.055701,0.944299,1
0.990823,0.009177,0
0.000317,0.999683,1
0.019990,0.980010,1
0.556887,0.443113,0
0.156563,0.843437,1
0.061281,0.938719,1
0.003004,0.996996,1
0.243283,0.756717,1
0.002114,0.997886,1
0.596742,0.403258,0
0.615567,0.384433,0
0.030934,0.969066,1
0.009261,0.990739,1
0.000338,0.999662,1
0.060476,0.939524,1
0.117784,0.882216,1
0.003342,0.996658,1
0.030598,0.969402,1
0.000690,0.999310,1
0.000686,0.999314,1
0.011226,0.988774,1
0.012035,0.987965,1
0.000531,0.999469,1
0.022817,0.977183,1
0.016981,0.983019,1
0.514175,0.485825,0
0.001239,0.998761,1
0.128736,0.871264,1
0.004242,0.995758,1
0.014499,0.985501,1
0.015199,0.984801,1
0.003933,0.996067,1
0.019499,0.980501,1
0.959000,0.041000,0
0.023454,0.976546,1
0.460042,0.539958,1
0.227570,0.772430,1
0.163760,0.836240,1
0.868159,0.131841,0
0.000280,0.999720,1
0.001390,0.998610,1
0.004719,0.995281,1
0.412967,0.587033,1
0.014990,0.985010,1
0.014742,0.985258,1
0.000027,0.999973,1
0.737715,0.262285,0
0.000712,0.999288,1
0.236097,0.763903,1
0.000253,0.999747,1
0.000416,0.999584,1
0.112616,0.887384,1
0.379957,0.620043,1
0.000650,0.999350,1
0.815721,0.184279,0
0.000087,0.999913,1
0.000075,0.999925,1
0.020777,0.979223,1
0.009133,0.990867,1
0.000080,0.999920,1
0.001079,0.998921,1
0.000005,0.999995,1
0.010647,0.989353,1
0.000540,0.999460,1
0.220713,0.779287,1
0.005710,0.994290,1
0.005429,0.994571,1
0.005309,0.994691,1
0.524019,0.475981,0
0.368087,0.631913,1
0.099039,0.900961,1
0.001225,0.998775,1
0.195663,0.804337,1
0.995389,0.004611,0
0.008981,0.991019,1
0.002669,0.997331,1
0.316784,0.683216,1
0.008931,0.991069,1
0.215906,0.784094,1
0.000904,0.999096,1
0.153977,0.846023,1
0.811449,0.188551,0
0.000812,0.999188,1
0.032579,0.967421,1
0.034402,0.965598,1
0.001229,0.998771,1
0.201944,0.798056,1
0.000361,0.999639,1
0.000037,0.999963,1
0.000005,0.999995,1
0.002150,0.997850,1
0.120742,0.879258,1
0.004537,0.995463,1
0.000007,0.999993,1
0.013414,0.986586,1
0.024985,0.975015,1
0.135847,0.864153,1
0.071381,0.928619,1
0.002495,0.997505,1
0.013754,0.986246,1
0.003635,0.996365,1
0.010948,0.989052,1
0.000013,0.999987,1
0.746874,0.253126,0
0.472659,0.527341,1
0.050332,0.949668,1
0.009875,0.990125,1
0.260258,0.739742,1
0.423246,0.576754,1
0.000354,0.999646,1
0.029209,0.970791,1
0.355729,0.644271,1
0.029049,0.970951,1
0.000843,0.999157,1
0.004045,0.995955,1
0.005323,0.994677,1
0.159184,0.840816,1
0.025539,0.974461,1
0.003012,0.996988,1
0.040920,0.959080,1
0.002677,0.997323,1
0.086271,0.913729,1
0.140884,0.859116,1
0.004894,0.995106,1
0.051557,0.948443,1
0.968061,0.031939,0
0.032050,0.967950,1
0.036819,0.963181,1
0.164533,0.835467,1
0.001488,0.998512,1
0.417755,0.582245,1
0.004799,0.995201,1
0.004525,0.995475,1
0.001326,0.998674,1
0.012938,0.987062,1
0.001832,0.998168,1
0.870400,0.129600,0
0.000663,0.999337,1
0.002004,0.997996,1
0.006945,0.993055,1
0.018863,0.981137,1
0.000747,0.999253,1
0.012548,0.987452,1
0.008306,0.991694,1
0.023261,0.976739,1
0.036225,0.963775,1
0.003555,0.996445,1
0.004991,0.995009,1
0.000810,0.999190,1
0.843909,0.156091,0
0.795900,0.204100,0
0.000511,0.999489,1
0.787069,0.212931,0
0.645091,0.354909,0
0.000021,0.999979,1
0.274042,0.725958,1
0.000475,0.999525,1
0.285966,0.714034,1
0.480388,0.519612,1
0.005552,0.994448,1
0.422559,0.577441,1
0.001104,0.998896,1
0.000580,0.999420,1
0.004614,0.995386,1
0.000301,0.999699,1
0.004499,0.995501,1
0.938762,0.061238,0
0.634053,0.365947,0
0.005678,0.994322,1
0.000413,0.999587,1
0.005921,0.994079,1
0.003195,0.996805,1
0.026394,0.973606,1
0.113464,0.886536,1
0.019934,0.980066,1
0.129052,0.870948,1
0.943893,0.056107,0
0.004011,0.995989,1
0.486719,0.513281,1
0.001552,0.998448,1
0.002249,0.997751,1
0.009007,0.990993,1
0.002339,0.997661,1
0.082784,0.917216,1
0.004424,0.995576,1
0.993270,0.006730,0
0.055849,0.944151,1
0.521208,0.478792,0
0.008100,0.991900,1
0.003314,0.996686,1
0.265717,0.734283,1
0.001873,0.998127,1
0.035446,0.964554,1
0.099796,0.900204,1
0.015369,0.984631,1
0.070823,0.929177,1
0.007490,0.992510,1
0.000036,0.999964,1
0.000056,0.999944,1
0.104708,0.895292,1
0.285966,0.714034,1
0.006660,0.993340,1
0.004487,0.995513,1
0.900019,0.099981,0
0.495870,0.504130,1
0.031444,0.968556,1
0.834018,0.165982,0
0.001623,0.998377,1
0.127164,0.872836,1
0.002654,0.997346,1
0.002715,0.997285,1
0.003115,0.996885,1
0.010183,0.989817,1
0.000667,0.999333,1
0.000446,0.999554,1
0.057659,0.942341,1
0.007083,0.992917,1
0.016655,0.983345,1
0.004350,0.995650,1
0.495166,0.504834,1
0.000056,0.999944,1
0.007767,0.992233,1
0.011968,0.988032,1
0.054965,0.945035,1
0.549925,0.450075,0
0.000061,0.999939,1
0.002488,0.997512,1
0.004640,0.995360,1
0.204682,0.795318,1
0.002603,0.997397,1
0.024779,0.975221,1
0.000393,0.999607,1
0.007617,0.992383,1
0.004746,0.995254,1
0.006623,0.993377,1
0.014620,0.985380,1
0.136842,0.863158,1
0.001264,0.998736,1
0.000369,0.999631,1
0.000575,0.999425,1
0.037120,0.962880,1
0.001467,0.998533,1
0.004550,0.995450,1
0.001619,0.998381,1
0.007407,0.992593,1
0.285391,0.714609,1
0.050332,0.949668,1
0.005567,0.994433,1
0.016517,0.983483,1
0.000938,0.999062,1
0.001152,0.998848,1
0.077995,0.922005,1
0.815721,0.184279,0
0.000062,0.999938,1
0.016066,0.983934,1
0.027054,0.972946,1
0.023261,0.976739,1
0.031103,0.968897,1
0.955305,0.044695,0
0.158431,0.841569,1
0.001274,0.998726,1
0.002595,0.997405,1
0.000221,0.999779,1
0.003835,0.996165,1
0.000048,0.999952,1
0.004314,0.995686,1
0.269582,0.730418,1
0.000460,0.999540,1
0.059681,0.940319,1
0.258094,0.741906,1
0.902029,0.097971,0
0.001383,0.998617,1
0.005710,0.994290,1
0.000034,0.999966,1
0.000202,0.999798,1
0.000269,0.999731,1
0.043892,0.956108,1
0.000508,0.999492,1
0.017652,0.982348,1
0.013792,0.986208,1
0.000030,0.999970,1
0.007386,0.992614,1
0.004033,0.995967,1
0.039081,0.960919,1
0.004977,0.995023,1
0.094365,0.905635,1
0.006245,0.993755,1
0.004067,0.995933,1
0.000066,0.999934,1
0.002132,0.997868,1
0.189532,0.810468,1
0.000161,0.999839,1
0.018915,0.981085,1
0.847220,0.152780,0
0.578314,0.421686,0
0.005742,0.994258,1
0.002255,0.997745,1
0.596064,0.403936,0
0.010857,0.989143,1
0.002447,0.997553,1
0.105237,0.894763,1
0.249559,0.750441,1
0.640564,0.359436,0
0.008470,0.991530,1
0.119255,0.880745,1
0.377306,0.622694,1
0.005758,0.994242,1
0.002692,0.997308,1
0.228562,0.771438,1
0.120443,0.879557,1
0.004537,0.995463,1
0.003781,0.996219,1
0.994374,0.005626,0
0.123765,0.876235,1
0.007789,0.992211,1
0.017170,0.982830,1
0.527531,0.472469,0
0.000192,0.999808,1
0.237624,0.762376,1
0.273482,0.726518,1
0.791287,0.208713,0
0.202853,0.797147,1
0.006945,0.993055,1
0.000749,0.999251,1
0.001322,0.998678,1
0.044368,0.955632,1
0.001418,0.998582,1
0.955425,0.044575,0
0.012035,0.987965,1
0.346106,0.653894,1
0.000226,0.999774,1
0.004732,0.995268,1
0.007345,0.992655,1
0.231054,0.768946,1
0.001089,0.998911,1
0.000197,0.999803,1
0.408876,0.591124,1
0.001041,0.998959,1
0.000650,0.999350,1
0.002531,0.997469,1
0.001418,0.998582,1
0.037729,0.962271,1
0.002848,0.997152,1
0.378630,0.621370,1
0.002205,0.997795,1
0.001201,0.998799,1
0.003124,0.996876,1
0.014141,0.985859,1
0.460042,0.539958,1
0.004922,0.995078,1
0.007811,0.992189,1
0.015369,0.984631,1
0.001591,0.998409,1
0.318005,0.681995,1
0.003399,0.996601,1
0.018707,0.981293,1
0.206984,0.793016,1
0.054965,0.945035,1
0.011705,0.988295,1
0.023519,0.976481,1
0.001965,0.998035,1
0.041252,0.958748,1
0.007083,0.992917,1
0.256480,0.743520,1
0.870400,0.129600,0
0.099291,0.900709,1
0.060797,0.939203,1
0.010979,0.989021,1
0.019990,0.980010,1
0.004387,0.995613,1
0.161459,0.838541,1
0.003922,0.996078,1
0.033845,0.966155,1
0.990242,0.009758,0
0.002339,0.997661,1
0.011705,0.988295,1
0.005552,0.994448,1
0.583799,0.416201,0
0.844280,0.155720,0
0.002524,0.997476,1
0.317394,0.682606,1
0.153610,0.846390,1
0.015157,0.984843,1
0.054819,0.945181,1
0.005119,0.994881,1
0.134858,0.865142,1
0.839025,0.160975,0
0.021182,0.978818,1
0.000022,0.999978,1
0.069354,0.930646,1
0.015411,0.984589,1
0.001467,0.998533,1
0.259175,0.740825,1
0.000010,0.999990,1
0.005888,0.994112,1
0.002545,0.997455,1
0.003447,0.996553,1
0.000525,0.999475,1
0.014102,0.985898,1
0.001746,0.998254,1
0.003021,0.996979,1
0.001614,0.998386,1
0.012724,0.987276,1
0.011803,0.988197,1
0.005839,0.994161,1
0.004090,0.995910,1
0.139526,0.860474,1
0.014418,0.985582,1
0.001847,0.998153,1
0.997734,0.002266,0
0.004022,0.995978,1
0.002761,0.997239,1
0.099796,0.900204,1
0.001257,0.998743,1
0.742051,0.257949,0
0.013715,0.986285,1
0.419126,0.580874,1
0.003370,0.996630,1
0.872608,0.127392,0
0.000006,0.999994,1
0.003399,0.996601,1
0.000297,0.999703,1
0.001430,0.998570,1
0.044487,0.955513,1
0.003286,0.996714,1
0.017848,0.982152,1
0.003089,0.996911,1
0.000005,0.999995,1
0.003186,0.996814,1
0.000455,0.999545,1
0.004813,0.995187,1
0.001569,0.998431,1
0.001741,0.998259,1
0.000021,0.999979,1
0.014458,0.985542,1
0.000277,0.999723,1
0.017409,0.982591,1
0.148197,0.851803,1
0.261888,0.738112,1
0.000449,0.999551,1
0.131284,0.868716,1
0.000907,0.999093,1
0.018047,0.981953,1
0.523316,0.476684,0
0.923663,0.076337,0
0.000153,0.999847,1
0.000956,0.999044,1
0.000324,0.999676,1
0.415701,0.584299,1
0.028498,0.971502,1
0.001637,0.998363,1
0.003486,0.996514,1
0.000927,0.999073,1
0.657247,0.342753,0
0.023134,0.976866,1
0.002574,0.997426,1
0.027054,0.972946,1
0.048610,0.951390,1
0.001596,0.998404,1
0.004614,0.995386,1
0.000593,0.999407,1
0.051833,0.948167,1
0.140544,0.859456,1
0.000112,0.999888,1
0.000647,0.999353,1
0.002274,0.997726,1
0.012653,0.987347,1
0.003646,0.996354,1
0.000487,0.999513,1
0.003495,0.996505,1
0.781830,0.218170,0
0.013602,0.986398,1
0.325380,0.674620,1
0.043072,0.956928,1
0.008010,0.991990,1
0.544342,0.455658,0
0.003089,0.996911,1
0.000044,0.999956,1
0.511360,0.488640,0
0.028188,0.971812,1
0.057812,0.942188,1
0.117200,0.882800,1
0.251145,0.748855,1
0.381950,0.618050,1
0.039828,0.960172,1
0.814872,0.185128,0
0.341024,0.658976,1
0.003999,0.996001,1
0.000675,0.999325,1
0.046070,0.953930,1
0.447476,0.552524,1
0.000085,0.999915,1
0.287117,0.712883,1
0.008168,0.991832,1
0.000465,0.999535,1
0.325999,0.674001,1
0.005005,0.994995,1
0.018147,0.981853,1
0.290589,0.709411,1
0.005475,0.994525,1
0.004266,0.995734,1
0.216861,0.783139,1
0.003427,0.996573,1
0.015497,0.984503,1
0.041813,0.958187,1
0.001727,0.998273,1
0.207446,0.792554,1
0.005490,0.994510,1
0.001552,0.998448,1
0.095820,0.904180,1
0.000992,0.999008,1
0.000450,0.999550,1
0.006697,0.993303,1
0.000051,0.999949,1
0.024779,0.975221,1
0.009082,0.990918,1
0.007789,0.992211,1
0.004922,0.995078,1
0.284817,0.715183,1
0.001786,0.998214,1
0.136842,0.863158,1
0.348660,0.651340,1
0.000082,0.999918,1
0.000200,0.999800,1
0.001500,0.998500,1
0.011705,0.988295,1
0.058584,0.941416,1
0.001188,0.998812,1
0.022444,0.977556,1
0.172023,0.827977,1
0.955305,0.044695,0
0.006984,0.993016,1
0.000418,0.999582,1
0.003063,0.996937,1
0.848672,0.151328,0
0.004732,0.995268,1
0.000386,0.999614,1
0.000243,0.999757,1
0.000774,0.999226,1
0.022817,0.977183,1
0.004880,0.995120,1
0.003966,0.996034,1
0.000074,0.999926,1
0.001971,0.998029,1
0.000472,0.999528,1
0.004148,0.995852,1
0.024779,0.975221,1
0.679712,0.320288,0
0.074816,0.925184,1
0.132251,0.867749,1
0.000319,0.999681,1
0.009365,0.990635,1
0.993308,0.006692,0
0.004867,0.995133,1
0.000189,0.999811,1
0.004136,0.995864,1
0.000047,0.999953,1
0.000115,0.999885,1
0.340391,0.659609,1
0.001911,0.998089,1
0.015031,0.984969,1
0.000951,0.999049,1
0.002531,0.997469,1
0.005459,0.994541,1
0.000319,0.999681,1
0.333469,0.666531,1
0.013639,0.986361,1
0.147133,0.852867,1
0.531039,0.468961,0
0.024779,0.975221,1
0.000962,0.999038,1
0.758925,0.241075,0
0.016840,0.983160,1
0.008686,0.991314,1
0.001052,0.998948,1
0.000850,0.999150,1
0.000329,0.999671,1
0.005839,0.994161,1
0.004045,0.995955,1
0.006022,0.993978,1
0.803124,0.196876,0
0.000226,0.999774,1
0.003676,0.996324,1
0.002792,0.997208,1
0.126540,0.873460,1
0.000704,0.999296,1
0.008565,0.991435,1
0.049663,0.950337,1
0.986409,0.013591,0
0.025680,0.974320,1
0.002079,0.997921,1
0.001889,0.998111,1
0.008055,0.991945,1
0.355729,0.644271,1
0.001120,0.998880,1
0.000444,0.999556,1
0.034308,0.965692,1
0.015977,0.984023,1
0.009287,0.990713,1
0.018759,0.981241,1
0.005839,0.994161,1
0.085827,0.914173,1
0.963208,0.036792,0
0.005475,0.994525,1
0.046070,0.953930,1
0.023910,0.976090,1
0.004148,0.995852,1
0.000406,0.999594,1
0.214005,0.785995,1
0.000377,0.999623,1
0.001693,0.998307,1
0.824447,0.175553,0
0.005429,0.994571,1
0.006531,0.993469,1
0.109832,0.890168,1
0.011607,0.988393,1
0.007877,0.992123,1
0.192579,0.807421,1
0.117491,0.882509,1
0.100558,0.899442,1
0.000829,0.999171,1
0.000404,0.999596,1
0.000501,0.999499,1
0.006965,0.993035,1
0.023519,0.976481,1
0.093646,0.906354,1
0.018147,0.981853,1
0.391972,0.608028,1
0.000054,0.999946,1
0.002552,0.997448,1
0.021007,0.978993,1
0.047451,0.952549,1
0.511360,0.488640,0
0.025053,0.974947,1
0.948617,0.051383,0
0.162223,0.837777,1
0.000770,0.999230,1
0.204682,0.795318,1
0.004338,0.995662,1
0.000302,0.999698,1
0.711306,0.288694,0
0.003004,0.996996,1
0.000020,0.999980,1
0.041364,0.958636,1
0.000260,0.999740,1
0.002132,0.997868,1
0.000594,0.999406,1
0.456546,0.543454,1
0.001271,0.998729,1
0.181029,0.818971,1
0.039187,0.960813,1
0.013489,0.986511,1
0.000240,0.999760,1
0.401409,0.598591,1
0.001326,0.998674,1
0.010154,0.989846,1
0.005583,0.994417,1
0.015889,0.984111,1
0.001058,0.998942,1
0.138179,0.861821,1
0.002677,0.997323,1
0.009365,0.990635,1
0.000349,0.999651,1
0.000376,0.999624,1
0.000753,0.999247,1
0.006754,0.993246,1
0.015454,0.984546,1
0.660412,0.339588,0
0.000061,0.999939,1
0.000632,0.999368,1
0.003845,0.996155,1
0.013869,0.986131,1
0.003098,0.996902,1
0.000615,0.999385,1
0.001314,0.998686,1
0.028733,0.971267,1
0.006106,0.993894,1
0.004499,0.995501,1
0.007511,0.992489,1
0.001171,0.998829,1
0.046318,0.953682,1
0.018147,0.981853,1
0.285966,0.714034,1
0.009057,0.990943,1
0.005694,0.994306,1
0.001253,0.998747,1
0.000656,0.999344,1
0.010979,0.989021,1
0.243802,0.756198,1
0.037729,0.962271,1
0.000310,0.999690,1
0.858183,0.141817,0
0.068630,0.931370,1
0.003305,0.996695,1
0.002174,0.997826,1
0.002144,0.997856,1
0.124377,0.875623,1
0.102355,0.897645,1
0.000111,0.999889,1
0.054383,0.945617,1
0.036028,0.963972,1
0.973334,0.026666,0
0.002050,0.997950,1
0.001356,0.998644,1
0.000168,0.999832,1
0.012795,0.987205,1
0.596064,0.403936,0
0.274603,0.725397,1
0.708406,0.291594,0
0.368742,0.631258,1
0.035350,0.964650,1
0.001552,0.998448,1
0.969922,0.030078,0
0.006887,0.993113,1
0.528233,0.471767,0
0.000080,0.999920,1
0.476171,0.523829,1
0.001257,0.998743,1
0.000528,0.999472,1
0.002595,0.997405,1
0.294085,0.705915,1
0.726110,0.273890,0
0.008981,0.991019,1
0.000071,0.999929,1
0.206984,0.793016,1
0.005205,0.994795,1
0.091986,0.908014,1
0.002346,0.997654,1
0.036620,0.963380,1
0.002162,0.997838,1
0.002467,0.997533,1
0.655340,0.344660,0
0.454450,0.545550,1
0.001459,0.998541,1
0.013985,0.986015,1
0.101068,0.898932,1
0.022198,0.977802,1
0.054819,0.945181,1
0.965530,0.034470,0
0.325999,0.674001,1
0.001107,0.998893,1
0.001646,0.998354,1
0.520505,0.479495,0
0.124684,0.875316,1
0.107108,0.892892,1
0.443301,0.556699,1
0.005104,0.994896,1
0.002073,0.997927,1
0.001954,0.998046,1
0.000328,0.999672,1
0.103134,0.896866,1
0.000287,0.999713,1
0.000058,0.999942,1
0.969592,0.030408,0
0.002333,0.997667,1
0.000045,0.999955,1
0.004195,0.995805,1
0.381285,0.618715,1
0.169232,0.830768,1
0.001188,0.998812,1
0.050466,0.949534,1
0.067736,0.932264,1
0.002808,0.997192,1
0.039293,0.960707,1
0.902773,0.097227,0
0.895099,0.104901,0
0.009930,0.990070,1
0.002386,0.997614,1
0.161078,0.838922,1
0.108191,0.891809,1
0.102614,0.897386,1
0.130963,0.869037,1
0.000121,0.999879,1
0.057659,0.942341,1
0.003802,0.996198,1
0.025330,0.974670,1
0.226088,0.773912,1
0.067914,0.932086,1
0.008734,0.991266,1
0.072131,0.927869,1
0.011672,0.988328,1
0.011040,0.988960,1
0.069354,0.930646,1
0.004922,0.995078,1
0.000093,0.999907,1
0.022692,0.977308,1
0.008686,0.991314,1
0.003515,0.996485,1
0.027729,0.972271,1
0.017603,0.982397,1
0.059839,0.940161,1
0.001055,0.998945,1
0.002640,0.997360,1
0.020549,0.979451,1
0.104708,0.895292,1
0.000316,0.999684,1
0.006440,0.993560,1
0.004350,0.995650,1
0.003389,0.996611,1
0.000476,0.999524,1
0.001637,0.998363,1
0.105503,0.894497,1
0.004746,0.995254,1
0.000286,0.999714,1
0.764548,0.235452,0
0.047197,0.952803,1
0.488126,0.511874,1
0.034873,0.965127,1
0.005076,0.994924,1
0.040370,0.959630,1
0.004525,0.995475,1
0.811879,0.188121,0
0.001837,0.998163,1
0.001852,0.998148,1
0.047834,0.952166,1
0.108735,0.891265,1
0.000348,0.999652,1
0.945221,0.054779,0
0.002912,0.997088,1
0.036719,0.963281,1
0.002864,0.997136,1
0.004125,0.995875,1
0.009793,0.990207,1
0.001521,0.998479,1
0.994247,0.005753,0
0.005790,0.994210,1
0.171622,0.828378,1
0.000874,0.999126,1
0.214005,0.785995,1
0.010647,0.989353,1
0.767074,0.232926,0
0.557582,0.442418,0
0.809719,0.190281,0
0.000718,0.999282,1
0.009261,0.990739,1
0.035639,0.964361,1
0.008032,0.991968,1
0.688236,0.311764,0
0.018349,0.981651,1
0.076192,0.923808,1
0.818248,0.181752,0
0.029209,0.970791,1
0.598774,0.401226,0
0.000302,0.999698,1
0.004732,0.995268,1
0.003771,0.996229,1
0.933196,0.066804,0
0.188668,0.811332,1
0.114032,0.885968,1
0.477576,0.522424,1
0.819917,0.180083,0
0.089201,0.910799,1
0.144328,0.855672,1
0.009444,0.990556,1
0.002816,0.997184,1
0.824039,0.175961,0
0.010979,0.989021,1
0.000108,0.999892,1
0.002366,0.997634,1
0.005938,0.994062,1
0.110661,0.889339,1
0.007638,0.992362,1
0.000080,0.999920,1
0.271806,0.728194,1
0.942076,0.057924,0
0.056447,0.943553,1
0.018047,0.981953,1
0.000059,0.999941,1
0.000010,0.999990,1
0.892154,0.107846,0
0.007877,0.992123,1
0.000181,0.999819,1
0.008517,0.991483,1
0.012136,0.987864,1
0.005309,0.994691,1
0.000728,0.999272,1
0.893233,0.106767,0
0.009210,0.990790,1
0.001201,0.998799,1
0.000995,0.999005,1
0.001083,0.998917,1
0.022076,0.977924,1
0.003133,0.996867,1
0.001776,0.998224,1
0.105503,0.894497,1
0.000489,0.999511,1
0.000172,0.999828,1
0.701964,0.298036,0
0.000188,0.999812,1
0.007162,0.992838,1
0.330969,0.669031,1
0.980135,0.019865,0
0.015326,0.984674,1
0.947648,0.052352,0
0.174443,0.825557,1
0.150703,0.849297,1
0.132575,0.867425,1
0.120443,0.879557,1
0.095820,0.904180,1
0.133224,0.866776,1
0.023844,0.976156,1
0.002326,0.997674,1
0.019231,0.980769,1
0.021476,0.978524,1
0.005726,0.994274,1
0.010647,0.989353,1
0.004963,0.995037,1
0.232559,0.767441,1
0.000696,0.999304,1
0.000034,0.999966,1
0.000406,0.999594,1
0.011869,0.988131,1
0.000257,0.999743,1
0.010297,0.989703,1
0.063926,0.936074,1
0.040480,0.959520,1
0.053378,0.946622,1
0.036028,0.963972,1
0.000292,0.999708,1
0.002715,0.997285,1
0.008191,0.991809,1
0.001600,0.998400,1
0.124684,0.875316,1
0.517692,0.482308,0
0.923265,0.076735,0
0.000764,0.999236,1
0.099543,0.900457,1
0.036919,0.963081,1
0.545739,0.454261,0
0.355729,0.644271,1
0.000943,0.999057,1
0.034873,0.965127,1
0.004424,0.995576,1
0.000040,0.999960,1
0.003295,0.996705,1
0.002199,0.997801,1
0.000747,0.999253,1
0.000083,0.999917,1
0.290009,0.709991,1
0.004045,0.995955,1
0.003370,0.996630,1
0.013754,0.986246,1
0.547135,0.452865,0
0.001521,0.998479,1
0.679099,0.320901,0
0.004302,0.995698,1
0.008010,0.991990,1
0.744738,0.255262,0
0.342925,0.657075,1
0.000169,0.999831,1
0.005694,0.994306,1
0.971833,0.028167,0
0.012478,0.987522,1
0.007965,0.992035,1
0.780385,0.219615,0
0.091282,0.908718,1
0.064603,0.935397,1
0.006926,0.993074,1
0.000730,0.999270,1
0.000120,0.999880,1
0.025963,0.974037,1
0.010183,0.989817,1
0.008032,0.991968,1
0.659148,0.340852,0
0.100813,0.899187,1
0.001863,0.998137,1
0.016290,0.983710,1
0.009339,0.990661,1
0.004576,0.995424,1
0.016840,0.983160,1
0.000472,0.999528,1
0.000571,0.999429,1
0.013792,0.986208,1
0.008077,0.991923,1
0.018863,0.981137,1
0.025053,0.974947,1
0.074427,0.925573,1
0.101325,0.898675,1
0.009630,0.990370,1
0.002307,0.997693,1
0.069354,0.930646,1
0.000041,0.999959,1
0.001218,0.998782,1
0.006623,0.993377,1
0.004056,0.995944,1
0.991536,0.008464,0
0.107108,0.892892,1
0.000125,0.999875,1
0.000496,0.999504,1
0.002832,0.997168,1
0.471957,0.528043,1
0.048610,0.951390,1
0.682160,0.317840,0
0.005459,0.994541,1
0.428067,0.571933,1
0.419126,0.580874,1
0.874475,0.125525,0
0.462842,0.537158,1
0.001289,0.998711,1
0.149983,0.850017,1
0.001311,0.998689,1
0.000136,0.999864,1
0.255943,0.744057,1
0.524019,0.475981,0
0.405477,0.594523,1
0.003046,0.996954,1
0.001858,0.998142,1
0.002120,0.997880,1
0.000718,0.999282,1
0.004363,0.995637,1
0.002545,0.997455,1
0.003977,0.996023,1
0.043656,0.956344,1
0.258634,0.741366,1
0.058740,0.941260,1
0.589946,0.410054,0
0.008734,0.991266,1
0.003142,0.996858,1
0.307112,0.692888,1
0.128736,0.871264,1
0.000549,0.999451,1
0.001801,0.998199,1
0.000917,0.999083,1
0.005678,0.994322,1
0.023779,0.976221,1
0.952964,0.047036,0
0.012238,0.987762,1
0.892695,0.107305,0
0.006549,0.993451,1
0.015326,0.984674,1
0.770080,0.229920,0
0.997478,0.002522,0
0.000559,0.999441,1
0.080253,0.919747,1
0.010154,0.989846,1
0.003615,0.996385,1
0.275164,0.724836,1
0.002730,0.997270,1
0.044368,0.955632,1
0.000583,0.999417,1
0.318616,0.681384,1
0.337236,0.662764,1
0.013266,0.986734,1
0.002413,0.997587,1
0.016471,0.983529,1
0.006476,0.993524,1
0.001905,0.998095,1
0.036819,0.963181,1
0.469150,0.530850,1
0.706657,0.293343,0
0.018197,0.981803,1
0.133876,0.866124,1
0.010767,0.989233,1
0.469150,0.530850,1
0.000638,0.999362,1
0.017898,0.982102,1
0.000079,0.999921,1
0.067381,0.932619,1
0.010588,0.989412,1
0.027729,0.972271,1
0.005905,0.994095,1
0.000987,0.999013,1
0.005119,0.994881,1
0.013414,0.986586,1
0.018047,0.981953,1
0.038660,0.961340,1
0.018604,0.981396,1
0.576252,0.423748,0
0.001117,0.998883,1
0.027427,0.972573,1
0.010183,0.989817,1
0.001569,0.998431,1
0.014948,0.985052,1
0.508545,0.491455,0
0.002495,0.997505,1
0.000206,0.999794,1
0.009738,0.990262,1
0.897196,0.102804,0
0.027352,0.972648,1
0.003856,0.996144,1
0.151064,0.848936,1
0.004474,0.995526,1
0.000119,0.999881,1
0.013451,0.986549,1
0.015757,0.984243,1
0.037423,0.962577,1
0.007638,0.992362,1
0.567978,0.432022,0
0.037322,0.962678,1
0.032402,0.967598,1
0.001110,0.998890,1
0.975844,0.024156,0
0.010948,0.989052,1
0.000005,0.999995,1
0.068451,0.931549,1
0.009793,0.990207,1
0.004195,0.995805,1
0.003988,0.996012,1
0.000248,0.999752,1
0.000057,0.999943,1
0.005774,0.994226,1
0.002004,0.997996,1
0.470554,0.529446,1
0.070638,0.929362,1
0.002224,0.997776,1
0.002559,0.997441,1
0.004400,0.995600,1
0.003107,0.996893,1
0.000894,0.999106,1
0.001463,0.998537,1
0.122245,0.877755,1
0.003988,0.996012,1
0.224123,0.775877,1
0.000792,0.999208,1
0.025751,0.974249,1
0.011195,0.988805,1
0.004499,0.995501,1
0.007724,0.992276,1
0.001786,0.998214,1
0.000829,0.999171,1
0.284817,0.715183,1
0.000233,0.999767,1
0.000021,0.999979,1
0.024307,0.975693,1
0.001398,0.998602,1
0.000992,0.999008,1
0.005521,0.994479,1
0.024374,0.975626,1
0.118959,0.881041,1
0.798632,0.201368,0
0.000734,0.999266,1
0.010240,0.989760,1
0.000276,0.999724,1
0.006965,0.993035,1
0.002132,0.997868,1
0.455847,0.544153,1
0.743666,0.256334,0
0.010240,0.989760,1
0.101068,0.898932,1
0.129052,0.870948,1
0.112055,0.887945,1
0.078198,0.921802,1
0.000252,0.999748,1
0.454450,0.545550,1
0.000330,0.999670,1
0.000171,0.999829,1
0.002761,0.997239,1
0.228065,0.771935,1
0.009903,0.990097,1
0.740431,0.259569,0
0.000434,0.999566,1
0.001911,0.998089,1
0.040261,0.959739,1
0.000014,0.999986,1
0.699010,0.300990,0
0.101581,0.898419,1
0.073462,0.926538,1
0.005147,0.994853,1
0.000213,0.999787,1
0.001863,0.998137,1
0.000025,0.999975,1
0.000010,0.999990,1
0.022259,0.977741,1
0.035639,0.964361,1
0.023844,0.976156,1
0.011737,0.988263,1
0.000879,0.999121,1
0.008710,0.991290,1
0.066852,0.933148,1
0.621549,0.378451,0
0.003835,0.996165,1
0.000279,0.999721,1
0.959659,0.040341,0
0.007724,0.992276,1
0.000759,0.999241,1
0.015540,0.984460,1
0.838263,0.161737,0
0.007574,0.992426,1
0.004853,0.995147,1
0.201038,0.798962,1
0.005459,0.994541,1
0.000173,0.999827,1
0.001387,0.998613,1
0.012238,0.987762,1
0.002366,0.997634,1
0.002102,0.997898,1
0.260800,0.739200,1
0.005758,0.994242,1
0.545041,0.454959,0
0.939567,0.060433,0
0.003878,0.996122,1
0.015115,0.984885,1
0.001079,0.998921,1
0.158056,0.841944,1
0.560359,0.439641,0
0.810585,0.189415,0
0.005774,0.994226,1
0.000485,0.999515,1
0.059998,0.940002,1
0.010183,0.989817,1
0.000266,0.999734,1
0.001337,0.998663,1
0.891883,0.108117,0
0.994406,0.005594,0
0.001218,0.998782,1
0.008565,0.991435,1
0.001623,0.998377,1
0.005988,0.994012,1
0.011415,0.988585,1
0.465644,0.534356,1
0.765561,0.234439,0
0.047963,0.952037,1
0.071194,0.928806,1
0.002187,0.997813,1
0.632745,0.367255,0
0.763023,0.236977,0
0.025610,0.974390,1
0.258634,0.741366,1
0.003605,0.996395,1
0.171622,0.828378,1
0.009550,0.990450,1
0.011607,0.988393,1
0.276853,0.723147,1
0.251145,0.748855,1
0.002929,0.997071,1
0.055406,0.944594,1
0.053378,0.946622,1
0.985350,0.014650,0
0.000030,0.999970,1
0.071943,0.928057,1
0.048221,0.951779,1
0.000819,0.999181,1
0.001015,0.998985,1
0.000799,0.999201,1
0.306513,0.693487,1
0.117200,0.882800,1
0.834796,0.165204,0
0.000235,0.999765,1
0.211645,0.788355,1
0.000667,0.999333,1
0.003739,0.996261,1
0.000358,0.999642,1
0.117200,0.882800,1
0.351223,0.648777,1
0.042610,0.957390,1
0.000049,0.999951,1
0.564519,0.435481,0
0.068092,0.931908,1
0.574187,0.425813,0
0.201490,0.798510,1
0.845756,0.154244,0
0.038660,0.961340,1
0.020549,0.979451,1
0.097294,0.902706,1
0.015199,0.984801,1
0.000611,0.999389,1
0.003124,0.996876,1
0.068271,0.931729,1
0.049530,0.950470,1
0.002447,0.997553,1
0.245363,0.754637,1
0.042841,0.957159,1
0.000354,0.999646,1
0.274042,0.725958,1
0.400057,0.599943,1
0.088290,0.911710,1
0.001971,0.998029,1
0.024307,0.975693,1
0.000061,0.999939,1
0.498687,0.501313,1
0.007921,0.992079,1
0.648309,0.351691,0
0.366777,0.633223,1
0.410920,0.589080,1
0.089660,0.910340,1
0.942688,0.057312,0
0.001311,0.998689,1
0.010297,0.989703,1
0.004102,0.995898,1
0.299375,0.700625,1
0.975711,0.024289,0
0.953341,0.046659,0
0.772069,0.227931,0
0.007511,0.992489,1
0.624195,0.375805,0
0.004045,0.995955,1
0.031188,0.968812,1
0.008376,0.991624,1
0.037423,0.962577,1
0.142253,0.857747,1
0.339127,0.660873,1
0.003687,0.996313,1
0.000696,0.999304,1
0.925626,0.074374,0
0.040261,0.959739,1
0.012102,0.987898,1
0.055849,0.944151,1
0.030431,0.969569,1
0.328479,0.671521,1
0.004867,0.995133,1
0.653429,0.346571,0
0.214479,0.785521,1
0.000082,0.999918,1
0.309515,0.690485,1
0.011705,0.988295,1
0.001646,0.998354,1
0.000091,0.999909,1
0.385947,0.614053,1
0.100049,0.899951,1
0.665447,0.334553,0
0.039187,0.960813,1
0.001816,0.998184,1
0.124992,0.875008,1
0.024374,0.975626,1
0.006193,0.993807,1
0.447476,0.552524,1
0.002816,0.997184,1
0.012204,0.987796,1
0.003867,0.996133,1
0.225104,0.774896,1
0.051972,0.948028,1
0.000020,0.999980,1
0.121943,0.878057,1
0.100558,0.899442,1
0.023007,0.976993,1
0.052111,0.947889,1
0.321067,0.678933,1
0.000374,0.999626,1
0.118959,0.881041,1
0.096064,0.903936,1
0.098538,0.901462,1
0.002461,0.997539,1
0.017506,0.982494,1
0.027805,0.972195,1
0.016794,0.983206,1
0.360910,0.639090,1
0.046944,0.953056,1
0.003749,0.996251,1
0.005521,0.994479,1
0.005249,0.994751,1
0.181029,0.818971,1
0.076789,0.923211,1
0.065632,0.934368,1
0.001806,0.998194,1
0.001438,0.998562,1
0.292334,0.707666,1
0.027427,0.972573,1
0.000020,0.999980,1
0.000571,0.999429,1
0.004350,0.995650,1
0.655340,0.344660,0
0.001717,0.998283,1
0.480388,0.519612,1
0.060636,0.939364,1
0.960093,0.039907,0
0.000694,0.999306,1
0.058274,0.941726,1
0.001669,0.998331,1
0.002211,0.997789,1
0.000117,0.999883,1
0.060636,0.939364,1
0.002538,0.997462,1
0.000036,0.999964,1
0.000922,0.999078,1
0.732780,0.267220,0
0.001047,0.998953,1
0.797725,0.202275,0
0.130963,0.869037,1
0.019553,0.980447,1
0.021654,0.978346,1
0.016887,0.983113,1
0.000726,0.999274,1
0.048610,0.951390,1
0.000543,0.999457,1
0.009630,0.990370,1
0.000631,0.999369,1
0.003168,0.996832,1
0.001414,0.998586,1
0.007617,0.992383,1
0.616900,0.383100,0
0.049265,0.950735,1
0.449566,0.550434,1
0.000241,0.999759,1
0.013192,0.986808,1
0.142942,0.857058,1
0.006175,0.993825,1
0.478279,0.521721,1
0.270693,0.729307,1
0.094606,0.905394,1
0.001816,0.998184,1
0.009875,0.990125,1
0.727228,0.272772,0
0.015284,0.984716,1
0.000018,0.999982,1
0.255943,0.744057,1
0.000943,0.999057,1
0.419126,0.580874,1
0.000168,0.999832,1
0.000207,0.999793,1
0.451658,0.548342,1
0.004218,0.995782,1
0.054819,0.945181,1
0.002495,0.997505,1
0.000426,0.999574,1
0.018968,0.981032,1
0.000099,0.999901,1
0.973408,0.026592,0
0.081299,0.918701,1
0.000785,0.999215,1
0.000042,0.999958,1
0.040480,0.959520,1
0.926781,0.073219,0
0.008956,0.991044,1
0.099796,0.900204,1
0.128736,0.871264,1
0.017947,0.982053,1
0.000617,0.999383,1
0.005076,0.994924,1
0.095576,0.904424,1
0.965342,0.034658,0
0.006623,0.993377,1
0.005505,0.994495,1
0.210239,0.789761,1
0.008637,0.991363,1
0.008981,0.991019,1
0.888021,0.111979,0
0.008808,0.991192,1
0.048740,0.951260,1
0.082784,0.917216,1
0.011672,0.988328,1
0.481091,0.518909,1
0.000229,0.999771,1
0.002502,0.997498,1
0.538748,0.461252,0
0.199234,0.800766,1
0.027202,0.972798,1
0.824854,0.175146,0
0.123155,0.876845,1
0.007833,0.992167,1
0.889967,0.110033,0
0.444692,0.555308,1
0.000119,0.999881,1
0.004853,0.995147,1
0.585851,0.414149,0
0.183971,0.816029,1
0.003988,0.996012,1
0.018553,0.981447,1
0.019661,0.980339,1
0.001379,0.998621,1
0.428067,0.571933,1
0.512768,0.487232,0
0.108191,0.891809,1
0.335978,0.664022,1
0.940204,0.059796,0
0.145375,0.854625,1
0.008122,0.991878,1
0.042725,0.957275,1
0.005710,0.994290,1
0.000100,0.999900,1
0.159184,0.840816,1
0.005005,0.994995,1
0.064945,0.935055,1
0.895099,0.104901,0
0.221683,0.778317,1
0.000319,0.999681,1
0.051146,0.948854,1
0.000050,0.999950,1
0.012618,0.987382,1
0.000995,0.999005,1
0.001278,0.998722,1
0.014378,0.985622,1
0.001110,0.998890,1
0.796358,0.203642,0
0.000180,0.999820,1
0.003977,0.996023,1
0.028111,0.971889,1
0.005264,0.994736,1
0.004206,0.995794,1
0.059366,0.940634,1
0.005774,0.994226,1
0.003856,0.996144,1
0.007448,0.992552,1
0.001110,0.998890,1
0.000236,0.999764,1
0.076192,0.923808,1
0.026685,0.973315,1
0.013985,0.986015,1
0.004067,0.995933,1
0.000297,0.999703,1
0.436361,0.563639,1
0.004254,0.995746,1
0.000293,0.999707,1
0.018968,0.981032,1
0.576939,0.423061,0
0.000857,0.999143,1
0.717056,0.282944,0
0.177301,0.822699,1
0.001246,0.998754,1
0.334722,0.665278,1
0.840918,0.159082,0
0.004242,0.995758,1
0.000935,0.999065,1
0.000159,0.999841,1
0.000092,0.999908,1
0.011479,0.988521,1
0.007532,0.992468,1
0.550622,0.449378,0
0.000002,0.999998,1
0.003813,0.996187,1
0.003408,0.996592,1
0.997257,0.002743,0
0.030765,0.969235,1
0.000682,0.999318,1
0.369398,0.630602,1
0.012136,0.987864,1
0.162223,0.837777,1
0.000019,0.999981,1
0.005790,0.994210,1
0.001333,0.998667,1
0.830875,0.169125,0
0.803124,0.196876,0
0.003081,0.996919,1
0.001847,0.998153,1
0.203309,0.796691,1
0.009418,0.990582,1
0.001367,0.998633,1
0.195663,0.804337,1
0.000477,0.999523,1
0.012902,0.987098,1
0.000338,0.999662,1
0.243802,0.756198,1
0.900777,0.099223,0
0.230055,0.769945,1
0.014865,0.985135,1
0.012102,0.987898,1
0.136178,0.863822,1
0.000342,0.999658,1
0.016887,0.983113,1
0.067914,0.932086,1
0.001646,0.998354,1
0.001211,0.998789,1
0.576939,0.423061,0
0.441911,0.558089,1
0.251145,0.748855,1
0.313744,0.686256,1
0.857496,0.142504,0
0.001543,0.998457,1
0.000329,0.999671,1
0.001434,0.998566,1
0.004537,0.995463,1
0.103918,0.896082,1
0.094606,0.905394,1
0.000032,0.999968,1
0.007043,0.992957,1
0.812309,0.187691,0
0.053094,0.946906,1
0.004550,0.995450,1
0.283099,0.716901,1
0.222169,0.777831,1
0.000764,0.999236,1
0.013564,0.986436,1
0.231054,0.768946,1
0.182705,0.817295,1
0.023519,0.976481,1
0.007987,0.992013,1
0.002211,0.997789,1
0.672930,0.327070,0
0.000445,0.999555,1
0.000048,0.999952,1
0.000280,0.999720,1
0.006754,0.993246,1
0.002566,0.997434,1
0.001459,0.998541,1
0.001012,0.998988,1
0.213059,0.786941,1
0.006586,0.993414,1
0.362861,0.637139,1
0.016517,0.983483,1
0.505024,0.494976,0
0.234576,0.765424,1
0.002467,0.997533,1
0.002769,0.997231,1
0.068811,0.931189,1
0.003323,0.996677,1
0.010014,0.989986,1
0.000016,0.999984,1
0.003966,0.996034,1
0.607538,0.392462,0
0.005490,0.994510,1
0.003142,0.996858,1
0.183548,0.816452,1
0.935782,0.064218,0
0.099291,0.900709,1
0.061769,0.938231,1
0.006754,0.993246,1
0.075011,0.924989,1
0.007511,0.992489,1
0.002010,0.997990,1
0.000159,0.999841,1
0.112055,0.887945,1
0.012548,0.987452,1
0.232559,0.767441,1
0.000053,0.999947,1
0.016887,0.983113,1
0.000111,0.999889,1
0.003625,0.996375,1
0.952711,0.047289,0
0.124377,0.875623,1
0.004400,0.995600,1
0.002126,0.997874,1
0.102355,0.897645,1
0.028111,0.971889,1
0.032579,0.967421,1
0.018968,0.981032,1
0.021955,0.978045,1
0.053950,0.946050,1
0.000698,0.999302,1
0.002848,0.997152,1
0.004183,0.995817,1
0.016021,0.983979,1
0.167262,0.832738,1
0.027805,0.972195,1
0.003760,0.996240,1
0.000056,0.999944,1
0.002307,0.997693,1
0.000023,0.999977,1
0.005047,0.994953,1
0.403441,0.596559,1
0.036819,0.963181,1
0.546437,0.453563,0
0.001454,0.998546,1
0.183971,0.816029,1
0.025260,0.974740,1
0.005047,0.994953,1
0.440522,0.559478,1
0.049663,0.950337,1
0.001521,0.998479,1
0.436361,0.563639,1
0.026467,0.973533,1
0.000083,0.999917,1
0.133549,0.866451,1
0.000002,0.999998,1
0.001583,0.998417,1
0.007833,0.992167,1
0.929781,0.070219,0
0.001375,0.998625,1
0.164146,0.835854,1
0.013377,0.986623,1
0.004387,0.995613,1
0.029855,0.970145,1
0.001637,0.998363,1
0.438441,0.561559,1
0.003955,0.996045,1
0.611560,0.388440,0
0.006887,0.993113,1
0.017947,0.982053,1
0.951685,0.048315,0
0.000163,0.999837,1
0.031963,0.968037,1
0.106839,0.893161,1
0.003222,0.996778,1
0.405477,0.594523,1
0.094606,0.905394,1
0.013985,0.986015,1
0.000981,0.999019,1
0.013229,0.986771,1
0.010797,0.989203,1
0.001475,0.998525,1
0.007304,0.992696,1
0.001318,0.998682,1
0.004576,0.995424,1
0.000119,0.999881,1
0.017799,0.982201,1
0.695442,0.304558,0
0.000125,0.999875,1
0.001619,0.998381,1
0.132251,0.867749,1
0.360910,0.639090,1
0.024441,0.975559,1
0.006193,0.993807,1
0.029129,0.970871,1
0.049530,0.950470,1
0.004375,0.995625,1
0.082784,0.917216,1
0.004022,0.995978,1
0.033206,0.966794,1
0.001348,0.998652,1
0.008145,0.991855,1
0.000026,0.999974,1
0.011195,0.988805,1
0.003585,0.996415,1
0.006175,0.993825,1
0.143981,0.856019,1
0.013119,0.986881,1
0.912674,0.087326,0
0.000287,0.999713,1
0.005726,0.994274,1
0.001406,0.998594,1
0.031703,0.968297,1
0.993156,0.006844,0
0.006245,0.993755,1
0.002856,0.997144,1
0.003063,0.996937,1
0.001344,0.998656,1
0.001583,0.998417,1
0.001360,0.998640,1
0.000141,0.999859,1
0.108191,0.891809,1
0.071568,0.928432,1
0.143634,0.856366,1
0.002313,0.997687,1
0.515582,0.484418,0
0.960523,0.039477,0
0.002730,0.997270,1
0.000454,0.999546,1
0.083427,0.916573,1
0.232057,0.767943,1
0.003408,0.996592,1
0.000948,0.999052,1
0.012759,0.987241,1
0.000003,0.999997,1
0.007899,0.992101,1
0.144328,0.855672,1
0.011511,0.988489,1
0.049530,0.950470,1
0.274603,0.725397,1
0.007427,0.992573,1
0.000272,0.999728,1
0.376644,0.623356,1
0.001257,0.998743,1
0.062591,0.937409,1
0.421872,0.578128,1
0.252206,0.747794,1
0.298195,0.701805,1
0.239671,0.760329,1
0.001438,0.998562,1
0.014102,0.985898,1
0.001139,0.998861,1
0.483905,0.516095,1
0.226088,0.773912,1
0.014220,0.985780,1
0.001229,0.998771,1
0.005872,0.994128,1
0.006422,0.993578,1
0.011226,0.988774,1
0.014259,0.985741,1
0.000194,0.999806,1
0.000012,0.999988,1
0.902029,0.097971,0
0.004266,0.995734,1
0.140884,0.859116,1
0.413650,0.586350,1
0.007324,0.992676,1
0.111775,0.888225,1
0.006531,0.993469,1
0.643154,0.356846,0
0.888580,0.111420,0
0.000133,0.999867,1
0.257555,0.742445,1
0.000260,0.999740,1
0.009577,0.990423,1
0.000010,0.999990,1
0.045333,0.954667,1
0.004563,0.995437,1
0.002937,0.997063,1
0.105503,0.894497,1
0.009339,0.990661,1
0.000935,0.999065,1
0.143634,0.856366,1
0.000037,0.999963,1
0.000096,0.999904,1
0.004266,0.995734,1
0.002243,0.997757,1
0.487423,0.512577,1
0.799536,0.200464,0
0.011737,0.988263,1
0.000436,0.999564,1
0.014220,0.985780,1
0.003186,0.996814,1
0.002920,0.997080,1
0.000455,0.999545,1
0.001430,0.998570,1
0.000047,0.999953,1
0.406156,0.593844,1
0.840918,0.159082,0
0.000263,0.999737,1
0.003063,0.996937,1
0.599450,0.400550,0
0.807977,0.192023,0
0.000087,0.999913,1
0.001619,0.998381,1
0.351223,0.648777,1
0.001155,0.998845,1
0.564519,0.435481,0
0.001113,0.998887,1
0.174038,0.825962,1
0.636664,0.363336,0
0.071381,0.928619,1
0.038975,0.961025,1
0.694247,0.305753,0
0.021007,0.978993,1
0.083859,0.916141,1
0.700193,0.299807,0
0.013639,0.986361,1
0.002406,0.997594,1
0.004067,0.995933,1
0.136178,0.863822,1
0.002138,0.997862,1
0.003505,0.996495,1
0.000439,0.999561,1
0.009159,0.990841,1
0.466345,0.533655,1
0.000245,0.999755,1
0.009903,0.990097,1
0.474766,0.525234,1
0.018097,0.981903,1
0.986633,0.013367,0
0.000253,0.999747,1
0.407516,0.592484,1
0.002090,0.997910,1
0.324145,0.675855,1
0.042495,0.957505,1
0.838644,0.161356,0
0.106303,0.893697,1
0.534545,0.465455,0
0.005399,0.994601,1
0.010588,0.989412,1
0.012866,0.987134,1
0.831665,0.168335,0
0.775520,0.224480,0
0.012938,0.987062,1
0.083859,0.916141,1
0.014865,0.985135,1
0.010326,0.989674,1
0.567978,0.432022,0
0.100303,0.899697,1
0.232559,0.767441,1
0.012170,0.987830,1
0.975171,0.024829,0
0.002379,0.997621,1
0.151788,0.848212,1
0.001669,0.998331,1
0.384613,0.615387,1
0.823220,0.176780,0
0.000034,0.999966,1
0.996468,0.003532,0
0.000336,0.999664,1
0.946803,0.053197,0
0.487423,0.512577,1
0.000505,0.999495,1
0.874475,0.125525,0
0.001333,0.998667,1
0.042153,0.957847,1
0.027277,0.972723,1
0.641212,0.358788,0
0.029129,0.970871,1
0.000847,0.999153,1
0.000054,0.999946,1
0.776499,0.223501,0
0.795900,0.204100,0
0.408876,0.591124,1
0.002274,0.997726,1
0.003286,0.996714,1
0.008857,0.991143,1
0.044607,0.955393,1
0.422559,0.577441,1
0.145725,0.854275,1
0.917701,0.082299,0
0.056747,0.943253,1
0.009550,0.990450,1
0.000318,0.999682,1
0.000912,0.999088,1
0.094365,0.905635,1
0.001578,0.998422,1
0.003845,0.996155,1
0.004487,0.995513,1
0.007638,0.992362,1
0.242247,0.757753,1
0.612229,0.387771,0
0.065632,0.934368,1
0.234576,0.765424,1
0.002595,0.997405,1
0.001552,0.998448,1
0.000060,0.999940,1
0.000894,0.999106,1
0.000618,0.999382,1
0.429446,0.570554,1
0.000028,0.999972,1
0.017701,0.982299,1
0.000810,0.999190,1
0.000567,0.999433,1
0.333469,0.666531,1
0.009392,0.990608,1
0.183548,0.816452,1
0.193896,0.806104,1
0.001517,0.998483,1
0.000785,0.999215,1
0.744738,0.255262,0
0.007043,0.992957,1
0.000441,0.999559,1
0.000567,0.999433,1
0.000636,0.999364,1
0.114317,0.885683,1
0.000684,0.999316,1
0.287694,0.712306,1
0.000056,0.999944,1
0.538048,0.461952,0
0.001422,0.998578,1
0.045946,0.954054,1
0.034308,0.965692,1
0.008283,0.991717,1
0.004350,0.995650,1
0.632090,0.367910,0
0.000810,0.999190,1
0.001916,0.998084,1
0.008832,0.991168,1
0.076390,0.923610,1
0.526126,0.473874,0
0.728345,0.271655,0
0.003749,0.996251,1
0.001756,0.998244,1
0.023713,0.976287,1
0.001756,0.998244,1
0.990404,0.009596,0
0.001410,0.998590,1
0.269582,0.730418,1
0.023976,0.976024,1
0.000336,0.999664,1
0.010126,0.989874,1
0.000010,0.999990,1
0.000451,0.999549,1
0.005309,0.994691,1
0.003012,0.996988,1
0.829285,0.170715,0
0.353794,0.646206,1
0.002268,0.997732,1
0.000239,0.999761,1
0.004746,0.995254,1
0.106839,0.893161,1
0.842793,0.157207,0
0.005614,0.994386,1
0.009657,0.990343,1
0.008882,0.991118,1
0.206061,0.793939,1
0.001900,0.998100,1
0.222657,0.777343,1
0.304719,0.695281,1
0.002224,0.997776,1
0.186521,0.813479,1
0.004102,0.995898,1
0.004338,0.995662,1
0.022943,0.977057,1
0.000764,0.999236,1
0.212116,0.787884,1
0.004218,0.995782,1
0.867836,0.132164,0
0.003988,0.996012,1
0.001467,0.998533,1
0.000353,0.999647,1
0.003900,0.996100,1
0.007532,0.992468,1
0.014378,0.985622,1
0.006926,0.993074,1
0.000013,0.999987,1
0.060157,0.939843,1
0.001459,0.998541,1
0.184818,0.815182,1
0.095576,0.904424,1
0.005521,0.994479,1
0.725549,0.274451,0
0.020834,0.979166,1
0.000396,0.999604,1
0.002937,0.997063,1
0.003666,0.996334,1
0.004693,0.995307,1
0.000995,0.999005,1
0.000640,0.999360,1
0.010042,0.989958,1
0.148553,0.851447,1
0.002707,0.997293,1
0.031616,0.968384,1
0.078198,0.921802,1
0.167262,0.832738,1
0.109283,0.890717,1
0.109832,0.890168,1
0.127164,0.872836,1
0.000560,0.999440,1
0.167262,0.832738,1
0.002738,0.997262,1
0.056597,0.943403,1
0.783746,0.216254,0
0.989390,0.010610,0
0.781349,0.218651,0
0.455148,0.544852,1
0.034030,0.965970,1
0.007427,0.992573,1
0.085827,0.914173,1
0.000503,0.999497,1
0.213059,0.786941,1
0.001117,0.998883,1
0.671689,0.328311,0
0.034496,0.965504,1
0.027427,0.972573,1
0.007243,0.992757,1
0.000706,0.999294,1
0.133876,0.866124,1
0.050063,0.949937,1
0.009261,0.990739,1
0.254872,0.745128,1
0.000694,0.999306,1
0.003646,0.996354,1
0.001132,0.998868,1
0.143288,0.856712,1
0.025680,0.974320,1
0.000951,0.999049,1
0.001333,0.998667,1
0.040480,0.959520,1
0.851899,0.148101,0
0.012653,0.987347,1
0.502912,0.497088,0
0.027805,0.972195,1
0.687026,0.312974,0
0.002180,0.997820,1
0.748998,0.251002,0
0.001761,0.998239,1
0.000471,0.999529,1
0.636664,0.363336,0
0.000091,0.999909,1
0.009159,0.990841,1
0.932312,0.067688,0
0.211645,0.788355,1
0.006679,0.993321,1
0.755819,0.244181,0
0.027352,0.972648,1
0.050063,0.949937,1
0.000193,0.999807,1
0.200134,0.799866,1
0.076789,0.923211,1
0.005475,0.994525,1
0.002085,0.997915,1
0.374003,0.625997,1
0.011071,0.988929,1
0.252206,0.747794,1
0.000606,0.999394,1
0.003012,0.996988,1
0.006440,0.993560,1
0.007574,0.992426,1
0.000012,0.999988,1
0.006193,0.993807,1
0.007365,0.992635,1
0.967886,0.032114,0
0.001605,0.998395,1
0.018349,0.981651,1
0.085386,0.914614,1
0.003878,0.996122,1
0.001938,0.998062,1
0.064264,0.935736,1
0.091282,0.908718,1
0.393315,0.606685,1
0.000589,0.999411,1
0.000675,0.999325,1
0.001032,0.998968,1
0.266267,0.733733,1
0.211176,0.788824,1
0.155820,0.844180,1
0.324145,0.675855,1
0.128420,0.871580,1
0.024307,0.975693,1
0.000445,0.999555,1
0.001061,0.998939,1
0.052952,0.947048,1
0.047451,0.952549,1
0.002313,0.997687,1
0.028498,0.971502,1
0.171222,0.828778,1
0.000298,0.999702,1
0.005774,0.994226,1
0.940834,0.059166,0
0.000067,0.999933,1
0.007043,0.992957,1
0.000058,0.999942,1
0.000022,0.999978,1
0.603501,0.396499,0
0.608881,0.391119,0
0.049663,0.950337,1
0.688840,0.311160,0
0.026035,0.973965,1
0.945945,0.054055,0
0.000836,0.999164,1
0.000473,0.999527,1
0.021714,0.978286,1
0.316784,0.683216,1
0.373344,0.626656,1
0.003249,0.996751,1
0.002061,0.997939,1
0.017458,0.982542,1
0.000038,0.999962,1
0.009930,0.990070,1
0.007063,0.992937,1
0.006262,0.993738,1
0.003055,0.996945,1
0.006716,0.993284,1
0.000702,0.999298,1
0.034215,0.965785,1
0.021476,0.978524,1
0.027128,0.972872,1
0.004732,0.995268,1
0.002559,0.997441,1
0.542245,0.457755,0
0.003142,0.996858,1
0.001761,0.998239,1
0.041030,0.958970,1
0.000243,0.999757,1
0.114888,0.885112,1
0.000436,0.999564,1
0.009471,0.990529,1
0.075994,0.924006,1
0.000141,0.999859,1
0.010647,0.989353,1
0.006792,0.993208,1
0.036126,0.963874,1
0.022137,0.977863,1
0.105769,0.894231,1
0.014783,0.985217,1
0.001426,0.998574,1
0.033026,0.966974,1
0.012902,0.987098,1
0.021182,0.978818,1
0.041030,0.958970,1
0.001126,0.998874,1
0.000011,0.999989,1
0.643154,0.356846,0
0.026685,0.973315,1
0.000943,0.999057,1
0.000138,0.999862,1
0.005005,0.994995,1
0.000420,0.999580,1
0.012653,0.987347,1
0.140884,0.859116,1
0.004772,0.995228,1
0.010737,0.989263,1
0.352508,0.647492,1
0.002904,0.997096,1
0.047578,0.952422,1
0.022943,0.977057,1
0.309515,0.690485,1
0.000206,0.999794,1
0.009903,0.990097,1
0.004326,0.995674,1
0.002180,0.997820,1
0.112898,0.887102,1
0.161078,0.838922,1
0.037020,0.962980,1
0.585167,0.414833,0
0.061444,0.938556,1
0.421872,0.578128,1
0.130005,0.869995,1
0.048610,0.951390,1
0.393315,0.606685,1
0.000803,0.999197,1
0.001260,0.998740,1
0.371369,0.628631,1
0.056147,0.943853,1
0.843166,0.156834,0
0.005279,0.994721,1
0.000255,0.999745,1
0.001463,0.998537,1
0.022320,0.977680,1
0.146780,0.853220,1
0.007553,0.992447,1
0.857840,0.142160,0
0.005191,0.994809,1
0.287694,0.712306,1
0.111217,0.888783,1
0.002406,0.997594,1
0.074039,0.925961,1
0.012759,0.987241,1
0.922059,0.077941,0
0.645091,0.354909,0
0.000237,0.999763,1
0.001239,0.998761,1
0.014824,0.985176,1
0.004136,0.995864,1
0.020267,0.979733,1
0.019607,0.980393,1
0.016021,0.983979,1
0.086493,0.913507,1
0.374003,0.625997,1
0.005104,0.994896,1
0.005872,0.994128,1
0.507137,0.492863,0
0.149625,0.850375,1
0.043422,0.956578,1
0.000904,0.999096,1
0.132575,0.867425,1
0.002236,0.997764,1
0.034496,0.965504,1
0.000033,0.999967,1
0.086271,0.913729,1
0.000288,0.999712,1
0.000070,0.999930,1
0.000239,0.999761,1
0.005414,0.994586,1
0.978658,0.021342,0
0.353151,0.646849,1
0.002970,0.997030,1
0.001543,0.998457,1
0.018915,0.981085,1
0.024108,0.975892,1
0.001285,0.998715,1
0.003792,0.996208,1
0.010014,0.989986,1
0.001600,0.998400,1
0.071568,0.928432,1
0.009287,0.990713,1
0.001987,0.998013,1
0.000321,0.999679,1
0.008613,0.991387,1
0.156563,0.843437,1
0.458643,0.541357,1
0.108735,0.891265,1
0.000057,0.999943,1
0.001418,0.998582,1
0.010154,0.989846,1
0.001426,0.998574,1
0.787541,0.212459,0
0.000505,0.999495,1
0.002333,0.997667,1
0.001943,0.998057,1
0.004799,0.995201,1
0.010918,0.989082,1
0.000012,0.999988,1
0.000096,0.999904,1
0.632090,0.367910,0
0.486015,0.513985,1
0.015199,0.984801,1
0.000027,0.999973,1
0.048871,0.951129,1
0.000128,0.999872,1
0.244321,0.755679,1
0.004474,0.995526,1
0.000228,0.999772,1
0.000606,0.999394,1
0.002912,0.997088,1
0.032402,0.967598,1
0.017075,0.982925,1
0.004183,0.995817,1
0.000528,0.999472,1
0.000232,0.999768,1
0.000147,0.999853,1
0.124377,0.875623,1
0.255407,0.744593,1
0.328479,0.671521,1
0.585167,0.414833,0
0.006907,0.993093,1
0.446083,0.553917,1
0.515582,0.484418,0
0.017361,0.982639,1
0.001500,0.998500,1
0.021182,0.978818,1
0.000456,0.999544,1
0.000024,0.999976,1
0.000045,0.999955,1
0.000115,0.999885,1
0.048221,0.951779,1
0.117200,0.882800,1
0.085386,0.914614,1
0.069173,0.930827,1
0.000060,0.999940,1
0.001083,0.998917,1
0.032579,0.967421,1
0.001390,0.998610,1
0.003222,0.996778,1
0.000009,0.999991,1
0.382615,0.617385,1
0.228065,0.771935,1
0.070085,0.929915,1
0.000712,0.999288,1
0.065805,0.934195,1
0.002132,0.997868,1
0.457944,0.542056,1
0.348660,0.651340,1
0.655976,0.344024,0
0.000167,0.999833,1
0.000044,0.999956,1
0.352508,0.647492,1
0.446780,0.553220,1
0.010042,0.989958,1
0.118959,0.881041,1
0.002090,0.997910,1
0.816988,0.183012,0
0.091282,0.908718,1
0.713039,0.286961,0
0.029049,0.970951,1
0.909711,0.090289,0
0.000030,0.999970,1
0.020492,0.979508,1
0.572809,0.427191,0
0.664192,0.335808,0
0.001018,0.998982,1
0.066501,0.933499,1
0.040153,0.959847,1
0.787541,0.212459,0
0.000450,0.999550,1
0.026979,0.973021,1
0.002352,0.997648,1
0.006106,0.993894,1
0.053378,0.946622,1
0.195220,0.804780,1
0.794524,0.205476,0
0.033937,0.966063,1
0.086939,0.913061,1
0.879039,0.120961,0
0.404798,0.595202,1
0.000015,0.999985,1
0.002856,0.997144,1
0.068451,0.931549,1
0.726110,0.273890,0
0.002669,0.997331,1
0.012618,0.987382,1
0.000409,0.999591,1
0.007304,0.992696,1
0.340391,0.659609,1
0.003418,0.996582,1
0.081509,0.918491,1
0.159184,0.840816,1
0.029449,0.970551,1
0.011968,0.988032,1
0.001646,0.998354,1
0.090816,0.909184,1
0.003656,0.996344,1
0.051557,0.948443,1
0.146428,0.853572,1
0.788012,0.211988,0
0.021955,0.978045,1
0.330346,0.669654,1
0.028655,0.971345,1
0.052530,0.947470,1
0.013192,0.986808,1
0.972967,0.027033,0
0.018656,0.981344,1
0.000852,0.999148,1
0.036819,0.963181,1
0.000031,0.999969,1
0.004218,0.995782,1
0.009471,0.990529,1
0.044248,0.955752,1
0.001296,0.998704,1
0.066326,0.933674,1
0.006072,0.993928,1
0.012974,0.987026,1
0.821987,0.178013,0
0.315566,0.684434,1
0.979296,0.020704,0
0.066852,0.933148,1
0.003545,0.996455,1
0.169232,0.830768,1
0.035063,0.964937,1
0.087163,0.912837,1
0.000032,0.999968,1
0.016110,0.983890,1
0.000225,0.999775,1
0.270137,0.729863,1
0.023779,0.976221,1
0.123765,0.876235,1
0.000584,0.999416,1
0.411602,0.588398,1
0.002574,0.997426,1
0.002730,0.997270,1
0.004079,0.995921,1
0.199234,0.800766,1
0.002144,0.997856,1
0.012238,0.987762,1
0.586534,0.413466,0
0.053378,0.946622,1
0.656612,0.343388,0
0.009657,0.990343,1
0.994390,0.005610,0
0.004067,0.995933,1
0.020045,0.979955,1
0.038244,0.961756,1
0.398030,0.601970,1
0.320453,0.679547,1
0.004113,0.995887,1
0.001020,0.998980,1
0.001158,0.998842,1
0.222657,0.777343,1
0.002495,0.997505,1
0.005742,0.994258,1
0.262978,0.737022,1
0.927731,0.072269,0
0.000381,0.999619,1
0.001438,0.998562,1
0.007921,0.992079,1
0.007702,0.992298,1
0.003305,0.996695,1
0.000824,0.999176,1
0.608210,0.391790,0
0.245363,0.754637,1
0.355729,0.644271,1
0.004230,0.995770,1
0.000549,0.999451,1
0.150703,0.849297,1
0.004853,0.995147,1
0.743128,0.256872,0
0.000755,0.999245,1
0.735529,0.264471,0
0.005176,0.994824,1
0.677870,0.322130,0
0.026759,0.973241,1
0.762514,0.237486,0
0.134530,0.865470,1
0.000013,0.999987,1
0.002236,0.997764,1
0.031530,0.968470,1
0.000012,0.999988,1
0.850114,0.149886,0
0.009133,0.990867,1
0.003342,0.996658,1
0.001348,0.998652,1
0.299966,0.700034,1
0.000019,0.999981,1
0.003038,0.996962,1
0.001513,0.998487,1
0.775029,0.224971,0
0.003476,0.996524,1
0.000002,0.999998,1
0.051146,0.948854,1
0.000195,0.999805,1
0.152151,0.847849,1
0.000006,0.999994,1
0.000654,0.999346,1
0.008565,0.991435,1
0.344832,0.655168,1
0.001543,0.998457,1
0.000003,0.999997,1
0.000322,0.999678,1
0.170026,0.829974,1
0.044368,0.955632,1
0.744202,0.255798,0
0.000006,0.999994,1
0.505024,0.494976,0
0.018349,0.981651,1
0.006055,0.993945,1
0.068811,0.931189,1
0.000308,0.999692,1
0.023779,0.976221,1
0.002531,0.997469,1
0.006549,0.993451,1
0.139864,0.860136,1
0.114032,0.885968,1
0.895627,0.104373,0
0.045211,0.954789,1
0.112616,0.887384,1
0.000925,0.999075,1
0.349300,0.650700,1
0.000115,0.999885,1
0.127477,0.872523,1
0.000071,0.999929,1
0.127791,0.872209,1
0.000956,0.999044,1
0.004278,0.995722,1
0.013526,0.986474,1
0.003867,0.996133,1
0.702553,0.297447,0
0.000069,0.999931,1
0.152151,0.847849,1
0.010154,0.989846,1
0.029611,0.970389,1
0.054673,0.945327,1
0.000324,0.999676,1
0.004437,0.995563,1
0.002962,0.997038,1
0.287694,0.712306,1
0.008100,0.991900,1
0.013414,0.986586,1
0.349300,0.650700,1
0.008446,0.991554,1
0.009604,0.990396,1
0.151426,0.848574,1
0.001646,0.998354,1
0.001873,0.998127,1
0.024042,0.975958,1
0.012974,0.987026,1
0.006512,0.993488,1
0.153610,0.846390,1
0.002454,0.997546,1
0.005955,0.994045,1
0.009108,0.990892,1
0.152515,0.847485,1
0.000051,0.999949,1
0.685813,0.314187,0
0.840541,0.159459,0
0.004056,0.995944,1
0.000940,0.999060,1
0.000037,0.999963,1
0.027881,0.972119,1
0.081089,0.918911,1
0.045333,0.954667,1
0.008686,0.991314,1
0.003535,0.996465,1
0.001003,0.998997,1
0.068451,0.931549,1
0.004499,0.995501,1
0.591308,0.408692,0
0.007063,0.992937,1
0.000229,0.999771,1
0.000189,0.999811,1
0.737715,0.262285,0
0.001023,0.998977,1
0.949028,0.050972,0
0.326618,0.673382,1
0.022320,0.977680,1
0.441911,0.558089,1
0.000233,0.999767,1
0.031789,0.968211,1
0.198337,0.801663,1
0.002800,0.997200,1
0.970086,0.029914,0
0.002816,0.997184,1
0.033937,0.966063,1
0.086493,0.913507,1
0.005806,0.994194,1
0.001329,0.998671,1
0.001454,0.998546,1
0.830478,0.169522,0
0.124992,0.875008,1
0.011447,0.988553,1
0.031188,0.968812,1
0.054673,0.945327,1
0.542245,0.457755,0
0.237114,0.762886,1
0.001596,0.998404,1
0.005353,0.994647,1
0.011289,0.988711,1
0.648309,0.351691,0
0.027653,0.972347,1
0.041588,0.958412,1
0.000135,0.999865,1
0.000071,0.999929,1
0.000902,0.999098,1
0.003845,0.996155,1
0.018863,0.981137,1
0.770080,0.229920,0
0.016701,0.983299,1
0.835571,0.164429,0
0.049530,0.950470,1
0.020380,0.979620,1
0.457245,0.542755,1
0.034589,0.965411,1
0.007877,0.992123,1
0.000378,0.999622,1
0.000020,0.999980,1
0.000048,0.999952,1
0.116618,0.883382,1
0.886896,0.113104,0
0.002015,0.997985,1
0.000487,0.999513,1
0.150703,0.849297,1
0.258094,0.741906,1
0.026759,0.973241,1
0.039081,0.960919,1
0.029530,0.970470,1
0.047578,0.952422,1
0.001587,0.998413,1
0.094125,0.905875,1
0.431518,0.568482,1
0.077793,0.922207,1
0.093646,0.906354,1
0.071755,0.928245,1
0.001641,0.998359,1
0.007304,0.992696,1
0.002929,0.997071,1
0.003802,0.996198,1
0.447476,0.552524,1
0.001578,0.998422,1
0.212587,0.787413,1
0.002372,0.997628,1
0.030849,0.969151,1
0.144328,0.855672,1
0.133876,0.866124,1
0.007574,0.992426,1
0.019661,0.980339,1
0.000740,0.999260,1
0.002640,0.997360,1
0.524019,0.475981,0
0.001307,0.998693,1
0.118959,0.881041,1
0.002268,0.997732,1
0.003151,0.996849,1
0.003900,0.996100,1
0.000545,0.999455,1
0.272364,0.727636,1
0.000083,0.999917,1
0.003999,0.996001,1
0.001253,0.998747,1
0.223633,0.776367,1
0.099796,0.900204,1
0.000096,0.999904,1
0.000326,0.999674,1
0.042610,0.957390,1
0.151426,0.848574,1
0.044011,0.955989,1
0.021299,0.978701,1
0.000077,0.999923,1
0.000576,0.999424,1
0.002987,0.997013,1
0.010948,0.989052,1
0.036620,0.963380,1
0.011447,0.988553,1
0.046070,0.953930,1
0.000312,0.999688,1
0.011575,0.988425,1
0.015845,0.984155,1
0.013639,0.986361,1
0.002359,0.997641,1
0.000111,0.999889,1
0.269582,0.730418,1
0.035063,0.964937,1
0.009287,0.990713,1
0.010857,0.989143,1
0.001379,0.998621,1
0.028970,0.971030,1
0.961888,0.038112,0
0.385947,0.614053,1
0.003314,0.996686,1
0.218781,0.781219,1
0.001344,0.998656,1
0.024042,0.975958,1
0.229059,0.770941,1
0.000704,0.999296,1
0.641212,0.358788,0
0.387283,0.612717,1
0.000068,0.999932,1
0.010098,0.989902,1
0.008832,0.991168,1
0.267921,0.732079,1
0.003258,0.996742,1
0.069354,0.930646,1
0.027653,0.972347,1
0.429446,0.570554,1
0.000263,0.999737,1
0.507841,0.492159,0
0.003802,0.996198,1
0.064945,0.935055,1
0.000747,0.999253,1
0.009133,0.990867,1
0.005490,0.994510,1
0.161078,0.838922,1
0.519099,0.480901,0
0.249559,0.750441,1
0.001104,0.998896,1
0.224613,0.775387,1
0.011803,0.988197,1
0.000017,0.999983,1
0.490238,0.509762,1
0.221197,0.778803,1
0.879637,0.120363,0
0.005662,0.994338,1
0.010618,0.989382,1
0.002722,0.997278,1
0.001430,0.998570,1
0.721039,0.278961,0
0.171622,0.828378,1
0.003771,0.996229,1
0.069902,0.930098,1
0.186521,0.813479,1
0.248506,0.751494,1
0.099039,0.900961,1
0.868159,0.131841,0
0.000070,0.999930,1
0.004894,0.995106,1
0.004963,0.995037,1
0.003466,0.996534,1
0.595385,0.404615,0
0.438441,0.561559,1
0.132899,0.867101,1
0.022817,0.977183,1
0.977635,0.022365,0
0.003575,0.996425,1
0.003565,0.996435,1
0.315566,0.684434,1
0.929597,0.070403,0
0.000285,0.999715,1
0.000133,0.999867,1
0.006422,0.993578,1
0.093169,0.906831,1
0.161459,0.838541,1
0.003437,0.996563,1
0.295842,0.704158,1
0.005662,0.994338,1
0.259716,0.740284,1
0.831270,0.168730,0
0.931418,0.068582,0
0.001329,0.998671,1
0.004079,0.995921,1
0.377968,0.622032,1
0.279681,0.720319,1
0.032226,0.967774,1
0.000531,0.999469,1
0.316784,0.683216,1
0.010887,0.989113,1
0.031789,0.968211,1
0.034589,0.965411,1
0.004033,0.995967,1
0.028265,0.971735,1
0.939886,0.060114,0
0.167262,0.832738,1
0.008931,0.991069,1
0.036819,0.963181,1
0.061120,0.938880,1
0.000840,0.999160,1
0.956493,0.043507,0
0.008168,0.991832,1
0.326618,0.673382,1
0.035063,0.964937,1
0.008613,0.991387,1
0.311323,0.688677,1
0.033753,0.966247,1
0.206984,0.793016,1
0.009287,0.990713,1
0.000152,0.999848,1
0.868803,0.131197,0
0.005583,0.994417,1
0.052111,0.947889,1
0.000372,0.999628,1
0.018759,0.981241,1
0.004022,0.995978,1
0.000073,0.999927,1
0.041813,0.958187,1
0.000200,0.999800,1
0.770578,0.229422,0
0.003133,0.996867,1
0.000150,0.999850,1
0.010098,0.989902,1
0.022692,0.977308,1
0.007595,0.992405,1
0.002126,0.997874,1
0.001863,0.998137,1
0.961263,0.038737,0
0.006262,0.993738,1
0.965153,0.034847,0
0.317394,0.682606,1
0.004338,0.995662,1
0.027881,0.972119,1
0.077591,0.922409,1
0.514879,0.485121,0
0.000163,0.999837,1
0.010979,0.989021,1
0.070085,0.929915,1
0.024985,0.975015,1
0.019126,0.980874,1
0.014063,0.985937,1
0.013869,0.986131,1
0.010126,0.989874,1
0.009471,0.990529,1
0.003792,0.996208,1
0.026906,0.973094,1
0.677255,0.322745,0
0.001375,0.998625,1
0.001483,0.998517,1
0.009184,0.990816,1
0.913790,0.086210,0
0.000005,0.999995,1
0.008637,0.991363,1
0.804013,0.195987,0
0.008734,0.991266,1
0.003966,0.996034,1
0.009365,0.990635,1
0.072699,0.927301,1
0.073080,0.926920,1
0.005599,0.994401,1
0.084076,0.915924,1
0.001152,0.998848,1
0.004512,0.995488,1
0.766570,0.233430,0
0.006280,0.993720,1
0.020436,0.979564,1
0.854720,0.145280,0
0.612898,0.387102,0
0.003222,0.996778,1
0.001895,0.998105,1
0.810153,0.189847,0
0.002096,0.997904,1
0.001026,0.998974,1
0.149625,0.850375,1
0.008010,0.991990,1
0.000499,0.999501,1
0.065632,0.934368,1
0.000799,0.999201,1
0.336607,0.663393,1
0.001609,0.998391,1
0.001552,0.998448,1
0.000338,0.999662,1
0.010471,0.989529,1
0.003933,0.996067,1
0.027653,0.972347,1
0.000176,0.999824,1
0.034030,0.965970,1
0.005646,0.994354,1
0.007243,0.992757,1
0.982700,0.017300,0
0.000128,0.999872,1
0.037322,0.962678,1
0.969674,0.030326,0
0.000219,0.999781,1
0.004813,0.995187,1
0.417755,0.582245,1
0.004148,0.995852,1
0.824039,0.175961,0
0.641860,0.358140,0
0.001496,0.998504,1
0.930148,0.069852,0
0.005726,0.994274,1
0.147842,0.852158,1
0.490238,0.509762,1
0.002205,0.997795,1
0.027653,0.972347,1
0.027653,0.972347,1
0.028577,0.971423,1
0.000930,0.999070,1
0.220713,0.779287,1
0.000331,0.999669,1
0.057659,0.942341,1
0.155820,0.844180,1
0.004991,0.995009,1
0.019126,0.980874,1
0.032490,0.967510,1
0.559665,0.440335,0
0.913790,0.086210,0
0.054094,0.945906,1
0.000056,0.999944,1
0.000115,0.999885,1
0.000314,0.999686,1
0.000618,0.999382,1
0.001900,0.998100,1
0.001717,0.998283,1
0.008857,0.991143,1
0.000094,0.999906,1
0.000984,0.999016,1
0.001916,0.998084,1
0.000613,0.999387,1
0.000070,0.999930,1
0.389290,0.610710,1
0.015757,0.984243,1
0.042956,0.957044,1
0.006368,0.993632,1
0.007595,0.992405,1
0.011968,0.988032,1
0.747937,0.252063,0
0.001117,0.998883,1
0.000260,0.999740,1
0.006175,0.993825,1
0.005235,0.994765,1
0.003635,0.996365,1
0.000032,0.999968,1
0.013946,0.986054,1
0.029773,0.970227,1
0.986854,0.013146,0
0.797270,0.202730,0
0.414334,0.585666,1
0.441911,0.558089,1
0.002079,0.997921,1
0.025892,0.974108,1
0.779418,0.220582,0
0.001126,0.998874,1
0.006926,0.993074,1
0.007142,0.992858,1
0.293501,0.706499,1
0.177301,0.822699,1
0.794984,0.205016,0
0.001517,0.998483,1
0.000004,0.999996,1
0.029611,0.970389,1
0.008981,0.991019,1
0.071008,0.928992,1
0.046318,0.953682,1
0.575564,0.424436,0
0.007043,0.992957,1
0.032936,0.967064,1
0.001954,0.998046,1
0.593348,0.406652,0
0.734980,0.265020,0
0.011770,0.988230,1
0.771573,0.228427,0
0.015626,0.984374,1
0.030681,0.969319,1
0.011226,0.988774,1
0.001905,0.998095,1
0.032050,0.967950,1
0.000057,0.999943,1
0.001665,0.998335,1
0.000877,0.999123,1
0.002413,0.997587,1
0.012866,0.987134,1
0.003595,0.996405,1
0.029289,0.970711,1
0.172827,0.827173,1
0.001232,0.998768,1
0.032138,0.967862,1
0.004022,0.995978,1
0.000014,0.999986,1
0.927920,0.072080,0
0.002625,0.997375,1
0.000292,0.999708,1
0.000455,0.999545,1
0.520505,0.479495,0
0.058740,0.941260,1
0.002274,0.997726,1
0.002015,0.997985,1
0.215430,0.784570,1
0.089660,0.910340,1
0.000158,0.999842,1
0.679099,0.320901,0
0.005294,0.994706,1
0.995641,0.004359,0
0.612229,0.387771,0
0.005076,0.994924,1
0.188237,0.811763,1
0.004113,0.995887,1
0.153977,0.846023,1
0.592668,0.407332,0
0.005790,0.994210,1
0.000416,0.999584,1
0.314351,0.685649,1
0.322912,0.677088,1
0.011607,0.988393,1
0.066501,0.933499,1
0.001717,0.998283,1
0.010979,0.989021,1
0.115175,0.884825,1
0.000034,0.999966,1
0.000017,0.999983,1
0.201944,0.798056,1
0.377968,0.622032,1
0.017750,0.982250,1
0.432209,0.567791,1
0.007943,0.992057,1
0.007324,0.992676,1
0.006965,0.993035,1
0.013082,0.986918,1
0.001371,0.998629,1
0.000643,0.999357,1
0.000539,0.999461,1
0.000978,0.999022,1
0.105769,0.894231,1
0.003046,0.996954,1
0.001318,0.998682,1
0.008783,0.991217,1
0.031018,0.968982,1
0.820333,0.179667,0
0.950638,0.049362,0
0.000940,0.999060,1
0.012902,0.987098,1
0.978481,0.021519,0
0.471957,0.528043,1
0.037934,0.962066,1
0.436361,0.563639,1
0.003204,0.996796,1
0.017028,0.982972,1
0.000002,0.999998,1
0.008145,0.991855,1
0.039721,0.960279,1
0.053378,0.946622,1
0.238135,0.761865,1
0.017799,0.982201,1
0.920836,0.079164,0
0.636664,0.363336,0
0.294085,0.705915,1
0.430827,0.569173,1
0.187378,0.812622,1
0.010677,0.989323,1
0.021714,0.978286,1
0.010014,0.989986,1
0.335350,0.664650,1
0.012795,0.987205,1
0.370711,0.629289,1
0.340391,0.659609,1
0.000041,0.999959,1
0.251145,0.748855,1
0.136178,0.863822,1
0.000147,0.999853,1
0.001232,0.998768,1
0.000166,0.999834,1
0.028034,0.971966,1
0.018553,0.981447,1
0.316784,0.683216,1
0.003389,0.996611,1
0.143981,0.856019,1
0.006984,0.993016,1
0.000439,0.999561,1
0.004183,0.995817,1
0.005774,0.994226,1
0.006811,0.993189,1
0.940834,0.059166,0
0.004922,0.995078,1
0.088517,0.911483,1
0.169629,0.830371,1
0.860903,0.139097,0
0.000049,0.999951,1
0.023390,0.976610,1
0.005019,0.994981,1
0.048350,0.951650,1
0.747937,0.252063,0
0.778448,0.221552,0
0.972063,0.027937,0
0.065978,0.934022,1
0.024712,0.975288,1
0.016245,0.983755,1
0.000150,0.999850,1
0.001129,0.998871,1
0.028970,0.971030,1
0.308913,0.691087,1
0.075206,0.924794,1
0.096064,0.903936,1
0.159939,0.840061,1
0.031616,0.968384,1
0.103918,0.896082,1
0.000384,0.999616,1
0.003687,0.996313,1
0.011511,0.988489,1
0.000618,0.999382,1
0.014865,0.985135,1
