accX,accY
-0.182021,2.870581
0.430505,3.210673
0.376467,2.050735
-0.082628,3.734135
-1.188379,1.780398
0.065264,1.450933
-0.261207,2.515519
-0.775687,3.757486
0.02425,2.992577
-0.030536,3.48176
-0.511037,2.186054
-0.304916,2.20701
2.41403,-0.132025
-1.469045,2.08696
-0.513732,1.550027
-0.783022,1.873504
-0.675246,3.257975
-0.839305,4.024531
-0.358954,3.091371
0.092508,1.415457
1.480272,0.710123
0.563428,1.332379
1.921255,0.766556
1.73579,0.642763
0.352517,2.420616
1.494792,2.405498
-1.252296,2.936743
1.021027,2.326312
2.152224,1.932631
0.329465,3.974984
0.54352,2.995122
0.844993,2.182761
-0.37497,1.951043
-1.411265,0.627046
1.199905,0.587379
-1.248105,3.046465
-0.658032,2.721341
0.474064,4.05387
0.246388,2.611469
-0.330213,1.958976
0.202529,1.943708
-0.23097,4.793632
1.004262,1.642684
-0.886457,2.886597
-0.633782,2.030677
-0.022304,0.643212
-1.391057,2.648742
1.763633,1.427881
-0.50011,1.799558
-0.945584,1.725013
0.329315,4.078569
0.709674,1.556763
0.194745,3.171006
-0.387544,0.643811
0.299527,2.227817
-0.032333,4.308041
-0.287253,1.30334
-0.352068,3.410508
-1.170715,2.059866
-1.266965,1.69268
-0.090861,3.14496
-0.283361,3.527115
1.819317,2.306703
0.584834,2.154769
0.084424,2.3802
0.30761,1.06264
-0.1684,2.885849
-0.054337,1.513652
-0.877625,3.223397
-0.348475,2.200275
1.028661,0.279619
1.387614,1.607956
0.475262,1.943708
0.111518,2.897674
1.046174,0.762215
0.839454,1.736689
0.116158,1.334026
-0.114811,2.945126
0.543819,2.381098
0.077688,0.71162
-0.239801,2.546205
-0.281564,2.354005
-0.393532,1.378184
-0.684676,3.672313
1.12042,2.297123
0.28351,1.403931
-0.556992,5.075945
-1.080453,2.759811
-0.068707,2.474804
-0.034129,3.560795
-0.021106,2.73152
-0.89948,2.191593
0.149389,3.658392
1.228645,3.477119
-0.016017,3.49119
1.977687,0.697549
0.974623,0.869542
0.800984,1.318309
-0.679287,3.1017
-0.054038,3.862568
-0.00958,2.690206
-0.915646,0.94259
0.290546,3.445685
-0.238754,3.447481
-0.912802,1.132545
-0.956511,2.941683
0.806972,0.673
-0.584834,1.355431
-0.357307,2.479594
-0.136666,3.560496
-0.389191,3.768863
-0.231269,3.194058
0.176483,1.400937
0.241298,1.585204
-0.102537,3.461552
0.002844,0.851879
0.571512,0.652493
-0.510289,1.575025
0.051044,2.456991
-1.118923,1.138832
-0.829874,1.547332
-0.200733,2.780917
1.242865,1.334176
0.774939,2.345173
-0.652793,1.208587
0.911305,1.915567
0.130678,3.402425
0.404459,3.04422
0.179028,1.01459
-0.859213,2.393972
-0.273332,1.190774
0.190105,3.245251
-1.143472,1.460962
1.381028,-0.447569
-0.6013,1.238974
-0.118853,2.362537
-0.309407,1.697171
-0.760568,3.383564
-0.662822,1.563948
-0.057181,2.46223
-0.59157,1.982178
-0.179028,2.593207
1.578018,1.896706
-0.958906,2.435885
-0.856519,3.598367
-0.95232,3.670218
-0.309107,1.204395
-1.324146,2.676883
-1.175356,0.39428
0.75518,1.552871
0.293091,1.454825
-0.701591,1.789978
-0.705184,4.07318
1.723516,0.844095
0.349523,2.139052
-0.051493,2.249971
-0.49547,2.401007
-2.203717,-0.616418
-0.285905,4.022585
0.32722,1.361419
1.569337,0.290246
-0.057031,2.158362
-0.062121,3.230432
1.143173,1.344055
-0.407902,3.182382
0.6013,3.440895
0.123194,4.230503
-0.297282,4.230652
-0.011825,3.47188
-0.401315,3.152744
0.154628,1.456322
-0.792003,2.708767
-0.927471,3.328179
-0.231718,1.727108
-0.094903,2.463427
0.941542,1.510808
-0.685275,2.224973
0.360151,2.628235
-0.039817,2.85172
-0.587079,2.450554
-0.110171,3.901187
0.25492,3.093467
-0.287402,3.627257
0.365989,2.287393
0.369432,1.114582
0.055085,2.344724
0.334854,-0.39907
-0.539029,2.18785
-1.212628,2.591711
0.38455,2.394421
0.334554,3.703149
0.671653,2.431843
0.260758,2.583478
-0.484393,2.384092
-0.248184,1.506916
0.31719,2.699935
-0.332758,2.495311
0.479752,0.959804
0.190554,2.182611
0.813409,0.526455
-0.368833,2.884202
-2.54845,1.671424
0.070952,3.847299
-0.63019,1.368155
-0.002545,2.070644
-0.226928,2.820734
-0.324226,2.689308
0.354463,2.253564
1.146915,1.370251
-0.350721,0.863105
-0.399968,3.268304
0.159269,1.433569
-0.556692,0.628543
-0.506846,2.780917
0.288001,1.661096
-0.584684,2.56312
0.652643,0.973875
-0.276325,3.37563
-0.33201,0.831671
0.098795,3.191513
-0.436941,2.271077
0.049846,1.106948
0.233814,1.45213
-0.709525,3.766767
-0.51942,3.330724
0.771496,1.220113
0.510289,2.206412
0.237257,-0.27408
0.794997,1.024919
-0.065713,1.908531
-0.126936,3.458259
-1.350492,3.894302
1.260229,1.965563
0.592468,0.533042
-0.115859,1.863774
0.511037,1.886228
1.012195,2.182911
-0.567171,1.62996
-0.624651,2.358346
0.427062,1.517844
-0.399669,3.311414
0.454605,1.599873
-0.027692,1.72157
0.765059,1.778601
0.375719,4.19353
-0.91849,2.147584
-1.511557,2.686014
0.582139,2.349963
-0.828976,2.6691
-0.017963,1.845961
1.031954,0.937351
0.528551,1.490301
-0.08173,2.849175
-0.414039,2.255959
0.546663,3.961961
0.824336,2.804119
-0.829874,1.95703
1.282084,2.583927
-0.497715,1.432072
0.98121,2.528242
-0.262404,2.155667
0.833317,1.300645
0.028441,3.052752
-0.278271,2.046993
0.011526,2.636617
0.261506,1.96182
-0.709674,3.021766
0.147743,1.730102
-0.22588,4.250411
-0.083227,2.43828
1.840722,2.949317
-1.551224,2.420018
0.818498,1.21188
-0.996777,3.892505
0.462538,2.917433
-0.021256,2.108815
-0.583786,2.761158
-0.450563,4.030219
0.068408,3.542533
-0.675845,0.980012
0.291145,2.801574
-0.61537,0.292791
-0.191302,0.150737
-0.194595,2.422413
0.327669,1.183738
0.102836,3.976331
-0.268691,2.042054
-0.109123,2.100732
0.664618,3.081791
-0.959804,1.606908
0.207469,1.47608
-0.290546,1.328188
-0.142204,2.953508
-0.426014,1.469794
-0.157622,2.867886
-0.724493,2.480941
0.421523,1.74582
-0.621358,0.234113
-0.045954,1.156794
-0.325872,2.104025
-0.133522,1.989513
-0.652643,5.74161
-0.801882,1.763782
0.353864,2.352358
-1.704955,3.351381
0.268991,2.551444
0.470921,2.099684
0.908311,1.3945
-0.905617,2.780917
-0.494572,0.156125
-1.120869,2.968627
1.669927,1.549578
0.785117,0.58199
0.162412,0.544717
-1.133593,3.716322
-1.579964,1.241668
2.040407,1.340762
0.56747,2.189048
-0.005239,3.46739
-0.93271,1.97185
-0.262853,2.896926
0.47107,1.898652
0.106728,1.890718
-0.214055,2.868485
-0.925076,2.445614
0.167951,2.054029
0.790656,-0.639021
0.128283,2.017804
0.685275,3.500171
0.83661,3.451523
-0.180525,3.599714
-0.37018,2.279011
0.687969,0.652643
0.404758,2.781067
0.808169,0.546663
0.117655,1.84671
0.126637,3.339705
0.801284,4.420757
0.31734,2.906506
0.364791,2.537374
-0.327369,1.966461
1.070274,1.833238
-0.47601,3.887117
0.414937,0.94259
-0.473465,3.193459
-0.585433,0.988245
0.075293,2.225871
-0.52915,1.266816
1.307681,0.148192
-0.570913,2.771487
-0.217049,2.338886
0.112566,2.391128
0.892294,0.708776
-0.597707,1.145867
-1.152004,1.671275
1.329835,1.288521
-0.261057,1.837279
-0.191901,3.415897
0.181423,2.132016
0.385748,2.492617
1.008603,3.922892
-0.269589,1.852847
0.212109,2.052382
0.934806,1.532813
-1.179846,1.849404
1.434617,1.243464
-0.262704,3.04871
0.18741,1.783092
-0.513582,3.354674
1.00007,1.959126
0.167202,2.167792
-0.056283,2.94303
0.352517,2.118245
-0.77883,1.852997
-0.182321,1.651815
1.188079,-0.082329
0.554896,3.18343
-0.251776,0.771496
-0.006586,1.480122
0.422422,1.854344
-1.435814,2.094445
0.136516,2.095792
-0.753234,-0.069007
-0.106429,3.227738
-1.551374,0.455203
-1.44285,1.466351
0.086969,2.016307
-0.360151,1.184038
0.544867,2.059268
0.541723,2.398762
-0.193997,2.913541
-0.838107,1.124162
-0.167801,1.475482
0.212259,2.848277
-0.535736,1.966311
0.356559,1.853895
0.336351,0.193398
-0.193248,2.920427
-0.678389,1.680406
0.084574,3.448678
-1.100212,1.478775
-0.445623,4.61146
-0.239502,2.843188
-0.208516,3.28926
-0.966091,2.297722
-0.213905,3.465294
0.690215,1.042432
0.540825,0.724643
-0.22618,1.372945
0.178579,0.848585
0.184417,-0.381856
1.849853,2.872527
-0.743354,2.204765
-0.330812,2.353406
-0.280367,1.33687
-0.291294,3.613785
-1.367406,0.330962
-0.130529,1.65885
-0.604892,2.095043
0.066462,2.359843
0.725242,2.367028
0.059576,3.792663
-0.063917,0.364193
-0.664768,1.551673
0.203876,0.361648
0.151635,3.301834
-0.541424,1.345103
-0.286953,2.786905
-0.376767,2.804867
0.337997,3.642076
0.858615,0.431553
-0.106129,3.669469
0.428409,1.457818
-0.174687,1.835184
0.933609,2.28889
-0.305215,2.604135
0.071701,1.906136
-0.649948,1.941014
-0.161065,3.310366
-0.310005,2.118395
-0.58199,1.327889
-0.757575,2.727628
0.602048,0.286205
-0.136516,2.331552
0.356858,3.01039
-0.4329,2.29847
0.030087,2.934198
-0.389789,2.616259
0.023052,3.222349
0.313598,1.945654
-0.110171,-0.285756
0.282463,0.627645
-0.396825,1.277444
-0.49053,1.272953
-0.256716,2.886897
-1.134641,3.728447
0.700244,0.945883
0.423469,1.306633
1.739682,1.957479
0.206421,0.48589
0.719554,3.03928
-0.59172,3.300636
-0.058977,3.389701
0.461341,3.276087
0.971929,0.903371
-0.292492,1.884132
-0.404758,2.776726
1.176703,1.070274
-0.728834,1.355132
-0.308059,2.295327
0.248783,1.711691
0.319436,1.351839
0.181572,2.140848
0.233514,1.293909
1.176703,1.443299
-0.372276,2.588866
0.953966,1.814826
-0.385149,1.696422
-1.801504,0.472567
0.059426,1.501827
-0.124391,0.858764
-0.234562,3.119812
-0.720302,2.22183
-0.306113,2.328707
-0.463436,-0.073797
0.087418,2.031725
-0.657133,1.401386
-0.401914,4.160448
0.226629,-0.095202
0.150287,1.891916
0.411494,1.689088
-1.261876,3.014881
1.66873,1.9717
-0.326621,1.535357
-0.803529,2.041754
0.700992,0.853076
-0.679437,1.313818
-0.045505,3.35198
-1.540147,1.344654
1.459016,2.652484
-0.37512,-0.003742
1.544339,2.642455
0.039069,0.708177
0.23576,2.740351
-0.884211,1.913022
-0.732128,2.452051
-0.608634,2.528392
-0.445923,3.591931
-1.181792,3.791915
-1.092279,0.521665
-0.800835,1.055455
0.160017,2.227368
-0.505199,1.825005
-0.315095,1.753154
-1.145717,3.701503
0.29339,3.081193
-0.396974,2.847229
-1.006657,1.7313
-0.909808,1.950145
-0.135319,1.721271
0.640219,1.897604
0.817899,1.952091
-0.481399,1.941463
-0.532892,3.889661
-0.108674,2.84184
-0.583038,4.03441
0.722248,1.524729
0.756676,3.676654
0.293091,3.703149
0.551453,1.658701
0.086221,-0.303269
0.365091,2.29383
-0.248483,3.570375
-0.606389,1.880539
2.413581,1.974843
0.948278,2.579586
-1.382824,2.199227
1.547482,-0.093256
-0.44218,1.752705
-0.203876,3.144361
0.223934,2.83241
-0.541424,-0.443977
0.75997,0.586031
-0.186362,3.111579
0.44263,3.207081
0.47122,2.123335
-1.186582,-0.108824
1.055455,3.142415
-1.110391,3.76033
0.47107,1.583557
1.02896,1.199456
1.829046,1.295855
1.792971,1.388213
0.209415,2.191143
-0.42302,2.491718
1.487157,1.770967
-0.238155,1.93308
-0.137265,3.524122
0.070354,3.060087
0.055684,3.786077
0.458796,0.233365
0.367785,0.42781
0.470023,2.598147
-0.34623,0.820893
-0.389191,2.72658
0.814456,1.786834
0.299078,1.473087
0.459245,2.468068
1.814826,2.907853
-1.360072,3.982319
1.02432,2.410138
-1.235082,2.354454
-0.678689,1.91856
-0.041164,1.047372
-0.427361,1.691033
-0.344883,2.6688
-0.73587,2.972668
0.796643,0.086071
-0.976719,0.177231
0.016915,4.167633
1.189127,1.509012
-0.434097,2.064956
-0.01422,1.948947
-0.067959,-1.17341
-0.457149,3.509302
-0.982407,1.683399
0.214953,0.9378
0.301473,1.395997
0.74515,2.901716
-0.511187,1.555415
-1.019829,-0.067659
0.406405,2.415078
-0.239352,2.436633
0.148342,2.75562
-0.645458,2.557432
0.03847,2.60144
-1.095871,1.177901
0.054636,2.283951
1.035846,1.599574
-0.051044,2.295027
-1.170865,2.523602
-0.847238,2.006877
-0.566272,2.584076
-0.670156,3.151247
2.052083,0.772843
-0.887504,1.560206
2.127077,0.478555
-0.569117,2.148482
1.336271,2.595602
1.058,1.281785
1.258882,1.222358
-0.660277,3.334616
0.058828,3.659141
0.61567,0.502505
-0.274529,1.843267
1.111139,1.703458
0.260009,3.791316
0.84155,1.644929
0.202978,2.100582
1.666035,1.898203
0.218845,2.311344
-0.321831,1.469794
-1.344953,4.684059
-0.250579,3.876489
0.802332,1.503623
-1.326541,1.973197
-0.260458,3.204686
-0.556842,1.64942
-0.419128,2.082769
0.535736,2.376458
1.006208,1.200204
0.518073,1.903741
0.165256,2.316283
0.415835,2.410288
0.027543,1.413062
-0.380509,2.87582
-0.386796,1.584605
0.918939,2.043101
-0.580792,2.278262
-0.433798,4.04414
0.025597,0.424368
0.790207,2.597548
0.71192,1.970652
0.127834,2.508633
-0.623903,5.842201
-0.440085,4.096681
-0.494272,1.58221
0.493075,1.78878
1.059347,2.436184
0.998274,1.781895
0.133373,2.423311
0.397274,1.920057
1.041235,0.600252
-0.425415,2.203119
0.00464,0.090711
0.107477,1.916614
0.844394,1.47623
0.46643,3.889362
-0.974025,3.284769
-0.546663,1.391357
-0.255668,1.15395
-0.560734,0.970133
-0.450264,2.722239
1.168171,2.026037
0.145348,3.400778
0.570314,2.291435
-0.255519,2.768343
1.480122,-0.418829
-0.297881,0.371078
0.202529,2.627187
-0.046553,2.561623
-0.05299,3.404071
-0.852926,0.839305
-0.332908,1.53416
-0.054786,1.794468
-0.292342,1.805994
0.301473,1.25978
0.121547,1.08659
0.233664,3.441044
-1.370101,2.214196
-0.368833,1.550775
0.064666,3.213967
-0.001497,2.459535
0.047152,1.795816
-0.213755,3.108436
1.025068,1.372646
0.756377,0.573008
-0.858615,3.190914
-0.219294,2.210453
-0.634231,1.203647
-0.616568,6.016439
0.335452,1.902394
-0.210013,0.830323
0.065414,0.584385
-1.087489,3.849395
0.531844,4.540209
0.65878,1.768572
0.069905,3.300187
-0.578397,3.901637
1.657952,1.171913
0.90382,2.4046
-0.114961,4.676126
0.175735,3.153193
0.675845,3.272046
0.29324,1.815724
0.501457,1.267863
0.344134,1.905388
-0.311353,1.436413
0.288151,2.692451
0.580493,2.929558
-0.079634,0.394579
-0.253872,0.798739
0.44233,2.302512
1.669927,1.581461
-0.417482,3.58744
0.719254,0.109123
-1.055904,1.538052
0.486488,3.414849
0.60594,0.501607
1.22625,0.035776
-0.453108,3.511398
-1.134341,3.576363
0.006287,1.344205
-0.633183,2.99108
-1.03869,1.701661
0.111069,1.675316
-0.166304,3.116669
-0.074994,4.497098
-0.075443,2.251019
-0.551603,2.732268
0.147892,1.879641
-0.720302,3.085234
0.420775,3.909121
0.602198,-0.152832
-0.225282,2.030977
-0.84619,3.510799
-0.453856,1.107697
0.558339,2.338737
-0.275128,1.296753
-0.404758,3.718717
-0.179776,2.824327
0.147593,4.764442
-0.962349,1.686543
1.137934,1.031355
-1.049917,3.588787
-0.583636,2.786156
1.622027,3.523523
0.266147,3.186573
-0.887953,1.316063
0.845741,1.326691
-1.035846,1.563948
-0.026645,2.522554
0.032782,2.479294
-0.623603,2.347419
-0.250878,1.757196
-0.156724,2.716401
-0.34638,2.969974
0.544717,3.201692
-0.508493,0.448916
-1.206641,2.414479
0.388891,2.211651
-0.15852,1.648073
-0.703088,1.324595
0.098645,1.542393
-0.597258,3.281626
-0.437091,1.923949
-0.69246,2.843637
-0.310903,2.340832
-0.398172,2.328258
0.008532,1.631158
1.064137,1.436862
-0.522414,1.794019
0.884511,1.361718
0.049697,1.422492
-0.328118,2.875969
-0.069306,2.233206
-0.097747,2.834356
0.114362,3.875142
-0.438887,2.533332
-0.046404,3.557951
0.389939,2.950664
0.193997,2.932851
-0.733175,3.598667
-0.69261,2.628534
0.159119,3.397186
0.07694,2.223476
0.024549,2.662513
-0.728086,1.24062
-0.65878,2.967878
-1.343606,4.018992
-0.51957,1.44764
0.888552,1.377136
1.225651,0.090562
-0.227078,2.68796
0.426313,3.87125
0.252076,2.610122
-0.189506,3.515739
0.574954,2.356999
-0.111967,1.967509
0.04805,2.064507
1.337618,0.808319
-0.237107,3.893703
-0.980162,1.390758
-0.636327,1.367706
0.37527,1.00501
0.357756,2.226769
0.201631,2.568958
1.598526,1.161884
-0.564476,2.582579
-0.983305,1.063089
0.731229,2.427951
0.273332,2.745141
-0.742606,3.025209
0.328417,1.61589
-1.115181,2.480192
-0.029938,3.457211
-0.470172,4.466412
-0.082628,1.860331
1.222208,2.069297
0.223186,3.806584
-0.336201,1.955384
0.028441,3.052752
0.207918,4.187243
-0.195493,1.355282
0.439336,0.948128
-0.505349,2.090852
-0.056133,2.119592
0.034129,1.415307
-0.78886,2.380799
0.189057,3.014731
-0.46164,3.170856
-0.412243,0.908161
-0.097597,3.650908
0.129181,3.432961
-1.003513,1.273103
-0.474064,2.152374
-0.138612,2.426155
1.480122,-0.177231
0.79814,0.891696
0.343236,3.147505
0.229922,2.870132
0.176034,2.302811
1.100362,0.580044
0.445773,2.025588
-0.919238,1.859134
-1.391057,2.730322
-0.559536,1.907334
0.826282,0.109422
3.123704,2.694696
-0.323926,1.928589
-0.377066,2.633923
0.271386,1.771117
-1.267414,1.947301
0.272134,0.199535
-3.54433,0.689616
0.155527,3.805985
-0.20672,0.835413
-0.317639,2.625241
-0.347278,2.609374
-0.106878,3.319048
-0.196392,2.401306
0.577948,1.763932
0.314646,2.82298
0.066013,1.806893
-1.23104,1.369502
-0.113614,3.001259
0.013023,0.890947
-0.10598,1.272055
0.712219,2.586022
-0.951721,1.217269
-0.521815,1.419947
-0.866398,3.071313
-0.395328,1.723067
0.07679,4.691544
-0.165406,0.000898
0.463436,1.733545
0.862506,3.167413
0.151036,3.165916
-0.459245,0.288001
-0.653092,1.293161
0.171094,1.149759
0.155826,2.734663
0.815504,0.376018
-0.797542,1.139281
-0.256267,1.431473
0.204026,2.030827
-0.16361,1.440904
0.025896,1.388962
0.606389,1.775159
-0.539778,2.716102
0.20193,1.780996
1.977687,0.053589
-0.595611,3.096611
-0.378712,0.173489
1.283281,0.674198
1.128204,1.851649
-2.326013,3.723507
-0.274978,2.848127
2.261797,2.542762
1.127306,1.858835
-0.100591,3.350333
0.444576,0.030087
-0.203577,4.041895
1.026266,4.161496
-0.263003,3.868106
1.428929,-0.397274
0.974174,2.035767
0.772543,2.485581
-0.348026,2.989433
-0.618813,0.561931
-1.028212,2.494712
0.280517,1.767075
1.752855,0.891097
0.24549,1.530567
0.41838,0.224084
-0.363744,2.363735
0.698897,1.602418
-0.343386,2.50534
-0.613574,0.817749
0.343835,4.077521
-0.382006,3.573219
-0.715961,2.816693
0.251327,3.404071
-0.026046,2.694098
-0.52885,0.832419
0.379611,2.627336
0.2886,2.787503
0.335452,2.951413
0.566572,2.072141
-0.340392,2.421514
0.961451,1.533262
0.096699,2.976261
1.832489,2.185006
-0.414638,3.051405
-0.222887,3.819906
0.611927,1.842518
0.348475,2.12528
-0.35117,2.04385
-1.388513,1.64927
1.06294,1.025368
0.349074,3.456911
-0.185165,2.206861
0.626148,3.579506
-2.255959,0.49038
-0.79814,4.715344
-0.202529,4.118835
-0.336949,1.638942
1.282533,2.219884
0.342937,3.124004
0.050894,2.996469
0.051194,3.247946
0.771795,1.250949
-0.214354,2.544708
-0.447719,3.009192
0.027692,1.685944
-0.935105,2.466571
-0.874332,2.360292
1.224603,1.840573
-1.72636,2.840493
0.000599,2.010918
0.177381,2.549049
-0.398771,2.427951
0.248483,1.777554
0.140707,4.294719
0.100441,1.14467
-0.839903,1.694327
-0.55804,1.441053
-0.237406,0.532293
-0.210163,2.474355
0.063917,3.437003
0.145797,2.094594
0.454006,1.476829
0.625699,2.448159
0.383802,1.268612
0.220342,0.568667
-0.679437,2.96728
-0.21151,1.389111
-0.461341,3.685336
0.70204,1.695225
1.430725,0.134121
-0.352517,2.520159
-0.351619,2.260449
0.241298,2.210603
-0.004491,4.022585
0.090711,1.838926
0.549507,4.022585
1.021626,1.925296
1.151406,1.744173
0.095202,1.520837
1.676364,1.850901
-0.654589,3.259023
1.179996,-0.030836
-0.49068,2.842589
-0.160616,0.487386
-0.062271,2.945126
0.502505,1.090632
0.449066,3.853437
0.011526,3.8229
-0.713716,1.99565
-0.361199,0.696651
0.142504,2.322421
0.877775,3.795507
0.794847,1.075364
-0.550106,1.030906
-0.740061,1.345253
0.557291,3.050057
-0.26944,3.227738
-0.931214,0.72135
-1.093775,4.548441
-0.189207,0.660277
-0.133073,1.741329
-0.71671,1.662443
-0.364193,2.440974
0.280217,2.16375
0.475561,2.613266
-0.760868,3.400928
-0.41344,2.498454
-1.70226,-0.168549
-0.826431,3.150499
-1.345851,2.127226
-0.28351,4.078718
-0.233664,1.59194
-1.747766,1.564696
-0.902324,2.674039
1.041085,2.077829
-0.628992,1.280587
0.092657,3.129991
0.471969,0.038171
-0.234562,2.03876
0.568218,1.17356
-0.145348,2.584226
0.094005,2.803071
-0.044757,2.542762
0.097148,3.762725
-0.812061,1.439407
-0.574954,3.739973
-0.523012,0.5772
1.525029,2.074386
-0.230371,2.254462
-0.073347,1.241818
-1.00007,2.018253
0.141156,2.765948
0.62974,1.911974
-0.658481,2.67374
0.328567,0.792302
0.547561,2.091002
0.535886,2.061812
0.366139,0.605042
0.876278,2.361938
1.695225,1.526226
0.732128,0.266147
-0.074096,1.734144
-1.603915,0.214354
1.010099,1.828148
1.324895,2.298021
0.53873,1.126707
-0.240849,2.860551
0.37991,3.020269
1.147364,1.61574
-0.293689,2.213746
-0.809966,1.071322
0.922382,2.729424
-0.182171,2.465972
-0.176633,3.297942
1.458118,1.525927
-0.111518,3.619922
0.385299,3.39494
-0.193248,3.550317
-0.815354,1.442251
1.060395,1.91377
0.674348,2.179019
0.589175,0.914748
-1.055305,1.660048
0.622555,0.891396
-0.613873,1.48102
-0.317939,4.360133
1.474584,4.278104
1.306633,1.70211
0.719254,1.609453
-0.398022,2.925367
-0.444576,4.285887
-0.362995,2.888992
-0.049397,0.954266
1.119971,0.654289
-0.201331,1.390159
-0.51478,3.110232
0.188458,3.447182
-1.339415,1.171464
0.838706,0.500409
-0.943338,1.833238
-0.247735,1.766177
0.549657,3.331472
-0.615221,1.799408
1.691333,1.405577
-0.708477,1.375939
1.054108,1.359772
-0.594564,3.069816
1.370999,2.047442
-0.687071,1.531765
0.651146,4.704866
-0.624651,1.350791
1.718277,1.026116
-0.381557,4.04908
0.405357,1.65885
0.603395,2.366579
-1.115031,4.846172
0.61088,0.703986
0.005988,1.892365
-0.205822,3.050806
0.733026,1.514401
1.042732,2.212549
-1.35139,3.33237
1.906885,1.208587
-0.571661,2.585873
-0.147593,1.877097
0.422422,2.819088
-0.521516,3.425327
-1.167422,2.360441
0.124541,3.215763
0.86101,0.311502
-1.002316,2.996618
-1.401985,2.685416
-0.136067,3.409909
-0.272134,2.761308
-0.565374,3.417693
1.680406,1.34181
0.24998,2.422712
0.413291,1.950743
0.725841,2.351909
-0.355511,0.544717
-0.128583,2.473007
0.030087,3.07281
0.924478,1.374292
-0.696352,3.749702
-0.503703,2.471361
-0.138462,2.114952
-0.69261,1.81797
0.069905,1.441951
1.645528,2.041155
0.083077,1.995949
1.383273,2.162852
-1.579066,-0.621657
0.22618,0.331411
-1.095422,1.306333
0.750988,1.855392
-0.337099,1.887874
-1.242865,3.123854
-0.170495,3.378624
0.454754,1.154998
0.443228,0.851729
1.073118,2.453398
1.009501,1.934128
0.454305,2.42376
-0.958158,2.574347
1.141526,2.272724
0.450563,1.694626
-0.520168,0.708028
-0.03383,3.84685
0.288001,3.084486
-0.367336,3.414549
-0.587828,2.857109
0.135019,1.916914
-0.765957,4.34711
0.805325,1.895359
-0.278421,2.790347
-0.611179,1.50048
0.260009,3.494633
-0.829425,3.529211
0.148791,2.075284
0.74515,0.508942
0.300126,2.345922
0.335153,4.528233
0.25507,1.985022
-0.828228,1.273851
-0.048349,3.571273
-0.237706,0.520468
0.82688,1.234034
0.462239,0.577649
1.435365,0.866249
-0.686173,1.108295
-0.522264,1.617087
-0.574056,4.579427
0.510588,0.666714
0.550854,1.946852
-0.202679,3.901187
0.196841,2.138303
0.251627,2.585124
-0.060474,1.232088
-0.099543,1.843117
0.411345,3.213967
0.157772,4.434379
-0.109572,2.805915
-0.709974,2.955604
1.372047,1.653013
0.082329,1.735491
-0.105531,2.555336
-0.209115,0.419428
0.00973,3.725453
-0.510738,2.778372
0.434247,0.767903
-0.425565,0.924178
-1.587449,1.619782
-0.002395,2.394421
0.073946,1.061742
0.525856,0.813858
0.89948,1.021326
-0.605042,3.474874
-0.509989,2.473905
0.713716,1.284479
1.18778,2.788701
-0.718356,0.886756
-0.958307,1.745969
-0.43769,0.65893
0.101938,1.572181
0.376317,1.690734
0.977916,1.891616
-0.531096,3.546725
1.469344,1.830244
-0.441881,1.409918
0.116608,2.123035
0.232766,1.021027
0.254471,2.299818
0.699495,1.87081
0.599653,2.135908
1.369203,2.452201
-0.489931,1.408721
-0.648601,2.684817
0.330962,1.015039
0.358804,1.365161
0.326621,3.023712
-0.306413,4.117488
0.37018,5.875731
0.964744,2.029031
-0.192799,2.987038
0.9857,1.131347
0.002395,3.568878
0.392783,3.297643
-0.258063,3.697162
1.984423,-0.600102
0.965792,1.517694
1.872307,1.798809
-1.320105,5.342091
-0.435744,3.251538
0.070354,2.564168
0.302072,3.876638
-0.5531,1.877546
0.28381,1.133593
0.088765,5.030589
1.174009,1.489403
0.21181,1.263073
0.001347,2.409539
0.546214,0.031584
0.863554,0.645158
0.1202,1.160387
0.007035,3.03928
0.417781,1.422791
-0.665815,1.356629
-0.755629,1.697919
0.614323,1.591041
0.940943,0.464185
-1.017584,3.247646
-0.157323,3.155588
-0.97118,2.393373
-0.959654,3.845952
-0.869093,1.766776
0.126936,3.942052
-0.918789,0.595312
0.844244,2.302512
1.344205,1.120121
1.069526,3.241509
0.435894,0.756676
-0.637973,2.965932
3.094216,0.942889
-0.163161,2.143243
1.567391,1.567091
-0.104782,2.658172
0.458197,2.186054
-0.210163,2.327809
1.190624,2.413581
-0.112117,0.612227
0.203577,0.558339
-0.190404,3.965853
0.980461,2.494263
-1.441203,2.470762
0.027094,0.170495
0.674497,3.516787
0.068857,1.997446
-0.223186,2.881957
-1.246458,1.493594
0.91864,1.127905
-0.014969,4.265081
0.016166,3.424728
0.145647,2.209705
0.36045,0.58678
-0.099693,2.930456
0.191452,0.863105
0.20193,1.17341
-0.914448,0.542622
0.726439,1.06279
1.613794,1.435515
0.499062,3.473527
-0.134271,2.068399
-0.655188,2.931354
0.817899,0.968636
-0.621807,2.373614
-0.667312,1.622775
0.078437,2.250869
-0.845442,3.615881
0.080982,2.445465
0.179177,0.768652
0.143851,0.763712
-0.176483,1.469195
-0.996178,3.007995
1.105002,2.687811
-0.120948,3.624712
-0.185913,2.092349
-0.652493,0.061223
-0.102387,1.270708
0.050295,2.701283
0.707728,-0.09625
0.174687,2.100432
-0.85098,0.677641
-1.7792,1.509162
-0.232167,1.414109
-1.24047,2.066303
0.425864,1.488954
1.443598,1.500629
0.130978,2.750231
-1.320404,2.673441
-0.105381,3.848347
-0.736918,1.617237
-0.138163,0.791554
-0.273631,1.330733
-0.732577,1.151106
0.749641,3.379073
0.450114,2.229015
-0.071851,4.102369
-0.458946,1.422791
-0.059277,3.720813
-0.93301,3.4382
0.834964,4.070934
0.979114,1.387764
0.302671,1.636247
0.045954,2.074835
0.030087,3.581752
-0.937201,1.906136
-0.843197,1.164279
-0.491278,2.879412
-0.098645,1.915716
0.472567,2.627187
-0.8176,0.102686
0.522414,2.001787
0.808768,3.45272
-0.18292,2.620451
0.526006,1.689237
1.769021,1.83204
-0.513582,4.123924
0.361648,2.207759
0.093705,3.293302
-0.487985,1.445544
0.565225,3.012336
0.801134,0.015568
-1.454825,1.895508
0.425565,1.615441
-0.34608,1.853895
-0.210462,3.520529
-0.363444,2.877466
0.834814,1.193917
-0.388293,2.811004
0.219893,2.961591
-2.08681,1.794917
-1.096171,3.114723
1.090033,1.853595
0.615969,0.642165
-1.329386,2.181863
-0.25013,2.4525
-0.210911,2.485881
0.737367,1.638942
-0.449216,1.333277
0.95696,2.25536
0.05269,2.268832
-0.25013,2.650688
-0.026495,2.744393
0.492626,1.919908
1.238225,2.06316
-0.785716,3.334915
-0.131277,2.020199
0.298479,1.705853
1.186433,2.460134
-0.308658,2.464625
0.550405,2.403402
1.301543,1.90419
-0.708327,2.009122
-0.241149,1.635499
0.631088,1.278342
-0.154179,1.626967
0.036973,3.621719
-0.027094,2.03397
0.848735,0.890947
0.862357,1.484762
0.241149,1.431922
-0.767903,1.351689
-0.186213,0.978365
1.381926,1.736689
0.03847,2.669549
-0.582888,0.736768
0.167951,1.528172
0.557291,1.065634
-0.975072,-0.051194
0.216899,3.59223
0.242496,2.451302
0.351319,0.125589
-0.598006,2.132316
0.556692,2.328109
1.529519,-0.827479
-0.065264,1.985322
0.926274,0.721649
-0.80308,1.623374
0.106429,2.995271
-0.888702,1.863325
-0.800236,2.102228
-0.430804,3.930377
-0.872536,1.532513
-1.217418,2.531236
-0.583786,2.127975
0.369731,2.235152
1.850602,2.109563
-0.573457,1.566492
-0.873134,2.136507
0.815504,1.70241
0.830623,1.457369
0.541873,0.892744
0.855321,2.483186
0.143851,1.393602
0.30791,1.342858
-0.875679,2.078129
-0.279469,1.633852
0.067061,2.139651
1.096769,-0.216151
0.462089,2.189048
0.715811,1.795067
-0.856519,1.307232
0.655188,0.468526
-1.392854,1.107247
-1.347498,2.176773
1.068927,-0.064516
-0.071701,1.394201
-0.059726,1.368454
0.962798,0.535437
0.794847,0.996777
0.380509,4.222868
1.166524,0.92807
0.581241,1.585054
0.911305,0.991239
0.62525,3.312611
-0.450114,4.19323
-1.370251,0.670456
-0.741109,3.116519
0.238903,1.783541
-0.054487,3.97199
1.126857,1.511407
-0.100142,0.808618
-0.00494,3.619024
0.189356,1.880539
-0.678389,1.639241
-0.667462,1.44749
-0.947979,0.823587
-0.67809,1.217568
-0.204325,0.805176
-0.841251,3.467689
-0.320484,1.474135
-0.059277,4.268074
-0.231119,1.720672
-0.281115,3.995192
0.704435,1.569935
0.647853,1.698817
-0.343236,2.085314
-0.128433,2.59216
1.483415,1.395698
2.001338,3.142116
0.484842,2.070644
-0.466131,0.957858
1.152154,0.559087
-0.132924,3.785179
0.284259,3.647764
0.462239,2.060765
0.522713,0.406704
0.589025,0.228724
0.190254,3.160827
1.477577,0.475112
0.219893,1.564097
-0.152233,2.898123
0.508942,2.85187
-0.47631,3.488496
-0.356259,2.223027
0.800685,2.901566
-0.083826,2.529739
-0.342039,1.605112
-1.111139,2.020947
0.043709,2.156116
0.639021,1.71214
-0.699196,1.384621
-0.780627,2.487677
0.306113,1.301992
0.730032,2.20716
-0.652044,1.751358
1.503324,2.694397
-0.988245,1.237477
1.08195,1.120869
0.426313,1.377136
-0.23546,2.549049
-0.746498,1.762884
1.529519,0.161514
-0.083077,1.968556
-0.653391,0.892893
-0.056283,2.267185
0.408051,0.758772
0.146246,4.561764
-0.820294,1.865421
1.281785,1.905687
-0.865201,2.049987
-0.017214,2.429298
0.179776,2.14489
-1.189427,1.590892
1.297352,1.129551
-0.035476,3.938161
1.069376,0.473914
-0.211061,1.619482
0.24534,1.199007
-0.45191,2.52001
-0.686772,-0.002994
-0.612077,1.924847
0.060474,2.409839
0.210612,3.296595
-0.608485,3.288811
-0.393981,3.807183
0.71656,0.737067
0.357756,1.848506
0.024998,1.446442
0.087867,1.007255
0.617915,0.813109
-0.313448,3.610043
-0.410746,2.290686
-0.180824,4.042045
-0.706082,1.137784
-0.405507,1.706002
-0.784968,1.721121
2.062262,0.473166
-1.365011,1.116378
-0.208217,2.652784
0.234113,1.006058
0.114362,3.319347
0.293091,0.719404
-0.910107,1.869762
-0.603844,1.349294
0.059426,2.769391
-0.484093,4.176914
-0.733325,3.35183
-0.436941,1.794468
-1.006806,3.231929
-0.501008,1.469045
-0.071851,3.526666
0.885708,2.757266
-0.391885,2.878813
0.197439,3.475922
0.105231,2.114503
-0.598905,0.273332
1.936523,0.671504
0.174537,0.329016
0.348326,1.47653
-0.194745,4.572242
0.32228,2.559977
-0.991538,1.3225
-1.463956,2.324965
-0.32213,1.498085
1.314417,2.646497
-0.296084,3.820505
0.369282,2.968477
0.047002,0.655487
-0.889001,3.552712
0.384401,3.198998
-0.390089,1.912573
-0.264949,1.194815
-1.219813,3.678002
-0.732277,1.871408
0.921633,0.665067
-0.368534,1.094674
-0.598755,2.176624
-0.673749,3.648214
0.373024,1.478775
-0.224982,0.971031
0.857417,1.268612
0.753234,1.4186
-0.410746,1.72157
-0.651745,2.9336
-0.509241,3.064128
0.397573,0.598605
0.561782,1.457519
0.357606,0.122595
0.765508,0.358804
-0.096549,2.267185
-1.337469,1.910327
0.369282,2.340683
-0.618663,3.513045
-0.63019,2.53902
-0.203128,3.913013
-0.506397,4.588857
0.126786,2.840343
0.238454,3.996389
0.046703,4.262386
1.960773,2.286645
-1.129551,1.121318
0.529299,2.482288
0.441432,2.16375
0.336949,1.89955
-0.05748,2.192191
-0.359552,1.157243
-0.17319,0.919089
-0.294438,3.387755
0.318388,2.224075
0.484692,3.093018
0.678539,1.944157
-0.477058,2.445016
-0.864752,1.996099
-0.493075,3.012935
0.177531,1.997895
-0.371827,3.759133
-0.981958,2.177971
-1.431922,2.011218
0.962648,2.213746
-0.181273,2.929558
1.081351,0.284109
0.186961,3.62112
-0.597707,-0.092657
-0.258662,2.521806
0.501308,2.078727
-0.765508,1.665886
-1.698668,-0.388592
-1.343307,2.066153
0.445025,1.019979
0.753533,2.233505
-0.178279,0.410596
1.092129,1.987866
0.121996,1.573827
-0.747845,-0.361049
0.584085,0.974623
0.399968,2.291136
0.483345,1.104852
-0.270488,3.183879
-0.920586,2.888843
0.159718,2.554737
0.24025,0.609982
-0.648002,3.59208
0.823587,2.811304
-0.540526,1.816323
0.188159,2.997068
0.101639,1.414109
-0.176034,2.161505
-0.743803,1.689088
-0.640219,2.054029
2.617158,1.477577
0.847837,1.850452
0.613125,1.054258
-0.24055,1.689237
-1.003064,2.678231
0.212408,1.957629
-0.552651,0.450264
0.032932,4.394711
0.201331,1.901346
0.418679,3.527564
0.261207,1.528322
-0.404459,3.569328
0.52421,0.504301
0.359852,2.451901
0.196242,3.847449
0.713416,1.860331
-0.9619,2.165247
0.286355,2.164499
-0.785566,1.005759
0.405207,2.03891
-0.389939,3.772156
0.621957,1.514401
-1.108595,2.421215
0.999322,0.765358
-0.44742,2.557432
-1.134341,0.690963
0.434696,3.187172
0.9137,0.838407
-0.077239,1.515299
-0.289648,3.171006
-0.08173,0.339344
-1.410966,-0.597857
-0.797691,2.795886
-0.8414,0.47122
0.215552,2.001189
0.108225,3.104245
2.114503,0.907413
0.170046,2.578987
-0.638722,1.937271
0.080982,2.710114
0.556992,1.897604
0.247435,1.315764
-0.371078,1.288521
-0.101489,3.008145
-0.371976,3.652854
1.382226,1.476979
-1.0098,0.794248
-0.434995,1.039738
-0.607287,3.819757
-0.200433,2.2603
-0.461341,2.229015
-0.280666,3.393294
-0.285456,2.522704
-0.561931,2.88031
0.173789,1.761537
-1.169368,3.267256
-0.103585,1.982777
-0.643362,4.537664
0.53873,1.525777
0.015568,3.731291
-0.034728,2.549947
1.242117,-0.393532
0.112566,2.647694
0.220791,3.070116
-0.152682,2.100133
0.725541,2.631827
0.61537,4.878655
-0.046853,3.394341
0.355062,2.592758
0.701142,2.196682
0.779729,-0.403261
-0.543669,0.551453
0.405656,3.234025
-0.36524,0.927322
0.193697,3.482957
0.092657,2.349215
1.424887,0.362696
0.877176,1.303489
0.089514,3.267555
0.94229,5.066814
-0.426014,2.210902
0.049697,2.169139
-0.898881,2.120191
2.042802,0.684976
-0.682431,2.392026
-0.829725,1.294059
-0.358954,2.201322
-0.231119,1.481918
0.411045,2.252666
0.104932,3.539839
0.232616,1.207689
2.207759,1.659898
-0.878822,1.566492
0.34623,4.535568
0.377964,2.012415
1.004411,0.487386
-0.270338,1.349743
-0.468226,1.694476
-0.650098,1.970652
-1.127905,2.292034
-0.40386,2.487527
-0.425565,2.700385
1.210832,0.772543
-0.065264,2.744543
0.076491,3.157234
0.667163,1.510359
-0.751138,2.744094
0.334405,2.206861
1.598676,1.181493
-0.393232,3.706293
0.390238,2.844684
0.961451,0.17334
1.294807,-1.442999
-0.186812,1.748364
0.363295,3.050656
-0.071851,4.445905
-0.606389,2.287693
-0.465532,2.943329
-0.273032,2.728526
0.340542,1.161734
1.546734,2.566712
0.259111,2.10133
-0.148342,2.804718
0.457449,3.005151
-0.686023,2.734514
0.058229,0.419128
-0.237107,1.151555
0.038021,1.866618
0.433648,0.486039
-1.3463,1.556763
0.830772,3.088677
0.09116,1.436413
0.118254,1.064287
0.351469,2.704875
0.381107,2.343227
1.306783,1.593885
-0.210313,0.305515
0.639171,1.165027
0.574356,2.847229
-0.231568,2.382146
-0.220342,3.958219
0.103435,3.326832
-0.148192,1.177152
-1.340612,2.767445
0.810265,3.954028
-0.490979,3.292254
-0.59142,0.367935
-0.088167,0.703986
1.010998,1.377885
-0.451311,0.920137
-0.032632,0.232766
-0.295186,3.324137
0.291893,1.717828
1.829645,0.460143
0.261207,2.188
0.130828,-0.011676
1.282234,2.269431
0.094753,2.10133
-0.572559,2.085463
-0.274679,2.205214
0.361199,2.367626
-0.292043,4.076174
0.108824,2.820884
0.593067,1.842668
1.055305,3.77021
-0.630788,2.348317
0.171094,1.204994
-0.2883,1.414558
0.158071,2.876418
0.017364,3.383714
0.597707,3.176095
-0.733175,1.413211
0.68752,2.056274
-0.705782,2.398911
0.198787,1.146466
0.741109,0.987946
0.15373,2.315834
-0.826731,3.535648
1.081052,3.11128
-0.680485,1.114582
-0.121697,2.03891
-0.176333,4.165687
-0.305365,1.49569
-0.378862,3.320844
-0.6251,1.545237
0.520468,3.823948
-0.272433,1.948199
-0.103285,1.160836
-0.101788,3.085983
0.033231,1.055904
0.235011,2.342479
-0.204774,1.770368
0.016017,3.839516
0.202679,3.646567
0.828826,3.67381
-0.385598,2.146087
0.589624,1.339115
0.951721,1.580264
-0.759072,1.435665
-0.698298,3.139571
-0.725392,3.583099
-0.060025,3.175796
-0.438738,2.607877
-0.28381,2.444417
-0.273182,3.100203
0.443827,1.310076
0.002096,1.046025
-0.590522,1.298699
-0.171843,3.332969
0.888702,1.426384
1.21188,1.256337
-0.007484,3.591182
0.268392,2.437831
-0.562381,1.164728
-0.673749,1.865271
0.349373,1.483266
1.870211,3.246599
0.218995,2.476301
0.236508,1.369652
-0.552052,2.297572
0.421224,-0.041763
-0.697999,2.175127
-1.53865,1.410068
-0.249381,2.02469
-0.597408,1.547632
-0.389939,2.314786
-0.509391,2.275269
-1.659599,4.317322
1.809737,2.004033
0.227078,2.713258
0.715811,0.337997
-0.314795,1.095572
-0.453707,2.59665
-0.119601,2.911446
1.157842,1.465004
1.744323,1.871857
0.011077,3.108885
0.423469,2.252067
-0.112117,1.665736
-0.900827,1.559008
-0.763712,1.907483
0.446971,1.474733
0.002545,2.271526
0.113464,2.931354
-0.39937,3.970044
-0.12978,-0.043559
-0.837957,3.745811
0.410446,3.272046
0.423469,2.762206
1.244811,0.7212
0.270488,1.74103
0.504601,0.414039
0.43275,2.018253
-0.912353,1.372496
0.143102,1.302891
0.741408,3.299888
0.673899,1.380429
-1.051264,0.641566
-0.962498,0.499811
0.378563,3.649561
-0.387843,2.800676
-0.334854,2.32257
0.37527,2.512675
-0.261656,2.567162
-0.478555,0.672701
-0.208965,1.391506
0.12978,2.310894
-0.43275,3.184478
-0.337548,3.03449
-0.58184,4.191584
0.681533,3.811823
0.531096,2.437681
-0.710722,2.89468
-0.507894,1.104553
0.337847,1.739982
0.996927,0.31255
0.330962,2.734064
-0.421823,3.638783
1.315464,2.411635
-0.08158,2.711162
-0.386347,0.378712
-0.373773,2.552193
-0.031584,1.775159
1.064586,0.100291
-0.148641,0.990041
-0.74051,2.93315
-0.641566,3.176544
-0.325274,1.733695
-0.128283,3.236719
-0.245939,2.258204
-0.095052,2.22153
-0.248932,2.324666
-0.364342,2.072291
0.1681,2.503694
0.292192,2.858156
0.266745,0.968037
0.542921,1.371448
-0.078736,2.134262
-0.153431,3.059039
-0.173789,3.10634
-0.897085,2.054627
0.522713,1.435665
-0.199984,3.509452
-0.600252,3.641028
1.122965,1.246009
0.124691,3.403323
1.179547,1.419648
0.082928,0.377216
1.636247,0.205223
1.021476,0.083377
-0.295635,2.663411
0.255219,1.663341
0.601898,2.615661
0.672851,0.99064
-0.372426,2.645898
0.468975,2.028132
-0.012873,3.882476
-1.601669,1.935325
-0.084574,3.271447
0.195493,3.45766
0.549058,2.008673
-0.302371,2.627037
0.176932,3.30363
-0.386945,3.369044
0.172441,0.825384
1.113235,1.605112
1.351989,2.132466
1.556912,3.324137
1.031206,3.696413
-0.528401,1.671125
0.52421,2.263144
1.132844,1.285676
-0.249531,4.968318
-0.838107,1.839974
0.624202,2.995571
-0.959954,1.754052
-0.306113,2.296674
0.742606,1.180894
-1.408721,1.729354
0.074994,3.737877
1.037493,1.76947
0.758772,1.344953
-0.433199,1.813629
0.599054,0.597557
0.196392,3.235372
-0.463436,3.543282
0.685425,2.461332
-0.186662,3.732638
0.350571,4.220923
-0.602048,2.3082
1.84177,2.881508
-0.040715,2.6447
0.816702,-0.623304
0.309556,1.773961
-0.626896,0.496368
1.594335,1.910327
-0.326471,2.876868
0.301922,1.091081
1.008603,2.682721
0.892294,1.893263
0.45685,2.99587
-0.268991,1.362167
0.708028,1.858535
-0.569416,3.615132
-0.692909,1.907633
-0.450114,1.756298
1.174158,1.848207
-0.031285,3.214416
-0.621059,1.821562
1.530567,1.28867
-0.101639,2.10612
-1.935176,-0.517624
0.117805,1.743724
-0.483944,3.609594
0.016466,1.659599
0.982706,2.283352
-0.816253,3.533702
-0.169298,0.604593
-0.335602,2.623594
-0.004042,2.969076
-0.463586,1.422342
0.742905,2.882705
-0.562381,2.745141
0.787662,0.436941
-0.241897,3.218158
-0.008083,4.101471
0.96669,2.022594
0.839155,1.871708
-0.749042,1.795965
-0.761167,2.89034
-0.174387,2.770139
-0.82733,1.220861
-0.35566,1.732348
0.082179,0.35581
-0.388143,3.720813
0.207469,3.433859
-0.143701,2.261198
0.4088,4.134402
0.7456,1.001268
1.206641,1.766926
0.516725,-0.318837
1.402434,1.200653
0.789758,0.797691
-0.610281,2.064207
-0.36539,3.132686
-0.941542,2.373614
0.376168,2.7652
-0.883463,2.7411
-0.083826,2.267335
-0.292641,2.643802
0.071102,1.23568
-0.792602,2.394421
-0.399519,2.32287
1.76483,1.723666
0.997825,1.717528
0.123793,1.347947
-0.340692,2.562521
-0.14924,1.999093
-0.079934,0.70219
-0.925376,2.041155
0.70189,2.352957
-0.911604,3.363506
-0.428559,2.433939
0.449216,3.08224
-0.762215,2.052232
0.191452,1.163231
0.050595,2.479594
0.079485,2.511777
-0.791554,1.069676
-0.831671,1.699416
0.027393,3.009192
-0.939446,1.857487
0.662672,2.08711
-0.272883,1.674119
-0.301174,1.361868
-0.018112,-0.098645
1.574875,2.246977
0.844244,2.320624
0.263452,3.158432
-0.854573,1.876498
-1.023871,1.179098
0.375719,1.819616
0.345631,3.371738
-1.00516,3.218607
0.696202,1.672023
0.079036,3.263963
-0.082628,3.762875
1.042283,-0.353714
0.12963,3.787723
-0.953367,3.170706
-0.380808,1.93338
-0.82718,2.215692
-1.133593,2.553241
-1.057401,1.644181
-0.648751,3.329975
0.070054,2.779869
-0.208666,0.885409
0.760868,1.282084
-0.148491,1.072669
0.045206,2.999762
-0.218096,1.852697
-0.005389,3.302433
-2.929857,0.626447
0.069456,2.292183
-0.10583,2.869533
-1.131497,3.758534
-0.292641,2.643802
-0.447569,1.580563
0.084724,2.413132
0.826581,1.380729
-0.513732,1.022374
-0.491727,3.171904
1.027463,2.149829
-0.946631,1.935924
-0.326022,2.90456
0.806673,0.089214
-0.784369,3.383115
0.406704,-0.248783
-1.024619,2.19758
-0.580044,1.749262
0.018561,2.561623
0.030686,2.857707
0.79365,0.781525
-1.092428,2.575694
-0.470023,2.629582
-1.348695,1.80824
-0.393232,3.09212
0.3124,1.016237
-0.540975,2.168091
-0.295186,1.933829
-0.013622,2.364034
-1.050965,1.682501
2.64021,0.50011
1.511856,2.39981
-1.052012,1.91871
-0.614622,1.855392
-0.425715,2.146536
-0.595312,0.642614
-0.444276,4.007167
0.291294,3.002007
1.243464,0.26465
1.043779,-1.297801
1.522484,2.177971
-0.273781,3.34674
-0.071701,1.425635
0.300575,4.30894
-0.071701,3.939358
0.35087,2.615361
-0.790806,1.667233
0.430804,2.753225
-0.000449,3.751948
-0.760119,1.315315
-0.906365,3.862717
-1.24047,3.211422
-0.289498,2.854414
0.508792,0.677042
-0.561333,3.789969
0.377216,1.630559
0.655936,1.396895
-0.692759,-0.045505
0.405956,1.518592
0.071102,4.184698
-1.082549,0.564626
-0.614921,0.631237
-0.110021,3.129991
-0.002245,2.573149
-0.505499,3.17849
1.646576,0.584834
0.084125,1.70211
0.159868,2.554288
-1.09647,3.067421
0.535137,2.768493
0.828826,2.161954
0.470472,2.21704
-0.501008,2.18306
-0.199086,2.674039
0.196841,2.56791
0.659079,2.406246
-0.37018,2.07738
-0.51942,2.807562
-0.070054,2.292782
0.537981,0.551453
0.208516,2.959196
1.376088,1.324446
0.669258,2.393223
-2.01496,0.830174
-0.146695,3.572621
-0.039518,2.206861
0.061372,2.424508
0.321382,2.447411
-0.526605,3.441344
-0.270787,3.386109
0.067959,2.334695
-0.644111,1.08674
-1.157094,0.080533
0.479004,3.80359
-0.220491,3.290607
-0.468226,2.794988
0.153581,1.490002
-1.499133,0.925076
0.589624,2.080673
0.161514,2.258503
-0.489183,3.277584
0.308209,2.796185
0.176333,2.829117
1.035996,2.781665
-0.468675,2.269131
-0.409698,3.037633
0.392933,0.742456
-0.642015,1.153352
-0.825982,4.17886
-2.013762,4.723428
-0.202529,5.178182
0.286804,1.888473
0.417182,1.511557
0.396974,0.939596
0.568069,1.023272
1.049318,1.623524
0.584534,0.937051
-0.149689,3.345693
0.079485,2.511777
-0.090262,2.963837
-1.091979,1.798211
1.575923,1.63011
-1.545686,2.18815
-0.576302,2.668201
-0.001198,3.637586
-0.284708,0.772094
-0.820594,1.012644
0.268542,3.403922
-0.013921,3.145559
0.220491,3.478916
-0.376767,3.584895
0.111368,2.373165
-1.275947,1.786086
-0.303269,2.849774
-0.965792,2.588268
1.45707,1.96676
0.180525,4.024232
1.731898,1.882485
0.301174,1.17341
-0.002395,2.167193
-0.439037,2.565665
-0.153581,4.091591
-0.160466,2.24563
0.654439,2.074985
0.082928,0.723745
-0.916993,2.256557
0.064666,1.903292
0.000898,3.074307
-0.435894,3.619473
-0.306413,0.618364
-0.106129,2.373165
-0.654738,2.722389
-0.209864,2.430196
0.906665,0.364043
0.661924,1.791175
1.65436,1.623374
-0.296533,2.783911
-0.257465,1.9235
0.685724,2.065255
1.006507,2.220033
0.027243,2.43798
-1.224454,1.520538
0.427511,2.831362
0.571212,3.865711
-0.084874,0.870889
-0.034279,0.86535
0.059426,3.143463
0.074994,4.34217
-0.735271,-0.012274
-0.370779,3.749702
-0.659379,1.754052
-0.305814,2.613864
0.635279,3.930526
-0.24519,1.285377
-0.704585,0.831072
-0.45191,2.73122
-0.328716,1.726809
0.297581,0.683179
-0.308059,3.005001
1.788631,0.185464
-0.411345,3.749553
1.130749,1.871558
0.334405,2.926115
-0.905617,3.040627
1.09632,1.474733
1.578917,1.897604
0.810115,2.400857
0.2886,3.99624
-1.306783,1.885629
0.248034,1.924548
0.28396,2.650089
0.824336,4.697531
-0.365091,0.979413
-0.646057,2.771636
-1.034199,3.547772
1.473835,2.284849
0.264799,4.042643
0.187111,2.154021
0.699795,1.897155
-0.841849,2.964136
1.595382,-0.515079
0.666414,2.580634
0.104183,2.281406
1.761687,2.128424
-0.633333,1.037493
-1.422043,0.622106
-0.291145,2.79858
0.971779,2.496059
-0.062869,1.416804
0.439336,3.923491
-1.276545,1.831891
1.795666,0.686772
-0.629142,2.38978
0.475411,2.499502
-0.779729,2.975812
-0.620909,1.126707
1.379232,1.492846
-0.794847,0.958906
0.156275,3.528762
-0.259411,2.780767
-0.336949,2.261198
-0.093555,3.06787
-0.105531,2.471211
-0.510738,2.312541
-0.919089,1.320853
-0.417781,2.630031
-0.078437,1.712439
0.664468,1.780547
0.721649,2.145189
-0.209265,4.107009
-1.625769,-0.186362
2.14968,1.770518
-1.517544,1.649121
0.074545,2.600392
0.040416,0.186812
-0.441731,2.410437
1.341361,1.844764
0.177231,2.701432
0.310604,1.378932
-0.414488,3.147505
-0.571961,3.264262
-0.881966,3.017126
-1.183439,1.44749
-0.573308,2.209855
0.15388,4.081712
-0.031285,3.117417
-0.099543,3.503764
-1.54823,0.782273
-0.068857,3.096311
0.89454,1.456172
0.601898,1.006357
-0.255668,3.032095
0.776735,2.599943
0.159269,0.352367
-0.152682,3.874693
-0.213007,2.377506
0.050595,3.126399
0.049098,3.424878
-1.029559,2.789
0.664618,3.815416
-0.344583,2.743345
-1.204395,4.07303
0.638572,0.453707
-0.36569,3.521128
0.091909,2.41418
1.030457,2.452051
-0.252675,3.259472
0.901276,1.370251
-0.18277,1.501827
0.464783,-0.107327
0.427062,2.14459
0.43275,2.935096
0.17289,2.222728
0.101339,3.696713
0.483345,2.762356
-0.838706,2.283352
0.28366,2.838398
-0.152533,2.65428
-0.462987,1.275647
1.246458,1.615441
-1.38492,0.748743
0.720452,0.586929
1.00501,0.651146
-0.506098,2.244433
-0.905617,1.619482
2.214345,1.261726
0.424517,3.285368
0.323028,2.068997
-0.889301,3.306624
-0.720152,1.128354
-0.460143,2.761607
0.866997,0.807122
-0.771196,1.785188
-0.175735,1.776655
-0.123044,0.171843
-0.825384,1.335074
0.132025,1.7072
0.901725,1.56769
-0.185913,0.777334
0.025447,0.237706
0.130978,1.378334
-0.501757,1.042582
-0.1443,3.735632
-0.018112,2.594106
-0.364642,0.647404
0.138612,1.435365
-0.604892,0.9619
-0.215103,1.099015
0.001946,3.777095
-0.430804,1.650318
0.950673,1.40423
0.765059,3.000361
-0.277972,3.510201
-0.68273,3.622467
0.642464,1.324895
-0.523911,3.544629
-0.867446,3.972439
-0.233514,2.850373
0.579445,4.073329
0.046104,2.616259
-0.479752,3.819008
-0.119452,0.730331
-0.71147,1.247206
0.664618,0.530497
0.383503,1.917662
-0.525856,2.542014
0.585732,1.836082
0.108524,3.024311
-1.066083,1.848057
0.559387,0.154778
0.890199,1.218616
0.655038,1.852997
0.028291,1.108146
0.066013,0.14924
1.27894,0.563428
-0.563129,2.557881
1.190774,1.281335
0.556842,1.015937
-0.805475,1.65436
-0.963995,1.773063
-0.233963,2.770888
-0.505798,2.739453
1.032852,2.072291
0.3847,0.154628
0.689017,2.056124
0.189656,1.960623
0.47631,4.130211
0.934058,0.301623
-0.441133,2.937192
0.832569,0.904719
-1.695674,1.557661
0.597857,2.150428
0.103285,3.006947
0.057031,2.652185
0.642165,2.028132
1.136586,0.883912
-0.342488,2.18336
-0.664917,4.066893
0.503703,3.036885
-0.702789,2.400408
1.412014,0.815654
0.477956,3.04407
-0.152233,3.51993
0.343536,1.209036
-0.288899,3.46739
-0.968785,2.534529
0.036973,2.604733
-0.097447,4.013604
-0.353864,0.021405
0.366139,1.958976
-1.511557,2.686014
-0.777184,1.234333
1.104104,2.105671
0.022753,3.008145
-0.056732,2.60638
-0.750839,3.43371
-0.474962,3.386109
0.059576,2.849774
-0.216899,1.128054
-0.753084,2.958598
-0.44233,3.588488
-0.808618,2.215094
-1.053958,2.668052
-0.78362,2.601889
1.315315,0.886756
-0.594863,0.604144
0.809517,2.343227
0.339494,1.540746
0.362396,4.28469
-1.37055,1.571881
-0.196092,2.242487
-0.758323,1.895359
-0.545316,3.607798
-0.914448,2.166295
0.4811,3.770958
0.165406,4.024232
-1.143023,3.001409
-0.544418,2.091002
0.882415,2.095792
-0.601,1.670975
-0.272583,2.231859
3.172952,2.68811
1.485511,1.63505
0.150287,3.275938
-0.367935,2.580334
-0.296384,3.584895
-0.958457,3.964655
0.739462,2.327959
-0.411195,-0.218246
1.007106,1.414409
-0.080083,2.79409
-0.18771,2.564617
1.002914,0.711171
-0.662822,1.807641
-0.836161,3.285069
0.122146,1.044378
-1.181343,3.436703
0.103136,2.099833
0.612676,1.599424
2.050885,2.078578
1.19272,1.176104
0.219294,2.905907
-0.679736,0.906515
-0.424368,3.417094
0.257315,1.620979
1.781745,1.254391
0.622855,2.282304
-0.160466,0.284259
-1.135988,3.395838
0.399819,3.623215
-0.298779,3.784281
1.882485,-0.830174
-0.521216,4.230353
-0.109273,3.74147
-0.713117,3.27489
0.564027,0.786315
0.468376,2.04834
0.107027,2.320475
0.570913,2.880161
-0.287103,1.59164
0.990939,1.071023
-0.930914,0.986898
0.055085,1.772913
-0.916095,2.751877
0.200433,2.348616
-0.785716,1.822011
-0.621807,0.761766
-1.258583,4.046385
-0.035776,2.924319
-0.328267,1.937421
0.456401,0.446971
-0.160616,3.310067
-0.053439,2.171684
0.146545,4.182602
-1.231788,1.38507
0.801284,1.72651
-0.464035,1.035846
-0.571362,1.844764
0.949176,1.142275
-0.049098,2.597399
0.088765,1.757196
-0.611628,0.891247
0.240849,2.908452
-0.287851,1.037942
-0.790806,2.896776
1.242566,1.44285
0.271086,2.462679
-0.601898,1.735341
0.074994,2.629133
-0.580792,3.985163
-0.829725,3.240162
0.238155,3.200794
-0.220641,2.947521
-0.439785,1.393153
1.448837,0.789907
0.189805,2.1401
0.048499,2.551444
-0.31749,2.284849
-0.192649,2.831512
0.015418,3.498525
0.789159,3.483107
0.770148,0.864452
1.485211,1.362766
0.213755,3.752846
-0.130978,3.665128
0.105081,3.056943
-0.053139,3.025658
0.774639,1.320704
-0.070952,4.320016
0.635878,1.012345
0.463436,2.425556
0.647553,3.972439
0.313897,0.59636
0.40371,2.823429
1.210982,3.480862
0.984203,1.754202
0.022603,3.697461
-0.379162,3.859724
-0.814905,3.739374
0.219743,0.539029
1.236279,4.031417
0.111817,3.215613
-1.479673,2.891986
0.618514,1.644331
0.569266,2.772235
-0.378563,2.255959
-0.232916,1.875749
0.007335,3.363506
1.261427,0.370929
-0.691412,1.551823
0.466729,3.242407
-0.427511,2.19294
-0.796344,0.588277
-0.921484,0.702639
-0.257315,3.181334
0.267943,1.892514
0.30282,1.310375
0.327519,0.353265
1.026416,0.059426
-0.205223,4.504283
-0.838257,2.936593
-0.426164,1.606759
1.09662,1.964066
0.414338,3.314557
0.114662,2.421065
-0.01901,1.710643
-0.245789,0.891247
-0.171244,2.032174
-0.888702,1.992207
0.243693,3.374283
-1.141227,0.878972
0.486488,3.414849
-0.005988,4.360133
-0.491428,2.462978
-0.281714,3.979026
-0.269589,2.320175
-1.082249,1.329984
0.013921,3.210224
-0.44233,3.103347
0.025896,1.730851
-0.587079,2.459984
0.99543,1.81767
-1.153501,1.348695
-0.339644,3.028802
1.391656,1.492846
1.914668,-0.162861
1.96661,1.467099
-0.020507,2.345622
1.948797,3.204985
0.483644,3.18837
-0.094154,2.523303
0.304317,3.338358
0.251178,1.858835
1.401086,1.195264
-0.844544,1.831142
0.141306,3.1255
0.579445,3.27459
1.08689,1.607657
-0.526755,1.89491
0.844394,1.969454
1.164129,2.362088
-1.318309,1.598975
0.110021,2.988086
0.176184,2.116299
-0.632435,2.294129
0.06242,2.051634
-0.048499,1.372496
-1.456771,3.867657
0.154928,3.369942
-0.120799,3.12116
0.502355,1.468596
-0.450563,1.784888
0.278271,0.933459
0.966091,3.20244
0.128882,1.321452
0.299677,1.805695
-0.126936,1.827101
0.810265,-0.080533
-0.311652,2.756218
-0.431104,3.517386
1.64957,1.449586
0.474962,3.134482
0.242496,2.165696
-0.114512,2.046395
1.599574,1.640888
-0.104183,4.527485
0.790656,1.672921
-0.106578,1.597478
-0.906665,3.732788
1.075364,0.916993
-0.949026,3.439398
-0.464035,2.623744
0.438139,1.947301
-0.836461,1.000519
-0.371827,3.220852
0.167502,2.26015
1.402434,0.049098
0.487087,2.95755
-0.367935,2.044149
-0.063318,2.280657
-0.530796,1.241369
0.223336,1.627116
-1.003962,4.611011
-0.092807,3.730093
-0.252375,2.821034
1.107397,2.594405
0.282014,1.944007
0.527653,1.164129
-0.015268,0.615221
1.266666,2.448009
1.581611,2.818489
-0.879721,1.437161
-0.256566,1.276246
-0.565524,3.076403
-0.448018,3.969895
-0.439486,3.03434
1.233734,2.980602
0.979264,1.201402
0.493075,0.657133
-0.330213,2.346221
-0.244591,2.432142
-0.126936,2.706372
-0.755479,2.164349
-0.780776,1.78414
0.29339,2.400857
-0.121847,3.248545
-0.530497,1.900598
-0.161215,0.703088
-0.550256,3.138673
-0.109872,1.381028
0.609233,1.526675
0.020657,-0.358654
0.717907,1.636397
1.111588,3.433111
0.240101,3.189867
-0.012574,3.304977
-0.613574,1.48596
-0.656684,1.431922
-0.065264,2.115251
-0.377216,-0.145048
-0.24534,1.280288
-0.00479,2.745141
0.385448,1.200354
0.82718,3.499573
1.650917,0.28845
0.955164,1.040037
1.00022,2.05343
1.190325,1.451382
-0.209564,3.571872
0.108674,1.500929
0.016166,1.629661
-0.224683,3.637885
1.480421,1.946103
-0.419428,0.680036
-0.591869,1.23583
-0.218096,1.14931
-1.292562,2.26988
0.846041,1.926494
-0.196541,2.599345
0.382904,1.895658
-0.001647,3.514392
0.489931,1.380429
0.536784,1.592538
0.78377,2.480192
0.377515,3.257526
-0.47601,3.765719
-0.550555,2.791994
-0.760568,2.180067
-0.22618,3.790268
0.065713,2.26015
0.526006,0.936752
0.898581,1.238524
0.718955,4.309838
0.604293,0.949026
0.635728,3.20768
0.124242,2.452051
-0.1922,3.946393
0.507744,1.831142
-1.037043,1.931733
0.243094,2.38499
-0.885858,2.333947
-1.308279,1.909729
0.964444,0.738265
-0.705034,0.964893
1.21667,2.444117
0.435594,2.482737
-0.284109,0.097148
0.154179,1.084345
0.088616,0.76476
-0.56268,1.329685
-0.367037,3.146906
0.496967,1.850153
-1.02432,-0.668959
1.732048,2.186353
-0.463736,2.565515
0.020058,0.131127
0.426014,3.244653
0.426014,0.757874
-0.800086,3.828139
-0.925974,2.549498
0.121847,4.238286
0.032033,0.93286
0.164957,1.62562
0.186512,1.186882
1.274599,1.744472
0.494572,1.054856
-0.479603,2.171085
-0.826132,4.248914
-0.017813,3.025059
1.157842,3.166815
-0.304018,1.032553
0.996478,2.541415
0.225581,2.446063
-0.879421,3.651058
0.179926,2.761757
-0.578996,1.828897
-1.957779,-0.042661
-0.729283,1.549727
0.192799,4.228557
-0.680485,1.748664
-0.512983,0.998873
0.151335,2.110312
-0.707579,2.796485
-0.68273,3.622467
0.170346,1.485511
1.40408,0.143102
-0.090412,2.063908
0.263003,3.27489
-0.659079,0.922981
-1.724564,-0.191452
1.099164,1.803001
0.882565,4.803661
-0.020956,2.705025
-0.780627,1.838477
0.020657,3.640879
0.300276,2.171684
0.962798,1.092279
-0.666115,3.385809
0.693658,2.781815
0.657732,2.340383
-0.305365,1.938319
-0.051792,2.864593
1.480571,1.463207
-1.042283,1.372945
-0.188458,3.249293
-0.428559,3.520379
-0.720452,1.170117
0.188608,0.974324
-0.227227,2.160008
0.285606,3.179987
-0.574056,0.161963
0.657133,0.791404
0.189805,-0.48095
-0.412392,3.985312
-0.558638,4.211193
-0.486039,3.107987
0.075892,3.569178
1.848805,0.667911
0.883163,2.093247
-0.368384,1.572929
0.522863,1.851949
0.207319,1.653611
-0.454455,3.796705
0.109872,2.047293
0.317939,2.170636
0.354613,0.353714
0.017214,2.169888
-0.146096,2.500849
0.353415,1.042133
-0.561782,2.36119
0.036374,1.844913
-0.588726,3.633095
0.114212,3.080594
-1.138383,2.524949
1.984124,1.742826
0.377515,1.033002
-0.953517,1.155298
-0.237107,2.446662
-0.108973,4.227659
0.400567,3.220104
0.098495,1.27415
0.138312,1.446442
0.319735,2.083218
0.030686,1.800306
-0.56253,2.558031
0.443378,2.054328
-0.603994,1.686842
-0.271835,2.259252
-0.714764,1.252895
-0.426313,3.799399
-0.580193,0.967139
0.175884,3.099904
-0.655786,2.373913
0.255968,2.196981
-0.608185,1.570534
-0.176483,4.434379
-0.319436,2.768643
-0.279619,1.893562
1.29825,2.909051
0.063917,2.101779
-0.441282,2.184707
0.181572,3.455115
-0.859213,1.71693
-0.149689,2.53917
-0.589324,1.883982
0.425565,2.735861
-0.19714,2.820435
-0.303419,3.022814
1.85599,0.055684
-0.087119,3.011587
-0.636776,1.312022
0.499212,3.198698
0.069007,2.015858
-0.001048,2.514621
0.516725,1.066083
-0.718356,1.959425
-0.501158,1.512155
0.075742,3.720214
-1.505419,4.398453
0.584085,3.429967
0.405507,0.812061
1.259032,1.415457
1.246757,0.205373
0.113314,3.246599
-0.847687,3.390599
0.410446,1.927093
-0.326471,3.455414
0.315394,1.835483
-0.105231,2.306553
0.249381,2.26973
1.064137,1.112038
-0.181273,2.557432
1.141077,1.911226
1.514251,2.431544
0.73557,0.810864
-0.480052,3.33267
-1.569935,1.867067
1.323398,1.224603
-0.015268,2.332899
0.759371,1.929188
-0.315694,3.082091
0.465831,1.775308
0.510588,0.482297
0.013023,3.277584
-0.061372,1.735042
0.519719,1.379382
-0.460592,2.31763
0.058977,2.975512
-0.212558,2.122736
0.490231,3.182233
1.526376,1.233285
-1.032702,3.678301
1.419498,0.278421
0.72135,1.05291
-1.036594,2.863096
0.169298,2.696343
0.401765,2.122287
0.453257,3.548521
1.010249,1.654809
-0.044757,2.276316
-1.482218,2.395918
0.809966,1.86093
0.209415,1.943109
-0.184417,2.870431
0.313149,3.243605
0.920586,1.318758
-0.390987,-0.62046
0.28366,0.940644
0.887355,2.672991
0.103585,2.20222
0.4811,2.767894
-0.68782,1.579964
-0.236808,1.905088
-0.422122,1.840872
-0.297282,2.654729
-1.167273,2.026935
-0.500409,1.316812
-0.291444,2.37556
0.292043,2.81774
-0.108973,2.55354
-0.574805,2.300267
-0.565524,1.970951
1.115331,2.01481
-1.26457,2.346221
0.137414,3.090773
1.709595,1.289568
1.410367,1.977987
-0.811163,1.840123
0.34608,2.592758
0.630489,2.214944
-0.459694,3.35183
-0.405357,1.826502
-0.636626,1.407373
-0.335003,1.872307
-0.290097,1.11563
-0.23546,1.871708
0.064067,1.977837
-0.940644,3.004552
-0.782722,1.689836
-1.531615,3.041076
0.6492,-0.353415
0.325723,0.350421
0.537532,0.666714
0.026345,1.430276
0.39413,1.765578
0.074246,4.190835
0.006287,1.262026
-0.99064,2.042952
1.519191,2.768194
-0.347128,3.348986
0.168849,3.710035
0.094603,2.353556
0.833018,2.440226
-0.500409,1.301843
0.414189,1.177601
0.145797,3.369643
-0.119601,2.683021
-0.188009,2.892884
-0.904719,1.74537
0.258063,0.868494
-0.243244,3.19286
0.210013,4.100273
0.689915,0.706381
-0.189207,1.037493
-0.17319,2.699337
-0.906365,2.585124
-0.479902,3.413352
-0.150287,3.949836
-0.929417,3.12101
-0.651894,1.638792
1.233585,3.2942
-0.425266,2.227069
-1.834884,1.094075
1.394799,2.045496
0.049098,1.915417
-0.314197,3.362308
0.162263,3.723357
0.027992,2.096989
-0.289199,1.505569
-0.27902,2.89483
0.32228,2.424957
0.031435,0.585283
-0.267344,2.878813
-0.154928,2.994373
1.910926,2.295626
-0.033231,2.883154
0.346829,0.376467
0.65878,1.164429
0.540975,2.45235
-0.888552,1.453028
-0.100441,0.624651
1.802103,-0.572559
0.121697,2.580933
0.650098,4.155509
-0.760568,1.725761
-0.386347,2.709066
1.463507,2.065854
-0.28875,3.239863
0.429008,0.853226
-0.484991,2.761607
0.083975,2.580334
-0.868793,2.088457
-0.652643,3.705844
0.343236,3.657345
-0.703088,1.526376
0.138013,1.205294
-0.06736,0.721649
1.393901,1.503623
0.756676,2.464475
-1.863475,2.920277
-0.386496,3.079696
-0.62974,3.373535
1.470392,1.671873
0.253423,3.426525
-0.828826,2.30356
1.383423,2.855612
-0.558189,0.733624
-1.283281,-0.743055
0.331561,2.282603
0.210462,4.270769
-0.369581,2.609374
0.4088,3.040926
0.777034,1.148562
0.340841,2.042054
-1.140329,1.752256
-0.507594,3.608247
-0.891247,2.609823
-0.704585,0.600701
0.297731,0.815504
0.963247,1.518742
0.047451,2.24069
-0.186512,3.081342
0.017514,3.091821
-1.127755,2.19743
-0.524659,2.105971
-0.278271,1.569935
-1.017734,2.495012
0.23097,1.580414
-0.373324,2.258952
-0.39413,2.228865
0.059426,2.627935
-0.385448,3.068768
0.926573,-0.006886
0.297132,1.295406
-0.026196,2.110611
-0.744252,1.811533
-0.877775,3.229235
1.66364,1.415457
-0.092657,3.311863
0.292342,1.561852
0.445623,-0.70204
0.180375,3.949986
-0.094454,2.48139
-1.537153,1.201252
0.62974,1.837579
0.345182,2.119143
-0.030387,1.532813
-0.75009,4.34741
0.062121,3.133135
-0.235011,2.53902
0.578397,1.708098
-0.354613,4.446354
-0.393083,2.883604
0.520767,2.54381
-0.097896,2.237547
-0.451461,3.760929
0.09625,2.593058
-1.1541,1.935475
-0.63947,1.296454
0.086969,2.326312
0.352816,3.5343
0.436792,1.187481
-0.80323,1.975741
-0.455952,3.041675
-0.085921,3.161575
-0.56268,1.074765
0.497565,0.48589
0.15373,1.127306
-0.763862,3.800447
-1.637445,1.850003
-0.82733,3.222948
0.505648,1.157094
-0.481998,1.541195
0.055235,1.156495
-0.257165,1.280737
-1.006956,3.696264
-0.672252,2.169888
-1.1541,3.681295
-0.355211,5.781727
1.464854,2.150728
-0.847538,1.992057
-0.695454,4.167484
0.615819,2.188
-0.974174,1.750909
0.800386,2.160906
0.8658,1.407074
-1.101709,3.10155
-0.15403,-0.023651
0.485441,0.979713
0.644111,-1.091231
0.163011,1.078358
0.997226,2.630031
-0.041763,1.393752
-0.555794,0.248334
0.145797,2.29368
1.138832,0.318538
0.696053,0.481249
2.047742,1.906436
0.251627,2.274071
2.610571,1.842369
-0.246088,3.000959
1.772913,0.642464
-0.900827,1.638493
0.006437,3.058889
-0.443977,3.539989
-0.203427,1.248404
-0.813708,1.069227
-0.299976,2.274969
0.534838,1.791624
-0.179177,2.073488
-0.278421,1.999841
-0.622555,2.195185
0.810265,2.445914
0.422422,3.05365
-0.716261,4.599934
0.712219,1.152304
0.039518,2.2844
1.204545,3.959865
-0.892893,0.708327
0.712967,0.979114
0.3368,2.4284
0.517923,1.088387
-0.137115,2.207609
0.383952,3.561244
0.002994,1.571582
-0.951122,2.308799
0.006137,2.299818
-0.492027,2.467169
-0.555345,2.805017
-0.069456,2.630779
0.223785,0.391586
0.170645,3.314857
-1.290466,1.352138
0.021256,-0.275128
0.679437,1.097667
-0.582439,1.99086
-0.375419,1.488205
-0.174088,1.467548
-0.605191,1.821861
-1.037343,0.833317
0.447569,1.363964
-1.566942,5.060826
1.514401,0.747545
0.320783,0.431253
0.693358,1.326841
-0.392783,2.322121
0.760269,2.193688
-0.42781,1.209934
0.083526,2.257306
0.251926,1.107547
-0.761467,2.685416
-0.690364,2.304158
-0.467029,3.401826
0.131277,2.968627
-0.401465,2.021846
-0.655038,1.840722
0.487686,1.008303
-0.822689,1.963168
0.699196,1.754951
-0.072449,3.68369
0.028291,0.920137
-0.59127,1.161135
-0.276774,4.312382
-0.167951,1.982777
0.430804,2.587968
0.75039,2.478995
-0.196841,4.310137
-0.132774,3.295098
0.473316,4.616999
0.001796,3.398084
-1.772614,2.296674
0.822989,4.242927
1.354833,1.89925
1.622775,1.537902
-1.17326,1.439556
-0.835562,0.255519
-0.280217,2.794988
-0.609832,1.249601
0.31255,1.555266
0.617765,1.33672
-1.682202,2.508933
-0.175884,1.722318
0.275278,2.959047
0.802032,3.174
-0.625998,1.197659
-0.718805,1.433719
-0.166753,4.733906
0.547412,1.359772
-0.417332,1.430575
-0.264949,3.20289
0.877176,1.45722
-0.568817,0.963546
-0.443528,1.868265
1.676065,2.020498
0.867147,1.710792
-0.285007,2.494263
-0.244292,1.774709
-0.066462,2.544409
-0.957559,2.453698
-0.952918,2.11106
0.712818,1.857487
0.585133,1.64478
1.467249,4.670288
-0.888103,4.617897
-1.121917,3.512296
-0.215851,0.705483
-0.794847,2.85157
-0.220042,0.897384
0.00494,3.310366
-0.113314,2.247127
-0.219593,2.641557
0.150287,1.099015
-1.068777,2.138752
-1.132395,2.17857
0.556692,4.520899
0.443079,2.608326
0.215552,2.820884
1.392255,1.939666
0.879571,-0.457149
1.193019,0.593216
0.01946,2.780767
0.49068,1.236728
0.21181,2.332749
0.256267,2.081272
-0.51912,2.587669
-1.530417,1.875151
-0.670605,2.570155
-0.650397,1.257086
1.95718,1.552422
0.755479,1.294358
0.422422,4.224814
-0.714913,2.421664
0.718206,1.340912
0.09131,0.959654
-0.824336,2.462829
-0.732128,1.215173
0.036973,3.057691
-0.416135,3.698359
0.032482,3.699856
-0.239352,1.883683
-1.013991,4.530778
-0.658181,3.513344
-0.258512,2.068099
0.648152,2.176773
-0.044458,1.495091
0.098944,0.603844
0.389041,3.983666
-2.323019,2.365531
0.407153,2.425706
-0.696202,1.581761
0.090711,2.474205
1.426833,0.076341
-1.58206,0.607736
-0.51463,2.153123
-0.834066,2.103725
0.645607,1.234333
-0.736918,4.781357
-0.11047,2.845882
0.587828,1.188229
1.053659,2.01032
-0.218845,1.583707
0.643362,2.666555
-0.012574,1.353485
0.179477,4.530928
-0.342787,1.719474
-0.488285,1.902544
0.008233,2.454147
-0.146845,3.213517
0.542023,3.653902
0.772244,1.834136
0.117655,2.426604
0.293839,2.733915
0.495919,2.408192
1.382974,1.509012
-0.126188,3.118615
-0.393532,2.452201
-0.160616,1.18284
0.323178,1.177152
1.160986,0.321531
-1.442401,2.125131
0.32722,1.578767
-0.533042,2.37556
0.182021,1.731898
0.001647,2.333647
0.260608,3.708239
-1.278491,2.011966
0.876577,1.798061
1.034199,1.053509
0.432002,0.887504
0.258063,3.076702
-0.154778,2.88031
0.415985,2.23111
1.153801,1.065784
-0.080383,1.456022
-0.877176,1.63026
0.488883,3.43356
0.820145,1.843566
0.223036,3.759881
-0.51433,3.345992
-0.575254,1.982477
0.408351,1.821263
0.95711,1.470542
-0.482896,2.226171
0.866099,1.123564
-0.113614,4.00103
0.237855,0.582289
-0.234413,3.385959
-1.315165,1.875749
0.744851,0.514929
-0.108075,2.543361
0.808469,0.990939
-1.154399,1.674268
0.405058,1.133892
0.450713,1.427282
0.273182,2.271975
1.291365,2.129771
1.996249,0.604443
-0.122894,2.910547
0.650996,1.303639
-0.384999,2.539769
0.777783,1.861828
-0.180225,1.64957
-0.229323,1.965862
-0.74066,1.862876
-0.100741,2.375111
0.263452,1.752855
-0.193847,4.046385
0.338746,1.708547
0.223186,2.264341
0.68782,1.059048
-0.615221,2.271227
1.036594,2.257456
0.32677,2.244133
0.483046,2.816393
1.302442,0.854573
0.263153,1.738036
-0.171244,2.969525
0.526904,2.007475
0.060325,2.849624
-0.566272,1.854643
0.47107,3.737278
-0.656834,1.56784
-0.912502,2.109713
1.161734,2.266587
1.063389,1.847309
-0.308658,2.926714
0.058379,0.152233
-0.402962,3.532953
0.776585,1.646726
-0.536335,3.14481
-0.915496,2.872527
-0.564776,3.556754
-0.117955,2.469864
0.500559,2.385739
-0.53858,3.479814
0.409099,3.888763
-0.260309,2.200424
-1.027463,1.403332
-0.14445,2.617158
0.43275,2.517465
0.151784,2.619253
-0.002694,2.825225
-1.3225,2.618804
-0.810115,2.773133
0.597857,1.743425
-0.444426,0.049098
-0.515079,2.519561
-0.66372,3.375181
-0.653541,3.060087
0.65863,3.047962
-1.124462,1.122965
-0.621059,2.044299
-0.040117,3.141367
-0.699196,2.211052
-0.266296,2.924019
1.553769,0.556543
-0.873883,1.352737
-1.290616,1.616638
0.048349,3.239563
0.61073,1.427581
0.036823,2.561024
0.055085,2.344724
0.84155,0.900527
-0.114063,2.856061
-0.595911,2.91908
1.621728,1.135838
-1.010249,3.295996
0.320633,4.140839
0.030237,3.887117
-1.030158,1.531615
1.012944,1.910178
-0.673599,3.599714
0.613574,1.621129
-0.295635,2.512675
0.059426,2.577041
-0.448916,1.311872
0.18741,1.117127
0.266446,0.101938
0.634081,0.578098
-0.455952,1.088536
0.382155,2.824926
-0.689466,1.746269
-0.52421,3.806434
0.561033,1.826053
-0.356708,3.578758
-0.651745,3.657644
0.237556,4.088298
0.531545,2.735861
0.492775,2.752027
1.296903,1.232836
-0.956511,3.703149
0.334554,1.733994
-0.651595,3.286715
0.80772,2.419868
-0.002096,3.070116
1.603765,2.324067
0.330962,1.536555
-1.152453,1.533411
-0.819995,1.486708
0.934956,0.886906
0.476759,1.02432
0.901875,2.999463
-0.232766,2.287543
0.705034,1.209185
-0.310903,0.152533
-1.126557,0.272433
-0.416434,0.238155
2.845732,-0.165406
-0.58169,0.815804
-0.405956,1.156196
0.717009,0.433349
-0.72135,1.146017
-0.964145,1.709146
0.468975,2.981051
0.390388,1.015488
1.179996,1.192121
1.012045,2.119892
0.321531,4.208498
1.275049,0.795745
0.074545,2.336791
-1.334026,0.258363
-1.619183,3.918551
-0.45206,3.440745
-0.40865,3.791466
0.117955,3.667374
-0.001347,3.689827
0.449515,1.790876
0.40895,2.717599
1.085692,2.76969
-0.715362,1.671275
-0.680934,1.465153
2.466271,0.320933
0.298779,2.26015
0.376617,3.398682
1.236728,1.324296
0.127684,1.029858
0.173489,3.770359
0.368384,1.63999
-0.599503,2.169289
0.760868,1.319506
-0.006287,1.382974
1.16877,1.177152
0.814157,2.42346
-0.251776,2.278113
-0.913401,1.097967
0.208965,2.017804
0.419428,3.543731
-0.008981,3.074756
-1.170266,1.458417
-0.720152,3.017126
-0.284558,1.47638
1.042582,3.19765
-0.433349,2.286346
0.670905,0.921035
0.25492,1.981729
-0.051792,0.555195
0.030387,3.204386
0.066462,1.508114
0.013622,1.57742
-1.233734,3.059937
-0.326471,3.06308
0.592917,1.226699
0.349224,1.727258
0.047601,2.802921
0.335153,1.13015
0.2883,1.969604
0.220791,-0.057031
0.716261,3.052303
0.70219,1.9717
0.629441,1.473835
0.387544,2.03397
0.058828,4.008963
0.228575,1.249452
0.510139,2.903213
-0.42302,4.229904
0.204774,1.965263
-0.041314,1.974245
0.576002,2.433789
1.513952,1.609753
0.176184,3.468138
0.035626,0.843795
-0.65414,2.640509
0.66357,1.255888
-0.365989,3.109334
0.196691,0.625699
-0.409698,3.432213
0.950972,3.857179
1.081052,1.416804
-1.219364,1.305884
1.960024,0.574954
0.666115,1.862876
0.241298,2.758913
0.094603,1.703607
-0.382305,1.982328
0.257016,2.400259
-0.75009,1.893263
-0.090711,2.353705
1.578767,2.68826
-0.159568,2.162254
-0.496218,2.730173
-0.208965,2.775828
0.996178,2.046544
-0.501308,2.520608
0.836012,1.665437
-0.025746,3.403772
0.769101,2.028582
-0.601599,1.177901
-0.955164,1.627565
-0.087269,3.564987
-0.07215,2.919229
-0.810415,1.941912
0.700992,1.709894
-0.262255,3.764971
-0.169148,3.385659
-1.227747,2.133813
0.036524,0.862656
-0.017065,1.308579
-0.309706,1.958827
0.488285,1.232088
0.299976,1.873654
-0.156125,2.993625
1.663341,1.113834
-0.436343,2.454596
-0.136516,0.109572
-0.092358,2.29847
0.008682,0.676593
0.222288,2.662663
0.357756,0.748893
1.286425,1.450633
0.481249,1.864972
-0.685125,1.882036
0.319585,0.865949
-0.116158,2.037263
0.563129,0.62016
0.363744,1.602118
0.911455,2.477348
-0.607287,0.913101
-1.097518,1.42354
0.451761,1.430126
0.177531,1.775458
0.480201,1.211581
-0.353116,2.215393
0.632884,2.299818
0.243693,1.977538
0.961002,2.148931
0.313598,3.362009
-1.655108,4.119434
-1.215173,2.256707
-0.002096,2.151326
-0.037123,2.466122
0.175435,2.237996
-0.837359,4.051176
-0.25013,3.597319
-0.296084,3.119663
0.015119,3.080294
0.075742,1.179248
0.949326,0.769849
1.054557,0.48589
0.086969,2.786306
-0.280966,2.662364
1.565894,2.40909
0.934956,2.359992
0.900378,2.432292
1.632505,2.68317
0.749791,3.114573
-0.220491,2.115401
-0.842448,0.981509
-0.11526,2.40445
-0.155676,3.581153
-0.58648,2.759212
1.209934,2.0196
0.390538,1.517993
-0.47122,2.578987
0.279768,1.920656
-0.316143,3.766019
1.421145,1.26951
-0.257465,2.313888
0.175136,3.232977
-0.431253,1.369053
-0.004191,3.791615
0.023801,2.314936
0.472717,1.955234
0.678389,1.859134
0.452509,2.447261
-0.092807,3.489094
-0.854124,1.886527
1.148112,1.201402
-0.191302,3.608696
-0.473016,2.948419
-0.604742,2.102228
-0.434097,2.632576
1.920207,0.065863
-0.051044,2.374961
0.163161,2.642754
0.471669,0.867746
0.469424,1.616488
-0.345482,4.302503
0.821192,1.732198
0.725691,0.71177
-0.111967,1.633403
0.440983,3.035089
-0.34623,2.373315
-0.227677,2.199077
0.821342,0.393831
0.922981,0.440235
0.056732,3.536246
0.036225,2.030527
-0.113015,1.788481
0.818348,2.569557
-0.539628,1.362766
0.310604,3.87574
-0.389191,1.678759
0.048349,2.658472
0.976569,1.694327
-0.187261,2.556833
0.565075,3.631448
-0.304617,2.85187
-0.830623,1.382226
0.384101,2.965633
-0.154479,2.992128
0.383053,1.531765
0.634231,1.50033
-0.351918,0.659678
-0.609832,1.264421
1.020278,0.936004
-0.495021,2.409539
0.361199,1.348396
-0.593965,1.718277
-0.852178,4.644841
0.178728,4.032914
1.150058,2.874023
-0.098046,1.880689
-0.549807,1.575474
-0.879721,2.572401
0.262404,0.869392
0.722248,0.824036
-0.625849,2.641257
-0.371976,3.652854
-0.677791,3.440595
0.073497,3.238515
0.621208,2.181863
0.554447,2.744692
0.433199,1.470392
-0.042212,3.836073
-0.611628,1.141975
0.71641,2.831662
-0.271984,1.964964
-0.564177,0.513582
0.85577,0.800236
0.503852,3.033442
0.770448,3.510051
-0.488135,2.86624
-0.351619,3.026257
0.147892,2.510729
1.867516,2.073039
1.270857,2.268083
-0.109273,2.638563
-0.160317,4.063001
-0.176333,3.955824
0.586031,2.937491
0.465532,2.613116
0.573607,0.908611
-0.140857,2.940336
-0.657732,1.762585
0.075144,3.033891
-0.724194,1.944307
0.479154,3.232528
-0.221988,3.372487
-0.825234,0.792302
-0.606688,2.705773
0.730182,1.690584
0.386496,0.908012
-0.390238,3.093467
-0.300425,2.223027
0.177231,2.003584
0.891546,1.684597
-0.246537,2.465373
-0.377216,3.427423
1.093326,1.196013
-0.787213,2.036964
-0.492775,2.215094
-0.029339,3.828439
1.133293,1.998045
-0.592917,1.560355
-0.593665,3.219804
-0.337398,3.548671
0.648452,3.248395
-1.307232,1.743125
0.326471,1.725163
-0.530647,1.36112
0.509091,0.849933
0.070204,3.397485
-0.537981,4.016597
-0.014819,1.070574
-1.05815,3.400628
-0.15882,2.995421
-0.029788,1.949696
-1.537902,2.708767
-0.262853,3.669918
-0.166604,3.396287
-0.404609,3.183879
-0.882415,1.190923
0.613873,2.052083
0.989592,-0.741558
0.731678,1.128503
-0.247286,3.903433
0.665067,3.046914
0.401465,3.680247
-0.512983,1.015339
-1.273851,1.278192
0.100142,3.911366
0.232018,0.029638
0.414638,0.841849
1.162483,2.180366
-0.257614,3.472329
0.995131,0.802781
0.590821,2.195934
-0.76461,2.164948
-0.434995,3.863167
0.545166,1.52443
0.596959,1.391955
-0.0723,1.77456
0.0482,0.430355
-0.137265,1.989962
-0.487087,1.071622
0.242795,2.054178
-0.056283,3.283272
-0.865949,1.23598
1.118175,2.544559
0.463885,0.765508
-1.60616,4.294869
-0.448168,2.597249
0.695603,1.082848
-0.093406,1.860481
-0.310155,2.704875
-1.503623,2.600842
-0.635279,2.276616
-0.731379,1.891766
-0.020807,3.69806
0.017813,2.482737
-0.029489,3.136877
-0.0964,1.638942
-0.00943,0.635578
-1.01923,0.285756
-0.032183,2.364333
1.005309,1.579665
0.449515,1.094075
0.150737,3.144661
-0.436343,2.892735
-1.435814,-1.477577
1.240321,1.831741
-0.640518,1.710643
1.627865,2.215543
-0.063169,2.084116
-0.365989,3.611839
1.502575,1.2743
0.123344,1.255439
-0.776435,2.496508
-0.739462,1.140628
0.395777,2.132166
0.459095,-0.865201
-0.10568,3.105592
-0.666414,1.412762
-0.536784,0.99558
0.47122,1.865421
1.69253,-1.153352
1.059347,2.037263
0.203427,3.013234
-0.78377,1.265169
0.298479,2.220033
1.74088,1.120719
0.705034,1.607208
-1.092877,1.276994
-0.364492,0.396226
-0.165406,2.228117
-0.609233,3.824996
0.810115,0.507594
0.771945,1.313818
-0.318837,2.24069
0.709225,1.804198
-0.208217,1.751059
0.30282,1.017883
0.148791,2.067501
0.127834,2.699486
-0.076192,1.537153
-0.031884,-0.038919
0.187111,0.104782
-0.163011,2.834506
2.829117,1.315165
-0.637375,1.460812
0.47586,3.170856
-0.84619,3.397335
1.523831,2.21704
0.542771,0.87044
-0.4329,2.388583
0.274828,2.948568
0.936752,0.262404
0.885259,1.049168
0.422871,1.656755
-1.447191,3.835624
0.113913,2.980302
-0.59621,0.824935
0.465233,3.614534
0.823288,1.967209
-1.771716,0.559836
0.648302,1.617536
-0.01916,2.588866
-0.513881,1.627865
-0.393232,1.153651
0.018861,1.925446
1.236579,1.544039
-0.406255,3.70779
0.271236,2.266736
0.536933,1.614393
-0.75039,2.300117
-0.569865,1.768722
-0.279319,2.16405
-0.534987,2.361938
0.533042,3.176844
-0.151934,1.350342
0.001796,1.715882
0.891696,2.266287
0.582439,1.811832
0.479603,3.940556
0.642614,2.751279
-0.554148,1.15889
0.230221,2.848576
-0.484243,2.166595
0.769999,2.355651
0.11556,2.467169
-0.062869,2.99602
-0.286055,2.260449
-0.106429,2.990182
-0.929417,1.003513
-0.255818,2.141147
-0.503703,0.377964
-0.307012,3.833977
0.121098,1.693878
-0.130079,5.187612
-0.398621,1.641786
0.614472,1.400937
-0.382155,3.608247
1.64957,0.71671
0.024998,3.840863
-0.010778,2.540966
-0.741408,4.215833
-0.357906,3.05365
-1.51979,1.654958
0.1681,2.674488
-0.309407,3.104394
-0.654439,3.219505
0.077688,1.657204
0.722697,2.127376
-1.224154,2.008523
0.355062,1.483565
-0.774639,1.461112
-1.394949,2.193389
0.195194,1.673819
0.1443,2.376458
-0.232766,1.363664
0.458646,2.927462
0.022154,1.674717
-0.472867,3.883674
0.55325,2.202819
-0.171543,2.858605
0.542023,1.870361
0.823138,1.739533
-0.266296,4.14982
-0.016017,3.66902
-0.472268,1.769171
0.37527,1.639391
0.955762,1.107547
-0.437241,3.453468
-0.373024,2.507286
0.728685,2.829865
0.214055,3.285368
0.493374,3.795058
-0.097298,2.033072
1.301843,2.596051
0.015119,0.335602
-0.949775,1.673221
1.196911,1.984274
-1.613195,1.653611
-1.413211,1.695075
-0.690065,0.402214
-1.034798,4.058211
0.909808,1.451382
-0.682581,1.364862
-0.616119,2.576143
-0.452958,1.009201
-0.008981,3.66917
-0.003892,0.82224
-0.652493,1.953587
-0.589324,1.141826
-0.023052,2.309248
-0.483644,1.127605
-0.847388,0.415536
-0.448318,3.862268
-0.195643,3.075504
1.186732,1.369053
-0.706381,1.053809
-0.369731,1.446741
0.104782,1.083297
0.347128,2.455045
-1.026565,1.159489
0.551453,1.768572
0.419128,2.136208
-0.509091,1.953587
0.215103,2.578388
-0.724942,2.070794
0.612975,2.02439
1.554667,2.374812
-0.643212,1.793271
-0.615969,1.758094
-0.737217,0.321531
1.160387,0.527204
-0.136217,1.79836
-0.498613,2.020049
0.262105,4.00582
0.109273,2.994373
1.830094,2.173929
-0.155227,1.682052
2.133813,1.009201
0.657283,1.960922
0.441582,1.456771
-0.752336,3.686833
-0.103136,1.171314
0.050894,2.691553
-0.191751,3.457809
-0.467029,0.943638
0.504152,1.231938
0.503852,0.966241
0.295486,2.030827
1.054407,0.885558
-1.71663,0.665965
0.386646,2.525997
-0.328716,2.43349
-0.543071,0.500559
-1.431174,3.29884
-0.174088,1.467548
0.248932,1.847009
2.357148,1.695524
0.219893,1.503174
-0.62495,2.419718
0.276625,3.890859
-0.552651,3.502716
-0.79829,3.07266
0.356109,1.503024
-0.830922,0.365989
0.07679,2.744393
0.172741,2.940336
-0.309257,2.663112
0.705483,2.107917
-0.099094,2.967729
-1.520688,3.705395
-1.212628,0.794997
-0.786165,1.226699
0.790356,1.632505
-0.475112,3.233426
0.504601,2.196233
0.255369,3.132985
-0.526904,1.732647
-0.711021,1.012644
-0.538879,2.718497
0.566123,1.76483
0.056582,2.332899
-0.374072,3.228786
-0.456251,4.344865
-0.45685,3.811674
0.042512,2.640808
-0.483195,2.791994
-0.044607,2.588118
-0.265997,3.32279
0.546064,1.9955
1.777404,1.330134
0.748893,0.616268
0.578397,2.650987
-0.3606,3.037484
0.618663,3.847449
0.685574,0.781525
0.179926,0.983605
0.093106,2.341132
1.561104,1.00022
0.40416,1.264271
0.36539,1.675017
-0.090711,1.777703
-0.543819,2.407294
1.960922,0.399669
-0.207918,2.505789
-0.037871,1.381477
1.030906,1.847907
-0.526156,0.960403
0.601898,4.08261
-0.839604,0.861608
0.489482,1.530867
0.013322,3.376978
4.076174,-0.036225
-0.414488,3.650459
0.395328,2.468367
0.866548,0.8414
-0.536335,1.502126
0.922981,0.419877
0.392184,1.926644
-0.488734,3.643573
-0.570314,1.257834
0.290845,0.586031
-0.590522,2.140698
0.747246,2.686463
-0.444576,2.06286
-0.571062,1.513203
-0.184716,2.592609
-1.556014,3.677552
1.160387,-0.005538
0.436043,3.783382
-0.354463,1.574426
0.248034,1.873953
1.575324,2.26494
0.381257,0.809966
-2.070644,4.030219
1.328038,1.276396
-0.427212,3.215014
0.446671,1.491798
-0.746049,1.576671
-0.839454,2.108964
-0.128433,4.09728
-0.51912,4.10686
-0.633183,1.751059
-1.458118,1.245111
0.264051,3.668122
0.47631,2.359992
-1.235531,1.498833
-0.645757,1.641636
0.448168,4.381539
-0.570913,0.246687
0.609982,1.402883
-0.774639,1.88024
0.150886,2.746638
0.27872,1.463656
-0.11062,2.258653
-0.436492,1.638193
0.091909,2.591411
-0.070054,1.567989
-1.291514,1.550625
-0.321831,2.791246
-0.558938,1.228046
0.20657,2.071393
-0.466131,0.921184
0.120649,1.982178
-0.56747,1.863026
-0.029938,1.607058
-0.217049,3.387306
-0.099094,2.739603
-0.516426,2.307452
1.430126,-0.308209
-0.640668,3.303181
0.450114,1.996698
-0.128583,2.016157
0.303269,4.090394
0.754431,2.007026
1.079705,1.968706
0.269589,1.119821
0.854723,2.196532
1.85614,0.486488
-0.597108,2.929558
-0.351768,4.044889
-0.133971,3.151846
-0.903371,2.824626
-0.595462,2.514771
0.518222,3.925437
-0.837209,2.750381
0.260907,3.516936
-1.557661,1.141826
-1.28882,1.820814
-0.964145,1.111588
-0.088466,2.072889
-0.777633,2.14968
-0.154179,2.667154
-0.17289,1.396147
-0.89948,1.435665
-0.042362,0.482147
-0.509091,1.098116
0.072599,2.547852
-0.958307,2.603835
0.47616,0.681533
0.750689,1.445843
-0.230221,2.669249
-0.342637,0.494422
0.982257,2.051933
-1.037792,3.998036
0.710572,0.833167
0.179626,1.106649
0.560584,1.498234
-0.057031,2.500999
-0.37018,1.693279
-1.157094,2.33245
-0.118553,2.170636
-0.775687,2.609224
-0.074994,3.637586
0.071402,1.158142
-0.556842,2.006128
0.406105,1.478925
-0.186213,3.842959
0.380209,3.605103
-0.265248,3.649112
0.699046,2.147285
-0.167951,3.091371
-0.425565,2.434986
0.528251,1.01474
-1.424438,2.302063
0.252225,2.51028
-0.251926,-0.336949
0.102836,1.359772
-0.025896,2.850522
1.528322,1.657204
-0.082478,3.448229
-0.587079,3.738326
-0.205223,4.588408
-0.752635,3.461552
-0.08188,2.702031
0.122445,1.436563
-0.01422,2.034719
0.724044,1.871259
-0.12499,2.387236
-2.293381,1.034199
0.645158,0.975521
0.643063,2.408492
0.824036,0.746947
-0.064516,1.794019
0.843346,0.86535
1.107996,1.058599
-0.151784,2.025737
0.548609,1.955833
0.786465,0.607587
-0.650397,3.616779
-0.81745,1.977538
-0.236808,4.186195
-0.443528,1.868265
0.156425,1.920506
0.093855,1.494941
0.116009,2.811603
0.476908,1.008752
1.839525,1.831591
0.261656,1.589545
-0.600851,2.86594
-0.681084,1.242117
-0.202679,1.481469
-1.147963,2.098486
0.041913,1.068029
0.598156,2.051783
0.191751,1.8274
-0.355211,1.811832
0.29833,-0.299677
-0.389789,4.193829
0.788111,1.015189
0.413141,0.560285
-0.449366,0.984054
-0.095352,2.558629
-0.266296,2.605482
0.052092,1.870211
0.359103,1.83698
-0.804427,0.696951
0.569865,2.992427
0.216001,4.315526
-0.254022,3.145858
0.544717,1.866469
1.480871,1.38971
-0.517175,0.309706
0.886606,0.195943
0.537532,2.486779
0.256566,1.931883
-0.359103,1.60122
-0.43784,3.530708
-0.136067,3.302732
0.438738,1.857338
-0.548459,1.887575
0.279319,3.892056
0.883613,1.408271
-0.315544,2.67838
-0.113763,3.633843
-1.227597,1.825753
0.847088,0.682132
0.354313,2.845583
1.092877,-0.072449
-0.190404,4.233646
0.128882,1.090183
0.141606,1.441802
-0.213456,1.227597
0.159568,2.87567
-1.171614,1.239423
0.405806,1.370251
0.566123,2.009421
-0.281564,2.354005
-0.082478,2.104474
-0.289648,2.943329
0.651894,1.922303
0.402663,0.135618
0.296982,3.68354
-0.430205,2.946922
1.091081,0.376168
-0.266745,2.717748
0.734073,0.730331
0.541274,2.485581
1.386118,1.621129
0.361648,2.42346
-0.428259,2.171834
0.270937,0.785566
-0.027094,0.371228
-0.349224,3.112328
-0.185464,3.924389
0.986449,1.976041
-0.849334,2.462529
-0.151485,2.456991
0.854573,0.321082
1.209335,1.855541
-1.104703,3.650159
1.216969,1.932781
-0.422571,1.087489
-1.801803,1.22625
0.394579,1.750759
-0.24025,3.009043
-0.196242,2.286346
-0.457149,3.594475
-0.789009,2.782863
-0.185764,2.535128
0.841849,1.628164
0.573158,2.254761
0.012724,2.796185
0.022902,1.489702
-0.167202,3.127297
0.323627,1.859882
1.926045,1.212928
0.73108,0.568667
1.916764,1.064886
0.510439,0.868045
-0.467328,2.075584
-0.099543,3.26052
1.618135,0.682132
0.818797,0.164807
0.405058,1.934727
0.031884,-0.004191
-0.719703,0.529748
-0.348775,0.962648
0.55774,1.421294
0.716261,0.867895
0.161215,3.307522
-0.101639,3.163671
-0.300575,2.98165
-0.433798,0.953068
-1.484613,2.538571
0.012574,1.588197
1.338816,1.335373
-0.395178,2.901117
0.052391,1.42818
0.864452,1.128054
-0.439037,1.945654
-0.701591,1.423091
-0.296982,2.549349
1.356629,1.131048
-0.885109,0.814456
-0.632734,1.819167
0.384999,0.455203
-1.037043,1.894011
-0.404758,3.303929
0.253722,0.633932
-0.022753,2.387984
-0.292492,2.965932
1.903442,0.518372
-0.67794,3.849695
-0.1443,2.091151
-0.424068,2.323917
0.602347,1.093626
-0.084424,2.586771
-0.806523,1.969754
0.105081,2.15896
-0.409548,2.808909
0.286804,1.532663
-1.74088,0.954266
-0.306113,0.218546
2.288591,1.803599
0.060325,4.235442
0.71147,1.590443
0.195194,3.298241
0.550106,3.649411
0.061223,1.273701
-0.396825,1.722618
0.30282,2.996918
-0.543071,2.03876
0.599653,1.32744
0.329465,0.408051
1.365461,2.02469
-0.083227,1.285078
-0.059726,3.412753
-0.367186,3.642226
0.049996,2.256108
1.490002,-0.044308
0.40416,3.572321
-1.249751,3.675756
-0.49068,0.745749
-0.828527,1.432521
0.113015,3.946842
-0.594863,1.775159
-1.015488,4.143084
-0.792302,2.166145
0.160766,2.076332
-0.498014,0.532443
0.443228,0.783471
-0.793949,1.196312
-0.568667,2.81325
-1.456172,2.426155
1.525777,1.999392
-0.385149,1.91886
0.410896,2.250121
-0.035626,1.999392
0.007484,2.678231
-0.084874,4.095633
-0.123643,1.703009
-0.540376,2.211801
-0.408201,2.9336
-0.869242,3.012186
1.598077,2.569407
-0.203427,2.151626
1.125959,1.84192
-0.637375,1.234483
1.516646,0.956361
-0.625549,2.499053
0.414787,2.677931
-0.223186,2.881957
0.87538,1.742227
0.270637,1.845063
-0.51433,1.340612
-1.015339,1.620231
-0.464334,4.511917
-1.520089,1.112636
0.349972,0.828677
-0.532592,4.144132
0.32198,3.73174
1.561702,0.458197
-0.672851,1.907034
-0.050146,2.107917
-0.388592,2.990481
0.148342,2.758015
-0.931214,1.462459
-0.35102,1.242416
-1.190025,1.496438
0.221839,2.77478
0.869691,0.722997
-0.803379,0.935555
1.135239,1.546883
-0.406854,2.485282
0.004491,2.199526
0.2163,2.083368
0.44233,2.095792
-0.038171,2.347868
-0.400866,2.493515
0.192649,1.487008
0.935854,1.979933
-0.020358,3.750451
-0.103585,2.010469
2.509082,0.276176
-0.201481,1.653611
-1.366808,1.090482
-0.635129,4.550387
0.196541,3.275638
-0.776286,1.97634
1.154848,0.340392
0.090262,3.173551
-0.023052,2.186204
0.040117,2.124831
1.180146,1.024919
1.305735,2.124382
0.667612,1.620829
-0.492775,0.756527
0.150737,1.295855
1.012944,1.550625
-1.446442,1.017434
0.054786,1.878743
0.895438,1.517395
0.073647,2.715503
-0.434097,4.563111
0.377216,2.398911
0.24549,0.957409
0.21645,2.256707
-1.055455,2.285148
-0.360301,3.405418
-0.023052,1.557661
0.382754,2.497706
1.216371,1.724713
-0.038769,2.959945
0.47586,0.511337
-0.030237,2.058968
-0.354463,1.321003
0.351469,1.676364
-1.358275,2.472109
-0.462838,1.486409
-0.151784,1.490451
-0.621807,3.13044
0.542173,0.718057
1.852697,1.29376
-0.547711,1.657803
-0.563728,0.9619
-1.230591,3.216062
-0.913101,4.069438
0.529299,1.599125
-0.708327,2.932103
-0.027842,2.527494
-1.10605,3.033741
0.266745,3.277285
-0.214205,3.018473
1.884282,1.831441
1.528921,1.662144
-0.571212,2.939587
0.380359,3.796555
0.676892,1.315015
1.725163,2.319277
0.118553,1.335223
0.029938,1.254691
-0.639021,2.063908
-0.401465,1.82276
0.165107,2.403701
-0.214504,2.146087
0.592767,3.673212
0.103435,3.098407
-0.358804,2.980452
-0.01916,1.752256
-0.920436,1.478775
0.279469,2.104324
0.138761,0.931214
0.299976,1.893263
1.13479,1.507216
0.17798,2.25072
0.075892,1.736689
-0.517025,1.55302
1.592389,1.069526
-0.59651,0.880918
1.877097,1.869762
0.493973,1.452879
-0.063019,2.200574
-0.023501,0.401166
-0.310754,3.740571
-0.072,3.52951
-0.335153,1.742826
0.271236,3.382516
1.001418,1.518891
0.292342,2.371219
-0.421673,2.835254
0.102387,0.860411
-0.292043,1.570085
0.4811,3.344794
1.599723,1.791026
-1.286575,3.710035
0.446971,1.365461
-0.840053,2.494862
1.162034,1.606459
-0.586929,3.338508
-0.001048,1.562451
0.349074,2.749632
0.415686,4.883445
-0.168849,2.314337
-0.136815,3.450026
0.683329,3.950585
-0.28351,2.161206
-0.353265,1.179996
0.078587,2.835104
0.499362,1.790576
-0.930914,3.054847
0.922532,2.937791
-0.469873,1.997446
0.22618,3.137775
-0.393232,1.179547
-1.260828,4.668492
-0.48095,4.18844
0.137714,2.793192
-1.25514,1.328487
-0.793201,3.857628
0.039218,3.13553
-1.48611,4.161346
2.304907,-0.224533
0.12484,0.843795
-1.013991,1.900897
0.66357,1.772764
0.177381,2.999014
0.748893,2.372267
0.299827,0.704585
0.73572,0.862506
-0.574505,3.641478
-0.534089,2.31314
-0.046853,2.400708
-1.265019,2.138603
-0.190404,2.98629
2.01017,1.682052
0.295186,0.964145
0.479453,3.535199
-0.655936,1.523232
-0.455652,1.553769
0.446222,3.104544
-0.28396,3.862867
-1.117576,1.975891
0.54322,3.337609
-0.715063,1.147364
-0.635279,2.402654
-0.293989,0.943189
-0.107776,3.71258
-0.354912,4.643793
-0.228575,3.172503
-1.310674,0.944386
-0.318238,2.786306
-0.32722,2.805017
1.098416,2.709965
-0.792452,1.238075
-0.219144,3.965254
1.351539,3.05365
0.24055,3.051854
-0.642763,2.205963
-0.566272,2.37077
-0.739462,1.04348
-0.331261,1.332679
0.041314,1.371149
0.025297,2.544559
-0.535287,1.303639
-1.098116,2.758164
0.061672,3.170257
-0.025896,3.640579
-0.175435,3.002456
-0.694406,3.12101
0.129331,3.847599
-0.501457,1.801204
-0.476609,3.196902
-0.704136,2.095941
0.433948,2.988086
-0.486339,5.037025
0.916993,1.734743
-0.306712,2.901267
-0.407153,2.264641
1.380429,2.760559
0.079634,2.662513
0.102088,1.75046
-0.339344,1.526675
0.877924,1.690734
-0.718506,2.602937
-0.227377,3.372786
0.541274,0.840652
-1.305286,1.329086
-0.32198,3.293302
1.607956,1.756897
1.071771,1.648672
-0.91834,2.475552
0.640518,0.484542
0.359103,2.93315
-0.643512,1.825155
0.424817,3.780389
-0.868644,1.349444
0.070803,1.883683
1.436263,0.065863
0.966989,1.472787
0.302072,2.715952
0.736469,0.975671
-0.812061,3.540887
0.058528,0.239951
-0.011526,2.878065
2.356699,1.806743
0.167801,3.910169
0.295635,4.493655
-0.427212,1.91886
-0.188009,0.532443
-0.67824,1.039289
0.994981,2.555186
1.772165,-0.881217
0.156125,1.33672
-0.838407,1.992507
1.641786,1.775907
-0.215252,1.237926
0.723595,1.445843
-0.121847,2.539918
-0.356708,3.022365
-0.285756,1.78399
-0.924777,3.212919
-0.790207,4.030968
-0.85577,4.296066
0.223485,3.126698
0.237107,3.378474
-0.10104,2.31763
-0.576451,1.086141
-0.510888,2.89019
0.970582,0.501158
-0.366588,2.742896
-0.274679,2.548001
0.204624,2.440375
-1.019979,-0.34623
-1.141676,2.215393
1.583557,-0.333506
0.282463,3.192711
-0.532443,3.687881
-0.107327,3.919749
-0.0961,1.48581
0.039069,1.138083
-0.358654,3.95298
1.20215,0.50984
-0.069156,3.035987
1.6111,2.517615
1.099164,1.311722
-0.411195,2.112108
0.064815,0.970582
-0.675845,2.629881
-0.006437,-0.035327
-1.045725,2.362836
-0.118703,3.031646
-1.839375,2.322421
0.419877,1.232537
0.412991,1.939517
-1.089135,3.06308
-0.116458,1.654958
0.202229,3.514991
-0.986598,0.692909
-0.41344,3.023862
-0.428259,2.520608
0.224084,3.633843
0.986,1.516197
0.117955,2.461481
1.782344,0.456102
-0.582139,3.662135
-0.921184,2.186054
-0.202679,2.562521
0.402513,2.273622
-0.03368,2.545157
0.983305,2.448907
-1.770069,0.968636
-0.598006,2.132316
-0.120499,2.579286
-0.456551,2.358046
-0.364342,3.312312
0.038919,0.972977
0.276475,2.644551
-0.175435,3.477718
0.151485,0.670905
-0.385299,3.201393
0.267793,1.597628
0.001647,2.295926
1.301843,1.642085
-0.305215,3.485352
-0.991538,2.895728
-0.141606,3.762127
-0.405207,3.592978
0.746797,-0.859513
0.041314,2.522554
0.135169,2.293531
-1.332978,3.22175
-0.14445,2.979704
-0.013023,2.257605
-0.376467,3.562292
-1.041235,2.302063
-1.11099,4.350703
-0.535586,1.544039
-1.458567,1.348695
0.03368,1.519191
0.46164,3.035238
-1.155747,4.245322
-0.425864,3.596122
-0.675994,1.418001
0.076042,1.995201
0.309407,4.296815
1.037642,-0.352367
0.33186,4.728966
1.196911,1.282234
-0.202529,3.589835
-0.089065,-1.190923
-0.230221,1.974544
-0.387544,2.730622
0.771346,0.538879
-0.497116,2.398462
-0.007934,-0.935255
0.45221,2.696493
-0.361947,1.040636
-0.501906,1.238524
0.281714,3.263963
0.556094,2.359693
0.504002,3.947142
0.290845,1.323248
0.170046,2.632725
1.415756,1.805096
-0.260009,2.077829
-0.731379,2.575394
0.255369,3.241509
-0.248034,3.832929
0.122445,2.342928
-0.550405,0.53873
0.590821,1.342408
-1.140628,1.675765
-0.999322,3.767515
0.339494,0.659229
-2.429298,-0.002245
-0.814157,3.276387
0.563129,2.571802
0.300425,1.925745
-0.623004,0.4808
0.983455,2.518662
-0.085472,2.829716
-1.131347,4.305197
0.847837,0.276774
-0.996628,1.605262
-0.490231,2.883903
-0.925226,3.316503
0.246687,0.330513
-0.025297,2.521956
0.96654,1.310225
0.6974,2.132316
0.378563,2.371967
-0.175435,2.604584
-1.390758,1.293909
-0.664618,1.284928
0.398771,2.728077
-0.164807,2.210902
0.609832,2.257156
-0.523761,2.893932
-0.053439,4.578529
0.938099,0.986149
-1.093775,3.884572
-0.273332,2.13052
0.834515,0.539478
0.345781,3.345992
-0.867895,2.215543
1.700913,1.873055
0.141156,2.359094
0.146396,2.905757
-0.821941,1.346899
0.008832,3.266956
-0.12963,1.174009
-0.362995,0.451761
-0.317789,4.159999
0.118254,0.943039
-0.640368,1.343756
-0.658032,0.770298
-0.685125,1.870211
0.480351,2.136657
1.088836,1.953138
0.598905,1.642684
-0.713416,0.856968
-0.554896,2.883154
-0.710722,4.054319
-0.268691,1.408421
1.176703,1.532663
-0.732726,1.761537
-0.323328,-0.571811
-1.465453,0.840802
1.114732,1.027463
-0.874182,1.82276
-0.343835,2.271526
0.917442,1.247206
-0.268841,0.564027
0.238304,2.161206
-0.137265,3.939657
-0.743654,0.937051
-0.945135,3.244204
0.43769,2.962789
0.033231,1.525777
0.95202,1.137335
0.12993,2.606081
1.441203,1.538351
0.116458,1.878144
0.545166,2.628235
0.650397,2.275867
-0.052391,2.729125
1.445245,3.409161
-0.136516,2.300416
-0.265248,3.13553
-0.21645,0.861459
1.089884,1.949845
0.464035,0.818348
0.985251,0.660726
-0.498014,2.135759
0.167053,2.823578
-0.371378,1.443748
0.844394,1.41381
0.50505,1.975741
0.451761,2.683769
0.406854,3.379822
0.861608,1.451082
0.19699,2.448458
-0.301473,1.81797
-0.508343,2.257605
-1.100811,3.355422
-0.248034,2.688709
-0.014071,3.708089
2.705025,0.887804
-0.793051,2.303859
0.652343,3.765869
1.196462,1.124462
-0.378862,3.665128
-0.276924,3.369343
1.099763,2.826273
-0.403112,1.51455
-0.485141,4.679718
-0.002395,1.786984
0.297731,2.488725
1.060395,1.159788
0.938698,2.374662
-0.248184,1.686992
-0.966839,3.117567
0.499661,0.986299
-0.237107,2.975363
0.486339,1.276246
-1.232836,1.383723
0.637375,1.045426
-0.551453,1.868115
1.603615,1.425186
0.0964,2.292483
0.912203,2.011816
-0.48559,3.705993
-0.143701,0.827629
-0.972079,2.531835
-0.026645,3.674409
0.275278,2.353705
-0.593516,2.14459
-0.471969,0.247136
-0.396974,2.117048
0.902922,2.089655
0.486189,2.673141
0.638722,4.140989
-0.628693,1.818419
0.734822,1.730701
-0.303569,1.595682
0.333357,2.501448
0.848585,1.465004
-0.888103,0.689915
1.289568,1.901795
-0.325124,2.656226
0.149389,2.504891
0.545615,3.287464
1.174907,1.911375
-0.204624,1.57263
0.126337,2.599644
0.279319,2.83735
1.19751,2.257156
0.634231,0.785866
-0.956661,1.191672
-0.594713,2.639312
-0.567919,2.307302
-1.025966,1.231639
0.866099,1.717079
0.565225,3.398982
-0.316292,0.49517
0.475262,1.639241
0.686472,2.286196
-0.520917,0.258812
0.304317,3.284171
-0.529449,1.31741
0.017364,3.853736
-0.639171,2.538721
0.225581,2.212848
-0.221988,3.321593
-0.108674,3.665877
1.080603,1.085992
-0.342188,0.887804
0.308059,0.275727
-0.064366,1.025667
0.815205,1.257685
0.458946,2.337838
0.862955,0.758173
-0.056582,3.405119
0.320633,3.962111
0.443079,1.710343
-0.484991,4.588109
1.011447,4.449797
0.490979,2.752027
-0.495919,1.551374
-0.470322,2.45714
0.590672,1.847458
-0.352068,3.493136
-0.354912,2.133214
-0.046104,4.019591
-0.104333,2.985542
0.265847,2.950814
1.065335,1.963467
0.354313,0.570314
0.708177,1.204096
-0.024848,2.35161
0.176483,3.016228
-0.452659,2.103276
0.647104,0.628693
-0.016765,3.274291
0.094005,2.252216
0.49053,0.555645
0.410746,1.225202
1.358874,2.618804
-0.828078,3.02461
-0.120948,0.458347
0.366139,1.902993
-0.179626,2.412533
-0.167651,2.62554
-0.557141,1.463956
-0.495021,2.33215
0.099244,3.016078
-0.052092,1.2505
0.831371,2.677931
-0.244292,2.517914
0.007934,2.66416
-0.626447,2.881957
0.556543,3.015479
-0.720452,2.248175
0.253124,2.570305
0.142055,2.63527
0.949775,1.557811
1.441502,1.556463
-0.103435,2.544409
-0.065115,2.989134
0.701591,2.763853
-0.4329,3.742368
0.411494,3.498225
-0.65414,3.458708
0.637973,1.50497
-0.331411,3.641028
-1.497336,1.511856
-0.808169,1.868115
0.131427,1.224753
0.190853,0.743953
-0.568967,0.335901
-0.560884,2.769541
0.022004,2.066453
-0.031584,2.840493
-0.110171,2.58707
-0.472567,1.623075
1.607807,1.576671
0.040566,2.434687
0.808319,0.704734
-2.070195,0.373174
0.749791,2.16405
-0.678988,1.412463
-0.289947,3.459456
-0.258812,3.756888
-0.781525,1.996249
-0.939297,2.367926
0.098046,0.965642
0.006437,0.690364
-0.1443,2.903362
0.077838,1.743874
-0.801733,1.970053
-0.283061,2.288741
0.226928,3.050506
-0.116308,3.893553
-0.23576,3.571273
0.111518,2.175276
-0.205972,2.737807
-0.194446,2.98629
0.1922,4.317621
0.838107,1.337618
-0.938099,3.434608
-0.677192,1.893413
0.738115,3.768114
0.950374,3.723657
0.104333,2.0196
-0.239951,2.341281
-0.540526,3.486101
-1.084794,3.850892
0.417182,4.272565
0.928519,1.785337
0.697549,1.126408
0.265697,2.576742
0.324974,3.89999
0.766107,0.174387
0.174836,3.586991
-0.396076,2.171983
0.508193,1.462608
-0.304766,3.599565
0.281115,3.186723
-0.319136,2.34173
0.982257,1.273552
-0.269739,3.027604
0.006886,2.51492
1.090183,2.499353
-0.479154,1.790427
0.711171,1.063089
-0.139061,3.14002
0.119302,2.073638
-0.747246,2.562222
0.593067,0.930764
-1.499432,-0.249381
0.152682,3.987857
0.512534,2.305955
-0.877326,1.765429
-0.46628,3.01024
0.267793,3.859275
-0.868943,1.747766
-0.343236,3.498225
0.068408,1.480122
0.409997,3.812721
0.303569,0.705034
-0.054487,3.122357
0.102237,3.477868
1.343606,2.870281
1.60122,2.294878
-0.620011,1.850901
-0.741109,1.860631
0.908461,2.31808
0.953817,2.561773
2.279759,0.093705
1.317859,1.531914
0.987796,2.804867
-0.516276,1.367856
-0.513283,1.342558
0.834814,1.951941
-0.551902,1.820065
-0.44218,2.556085
0.157772,1.855841
-0.539778,1.407673
0.038171,3.623515
-0.220342,2.823429
1.239423,1.843866
-0.535886,0.880319
0.44263,2.035767
-1.275498,3.857478
0.387843,4.446054
0.405507,1.705703
-0.813259,1.934278
-1.205743,0.900677
-0.543669,4.455185
1.456172,2.067501
0.931513,1.578917
-1.294059,2.482438
0.279319,4.349655
0.529748,2.478246
0.101639,2.76026
0.697699,1.819167
-0.720003,1.710044
0.392184,0.518073
0.84619,1.905238
0.293091,1.540447
-0.563578,3.191064
0.307311,0.521665
-0.324375,1.685645
-0.617765,1.055305
-0.684527,1.818568
-1.01923,1.204545
0.273332,3.017276
1.359772,2.31299
-0.671653,1.027463
0.949625,1.097667
0.482596,1.885479
-0.35581,3.107238
-0.129481,2.874772
-0.342637,1.989812
-0.10119,3.455414
0.84155,2.218237
-0.077688,1.45213
-0.171394,4.093388
-0.061821,2.653233
0.345482,2.892585
-0.55325,3.062332
-1.805246,2.371369
0.171693,1.790427
-0.179177,2.05822
-0.409548,1.326392
1.489253,2.387385
-0.035027,3.711682
0.335901,1.966461
0.464933,2.903662
0.272733,2.978506
-0.75967,1.816173
0.217049,3.235522
-0.672252,1.775757
-0.412841,3.356919
0.305814,2.382895
-0.82254,1.204246
0.055085,3.751948
0.235011,2.00059
-0.109273,1.834136
0.364342,3.317102
0.213157,0.084874
-0.195194,0.344733
0.421523,1.72172
0.738414,1.45243
-0.569266,1.326092
-0.23067,1.79836
0.33186,1.779949
0.000449,2.782264
-0.10568,2.652634
0.622406,0.433648
-0.668809,3.405867
2.891238,1.336571
-1.847458,1.723516
-0.36075,2.136208
-0.320633,3.698359
0.540526,2.406546
0.98121,1.771267
-0.83212,1.539848
-0.336351,3.847
-0.85098,1.071172
-0.055684,1.354234
-0.677491,3.814368
-0.810864,3.494184
-0.428259,2.098786
-0.039218,2.070494
-0.73572,4.09219
-0.757275,2.121538
-1.456621,4.432732
1.451681,1.443897
0.829575,0.509391
-0.058079,1.762585
-0.301623,1.915117
-0.238903,2.29877
-0.071252,3.017126
0.809367,0.590971
-0.145198,2.382446
-0.151784,2.390529
0.353116,2.505939
0.579595,3.300636
0.587828,1.68774
-0.197739,2.304009
0.041613,1.780398
0.044308,4.50593
1.396596,2.699935
1.551823,1.987717
-1.469045,2.162553
1.104104,1.306034
-0.659529,1.645229
0.04341,1.981879
-0.746498,1.953438
-0.353864,3.185226
-0.457898,2.162254
0.15403,1.406026
1.184187,1.292712
2.420766,1.011596
-0.77898,1.397195
-0.570314,1.798959
0.917143,0.780178
0.306113,1.077908
0.731828,1.79372
1.517095,2.471211
0.742905,0.967738
-0.8417,1.925596
0.136516,1.475931
-0.00479,0.908161
-0.121547,3.263663
0.382006,1.670676
0.058379,2.853366
-0.279918,3.025808
0.195194,3.992647
-0.4811,0.882864
0.56732,1.572779
1.617985,2.844385
0.652643,0.380658
0.09625,2.304009
-0.777633,2.237697
-0.657133,3.780538
0.238155,3.69776
-0.169448,2.071991
0.219893,0.316741
1.485062,-1.069227
1.015638,1.349144
0.769849,0.474813
0.279768,2.940186
-0.781076,1.433719
0.847987,4.187093
-0.769849,3.199297
0.560435,1.774709
-0.184117,3.776197
-1.270408,2.96713
0.292941,1.679957
-0.031285,2.023193
0.539478,0.299827
0.157173,1.605561
-0.241897,3.45751
-0.232317,2.507585
-0.361199,1.220262
0.894091,1.284329
0.151635,2.733316
-0.619113,3.022066
-1.316213,1.003214
1.093476,1.333128
0.499811,2.818639
-0.145797,3.703149
0.34144,1.914968
-0.111967,1.257685
0.529599,1.587
0.320484,1.337768
1.337918,2.323468
-0.154928,2.511477
-0.529,1.713487
-0.781375,2.102677
0.051493,2.405498
-0.187859,2.265838
-0.472567,1.872606
-0.184866,2.871479
-0.066761,3.172802
-0.229173,2.912493
0.772094,1.554517
0.097148,1.837429
-0.5049,1.158591
1.273402,1.685495
-0.67794,1.856589
1.007555,0.431403
0.204774,3.177143
-0.734373,3.737129
0.086819,1.613944
1.256038,1.707499
1.066832,1.671873
0.142354,2.260898
-0.268691,4.424649
0.671953,2.319876
-0.149689,3.612887
-0.579894,2.613864
-0.10089,3.859125
-0.274978,1.442251
-0.10089,3.448828
0.233814,1.955533
-0.670605,1.123863
-0.688269,1.985172
0.10104,1.130749
1.267115,2.046095
-0.310604,0.959355
-1.033601,1.957779
-0.460293,1.624572
-0.373623,3.662135
-0.791105,2.011068
1.008303,0.909209
-0.108225,2.223925
-0.208816,0.58169
-0.579295,2.157613
-0.314197,2.289938
0.782722,1.357826
0.349373,1.013243
-0.069905,0.8655
1.01474,1.474284
0.724793,1.703458
0.329764,1.870361
-0.772244,1.308279
-1.67352,2.170936
-0.306562,2.275119
-0.244442,2.059118
0.310454,3.282823
0.897384,1.362616
0.712219,2.159709
0.307311,1.52937
0.432301,1.67337
0.227227,1.952091
-0.226778,0.452808
0.392933,2.416425
-0.953367,2.804718
-0.223485,1.793421
-0.238304,-0.456102
0.747995,0.188308
0.962199,0.807271
-0.11526,2.40445
-0.90891,2.439327
0.231419,3.39015
0.367037,1.19242
-0.454455,2.566263
-0.540825,2.092948
-0.994083,1.910777
1.65406,1.254841
0.135768,2.111509
-1.47623,3.420238
0.724942,2.033521
-0.047601,2.638713
0.16825,2.409539
0.239951,0.17798
-0.19729,0.358055
0.579445,1.408122
-0.272883,2.753075
0.023501,2.768792
0.652643,1.366059
0.647104,0.300126
0.066312,3.362607
0.739163,2.806214
0.093256,1.225202
-0.352517,3.536396
-0.397723,1.620829
0.880918,1.205443
-0.30297,1.354234
-1.238375,3.18358
0.239502,2.226919
-0.307311,2.999014
-1.065484,1.563349
0.233514,2.860701
0.159568,2.354753
0.020208,2.459835
0.136666,3.870052
0.092208,1.91392
-0.340093,0.689466
-0.486039,2.150578
0.67794,1.155597
0.218396,2.428849
-0.05299,4.319567
-0.061821,2.966381
0.529,2.234853
0.770897,1.943708
0.924478,1.364413
-0.416733,1.79387
0.155826,1.737736
-1.064886,4.068988
0.036973,3.677403
0.972528,2.321223
1.339864,-0.259111
0.527653,0.235011
0.146246,2.056124
-0.293091,3.209176
1.683848,1.922003
0.411494,2.881957
0.278271,3.706592
0.931214,2.176025
1.299448,3.153492
-0.284858,3.290907
1.372646,1.767824
0.871488,1.716031
-0.164957,2.047293
2.040407,1.547632
0.284558,3.167862
0.859513,2.131118
-0.186063,0.994532
0.108824,2.396217
0.455652,2.729574
-0.997975,2.335743
-0.623154,3.131787
0.368384,1.470392
-0.438738,4.501739
0.376617,1.165776
-0.349074,2.575993
1.78399,-0.076042
0.521516,1.928739
-0.216899,2.502047
-0.939147,2.997367
0.252076,-0.167801
0.180674,1.549727
-0.55774,1.218167
-2.39472,2.418371
-0.632285,3.070565
0.396226,0.533191
0.528701,2.023792
-0.196841,3.673361
-0.524958,4.193829
-0.101938,2.733017
-0.407153,2.821034
0.063767,3.089575
-0.349373,2.02948
0.315843,2.835703
-0.879721,1.094075
-0.18741,3.484604
1.588347,1.555565
0.293989,1.864672
0.048349,1.749861
-0.661774,0.958906
-0.223336,2.79858
1.676813,1.307531
0.781674,3.741021
-0.149988,3.141068
-0.754431,2.955304
-0.689167,0.782273
-1.415007,3.893553
-0.15867,1.907932
-0.241298,2.80831
-0.675545,3.673361
-1.513652,0.761766
0.25013,1.002615
-0.528551,3.603307
0.123044,1.680855
-0.563578,3.191064
-0.016017,1.888323
-0.63962,2.858156
-0.053888,2.686164
0.775088,1.679058
-0.929417,2.014211
-0.625998,2.435435
-0.173639,2.953658
0.162263,3.723357
1.861379,1.823358
0.826431,1.155447
-0.9137,3.287763
0.223336,3.443589
-0.892145,1.52428
-0.00479,2.116898
-0.482147,3.595074
-0.570763,3.758684
0.58648,0.627196
-0.754581,2.811903
0.143851,3.76527
-0.90427,2.3805
0.284109,2.868934
1.848955,1.163381
-0.408201,1.717977
0.122595,3.256478
-0.397274,3.600463
-0.585882,0.665516
0.165107,0.253273
-0.266296,1.75061
-0.609682,1.825155
0.561482,1.67816
-0.135468,3.9434
0.611927,2.394421
0.255968,3.135979
-0.027243,2.407144
0.830473,0.8417
-0.529748,3.658243
-0.429307,1.30334
0.881816,1.172512
-0.135768,1.222657
0.819995,1.085992
-0.551154,3.253784
0.07709,2.193389
-1.02926,1.102158
0.289199,0.797991
-0.443528,3.052452
-0.427361,1.691033
0.083077,1.504521
0.017813,1.277893
1.155597,1.888623
-0.337548,2.346071
0.159868,1.965712
0.429756,3.121459
-0.232616,2.883005
0.160466,2.605182
0.382006,2.315235
-0.17334,1.998195
-0.28351,3.060386
0.522863,1.523083
1.145418,1.637146
-0.536035,2.281106
-0.960403,4.285588
0.157772,0.623154
0.319136,3.348387
0.592019,1.67352
-0.020358,2.09654
0.365091,4.269272
0.598456,3.381917
0.501607,1.112936
0.128583,4.356241
-0.994981,2.418221
-0.142803,2.84678
-0.504152,1.486259
0.318238,2.80831
0.449366,1.590143
0.076341,3.135679
-0.818947,0.988245
0.240699,-2.963088
0.479902,2.411036
-0.199086,2.302811
-0.544268,0.236957
-0.049547,1.997147
-0.262105,1.306932
0.743055,3.213817
0.445773,3.448529
-1.203497,4.031566
0.276924,1.818718
0.024699,2.33245
0.369432,2.403252
-0.728535,4.623885
-0.246238,2.916236
-0.872985,2.798431
0.364492,4.731211
-0.064666,0.997825
-1.003663,2.031725
0.332309,2.831512
0.128882,3.631149
-1.143921,2.297722
1.260828,2.184557
-0.088915,3.600912
0.092358,2.965483
-0.390688,4.409381
-0.018561,0.714165
0.835263,1.231639
0.167352,1.503324
0.859363,1.814527
-0.561931,1.853296
0.910706,0.299377
0.809517,1.089135
0.038769,1.739233
0.60115,2.703977
-0.784219,1.893263
-0.443079,0.417781
0.207768,2.154021
-0.378413,3.260071
-0.077539,2.853666
-0.157922,4.111799
-0.093555,0.308059
-0.312251,1.715882
-0.306413,1.8274
0.934656,2.846181
-0.051643,2.723437
1.525478,2.10163
-0.592169,2.336042
-0.25986,2.590064
0.0241,1.258882
0.492177,3.969296
0.71671,1.854943
1.532962,2.721341
-0.230221,2.925816
-0.267643,2.993924
0.50011,3.536097
-0.0479,2.729574
0.065564,2.70727
0.575853,2.006727
0.8896,2.430496
-0.661924,1.908531
-0.854124,2.896926
0.33665,1.62996
-0.287103,2.746788
0.223485,1.792522
0.488434,3.946244
-1.569337,2.274071
-0.162412,1.888473
-0.222737,2.890639
0.046553,1.583557
0.000449,0.736169
0.302671,1.91871
0.449665,2.120191
-0.897534,1.475482
-0.017813,3.429069
-0.265099,2.770439
-0.770897,2.705025
0.844993,2.364782
-0.265099,3.644322
-1.481469,1.647324
0.025148,1.89491
0.78871,1.311423
0.92328,0.818348
-1.248254,3.585644
0.540077,-0.188757
0.811013,3.21711
-0.134121,1.361269
-0.425266,1.438209
0.088616,0.044607
-0.447569,2.420916
-0.299976,3.542833
-1.241369,2.085463
0.704884,1.342109
-0.355211,3.11113
-0.408501,2.472109
0.038171,4.192332
0.001796,1.028811
1.498085,2.286346
0.286205,3.66917
0.041314,2.051035
1.353186,1.655857
-0.109722,1.487906
-1.480122,-1.155298
0.984353,0.712219
-0.650697,0.543969
-0.54801,2.812052
0.887055,0.936153
1.370251,3.622617
-0.47107,3.02012
-0.026944,2.174977
0.121098,3.214565
-0.487536,3.01503
0.814307,0.147443
-0.415536,2.807562
-0.310155,4.400998
-0.133073,1.468297
0.58199,1.520837
-0.670007,2.718946
-0.46628,1.050815
0.631686,2.290986
-0.693807,1.426683
1.558709,1.761836
0.541424,2.349364
-0.810564,2.193389
0.342338,2.647544
-0.424817,3.348387
-0.320484,2.214944
-0.065414,2.448009
-0.438738,2.607877
0.9619,2.749931
0.624651,3.468288
0.113015,1.929637
0.136965,2.344574
0.061223,1.484463
1.607807,2.052981
1.747017,0.730631
-0.525557,3.14017
0.898731,1.179098
1.42818,1.884581
0.191152,0.7694
0.025447,3.267405
-0.069755,0.489632
-0.30297,1.879641
-1.537303,0.410147
-0.232616,2.882406
-0.555645,3.699108
-0.627645,3.950884
-1.081052,1.811982
1.483266,1.640738
-0.999472,1.924398
-1.176853,1.065784
-0.285606,4.427643
-0.30312,3.189418
0.312101,3.481909
0.96175,0.996478
-0.690364,0.02425
0.374371,3.525768
-1.052012,1.659299
0.165705,2.786306
-0.457898,2.578239
-1.065484,1.563349
1.654509,-1.022524
-0.12978,3.677852
-0.842747,1.034349
1.321302,0.164358
-0.377964,2.211052
-0.615071,0.129032
-0.168549,3.626359
0.736768,1.911824
0.32228,1.200953
0.148491,3.427123
-0.730032,2.820734
0.054337,2.459535
0.487536,0.556543
1.106349,2.230212
0.876877,1.2261
-0.260309,3.362607
-1.16368,2.004482
0.053738,1.814976
-1.234034,4.175717
0.637225,1.460064
0.761017,1.410517
1.203497,2.209855
0.217947,3.035238
-0.296683,2.732568
-0.604443,1.693428
-0.073797,2.949317
-0.838556,1.455723
1.578917,1.647324
-0.004042,1.998644
0.038769,2.940785
0.094603,0.453108
0.732277,0.957858
1.677861,1.714086
-0.001946,3.214565
-0.228275,2.198329
1.157842,2.917583
0.208666,1.82276
0.744103,2.372716
-1.576522,2.480641
0.103285,1.989213
0.142354,1.064736
0.245789,3.564538
-0.11062,3.123854
-0.264799,2.432891
-0.371827,1.924398
0.54831,3.761827
-0.075293,2.277514
-0.165705,1.311273
1.316512,5.165458
-0.139959,2.408941
0.686472,2.117347
-1.003064,1.426683
0.848585,2.674788
-0.989592,2.064806
-0.151036,3.00575
0.272433,2.797233
-1.412163,2.438429
-1.003064,2.678231
-0.105531,2.599794
-0.182471,3.203638
-0.76446,3.802543
-0.988544,2.766397
-1.175506,3.294649
-0.59157,0.604144
-0.168699,2.991529
0.052241,3.595673
0.038021,1.756148
0.131726,3.363056
-0.120948,2.15896
0.136366,1.780996
-0.358954,2.485282
0.618963,3.108586
-0.158969,2.705025
0.231568,-0.999921
-0.375419,1.744173
0.023202,2.567162
0.769999,0.900677
-0.334405,2.695145
0.980012,0.315993
1.502126,2.051783
0.654439,1.812132
0.911904,2.432142
-0.177231,2.842738
0.674497,1.289568
-0.334105,0.778681
-0.571661,2.799628
0.374521,0.984353
-0.119901,0.918939
0.108674,4.132606
0.281864,1.761986
-0.180525,1.420247
-1.11548,1.656306
-0.170046,3.518882
-0.390538,2.949317
0.729433,3.441044
0.885409,4.326303
0.574805,2.614763
-0.362247,2.913242
-0.375569,2.594854
0.739612,0.627944
0.527054,2.219584
-0.241448,2.349514
1.526376,1.194217
-0.868344,3.808231
-0.799188,0.640219
0.14924,1.343007
-0.504002,1.183738
-0.279918,3.019521
1.14467,1.909579
-1.21203,1.042582
-0.713117,1.617237
-0.470172,2.732119
-0.911155,1.853595
0.695005,3.42368
0.125589,3.449277
-0.282463,1.708248
0.003293,2.363435
-0.528102,2.244133
-0.472717,1.244063
0.098495,4.161496
0.379311,1.977837
-0.016915,2.761158
0.165855,3.273692
-0.082179,1.66364
1.174458,1.934876
-0.556992,3.958069
-0.044458,2.512825
-0.37018,3.1496
-0.11541,2.3323
0.575853,2.589765
-1.147813,1.746269
-0.213007,1.852099
0.059426,2.809508
-0.386796,3.197201
0.178579,2.939737
-0.189656,2.540367
-0.179626,2.412234
0.635129,1.476979
-0.30761,2.849924
-0.953667,2.907105
-1.022673,1.87081
-0.594713,3.551215
0.157922,2.706073
0.359103,2.432891
-0.868943,1.709296
-0.061672,1.645079
0.053439,3.373684
1.034499,0.258063
-0.257465,1.116678
0.301473,2.620151
0.535886,4.716392
2.138603,0.476908
-0.20657,1.013243
0.656984,0.638422
-0.147892,3.081642
1.390459,1.07222
0.343386,1.339415
0.172292,1.491798
-1.080902,0.587678
-0.621508,1.574875
-0.357606,0.199535
0.132175,0.778531
-0.973575,2.156715
0.247136,2.64949
0.094005,2.77493
1.262325,2.157913
-0.412093,2.360441
-0.651894,1.257834
0.159718,1.634152
-0.050894,2.922672
0.31255,0.345631
-0.67794,2.942731
0.811313,1.664988
1.157842,2.602638
-0.382604,2.598297
-0.174387,2.615062
0.200583,2.54381
0.944985,0.640219
-0.15882,2.294129
-0.164508,1.57233
1.638193,-0.18741
0.087568,3.585644
-0.0482,2.001189
-1.062341,2.783611
2.24548,2.323618
0.495919,2.891687
0.946781,1.920207
1.127156,4.051176
-0.014669,3.5587
0.841849,1.20694
0.160017,3.363805
-0.539778,2.716102
-0.24998,3.579207
-0.81281,0.847687
-0.147743,3.78458
0.415686,1.598975
-0.40386,2.093397
0.890049,1.934727
-0.089664,3.290008
-0.859363,1.750161
-0.160466,2.140249
-0.199385,2.922672
1.384621,1.730402
0.602497,3.118764
-0.52436,2.805167
0.214654,4.674928
0.059726,1.769321
0.134121,2.622846
0.230072,2.291435
-0.064666,3.96226
-0.353565,3.563789
-0.079634,3.098257
0.019759,3.169958
-0.3847,2.08696
0.882116,1.145418
-0.486937,1.68804
0.195643,0.832868
-0.402663,3.841462
0.407303,1.752855
0.235909,3.336113
0.608036,2.535278
-0.830922,2.106719
-0.335602,1.852398
0.510289,0.500858
-0.902773,1.73594
-0.113763,3.257825
-0.320334,1.636098
1.045276,1.384621
0.300276,2.294279
-0.313149,3.269501
-0.197589,2.311793
0.582139,0.451012
0.595911,1.276695
-0.34623,1.905986
0.327519,1.773362
-0.00958,2.999912
1.109792,2.282903
0.453856,3.083288
-0.199535,4.772975
-1.426384,2.913092
-0.233065,-0.07215
0.121398,2.412982
0.857417,1.783541
-0.298629,1.927991
-0.539628,1.363365
-0.371078,2.473157
0.251926,3.200644
-0.785566,0.769999
-0.010778,2.180965
0.566871,2.141147
-0.849184,0.669109
0.297731,2.925666
-0.253273,2.571952
0.271086,2.037263
-0.41823,3.263513
-0.334854,2.312391
-1.068328,0.853076
-0.185464,4.45294
0.110171,4.023184
-0.311502,2.590064
0.780776,1.650917
0.049846,2.151626
2.065405,2.326911
0.272583,1.13988
0.901276,1.86093
0.59127,0.995131
-0.618813,1.040337
-0.805325,1.934727
0.91355,1.194815
0.667163,0.874182
1.340163,2.421365
0.369282,3.855233
0.321382,2.985542
0.565674,2.075584
0.748444,3.206632
-0.967887,4.209397
0.320184,4.154461
0.119452,1.429827
-0.287851,3.270549
-0.358205,1.484762
0.048499,0.252675
-1.02926,1.332529
0.41838,3.528013
-0.544418,3.696413
0.626447,1.788331
1.008902,1.580863
0.551453,3.555556
-0.650397,0.750539
0.001198,4.492458
-0.160017,3.025508
0.232317,3.726201
-1.21652,0.57241
1.080603,1.580563
0.498314,1.237327
-0.605491,1.908831
-0.627046,3.014731
1.14467,3.841911
0.069007,2.834805
0.192949,1.799707
0.273781,1.664389
1.516197,0.659079
-0.087269,4.069887
0.633483,1.239423
0.873134,2.821483
0.194895,2.693199
1.252146,1.069825
0.943338,1.764082
-0.241598,2.150278
-0.274828,3.841013
-0.191003,1.63984
-0.714614,2.090104
-0.21181,3.476521
-0.123942,1.820215
2.3802,0.518971
0.420775,2.446962
-0.119452,3.648663
-0.114063,3.044519
0.364492,2.869383
-0.429008,2.890789
-0.824635,1.838028
-0.44742,1.880988
-0.883313,2.525548
-0.020956,2.704875
0.517324,1.626967
1.61095,1.478625
0.845442,0.570763
-0.433798,2.888394
0.529449,3.170557
0.353714,1.720822
1.074615,1.006956
-1.175056,1.447939
-0.824336,1.967059
-0.296833,2.530937
0.005988,2.622995
0.27408,0.581092
-0.554148,3.192711
-0.430355,3.735482
-0.268092,3.088677
-0.252225,2.356849
0.336051,1.352288
-0.463586,2.653981
-0.628094,0.88481
0.378862,2.259551
0.335602,2.254162
0.238304,2.220183
-0.446521,1.992806
-0.455503,0.940045
-0.376018,0.655936
-0.541873,1.914519
0.224533,2.624193
-0.129032,1.54374
-1.392854,3.08718
-0.617017,2.064058
0.707279,3.233725
-0.863405,2.777474
0.205523,3.181783
-0.407602,3.506608
0.526006,1.689237
-0.170196,2.397415
-0.166005,1.496887
-0.148491,4.134402
0.907712,1.912872
-0.350721,3.141966
2.065854,3.767815
-0.792003,1.616938
-0.592468,4.565207
-0.252076,2.636318
0.179177,1.909878
0.561033,1.176853
0.41359,4.547992
0.356858,2.591112
0.69725,1.601969
-0.579744,3.490591
-0.357906,3.509602
-0.671204,2.785108
0.274529,2.594854
-0.40416,3.281776
-0.55295,2.618505
-0.546364,3.451523
-0.441881,1.861679
-0.579445,-0.476459
-0.238304,3.694018
0.103734,2.733166
-0.357606,3.366649
0.097747,2.917882
-1.166824,2.555336
1.721121,0.713566
-0.068857,3.233127
-0.303718,2.388733
0.567021,3.558251
-1.215173,0.97627
-0.157323,1.887724
0.232766,2.922223
1.147364,2.565365
0.530497,1.353036
1.152603,0.683778
0.468526,1.398691
-0.296084,1.161135
2.140249,2.48603
-0.693358,2.217189
-0.252525,3.907774
0.064666,2.267784
-0.767304,1.875001
-0.236209,0.422422
0.686023,2.728526
0.503703,1.398691
-0.856369,0.733026
-0.707728,1.236129
-0.383952,3.020569
0.190853,1.182691
-0.377066,1.37549
0.16331,3.122357
1.194815,1.946402
0.990041,0.347278
0.407153,2.635869
-1.271306,2.158062
-0.044607,1.66873
-0.934207,1.944007
-0.186512,0.861758
-0.585433,2.878963
-0.839604,2.29877
0.246088,3.685636
0.417332,0.84649
0.173789,2.152374
0.5531,1.74567
-1.074316,2.910997
-0.212259,2.931504
-0.859812,1.388213
0.015418,1.677861
-0.567919,1.802402
1.398392,1.026416
-1.387315,0.815354
-0.318837,1.62038
-0.357457,2.474953
0.199385,4.200266
0.208217,4.819677
0.113913,4.538113
1.595981,2.454147
0.424068,1.766028
-1.154549,1.891167
0.966091,2.307302
-1.718127,4.154461
1.027912,2.047592
-1.084495,2.174977
-0.739313,2.767595
0.736618,0.555195
-0.133971,1.837579
0.012424,3.212769
0.378563,2.361639
0.50475,1.089584
-0.356409,2.194886
0.995729,1.377136
-0.569566,3.437152
0.418081,3.757486
0.401914,1.372346
1.303639,0.199984
0.299677,3.939508
0.449665,1.638792
-0.407602,2.301614
0.731529,0.622555
-0.940494,1.204545
-0.570015,3.955824
-0.069605,3.488496
0.583786,1.903741
-0.914149,-0.863554
0.309556,3.321593
-0.689167,2.567012
-0.199685,3.36141
0.419727,4.071683
1.145418,2.496508
-0.770897,3.066673
-0.935405,1.600322
-0.10119,3.372188
1.878444,2.529739
-1.328936,2.412683
0.408501,1.742227
-0.111668,0.076192
0.343985,3.566933
-0.239203,3.18837
-1.045875,2.971022
0.489332,1.137335
0.251926,3.25094
-0.855172,4.387676
1.284928,2.969824
0.111668,3.298391
0.806074,1.106948
-0.027992,-0.693957
-0.229173,2.520608
0.946033,2.243535
-0.867895,4.43363
-0.566123,0.440684
-0.297132,1.757196
-0.946781,1.596131
2.013313,0.598905
-0.669558,1.335672
-0.290845,2.441124
0.566721,2.306404
-0.557291,4.093837
0.042961,1.92335
0.26465,2.064956
-1.508264,3.009043
0.86535,1.209485
0.555046,2.120041
-0.530497,1.879941
-0.897833,1.503474
-0.078437,3.416645
-0.37048,2.743046
-0.137115,0.892893
-0.881667,3.612139
-0.431702,4.141288
0.623753,0.679736
-2.610871,0.559686
0.556094,2.229613
0.840053,1.551823
-1.145717,2.703378
-0.166304,2.636767
0.803828,-0.212109
0.302521,0.137564
-0.263302,2.020349
-1.382525,1.499432
2.171085,1.289718
-0.900228,2.602488
0.578846,1.706152
-1.477128,3.66438
-0.306263,2.037713
1.817071,0.710872
-0.321382,1.567091
-0.460742,0.42302
-0.224832,2.737058
1.000669,3.282225
1.189277,1.854044
0.202529,4.261189
-0.295486,0.367037
-0.930615,2.014211
0.421673,2.084715
1.451981,2.118544
-0.001946,3.267705
0.911155,2.01002
0.733026,1.640289
-0.568069,1.769021
1.037792,0.672252
-1.705104,4.381389
1.137185,1.927841
-0.704734,1.419199
-0.016017,2.842738
1.410517,1.712289
0.474962,0.363444
0.244442,2.11121
0.171094,0.046853
-0.236508,1.735042
-0.337847,1.637146
1.281785,1.629212
-0.021555,3.642675
-0.406704,3.171006
-0.252076,1.14916
1.258732,2.157763
0.419128,1.778152
0.545915,4.40983
-0.315993,3.022664
0.026345,1.713487
-1.461261,1.825155
-0.311053,1.037043
0.200882,1.78384
-0.479902,2.438729
0.831221,1.885928
0.432151,4.006868
-0.166304,2.733615
-0.28845,1.287024
-0.809517,1.811832
0.050445,1.462608
-0.27423,0.132624
-0.681682,2.747986
0.188009,2.940336
1.844464,1.583108
1.512006,1.939966
-0.723146,2.451153
-1.10605,2.82283
-0.094154,3.27474
-0.778082,3.806884
-0.969234,0.819695
0.253722,2.853965
0.029489,1.653162
0.065863,2.916086
-0.636626,1.65885
-0.510738,2.983596
-0.510888,2.610721
-0.410446,1.45213
-0.381107,1.730551
-0.469274,3.367996
-0.579595,0.642763
0.185315,2.462978
-0.12484,3.041974
0.726739,2.296524
1.88024,0.569865
-0.97642,2.174079
0.226778,2.112108
-1.021775,0.893941
4.401747,0.815205
-0.238005,0.727936
0.467478,2.249073
0.088167,2.702031
-0.417033,2.124682
-1.002765,2.080673
0.243094,0.920735
0.604443,3.372038
0.26914,2.022744
1.081202,1.364413
-0.450862,3.829037
-0.220641,2.602039
-1.375789,2.815495
-0.119452,2.678081
0.111668,3.298391
1.077459,0.457449
-0.510139,2.694397
1.686842,1.1782
0.618963,1.930535
-0.311203,3.730393
-0.330513,4.166586
1.117875,1.848656
-0.592019,1.870361
-0.82209,3.439547
0.784668,1.324595
0.470921,1.676364
-0.104932,3.691324
0.075892,1.736689
-0.896635,2.939587
-0.099992,2.277065
0.232467,1.892065
-0.272134,2.525997
0.181572,2.672842
-0.127385,3.514691
-0.280816,1.49075
-0.617915,4.022735
-0.927471,1.325494
1.476829,1.4665
0.593067,1.123863
-0.893941,0.818648
-0.82703,3.000959
-0.637375,1.042582
-0.184267,1.270408
0.19714,2.111509
0.286804,1.63026
0.242795,2.584675
0.201032,3.657195
-0.002096,1.415307
-0.532892,2.578688
-0.424966,2.038461
0.034578,1.715582
-0.583038,2.983147
0.118254,3.384013
0.008832,1.667083
1.520688,0.945584
0.008083,2.659669
0.214953,2.146985
-0.372276,3.157234
-0.01437,3.007546
-1.290317,4.330345
1.510359,0.247435
-1.042283,2.597399
-0.432151,3.443888
1.381777,1.679507
0.78392,1.454974
-0.222887,2.754123
-0.645009,3.027454
-0.644859,1.785337
-0.026645,3.504063
-0.640518,2.490222
1.157992,1.561852
-0.667612,1.799109
0.347128,-0.20657
0.654738,2.201921
-0.317789,2.833907
-0.249082,2.892435
-0.137115,3.367547
-0.152682,3.873046
0.631537,1.865571
0.608485,3.226241
0.381257,1.123564
-0.129181,1.706152
0.568518,1.805396
1.066083,0.733475
0.579295,2.778073
-0.096549,3.42892
-0.597408,3.328628
1.263073,1.509611
0.614622,1.141077
0.629291,3.982618
-0.211959,2.539469
-0.557291,1.863026
1.535806,1.24556
-0.081281,4.098627
1.009201,0.976569
-0.315095,0.013771
0.451611,1.900298
0.999472,0.703088
-0.714464,0.889899
-0.749641,0.864003
0.294737,1.352438
0.266745,0.209265
-0.256417,0.153581
-0.005089,3.035089
0.482147,1.70735
0.023202,1.640139
-0.845891,1.959874
0.357606,0.588576
-0.527952,3.679199
1.229094,2.570006
1.226699,1.043779
0.146545,1.922752
0.401016,2.584376
1.335822,1.927691
-0.113913,3.11622
1.628314,1.657503
-0.344284,2.946473
-0.268542,3.016826
0.260309,2.367327
2.042203,2.499502
0.475411,0.719703
-0.73108,3.749702
-0.963546,1.20709
1.396296,0.851729
0.094903,2.006727
-0.969833,4.137097
-0.071402,3.346591
1.279689,1.166674
-0.340542,2.621499
0.285756,2.827919
0.383802,1.964215
0.790955,2.622546
0.201182,2.112407
0.348775,1.15904
-1.183289,3.093617
1.115031,1.785038
-0.305066,2.3323
-0.15388,3.322191
0.936453,2.047742
-0.544418,1.911974
1.320704,2.061064
-0.777184,2.202819
1.614992,-0.741259
-0.690514,2.060316
0.32707,2.314786
-0.121547,2.2841
-0.884511,1.77426
-0.320933,2.799928
0.907114,1.227747
-0.561333,2.406096
-0.369881,3.936364
0.121098,0.284409
1.448238,2.146836
0.708327,2.159409
-1.752106,2.654729
0.016316,2.25072
1.130749,2.173331
0.705932,2.889142
-0.665366,2.161655
0.912952,1.892365
-0.879122,2.478097
0.521366,1.402883
-0.255968,2.7408
0.980611,0.313897
1.144071,1.566343
2.536026,2.003883
-0.375419,4.190087
0.957708,2.722988
-0.011975,3.300487
1.182092,0.823737
-1.232238,2.549349
0.745749,1.924698
0.123793,3.442242
0.995879,2.336641
-0.323178,3.66932
-0.949476,1.574725
-0.683479,0.793799
-0.304766,4.021387
-0.208367,2.983147
0.278421,0.682132
0.289947,2.645748
0.510289,-0.637524
0.161664,2.95261
0.747396,1.715133
0.422571,3.154989
0.831671,1.358725
-0.799338,3.343747
-0.606988,3.038531
0.174687,2.182012
-0.949925,1.50991
-0.14894,1.587299
0.767304,3.009941
-0.877924,1.868115
-0.279768,1.493594
0.93286,2.455045
-1.338367,2.6929
0.976719,1.782194
-0.712668,1.673221
-0.137414,2.126029
-0.118853,1.760639
0.642464,1.658252
0.267643,3.245701
0.919089,0.797542
-0.449066,1.826053
0.045805,2.115401
0.151635,2.270628
-0.242945,0.585582
-0.292791,1.520538
0.133223,-0.340692
-0.546064,2.833907
0.454754,2.133364
-0.496967,3.416944
-0.196092,3.052153
-0.539927,0.837957
-0.501607,2.71236
-0.171394,2.805017
-0.094154,2.182462
0.834814,2.085463
1.458268,2.424059
0.236658,0.383503
0.659828,-0.434097
-0.011526,4.206103
1.472488,0.891696
-0.241448,2.989733
-1.500031,1.668131
-0.002545,3.46215
-0.304766,3.87125
-0.749491,1.218915
1.305735,2.669848
0.060624,3.431015
0.852328,2.133064
0.910407,2.870581
0.035327,2.753374
-0.106578,1.089884
-0.366737,2.232308
0.315993,1.743874
0.898581,0.817001
1.172212,2.041904
-1.034948,2.203717
-0.590971,0.613574
-0.253872,3.850892
0.776735,2.80816
0.801882,2.027683
-0.159868,1.363215
-0.002096,1.140329
-0.256716,2.920876
0.513582,1.796115
-0.222887,1.344803
-0.354912,2.558629
-0.374371,2.141746
-0.564476,1.440455
-0.112566,0.529599
0.885409,1.733545
-0.968187,3.103496
0.20193,1.372197
-0.347278,4.020789
-0.182021,0.74994
-0.120499,3.413651
-0.588726,3.697311
0.179926,2.278262
-0.347577,2.666854
2.957849,0.360001
0.669558,2.326761
0.612975,0.811013
-0.069755,3.642226
0.974923,0.561782
0.510888,1.917662
0.834964,1.067879
-0.021855,2.886747
-0.044308,1.420995
0.714315,1.276396
0.332908,2.655478
-0.585433,1.307681
-0.985401,0.753234
0.612377,3.198998
1.292712,1.246009
-0.570015,-0.214504
-0.156874,1.334176
-0.102836,3.269501
-0.20208,2.816992
-0.838257,0.003293
-0.095202,2.825524
-0.095501,3.802543
0.49517,-1.092129
0.034279,3.237917
1.212928,0.128882
-0.506247,1.74073
-0.529,2.300716
-0.772094,3.555107
-0.932561,4.567302
0.986748,2.171534
0.493673,3.2701
-0.607587,1.257086
0.023801,3.508404
-1.474584,1.036445
-0.927771,2.586771
0.19235,2.611469
0.261806,2.697091
-0.251477,5.871241
0.205223,1.284629
-0.085472,1.776057
-0.470621,2.931504
-0.061372,1.973795
-0.021555,3.739823
1.422791,0.334704
0.749042,2.116149
-0.189356,2.724634
-0.180076,1.367406
-0.260309,1.105302
-0.600851,2.799478
-0.608185,2.763254
0.060025,0.964594
-0.65414,1.520538
0.962648,0.80787
-0.044907,3.187172
-0.943488,3.453618
-0.339793,1.937571
-0.572709,1.38028
-0.368983,0.102686
-0.082029,4.266428
-0.53873,-1.616339
0.11541,3.851042
1.040037,1.561403
0.63019,3.027155
-0.77913,1.578617
-0.797392,1.831142
1.517395,2.0199
0.552351,3.094365
1.070873,1.854194
-1.46665,2.059866
0.210612,4.056564
0.372426,1.117426
-0.073946,2.753225
0.348924,1.94266
-0.010478,1.778003
0.769849,0.925525
-0.353565,1.701661
0.4326,1.405876
0.10119,2.051484
1.168021,2.333348
0.36045,3.247497
-0.446821,1.851949
-0.27408,0.818648
0.202978,2.949467
0.146994,1.920357
1.417253,2.724634
-1.281036,1.219065
-0.317939,0.787063
0.24998,2.825524
-0.298779,1.808839
0.011526,3.641777
-0.028141,-0.114212
0.826581,4.080365
-0.234862,1.686393
-0.353265,3.931125
1.144071,3.038531
-1.160237,4.311933
0.573757,1.814227
-0.314945,1.561553
0.41838,1.307681
0.440085,0.330812
0.523611,1.355132
0.318987,1.795067
0.700094,1.346899
-0.281265,2.861749
0.723745,0.691113
0.330962,0.383802
-0.506846,0.958457
0.785267,1.60137
-0.342937,-0.714464
1.989213,2.143393
0.338895,1.008603
-0.469723,3.89011
0.063468,4.127217
0.054038,3.557053
-1.308878,2.95725
-0.285606,3.647016
-0.163909,2.017056
0.16346,1.893712
1.530717,1.926194
0.718057,1.290017
0.422422,0.451162
-0.368983,2.39472
-0.292192,2.684068
-0.075293,2.200724
-0.738564,3.62112
-0.837209,1.035696
0.065264,3.087629
1.167422,2.516567
-0.179327,1.315914
-0.349673,2.962939
1.321003,1.54823
-0.743354,4.745881
0.006736,4.156407
-1.253643,2.694846
0.247286,2.908302
0.95232,0.863554
0.350721,3.677403
-0.35102,2.252516
-0.337099,0.021705
-0.148042,1.246458
-0.922382,0.26465
0.749491,2.772534
-0.753683,3.139871
-0.649799,3.417843
-0.332459,2.324516
0.732128,-0.506846
0.416284,1.618884
1.654659,1.682651
-0.63498,0.104183
1.06294,1.837728
0.256267,4.53003
0.874482,2.718347
-0.444725,1.17835
1.262026,3.752397
0.630489,0.957409
0.39428,1.387165
-0.307161,3.565136
0.858465,1.440455
-0.294587,1.831292
0.335003,2.960094
0.226479,2.156865
-0.623903,3.157085
-0.843496,3.679199
-0.228275,2.087858
1.199156,1.859134
0.82688,0.909658
-0.664019,1.62562
0.706082,2.59186
0.683628,4.093987
0.786165,1.623823
0.981659,0.635578
0.293989,3.481909
1.204845,2.0916
-0.615221,1.883084
0.341889,0.733924
0.693358,3.275339
-0.296833,3.246
0.003143,2.524351
0.46179,1.760788
0.488734,0.961301
0.304617,2.193688
0.340093,2.576143
0.275727,3.933221
0.704734,0.789608
-0.23561,2.603686
-0.525108,2.808909
-0.890349,2.772684
0.088765,2.627785
0.041314,2.413731
0.096699,0.128134
0.287103,0.537233
1.164878,1.734892
0.677192,2.895728
-0.985401,1.071322
0.352667,2.329007
-0.067659,1.871558
0.049098,2.50519
-0.32213,3.585344
0.901425,2.853516
-0.74036,3.150648
0.63468,0.025148
1.284629,1.727857
-1.037642,2.353107
-1.364712,3.04886
0.744851,1.485062
-0.194595,2.836601
1.539399,0.367635
0.28875,3.285817
-0.40865,0.583038
1.565894,2.449057
-0.195943,2.815944
-0.497116,1.736539
-0.682281,3.043022
-0.000898,1.550775
-0.236508,2.19294
-1.053509,1.346749
-0.030836,1.730851
-0.71147,1.462159
0.418979,3.775
-0.531545,2.373165
0.691712,1.079705
0.395029,1.876498
0.278271,1.307232
0.498613,2.153422
0.02904,3.196752
0.599803,1.518891
-0.524809,3.296595
-0.349972,2.272874
-0.704285,1.257385
-1.656755,3.205584
0.074246,2.315685
0.101938,0.404309
-0.221689,2.391277
0.122445,2.342928
0.221988,1.131198
0.962349,2.133064
-0.143402,1.079854
-0.189057,2.518662
-0.186063,3.009192
1.131946,1.507515
0.66851,0.497266
-0.899929,2.945724
-1.492097,4.697232
0.38485,2.681973
0.151635,0.073198
-0.816702,3.051255
0.06751,2.478396
0.482596,2.090253
-0.970432,2.461481
-1.363515,3.931125
0.137265,3.173551
-0.95217,1.767973
-0.843795,2.022744
1.949546,1.853745
0.670605,2.38529
0.169747,3.757337
0.506247,2.05358
0.409698,3.687731
0.912952,-0.25013
0.107926,3.719465
0.693807,1.78429
1.567989,2.276167
0.915347,0.167801
-1.366209,1.328637
0.000449,2.839296
-0.992736,5.14525
-0.108973,2.273323
-0.094005,2.114952
-0.611927,1.681902
1.145568,0.74994
0.345631,2.603985
-0.849783,2.485731
-0.820145,2.033821
0.352367,1.632655
-0.47107,2.32257
-0.797691,1.833238
-0.303718,2.289938
0.610281,2.483486
2.006727,3.702101
0.927172,2.225722
1.081351,1.383723
0.221689,1.065634
1.196911,1.984274
-1.217718,1.730252
0.482746,1.99086
1.498534,1.011447
0.064965,2.741848
0.408351,0.63019
-0.273631,2.891387
0.178429,3.65944
0.853675,1.416355
-0.138312,1.943259
-0.669258,2.530188
-0.401016,0.927771
-0.886606,0.633782
-0.335901,2.329755
-2.472259,0.113614
0.457299,1.455124
0.730331,1.813329
-0.829126,1.537752
-0.408201,0.023801
-1.657354,2.862348
-0.599503,2.81295
-0.915646,1.666634
1.087638,0.713716
-1.045127,1.984423
-0.10104,0.905018
0.208217,2.815944
-1.080303,1.169219
0.773442,1.305585
0.548609,3.410508
0.845592,2.074686
-0.327519,1.604513
0.131876,3.512745
-0.349972,0.893193
1.000819,2.388733
-1.07252,1.933829
0.581092,3.427273
-0.084424,2.423909
0.264799,0.575703
-0.611029,1.691782
0.798889,2.949616
0.318538,3.179538
0.22603,2.23141
-0.033081,2.190395
-0.654439,3.219505
-0.771496,1.872756
0.313897,1.714984
0.856519,1.905388
1.325793,1.870061
-0.634381,0.665067
1.843117,1.071023
1.263822,0.844095
1.469195,1.272354
0.340242,2.042952
0.837808,1.401086
1.089135,1.881138
-1.031505,3.690725
0.348176,0.789608
0.131726,4.202062
-0.088616,2.074686
0.724044,2.203867
0.425116,2.022893
-0.158969,3.009342
0.045655,0.274529
-0.855621,1.318907
-0.217348,2.53438
1.025368,0.181872
-0.893043,2.592609
1.316812,0.784219
0.467328,2.672093
1.401985,0.468226
0.418829,3.088378
1.32235,1.650618
-0.236358,2.309996
0.936453,1.304088
0.063169,0.297282
-0.22588,3.900888
-0.520468,0.520168
0.408051,3.416346
-0.339644,2.37541
-0.483944,2.742746
0.35596,0.66866
-0.83197,1.910178
1.113085,2.009721
-0.459694,1.723815
2.63512,1.631757
0.413291,-0.015119
1.417552,2.042652
0.00958,2.968178
0.172591,3.213817
0.010329,0.867446
1.684148,1.633403
-0.234263,3.028353
-1.075364,3.388354
-0.740809,1.485062
-0.095052,2.012116
-0.182321,4.123625
0.188757,2.074686
-0.710123,1.227597
0.36524,2.08202
0.053589,3.541485
-0.14924,0.914299
1.739533,1.699865
0.410446,1.833986
0.308059,2.846032
-0.540825,2.608775
0.944686,0.462089
1.517095,3.492837
0.109872,3.815715
0.642464,2.938839
0.001796,2.179617
0.748743,2.022893
-0.949026,2.868335
0.15388,2.083068
0.526755,1.560355
-0.030536,1.866618
0.118254,2.695445
-0.373922,0.82733
-0.486488,2.055675
0.031734,2.360741
0.489632,2.9333
0.893642,1.333427
-1.369352,1.429976
-0.638123,2.333198
-0.028591,2.99587
-0.422571,4.141737
-0.206421,3.498225
-0.09595,2.344874
-0.188907,0.597108
0.775986,2.114503
-0.48065,2.553241
-0.008832,3.080444
0.026345,2.424209
-0.374521,4.118086
0.534239,3.302283
0.088316,2.749931
-0.183518,1.589245
2.740052,1.786685
0.056133,1.065335
0.715512,1.270408
-0.225581,1.38477
1.536555,0.727787
-0.459395,1.873803
1.421594,1.362018
0.457299,2.243984
-2.408492,-1.222358
-0.82254,2.586621
0.71671,1.347648
0.340093,3.069816
0.506846,1.453328
-0.988544,1.334625
0.723895,1.575923
0.067061,0.468825
-0.676743,0.988095
-1.261127,1.614992
0.155826,3.155139
0.590821,1.778901
-0.070803,1.920506
-0.10568,4.008664
0.422422,2.3805
-0.223635,3.719615
-0.833018,1.321003
-0.195194,1.972448
0.68752,1.05785
0.88002,3.358416
0.262255,0.06257
0.497715,4.073928
0.77404,1.958078
0.839155,0.901725
0.544268,1.473985
-0.289498,2.610871
0.65399,1.746568
-0.314346,3.567082
-0.784369,2.109863
0.409698,1.3225
0.986748,1.127006
-0.398471,3.121758
1.041833,-0.355511
0.640069,1.795666
-0.436642,2.279759
-0.732128,2.638413
0.051343,4.551435
-0.833317,2.795736
-1.263822,1.738934
0.031435,1.819915
-0.035027,3.297343
0.867746,3.225792
0.465382,0.834365
0.070204,2.345323
-0.82688,2.547702
0.304317,2.638713
-0.516875,2.835553
0.893342,0.971929
-0.517773,3.020269
0.362995,3.720813
-0.320633,0.209864
-1.159339,3.428021
-0.226479,4.471352
0.38006,1.418301
-0.752186,1.182391
-1.156944,4.518803
-0.05269,0.223036
0.03862,1.371897
0.425565,2.122736
0.241747,0.443977
-0.552351,0.383053
-1.929937,3.0053
0.786614,1.426384
0.395777,4.560866
-0.44233,0.7453
0.104632,3.014132
-0.30776,1.912423
0.588277,-0.664917
0.298479,3.676355
0.041015,3.345842
0.159868,0.027543
-0.204175,3.791017
1.812581,1.852997
-0.040416,2.872377
-0.619861,2.271975
-1.253793,3.285967
0.525407,1.549578
-0.000599,1.633104
-0.061821,2.92387
0.393981,2.474654
-0.008981,2.204915
0.164807,2.867287
0.22124,3.329077
-0.320633,3.699706
0.366438,1.047073
-0.877475,1.708996
0.372875,2.396217
-0.44742,2.290537
1.312321,0.276176
0.536335,1.254541
0.294438,2.92387
-0.090412,2.212399
1.492846,2.728376
-0.29803,2.676734
2.162852,1.41396
1.22131,1.898951
-0.211959,2.607428
-0.36045,0.170346
-0.48559,1.298849
0.307012,0.819396
-0.325723,2.933899
0.996478,1.532813
-0.502954,1.689537
-0.389789,2.314637
1.09138,2.08726
-0.214654,3.589835
0.287552,2.027833
0.003742,2.199077
0.815354,2.299368
-0.020507,2.57764
1.061742,2.366579
0.694406,1.35139
-0.424667,1.818269
-0.244442,3.113525
-0.561333,1.353635
0.816253,1.465453
-0.360001,2.296375
-0.827629,1.989213
-0.618214,2.656526
2.140249,0.782124
1.319805,0.661175
0.073647,2.53917
0.796194,0.584534
-0.742755,4.264332
-0.195044,2.06795
-0.006137,2.095043
-0.736019,2.387086
0.958607,2.5968
0.151485,4.223767
-0.199236,2.413731
0.117805,3.154839
1.837878,0.664468
-0.877475,2.940635
-0.035327,2.672243
-0.712219,1.404679
0.273032,1.870061
-1.14931,1.087039
-0.561333,1.972897
-0.666714,2.213896
0.628992,3.751499
1.317111,1.229992
0.629291,1.843267
1.009501,0.886606
-0.084275,3.052452
-0.64426,3.244054
-0.073647,1.66364
-0.094304,1.935924
0.713416,0.806373
0.121847,0.881816
0.159119,3.127896
-0.311353,1.422193
1.3222,1.556164
-0.13951,3.506458
-0.277224,2.780468
-0.21136,2.470912
1.018781,2.195335
0.219144,1.958378
-0.259411,2.620151
-0.600701,1.207539
-0.858615,1.654809
0.970432,0.959505
4.420907,-0.6971
-0.437241,3.078798
-0.679587,1.629661
0.407602,2.37062
0.102537,4.710704
0.976569,2.22153
0.902623,2.320624
-1.091979,0.828377
1.185834,3.898343
0.801284,2.126628
-0.056133,0.652493
-0.007185,4.045637
0.191003,-0.092957
0.270338,0.997376
-0.950224,3.166815
-0.112716,2.981799
-1.35109,1.397793
-0.335003,1.537153
0.186063,0.497266
0.592917,3.037184
0.503553,2.708168
0.186362,0.924178
0.963995,1.488056
-0.368534,2.227218
-0.145348,2.232009
-0.011227,0.639919
0.70219,2.016457
-0.098795,1.019979
0.604593,0.993185
-0.343685,1.189726
-0.22588,2.172133
-0.133672,1.903591
-0.075742,2.910847
0.421224,1.018632
-0.58199,1.686842
0.681383,2.096391
0.554597,2.555935
-1.817221,0.761167
-0.630489,2.13052
-0.041763,3.441643
0.318687,1.583407
-0.41359,2.850373
-0.482297,3.179239
0.366438,3.628305
-0.17334,3.880381
-1.224753,3.99115
0.803679,1.821412
1.309028,1.879941
-0.126038,2.351161
-0.966989,3.30378
-0.689017,2.194736
0.332908,2.502646
0.515528,1.930685
0.695005,1.011447
-0.097896,2.237547
-0.912652,2.159709
0.34159,0.1684
0.245939,1.927991
0.182321,1.877995
1.398093,1.941612
-0.390688,3.14032
0.214055,1.619033
-1.150358,1.482816
-1.176404,4.201313
0.791704,1.164878
-0.221839,2.896776
-0.539778,2.23126
-0.989742,4.413273
0.506996,0.099842
-0.052541,1.507216
-0.661325,2.177672
0.80293,2.35161
0.237556,2.631378
-0.033081,2.499802
-0.372575,3.244054
0.353864,2.210453
-0.863105,3.132536
0.560734,2.752925
-0.667013,2.713407
-1.316512,0.040865
0.068258,0.152982
0.036225,2.030527
-0.764011,3.793861
-0.36524,3.225343
0.146096,0.981659
0.586031,1.692979
-0.16331,3.127297
-0.131576,1.982028
-0.202529,2.205214
0.698897,1.552721
0.043559,2.309547
-0.569715,0.561482
0.419727,-0.11062
-1.347947,1.951342
0.135319,0.084874
-1.141676,1.250799
0.747246,0.993334
-0.156574,3.639382
0.39443,0.33201
0.326471,2.872826
0.085622,3.122207
-0.032183,1.028661
-0.487087,3.849844
0.829425,4.302503
1.73609,1.646277
1.439856,2.334695
2.172582,-1.015189
0.021256,2.614314
0.968187,3.441942
1.058898,2.228865
-0.055984,1.448687
2.223476,0.67315
-0.425415,3.757486
-0.42317,2.481839
2.021546,0.516576
-0.538131,2.213896
1.455124,1.883833
-0.555195,2.19758
-0.345033,2.743645
-0.308359,2.273023
0.147443,1.339564
0.017514,2.080224
-0.649948,2.306703
0.063917,3.230283
-0.320184,3.128943
-0.287253,3.288512
0.386347,1.877695
-0.626896,1.966161
0.305365,2.630031
1.388363,1.139431
0.308508,1.331032
-0.274679,3.100802
1.36576,0.884511
-0.184417,4.063151
0.897234,0.701591
0.324974,3.89999
1.515149,2.456691
1.3222,0.195194
0.025297,2.490222
-0.110321,3.066673
-1.107247,1.241369
0.152832,1.425785
0.496368,2.828069
1.03854,3.219655
-0.605641,3.06802
0.828976,2.933001
-0.552651,2.669698
-0.123344,2.225572
-0.129032,2.293531
0.247735,2.62584
0.425864,2.655478
-0.260309,3.528463
0.824036,2.555636
1.072969,2.777774
0.262105,3.711382
0.613724,1.335672
-0.78841,1.647175
0.266446,2.550097
-0.33201,3.097658
0.367935,-0.326471
0.951721,1.501528
-0.834515,1.480721
-0.433049,1.521586
-0.90891,0.248932
-0.957559,2.453698
0.021256,3.39509
-0.904719,1.836381
0.314496,1.444646
-0.193098,1.853296
-0.268542,1.430575
-0.121697,1.574276
-1.016386,0.892893
-0.493823,0.978515
1.210084,0.302371
0.632435,3.39479
-0.776136,0.214953
0.483046,1.57727
-0.523911,3.544629
-0.243693,3.12595
1.013991,3.414699
0.223934,1.378034
-0.054337,1.648672
0.116308,2.514771
0.14924,2.400259
0.661624,2.497107
-0.064516,2.123185
0.190554,2.326911
0.265248,2.001039
-1.847458,1.271456
-0.42796,3.223846
0.320334,3.547772
-0.553998,2.042952
-0.623454,1.878444
0.621358,0.738115
-3.112777,1.457519
-0.030986,2.888992
-0.051792,2.733316
-0.99064,3.034939
-1.383573,4.145928
-0.544717,1.968706
0.280816,2.472109
-0.563877,2.106719
-0.03368,2.886448
0.747845,2.219884
0.603994,1.989064
-0.730331,1.248404
-0.39428,2.512825
-0.722398,2.206112
-0.103285,2.862048
0.825683,2.347568
0.703986,2.057471
-0.792901,1.980981
1.220712,2.280059
0.694406,2.889441
0.362995,3.276237
-0.424817,3.400778
-0.017065,3.41919
0.195493,2.952011
-0.102088,3.705844
0.029938,0.156275
0.848735,1.528172
-0.31749,0.687071
0.736319,1.225951
-0.743354,2.744992
0.792153,1.417852
0.779429,1.105302
0.004491,1.346899
1.13494,1.381477
0.44233,2.12079
-0.82703,0.422122
-0.255219,1.791175
0.587229,0.518671
0.792003,1.773961
-0.924328,0.148042
0.079335,3.634292
-0.749042,3.901038
0.484542,2.337838
-0.295486,3.682193
0.304766,0.688269
0.221988,2.932851
-1.318009,2.43319
-0.183818,3.241659
1.288521,1.386267
-0.073048,3.765569
-0.652493,2.584675
-0.396076,-0.866249
1.350641,1.067131
0.792901,2.702929
-0.387245,-0.127984
-0.749042,1.792522
-0.882116,1.401835
0.496068,1.943858
-1.264421,1.511108
0.350721,2.19264
0.028141,0.410446
0.877475,1.959425
0.338297,1.528921
-0.140857,3.04407
0.382006,1.071023
0.22124,2.193389
-0.049248,2.970573
-1.033601,1.896406
-1.671724,3.720214
-0.718955,4.365222
-0.127235,0.993783
0.892744,1.059347
-0.536933,2.460284
-0.260458,3.246748
-0.438738,1.913621
-2.028432,1.082998
0.956062,1.629811
-0.933609,3.490292
0.413141,1.19751
-0.457748,2.410138
0.400268,1.405727
0.416284,2.753075
-0.292641,2.96234
-0.988245,1.871259
-0.571062,1.810485
-0.35087,3.825146
0.278421,4.148174
0.989892,2.064657
-0.468376,2.735561
-0.839604,1.582659
-0.189207,3.497926
0.550405,-0.329315
-0.954116,2.659669
-1.338966,3.710035
-0.421374,0.989592
-0.141456,1.729503
1.388662,0.308958
0.930315,2.318229
-0.279768,2.346071
-0.161215,2.173181
0.542472,3.450774
-0.367785,1.714535
0.924478,1.475332
-0.641566,1.598526
0.074994,0.67809
-0.703537,2.261946
-1.200653,0.67794
-0.445623,2.594854
1.427731,2.35146
-1.27894,3.46694
0.277224,2.344724
-0.877924,2.659669
0.226479,3.334915
-0.539179,3.431464
-0.361947,3.96256
0.366139,1.958976
0.962049,1.257385
-0.018262,1.691183
0.001048,0.736618
-0.617316,3.607348
0.705333,1.745221
0.046553,4.828659
-0.263452,3.878584
1.913621,1.400787
-0.342488,2.739004
0.714764,1.877246
0.595911,2.318828
0.536035,2.162553
-1.696123,1.104254
0.208516,0.804727
1.235231,1.568887
0.251776,2.83241
0.032632,2.213297
-0.194595,1.581461
0.647254,1.74073
0.024399,2.500251
0.40416,1.543141
-1.74058,3.439398
0.201032,3.870501
0.055385,3.538043
-0.550405,0.486937
0.434247,1.733246
-0.49996,1.850003
0.971779,1.660497
-0.232018,2.73152
1.160237,2.218237
0.891845,1.049168
0.575403,1.066382
-0.283361,2.772834
-0.063917,3.954477
-0.965941,3.022515
0.666863,1.056653
0.023651,3.769461
-0.936303,2.141447
0.710872,1.008004
-0.404309,2.483186
0.889151,0.698747
-0.81745,1.92814
-0.307012,3.284919
-0.077239,2.624043
-0.539029,3.773802
0.14924,2.210753
0.074844,3.416795
0.502206,1.094075
-0.326172,3.736081
-0.201032,1.388812
-0.192649,4.18829
-0.371677,3.478466
-0.409249,1.840123
0.43754,0.339494
0.484243,0.959205
-1.018931,0.85577
-1.947301,3.065176
0.776735,3.417393
-0.66866,1.33687
-0.403261,2.711761
-0.446072,3.415897
-1.330433,2.626139
1.613794,0.304617
1.13,1.109792
0.232916,2.656975
-0.565973,1.618584
-1.533112,0.3365
-0.216749,2.680027
0.756377,1.97634
1.277294,-0.522414
-0.675845,1.693428
-0.784818,2.446812
1.569935,3.080145
0.307012,-0.111668
-0.085023,3.884273
-0.446072,2.902913
-0.345332,1.7554
-0.243544,2.518064
-0.536484,2.859354
-0.007484,2.934198
0.473914,3.531606
1.482966,0.501607
0.978365,-0.040566
0.4811,3.572621
0.939446,1.667083
0.943488,2.398911
-0.356858,3.549868
-0.298479,-0.13472
-0.417182,3.498375
2.974614,-0.640518
0.117057,1.623374
2.448309,0.347877
-0.927322,2.539319
-0.608335,2.971471
-0.166903,-0.662672
0.825234,0.954415
-0.064965,3.157833
0.639321,2.156865
-0.123643,3.949836
-0.342937,1.753154
-0.680934,2.133214
1.239872,1.001268
0.964744,2.286495
0.383952,2.891088
1.521736,-0.225731
-0.111368,3.133733
-0.736319,2.012715
1.528022,2.216142
0.251926,1.481619
-0.411345,0.726589
0.978815,1.117426
1.516496,0.725392
-0.765807,1.796714
0.77434,2.62075
1.122516,1.537902
-0.016017,1.84177
-0.107626,3.093168
0.066462,0.8655
-0.159868,2.5968
-0.06736,1.331481
-0.255668,3.132386
1.804348,1.035996
0.112416,3.879782
-0.652343,2.499502
-0.018262,2.800975
-0.205074,4.575685
0.553998,4.652026
-0.450114,1.997446
-0.858016,1.659599
0.111518,1.615141
-0.520917,0.518222
-0.382155,2.115102
-2.148333,1.748065
-0.251627,3.557652
0.70668,2.762206
0.74515,3.319647
-0.712369,2.781516
-1.005309,4.234844
-0.414488,2.943778
-0.335602,3.678451
0.37527,2.819986
-0.472268,1.391955
0.2886,3.840114
-0.422871,0.553699
0.421374,3.475323
0.1925,1.749861
0.707878,2.301314
-0.076491,1.691183
0.576601,2.390229
0.087269,2.382745
-0.192051,-0.042661
1.041235,0.671803
0.589175,1.945804
-0.407752,2.434687
-2.127975,1.530567
-0.179177,3.312162
-0.001198,2.299518
1.691183,0.574954
-1.46201,0.784219
-0.974174,3.270699
-0.697999,2.175127
1.167722,0.099842
-0.31749,2.885849
0.061821,4.253255
-0.229772,2.908003
0.475112,3.337909
-0.032183,0.843496
-0.032932,1.373544
-0.490829,1.279839
-1.046324,3.391647
-0.123194,2.430496
0.704435,2.831362
0.463885,2.147434
-0.864003,4.487368
0.178429,2.690804
0.993334,1.83713
-0.512834,1.583707
0.494871,4.420009
-0.420027,0.337548
-0.477058,1.767674
-0.047601,2.186503
-0.395478,1.844165
-0.078437,3.336861
-0.80772,2.716252
0.2163,4.545597
-0.213755,2.0196
-0.717608,4.184249
1.500779,0.092059
-0.777483,2.781665
2.05328,-0.928519
-0.925974,2.770289
-0.944236,1.356329
1.321153,2.082469
-0.125739,0.421523
2.314188,1.737587
-0.956212,1.234333
-0.862057,4.267625
-0.002844,2.734064
-0.568218,1.37519
-0.058977,3.141517
1.425785,0.817151
0.323627,2.292483
-0.705333,4.511019
-0.646655,1.869313
0.465682,4.035009
0.667911,0.243993
-0.562081,4.138893
0.224982,2.741848
0.001647,2.340982
1.146765,3.360063
0.104782,0.564027
1.155747,1.973945
-0.842598,1.761986
-0.010029,2.413132
-0.072898,2.637665
-0.453707,0.918041
-0.050295,3.76542
0.895737,1.055605
0.599354,0.872086
1.086141,1.507066
0.37976,1.7072
0.27902,3.009192
0.390238,0.101339
-0.397274,1.049767
-0.477657,2.273023
-0.046404,1.18763
-0.464634,2.384242
-0.066462,1.060245
0.072749,1.33208
0.290546,1.725013
0.525108,0.438887
0.303569,2.897225
0.334255,1.456471
1.358126,1.780697
0.440534,1.361569
-0.676144,1.552571
0.827928,0.606688
2.004033,0.153132
0.723296,0.885109
-0.615221,2.717748
0.251477,3.295697
0.391885,2.065106
-0.470023,2.364034
-0.19729,3.996389
-0.915197,3.074906
-0.515079,4.289181
-0.423918,3.321144
0.490829,1.44255
0.34129,1.368005
-0.763862,0.873583
0.960852,1.09168
-0.087867,3.01982
0.390987,1.036445
-0.272733,2.482887
-0.051343,2.998265
-0.141306,1.911226
-0.234113,1.466351
-0.893342,3.556754
-0.335901,3.126099
-0.017813,0.869093
-0.914897,2.089355
-0.033231,2.390828
-0.415985,1.854494
-0.739462,1.498983
-1.219065,2.14474
-0.355511,1.647474
-1.655108,4.292474
-0.040566,1.461261
1.376837,2.018552
0.434397,2.705923
-0.523611,3.66423
0.901575,0.865949
0.20657,0.787512
1.068179,1.183738
0.893193,0.618364
-1.231788,2.519561
-0.151186,2.904111
0.705633,0.131427
0.01946,3.734734
-0.89439,1.87081
1.010249,2.128125
-0.499661,2.367177
1.045127,0.368234
-0.395777,3.253035
-0.042811,2.744393
0.613724,2.728526
-0.279768,3.088228
-1.438658,3.993545
0.562081,4.120481
-0.512384,0.474064
-0.201182,2.738106
-0.55759,1.12027
0.758473,4.581223
0.039218,2.246379
0.850232,0.902922
-0.826132,2.2844
-0.253124,3.86167
-0.480201,1.513802
-0.358055,3.592829
-0.35581,3.680846
-0.367186,1.180894
-0.343685,3.500022
0.407752,3.216511
-0.725242,2.68826
-0.667761,3.229834
0.82718,0.127235
0.507145,2.87073
1.193019,1.229094
-0.687071,3.524421
-0.752635,3.261867
0.032482,2.656526
0.414338,1.395698
-1.037493,1.453028
-0.882714,1.182391
0.05793,-0.44218
1.365461,0.262105
0.026944,2.839595
0.715362,1.76019
0.387544,2.985542
-1.042133,2.677183
1.063239,1.625021
0.040865,2.681224
-0.417632,2.902464
-2.155069,-0.330064
0.443378,1.535657
-0.080832,1.765728
-0.404908,4.265081
1.026266,1.790427
0.261207,2.085763
0.748893,1.877546
0.85607,1.819466
-0.378413,2.526895
-0.777483,1.559008
0.355062,3.314557
0.633483,3.575914
-0.604144,2.024989
-0.74036,2.186503
-1.257236,2.774031
-0.088616,2.455194
2.387535,0.656984
0.233514,3.647615
-1.192121,1.566343
-0.018112,2.480342
-0.800835,2.866539
1.929787,1.744772
0.247286,1.584006
-0.851879,1.833537
-1.235082,3.782634
-1.420696,2.046544
-0.011077,3.509602
-0.062869,0.52421
0.718955,1.637295
-1.091081,1.276096
-0.099693,3.456163
-0.68273,4.853058
-0.500559,1.407822
1.225202,1.628015
-0.72629,1.866169
-0.396525,3.478916
-0.078587,3.497627
0.182171,2.837948
0.342039,3.20738
0.814606,2.036066
0.330064,3.481011
-1.122665,1.258283
-0.216749,1.053509
-0.054337,1.734892
-0.525258,2.515519
-1.00022,3.61154
0.835113,1.667981
0.030237,2.631079
-0.709674,1.266367
0.045805,2.134561
-0.400417,2.112707
-0.233215,3.715873
-1.147065,2.165996
-0.048349,3.870501
-0.861309,2.655927
0.213755,1.51949
-0.420476,2.621049
-0.315843,0.666264
0.080383,2.394121
-1.653462,1.728007
0.220192,1.611848
-0.417632,2.3805
0.810564,2.566413
-0.360301,0.693059
-0.159269,3.656147
-0.264201,2.812052
1.238674,2.593956
-0.028441,2.388134
0.512384,0.844993
1.198558,1.216371
-0.588875,1.120869
0.598306,1.573827
-0.59606,1.841022
-0.244891,1.196911
-0.060025,2.791395
-0.118553,4.234395
-0.36524,2.683769
-0.67315,1.18763
-0.462987,2.445764
-0.117805,3.662584
-1.13494,1.523532
2.001787,1.054856
-0.696053,2.158362
-0.347577,2.215692
-0.313748,0.3124
0.343835,1.315914
-0.092807,1.638193
-0.776884,3.41904
0.275727,1.293011
-0.00479,1.60616
-0.757425,2.36134
-0.008383,2.165696
2.0678,-0.722547
0.437989,3.229983
0.062121,3.768863
-1.070723,2.311643
1.364413,2.541864
2.902913,1.15904
0.559387,1.234633
-0.237107,4.436175
-0.646955,0.776735
-0.532143,2.860102
0.019609,2.586771
0.509989,1.915117
-0.659079,-0.100591
1.185086,1.886377
0.433349,2.197131
0.403261,2.546505
0.972528,0.076341
-0.014969,2.788401
0.261806,3.424429
0.232916,3.931425
0.393681,3.770659
-1.202449,1.401535
-1.472039,4.441115
1.354084,2.060765
0.095651,0.152383
1.065933,2.210603
0.488434,0.906814
-0.229024,3.03434
0.008682,4.829557
0.606688,0.808918
-0.867895,0.881966
1.340013,2.40909
0.704585,3.347489
-0.623753,2.18785
-0.637973,1.497785
-0.410147,2.402205
-1.999692,1.700164
0.502954,2.383943
-0.190404,3.4385
0.958158,2.174977
-1.277444,2.699337
-0.892594,2.268682
-1.094075,2.560126
-0.471819,1.410068
-0.662971,1.844165
-1.040337,2.263443
0.979114,1.513353
0.544418,2.877017
-0.86056,3.743565
-0.099393,3.242557
-0.42317,3.765569
1.637295,3.438051
-1.563349,0.275427
1.747616,0.566572
-0.549058,0.552202
-0.077688,1.446741
-0.925825,1.837878
0.05748,2.628384
-0.078587,1.844165
-0.130079,0.567171
-0.52406,2.438429
0.092208,2.183659
0.220941,1.102308
-0.136666,2.811454
1.01489,1.218915
-0.144599,0.303718
-0.207169,1.945055
2.339934,1.656455
-0.39413,1.126258
1.620081,-1.102457
-0.13936,2.430645
0.598156,4.838538
-0.352667,1.335672
1.003513,2.275867
-0.186812,0.551753
-0.181872,2.777774
0.669408,0.991089
0.188308,1.555715
0.166304,4.138594
0.070204,1.941912
0.405357,1.725911
0.113614,2.70278
-0.48574,3.403622
-1.469045,2.162553
-0.266446,3.948639
-0.127086,3.840564
0.371078,3.113825
-0.245939,3.915258
-0.390388,1.795367
2.021995,1.813179
0.86101,0.521516
0.407303,1.406924
0.89454,4.065396
0.01422,2.684967
-0.55325,2.36613
-0.273332,2.305955
0.551304,1.224903
-0.424817,2.450853
-0.426164,2.200275
-0.338746,2.043401
0.209564,2.209855
0.864303,4.452641
-0.403561,3.488496
0.579295,1.840423
1.003064,1.388662
-0.002395,3.757786
-0.078287,0.862506
-0.664768,1.347947
0.090412,1.517993
-0.069306,2.080823
-0.125888,2.597997
0.739313,2.048191
-0.182471,3.547623
-0.349224,4.587959
0.49053,1.196013
-0.229323,3.444487
1.179996,3.581901
-0.644709,1.16862
0.403261,1.287024
-0.004191,2.763703
-0.485141,2.504741
2.196532,0.838257
-0.65414,1.800755
0.084125,3.926934
0.275876,2.865641
-0.521516,3.637137
-1.430126,3.09691
0.809517,2.343227
-0.407153,2.370321
-0.933609,3.065475
-0.574206,2.335144
-0.698298,3.58265
-0.576751,3.894751
-1.315614,1.295107
0.150886,0.938249
-0.329465,3.202291
1.097368,1.96661
-0.285157,0.593965
-0.134271,3.191513
-0.914149,2.318529
-0.227677,2.778223
0.878822,0.563129
-0.436941,2.306254
1.085094,1.507216
1.182092,1.993105
-0.605341,3.200944
0.557291,1.154848
-0.091759,4.136797
1.025368,-0.145048
2.026336,0.436343
-0.181273,2.908152
-0.587528,3.292104
0.819695,1.812581
0.324076,2.163601
-0.099693,3.924389
0.544568,0.928669
0.64935,2.454745
0.620759,2.328408
-0.218246,2.883903
0.549657,4.318969
-0.4088,2.80367
1.006208,2.20252
-0.93765,1.253493
0.504152,2.245331
-0.386197,3.242707
-1.50976,3.942352
0.128732,3.191064
0.049248,1.800157
1.424138,0.311353
0.906066,1.148412
0.4329,2.215992
0.623004,1.664539
-0.604144,3.896996
0.084125,1.532513
-0.020358,2.254911
-0.746647,1.373693
0.040416,2.862348
-1.443299,2.722239
-0.275876,2.44292
-0.071102,3.325934
-0.472567,2.174079
-0.289648,1.273402
-0.723745,2.099833
0.250878,1.550625
-0.339644,1.671275
-0.30297,3.49119
-1.34166,2.668201
1.37549,1.904789
0.278571,1.359024
1.104403,1.128653
0.01931,3.21711
-0.469124,-0.241298
-0.345033,3.939807
-1.137485,4.270919
0.412841,3.379672
0.16361,3.06787
0.046703,2.622846
-1.224005,2.656675
0.581241,1.638642
-0.727038,2.295477
0.818648,2.696343
-0.390987,-0.056433
1.121169,1.291065
-0.078736,2.048191
-0.070803,2.300117
-0.256117,0.282463
1.02417,2.593806
0.175285,2.425257
-0.035027,3.652105
-0.771945,3.171754
0.014071,0.97118
-0.861608,3.169958
-1.579815,4.369414
-0.34129,0.144899
1.572181,0.371827
1.081202,1.549129
0.649799,0.443528
0.694855,2.252965
-0.505648,0.590372
-0.136516,1.404978
-0.604144,1.845213
0.263153,3.571872
0.737965,1.786086
-0.97133,2.090403
0.756527,1.739982
-1.334774,2.735262
1.005309,1.683848
0.785566,1.677262
-0.527653,2.689308
-0.626747,3.206183
-0.857866,1.811832
0.412692,1.730102
-0.147593,2.339635
-0.608784,2.828817
-0.179028,3.151097
0.191302,1.306783
0.646057,1.157243
-0.031584,3.054099
-0.244292,0.977767
0.222437,2.61596
0.856818,0.596809
-0.570015,2.454446
0.359702,1.203048
-0.060774,2.118844
-1.241967,2.309398
-0.385299,1.414858
-0.149689,3.10634
-0.671803,2.003733
-0.353565,2.372566
0.928819,2.633623
0.381706,0.858165
-0.964744,0.958307
0.270488,2.051783
-0.480501,1.699416
0.009281,2.800227
-0.099094,2.296674
-0.382305,2.745141
0.046404,2.322271
-0.257764,1.06758
0.038769,3.365452
-0.526605,3.229384
0.554297,3.831283
0.149838,2.590214
-0.792751,0.296084
-0.584534,1.21652
-0.031734,3.179538
-0.136815,2.507286
-0.142354,3.358117
0.137564,2.674788
-0.89439,3.503015
0.907114,2.200275
-0.791853,1.185834
-0.9619,0.956661
0.106129,-0.068557
-0.229922,1.790726
-0.746049,1.86602
0.116308,2.891836
-0.734672,1.481769
0.458796,1.256487
-0.212857,1.737886
0.415835,2.282454
-0.769101,2.286645
0.685874,-0.235909
0.040416,4.107758
-1.847009,0.402513
-0.82224,1.961521
0.017364,2.20222
0.953218,2.494263
1.082249,1.525478
-0.229622,2.462379
0.518073,0.512983
-0.659379,1.708846
0.878972,2.58213
0.361349,1.455274
-0.555944,2.416575
0.934956,0.972677
-0.90891,4.11629
-0.393083,2.504891
-0.494572,1.334325
1.492696,2.922074
0.856519,1.142275
0.087568,1.22131
-0.901725,0.761766
-0.297881,3.05365
-0.112566,3.181484
1.925596,1.815275
-0.256716,2.465822
0.443378,2.707121
-0.676443,3.737278
-0.544268,0.569715
0.055535,1.339265
0.238754,2.19743
0.154479,3.380121
-0.995729,3.346291
-0.040266,2.40939
-1.103805,1.667832
-1.933978,1.656156
-0.260907,3.08748
0.785117,2.355951
-0.110919,2.323917
-0.665217,2.756518
-0.560584,2.233505
0.1684,2.367028
-0.281714,3.099455
-0.760868,2.180965
-2.440675,-0.463137
-0.136516,1.691932
0.857118,1.828448
-0.511037,3.559298
1.003663,2.615661
-0.238454,1.753154
-0.832419,1.874702
0.221988,2.868186
0.360001,1.044229
-0.183219,2.111808
0.124242,1.382675
0.013173,2.249821
-0.368085,1.862577
0.343685,2.802023
-0.689317,1.148412
0.012125,2.863396
-0.08667,2.214794
-1.109193,1.208886
0.511935,2.410288
-0.455503,3.976481
-1.02432,1.652713
1.119522,3.065475
0.671204,3.599116
-0.802032,2.882256
-0.663271,2.354454
-0.371228,1.897155
-1.366808,2.208956
1.46171,1.70256
1.729803,0.258063
-0.246537,2.93839
1.067281,1.613495
1.065185,1.277593
-0.139061,2.280208
0.263901,3.290008
0.203128,-0.913251
0.219144,3.441942
-0.040117,2.573149
-0.567171,2.643353
-0.149689,3.084935
-1.195863,3.335364
0.026794,2.180665
-1.686693,0.311053
-0.134271,2.596351
-1.480122,1.410367
-0.255968,3.494333
0.199086,1.586551
0.386496,1.267564
-0.839754,3.559298
-0.419577,2.019151
0.272134,2.753524
-0.22139,4.091891
0.757724,3.453169
-1.399739,2.012715
0.055385,4.672533
0.274679,2.861899
1.287922,1.43327
-0.708327,2.555486
-0.62974,2.406845
-0.571212,1.064586
0.475561,1.083447
0.458946,2.758464
-1.650618,3.273393
-0.517175,1.418001
-0.384101,2.96204
-1.023721,1.515748
-0.377964,3.963757
-0.035476,2.748884
-0.741708,1.424438
-0.913401,1.739982
-0.324825,3.085534
-0.310005,1.485211
0.595312,3.243006
-0.912502,2.109713
0.136815,3.526367
0.97642,4.283792
-1.768423,-0.132475
-0.097896,3.026407
1.175056,1.563948
-0.603545,1.697919
0.083826,3.707939
0.063917,3.110083
0.669558,1.911824
0.279619,2.508334
-0.113913,1.548979
-0.185165,3.867657
0.364342,1.068478
-1.020278,3.035687
-0.282912,2.544708
-0.358355,3.836073
-0.351918,1.593736
0.543071,3.166964
-0.816402,1.277444
-0.046703,2.19743
-0.920436,1.478775
0.726739,1.589994
0.039967,3.727698
-0.877176,2.336192
0.427511,1.957928
-0.650547,1.171165
-0.794847,1.095721
-0.453856,0.494721
-0.946781,1.048869
-0.989143,3.8232
0.756377,2.305206
0.021555,1.637595
-0.474364,3.84236
0.43784,2.9336
-0.42302,1.976789
1.554966,0.615969
1.977987,0.834215
0.603844,1.983974
1.024769,1.173709
0.055235,2.207909
0.205972,2.793042
-0.148491,4.306544
-1.272055,1.063089
0.498763,0.328118
1.042432,3.150049
0.715063,2.49112
0.114662,1.876947
-0.399669,1.523083
0.775088,2.252067
-0.176633,0.516276
0.718805,2.801424
0.124242,3.076702
0.192649,2.128424
-0.48065,1.497785
0.00958,2.406845
0.247286,2.050137
0.712967,2.191443
1.236129,1.550476
-0.466879,2.910847
-1.376388,1.762884
0.381557,1.896107
-1.11084,1.42354
1.259631,1.789828
0.357307,2.262844
-0.051044,3.008294
0.556692,2.358645
0.561782,2.751428
0.664019,1.081052
-0.309257,1.778302
0.876278,3.057093
-0.507594,3.302582
-0.32198,1.813928
0.311951,0.272583
-0.625549,1.842968
1.32714,4.019741
-0.600252,2.135908
0.027692,0.818199
-0.546214,3.598068
-0.969983,2.987188
-0.424068,1.667233
-0.803978,1.365011
0.321531,3.866609
0.188458,1.231339
-0.091909,1.965263
0.618364,0.628094
-0.082778,3.683989
-0.721649,3.253484
0.311951,3.614683
1.475182,2.073488
0.605641,2.570455
-0.621957,0.228724
0.769699,1.441502
-0.351918,2.054178
0.713716,0.77404
-0.552651,3.018473
0.060474,1.811084
0.010179,2.35625
0.285606,2.255959
-0.207169,1.806893
0.530197,0.899629
-0.88975,3.32788
-0.208965,0.427212
0.103884,0.639021
-0.024549,2.67389
1.191073,1.715283
0.371078,2.552941
-0.943039,3.359614
-0.777483,2.781665
0.162263,1.934278
-1.13973,2.80816
0.386347,1.890119
1.840123,1.575174
-0.404908,4.304898
1.085393,1.035996
-0.196392,4.024381
1.107397,2.877766
-0.299527,1.63999
-0.318538,2.023792
0.719254,2.676734
-0.935255,2.729274
-0.553399,3.956423
-0.102836,2.646796
-0.284259,3.035687
1.964664,-1.480122
-0.111668,2.522255
0.738414,0.750988
-0.012274,2.210753
1.588048,1.186283
0.159269,1.71678
-0.198338,1.432521
-0.078736,3.316354
0.324675,1.749562
0.595162,0.901276
-0.531994,3.627556
1.262175,1.526077
0.946033,2.238445
-0.346829,3.340453
-0.552351,0.691712
0.217797,1.853745
1.932332,0.91849
0.271984,-0.135917
1.507365,2.943329
-0.024549,0.068857
1.354084,1.047372
0.196392,2.357597
1.355282,1.359473
-0.110919,1.655707
0.390388,1.786385
0.186662,3.675756
0.740809,0.536035
0.190404,2.524949
0.455503,0.688718
0.169448,1.302891
-1.126857,2.61102
0.300276,0.701142
-0.024399,2.193239
0.799637,1.695524
-0.01437,3.739224
-0.285606,2.59186
0.172591,1.263972
-0.464185,2.708019
-0.683479,2.1639
0.939147,1.822909
-0.517324,1.145717
0.29818,1.241518
-0.122445,1.551374
0.315244,3.456762
-0.106578,3.470683
-0.188159,1.221011
-0.342488,3.149301
0.253722,1.900448
0.021256,1.427731
0.282912,3.744014
0.844843,1.710792
-0.49068,2.551594
-1.506318,3.609294
-0.117506,2.441273
0.270937,0.807571
-0.164209,2.322121
-0.403411,3.463947
-0.759371,1.247057
-0.653391,1.974993
-0.499062,-0.296982
-1.104852,2.19279
-0.152982,2.340683
-1.045276,4.312682
-1.097368,2.135908
0.217348,2.959795
0.59606,1.846261
-0.170795,2.976111
0.556692,1.289419
-0.551603,3.076852
0.188159,3.366649
-0.467927,4.084556
-0.131576,3.57771
0.520318,0.970582
-0.224383,1.555415
0.236658,3.044519
0.445773,3.588488
-0.47586,2.682871
0.550256,1.879342
-0.334405,2.610871
0.63977,2.017954
-0.65893,2.942731
0.260758,2.233655
0.413291,0.170046
-0.295935,1.979484
-0.714165,2.497407
-1.231788,6.326893
-0.861159,2.314337
0.41374,2.03412
0.058079,3.286715
0.207918,2.992427
0.884211,1.583258
-0.431702,3.417843
-0.429906,2.927313
0.633483,3.68818
0.556393,-0.605491
-0.364642,3.664829
-0.593067,1.222657
-0.980311,0.098196
-0.759221,1.753454
0.702489,2.137555
0.718057,1.939966
-0.638273,1.22625
-0.951571,1.37519
-0.749641,3.888314
0.227677,2.396965
0.917292,4.017196
-0.772543,1.33702
-0.830922,2.334994
-0.32198,3.761827
0.265398,3.080294
0.008383,3.911965
-0.507744,2.055825
-0.598156,4.003724
0.49547,2.706671
1.2264,1.657204
-0.652643,3.99594
-2.254462,0.856968
-0.522414,0.528401
-0.603096,0.722398
-0.458497,2.922223
0.265997,2.234104
-0.383652,1.716181
-1.462908,2.152374
0.421823,2.513423
-0.589474,0.573008
-0.533341,1.184487
0.077389,2.119143
-0.00958,2.717
-0.693807,2.118844
-0.217647,1.991309
0.127684,2.36583
0.20193,2.75547
1.097069,1.241818
0.381257,1.81752
0.984652,1.502725
1.27894,3.266358
-0.916394,4.415069
0.959056,1.751957
1.684747,0.333357
0.63977,1.494193
0.686323,0.371378
-0.325872,1.746418
0.561482,2.442621
-0.342787,3.42877
0.356109,1.706451
0.28845,0.185614
-0.47616,1.873205
-0.297881,2.254162
-0.074246,2.170636
0.042063,0.523761
0.3124,1.657653
0.109422,4.085604
-0.801733,1.800755
-0.383952,2.49082
-0.128882,3.309917
-0.252974,3.931724
0.741259,0.297282
0.066013,2.913691
0.2404,1.827101
-0.550405,3.582949
0.546064,2.426155
0.290246,2.665208
-0.878523,2.039509
-1.079555,2.378703
0.113314,1.834735
-0.621657,2.935695
-0.248783,2.153123
-0.605191,2.862048
0.390089,1.954186
0.685125,1.272204
0.351619,3.492537
-0.787512,1.943708
-0.184267,4.248465
0.484842,3.360362
-0.465532,1.751059
0.306113,1.467099
0.492177,0.589774
-1.613046,2.083068
-0.322729,2.964435
-0.55804,1.229843
-0.791105,3.511548
-0.440684,3.584446
0.377665,3.634143
0.578397,2.211501
-1.508713,2.181264
-0.561033,1.819317
-0.462089,1.009351
0.999621,1.965563
-0.228874,3.531307
-0.765957,2.182611
-0.124391,0.204026
-0.569117,1.413062
0.026345,1.520688
0.491129,1.296753
-0.166154,3.219505
-0.376916,0.670755
-0.744402,3.62606
0.230221,2.92851
-1.152304,2.069596
-0.199236,2.096391
-1.00965,1.563948
-0.469723,1.571283
-0.50505,1.581312
-0.198936,2.994972
0.944087,1.200054
0.984952,2.413731
0.291145,1.931134
-0.000898,1.952839
1.344504,1.790576
-1.464105,1.597478
1.085393,1.968856
0.910706,3.981121
-0.392634,3.390899
-0.609682,2.580035
-0.536185,2.102228
-1.334625,-0.415237
-0.803978,4.514163
1.350492,0.805475
-0.874482,0.262554
-0.224234,2.725832
-0.724493,3.295547
-0.065264,1.044528
-0.684976,1.682202
-0.271535,1.754052
-0.828527,2.645149
1.123863,1.021326
0.510588,1.830244
-1.174158,0.223485
0.152682,1.424737
-0.194745,0.810415
-0.617017,2.064058
1.026865,1.797462
-0.646206,3.205434
0.646206,1.770818
2.017654,1.330284
-0.427511,2.854863
0.709974,1.322051
-0.304317,1.251547
1.690285,0.434546
-0.974474,0.980012
-0.188159,2.65907
-0.968336,4.891528
-1.585204,3.948489
0.087718,2.305955
-0.707279,2.003284
-0.565674,3.314857
0.035626,3.303331
0.489033,2.585124
-1.009052,1.606459
-0.176333,4.003275
-0.217647,2.932701
-0.044458,1.724115
0.174088,4.871769
-0.00943,3.791466
-0.034728,2.074237
1.487457,0.610131
-0.629291,1.251547
-0.137714,2.137555
0.633632,3.336412
-0.180375,1.717678
-0.853525,3.946842
-0.948577,3.061883
-0.61537,3.50571
0.888852,1.645229
-0.419128,2.082769
1.551374,3.43341
-0.189805,3.771856
0.094304,0.49996
-0.724194,2.422862
-0.257315,0.856669
-0.142953,2.335294
0.314346,2.504143
-1.089734,2.485581
0.43784,-0.508792
-0.23576,3.778293
-0.007784,1.905388
0.161215,2.184408
1.340163,2.161505
-0.077389,3.052153
0.045505,2.62554
1.013842,0.426463
0.271386,1.498983
-0.694256,2.875371
-0.45221,2.860402
-0.389939,-0.516576
0.147294,4.08291
0.233514,1.005908
-0.040715,2.056124
1.53401,2.064657
-0.773591,2.378105
-0.089514,-0.066162
1.11578,2.310894
0.02425,3.803141
0.147743,3.122507
0.049547,3.498674
-0.500559,0.056882
-0.229922,2.70248
-0.614472,1.236129
0.191901,1.746867
1.423839,2.122436
-0.194595,2.673141
-0.39443,3.366499
1.42803,1.152903
-0.242346,1.38028
-0.571362,3.050207
0.661025,2.059567
2.069297,1.131946
-0.049846,1.150807
-0.888253,1.43791
1.036744,1.907783
-0.63019,1.166824
0.352966,2.833158
-0.460742,0.555046
1.079106,1.79851
0.719703,2.409689
0.191302,1.306783
-0.275278,3.083887
0.130229,0.721799
-1.694776,4.223916
0.286804,4.285139
-0.626298,3.074906
0.039668,3.35183
0.754132,3.111579
1.285227,-2.528991
0.790656,2.140549
0.704734,1.75046
0.466131,2.715952
-0.491877,1.934128
-0.607886,2.180516
-0.126637,2.310894
0.956511,0.233514
2.457589,2.428849
-0.213606,2.549049
1.602418,2.108066
-0.15852,1.61574
-0.48065,2.383643
-0.198936,3.813021
0.494721,3.155887
-0.421224,1.923799
0.780477,2.351759
-0.695154,3.862268
-0.049397,1.57712
0.485441,1.56754
-0.463436,0.374521
1.374142,0.37048
-0.303868,2.863096
-0.183069,3.415597
0.108674,0.174537
0.580792,1.562151
-0.486189,3.223846
0.316891,3.607049
1.045127,1.095272
0.343087,1.537004
0.05299,2.398911
-1.281485,3.908822
-0.28381,2.838547
0.794697,3.333867
0.123793,3.127446
1.3707,1.999243
-1.257385,2.167792
-0.733624,1.217867
0.100591,1.874402
-0.840951,2.479893
1.281785,1.618584
0.89454,3.787723
0.665217,2.377955
0.420176,2.561473
-0.148192,3.718268
0.11541,2.442471
0.552052,3.564088
-0.394879,2.967878
1.484762,1.810934
-0.322729,3.687282
-0.233365,2.61611
-0.151186,0.247435
0.207169,2.223925
-0.791255,1.369951
-0.271236,3.026556
-0.0479,1.941014
-1.118624,0.911604
0.556094,1.780996
-0.311353,2.487527
0.687221,2.43349
-0.727337,3.056644
-1.355581,2.282304
0.604742,1.222508
-0.175285,2.693948
-1.595083,1.71214
-0.284708,1.744622
-0.79844,2.536026
-0.626148,3.584147
-0.443528,3.527564
-1.056054,2.196532
0.156724,2.300865
-0.455054,1.778452
-0.323627,2.031426
-0.65414,1.996398
0.067809,3.234174
0.047601,3.574567
-0.188308,0.817899
-1.103954,1.314117
-0.759072,1.909878
0.118553,1.546434
-0.497116,3.293601
0.531694,1.951791
1.018332,0.534688
-0.662522,0.951422
0.689915,1.421145
-0.241298,2.543361
-0.411195,3.161575
-1.173111,1.999692
-0.866548,1.344803
-0.086071,2.55818
0.667013,1.858086
0.544568,3.039729
-1.339415,3.682792
-0.720751,2.19264
-0.152682,1.265319
0.009879,3.181035
0.236358,3.307522
1.350192,1.864523
-0.667911,1.108744
0.017963,3.175347
0.461939,3.960913
-0.815654,2.533033
-0.663869,1.342558
-0.390089,2.238146
-0.864901,2.957849
-0.140109,1.093775
0.354912,1.713187
0.238304,1.43312
0.018112,2.860252
-0.364941,2.151476
-0.583936,3.787873
-0.236658,1.539399
-3.673361,-0.358954
-0.050595,0.996029
-0.347428,2.684967
-0.909209,1.280886
0.943189,0.998124
0.056882,1.797163
0.135618,2.802921
0.093256,4.909191
0.962648,1.654509
1.629661,1.954486
-1.133892,3.683091
-1.146017,3.391797
-0.49517,2.773133
0.053738,3.614234
-0.071252,4.516408
-0.15867,1.686693
0.207169,2.717599
0.135468,2.268832
0.464035,2.994822
-0.25956,3.985462
2.100432,1.065035
1.693728,-0.001048
2.066453,1.722019
-0.539628,0.263452
1.208886,1.201551
-0.049996,2.802173
0.250429,1.571432
-0.827779,1.877246
-1.40423,1.626518
0.32228,3.567382
-0.275577,4.066294
0.073048,3.610642
-0.92822,1.821562
-0.060175,0.131277
-0.640069,2.354005
1.357976,0.971929
-0.465382,0.969085
-0.948727,2.956502
1.332379,2.982398
0.705483,2.428999
-1.05336,1.844464
0.387544,2.386637
0.850531,0.396675
0.606539,1.934128
-0.267194,2.761757
0.016915,2.395768
-0.539927,3.883674
-0.393681,3.285368
-0.312849,4.36163
0.234413,3.60166
0.681233,2.271526
1.485511,1.821113
-0.558489,3.528463
1.645229,1.989662
-0.274828,3.96735
-0.515977,1.26457
1.766926,1.282084
0.714614,-0.23082
0.194745,3.653752
-0.797691,1.542393
-0.950374,3.150948
-0.361199,4.296066
-0.33665,2.249971
-0.736019,1.815425
-0.443079,2.107168
1.154848,2.416425
0.76446,1.817071
-0.627645,2.160308
-0.066013,3.107837
0.757724,3.388953
-0.383802,0.430205
-0.656984,3.32294
0.015268,1.603166
0.077838,3.229983
0.480201,0.396076
-0.37976,2.043251
-0.012424,0.931513
-0.242196,1.716481
0.194446,1.917513
-0.730631,1.081351
1.397943,2.218087
0.249232,2.1642
1.017584,0.331561
-0.040266,1.922153
-0.195194,3.509602
-0.042661,2.335892
1.403332,2.302961
-1.209934,2.628384
-0.661325,2.058519
-0.183369,3.510051
1.037942,1.419648
0.106129,3.239713
1.708397,0.669109
-1.222957,2.575245
-0.010329,2.945874
-0.411195,3.013084
0.546064,1.922153
-1.313818,4.234844
0.185165,1.307082
0.738714,1.799109
-0.736319,1.667233
-1.821861,0.479154
1.608854,1.530867
-0.689017,2.790198
-0.075892,1.04363
0.348625,0.666414
-0.027243,1.934128
0.964295,0.409099
0.259411,1.869462
-0.457299,2.105072
-0.642165,2.50055
-1.243614,0.743504
-0.136815,2.206861
-0.015568,2.639162
1.406924,0.963995
0.897085,1.251847
0.941991,2.095492
1.051863,-1.023272
0.660576,2.395469
-0.253722,3.168311
-0.001946,1.807192
-0.728385,2.58213
0.01452,4.148174
-0.023052,2.859803
0.719554,1.863625
-2.466122,0.897534
0.081431,4.082011
0.245789,3.094216
0.857267,3.613186
-0.438289,0.49517
-0.876128,3.158432
-0.935704,1.498833
0.18771,3.195704
0.200433,1.967509
-0.15867,3.210524
-0.293091,2.721341
-0.587528,1.98143
0.583786,1.996548
-0.101339,1.946852
0.296084,0.786315
-0.141905,4.112847
0.641266,1.380579
0.143551,3.787424
-0.241149,3.611091
-0.376018,2.411036
-1.010848,4.749922
-0.85592,2.577041
-0.640069,4.298611
-1.121468,0.962498
-0.976869,3.321293
-0.330513,2.15447
-0.626148,1.304388
3.28432,1.352737
-1.289119,3.190765
-1.378483,4.8327
-0.858615,1.730402
-0.085323,4.69813
0.686472,1.220712
-0.794997,2.497706
2.806065,2.052382
-1.310824,1.948348
-0.005988,1.473087
0.275128,2.217638
-0.052241,3.359165
-0.25492,2.091301
-0.330962,1.397793
0.152533,2.032923
0.277673,0.364342
-0.237406,2.098187
-1.148112,1.953438
-0.651894,2.669698
1.448089,2.602638
-3.053949,0.458497
0.411345,1.760489
0.618214,3.138972
0.656086,2.073039
0.634381,3.610193
-0.383353,2.457589
0.076042,3.093467
-0.104183,3.20259
-0.622855,0.516276
-0.151485,3.267256
1.624572,1.701661
-0.267494,3.42877
-0.434546,1.537902
0.797092,1.061592
0.088765,3.0297
-0.973126,1.342558
-0.266745,2.88989
-0.574056,2.527943
0.781824,1.572181
-0.720003,2.268682
-0.104632,1.459465
-0.039668,2.227518
-0.819995,2.472409
-0.437241,2.650538
0.787063,1.368754
0.463885,4.477938
-0.537532,0.119152
-0.442929,3.211721
0.239203,3.210224
0.162412,3.508704
-0.631387,1.243913
-1.278641,1.417852
0.607587,2.329456
-0.786465,2.196383
-0.152682,3.248694
-0.217947,2.198179
0.119452,4.218827
0.693658,1.961671
0.59621,0.822839
-0.173789,3.743266
0.167352,1.823807
0.241298,3.209775
0.12978,1.36097
0.416135,1.203348
-0.036973,2.653831
-0.198787,2.546205
0.087867,2.143992
-0.187111,3.084785
0.105531,2.493215
0.781974,1.210682
1.306034,0.978066
-0.208067,3.247946
2.08232,0.207469
0.362696,3.376828
1.634451,1.747316
0.778531,2.294728
-1.646127,2.031276
-0.380359,2.131717
1.216071,1.9958
-0.117356,3.294649
0.238903,1.55826
-0.184716,2.205514
1.318159,1.676364
0.709824,2.876718
-0.503104,2.06301
0.054187,2.504891
0.907263,0.748743
-1.049318,0.815055
-0.376317,2.274221
-0.37527,3.213068
-0.327818,3.048111
-1.066682,1.877695
0.636177,3.59687
0.928369,0.095352
-0.421973,2.129472
-0.717907,1.941163
-0.313448,2.322271
0.915796,1.751059
1.427581,0.36554
-0.633632,1.316512
-1.469344,1.137185
-1.098865,1.983675
0.52421,2.223776
-0.257614,2.327809
-1.044378,2.027983
1.203946,2.056723
0.04805,-0.282014
0.126936,0.594115
1.446741,2.509082
0.25971,4.021986
0.795596,1.72172
0.041763,1.736389
-0.045356,3.284021
-0.541274,3.225792
0.491278,2.214495
-0.038769,2.047891
0.411345,2.509831
-0.163011,1.786535
-0.421673,2.691403
0.29324,2.809807
-0.43784,2.999163
0.687221,3.839516
-0.22139,2.045197
0.111518,4.176764
0.749042,1.308878
1.047372,1.721121
-0.252076,1.674717
-0.068857,4.073779
1.243015,1.013692
0.49053,2.492617
0.060923,3.238665
-1.691632,4.464017
1.073418,1.435814
0.358504,1.329984
-0.455054,-0.321232
-0.197739,2.081422
-0.58648,1.878893
0.566871,1.325793
-0.213007,2.52929
-0.088466,1.568588
-1.142424,3.4144
0.010478,2.185306
-0.197589,1.783092
-0.768801,2.458038
0.863554,2.358645
0.088915,3.312911
-0.160317,3.775
-0.010478,4.078569
0.783471,1.163081
-0.299377,2.978506
-0.134121,3.209326
0.569416,0.12963
-0.025746,2.15896
-0.32692,3.502566
-0.996777,3.937711
0.415087,1.951043
-0.24504,3.629802
0.313149,0.275876
-0.136815,3.781736
-0.571362,2.956951
0.496967,3.764821
1.292712,0.563728
-0.183668,3.051255
-0.335303,3.054698
1.654958,-0.772394
-0.020208,2.852618
0.208217,1.936523
-0.653092,-0.167352
0.204475,1.686543
1.203946,1.99071
-0.597557,1.728456
0.45191,1.760938
-0.19235,2.796634
1.162782,3.199896
0.060624,2.030827
-0.967438,-0.782722
-0.280966,1.321302
-0.052391,2.104025
-0.631088,1.832489
-0.006586,2.793042
-0.675994,2.970872
1.503324,2.364333
1.029559,0.569266
-0.842448,1.763782
0.587828,1.886826
-0.311502,2.999163
-0.549657,2.19264
1.516496,1.429078
0.167801,1.294209
-1.203497,2.708617
-0.805026,2.699337
-0.581391,2.689906
1.643133,1.584754
0.39922,1.707499
-0.446072,2.294279
0.106429,2.294279
0.862506,4.361929
-0.174537,1.155747
0.194296,4.060307
0.946033,3.442242
0.290097,2.575394
0.537383,0.925825
-0.71147,2.330354
1.386118,1.73115
-0.167651,2.256557
0.972528,2.017205
0.583337,4.556375
-0.06736,-0.185764
-0.417781,3.677103
-0.107926,2.518213
0.126337,0.843646
1.704206,0.058678
-0.324525,2.787354
-0.749192,1.146017
1.618285,0.38964
-0.032183,2.89019
0.153281,0.95217
0.055535,1.791325
-0.503104,1.390608
-0.712069,3.347489
0.597557,0.028141
0.94229,2.492916
2.742447,1.747167
-0.274529,1.028362
-0.232317,3.282674
0.045954,2.728526
-0.275427,3.140918
1.017285,1.705853
-1.041983,1.054856
0.430205,2.790048
-0.945284,1.594335
-0.145647,3.636687
-0.574356,1.702709
-0.670456,1.878144
-1.074765,1.001717
-0.129331,3.920797
0.243993,3.762875
0.738115,2.246977
-0.424667,2.8854
-0.364043,2.220482
0.739013,2.392924
-0.032333,1.474135
-0.419727,3.562592
-0.337249,2.874473
-0.222437,2.577939
0.99049,1.009351
-0.888103,2.638563
-0.091759,0.910407
1.292861,-0.554896
-0.289049,1.400637
0.525258,-0.141606
0.683329,2.076332
0.669707,0.709525
-0.437989,3.475922
1.182541,0.984353
-0.262554,2.599644
-0.725841,1.572031
-0.670905,1.310674
-0.493524,2.088607
0.063917,1.244512
0.334704,4.05387
0.39428,2.079476
-0.15852,3.255879
-0.085622,1.042283
1.49075,0.595312
-0.51448,0.81281
-0.989742,1.672622
-0.701591,3.709885
0.611778,1.028362
-0.592767,1.831441
-0.102537,1.432671
-1.227148,0.538879
0.936902,1.044378
-0.522863,1.328787
-0.470921,0.774789
1.836531,0.551603
0.18262,1.737287
-0.574505,2.088607
-0.208965,3.061733
1.475931,1.417852
0.450862,4.183949
-0.942141,1.686992
0.104632,1.749412
-0.444725,4.513863
-1.272354,2.951113
0.135768,-0.047601
0.454455,1.865571
0.371378,3.433859
-0.093256,2.933899
0.434247,1.640289
1.229094,0.492775
-0.396376,2.068399
1.332679,0.924028
-0.022453,1.758992
-0.827928,1.153052
0.25971,3.02012
0.702489,1.190025
1.408122,3.357518
-0.689915,2.839745
0.147593,2.363136
1.366808,2.376458
-0.936303,0.418979
-0.017214,1.590592
0.52915,2.480492
0.889151,1.866169
-0.985251,2.102528
0.470621,2.812052
0.851579,0.304766
0.181123,2.716252
-0.525258,2.558629
1.233285,2.373315
0.468226,2.181563
0.664917,0.813409
1.052162,2.206112
1.069376,2.110312
-0.091909,2.377506
-0.891247,2.609823
0.195943,1.280288
0.316442,1.671275
-0.02904,2.379153
0.070952,1.199007
-0.238754,3.679648
0.049846,4.107458
-0.168849,1.644331
-0.043559,2.964884
-1.691483,1.840872
-0.540376,3.520379
1.302142,-1.802252
0.537083,1.703607
1.276096,1.677711
0.286804,2.064058
0.564476,1.50048
-0.277373,3.011737
0.191302,1.958228
-1.093027,1.983675
-0.901575,1.190325
0.001946,2.262695
-1.022075,2.775079
0.528701,1.273701
-0.333506,4.084556
0.584834,1.494792
0.666714,1.423839
0.020058,1.104553
-0.421673,2.329007
0.247585,1.231938
-0.121847,3.754492
-0.61567,3.013234
-0.386197,3.027155
0.19729,1.766177
0.866398,1.633254
0.114362,3.326532
1.140329,2.657574
0.967289,3.364254
-0.178579,2.83241
-0.16361,2.150129
-0.766107,3.367098
-1.02417,3.961811
-0.683479,1.795367
-0.098345,-0.482596
-0.258812,2.217788
0.164508,0.647853
0.342488,2.754123
0.545615,0.55804
0.446971,2.836601
-1.304388,2.454446
-0.087119,3.431913
-0.309107,3.165168
-0.323627,2.46193
-1.279839,1.62068
0.713267,2.756817
2.46223,0.237406
-0.677042,1.737886
1.33702,1.86123
0.386347,1.828298
0.0,2.710713
1.733844,2.066602
-1.570085,1.599723
-0.401315,2.932851
-0.315993,3.075055
-0.111817,2.82777
2.023642,0.114362
0.214953,1.249901
-0.260907,2.073338
0.094903,2.526147
0.383952,1.754651
-0.496517,3.785628
-0.330962,1.407074
0.74994,0.48574
-0.870141,4.383934
1.517095,1.955384
-0.560435,2.158511
-1.360521,1.259631
-0.578547,2.902614
0.02904,3.200345
0.377964,3.133733
0.213606,2.02439
-0.198038,2.413282
0.782872,2.766697
-0.235011,2.732568
0.080383,2.978356
0.202978,3.850443
-1.412163,1.872456
0.277074,2.645748
0.424517,1.858535
1.217269,3.884123
1.09647,0.291594
0.419727,3.929928
-0.228724,3.186274
0.838556,1.307082
-0.547561,1.767674
0.934207,2.037114
0.11526,1.919608
1.376238,0.950523
-0.701292,0.899629
0.308658,1.265169
-0.435894,3.293152
0.787363,2.438579
-1.031804,2.145488
0.034578,2.11585
0.036973,0.908311
0.264949,2.095792
-0.689167,0.972079
0.323328,3.594326
-0.584684,2.708917
0.05269,2.75068
-0.222737,2.677033
-0.362696,2.468816
0.030536,2.97686
0.59172,1.385668
0.254022,-0.425565
1.212179,2.456392
0.377814,0.128732
-0.450563,3.360811
-0.111817,1.520239
0.028291,3.129841
-0.742606,0.891845
-0.31734,-0.101639
1.445095,1.996548
-0.775088,3.714825
0.602946,0.443378
0.057031,1.311423
0.062271,2.334845
-0.551902,2.362088
1.443598,1.698219
-0.516576,4.312083
0.091909,3.5587
-0.630489,0.809816
0.885858,0.313897
-0.392634,1.889072
-0.537233,-0.290546
-0.104632,2.668052
-0.678689,1.847009
-0.395178,1.429078
0.520318,2.777025
0.75967,0.656834
0.130079,3.105592
-0.588726,3.466342
-0.073198,2.940934
0.6013,1.792672
0.73093,2.669848
0.587977,1.390908
0.727787,1.032553
-1.799707,4.000581
-0.199984,2.690655
-0.626747,0.923579
-0.874332,1.802701
-0.094005,1.160088
-0.611329,2.155817
0.909808,2.01496
0.328267,3.73159
-1.486559,1.848656
-1.975442,0.021705
-0.973276,1.234932
-0.763712,2.046844
0.045505,4.207001
-0.47122,0.722697
1.508413,0.096549
-0.390238,3.296146
0.987347,0.827479
-0.155078,1.234184
0.148791,2.27916
-0.988245,1.906286
0.754581,3.379822
-0.067061,3.197501
0.820145,3.369942
0.28381,1.681154
1.30304,1.205294
0.902024,0.678689
-1.014291,0.435145
-1.797612,4.090843
-0.622406,1.174009
0.924927,1.062341
-0.436492,2.539918
-0.036674,2.392774
0.723296,1.136437
-0.541574,3.293601
-1.082399,1.812581
0.28366,3.747607
-0.439336,1.618584
-1.858685,1.857038
0.402962,3.057093
-1.898053,1.777554
0.140707,2.446662
-1.915417,3.740272
-0.267344,1.87081
1.377286,1.768722
1.287622,1.248703
0.306113,3.538342
-0.148641,2.889741
0.555944,2.314786
-1.224903,3.872298
-0.559237,0.993933
1.193468,2.116149
-0.787213,3.670517
1.192121,0.18771
0.084275,1.749562
-0.777783,2.479893
0.420176,3.19316
-0.014669,1.813479
1.504372,0.694107
0.329615,2.727328
0.657732,2.481091
0.304467,3.416645
0.654888,2.018852
1.587299,2.242936
0.178878,0.515528
-0.623603,2.575095
0.442031,0.941243
0.731678,1.210533
0.397873,0.518971
0.723146,1.994453
1.405876,0.505798
0.761317,1.751358
-0.286504,2.521956
-0.578547,2.983446
-1.078208,0.944686
-0.116308,2.197131
-0.961451,1.78878
0.481848,1.857787
-0.912353,0.647703
-0.128283,1.279839
-1.039888,2.525698
0.283361,-0.106728
0.771047,1.595382
-0.583786,1.359174
0.7212,-0.563129
-0.26944,0.748444
-0.873583,2.103426
-0.646057,1.300496
-0.890199,1.883833
0.101788,4.492608
-0.505798,2.278412
0.68303,1.185834
0.193847,0.246837
-0.214354,1.63505
0.301174,0.031884
-0.885708,1.357677
-0.346978,2.061363
0.460443,1.263522
1.313069,1.667981
1.071921,1.66843
0.791404,3.338657
-0.482147,4.484075
-0.331261,2.92372
0.55804,2.077081
0.367935,2.400408
-0.12963,3.561095
-1.415606,1.838776
-1.111289,1.578168
-1.160836,1.481918
0.244891,1.270109
0.68767,1.469644
-0.578098,4.029171
0.762365,2.74095
0.116009,2.951862
-0.801882,0.162113
1.161285,3.536546
0.088466,3.264711
0.103285,3.006947
0.056582,2.430196
0.967588,2.126777
-0.779729,1.195264
0.017663,1.124761
-1.10141,4.728218
-0.158221,2.887346
-0.286654,0.377665
0.764011,0.751138
-1.094075,3.434907
-0.997825,2.210154
-0.645607,2.5486
0.121398,3.196004
-0.792003,2.008374
-0.300126,2.570155
-0.202529,2.868186
-0.494122,2.307901
-0.686323,3.787274
0.189805,0.373024
-0.800236,1.768572
-0.152982,2.816094
0.030387,1.720073
-0.554896,2.111958
0.074695,4.337829
1.172212,1.683549
0.661474,2.013313
0.138911,1.439407
-0.987347,1.654509
2.123484,1.285078
-0.840502,3.040926
0.188757,2.004033
-0.518671,2.587519
0.973875,3.111579
0.247286,3.233875
-0.609682,1.26951
0.244741,2.714605
-0.569416,3.565136
0.975222,0.496068
-0.457748,0.872236
0.720003,2.832709
0.107477,2.303111
-0.023501,2.377656
0.332309,2.430496
-0.731529,0.652194
-0.775837,1.900598
1.383124,1.56754
-0.443677,1.289269
-0.318687,3.397784
-0.160915,1.702859
-0.513432,2.629133
-0.710872,4.163741
0.828078,1.65436
-0.180974,3.209476
1.311722,1.83698
-1.324595,2.180216
-0.70219,1.757495
0.898282,0.583786
0.488883,4.200266
-0.855321,3.36156
0.434995,2.063908
-0.503403,2.669549
-0.69231,1.629062
0.137414,2.179019
0.515827,1.695973
-0.916394,1.3225
-0.115709,2.920577
-0.072749,2.355951
-0.882265,2.50519
1.352587,2.121987
-0.283061,1.244961
-0.506547,1.523831
0.389191,1.816323
-0.215252,2.656226
1.010099,0.438588
0.588726,1.763483
-0.47122,2.314038
-0.011376,3.182233
0.128134,2.952909
-0.693358,3.073259
-0.206421,1.981579
-0.684976,2.301165
0.002694,0.035925
-1.176404,1.334176
0.138911,4.474495
-0.459095,2.472109
0.924328,1.167123
-0.044158,3.383264
-0.398471,2.800526
1.21652,2.432142
-0.837957,3.674259
1.758244,0.831521
-0.048349,0.82733
0.042512,1.677711
0.59606,0.551154
0.088167,2.405348
-1.069376,1.935176
0.712967,0.77404
0.147294,2.302961
0.500409,1.330733
0.901425,2.098037
0.924478,1.47608
0.217198,3.264412
2.14938,0.369432
0.264799,2.243235
-0.458047,3.843707
-0.032782,1.860331
0.513283,2.876119
0.543071,1.055305
0.031285,2.304308
1.042732,1.767973
0.135768,1.912124
0.065414,3.281776
-0.643811,1.624123
0.124391,1.097069
1.318009,2.258204
1.118624,2.633773
-0.633333,3.586841
-0.74066,1.165327
-0.51942,3.400928
-0.016017,1.854793
-0.818797,2.02454
0.027243,1.488654
0.246388,2.648293
-0.90876,2.751129
-0.238903,2.165098
-0.483345,3.650309
-0.021405,3.079546
0.395927,2.720742
1.24077,0.507145
-1.162932,3.362158
-0.830922,2.87552
-1.0821,0.54322
-0.300425,1.930386
-1.038989,1.990561
1.206192,1.502875
0.583187,3.76527
1.461112,0.939446
-0.82239,0.457898
1.332978,2.859354
0.304317,1.806743
0.193248,0.962049
-0.498164,2.093846
-0.205074,1.7069
-0.183668,2.282454
0.172741,2.626588
-0.910556,2.439776
0.568069,3.719765
-0.436193,3.310815
-0.240101,0.272733
-0.902773,0.463137
-1.347797,3.003654
-1.864074,2.23141
0.807571,1.479673
0.502505,3.470084
0.393382,2.135759
-0.077389,3.228786
1.478475,3.118315
-0.08637,3.184478
-1.733695,2.014511
0.126487,1.454675
-0.580643,0.87029
-1.190474,2.103725
-0.000299,3.089126
0.521815,1.165776
-0.909509,2.721191
0.949326,0.474813
-0.790955,3.028053
-0.910706,3.672313
-0.103435,2.932701
-0.501457,1.200953
-0.044308,1.994752
0.766706,1.146466
1.028362,1.934727
0.633932,-0.570164
-0.767604,1.160237
-0.600102,2.123634
0.347128,1.999991
-0.898132,1.754801
0.340841,0.821791
-0.075293,3.272046
0.145497,2.479444
1.034499,1.441353
-0.610281,2.865641
-0.12514,3.512745
0.105081,3.342849
0.512534,1.328038
-1.403931,4.069138
1.384321,2.108665
-0.323926,3.09676
-0.10089,2.530638
-0.589025,2.306853
-0.058079,3.108735
0.661624,0.172292
-0.069605,2.850373
-1.55811,1.758992
0.120799,3.325784
0.010329,2.138154
-1.113235,1.236429
0.102836,1.236429
-0.06242,2.305057
-0.60579,3.506758
-0.741857,2.442022
1.629362,1.689088
0.777184,0.754581
-0.370629,0.32228
-0.695753,1.046025
-1.105152,2.221081
-0.621358,1.784739
-0.986898,3.076253
0.466879,1.496139
-0.113165,2.434088
0.731828,1.763333
-0.033979,3.141068
-0.414937,1.469943
-0.762664,3.139871
0.740809,2.045496
-0.829126,3.140619
-0.684527,2.507735
0.049397,3.919749
-0.05269,2.204466
-0.249531,3.754343
0.132774,2.296075
-1.352138,2.338587
1.124462,2.728676
-0.0964,1.003962
-0.779878,0.92822
-0.48574,1.922153
-0.411794,3.988306
0.781974,2.07244
-0.531545,0.919089
0.200134,2.627486
0.354762,2.324516
-1.584305,2.131268
-1.111738,1.015638
0.655786,0.837209
-1.015339,1.027164
0.275727,3.232977
1.291365,1.84192
0.873434,1.32235
-0.056732,2.339934
-0.602946,1.466351
0.046104,1.424737
-0.49038,4.274511
-0.353714,3.403772
0.045954,3.490142
0.482596,2.339934
0.419128,3.590733
-0.006437,2.92881
-0.726589,3.873645
-0.097597,2.516118
1.454076,-0.166604
-0.166005,3.147355
-0.74036,1.940714
-0.091609,2.575394
-0.324675,3.894302
-0.520917,1.995351
-0.260907,2.514172
-0.993484,0.422871
-0.330812,2.30805
-0.779429,1.904639
1.109193,1.638942
-0.970582,3.518433
0.419278,2.20237
-0.163011,1.227897
1.409469,1.60601
0.556842,2.155069
1.200803,1.075214
1.536106,2.209555
1.468746,1.969604
0.419278,2.722389
1.438509,1.046025
-0.478705,2.663411
-0.160766,3.516188
2.806065,-0.370779
0.610431,1.704356
0.10119,3.708987
0.627944,1.00486
-0.277972,2.55339
-1.001268,1.426833
-1.126857,3.503465
-0.171843,1.309477
-0.128134,1.541644
0.153581,1.324146
0.897534,2.893633
0.682431,1.380729
-0.576601,4.652325
0.09146,3.624862
0.292641,1.716181
-0.349224,0.798739
0.997975,0.705483
0.253423,1.928739
-1.030307,2.695445
-0.079634,2.802772
-0.006586,2.269131
0.439336,2.626588
-0.82718,2.993625
0.114811,3.513045
0.017514,-0.031584
-0.246238,0.80802
-0.093555,3.280728
1.069376,2.487827
-1.900298,0.815953
-0.956212,1.792971
0.042661,2.956951
0.130978,4.025279
0.868344,2.225722
-0.276774,3.109184
-0.526156,2.620002
-0.194146,2.128723
0.92822,1.279988
0.096849,1.139431
1.426234,1.360221
0.781674,0.836461
0.85577,2.061663
0.640817,1.670376
0.063468,3.716172
1.077759,1.106798
0.156724,4.699477
0.648751,4.644542
0.286504,2.998714
-0.081131,2.616409
-0.629591,3.039729
0.532443,3.3662
-0.325872,2.964136
0.717159,1.244961
1.2743,1.659599
-0.000449,0.916095
0.074844,2.088158
-0.042212,-1.719923
1.022374,0.940644
1.315165,1.783242
0.56732,2.129322
0.22618,2.600692
0.881217,1.210533
0.198787,3.537144
-0.734523,3.309169
-0.670306,2.52465
-0.242795,-1.177601
-0.271236,1.620829
-0.080233,0.484243
2.849624,1.441353
1.351689,-0.767454
0.985551,2.485282
0.578098,1.844764
1.038989,2.121538
0.707429,1.335972
-0.511636,4.491111
1.172961,1.186732
0.656684,1.01953
0.283211,1.870211
0.736618,3.29884
-0.295036,0.205972
-0.69231,1.722169
-0.508642,0.483944
0.015119,3.992348
-0.713117,0.889301
-0.159119,2.211501
0.617167,1.828448
-0.086071,3.392545
0.059726,1.83234
0.099393,0.765358
-0.008981,1.986369
0.467478,2.629731
-0.574206,1.707948
0.104782,2.465822
-0.630489,1.304986
0.825234,-0.085622
1.837728,-0.194296
1.104403,1.239872
0.089214,1.739084
-0.4811,1.723217
0.633782,1.970053
0.370031,1.80345
-0.493075,1.316363
0.046254,0.014969
0.459993,1.998943
-0.00943,4.293971
1.162034,1.307381
-0.063019,2.783162
-0.445324,2.312092
-0.457449,2.149829
-0.010927,4.802463
-0.754281,3.869154
-0.224832,3.115022
-0.02889,1.397793
0.326471,1.824855
0.13487,4.424649
0.410297,1.883084
1.239722,1.958378
0.487985,-1.095721
-1.19751,1.75525
-1.612746,1.699865
1.249452,1.83204
0.251477,2.275418
-0.530946,2.726131
-1.488355,3.917653
0.717907,3.901786
1.624272,1.14946
-0.731229,0.534389
-0.777334,1.719774
0.319136,3.203937
-0.4567,2.793042
0.014819,3.7027
0.053589,3.119214
-0.202978,2.243984
0.018112,2.067351
1.579665,0.155676
2.90471,0.647104
-0.099842,2.556234
0.247286,3.233875
-0.274679,1.24077
0.653391,1.830992
-1.080753,2.859803
0.184417,1.761387
-1.232836,1.383723
-0.149389,2.071243
1.194366,3.046615
-0.887804,1.177601
0.744701,1.377436
-0.659529,1.656755
0.619562,4.542454
0.117655,1.861679
-0.479902,2.712958
-0.166604,5.838309
0.166604,3.262166
0.321831,1.214425
0.173489,2.618954
0.120948,3.339855
3.857179,2.94318
-0.969833,1.717678
-1.462908,2.152374
0.859662,1.623823
-0.115709,2.1157
0.433349,1.29376
0.902174,3.892505
-0.713416,0.479303
0.253423,0.324525
0.108375,3.5343
-0.407602,0.605491
0.01946,1.416205
1.095272,3.220104
1.425186,1.709745
-1.422642,1.946402
0.027992,2.650987
-0.007484,2.14459
0.260608,1.821263
0.022753,3.83757
-0.74545,2.690505
-0.246687,2.49082
-0.6974,2.210304
-0.058678,3.670218
-1.105751,2.55369
1.269809,-0.209115
0.121996,2.376009
-0.087269,0.222887
-0.299078,2.025737
2.008523,0.338895
-0.537532,1.743125
0.523911,2.290088
-0.473016,3.117717
0.997975,1.977089
1.181493,1.660048
-1.305884,1.684747
-0.803679,1.364263
-0.183668,0.999621
0.312999,2.425706
-0.576451,0.906665
1.870959,1.598526
0.424966,1.506018
-0.49068,2.748584
0.277673,3.77021
-1.036744,2.258503
-1.72636,5.3617
-0.379461,2.830763
-0.05763,2.007326
0.207469,4.021537
0.462089,1.038241
0.494721,1.686393
-0.755778,3.776946
-0.503703,3.455863
-0.276176,2.887346
0.238903,1.942361
0.077539,1.827999
-0.065414,3.25543
-0.53873,2.373764
-0.089214,3.372337
0.807571,2.440226
-0.112416,1.427132
0.017364,3.982319
0.067061,1.766177
-0.475411,1.085692
-0.611478,3.818859
-0.920286,1.897005
0.494871,2.181563
-0.459993,3.368745
-0.548909,3.793561
-0.889151,2.073189
1.241818,0.036674
0.079784,0.897833
0.950074,1.405727
-0.850831,1.963467
-0.103734,2.527344
-0.662223,1.216071
0.527952,-0.298779
-0.161215,1.178948
-0.13457,2.344574
0.364193,0.980162
0.619113,0.915646
0.805475,0.340692
0.110171,-0.058828
0.43769,1.802701
0.520318,1.275498
0.179477,2.595004
0.472867,0.248034
0.422721,1.85614
1.791624,2.506538
-1.967658,1.515149
0.185015,2.521956
-0.915197,1.943558
0.185315,4.466412
0.78407,4.06839
0.063618,2.378404
-0.369731,2.494862
-0.421823,2.07753
0.911455,1.4186
-0.94259,1.838477
0.525707,1.588048
1.154998,1.100661
0.8896,1.581012
-0.109572,3.070265
-0.113165,1.773811
0.113314,2.81804
0.310903,2.158362
-0.390388,2.091301
0.12484,2.251767
-0.010179,0.986748
-1.16877,0.853525
-1.113235,4.286337
0.639171,1.823508
-0.211211,3.459456
0.788111,2.781516
-0.494272,3.017425
-0.831221,1.596281
-0.273332,0.003143
0.577349,3.281027
0.789608,1.129252
1.599574,2.296075
0.580343,0.612826
-0.621657,3.028802
-0.31749,2.840793
-1.061293,1.242566
-1.062341,2.753674
0.724044,2.492317
-0.231568,2.2603
0.063019,1.003663
-0.397274,1.93802
0.425266,3.192262
-1.564996,1.679957
0.306263,2.648742
0.190105,3.281326
0.75982,1.88967
-0.436343,3.866011
-0.430355,1.87081
0.966989,2.839445
0.035177,3.827391
0.946182,2.462978
0.696502,2.582879
-0.473765,2.289788
0.962648,1.670676
-0.39413,1.131647
0.339344,3.420986
-0.920436,0.901575
0.784668,1.451082
0.192051,1.743874
0.492476,1.465153
0.383652,2.985991
0.733774,3.46709
-0.352966,2.443219
-0.611927,2.180366
0.555195,1.539249
-1.045426,1.075963
-0.803379,0.525407
0.272284,2.507585
-0.031135,2.026935
1.419049,1.872007
-0.339793,1.629212
-0.280666,2.419269
0.72629,2.357597
1.58685,1.480571
0.371677,1.446143
-0.103734,2.063309
-0.477208,4.171076
-0.49517,1.098865
0.013771,2.234853
-0.625549,3.308121
0.62974,1.063239
-1.166524,3.490442
-0.490979,2.334246
0.242795,2.453398
-0.796494,3.471581
0.094454,1.002316
-0.70219,1.547781
-0.524809,1.837579
-0.08158,2.082919
-0.214803,3.563789
0.075593,2.355202
0.465382,0.012125
-1.498085,4.3522
0.448018,1.639241
-0.339943,0.810265
-0.130079,2.467619
-0.144749,2.77957
-0.75997,2.725981
0.364342,1.392854
-1.809737,-0.579146
-1.035247,3.414699
-1.161285,2.982398
1.396596,1.69747
1.756597,0.578248
-0.126786,2.24114
0.960403,2.018103
-0.779429,1.717678
0.640069,2.069596
0.169448,2.204915
0.292492,4.293222
0.464185,2.25072
0.006586,2.261497
1.282982,0.905617
-1.314117,1.58685
-0.397124,3.456762
-1.142424,-0.121547
-0.316292,1.700464
-0.449515,1.951043
-0.250429,2.244732
-1.086441,0.418081
0.654589,1.412912
0.992436,3.039729
0.227078,3.974834
-0.701741,3.783981
0.936902,1.076561
0.734223,0.739911
0.977318,1.737287
0.866997,1.366808
-0.675096,1.193019
-0.127235,3.056195
-0.561183,2.728676
0.718506,0.193398
-0.329914,1.184337
0.159718,1.305286
1.154399,-0.272733
0.255668,3.30378
-0.434397,2.91878
-0.620909,1.318907
-0.282163,1.665736
0.388592,1.182391
-0.331111,3.146008
-0.246687,4.268524
0.28351,3.128195
0.054337,1.527723
0.804876,1.631008
0.200433,1.636247
-0.040715,2.127376
0.049547,2.274819
0.536185,1.010399
-0.428858,1.805246
-0.287702,1.51021
-0.229622,2.788252
-0.109722,3.116369
0.911155,1.406026
-0.121547,2.191443
0.340093,1.468446
0.811762,1.977388
0.339195,1.721271
-0.319286,2.163601
-0.352218,4.665947
0.895139,-0.330962
0.797092,3.294948
1.277593,2.429747
-0.04341,1.734144
-0.519869,2.317032
-0.844394,3.251389
0.839604,0.290246
-0.268991,1.475332
0.620011,-0.521665
0.046254,2.493664
-0.288001,3.1496
-0.048948,1.296604
0.738564,0.07679
0.623154,1.468297
1.020428,1.46186
-0.270338,3.401077
1.623973,3.050057
0.569266,1.395398
-0.888552,0.979862
-0.37497,1.311722
0.003742,2.372716
-0.966839,2.020349
0.90891,0.767753
-0.561033,0.843346
0.094603,2.045047
-0.755479,2.367327
0.081431,3.587739
-0.084424,2.558629
-0.42317,3.498674
-1.438658,2.358046
-0.288899,2.036665
1.05815,0.329615
0.364043,2.237846
-0.261207,1.982178
-0.582738,4.460874
-0.766107,2.53917
-0.382006,1.866768
1.953737,0.371378
0.048649,1.788481
0.21181,3.097359
0.807421,1.356329
-0.310454,2.256408
0.583187,2.67838
0.254022,3.830684
0.296833,2.680476
-1.00516,1.665586
0.814157,0.506696
0.667312,0.613724
-0.397573,2.206412
-0.635129,1.148562
-0.530197,1.782344
-0.210762,2.628983
0.449815,2.9095
-0.485141,1.406475
-0.311053,2.978356
-1.257685,2.997068
-0.117057,0.8655
-1.259481,2.011068
-0.950074,1.747616
0.313748,1.993554
-0.666564,1.709595
0.362396,2.859055
1.251398,2.211501
-0.24519,2.949317
0.488135,2.084266
-0.402663,1.702709
0.661175,2.408641
-0.210313,2.235302
0.008532,1.67816
0.582439,2.315235
-0.462987,3.002905
-0.315394,1.696871
1.299148,3.782035
-0.238604,3.661985
-0.436941,2.764152
0.220491,1.451232
-0.686323,2.408641
-1.195264,0.908461
-0.912203,3.090473
-0.485141,3.078349
-0.578697,4.138294
-0.617915,3.373984
-0.333956,2.103576
-0.709375,1.028511
0.916843,1.270109
-0.39907,2.154619
0.025746,3.458558
1.208587,1.788181
-0.190554,0.37018
0.708028,2.794389
0.657133,0.108973
-0.081281,1.900149
-0.136217,2.86115
1.031954,2.170337
0.039368,1.68789
0.851729,0.573607
0.037272,1.921704
-0.685275,2.427352
-0.24025,2.256408
-0.051343,2.520758
0.686023,2.882256
-1.580114,1.912872
-1.095572,3.531157
-0.056283,2.961591
0.881667,2.319427
0.036225,2.032773
-0.529599,2.302213
0.385748,2.088906
-0.508343,1.309627
-1.084794,2.350412
0.299078,1.095572
0.08173,1.750759
-0.361947,3.738176
0.543819,3.170108
0.13487,4.235891
0.816702,2.143093
0.073497,2.899171
-1.070574,-0.082179
0.089514,3.703
0.130229,2.051484
-1.904939,0.70204
-0.23097,2.251767
1.075364,2.959346
0.129331,1.868415
0.03383,3.503165
0.195044,2.193688
0.421823,2.060465
0.183967,2.443219
-0.060175,4.411776
0.118703,0.7453
-0.491428,1.245859
-0.308658,3.128644
1.481469,1.12985
-0.563428,1.30319
0.575254,1.016087
-1.198857,2.242786
0.576601,2.214495
-0.340392,3.802393
0.842298,0.789159
-0.592468,4.426295
-0.712668,0.545765
0.457449,3.248245
0.776585,0.577499
-0.386047,2.37092
0.44727,1.658252
-1.489253,1.944456
0.080982,1.597029
0.105081,4.812043
-0.140408,3.172054
0.965043,2.512974
-0.891247,1.24556
-0.26465,2.976261
-0.580942,2.953209
0.188458,2.517465
-0.02904,3.836971
-0.449066,3.156935
0.84619,1.355731
0.647853,1.327589
-0.870141,1.543889
0.042362,3.021317
-0.258662,2.706821
-0.285756,4.2558
-1.227148,2.195335
0.246687,1.537603
0.349074,1.881288
0.317639,1.99565
-0.640967,0.544568
-0.595462,2.74604
0.396376,2.191443
1.428629,3.01009
1.0339,2.227368
-0.263602,1.936972
-0.518671,2.831961
-0.405507,3.050806
1.284479,1.38956
-0.708477,0.661474
0.729134,2.663262
1.149909,2.252216
-0.218845,1.583707
1.499432,2.383643
-0.474513,2.830763
1.819466,1.660347
-0.758622,1.028511
0.705034,1.998943
-0.243394,2.502945
0.135169,1.884282
-0.423619,3.603157
0.547412,3.504363
0.025297,4.093537
-0.21181,4.783153
1.88039,1.343606
-0.191901,0.495919
-0.08188,1.526825
-0.505648,3.820505
-0.732876,2.144441
-0.517624,2.143093
1.284629,2.137405
1.293011,2.621349
-0.51463,1.780996
-0.185464,1.803001
0.690664,0.844993
-0.773292,3.320096
-0.845741,0.526006
-0.029339,2.16869
0.418679,2.302662
1.97634,1.907633
-0.827629,0.482896
0.533042,2.292333
0.064516,4.060157
-0.188159,2.711312
-0.191152,3.191214
-0.454305,1.920207
0.034129,1.914968
-0.563428,1.272803
-0.367336,2.619852
0.619562,0.598905
-0.276176,3.107089
-0.644859,0.83197
-0.273032,3.41425
0.083676,0.923579
-0.525856,1.85629
0.083377,3.146008
0.431553,1.384471
0.601898,1.52458
-0.24025,1.769021
-0.325274,2.111659
-0.522713,0.922831
-0.73557,1.134191
0.392035,3.00545
0.068857,0.057031
-0.42302,3.320395
-0.416883,1.27909
-0.606988,2.818938
0.996628,2.523003
0.832569,1.748065
-0.070354,4.618346
-0.251926,3.306923
0.246687,2.894381
0.096699,1.240321
1.282832,0.878673
1.054258,0.545316
-1.325045,3.927233
-0.56283,2.224374
-0.023501,3.975732
-0.178279,2.023342
0.932411,1.553619
-0.143851,1.739233
0.944686,0.439187
-0.882415,2.233056
1.253194,1.182691
-0.175136,0.655188
-0.748144,1.931583
-0.648452,1.177002
0.60594,2.650987
-0.395328,2.81325
0.48095,3.197501
-0.155676,1.701362
0.094154,3.30842
-0.694256,2.66895
0.023202,0.921484
-0.778232,0.289049
-0.363594,2.606829
0.82733,1.086441
-0.072599,1.42324
-0.189057,2.460434
1.261577,1.562601
-0.864901,2.224524
-1.394799,1.638642
1.861529,0.054187
0.671354,2.008673
0.677042,1.333427
1.22625,1.7795
0.836161,0.783171
-0.676743,2.476899
-0.930914,1.369951
-0.727936,-1.067281
0.143701,1.41366
1.164129,1.590892
-1.612746,1.699865
1.253493,0.946033
0.945434,0.744851
-0.518222,3.415448
0.328267,1.37549
-0.048499,2.843487
-0.716261,3.364553
-0.773292,0.559836
-0.859662,3.459606
0.436492,0.789608
0.609383,3.127896
0.18771,2.512226
0.844244,2.824926
1.462159,1.630709
0.449815,1.91871
-0.697549,3.641627
0.947979,1.967658
-0.421224,3.063978
1.245859,1.476679
-0.548759,1.735192
1.44764,1.000968
-0.017963,3.158432
-0.807571,4.146078
-0.364791,3.445834
1.28897,1.953438
-0.168849,2.855013
-0.891546,3.85179
-0.449815,2.039209
-0.941392,4.661007
0.249531,1.051114
-0.248932,4.626579
0.327818,2.990481
-0.411794,2.403552
-0.731978,3.579806
0.480201,0.61537
-0.235909,2.230811
-0.322729,1.885779
-0.2404,3.493435
1.004411,0.371677
-0.797392,1.305735
-1.07252,2.159559
-0.045505,3.921246
0.545017,1.501378
-0.683778,1.137934
0.337548,1.346151
-0.372725,3.312312
-0.385299,3.759582
0.216899,3.320994
0.600701,0.174238
0.542472,3.627706
-0.427511,3.457061
0.350571,2.06301
0.210013,3.646417
0.812959,1.821861
0.732876,1.801953
-0.065564,1.906735
0.566123,1.414558
0.187859,2.387236
0.853824,3.104245
-1.289718,0.821791
0.821641,2.319277
-0.154329,1.712589
0.14894,1.498683
-0.033081,1.970353
-1.137335,3.862268
-0.049098,3.460803
-0.125439,2.640359
-0.136815,3.540288
-0.349373,2.127675
-0.149988,1.789978
-0.215851,3.825744
0.269739,0.465532
-0.337099,2.221081
1.556912,2.671046
0.736319,4.295018
-0.236059,2.215692
-0.66836,3.925587
0.511935,0.048799
0.052092,1.735192
-1.542393,2.156565
-0.055385,2.44292
0.873583,3.674409
1.425336,1.069077
0.297731,2.157464
-0.281115,2.089355
0.856219,1.820514
-0.993783,1.162333
0.169298,1.952091
0.570763,1.576522
1.584904,2.046395
0.698747,3.408412
-0.092657,2.066902
0.144899,2.252366
-0.568218,0.405656
0.110171,2.76505
-1.073717,1.172063
0.287552,4.477339
-0.326172,2.109563
-1.149759,1.829046
1.004561,1.710194
1.627565,1.304088
0.621807,1.866469
-1.137934,1.869163
-0.306113,-0.008383
-0.396376,3.234025
0.566871,1.849254
-0.153132,1.885479
-0.724194,3.974535
1.06264,2.550696
-0.157622,1.768273
-0.48559,4.148473
2.034419,0.147294
-0.018262,1.767225
-0.400717,3.680397
-0.273631,2.752027
0.953667,1.276695
0.087718,2.937192
-2.368974,1.07237
0.582589,3.264262
1.130749,2.373614
-1.643283,2.891387
-0.645009,3.027454
-0.128433,2.411934
0.530048,2.887944
0.407902,1.189876
-0.740211,1.386866
-0.222737,2.706522
-0.784968,2.449357
-0.911455,1.614243
1.244662,2.362687
-1.076262,1.478026
1.225951,2.38978
0.056582,3.27504
0.018711,1.585204
0.828377,0.66821
0.671204,2.4043
0.55774,1.463656
0.532892,1.736838
-0.696202,2.01032
-0.563279,0.63947
-0.619861,3.718567
-0.295935,2.596051
0.903671,1.524879
1.142724,1.687591
0.709824,-1.11563
-0.976569,4.184848
-0.161514,3.003654
0.450713,2.049239
-0.402064,2.648443
-1.052012,1.91871
-0.483794,1.032104
-0.411195,3.013084
0.753982,1.821263
-0.215701,3.15918
0.174836,1.811683
0.504301,1.917812
1.742227,1.475931
0.492626,1.525478
-0.12499,2.569108
0.028291,3.944897
-0.518971,3.638783
-0.245939,2.225572
0.575254,0.842448
-0.867895,2.821333
-0.038021,3.787125
0.148342,1.878144
0.382754,2.125131
0.92328,0.632884
-0.613873,2.116299
-0.115111,3.166366
0.179776,2.070045
-0.274828,1.818868
-1.175655,1.595682
-0.275278,2.562072
-1.21667,5.051695
-0.645009,2.244732
-1.654659,1.752556
0.448617,0.953218
0.391586,2.157464
0.924028,1.809437
0.662073,0.710572
1.4186,0.625998
-1.107697,-0.046404
-0.266296,2.208807
0.965792,1.802851
0.027094,1.343456
-0.775238,3.133434
-0.579744,3.490591
-0.579445,2.657274
0.382155,4.151317
0.069605,1.82231
-0.220192,3.561544
-0.146845,3.64522
0.397873,0.729433
-0.156425,3.54912
-0.848136,3.189418
0.07215,0.758024
-0.948428,2.2121
0.580193,2.658771
-0.487087,3.083887
0.387694,0.483195
-0.297132,2.402504
-0.326022,1.61559
-0.554896,4.237239
0.29324,3.484304
0.064666,3.262017
0.785117,1.427581
-0.021106,4.737947
-0.443528,0.964594
1.112636,0.494871
-0.486039,1.745071
-0.110171,0.62016
-0.95696,1.642534
-1.343157,2.862946
0.534389,1.506318
-0.368833,3.362158
0.426912,1.635798
0.20193,2.082769
-0.558938,2.271377
-0.605491,2.54875
-0.71177,1.782793
-0.949026,1.250649
0.89903,2.18815
1.409918,0.236658
1.027463,1.787283
0.01946,2.131118
-0.82254,1.234184
-0.977318,2.557282
-0.736618,2.661016
-0.202379,3.855981
-0.161963,1.921853
-0.44233,2.214645
-0.456401,2.839445
0.337249,3.958818
0.135618,3.310216
-0.824935,2.291884
0.323477,2.238595
1.33223,1.46171
-0.164807,4.066294
0.289498,3.713627
-0.433049,1.35588
0.393532,0.254171
-0.093555,3.039729
0.405656,0.711021
0.766257,0.59127
-0.320334,2.426454
0.682581,0.795446
0.081431,2.309697
-0.34608,0.6733
-1.181792,0.01422
-0.255369,3.473976
0.810115,0.970282
1.039588,1.126857
-0.262704,3.04871
0.397723,2.547852
-1.413062,3.474874
0.032632,4.300557
-1.641187,3.252886
0.207618,2.456242
0.197888,0.762664
0.424218,0.292791
-0.770148,0.619113
-0.61073,2.990182
-0.998274,2.435286
-0.444725,1.249152
1.633403,0.047751
-0.45221,2.548151
1.228196,2.280957
0.150886,0.900976
-0.202828,3.785927
-1.383872,0.278122
0.294737,1.910327
0.263901,4.04429
0.613275,1.99071
0.305664,3.371589
0.665217,1.75031
0.13487,2.066153
-0.253722,3.507057
-0.248932,2.594255
0.632734,2.727179
0.421523,3.595673
-0.097747,2.312092
-0.314945,4.524791
1.265169,1.690734
0.886008,0.132624
-0.049547,3.52966
0.142055,1.951043
-0.738714,1.950594
0.171094,2.268533
1.611998,1.941762
-0.086221,2.66431
0.561782,1.15425
1.118773,2.367626
-0.340692,0.011376
-0.888552,1.056204
-0.713117,1.222508
-0.708327,2.852019
0.167502,2.286645
0.389041,3.581003
-0.569117,2.148482
0.24519,2.143093
-0.699495,1.081202
-0.792602,0.675545
-1.414558,6.165379
-0.268991,2.040856
-0.916694,1.854044
0.981808,1.262624
0.265697,3.5584
0.098795,1.37519
0.802032,1.571283
-1.131647,0.162562
0.546663,4.071384
-0.140558,2.076033
-0.650697,3.756738
1.155747,2.101181
0.226778,0.709824
0.289648,3.230432
-1.470542,2.264042
-0.216151,3.245251
-0.389789,2.980302
0.793051,0.436792
-0.573907,1.963916
-0.564476,1.911974
0.713416,2.013762
0.910706,0.955912
0.68782,3.119812
-0.381407,3.440595
-0.236957,1.580414
1.659749,1.859284
1.875001,-0.811612
-1.26951,4.266578
0.037272,1.816024
-1.312321,0.986
-0.728086,4.794081
0.190105,1.65421
-0.19714,2.931504
0.409249,0.258213
0.963846,0.758173
0.086819,-0.333956
-0.618514,3.502566
0.528251,1.842069
0.720751,1.805845
0.537532,0.947979
1.272354,1.417103
0.292641,2.835254
0.667911,3.787125
-0.478405,2.910098
-0.559237,2.197879
-0.263153,3.720363
-1.655857,1.098715
0.173639,1.138682
-0.041763,3.428171
-0.812959,1.325045
0.313448,1.970353
-0.879571,0.995131
0.750988,2.787054
-1.710044,2.931055
0.189356,2.992278
-0.517923,2.802622
0.515229,1.728605
-0.430505,2.902015
0.529299,3.885171
-0.097896,1.882186
0.736319,2.493215
0.727787,0.73557
0.110919,2.446363
0.313598,3.365452
-0.133971,1.064436
0.839005,1.237926
-0.12499,2.766397
-0.742306,2.5486
-0.700394,2.48603
0.260458,3.927982
0.057031,3.127596
-0.788111,3.6066
0.883463,0.680036
-0.981808,1.982477
-0.667761,1.128054
-0.10089,0.624352
1.680106,1.24541
-1.201402,1.255739
-0.190554,3.484604
-1.256038,0.757575
-0.193997,2.913541
-0.050445,2.992278
0.004491,2.823279
0.219593,3.00545
-0.90397,2.58707
0.677641,1.609303
0.83661,2.069596
0.551603,0.248034
1.302292,1.648223
0.752036,1.576222
0.383652,1.044378
0.157922,2.85636
-0.079634,3.088827
-0.714015,2.069596
0.662223,1.133593
0.299527,3.824247
0.03368,4.261189
0.122146,1.921704
-0.598156,1.827849
1.32729,1.819017
-0.392035,1.820514
-0.607587,2.09654
-0.673599,0.902623
-0.315394,2.324965
1.535208,2.892435
0.827779,1.794169
-0.498014,4.974156
-0.562979,1.227148
0.262853,3.442392
-0.249082,1.742526
1.188528,2.558031
0.163161,4.240232
-0.211959,3.949387
0.463885,1.47144
-0.884211,2.117197
0.518821,0.775537
-0.340841,2.672842
0.220192,1.426983
-0.000599,2.863545
-0.278421,3.01054
-0.766855,3.663631
-0.414937,3.444936
0.50011,3.61139
0.065713,4.926256
-0.788261,0.744252
-0.116158,2.69754
1.301244,1.912124
0.742755,1.636846
0.45191,1.73115
0.553549,2.197281
-0.834215,1.941762
-0.696502,1.708397
0.944236,0.387843
-0.261955,3.911516
0.769699,1.872456
1.459615,1.378034
-0.644859,3.921246
-0.017214,2.040557
-0.220491,4.323459
0.609532,0.943039
-0.337997,2.351011
0.478255,4.076922
0.683778,1.092578
0.389939,3.793112
0.418979,3.406915
-0.238005,-0.060175
-0.602946,2.031575
0.606688,1.892664
0.329465,2.648293
0.058528,2.287992
0.518522,2.126478
0.093256,0.624651
1.784888,1.488056
-1.266965,2.765499
-0.790506,2.746938
-0.170945,2.076931
0.492476,1.455124
1.70705,-2.336491
-0.066162,2.509531
-0.363744,1.988914
0.829126,1.987567
-1.23598,1.148711
-0.5531,2.118395
0.992137,0.468825
0.236658,3.146158
0.276026,1.603915
0.613424,1.938619
0.170795,1.502725
0.820743,2.748884
1.693728,1.745969
0.398471,0.798889
1.121917,1.990112
0.454156,1.825155
-0.686622,-0.125888
-0.774489,2.204615
0.997526,1.805994
-0.500709,3.44793
-0.239652,1.910477
0.380209,3.579357
-0.132025,0.750689
0.449515,2.330953
0.352816,2.719395
-0.623603,0.935105
1.361718,1.294957
-0.46628,1.409619
0.486937,-0.235161
-0.243843,3.498824
1.18763,1.989213
-0.421224,3.269651
0.277224,2.97177
-1.131497,1.827699
1.415457,1.855541
0.653541,0.10598
0.35566,2.658621
0.317939,2.803221
-1.159639,2.16869
-0.011376,1.593436
0.365091,-0.059277
-0.59157,2.453398
2.183659,1.646426
-0.305515,2.759212
0.72629,2.960993
-1.073717,2.978656
-0.789458,2.126628
0.621657,1.688788
-0.462688,0.964444
0.908012,2.377207
-0.71671,-0.047152
-1.008453,3.966901
-0.459544,3.013234
-0.265398,4.02513
0.077838,2.328857
-0.564027,0.897234
0.266446,0.640518
-0.248932,1.057401
0.434097,2.079027
-0.64935,2.838847
0.815055,2.161206
-0.252525,1.893862
0.583487,1.467848
-1.144071,1.812581
-1.266965,2.39502
-0.187261,2.351161
-0.49532,2.630929
-0.556992,1.738485
-0.176932,3.13538
0.645458,1.183888
-0.522264,2.747237
-0.947679,2.759811
0.787363,3.654949
-0.236059,2.633773
0.821641,2.432292
-0.203726,1.608106
0.879421,2.556234
-1.192271,0.71656
-0.356109,3.715274
0.294587,1.546284
-0.515378,1.966012
1.277444,0.229772
-0.076341,3.13553
0.410297,0.787961
-0.44263,2.921026
0.246088,0.934507
0.948877,1.056653
2.266587,1.900598
0.998274,0.294887
1.13494,0.756227
-0.701591,3.705544
1.084944,0.759072
-0.977767,4.355343
0.549208,1.344205
-0.105081,3.434608
-0.126637,2.864593
0.046703,3.142715
0.27423,2.465822
-0.607587,2.005829
0.00958,2.06301
-0.852926,0.446821
0.670306,3.087629
-0.083077,-0.031435
-0.383353,2.420018
-1.719624,0.289947
0.326471,3.001259
-0.582738,1.831591
-0.70698,1.95224
-0.288001,2.692301
0.562081,1.696422
-0.353265,3.535199
0.091909,2.839146
-1.419199,4.043092
-0.917592,4.857549
0.232167,2.637665
0.158371,2.340982
-0.446372,1.107846
-0.158221,2.887346
-1.051114,3.19795
0.713716,2.650388
-0.267194,1.495839
0.114961,1.17356
-0.495769,2.011816
-0.945135,3.213218
0.576002,3.766019
-0.504601,3.12086
1.130749,2.10133
-0.029938,2.945126
2.693499,2.259402
-0.654738,1.412313
-0.102537,4.155509
0.509241,2.574496
-0.252824,2.291285
-0.593815,1.523532
-0.186961,2.823279
0.323178,2.492766
-0.460443,3.907774
1.374592,2.696044
0.204774,2.729574
0.616268,3.773653
-0.020358,3.077301
-0.808918,3.607498
0.103884,-1.083447
-0.279169,2.896028
0.253722,2.860402
-0.156275,4.301305
-1.286575,1.618434
1.347049,2.5004
-0.782423,1.991309
0.09595,1.739383
1.077908,0.737367
0.147593,1.234932
1.713187,2.06765
-0.119152,2.900967
-1.160237,2.507286
-0.192649,2.382595
-0.582139,3.402874
-0.156724,0.977318
0.065863,3.120261
0.594863,1.087938
-1.94296,1.420396
0.567919,3.460803
-0.510139,2.688409
0.967289,2.013313
-0.161215,1.220113
1.090632,2.074386
-0.417033,4.067043
0.36524,1.084644
-1.038391,1.675017
-1.416205,1.988016
1.071172,1.702859
0.069605,1.708397
0.109722,2.439926
-0.883912,-0.540526
0.566721,2.208507
1.576522,1.888024
-0.302222,0.671504
-0.459245,3.541336
-0.352218,3.649112
-0.063917,1.48611
0.37991,1.767824
0.35581,2.338288
0.808469,1.56275
-0.643961,3.037783
-1.347797,0.362396
1.054108,1.364862
-0.915646,3.518882
-0.132924,2.686613
0.717009,1.785038
-0.973575,2.786905
-1.510359,1.659898
-0.324375,3.26501
-0.260309,2.840793
1.282982,2.37571
-0.403561,0.95711
-0.775837,0.958607
-0.574505,3.056494
-1.082699,2.65428
-0.53364,1.681304
-0.771346,1.444047
-0.604892,2.204466
1.318758,1.908681
-0.714614,2.455045
-0.677341,1.421294
0.232167,3.379223
0.214953,1.682052
-1.503623,3.69776
-0.618065,0.813109
-0.582439,2.004332
-0.659828,1.15874
0.125739,4.450545
0.765059,2.96698
0.612227,2.328109
-0.055834,0.679287
0.941991,0.958008
-0.431852,4.057612
0.203427,4.358936
-0.026196,2.267784
0.14924,1.946103
0.867895,1.821861
0.344284,0.965343
0.279169,2.947521
-0.077539,2.682122
1.506168,1.890119
0.719105,0.690514
1.017734,1.172811
-0.131876,1.474883
0.431403,1.703757
-0.559536,0.643212
-0.581241,4.045487
0.604293,1.011447
-0.000299,2.330803
-0.117356,4.518055
-1.093326,1.538351
-0.40416,4.038602
-0.628992,1.109044
-1.747915,2.19294
-1.45243,3.434159
0.151635,1.519939
-0.167801,3.081941
1.934427,1.579066
-0.191751,1.993554
0.270188,2.286495
-0.124242,2.356849
0.436642,1.033002
0.351768,1.972149
0.112865,1.132844
-0.707878,3.343298
0.10089,3.848497
1.097218,0.597557
-1.29361,4.555926
-0.661025,0.876278
-0.128882,1.938768
0.834964,1.116678
-0.161065,3.937861
0.411045,2.045646
-0.566422,3.633245
-0.204026,3.625461
0.160915,2.540816
-1.065185,2.371818
0.406854,3.458857
-0.872835,3.300038
-0.513582,2.574796
-0.773591,1.455423
-0.405507,1.390758
0.809517,1.675316
-0.648601,2.520309
1.956282,-0.422721
0.33201,3.978277
-0.651894,1.897903
-0.54831,2.374512
0.050894,3.711382
0.191302,1.099015
-0.83212,3.528463
0.202229,-0.578846
-0.36075,4.512965
1.104403,2.207909
0.757724,1.364113
0.655637,2.253115
-0.72614,2.702031
0.44218,0.299976
-0.490231,1.376987
-0.26944,3.09197
-0.921184,2.074835
1.433719,1.907783
0.453557,1.448388
-0.407902,3.454666
1.444197,1.784589
-0.878074,1.043031
-0.520617,3.213817
0.736019,0.792751
0.615071,2.022594
-0.174986,3.658243
1.59179,1.276246
0.63019,2.73122
-1.470841,1.575923
0.023801,-1.157842
0.011227,3.569777
-0.797092,0.731229
2.131268,0.454006
0.881816,0.748743
0.44712,2.35131
-0.638123,0.263302
-0.798589,2.203268
-0.537832,1.924548
0.549807,1.72172
1.614393,3.172054
2.485432,-0.277523
-0.693208,0.870889
1.557661,1.008453
-0.482896,0.993334
0.922681,2.329606
0.318538,1.727707
0.058828,0.958457
-0.113763,2.826572
1.164279,1.131647
0.256267,2.250271
-0.687969,2.536924
0.446971,2.637515
1.218017,1.028362
0.884361,1.848057
-0.437091,1.012045
-0.361049,1.945504
0.161514,3.546425
1.295107,0.526306
-0.689466,2.067201
1.890868,1.508563
1.221909,1.616189
0.377814,4.157455
-0.977916,2.593806
-0.251178,1.8997
-0.069156,0.876427
0.516725,1.707799
-0.007634,2.656825
-1.046624,0.453707
0.280068,2.831212
-0.222737,1.867367
-0.106728,1.832639
-0.725242,5.367239
-0.523911,2.852169
-0.737067,2.814447
1.996848,-0.060325
1.364413,1.201402
0.077239,2.072141
-0.665217,3.343597
0.576302,1.306783
-0.395328,3.122357
0.346679,2.360292
1.344504,-0.202679
-0.435295,2.288441
0.738115,0.709075
0.776286,1.634601
-0.463736,1.344354
-0.178429,2.55354
-1.157094,2.185904
0.021256,3.701203
-0.696202,2.85157
-0.170645,1.69283
0.491278,0.869242
-2.557432,0.935704
-0.766107,2.092199
1.800306,1.456172
-0.941991,1.275348
0.991538,2.57285
0.51463,2.282603
-0.782124,1.40887
1.588197,2.810406
0.16346,1.132245
1.413062,2.081122
1.156495,2.128274
0.905916,2.073488
-0.078736,3.817661
-0.66851,1.621279
-0.686772,0.949476
-0.394729,2.6929
1.00007,2.948868
-0.268542,2.275867
-0.223336,0.493673
0.230521,1.376837
-0.352068,0.978665
0.564027,1.54374
0.38485,3.086132
-0.266895,3.032544
-0.962349,3.868256
0.163161,2.10148
1.621428,2.26
-0.216749,3.942052
0.494422,4.047583
-0.07709,3.760779
-0.676892,1.349144
0.081281,2.445016
0.053439,2.12064
-0.831221,3.690276
-0.429008,3.090922
0.998124,0.685425
-0.17813,1.443897
-0.699495,1.546734
1.291814,1.843267
0.617616,1.602867
-0.725541,2.80352
-0.514929,0.944386
1.629062,2.425257
1.170566,2.744243
0.157323,3.352129
-0.059875,3.73638
0.45685,1.292562
-1.135389,2.848726
-0.111219,3.032993
1.663341,2.286196
-0.013921,3.050057
1.050216,2.836601
0.339344,3.533702
-0.439187,1.060545
-0.574954,1.438509
-0.460592,2.774181
-2.545756,1.553919
0.741558,1.469494
-0.213905,3.04407
-0.575553,2.760709
-0.013771,2.668052
-0.547112,2.713407
0.034279,3.460055
-0.191452,1.92335
-0.029938,1.666335
-0.476908,1.269211
-0.225431,2.280208
0.12978,1.897454
-0.174537,2.978506
0.571062,1.732647
-0.243094,1.642684
-0.573158,3.415148
-0.330812,3.67396
-0.075593,0.622705
-1.889521,0.57705
-0.034428,2.786306
0.82718,2.432741
1.00022,2.099235
-1.054258,3.992498
-0.449665,2.451302
-1.592538,2.349963
-0.50969,3.26531
0.012274,3.223098
-0.214654,4.19817
1.069975,3.512895
-0.850531,3.920198
0.540975,1.414858
-0.767155,2.054328
-0.495619,3.118016
-0.599803,2.642455
-0.484093,2.597249
0.603096,2.847079
-0.01946,1.367406
-0.330064,-0.927022
-0.674048,2.33709
0.849933,0.895438
-1.387016,1.133293
-0.670605,2.570155
0.120948,4.288133
1.013991,2.929109
-0.5528,2.571353
-0.568218,4.026178
1.828298,1.23104
1.089884,2.227518
-0.937351,1.157543
-0.051643,2.949916
-0.002545,3.254382
0.499362,1.919009
-0.171094,1.734892
0.758922,1.305735
1.239123,1.472638
-0.542322,0.825234
1.005908,2.333647
-0.154479,3.79416
0.018861,3.533103
0.594713,2.443668
-0.363744,3.436404
1.315764,2.123634
-0.790057,2.491718
-0.603395,2.352209
0.602048,2.022893
-1.203797,2.909949
-0.595013,2.765349
-0.388143,2.59665
0.628842,0.377066
-1.293011,3.905977
0.017065,1.486559
0.560285,1.70256
-0.067959,3.824996
1.632954,-0.357307
1.19242,2.035168
-0.905467,2.113006
-1.126707,3.857628
0.839454,5.081782
-0.911904,2.358346
-1.709296,1.51949
-0.178429,3.027155
1.067131,1.010549
-0.934656,1.800007
0.312849,0.755778
-0.910706,2.283801
0.051194,0.766556
-0.364043,2.044449
-0.733475,3.829936
-0.643063,2.838697
1.046324,1.646726
-1.04842,3.344794
-0.578098,1.754801
0.841999,0.028591
-0.551753,2.296524
0.281115,2.84199
0.542322,0.96654
-0.847238,0.757874
-0.449366,3.728147
0.565374,0.170196
0.987796,0.265847
-1.094524,0.639021
0.601749,3.315006
-0.891995,1.720073
0.348475,1.376987
-1.036145,0.88466
0.11077,3.011288
1.363515,3.170706
0.172142,3.085234
0.647853,2.680925
0.082628,0.318538
1.264121,2.354005
-0.431104,1.963467
-0.771496,2.426155
-0.473166,1.721271
-0.585732,1.787134
-1.182391,1.398991
-0.314795,3.545976
-0.561931,3.526367
-0.546663,1.9958
0.664319,0.436492
0.277822,2.633474
0.189955,1.094674
0.102088,1.952989
-0.141755,2.372566
0.319136,4.61176
-0.09625,3.619324
-0.733774,4.40983
-0.094903,2.463427
-0.436193,2.320025
0.41823,2.81819
0.9375,1.450783
1.646277,0.261955
-1.004262,1.259032
0.358205,0.852178
0.228575,2.093397
0.262404,1.722318
0.432301,1.735491
-0.494122,2.528692
0.031734,2.951113
-0.407153,3.426525
-0.139809,-0.252974
0.815804,1.575923
0.099094,3.541336
0.114063,2.037563
0.7935,0.024998
-0.184566,2.559378
0.809966,1.675316
-0.054337,3.566483
-0.088915,2.997217
-0.268991,3.288661
0.17783,1.916614
0.474962,1.231938
1.846859,1.959276
0.505648,3.163072
-0.148791,-3.176095
-0.116608,3.347489
0.015867,2.493215
0.420775,1.166824
-0.058977,3.401976
1.704206,1.397494
-0.699795,1.575324
0.911604,1.526825
0.791404,1.842369
1.384621,2.082469
0.853824,0.382904
0.132924,2.5486
-0.397723,1.152154
1.186882,1.284629
-1.107547,1.771416
0.772543,2.156266
-0.884511,3.922144
0.073347,2.965034
0.461041,2.343527
0.61088,1.401535
0.297731,3.085983
-0.1922,3.235372
-0.291444,2.808609
-0.106129,1.97619
-0.446971,3.320246
-0.367486,1.973047
0.454605,2.202819
-1.078807,4.112398
-0.107027,2.940485
0.13951,3.0535
0.434546,1.707948
-1.270258,1.056802
0.420176,2.699636
0.43784,3.578009
-0.564626,2.997367
-1.073418,1.374891
0.984203,0.370929
-0.371378,1.803001
-0.414638,2.703528
1.556164,2.020498
1.142873,0.38006
1.140628,1.501378
-0.060474,3.090174
0.713716,3.579207
-0.517175,3.318749
0.518971,0.534987
-0.006287,4.290228
0.240101,3.535199
0.498763,1.972299
1.210084,1.213526
0.155676,2.037563
1.023871,3.171904
0.826581,0.931064
-0.181572,2.641707
-0.343536,2.621349
-0.064666,1.255439
-0.033231,2.123035
0.425715,1.074466
0.217198,3.171605
-0.12963,3.243306
-1.153801,2.781965
-1.128054,2.623145
1.08689,1.27924
0.212408,0.578697
-0.256117,1.296304
1.583557,2.160308
-1.414558,4.629872
0.085622,2.323468
-0.582589,2.39502
-0.252675,4.04893
0.170196,1.934727
-0.381706,2.740351
-0.073797,3.844455
-0.304018,1.391207
-1.059197,1.905088
-1.129701,3.967649
-0.131277,2.059417
0.382455,1.69283
0.618963,1.393003
-1.148412,3.403922
0.203427,1.156196
-0.257315,3.037334
-0.110321,2.549049
0.27393,1.016985
1.580713,0.299078
0.331561,1.269959
-0.037871,3.675457
0.072599,2.138603
0.162412,1.772314
-0.337398,0.207169
-0.613574,1.48596
0.334854,3.392545
-0.482746,0.986149
-0.71147,3.484753
-0.736319,2.538272
0.985101,1.706002
0.02904,2.756817
0.405207,1.833537
-0.453707,3.20753
0.742157,3.466641
1.361868,1.682501
-0.53843,2.699636
-0.158071,2.693349
0.369432,3.696114
-0.93795,0.76476
-0.350421,2.310296
-0.332908,1.055006
1.252745,-0.034279
-0.098196,2.796634
0.409099,1.434467
0.402663,1.878294
-0.295635,3.950884
0.000449,3.42877
-0.405357,3.482658
-0.180824,3.223397
0.826731,2.412982
0.364043,2.151326
0.603994,2.841242
-1.13,0.048349
-0.392783,2.701432
-0.194296,2.057022
-1.251248,3.369643
-0.456251,2.241439
0.110321,0.795745
0.353265,3.841013
0.328716,1.617686
0.614323,1.902993
-0.539927,1.14946
0.318089,1.854044
0.25477,1.607507
-0.965941,3.022515
1.656006,2.402055
-0.332758,2.881059
0.896037,0.085772
-0.387394,5.133874
-0.6251,2.076482
0.536933,2.672393
0.001198,1.653761
0.48589,1.765129
-0.167951,2.363735
-0.143851,2.45714
1.146616,1.632805
-0.046703,2.054178
-0.399519,2.515968
0.540077,-0.097896
1.059796,3.268603
-0.678539,1.20724
0.852477,2.086062
-0.442929,3.40931
-0.067659,1.871558
0.967588,1.323997
0.583337,1.598825
0.369132,3.46245
-0.053888,4.319567
0.491877,1.540896
-0.377515,1.230741
-1.515598,3.685187
-0.245939,2.933001
-1.099314,3.316952
1.465453,1.512455
0.119601,2.832709
-0.498613,3.680546
-1.115331,1.694925
-0.121697,2.278412
0.128283,0.306413
0.238903,0.808169
-0.06751,1.341959
-1.137335,2.823429
0.121098,1.693878
1.257834,0.70683
-0.088316,3.619324
0.401914,3.36141
-0.504301,2.258204
-0.424817,2.343826
-0.488135,1.576971
-1.703009,1.34166
1.262774,0.286654
0.602347,1.892514
0.131876,3.463198
0.629441,2.701881
1.522484,2.350113
1.183888,2.163451
-0.7935,3.251089
0.032333,1.50018
1.138682,1.989513
0.061821,1.749861
-0.223186,3.400179
-0.431553,2.257306
0.56747,1.236728
-0.182021,1.850901
-0.483495,1.063688
-1.040187,2.152524
0.862057,1.127905
-0.45206,2.108964
-0.925076,2.997966
0.402513,0.708327
-1.287323,3.945495
0.511037,1.971999
-0.24998,3.034789
1.224603,1.917662
-0.191152,2.664759
0.85098,3.086731
1.934727,1.00995
-0.163011,2.116748
-0.438139,2.730921
-0.219144,3.10155
0.249381,3.042124
-0.060774,0.717608
-0.359702,2.758164
0.708477,2.436184
-0.62046,1.586551
0.082029,3.407664
-0.085173,2.882705
-0.345182,2.524201
1.847309,1.510958
0.142653,3.534749
0.457748,3.129392
0.221539,2.542164
0.292192,3.218457
0.789608,1.040935
0.188608,3.153492
0.438139,2.48633
0.016466,1.508114
-0.497416,3.503465
-0.33201,3.524122
-0.73093,1.632505
-1.085543,3.943998
-0.074994,4.258345
-0.606988,2.765349
1.278342,1.796265
-0.028441,3.257975
-0.042212,2.123933
-1.294658,1.640888
-0.351319,3.277734
-0.781974,2.113754
0.972378,1.929188
-1.143322,1.448388
0.138013,2.275867
-0.218546,2.549199
0.308209,1.892215
1.261577,1.608854
0.709674,0.588726
-0.498164,0.201331
0.17813,3.9434
0.199984,3.83727
-0.895139,1.624272
-1.231639,2.007176
0.823288,1.55347
-1.693129,0.763562
-0.299377,2.338138
0.293989,4.624932
0.612077,1.818868
0.383053,3.119064
1.637744,1.882635
-1.769321,4.562961
0.689167,2.271377
-0.310305,0.493224
-0.193548,3.55855
-0.002395,3.757786
0.387394,3.555856
-0.395927,1.379531
0.632285,2.461781
-0.771645,2.875071
-0.329914,1.556164
-0.011376,1.162333
1.053809,0.453707
0.486638,1.295706
0.866398,0.200433
0.473316,1.554817
0.293989,2.681524
1.705404,0.198038
-0.017065,1.694027
-0.052541,2.374362
-0.151186,3.137775
0.444276,1.879941
-1.085094,1.727408
-1.180894,0.719853
-0.414039,3.447631
-0.782573,2.763553
0.051343,3.32294
0.177381,1.859134
-0.438438,2.119443
-0.743055,3.638035
0.045655,4.216881
-0.710722,0.814007
-1.261427,2.786456
-1.57263,0.948278
-0.87987,3.014132
-0.376467,2.212998
0.788261,1.844764
-0.162861,0.670605
-0.671803,1.56275
0.13936,-0.41838
-0.651146,2.304608
0.029938,2.218686
-1.135239,1.219813
-1.337169,1.196312
-0.282163,2.102977
-0.408051,2.931654
-0.107477,1.835333
0.077389,2.658023
0.024699,2.337539
0.212857,2.138902
-0.453557,2.536924
-0.488883,2.062262
-0.824036,2.823578
0.297132,1.341061
0.914149,-0.633483
-0.482447,1.080004
0.18262,4.293073
0.459095,1.973646
0.160017,2.911895
-0.108973,2.634821
0.705184,1.654958
-0.478705,2.585424
0.012125,2.10133
-0.32722,2.350861
-0.662373,0.497565
0.721799,1.466351
0.0723,3.562891
-0.889151,2.351909
0.044008,1.893113
0.052541,1.860481
0.304617,3.734584
-0.789159,1.994303
0.883163,0.705184
0.156724,1.997297
-0.294887,2.759362
-1.475033,1.825304
-1.2984,2.177073
-0.67345,1.31756
-0.465233,4.01076
-0.867446,1.362467
0.34159,3.094665
-0.958906,4.200715
1.606609,2.829416
-0.781674,0.768652
-0.175884,3.133883
-1.033301,3.498525
0.104782,1.897754
-0.423769,2.042054
0.255968,0.704435
0.007335,1.773213
-1.277144,1.520538
0.795596,1.244512
-0.827479,2.439776
-0.351619,3.838767
-0.315244,1.137485
0.164957,1.001268
0.244442,2.580484
0.084424,3.614534
-0.006586,1.461561
0.621358,2.652933
0.851729,2.217638
0.65414,2.415527
-0.230371,2.254462
-0.67824,1.969005
0.576601,2.627935
-0.244891,3.775
0.341739,2.79858
-0.113165,3.578908
-0.24025,1.819766
1.769021,2.459835
1.499731,0.949326
-0.161814,4.327651
1.388064,1.715283
-1.429827,-0.496667
0.348625,1.223556
-0.419278,2.785557
0.364791,1.41875
0.026495,3.111879
-0.317789,3.916456
0.474663,1.600172
-0.128882,4.380042
-0.708477,0.721051
0.678689,1.431324
-1.104852,2.244582
-0.059277,3.140769
-0.267045,1.75031
0.51478,1.271157
0.188608,3.522176
-0.021256,1.879791
0.385748,0.628094
0.290845,1.184337
0.295785,2.297273
0.196392,2.910398
-0.663121,1.02926
-1.464854,1.906436
0.544418,0.233963
0.629591,2.812651
-1.421145,1.397943
-1.118474,3.054398
-0.724044,2.091451
-1.288221,3.271148
0.740959,2.414778
0.342637,2.996768
0.445324,0.989293
-0.741408,2.689607
-0.036075,3.859873
0.683329,2.560426
1.109792,1.45243
-0.249681,2.747836
-0.238604,3.095712
-0.785866,1.506168
-1.742526,2.546355
0.199086,4.489913
-0.683928,1.51455
-0.069007,2.681374
-0.252375,1.632505
-0.186063,1.202449
-0.629142,0.878373
0.232167,4.369863
-0.26929,3.312312
0.496967,2.981201
0.532143,1.623524
0.205972,2.559677
0.102986,1.927691
-0.642763,0.832269
-0.321681,2.008224
0.659978,1.594185
-0.664468,3.029251
0.133073,1.506617
0.135019,1.509162
-0.490979,0.582139
-0.260159,2.147285
-1.330433,2.844834
0.161215,3.5105
0.17813,2.640359
-0.360151,1.62562
-0.431702,3.328478
0.130978,2.703528
-0.299527,3.398982
0.725092,2.289938
-0.671204,2.235601
1.586251,-1.331631
-0.25986,4.526737
-0.576152,1.685495
0.714015,1.582509
-0.544118,1.516646
-1.231639,2.150728
1.380429,1.078657
-0.039069,3.548072
-0.941542,1.616039
-0.152383,2.376308
-0.610431,1.382675
-0.931513,3.367397
-0.580044,2.40445
0.561632,2.253564
0.077389,3.179239
0.181273,3.766318
-0.063468,2.946622
-0.970881,1.564097
1.367257,-1.39435
1.410667,1.337169
-0.732277,1.069227
-0.096849,4.849615
-0.001647,2.263144
-0.437241,3.966452
-0.680335,3.325634
0.663271,2.434537
-0.103136,3.178041
0.946182,1.491648
-0.08158,3.139122
0.026196,1.580713
-0.715063,1.849704
1.38971,1.544339
0.36045,0.141606
-0.251627,1.968107
-0.008233,3.533552
-0.272284,0.720152
0.019909,2.186054
-0.318089,0.58678
1.009201,-0.251327
-0.181572,1.739982
-0.689616,2.867886
-0.999322,3.931275
-0.319136,2.141297
-0.777633,2.76969
0.186662,3.199297
-0.757425,0.635728
0.5531,0.543969
-0.156724,2.232607
1.534309,0.456102
0.042661,1.600921
0.242795,2.537374
-0.204624,1.824706
0.011526,1.341211
-0.741708,1.883833
0.536784,2.442471
-0.126337,3.50541
-0.964594,2.518962
0.280966,2.200424
0.036823,1.355731
0.777783,3.469485
-1.122216,2.714006
-1.129102,2.651436
0.012125,3.033442
-0.287103,2.160757
0.72629,1.762285
-0.455952,2.411036
0.965642,1.088686
-0.883762,5.764064
0.131576,1.994752
0.606239,0.574206
0.989293,2.96219
-0.654738,0.856369
0.521665,1.695075
0.048349,1.431174
1.662443,1.939666
0.038919,2.584076
0.772993,2.02439
-0.633183,1.919758
0.577798,2.973716
-0.725691,2.204166
-1.249003,2.980751
0.267045,1.893413
-0.739462,3.513494
-0.281864,1.670077
-0.321382,3.501369
0.048799,3.599116
-0.129181,2.806813
-0.161963,2.798131
0.363744,0.779579
-0.44263,3.160378
-0.450713,4.177962
-0.029638,2.606679
-0.712967,1.785038
-0.117057,2.989134
0.173938,1.85644
0.484842,3.578309
-0.928369,3.187023
0.072599,3.771258
0.13951,3.08703
-0.070503,3.108735
0.181722,3.942502
0.291444,2.470463
0.301473,2.070195
-0.083975,2.419568
0.33186,0.726439
-0.382305,3.51514
0.133822,3.432512
0.333057,2.571053
0.314646,3.235073
0.044907,3.013982
-0.29818,-0.229622
-0.890798,2.617158
0.85577,-0.92313
0.416883,3.343148
-0.382155,3.469934
0.140109,2.647395
1.028062,1.398841
-0.520019,1.344504
-0.816851,1.498534
-0.318987,4.270619
-0.651445,3.294798
0.085173,1.166524
0.045056,2.853666
1.387764,2.600093
0.508193,2.634971
-0.614921,0.914897
2.213896,1.148562
-0.830772,1.801204
-0.227677,1.19272
-0.011825,5.10693
0.094603,2.804568
0.675695,1.884282
-0.786165,2.007625
-0.922083,1.376837
-0.361199,1.933679
0.025746,0.733325
1.275198,1.594484
-1.519191,4.598887
-0.73078,3.768713
-1.278641,2.939886
-0.032932,3.592829
-0.960852,3.088677
-0.414338,0.742905
-0.529449,2.599045
-0.167502,3.1499
0.25492,4.355493
0.470023,2.209106
0.962199,0.585732
-0.630639,1.846261
0.412243,3.449577
-0.75997,1.15904
0.446072,3.256179
-1.070274,0.114811
-0.380359,3.840114
-0.078886,2.800826
0.463586,2.878664
0.689616,2.573448
0.879721,2.337988
-1.167422,2.360441
0.923579,4.382137
-0.098495,2.041006
-0.406704,2.263144
-0.462688,2.809358
0.214953,2.857558
1.18299,1.31756
-0.077838,2.360142
-0.588127,2.444866
0.154778,2.985991
-0.77913,4.456533
-0.311502,2.315086
-0.804277,0.837059
0.21136,2.744692
-0.639919,1.467099
0.777334,1.133293
0.930764,2.101031
-0.598905,3.503015
-0.622256,1.848506
-0.439187,3.444936
-0.048948,2.261647
-0.753683,3.30857
-0.21136,0.46164
0.3847,2.132466
0.516127,1.366658
0.992436,1.988615
0.202828,3.422483
-0.451162,0.887205
-0.864303,3.605852
-0.623753,2.09175
-0.538281,2.170486
0.361798,0.760269
-0.717159,3.678002
1.066981,1.653761
0.472268,0.400268
0.686323,1.262624
0.828976,2.805017
1.023871,2.807711
-0.236658,2.839745
1.625769,3.779341
-0.382155,3.033292
-0.440983,3.179089
-0.669109,1.933529
0.694855,4.011658
-0.186662,2.465972
0.676743,1.87066
-0.166903,3.100952
0.401315,1.72651
1.097967,1.655108
0.193997,0.166154
-0.322579,2.671195
-0.715662,5.716313
-1.470392,1.126707
1.215921,3.229235
0.234113,2.598447
-1.271755,3.316952
0.76925,0.718506
0.174537,3.591182
-0.171244,2.906805
-0.866099,1.949995
-0.004191,4.128565
-0.044158,3.558251
0.228724,-0.664618
-0.149389,1.575923
-0.223635,2.882256
1.149011,0.552202
-0.338596,3.292104
-0.318987,1.417103
0.319136,3.203937
0.2883,3.427273
1.031655,0.458047
-0.401315,2.871628
0.13951,2.246229
-0.020657,3.346142
-0.301922,1.77441
2.128574,0.873733
1.244512,1.967209
0.097597,4.312233
0.176483,2.925217
-0.204026,2.542912
-0.012574,2.651885
0.228575,1.897604
-0.078287,3.413951
-0.22603,1.814078
-0.111668,0.971929
-1.368454,0.779729
-0.263302,3.300636
1.595831,0.640967
-0.189656,3.124004
-0.463586,-0.953367
0.697849,0.853824
1.272354,2.032623
0.610431,0.549507
0.424068,2.247277
-0.651296,4.70322
0.20657,2.210004
0.361498,1.574426
-0.667911,1.261427
0.270787,0.201481
1.444047,1.938319
-0.949476,0.886457
0.417182,1.380429
-0.299377,2.011218
-1.643732,1.383872
0.273332,2.506687
-0.375569,3.137176
0.38964,1.758693
-0.555645,0.74066
-0.315694,2.613415
0.229323,1.542692
-0.053439,1.009501
-0.833616,2.183809
1.529819,-0.11062
-1.067281,1.413062
-0.409249,1.923799
0.082778,2.559827
0.291594,0.385299
-0.052092,3.142864
0.107776,2.287094
0.184267,3.587141
0.812361,1.145418
1.511706,2.303709
-1.174308,0.468526
0.682431,0.215851
0.641716,2.235152
-0.08188,0.028441
1.213676,1.42818
0.224683,1.839525
0.039668,2.511477
-0.134271,3.190316
-0.335303,2.121838
-0.320783,3.804938
-0.612975,3.903283
-0.331411,2.634671
0.734972,0.728236
0.486339,3.78952
-1.576671,1.705853
-0.356559,-0.151485
-1.076861,0.56762
-1.464854,2.710863
0.260758,3.493286
1.295406,2.12528
-0.931214,3.810925
-0.693807,0.733924
0.107776,0.837658
0.071402,2.674488
0.209265,2.590363
-0.371677,1.092279
0.263153,3.350932
-0.227377,3.302582
0.091909,3.753295
-0.045505,2.085463
-0.133672,2.869233
0.323477,2.888843
-0.105381,2.654131
0.060025,0.579146
0.526755,2.485432
-0.73078,4.615652
0.380209,1.819017
0.765358,1.858984
-0.743354,2.088307
0.294138,3.232378
1.020877,1.09662
0.425715,1.973795
0.603844,0.992586
1.050066,1.491199
0.161963,1.025218
0.767304,0.647104
0.518971,1.681603
-0.073497,1.939517
0.828228,1.145867
-0.167202,3.271746
1.33702,1.460064
0.208516,1.697021
0.658331,-0.136217
0.330064,2.840343
0.622705,1.714535
-0.14894,3.743865
-1.057701,3.802543
0.129331,-0.153431
0.291294,1.088536
-0.723446,1.422492
1.31277,3.016976
0.002245,3.069218
-0.162113,3.468437
-1.012195,2.887795
0.00973,3.703598
0.306562,3.207081
-0.20657,0.359702
0.094304,0.671953
-0.580044,2.241289
1.412463,2.023642
0.187859,0.781225
-1.241069,2.220782
0.665366,1.609154
0.490231,1.118923
0.175735,2.787803
1.188828,1.520837
-0.168549,2.158362
-0.773591,2.169139
-0.683479,1.701961
-0.607587,2.09654
0.130529,1.879342
-1.349294,0.25477
0.198936,1.073268
-0.943189,3.042872
0.128583,2.647544
-0.935255,2.729274
-0.059726,2.689308
-0.272733,4.931944
-0.141456,2.461631
0.549956,0.418081
0.36554,3.154989
-0.660876,2.025737
-1.300496,3.858975
0.3124,1.208587
-0.204475,3.028203
-0.712369,0.924777
-0.244591,1.62038
0.076341,2.195784
-0.051643,3.507207
-0.458646,1.803749
1.142873,0.856669
0.190105,1.65421
0.279169,0.145348
0.518971,3.065775
0.029339,4.111201
0.597258,-0.232766
-0.611179,4.407285
-1.326541,2.668052
-0.150587,2.150428
-0.551304,2.965633
0.646805,0.239502
0.497266,2.897525
-0.069456,3.568729
0.371378,2.119143
-0.272284,2.559977
-0.514031,2.771187
-0.201481,3.852988
0.005089,3.800746
-0.709824,1.309627
0.470472,3.484454
-0.152533,3.520679
1.937271,1.166674
0.636776,1.660198
0.116757,1.444197
-0.361349,2.820734
0.018262,3.252736
-0.598905,0.835263
0.610431,0.271236
-0.818648,2.794239
0.012125,1.696572
1.06279,1.223855
1.191672,0.808319
0.01452,3.109184
-0.664019,1.838776
0.705782,0.798889
0.127385,2.76969
-1.117127,1.850153
0.109273,2.136208
-0.699795,1.604962
1.116229,0.60579
-0.143252,3.167114
-1.225352,1.195264
-0.488584,2.862348
0.117955,2.749632
-0.078587,1.753304
-0.660127,3.843258
-0.759521,2.344425
-0.393681,1.608256
-0.006137,2.994822
0.28351,2.103127
1.536854,2.915338
-0.042063,2.08232
-0.362696,2.434687
-1.475033,1.825304
-0.260758,2.941234
0.775687,2.121389
0.74545,1.845812
-0.596809,4.127666
-0.6013,1.661545
0.621508,2.089205
0.185464,0.103435
0.527353,2.65458
-0.046404,1.970053
1.184637,1.842518
-0.232167,1.287323
-0.215252,3.727998
0.17813,3.325036
-0.094304,1.983974
0.727188,0.465382
-0.584085,1.353785
-0.05299,2.634372
-0.457748,3.459456
0.332459,2.474205
0.036823,0.671504
1.144071,1.481769
-1.709296,2.570455
0.107027,2.668651
0.71641,1.405278
-0.296234,3.465893
-0.907114,3.60181
-0.854872,1.088237
-0.287103,1.644331
0.295635,4.458479
0.181423,1.545237
2.461781,0.647703
-1.424737,2.589615
0.425415,1.76977
-0.032033,2.207609
0.507594,0.559836
-0.174986,1.829196
-0.978216,1.520538
-0.220342,1.829945
-0.698148,1.801653
-0.348775,3.73653
-1.167422,4.93389
-0.253573,2.098187
-0.821492,0.95217
-1.043031,1.355581
0.433049,2.747536
-1.203497,1.055455
-0.277373,3.475173
0.126337,4.91443
0.060175,1.508713
-0.459544,1.665437
0.219743,1.554218
1.16383,0.684676
-0.147144,2.603087
0.27423,1.143772
0.005838,3.691474
-0.3365,3.207829
-0.65384,2.54396
1.198408,1.30813
0.53394,0.693658
-0.905317,4.262835
-0.504301,3.503015
-1.069825,1.126557
0.652643,0.659828
-0.626597,2.196832
-0.712069,3.079696
0.366139,3.566334
-0.966091,1.432371
0.238454,2.146686
-1.489253,1.607357
1.743275,1.840722
0.393083,2.473307
-0.532143,3.419639
0.393681,1.912722
-0.612077,0.969983
1.529819,1.945804
-0.735421,2.201921
1.365461,3.1017
-0.170046,2.232158
-0.053139,1.889521
-0.54352,1.249302
-1.219364,3.133883
-0.176483,3.303929
0.272284,3.046165
-0.17304,2.322421
0.299078,3.589386
-0.988544,2.647395
-0.832718,2.039509
0.187261,1.973646
-0.190105,-0.455353
-1.465303,4.453988
0.073048,3.244503
-0.164059,1.909429
0.214803,0.738115
-0.51433,2.550097
-0.068707,1.892514
0.824635,2.162254
-0.315694,1.550625
0.385898,2.194586
0.414638,1.530417
-0.377814,3.064278
-0.11541,2.3323
-0.108973,1.930386
-0.487237,2.824626
-0.685574,2.169588
1.194516,1.026116
-0.147593,2.339635
-0.17319,2.826722
-0.859513,2.027534
1.560206,1.558409
0.470621,2.407743
0.481549,3.391797
0.91834,2.050735
-0.646356,2.083966
0.396076,4.072282
0.217947,3.593278
-1.09647,1.475482
-0.512235,2.476301
0.773891,0.958607
0.000748,1.428779
1.228196,1.727258
0.140258,2.054328
-0.381706,3.278632
0.345781,3.377277
0.324525,2.915936
-0.529748,-0.406255
0.323926,2.849774
1.198408,0.104932
-0.249531,1.433569
0.279918,2.595004
-0.014669,3.139422
-0.58648,1.766177
0.544418,0.489482
1.725761,1.329685
0.499511,1.389261
0.33201,3.278782
-1.097817,0.098046
-0.078886,2.264341
1.353036,2.39487
-1.138832,1.921704
0.620909,3.624114
-0.188757,3.458558
0.014071,3.436254
-0.506547,0.793201
0.608335,0.205373
-0.149689,4.17886
0.034877,2.260449
-0.722398,3.28447
0.042212,3.167563
-0.078587,2.65922
0.368234,3.489394
0.386197,1.108744
0.266296,0.646057
0.16331,1.323548
-1.12985,1.672173
-0.531545,2.624193
0.363295,1.525627
-0.298629,2.877466
1.300047,2.144291
-0.810564,0.916394
-0.047751,2.68332
0.145048,3.485652
-0.552501,3.800148
-1.411415,1.372047
0.009131,2.863695
1.081052,0.846639
0.05269,2.213447
-0.058229,2.927163
0.16331,0.033231
-0.185015,3.372487
1.325793,0.914897
2.177522,1.31262
-0.310604,3.009492
-0.118703,3.031646
-0.301473,2.14474
-0.701441,1.634152
-0.29833,2.220333
1.035696,0.363594
-0.147294,2.242038
1.106798,0.532742
-1.044079,1.6831
-0.833766,2.040108
0.145048,3.11113
-0.130079,2.218537
-0.513881,2.89992
0.279918,4.753515
-0.451012,3.770809
-0.376018,0.58663
-0.121248,2.908302
0.37497,3.068619
0.167801,2.642605
-0.219593,1.661545
0.844244,1.016087
0.815654,2.5968
0.179776,3.28432
-0.741109,3.34225
-0.477357,1.672322
-1.022673,2.210753
-0.193697,2.048191
0.058528,2.177372
-0.526755,2.507885
0.715063,3.405867
-0.505499,3.055746
-1.050665,2.217489
-0.568967,2.296973
-0.647404,2.058519
-1.162333,0.427361
0.045954,4.464915
-0.922532,2.76041
-0.075593,1.921255
-0.900078,2.403252
-0.627645,4.536167
-0.401615,0.232616
0.429307,2.153572
-0.343835,2.808609
-1.272654,4.637955
-0.319136,1.985322
0.67794,2.205514
-0.883313,2.780618
0.239951,0.17798
-0.263452,3.878584
2.587519,-0.267194
-1.043031,3.293601
0.312251,1.438808
-0.874182,1.82276
-0.489033,3.240012
-0.539927,1.737437
1.581461,1.366658
-0.537233,1.338666
-1.572031,0.478255
0.852028,1.313519
-0.94244,1.692381
-0.206271,4.414919
-0.0241,1.523831
0.256417,2.604584
0.153132,2.352508
0.166753,3.216661
-0.96175,1.81782
0.091011,2.661166
-0.465233,3.697311
-0.096699,0.817749
-0.023801,3.315755
-0.613724,3.470084
-0.119751,3.334167
-0.079185,3.440745
-0.690514,2.956801
-0.174537,2.075733
-0.434247,0.815504
-0.174687,3.159031
-0.453407,3.038382
-0.150287,2.323468
-0.369581,2.679428
0.553848,1.133443
-0.41853,2.442621
0.959954,1.696422
-0.308359,2.065555
-0.392484,2.768792
0.203427,2.090253
-0.656535,1.945055
-0.190703,1.984573
-0.151335,2.601889
-1.132844,2.136507
-0.484393,2.381098
-0.104782,4.262835
1.185984,1.531316
-0.671653,1.873354
-1.073568,-0.496218
0.935255,0.221988
0.403561,1.969155
-0.36075,3.262915
0.259111,1.88009
1.017584,3.061134
-0.743504,1.839525
0.001647,3.23148
0.165855,1.198258
-0.148042,1.739832
-0.069007,1.186433
-0.130978,2.081122
0.119601,2.74604
-0.536484,1.688339
-0.621059,3.119663
0.575553,0.762065
1.965712,0.972528
-0.475112,1.957928
1.173859,1.439556
-0.396226,2.578837
0.362247,1.930236
0.671653,1.01444
0.349673,1.455872
-0.810115,0.878373
0.645458,2.589914
1.037642,1.902843
0.62525,1.675466
0.534688,1.249152
0.202978,1.063538
-0.387694,1.783391
-1.445245,2.233505
1.431623,1.789978
0.334854,3.303181
-1.147514,4.014801
0.426613,1.743874
0.425565,2.735861
0.12993,3.004402
-0.12005,1.534459
0.664319,2.147883
1.162183,3.60645
0.758323,1.019081
-0.195943,2.114802
-0.773142,3.934269
-0.386945,3.200794
-0.161364,1.956432
-0.338147,3.182233
-0.436043,1.269211
0.791704,0.918191
0.424068,1.289419
-1.012644,2.089655
-0.405058,2.69769
0.161215,2.266138
1.781146,2.065106
-0.664169,0.550405
0.358804,0.59142
0.39907,5.580246
-0.378263,2.06795
0.723595,2.941533
-0.079634,1.612896
-0.687969,1.924249
-0.53364,3.222948
0.72599,1.661994
-1.597478,3.151546
0.026495,4.986431
-0.363594,1.334475
-0.979563,3.061883
-0.39907,1.327889
-1.554517,0.780776
-0.635878,2.291285
-0.258662,3.675307
-1.74058,1.522634
-0.260159,2.145039
0.351768,1.708846
0.659079,2.588866
0.608335,2.20701
1.039139,1.198408
-0.68288,1.999392
0.060774,1.210982
-1.025068,0.591869
0.164358,0.930914
0.974025,3.228486
-0.680036,3.099006
-0.361349,0.777184
0.932561,2.112557
1.337469,1.513652
0.522863,3.180736
-0.465831,3.72216
-0.691412,1.374592
-0.14894,3.400928
1.2743,1.930984
-0.312101,2.135759
0.362546,3.850593
0.694705,-0.643961
0.530946,0.840951
0.419727,3.12565
0.367037,1.082699
1.108445,1.809737
0.379162,2.589016
0.473166,1.391207
0.698897,0.470921
-0.446521,1.280437
-0.4808,2.442022
-0.183369,2.833009
0.251028,4.149671
-0.616867,1.005309
-0.425266,1.065634
-1.374142,1.853446
0.512834,4.015101
0.743504,1.447191
0.724344,-0.430205
-0.4088,0.113763
-0.257614,2.003584
0.747096,3.995641
0.095202,3.71258
-0.13951,1.374891
-0.498014,1.454974
0.360301,3.675008
-0.586181,1.065335
0.646356,5.273683
-0.486339,1.854044
-0.407453,2.546654
-1.714235,1.960024
-0.439785,2.845583
0.867596,1.705404
0.144599,2.568958
0.367785,1.93817
0.403112,2.076931
0.552501,1.903891
0.648901,1.176254
2.783013,1.648223
0.026794,0.914598
-0.959056,1.309327
-0.741259,1.180595
0.064216,4.509822
-0.153281,1.954336
-0.994682,1.675915
-0.56732,2.349664
-0.330213,3.131488
1.311124,1.257834
-0.193548,1.777853
-1.066233,0.942889
0.507894,2.098636
-0.511786,2.278562
2.804867,1.708248
-0.435594,2.46672
-0.139809,4.383484
-0.432301,2.13531
-1.248404,2.30356
0.830922,2.155667
-0.194745,2.560126
-1.276396,1.925745
-0.579146,4.301156
-0.832868,2.892735
-0.69725,0.630639
0.404609,0.93795
0.152233,3.724106
-0.198188,1.835633
-0.46658,1.519341
0.055085,2.353256
-0.029339,2.814298
4.678671,0.4567
-1.511557,1.540297
1.724264,1.55317
-1.580114,1.912872
0.735421,0.862955
-0.975821,2.079027
-0.852178,3.790717
0.301473,0.173789
-0.030237,2.916086
0.025447,4.182003
0.441881,0.725541
0.174687,2.656226
-1.367556,1.377735
-0.237406,1.346151
-0.118553,2.768493
1.626817,1.947151
-0.620909,1.677861
0.75997,3.59223
-0.440384,2.815645
0.802182,0.594713
-1.609303,1.150657
0.387993,1.661844
-0.318687,-0.978815
-0.669857,4.151168
0.243693,2.357897
-0.047002,2.182462
0.945434,0.515079
0.387544,3.584147
0.233065,2.515968
0.108375,3.91436
-0.261357,2.118844
0.494721,1.205743
-0.133672,1.717828
0.612826,2.520459
0.056133,3.196752
-0.340991,2.331701
0.094304,1.237177
1.705254,1.638493
-0.180525,2.953658
1.185834,1.107247
0.820893,2.089505
1.456621,0.112716
1.195264,1.871408
0.106578,2.160308
-0.127684,3.465893
-0.34144,3.252886
0.201032,-0.546064
-0.377665,2.245181
-0.116757,3.430716
0.534688,2.479743
0.864602,1.462309
0.402513,1.225951
-0.523761,1.907334
0.452359,2.19758
0.487836,1.125659
0.454305,2.842738
0.667013,0.272284
-0.68288,2.203717
1.179248,0.668959
0.775986,2.139351
-0.27902,1.206641
-0.593067,2.880759
0.049397,1.363814
0.008233,2.627785
0.239502,1.427581
-0.113763,2.793042
-0.134121,2.680925
-0.185614,2.111509
0.414937,0.725392
-0.492476,1.676514
1.915417,0.420775
0.296683,1.738784
-0.090861,2.807412
-0.671653,1.441053
-0.178579,2.136208
-0.790656,3.066373
-0.713267,3.199147
0.550705,0.508792
0.639919,2.093247
-0.049248,3.314108
0.697999,3.903433
-0.290845,2.038461
-1.135688,1.695824
0.182021,3.442092
-0.763562,0.848286
0.152982,3.632646
0.103884,0.656684
-0.102088,2.167942
-0.414039,2.860851
0.403411,1.246458
1.223556,0.568368
0.003143,2.287543
-0.522713,2.611918
-0.825533,3.982019
0.053439,2.56312
-0.526306,2.131717
0.332159,4.176166
0.897983,1.773662
-0.161215,2.439178
-0.600252,2.931504
0.784818,1.205144
0.1925,2.733166
0.394879,2.56791
-0.747845,4.204756
0.425266,0.005089
-0.925525,1.823957
-1.225052,0.873733
0.650847,2.016756
-0.16331,2.32257
-0.13442,4.142785
-0.955014,3.656297
-0.112865,1.81752
-0.466131,1.393901
-0.574356,3.652704
-0.815504,2.178719
-0.471969,3.677552
0.164209,0.509989
-1.089135,3.296295
-1.121767,2.243984
0.232317,1.996099
-0.296384,3.298092
-0.858315,0.314496
-0.22603,2.291285
0.285157,1.468596
-0.140258,3.979325
0.241448,1.353186
0.658481,0.013771
-1.127605,2.044748
-0.585582,4.411476
-0.069456,1.186283
0.376767,3.274291
-0.585732,3.968098
-0.689466,1.286575
-0.901875,0.732277
0.274529,3.099006
1.16832,1.065484
-0.479752,3.451523
-0.003293,2.650089
-0.543819,2.489473
0.67824,0.905617
-0.20687,-0.504451
-0.826731,1.579366
-0.530347,3.868256
-0.605491,3.417543
-0.282463,3.32279
-0.294887,1.794618
0.387544,3.584147
1.392105,1.794768
0.199086,0.527653
1.051414,0.730331
-0.590372,1.339115
-0.329914,1.905687
0.410746,1.408721
-0.152233,3.405718
-0.061073,0.974324
-0.536634,2.991679
-0.67809,1.250949
1.189127,1.628464
-0.426763,2.835104
0.781225,0.594564
0.05793,3.511248
-0.409698,3.076403
-1.22625,2.37571
-1.010848,0.955762
0.647254,1.766626
0.098795,2.940036
0.853824,1.512155
-0.637225,1.232687
-0.036225,3.267106
-0.699944,1.677112
-0.202679,2.564767
1.293311,1.433868
-0.315544,2.43319
-1.145268,1.680256
0.085921,0.28875
-0.116308,3.199896
0.051792,2.650089
0.119452,1.196312
-1.159189,1.578767
-0.351319,1.712439
0.142354,2.75532
0.601749,2.675985
0.613574,1.39465
-0.925376,3.560646
-0.107027,2.82747
0.203876,1.952689
-0.25956,2.743046
-1.190774,1.624272
-0.606838,3.237917
0.728535,2.919678
1.042432,1.070125
0.11047,4.033063
-0.017963,2.720892
-0.891247,1.194666
-0.718805,0.445623
0.713416,0.130079
-0.138163,2.255809
1.990112,2.404001
0.0482,0.851879
0.487386,3.306624
0.643063,2.789898
-0.470172,0.896336
-0.072599,3.167862
-0.059127,2.58692
1.498085,2.286346
-0.654289,3.213667
0.51942,1.07237
0.323777,3.954626
-0.887654,2.583178
0.111518,2.455643
0.652493,1.321602
0.164508,1.791325
-0.060923,3.028203
0.044158,3.242856
-0.693208,2.580334
0.382904,2.468966
-0.515378,1.60137
-1.133593,2.350113
-0.627645,0.775388
-0.213007,2.244283
-0.123344,2.225572
-0.58184,2.996469
1.372945,2.634671
-0.387394,2.699337
1.854494,2.565814
-0.088466,2.446063
-0.188009,2.184108
-0.393232,2.130819
-1.60616,0.751288
0.799937,2.51043
-0.140857,1.779649
0.212857,-0.282912
-1.090033,2.93824
-0.004191,4.04429
-0.173489,2.029031
0.00958,4.202062
-0.008981,2.80846
-0.724344,2.895429
0.984952,4.204307
0.717907,3.879183
-0.534538,3.482209
-0.28875,1.142724
0.364043,4.109255
0.161814,2.713258
-0.355062,2.825824
-0.761167,1.967658
-0.921633,1.778901
-0.870141,0.561782
0.866847,0.705034
0.154778,1.902095
0.206271,2.040257
0.012724,2.878963
0.872086,3.679349
-0.244292,2.56806
0.153581,2.12064
-0.613125,1.944906
-1.384321,0.882714
0.521815,0.580493
0.711171,1.269061
0.170645,3.247646
0.271535,0.8173
-0.284708,0.771047
-1.060545,2.715353
-1.162183,0.993185
-0.628693,4.660259
0.176633,2.708318
0.860411,2.116299
-0.99543,3.778592
0.181123,0.229922
0.011077,3.697162
-1.169219,1.88503
-0.033231,1.728456
0.050744,2.452949
-0.366737,2.413431
-0.221988,2.403103
1.25993,1.036445
-1.13479,2.47675
0.0482,1.922602
-0.294887,2.480941
-1.062191,1.286125
0.64456,-0.643661
1.335972,2.140848
0.317789,0.616268
-0.40386,1.802851
0.67824,1.460812
-0.748893,1.844464
-0.390238,2.317032
-1.492247,3.363506
1.037942,1.852548
0.758473,0.47137
0.080533,2.132316
-0.567919,3.033592
0.916095,0.966091
-0.439785,3.609444
1.398841,1.840872
0.207768,2.44786
0.267045,1.46171
-0.427361,3.672164
0.96669,1.431922
-1.3704,0.500858
0.847987,0.696502
1.620979,2.177222
1.625919,1.651815
-0.087718,1.964664
0.013173,3.54433
-0.24983,2.104923
-0.673899,2.307901
-0.573757,3.566184
-0.04311,2.037263
-0.564476,1.313069
0.065713,1.792223
-0.204475,3.41904
-0.382904,0.426313
-0.253423,2.09684
0.204026,2.937791
-0.384101,4.455784
1.071322,2.453847
2.178121,0.343835
1.265768,0.891097
0.118703,-0.090861
-0.094903,3.944597
-0.767903,3.175197
0.539328,0.654738
0.261955,2.352059
-1.010998,3.616929
0.750839,1.08674
-0.468226,1.715133
-0.674198,2.881658
-0.160017,2.309098
-0.435594,3.57786
0.277822,4.357439
1.122965,1.792822
-0.518671,2.079326
0.482596,1.366658
-0.623004,2.432442
0.225431,1.406775
-1.405427,0.266446
0.057181,2.877915
-0.253872,2.101929
0.559836,1.676963
0.403261,4.331992
0.523162,3.648363
-0.953817,3.492088
0.572559,1.106798
0.17304,2.709665
0.020507,2.542014
-0.077988,3.079097
-0.132624,3.176844
-1.272953,3.360063
-0.544118,1.576671
0.099094,2.813849
0.362247,3.684139
-0.200733,2.238894
-0.406854,3.992498
1.647474,2.104773
1.02417,2.060316
0.465981,3.405269
0.049697,3.317252
-0.307161,1.24556
-0.459694,4.377198
0.207469,4.021537
-0.485291,2.163301
0.171992,2.786306
-0.552501,3.141517
0.035925,3.271447
-0.445174,0.812959
-0.76446,1.189277
-0.542322,0.943338
0.749641,2.9095
0.049996,2.497856
-0.751587,3.03928
-0.079036,3.535648
-0.126188,3.118166
-1.012644,2.089655
-0.324825,3.144361
0.721051,0.868045
-0.209265,0.754581
-0.046703,2.263892
-0.848885,1.615291
-0.903371,4.50099
-1.358874,3.868256
1.780248,1.491349
0.033231,1.145119
0.06242,1.165177
0.745899,0.973725
0.451311,1.847009
0.01946,3.707341
-0.67345,0.579894
-0.529,2.415228
0.332608,3.26022
-1.566492,1.210682
0.785117,4.257896
1.385519,1.272204
-0.510888,0.628094
-0.405507,0.977767
-1.460812,1.424138
-0.192649,0.357008
0.253573,3.010989
0.822839,1.853745
0.31255,3.456612
-0.008532,1.25978
0.893642,3.484005
-0.301174,2.071393
0.757575,2.057621
-1.541195,1.876198
-0.212408,2.588118
-0.179477,3.559747
1.429378,1.228196
0.818199,2.431993
-0.518971,1.252595
0.516875,0.249232
-0.225431,4.4001
0.283361,2.769241
0.911754,1.056653
-0.659978,1.980531
-0.079185,0.729283
1.460962,1.43776
-0.432301,0.801433
0.873883,2.182761
-0.751138,1.846261
-0.15882,2.147883
-0.535586,3.807033
-0.526904,2.989284
0.648152,0.938698
1.549278,0.992586
0.753832,2.20222
0.215701,-0.291594
-0.825533,1.617087
0.047152,1.710194
0.397424,2.461182
-0.852477,1.905088
-0.5772,3.132087
-0.233963,3.908372
-0.605491,5.057533
0.469424,0.687969
-0.823587,2.087409
-0.442779,1.044977
0.318987,2.988984
0.142653,3.534749
-0.075892,3.091072
-0.289348,2.71685
-0.064516,2.517764
-0.825533,1.717678
-0.222288,3.408712
-0.777334,1.160986
-0.402064,3.25064
0.301473,0.688718
0.439486,0.630788
1.462309,1.842818
-0.357906,2.545157
0.294737,2.983296
-0.451311,3.128345
1.243315,2.232308
0.636027,2.139651
0.546364,-0.652793
0.479303,3.262915
0.2886,2.953059
-1.334026,3.667074
-1.010698,4.710105
-0.443228,0.489781
1.895957,0.957559
-0.607287,2.63512
0.731529,1.534758
-0.580343,4.483477
-0.255818,4.057462
0.085323,1.024769
0.868344,2.337838
0.537532,3.942651
0.262404,1.576522
0.263003,2.919828
-0.40416,1.94296
-0.136815,2.631228
1.118175,1.251547
-0.260907,1.166075
-0.534089,3.319347
-0.683928,4.581074
-1.007704,1.354683
0.510588,2.379153
-1.545237,1.441053
0.105531,3.193759
0.353714,2.719545
0.383503,2.617906
-0.407602,2.227668
-0.264799,0.978365
0.418081,1.085692
0.656984,5.132377
-0.749791,2.95246
0.569566,4.283193
-0.402812,3.039429
0.904868,1.330583
0.468526,2.778522
0.52436,2.210902
-0.33201,2.959645
0.956361,2.296524
0.81266,2.60174
0.802032,0.427062
-0.56762,3.133284
0.110021,1.201402
-1.454974,3.302882
-0.076042,2.877167
-0.272883,2.891537
0.29833,1.528472
-0.258063,2.992876
-0.205523,2.546804
0.192949,2.625989
-0.286654,0.888253
0.584085,1.684747
0.12978,1.941612
1.165776,2.012565
0.180824,0.228575
1.398093,3.278333
1.016686,1.523981
0.646655,2.161505
-0.332159,0.80772
-0.147144,3.903433
0.246388,2.344874
-0.260009,2.14474
-0.23097,0.641566
-0.647553,1.737587
-0.203726,4.201912
-2.371369,2.079476
0.037123,3.038531
-0.155527,2.120341
0.603695,3.046016
0.496967,3.393743
-0.30791,2.725981
-0.000449,2.783911
0.61058,0.974025
-0.915197,1.08659
0.191452,1.427581
-0.564476,2.311194
-0.413889,1.392105
-0.464484,3.113525
0.183818,4.352499
0.424817,2.55848
0.551753,3.879932
-0.075144,2.847229
0.732577,0.830174
-0.475112,4.495901
0.141007,3.781287
-1.984124,0.429756
-0.327818,1.107996
0.088167,1.288071
-1.29825,1.536704
-0.041913,1.464854
1.161435,0.295486
0.376018,2.559827
-0.136666,2.317481
-0.956661,2.530638
0.671055,4.418961
-0.192799,3.184777
1.444796,0.304317
-0.27408,2.559827
-0.212558,2.501299
0.640518,0.738864
0.064666,2.984194
-0.465831,2.388583
0.453856,4.009113
0.523012,3.681893
0.683179,1.674268
-0.220941,3.519631
0.384101,3.185077
-0.083077,1.513652
0.544418,2.877017
-0.785117,4.026477
-0.123044,2.041904
-0.066611,3.402275
-0.350721,1.247805
-0.430355,2.844535
-1.360371,1.944007
0.837658,1.922153
0.545166,0.585133
-0.730182,2.403103
-0.603246,2.497556
-0.887504,2.363585
-1.409619,1.186433
-0.277523,1.264121
1.174607,2.548151
0.802781,1.738784
0.25956,1.246757
0.330513,0.605042
0.329615,2.262246
-0.68303,0.817899
0.194296,2.731969
0.0482,2.8372
0.250729,0.769101
-0.844693,1.116678
0.20702,3.795358
0.195044,3.20274
-0.3606,0.335153
1.258882,2.70727
1.229393,1.456022
-0.606539,2.561773
-0.233065,2.728975
0.711171,0.941991
0.503253,1.248254
0.905617,1.644031
1.648372,1.541195
-0.459544,0.577948
-0.838407,2.464026
0.59621,1.460663
-0.825234,3.952381
-0.218096,1.701063
1.793121,2.101779
0.477208,0.518971
0.076341,1.453028
0.281564,3.584147
-0.345482,3.307821
1.152453,0.866847
0.109273,1.906735
-1.206192,1.619931
0.127535,2.058819
-1.130449,2.133214
0.09116,3.609145
0.266596,3.510799
-0.094005,1.810635
0.30312,1.876348
0.712219,2.773732
1.43776,1.050066
0.578996,0.479752
-0.387544,3.270848
0.430505,4.737199
0.771496,0.427062
-0.512684,3.536396
-0.208217,0.473016
0.665965,0.646057
0.789758,0.534688
-0.087718,2.867287
0.675994,1.893562
-0.789608,0.909209
-0.415835,1.40887
-0.349224,3.109633
-1.057701,2.001638
1.327739,1.35124
-0.155527,2.296375
-0.780926,1.360521
0.681832,4.280199
0.797841,1.097817
0.08667,2.482587
-0.33665,1.489702
-0.248783,4.797224
0.315095,2.543211
0.827779,4.140839
0.862506,1.767674
-0.247286,2.541714
0.52885,0.94738
1.672173,1.633254
-0.178579,3.046315
0.529748,3.170557
-0.282612,1.967509
0.146994,2.583328
1.064736,0.437989
-0.523911,3.152444
-0.013921,0.77404
0.026046,1.855242
0.925376,3.078199
-0.487386,2.112707
-0.125739,2.49591
-0.691113,4.269422
-1.034798,1.222957
0.089364,2.633623
-0.612975,3.903283
1.297951,3.614234
2.044748,1.321452
-0.27423,2.166295
-0.383503,2.880759
0.455054,2.077979
0.104632,2.352508
-0.973575,1.952839
-0.224234,2.725832
-0.233065,3.706442
-0.202229,2.052981
-0.140857,2.390978
0.864452,1.430874
0.231568,2.459236
-0.595312,2.718197
-1.321452,1.512155
-0.129032,3.105742
0.012724,3.081043
0.710273,2.602039
0.649499,1.050515
0.073048,3.583099
-0.715811,4.64993
-0.451162,0.928968
1.348097,2.6688
-0.482297,2.118844
1.517395,1.720522
0.228874,1.860182
1.965862,1.031206
0.616418,3.237468
0.864153,2.73601
-0.280367,2.006278
0.466729,1.010698
-1.701661,3.464396
0.161215,-0.067959
-0.331561,2.912044
0.569865,1.813778
-0.077539,2.576442
0.137714,0.803828
-0.934058,2.685416
0.073347,1.961521
-1.083746,2.242786
-0.358205,2.002386
0.091609,1.184786
0.311802,2.362836
0.467328,1.321901
-0.671803,3.175946
-1.148262,1.619482
-0.116907,2.385889
-0.29818,1.29376
0.768352,0.15373
1.329835,1.41845
1.219215,2.236499
-0.227976,2.819088
0.601,0.814157
-0.54816,1.546135
-0.217348,2.607578
0.255668,3.530708
0.111219,3.429219
0.367785,3.631448
0.318238,3.349285
2.83256,-0.396525
-0.311053,2.397714
-0.160017,2.214046
0.389939,1.878294
0.827479,2.917134
-0.573158,0.155676
0.402363,1.835333
-0.313748,1.988615
-0.934357,1.814527
0.509989,0.374821
-0.42796,1.765578
-0.690963,3.69806
0.396675,2.533332
-1.390908,3.878584
1.107996,1.700464
-0.755928,1.135988
0.753383,2.109114
0.729733,1.977388
0.295336,1.854943
-0.957708,2.283352
-1.532363,0.665217
-0.923879,3.959117
0.929118,0.689915
-0.656834,0.945584
-0.166154,3.018024
0.440384,4.191883
0.246837,3.985762
-0.048499,2.955753
0.145348,5.202731
-1.169069,1.073118
0.06721,2.827021
-0.35581,2.242636
0.396376,1.992656
-0.72599,1.372047
-0.318538,2.584226
-0.003742,1.618135
0.512534,2.938689
0.455203,2.563868
-0.462388,3.869603
0.044458,0.425266
0.008233,1.281934
0.359852,3.116669
1.18778,1.783092
0.03383,3.635191
-0.258063,0.701142
-0.030686,-0.714165
0.1443,3.607199
-0.699795,2.270029
-0.983605,1.866169
-0.123942,3.148702
-0.39413,0.475411
0.984203,4.878655
0.049098,2.778672
0.313448,1.281186
-0.166005,3.579357
-0.961301,2.97162
-0.443827,2.783911
0.585133,-0.779429
0.091759,3.241659
-0.926723,1.436263
0.214205,1.081351
0.01931,1.475631
-0.2166,3.528912
-0.340692,2.935246
-0.458946,1.591341
-1.329086,2.415228
1.104254,0.968636
-0.498014,1.727558
1.209335,1.002615
1.964964,2.15417
-0.048349,2.552642
-0.136067,1.31277
-1.540746,2.353705
-0.34144,3.642525
0.633034,2.090553
0.32677,2.753823
-0.451012,2.362836
0.47137,2.952909
-0.584385,1.778452
-0.891995,0.959355
-0.366737,3.909271
-0.419428,2.196682
-1.642385,3.110981
-1.122067,1.603166
-0.456401,3.073259
-0.539927,0.83182
0.244741,2.79858
0.666863,2.223776
0.113165,2.436633
0.810714,3.384462
-0.030087,1.896706
-0.150437,2.456841
-1.349893,1.174458
-0.566871,3.501668
-0.427511,4.153712
-0.17289,2.204765
0.243843,3.207231
-0.192051,1.683399
-0.924328,1.356928
-0.396525,2.431095
-1.371149,2.01496
0.746498,1.085543
-0.415386,3.583249
-0.457898,0.076192
-0.908311,1.547183
0.381557,3.372936
-0.261506,1.594335
0.32198,1.367556
-1.924548,-0.107327
1.554966,-0.288899
-0.526006,2.646497
-0.568667,1.150058
-1.111738,3.345992
0.551603,2.79394
0.535137,0.076192
-0.143252,0.530796
-0.310604,4.479734
-0.401765,0.109123
0.612377,4.022884
0.188159,1.845213
0.936004,0.811313
0.447869,-0.210762
0.174687,3.166216
3.15948,0.949476
0.420476,2.145488
0.958906,0.32707
-0.845143,2.866389
1.215622,2.012565
0.146396,0.54801
0.065264,3.259173
1.073118,0.592618
-0.862506,1.566642
0.249082,1.148861
0.212857,0.453856
0.857567,2.056424
0.041913,2.262096
0.212259,3.115621
-1.168171,0.668061
0.489033,1.608106
0.026794,2.451452
-0.002994,2.197879
-0.011227,2.241289
-0.220941,1.42833
0.039668,2.275867
-0.645009,2.301614
-0.203726,3.314557
0.481549,3.636987
0.384251,1.676514
-0.701441,1.682052
0.843197,1.967808
1.576073,1.678011
0.125439,0.721799
0.544418,1.831292
-0.065264,2.321971
0.699346,0.198338
0.500709,2.802622
0.532742,1.074615
-0.083975,1.899999
1.133593,1.682202
-0.44727,2.755021
-0.000748,3.820505
2.29847,-0.271086
-0.084724,3.290008
-0.542921,4.023633
-0.268991,2.689008
0.318837,1.044528
0.5528,1.733545
0.310903,2.604434
0.890648,-0.444126
-0.029189,2.353556
-0.07215,2.818639
0.22139,1.675765
-0.644709,2.502197
-1.063838,4.502038
-1.129551,1.665736
0.948128,0.996777
1.098865,1.508862
-0.499062,2.396666
-0.459544,1.647773
1.040935,3.045417
1.110241,1.584605
1.181792,1.943708
-0.148791,3.691174
1.078358,2.295477
0.482447,0.146545
0.904419,2.831961
0.928968,1.479823
-0.737367,2.066153
1.064736,1.084345
-0.337847,2.236649
-0.160017,1.848506
-0.169298,3.508853
-0.609682,2.282753
0.733475,2.039958
0.580044,1.592239
0.740959,2.123634
-1.243614,2.164499
1.05291,2.118395
-1.062191,0.170945
-0.524809,2.763853
-0.489183,2.446512
-1.016386,0.892893
-0.510738,2.277514
-0.042212,2.80367
-0.546214,2.33694
-0.033381,3.247497
-1.119971,1.389411
0.92343,1.159938
1.170715,1.741928
0.563129,1.713187
-0.451761,2.190994
1.018632,2.256408
-0.381557,2.958598
0.013771,2.622247
1.18284,2.041455
-0.515229,2.522255
0.356409,2.066752
0.793949,0.739612
0.449815,0.290097
0.848286,1.316812
-0.847687,1.825155
0.227527,1.887874
-0.323627,1.63026
-0.361349,2.308499
0.646057,1.427881
0.29803,1.675316
0.357307,1.83234
-0.72599,2.848576
-0.096998,2.576143
0.622705,1.770069
-0.781375,0.663271
0.229772,1.842968
1.13973,3.69327
0.716261,1.242566
1.179547,1.470692
-0.26944,3.182532
-0.908012,1.441802
1.570833,1.029559
0.060774,1.578018
-0.291743,2.153422
0.660427,-0.018412
-0.276625,2.440076
0.164059,1.740281
-0.342338,2.734963
-0.501158,1.920656
-0.271236,1.743724
0.674797,1.38986
0.160017,3.628754
-1.001118,2.977309
-0.521216,1.551374
0.232018,4.160897
-1.210233,2.568209
-0.449665,1.744023
0.242795,2.059866
0.244741,1.349294
-0.889001,-0.183219
0.925376,1.263522
1.84162,0.36524
0.362696,2.195035
-0.32722,1.712888
0.639321,4.195026
0.685125,0.742905
-0.067061,1.606908
0.448168,1.597628
0.033381,4.076623
0.151635,3.301834
0.859812,1.655557
-0.771047,3.748804
-0.342637,3.071762
-1.492846,3.587739
0.320184,-0.031285
0.360001,3.959716
0.413889,2.184557
0.394729,1.858236
-0.595611,-0.126188
0.93271,1.202
1.262175,1.771267
-0.143102,4.586911
-0.86071,1.670676
0.190703,0.561183
-0.418679,1.012195
0.110321,4.319567
1.034798,2.455643
-0.436642,3.886069
0.195493,-0.098495
-0.908161,1.80315
-0.094753,1.561553
-0.422272,1.800905
0.706082,1.584605
1.004411,1.704505
-0.79365,2.45729
1.304238,-1.338966
0.753234,1.170715
-0.48589,2.042652
-0.379012,2.103276
-0.848885,3.660937
-1.081651,2.431244
-0.455503,3.393593
-1.102757,3.045417
-0.098795,2.4766
0.487985,2.563868
-0.102088,2.733316
-0.422571,0.978815
-0.40401,3.876189
0.305365,2.008374
-0.670156,1.849704
1.479074,1.82276
0.850531,2.606081
0.995879,2.079625
-0.343536,3.458708
0.88496,0.066911
-1.625769,3.930526
-0.104333,2.985542
-0.190404,2.328408
0.227677,3.612887
0.759521,1.193318
0.589624,1.43297
-0.508044,3.447631
-0.632135,2.40445
1.467848,1.074615
2.020199,1.409469
-0.644111,2.177222
1.537752,0.486488
0.813858,1.138083
-0.16346,4.801864
-0.57211,0.811612
-0.380808,2.301763
0.395478,2.641407
-0.229922,2.008224
-0.75967,2.516118
1.228795,0.021106
-0.598755,1.796714
0.188159,3.193759
-0.656235,3.622018
-0.71641,3.228935
0.941991,1.258583
0.223934,3.502716
0.414189,2.748135
0.352816,2.719395
-0.089364,1.718427
-0.894989,2.531536
0.577649,0.872386
-1.656605,1.006657
0.226778,2.330204
-0.713566,1.038241
0.962349,2.668052
0.462089,0.517923
-0.621358,2.860402
0.051643,3.811524
-0.10583,1.407972
-0.005389,1.753454
0.330812,4.099974
-0.184566,3.982468
-0.36554,-0.144899
0.033979,1.763782
0.052391,3.442541
0.005988,3.814368
-0.489183,0.273481
-1.092877,4.605623
0.158221,1.127455
0.905317,1.171015
0.42332,3.316054
0.97118,2.146985
-0.152084,0.910257
2.244133,1.934128
-0.146096,3.422483
-0.238155,2.331402
-0.38455,0.185315
-0.345631,3.413053
-0.564776,2.346969
-0.81251,2.337539
0.263602,0.677791
0.452359,1.763333
0.972228,1.893113
0.581241,0.218695
0.227677,3.494483
-0.486039,1.036744
-0.171992,2.694397
-0.671953,1.696422
-1.243165,3.757037
-0.082928,4.215534
0.003293,2.58737
0.141007,1.388064
-0.3606,2.200724
0.75997,2.41418
0.171094,4.031566
-1.624871,3.81317
-0.621657,0.364791
1.21203,2.607128
-0.391436,3.981421
0.768951,3.846701
-0.36524,3.15918
0.825982,2.395918
0.664917,4.039949
-0.339644,3.057392
1.438958,3.201093
-0.13951,3.70779
0.073497,0.311951
1.009501,2.262246
0.611778,3.685037
0.59651,2.465224
-0.852926,1.529968
-0.396974,0.90906
-1.609154,-0.582289
-0.037123,3.422782
1.526077,1.513203
-0.306263,3.222199
-0.21136,2.661316
0.114662,3.229085
0.006287,3.221301
0.317639,1.05321
0.490081,-0.510588
0.237855,2.073039
1.118923,0.417033
0.25956,1.514401
-0.689915,2.839745
0.233065,2.238295
0.775088,0.97148
-0.165256,2.905009
0.186512,1.268013
-0.694406,3.51993
0.170346,4.244873
-0.303868,2.036216
1.07222,2.147584
0.687371,2.122885
0.060325,2.377955
0.295785,4.100124
-0.193248,3.041525
-0.844244,3.378624
-0.834964,2.299219
0.25971,4.39516
-0.325723,1.485661
1.410517,1.076861
-0.112267,1.903741
1.001717,3.32758
-0.61088,0.60579
0.213157,0.809367
-1.75989,4.137546
-0.174537,2.978506
0.794697,3.331173
0.469574,4.019292
-0.18292,1.137634
-0.094603,3.747457
-0.63468,3.831732
0.378563,2.171385
1.152453,1.469344
-0.042961,2.204017
0.057331,2.094894
-0.338746,2.511777
0.11047,1.647474
-0.320334,2.781516
0.968187,1.962719
0.012424,2.425556
-0.199385,3.719016
0.737965,0.149389
-0.671055,2.346371
0.380209,2.116299
0.555345,2.170486
-0.50475,-0.431253
-0.078138,3.869004
0.166903,0.887504
-0.73078,1.790726
-1.182541,2.591411
-0.760718,3.2701
1.593137,2.638862
-1.479673,2.891986
-1.030158,2.027983
-0.356109,2.893633
-0.715811,3.635041
-0.44727,2.238745
0.270937,2.702031
-0.110919,2.157763
-0.606239,0.723296
0.058379,2.29877
-0.382006,1.901047
0.093406,2.090104
-0.02874,2.880909
-0.381856,3.245251
-1.152753,1.646277
-0.256267,1.111588
0.827479,1.133293
-0.167502,-1.714535
0.148192,2.594854
-0.319585,3.733985
-0.213905,2.915637
-0.213456,3.836372
-0.023651,3.232827
0.135169,0.872685
0.773741,1.378932
0.268542,2.578837
0.396376,3.798351
0.777334,1.218466
0.077838,3.645818
-0.210462,2.785408
-0.059426,0.454455
0.328716,2.425855
-0.573607,2.632126
-0.646206,1.202
-0.41853,3.318449
0.730481,2.773433
-1.796115,1.383423
-0.618963,3.300936
-1.047821,1.215921
0.419877,2.884352
-0.795745,1.650019
1.110092,0.821192
0.384999,1.74537
-0.421823,1.137634
-0.925974,1.922901
-0.806074,3.485502
1.839375,1.672622
-0.461939,2.717299
1.144221,1.525328
-0.573457,2.578987
1.275198,0.302072
-0.061073,0.55759
0.161963,2.72673
-0.01437,3.344495
1.124911,2.72179
-0.962199,1.497935
1.520538,0.978066
-0.00015,1.163381
0.126188,3.581602
1.975442,1.259481
-0.70698,2.562821
0.176483,1.554368
-0.207618,1.656755
-1.036594,2.613565
0.782423,2.157014
-0.502206,2.863695
0.055235,3.321593
0.137564,-0.213606
-0.969234,1.990261
1.746867,2.549798
-0.236358,3.004552
-0.201481,1.819915
-0.83661,4.32301
-0.525856,3.139871
0.219743,2.081571
-0.623603,1.088985
0.917592,0.104483
0.642165,2.740651
0.307012,3.595673
-0.229772,0.843795
0.492775,0.558938
-0.539927,1.334176
-1.076561,3.119663
0.431104,2.766098
-0.367486,1.450783
-0.23067,2.694547
0.005988,2.890639
-0.007484,3.591182
-0.549058,0.0241
0.735271,1.091081
-0.659079,0.955762
-0.203277,3.381319
-0.120499,2.715802
-0.13472,1.380429
-0.936752,-0.190404
1.089435,2.460733
0.698448,1.142125
-0.592767,4.147276
-0.354313,1.109493
-0.561482,2.759512
0.360001,1.891167
0.263153,2.207759
-0.235161,3.663182
-1.63011,2.232907
-0.675396,3.470832
-0.516127,3.599265
-0.479752,3.819008
0.890498,-0.259261
-0.35102,2.092349
-0.410746,0.972228
0.626298,0.94229
0.974474,2.275119
-0.95217,1.143921
-0.635429,1.030008
0.215552,3.098557
-1.257834,3.765869
0.728834,3.022215
0.203577,3.523672
-0.303868,2.802772
-0.712818,2.449506
-1.157992,3.193908
-0.2404,2.763254
-0.619113,4.15985
-0.75009,1.251847
0.457,3.187322
-0.314945,0.002994
0.167502,3.285368
-0.341889,2.505639
-0.111967,3.343597
-0.566272,2.450853
-0.04805,3.046764
0.633034,3.266358
-0.4329,3.742368
0.721949,2.872676
-0.222887,2.925217
-1.089285,4.093987
-0.030536,2.431394
-0.564626,2.689158
-0.237855,1.835184
0.046553,1.845961
0.873883,2.41418
-0.676294,1.802252
-0.290246,1.812281
-0.886906,3.459456
-0.365091,1.735042
0.603545,3.426974
-0.552202,1.115929
0.814756,2.628384
-0.481848,2.290237
0.79829,0.465532
0.677641,2.330653
0.050146,2.842738
-1.731749,0.800984
0.252675,2.395768
1.147663,0.643661
-0.557441,1.954486
0.678988,1.503773
0.536634,1.876647
0.737816,3.503764
1.162483,1.671275
0.276026,1.700164
0.257914,1.401835
-0.088765,3.633544
0.120948,0.86086
0.358954,2.473606
0.208816,5.050048
-0.083826,3.84685
-0.974623,1.012495
0.326321,1.385968
-1.277444,3.552413
0.201182,2.97207
-0.002844,3.463198
0.367935,0.493823
0.746647,1.671275
-0.238903,3.638633
-0.258213,2.280208
0.464933,3.292403
-1.401086,0.685275
1.732348,2.187701
-0.043559,1.924548
0.866698,1.318009
-0.364193,4.111949
0.049996,2.693499
-0.122745,1.670227
-0.262704,3.205734
-0.352816,1.50527
0.212558,2.029779
-0.031285,3.153193
-0.346829,0.774789
0.20672,2.528392
-0.746797,1.165626
-0.607137,1.0339
0.465682,0.836461
-0.319885,2.493365
1.614393,1.136437
1.331631,1.825454
-0.145797,1.185235
0.287552,0.972977
0.434247,2.337389
-0.534538,0.840053
1.387614,1.522334
0.587678,0.371976
-0.477357,3.183131
-1.261577,1.146167
-0.293989,2.578837
0.784818,1.831142
0.060624,0.252375
-0.081281,2.443668
-0.839454,1.709745
-1.805246,1.587599
0.287253,0.988993
0.286205,0.933159
0.428259,1.469794
0.676743,1.90928
0.691113,-0.039069
0.75024,2.070794
-1.609303,1.150657
-0.030686,2.991679
-0.855172,1.94745
-0.516426,1.367856
-0.818498,1.41875
0.854573,1.796564
-1.097967,0.963846
0.040865,3.036885
-2.313888,1.194217
0.267643,2.600692
0.603246,2.275568
0.845592,0.367486
-0.592767,0.471819
-0.005838,2.839445
0.004491,1.340013
-0.262853,0.310754
0.328866,1.917812
0.006886,2.804268
-1.388513,4.171076
-0.39892,2.147434
-0.264949,2.574646
0.440235,0.300126
0.007784,1.698817
-0.51927,3.589086
0.717907,1.868564
-0.697999,2.809208
-0.064216,2.443668
0.719254,0.795446
1.002914,1.581611
1.253044,1.564996
0.811313,0.787812
0.910107,1.550476
0.269739,1.220712
0.06272,2.728975
0.438588,2.884801
1.00965,1.512305
1.087189,1.300196
0.118254,3.748655
-0.3365,4.311185
0.364642,1.274001
1.609453,1.683848
-0.001796,2.854414
0.361199,1.751508
1.129401,0.662822
0.079934,2.076931
0.317789,2.607128
-0.261806,2.453997
-0.651745,3.913163
-0.190404,4.31343
0.066013,1.382375
1.147065,-0.77404
-0.726739,0.957259
0.038919,1.794768
-0.136666,2.477049
-0.354014,3.840863
0.179477,2.193089
-0.356708,3.211572
-0.599952,2.498454
-0.039218,1.906735
-0.688718,3.168761
0.790057,0.910706
0.176333,3.171156
0.489332,3.379971
1.87051,1.265918
-0.810265,1.714984
0.863854,2.025887
-0.841849,1.715283
-0.289947,1.720522
-0.577948,1.985771
-0.216899,2.03906
0.12963,2.323019
0.601449,0.971629
-0.376467,1.017883
-1.172512,4.78944
-0.594564,1.463357
-0.411195,3.579955
0.516426,2.20701
0.158969,1.422193
0.097447,4.112997
0.854274,2.77463
0.464484,1.946852
-0.243244,4.186794
1.255589,1.16832
0.12035,0.281115
-0.393981,1.615141
0.260159,3.24585
0.135319,4.111051
1.108445,1.632655
-0.218695,2.526147
0.201032,3.477868
0.892145,-0.144749
0.426164,1.539548
-0.590223,2.450105
0.933459,4.808451
-0.214504,3.237617
0.260309,2.542164
-0.503703,2.270029
-0.286355,2.79394
1.050216,0.615221
0.766107,1.683848
-0.919837,1.813778
-0.037422,4.345613
0.11062,2.051035
-0.43739,2.520608
1.264421,2.427652
0.52421,1.723965
0.409249,1.609453
-0.042811,3.208428
1.107547,2.52929
0.602198,1.480871
-0.78362,1.273552
-0.849633,1.826202
-0.023202,2.867886
0.97133,-0.148641
0.667612,1.321901
-0.048649,2.927911
-0.258512,3.363056
0.46628,1.763333
-0.021405,1.31741
-1.18763,2.937192
-0.421224,2.064956
1.252895,1.517844
0.464634,0.523312
-0.707279,1.977388
0.160616,3.869603
-0.114512,3.482807
-0.857567,2.821183
-0.603844,0.869691
0.302222,0.953517
-0.715213,0.093555
-0.095052,4.008664
1.065185,2.809657
0.3606,2.53423
2.035467,2.446812
0.035027,3.249293
0.804128,0.304766
1.003663,2.469415
-0.646057,1.658252
-0.447569,1.092877
0.478106,1.350043
0.274529,2.027384
1.639391,1.207539
-0.85128,1.666934
1.454974,1.866469
-0.777633,2.497407
0.435295,0.651146
-0.512235,3.534001
0.575104,1.420097
0.429607,2.315984
0.818648,1.249152
0.83197,1.361718
0.11062,2.528991
-1.739533,1.819317
0.127235,2.458038
0.739612,3.24091
0.469124,1.249751
-1.275198,3.195555
0.414189,1.999692
-0.548759,0.808618
-0.069905,2.882705
-0.002395,2.828368
0.276625,1.9955
0.506547,1.846111
-1.741329,1.700464
0.748593,1.983825
-1.060395,1.499282
-0.295336,2.106719
-0.533341,2.365082
-0.321831,2.827171
-0.000898,3.621868
1.277893,3.550317
-0.166903,2.370321
-1.110541,1.223107
-0.379311,2.016307
0.813558,1.887575
-0.917143,1.521736
1.417852,0.496817
-0.080083,3.085534
0.590971,1.586102
0.403261,0.578697
-1.394201,1.287922
-0.906665,1.977388
0.064067,2.083218
1.081501,2.242786
-0.815953,1.349893
-1.202749,1.47174
1.008752,0.94229
-0.856369,2.823878
0.462838,3.286266
0.596809,3.035238
0.531694,1.141975
0.562979,1.944756
0.136666,3.042124
0.415237,2.373464
0.094304,2.715802
0.906964,1.993405
-0.083526,0.318987
0.078736,1.071023
-0.371976,3.737129
0.166604,1.488804
0.367935,1.880539
0.276625,1.868714
-0.75518,2.953808
0.213905,2.187102
0.599054,1.610501
-0.241598,1.040935
0.747096,3.003654
-0.374821,0.718356
-0.313448,3.041974
1.651216,0.396525
-0.912952,0.260159
-0.395029,1.419049
0.420176,2.261946
-0.455353,3.987258
0.592019,2.170486
-0.09116,2.175875
0.067809,1.359174
0.934956,2.419868
0.924178,1.054856
0.288899,2.597698
0.543669,0.739612
0.242196,2.65458
0.936902,1.171763
-1.340762,2.883005
-0.328716,3.349884
-0.439935,3.003654
0.39443,3.588338
-0.000449,2.093846
0.563279,3.491789
0.662373,1.011596
0.94244,2.132615
-0.355062,1.142424
-0.946482,2.391876
-1.479972,3.434009
0.503852,0.873284
0.856968,0.604742
1.419199,-0.608335
-0.286804,2.369722
0.210762,1.403182
0.068108,2.810555
-0.536335,2.625241
0.388891,3.205285
0.431403,1.296903
0.382904,1.791624
0.010179,3.734883
-0.052092,2.962939
0.324974,0.938099
0.039368,2.888843
1.677711,1.782793
1.286425,3.504363
0.128732,1.785637
-0.916394,1.906885
1.416654,1.967359
1.275797,-0.627794
0.074994,0.332309
-1.093476,2.192191
0.132175,2.006128
-0.684676,1.525029
0.289947,4.02004
0.676443,1.005908
0.627196,1.117576
0.406854,1.748963
-1.758244,2.765798
1.545985,1.363964
-0.57226,0.930465
0.89948,1.494043
1.642085,1.18314
0.067809,2.990481
1.414708,0.600701
-0.699944,0.91834
0.03862,2.142794
-0.484243,0.696053
0.253872,0.590971
0.17798,3.559897
0.03368,2.456991
-0.679138,3.014282
0.181123,1.47159
1.708996,1.474733
0.036674,3.345244
0.067659,1.905986
0.499062,1.155298
-1.38477,2.160308
0.422422,1.857038
-0.117356,1.392404
1.541045,1.792522
-0.199984,4.806954
1.551823,1.638493
1.145717,1.050965
0.032033,3.158133
-0.625849,3.05844
0.369132,1.144071
-0.86101,2.552342
1.24047,1.946103
0.849334,1.340013
0.367336,1.624871
0.317041,3.338358
-0.444126,1.730252
-0.092358,3.641927
0.248633,2.844235
1.577569,1.604214
1.071472,2.492916
-0.148042,1.807491
-0.08173,0.425116
-0.208816,4.008664
-0.470921,1.910028
1.192121,0.869392
-0.227078,1.955084
-1.543889,2.516267
-0.360001,2.857109
-0.106578,3.078498
-0.517324,1.787283
0.478555,1.095572
0.359103,1.677861
0.496517,3.02491
0.070653,1.338217
0.695903,0.958158
-0.236808,2.246977
-0.289947,1.774709
-0.123793,2.742896
-0.575553,2.584226
1.488505,0.845891
-0.681084,1.072071
0.124691,0.410446
0.372126,2.033821
-1.04363,2.13022
0.167502,3.072062
0.095651,1.63011
0.080982,3.116369
-0.555944,2.703528
0.779429,3.261418
0.088017,4.67897
0.561632,3.194507
-0.959056,2.335593
-1.116678,1.458866
1.496738,1.418899
0.445773,1.944456
0.460742,1.786535
-0.309107,1.585952
0.299976,-0.085023
-0.050146,0.831371
1.913471,1.710792
-0.237107,2.835553
0.796643,3.276237
0.032183,4.46716
-0.299228,2.084865
-0.938548,2.013014
-0.222138,-0.058528
-0.228275,3.026856
-1.126857,1.892365
0.109422,4.421056
1.933978,0.466879
-0.667312,3.434009
0.560584,3.681744
0.327519,1.337469
-0.439785,2.845583
-0.278421,3.021018
-0.266596,1.917962
-0.420625,1.178799
0.812061,1.352438
-0.494122,2.452051
-0.460742,3.435356
1.343307,1.710044
0.247735,1.678909
1.153352,1.815874
0.356109,1.836232
-0.821342,2.223626
-0.908311,2.282903
-0.731529,2.108815
0.184267,0.92792
-0.725691,3.872896
0.79335,2.015409
0.887205,1.114433
-0.092807,1.792073
-0.024549,3.957021
0.304617,2.371668
0.444576,1.952839
-0.075892,3.107089
0.028141,2.734663
0.333656,1.590892
1.285078,3.1737
0.036075,1.696123
-0.523461,3.518882
0.971779,2.370022
-0.468376,1.520688
0.762814,1.855691
0.746498,1.117277
-0.56253,2.082469
-1.18793,3.097808
1.5388,2.580484
-0.30282,4.177213
-0.898132,1.943109
0.267045,1.751508
0.308359,2.526895
0.999472,1.93308
0.070803,1.236579
-0.402064,2.882556
-1.153501,2.312242
0.758323,1.237926
-0.457299,3.546874
0.146994,3.329526
0.073946,0.707429
0.224533,2.590962
1.388812,0.196242
-0.140558,2.739304
0.364791,2.8613
-0.314496,2.436034
0.951871,1.258134
0.76476,1.713786
-0.680934,3.403173
-0.611478,1.876797
0.218396,1.68804
-0.040865,2.57285
-0.75488,3.152744
0.604443,1.96691
0.362247,1.748664
0.521066,2.885849
-0.204325,3.39524
-0.140558,2.791395
-0.169747,2.714156
0.413141,3.28432
-0.084125,1.542393
0.223336,2.876568
0.148791,2.597399
-0.455802,3.508704
-0.895588,1.056503
-0.512534,3.708987
0.020058,1.046624
0.40401,1.352138
0.61552,3.129392
-0.364492,2.69305
-0.712369,1.897754
1.034499,0.916544
0.213905,2.368674
0.193248,2.887645
-0.627345,2.333198
-0.756676,3.257975
0.436343,2.195634
-0.420476,1.363515
-0.364642,2.285896
-1.769919,1.439706
-0.441731,2.955304
1.345552,2.264491
1.224005,1.180595
0.441731,3.459456
0.302521,3.045267
0.403261,2.865791
-0.600401,0.87044
-0.157473,3.328029
0.339195,2.944976
0.155227,0.73557
0.493973,2.65937
-0.008832,4.337231
-0.186812,1.585653
-0.421673,2.643503
-1.47159,4.585415
-0.598905,2.99587
-0.468975,0.728685
0.232018,1.710643
0.435145,2.038012
-1.064586,1.521286
1.536555,0.747845
0.182321,1.937122
0.033381,2.145189
0.015418,3.987857
-0.324076,2.252067
-1.127455,2.696193
-0.208067,1.957479
-0.571811,2.358495
0.150737,3.144661
-0.830772,1.393901
-0.370629,4.294869
1.096171,1.309178
-0.128134,2.379751
0.118254,2.412084
0.197888,2.111359
1.212479,0.807421
-0.684077,1.341959
0.64456,0.914299
1.484014,0.415985
1.110541,0.916993
0.505199,1.745221
-0.036973,0.579445
-0.492326,3.27459
-0.803828,1.046773
0.27393,3.35153
0.422871,2.909949
-0.13966,2.309547
0.670905,1.286874
0.189207,1.92814
-0.571062,1.570085
-0.035327,3.503614
0.605042,3.857179
-0.111518,1.748065
0.022304,2.157164
0.357457,2.156865
1.572779,1.051114
0.101639,2.33724
0.387394,0.6492
-0.892744,3.950136
-0.69261,1.530118
0.042212,1.10141
-0.277074,2.045496
0.116608,3.190465
-0.621059,1.890119
-0.513732,1.115181
1.356928,0.430205
0.266446,2.400259
-0.106279,3.747307
-0.356259,3.642974
0.255369,1.691632
-0.29803,3.278183
-0.883313,3.206183
0.939746,1.680106
-0.133073,1.280587
-0.859064,4.224216
0.343985,0.325124
-0.212708,2.623445
0.487536,1.116229
1.534908,0.161814
0.439636,2.26958
-0.582888,2.054777
-0.02889,1.403781
-0.062869,2.99602
0.322579,1.941762
0.363295,5.290149
1.328637,0.896336
-1.265019,-0.92343
0.293839,2.963238
-0.401914,3.68369
0.141755,3.076403
0.016166,1.653013
-1.332529,1.169219
-0.248334,3.501818
-0.715811,3.635041
0.463736,2.037263
-0.657583,2.380051
0.140408,1.515898
-0.945584,1.621877
0.003892,3.410957
0.806074,1.91856
-0.319585,3.206482
-0.035027,1.963617
-1.140778,1.719923
-0.13472,2.772085
0.883463,2.605332
-0.619262,2.095792
0.09625,2.730322
0.512235,1.772464
-0.188608,2.683919
-0.30297,1.115929
1.032852,3.542982
-0.025447,3.658991
0.170196,1.464554
0.383503,4.714147
0.493823,2.492467
0.553848,2.051634
-0.335003,2.648892
0.343087,2.737058
-0.990939,2.978806
-1.383872,0.825533
-0.295336,2.871928
0.376018,2.862048
-0.321831,3.225493
-1.606908,1.35588
-0.381407,2.426454
-0.767005,1.779799
-0.76446,4.365672
2.243235,0.825533
-0.651296,2.881208
0.042661,1.623973
-0.311353,2.357448
0.896486,1.613644
0.83691,2.400558
-0.058079,2.56312
0.143551,3.147954
0.930315,0.537981
-0.157473,0.750839
0.264949,1.194217
-0.776735,2.405049
-0.997825,3.929628
0.869093,1.772764
0.20178,2.099534
0.98121,1.905687
-0.082928,2.425257
0.993185,1.018632
-0.554597,2.342329
-0.20178,1.416205
1.619333,1.111588
0.105231,2.387834
-1.695524,3.538192
0.448467,3.396138
-0.608784,0.660427
0.100441,2.391577
1.18763,1.140927
-0.004191,3.014132
-0.281564,2.768194
-0.665815,1.141376
1.192271,2.028881
0.99543,1.570534
0.228126,3.739823
0.929717,2.746189
0.003593,3.420238
-1.359024,2.162104
0.058678,1.495091
0.289049,1.720822
-0.061372,3.825595
-0.704435,1.89461
-0.171244,3.797902
0.332309,2.430496
-0.945135,3.213218
-0.712069,2.22168
-0.179177,3.907474
1.085692,0.755329
0.458796,1.424138
-0.776585,2.063309
0.246986,1.087788
0.871039,2.079027
-0.108075,2.148033
-0.575853,4.31358
-0.43769,4.331093
-0.697849,1.22131
-0.257465,3.734584
1.021476,1.629062
-0.058528,2.578239
1.862726,-0.002096
-0.026495,3.292553
-0.160167,3.797902
2.15911,0.678689
0.028441,-0.018412
0.570913,4.565805
0.441881,4.037853
0.720901,1.63041
0.196092,1.397793
1.11548,1.240021
0.069605,0.050894
1.175206,2.866389
1.092279,1.874702
-0.20178,2.460284
-0.419577,2.809358
1.576522,2.897824
0.427511,2.571353
1.206491,0.205822
-0.41853,0.90876
0.916843,0.602796
-1.041534,3.367996
1.83698,3.105592
0.066013,4.017645
-0.657283,0.986149
-1.09647,3.067421
-0.619113,2.59201
0.618514,2.299668
-0.123643,2.07753
0.04341,3.314557
0.493823,2.01017
0.289947,1.763932
-0.066761,3.435206
0.041015,4.04429
-0.528551,1.18284
1.052761,1.633104
-0.333207,1.175655
-0.294587,3.260969
0.02874,1.542692
1.417702,1.426833
-0.782722,0.90397
0.074695,3.771856
-0.572859,1.707649
-0.391286,2.732568
0.495021,1.213826
-0.637824,3.931724
0.393083,1.26472
0.761317,3.37084
-0.625399,1.058898
0.327519,0.844993
0.46149,1.836531
0.254471,1.773362
-0.30297,1.472189
-0.178878,2.817291
-1.19272,2.068548
1.469344,2.301015
-0.654888,1.786086
0.253573,1.223855
-1.613644,2.122736
0.297282,2.314188
-0.677641,2.234553
-0.186512,2.009272
-0.983156,0.61088
0.571062,0.893642
-1.01459,2.030677
-0.32722,2.201921
-0.201331,0.117805
-0.269739,2.634671
-0.153581,2.665208
0.314197,0.588576
0.86535,0.753383
0.059726,3.201542
0.746797,0.741408
0.121248,0.871937
-0.005688,3.211871
-0.430505,3.589985
-0.309257,3.261717
0.665965,2.281256
-0.726888,2.519561
-0.151036,2.895279
0.21166,2.9815
0.247885,2.899021
-0.004191,0.583337
0.277972,0.198487
1.359623,1.655108
0.820294,3.005151
-0.451611,0.467628
-0.453108,3.051854
-0.361349,3.527564
0.994682,1.830843
-0.698747,3.85179
-0.554148,0.949326
-0.290695,2.214196
1.307232,1.255589
1.44764,2.851271
0.254321,1.287772
0.077239,1.558559
-0.182021,1.8994
-1.400488,1.107397
-0.939147,0.902623
0.626298,0.038021
-0.86086,1.387165
0.063019,1.139431
0.936153,3.859275
0.403411,2.466421
1.042881,3.697162
-0.506397,1.226699
-0.589474,3.435955
-0.049397,0.007335
0.323627,2.292483
0.736319,2.493215
0.495021,2.241439
-0.729283,1.575923
0.010329,1.7072
-0.036524,1.112636
1.614393,0.30791
0.20208,2.044748
-0.553399,2.3805
-1.409619,1.777853
0.057031,2.449806
-1.158441,1.58206
-1.542692,3.160079
0.498613,2.304308
-1.329086,1.392554
-0.432151,2.915038
-1.201402,0.913251
1.227448,2.056424
-0.655188,2.931354
0.024399,3.608396
1.411116,0.715811
0.838556,1.174907
1.282982,1.302891
-0.386646,1.996997
-0.470472,2.448309
-0.698897,1.162782
-0.744252,2.867437
-0.2645,3.460953
1.700464,2.581532
0.294438,0.978665
-0.048948,0.101489
0.034279,2.220932
-0.406405,4.080964
-0.415386,0.206421
-0.342338,2.897525
-0.41838,3.655698
0.159119,3.307522
-0.22124,0.959355
-0.062121,2.892285
1.172512,1.334625
-1.237926,1.876049
0.503253,1.713038
-0.745749,2.290986
0.21136,1.059946
-0.501906,2.407444
-1.381926,2.08696
-0.277822,1.786984
0.132175,3.957919
0.008383,3.486999
0.210911,3.170108
-0.78362,1.273552
0.167502,2.259252
0.310903,2.835553
-0.643212,2.102378
1.188678,0.752036
-0.333656,2.423311
-0.436193,2.919828
0.626597,1.776206
0.604443,1.070125
-0.34608,1.825304
-0.493973,2.078129
-0.387694,2.693948
0.480052,2.251019
-0.172441,4.458778
0.229622,2.847079
0.035027,3.236719
0.141156,2.287992
-0.027543,3.083887
1.483715,3.425028
1.749113,1.084794
-3.571423,0.179926
-0.308359,2.789749
-0.457898,2.356849
0.441582,3.661087
-1.010549,3.390749
1.371747,1.86108
0.350122,-3.87095
0.70189,1.299148
-0.810564,0.529
-0.349673,2.560725
-0.847388,3.027005
-0.694107,2.307003
-0.736768,2.039808
0.596809,2.113605
-0.705034,2.181264
0.468376,2.132166
0.700992,2.393223
2.238295,1.882635
-1.377136,2.932701
-0.152982,0.198787
0.904868,1.639241
-0.020058,2.161505
0.256267,2.600392
-0.819546,2.338737
0.154928,2.998415
0.295336,0.615969
-1.54359,2.660717
-0.968785,1.431324
-0.708776,2.288142
-0.950074,2.93809
-0.808618,3.783532
-0.108973,1.713337
-0.739762,1.376537
0.590821,2.21195
0.248334,3.571723
-0.353864,3.085085
0.406854,1.292562
-1.387165,1.319656
-0.458796,3.670816
1.756597,0.034279
-0.558938,2.897375
0.53364,1.688189
1.900747,1.379531
-0.37497,2.103576
-0.085173,1.989513
0.103136,4.233796
2.041604,3.047962
-0.260309,2.249672
-0.730331,1.801504
-0.088167,4.008514
-0.452659,1.918261
-1.083896,3.18328
0.018711,2.056723
1.087788,2.309398
0.479603,1.45707
1.909579,2.500101
-0.863554,1.139281
-0.243993,4.43857
-0.249381,2.24084
0.658481,2.660268
-0.629591,2.466122
-0.71177,0.159418
0.095651,3.67381
0.409848,2.839894
0.76925,1.758842
-0.450413,2.272125
0.796045,2.041904
-2.379452,-0.506696
0.160915,2.693798
0.318388,2.859803
-0.238454,4.088747
0.439935,4.072132
-1.129102,1.311872
-0.906964,3.309917
0.418979,3.672613
-0.144001,3.017575
0.37018,2.055825
0.477806,1.451532
-0.05269,2.204466
0.131726,2.185904
0.351319,1.544488
-0.471669,3.241509
-0.758622,1.420995
0.037572,3.459306
0.314945,3.418591
-0.221689,4.540508
-1.454076,3.149451
-0.068108,1.755699
0.288899,3.069367
-1.45692,1.655707
-0.181273,1.994153
-0.131576,3.042423
-0.465083,1.538201
0.20208,4.087849
0.324825,0.755629
0.37048,2.69784
0.27393,3.35153
-0.69246,1.740131
0.834515,3.830385
-0.144899,2.925965
0.092807,1.844913
-0.848585,2.570006
-0.349823,2.099983
0.82239,1.336271
0.037272,2.940485
-0.258363,2.331701
-0.140707,2.378404
-0.180225,2.538721
0.242645,0.950374
0.55759,2.232009
-0.662373,3.183879
0.862955,2.079027
-0.124242,2.46208
0.941991,2.444566
-0.477657,2.281106
1.643882,1.611848
0.489033,1.316812
-0.314795,0.981808
-0.460742,0.714464
-0.49053,1.383423
0.50475,0.650996
0.337548,2.829117
-0.809367,1.434467
0.651745,1.001867
0.478255,0.989442
-0.542622,0.241298
1.259631,1.949845
1.970502,1.198558
-0.345931,3.140469
1.199306,-0.348924
-0.258812,2.097438
-0.3124,2.473606
-0.555794,4.02034
-1.146316,0.09625
-0.320633,3.250491
1.808389,0.757575
-0.280666,2.541714
0.565225,2.632426
-0.304018,2.759661
-0.157023,2.343976
-0.072898,1.348097
0.675994,2.407294
-0.37527,3.265459
1.246009,1.856739
-0.732277,1.647474
1.097967,-1.840573
0.685125,0.420326
0.12035,2.58707
-0.022154,3.605852
0.027692,4.268224
-0.910856,1.124761
0.509989,1.751508
0.198936,3.33252
-0.652493,0.502804
0.114063,1.787882
0.080533,-0.326471
-0.257315,2.677632
-0.646206,1.937571
0.326172,1.910327
-0.564326,1.069526
-0.2645,2.628384
-0.91849,2.07738
0.427511,0.904868
-1.692081,1.01953
0.200134,2.296075
-0.61552,1.224603
2.574945,1.661096
-0.537832,0.568069
1.087638,2.225273
-0.114063,1.669179
0.109422,3.024012
-0.125589,0.665217
0.044308,4.700076
0.231868,1.909429
0.282014,1.747616
0.967289,2.013313
-0.103884,2.868485
-0.265248,3.167114
-0.809068,2.380051
-0.531395,2.508334
-1.447939,3.264262
-0.379611,3.141367
-0.420176,2.691852
0.943338,1.518293
-0.233365,2.61611
0.098645,4.151467
-0.078587,2.525698
-0.417033,2.482438
-0.465981,1.350192
0.922831,0.889001
1.143772,1.046923
-1.009351,2.893483
0.179926,0.94723
-0.197888,2.439627
-0.687371,3.060985
-0.679437,0.138462
-0.231419,2.313739
0.663869,0.214205
0.472867,3.762875
-1.339265,1.653611
0.152982,-0.031135
0.024848,2.602638
0.539328,2.193239
1.065335,1.900448
0.235011,1.877995
0.595911,1.368454
-0.240699,2.343377
-0.152682,3.127746
0.263752,2.147135
1.409469,0.294887
0.883163,0.498164
0.681533,1.081501
0.381706,3.473377
-0.173938,1.822161
-0.212708,1.475182
-0.173639,1.291664
-0.411195,3.30842
-0.300126,0.509091
0.751886,2.313289
0.834066,2.221081
-1.24062,1.722917
-0.733924,2.021396
-0.566721,0.767155
-0.852926,3.775599
-0.628543,2.076482
-0.594863,-0.452808
1.175805,1.723067
0.188907,3.378175
-0.907563,1.055455
-0.529449,2.599045
-0.541574,2.470612
-0.621807,2.307302
-2.098786,-0.166903
0.440684,0.619113
0.780776,1.332529
0.743204,1.846859
0.196392,4.981341
-0.065564,2.220033
-0.296234,1.862128
1.770518,0.326471
0.229473,0.844244
1.017883,1.368604
-0.586181,3.088677
0.785417,2.066303
-0.066162,2.098636
-0.157922,1.820514
0.156425,2.734064
0.124391,2.673441
0.602048,0.840502
-0.096849,1.724264
-0.751886,2.790497
0.320933,3.334466
-0.074395,1.394201
0.404758,0.298479
0.062121,1.776655
-1.771716,0.292641
-0.432002,2.509831
-0.475411,1.085692
0.089813,2.795886
-0.434995,1.465902
-0.912203,0.028141
0.734223,0.364492
-1.330284,2.181563
1.415906,2.336791
0.536335,1.084644
-1.021176,0.51448
-0.441432,2.777175
-0.181273,2.558629
-0.251327,2.682272
0.149689,0.643961
0.704435,1.126408
-0.410596,4.069438
1.186283,1.549129
0.741558,2.272424
0.571212,2.645149
-0.173489,2.461182
0.332459,1.996997
-0.123044,3.262316
0.084724,3.505111
0.376317,0.464634
-0.020208,2.729274
-1.134042,1.059048
1.553769,1.658102
0.18771,2.653532
0.013322,3.64043
0.928819,1.712888
-0.438139,1.378483
-0.872236,1.415906
0.458497,1.659749
0.064216,2.697391
0.275876,0.914748
1.030607,1.41381
0.131576,2.320924
1.510509,2.527943
0.442031,1.747915
-0.024399,1.003064
-0.326022,1.70705
-0.611927,2.979255
-0.246388,1.502725
-0.209564,3.571872
-0.196392,3.686983
-0.412542,0.921783
1.432371,1.453627
0.64905,3.723507
-0.304167,2.009721
2.093247,2.403552
-0.100291,2.992577
0.06751,2.232009
0.656535,0.877625
0.584834,1.782942
1.695374,0.981808
-0.761616,1.992357
0.867746,0.041314
-0.152084,3.219206
0.60115,1.966311
0.534987,2.469115
0.353714,1.861529
-0.420625,3.415448
0.059576,3.792663
-0.473016,2.964884
0.594713,0.697999
-0.517474,1.685345
-0.970133,3.272645
-0.163011,3.156336
-0.302072,2.363585
0.11047,1.295706
-0.020358,3.989354
1.103505,1.689088
1.975592,1.44255
1.023871,-0.618364
-0.315544,2.67838
0.508642,1.29825
-0.859064,2.88525
0.796943,2.727628
0.9137,1.935026
-0.046703,1.682501
0.770747,2.714006
-0.617915,2.006877
-0.061073,2.604733
0.615071,1.555266
0.517025,1.98113
0.282313,3.242407
-0.239352,0.098345
0.429457,-0.130379
0.048499,3.867507
0.214953,4.021986
1.700314,-1.38971
-1.273851,1.10111
0.052391,2.075733
-0.545166,3.673361
-0.45685,2.634372
0.171992,3.951633
0.691712,3.482957
1.334325,1.341959
-1.201851,1.988465
0.970881,1.469045
-0.614921,3.728596
0.391735,3.194806
0.036075,2.455344
1.62517,2.168091
-0.14924,2.061812
0.627794,0.07215
-1.582509,4.868326
0.456401,2.268383
-0.432151,1.709445
1.290766,2.081871
1.299298,-1.944606
1.035846,0.190554
0.082029,2.89468
-0.342787,2.93315
-0.419128,0.387095
-0.411943,2.73137
-0.923729,3.151995
-1.618434,1.024769
-0.174687,2.57255
1.063838,1.431623
0.1681,3.542384
0.553549,-0.287851
0.621059,1.210233
-0.39937,3.311414
-0.209864,3.864813
-0.117057,3.074008
1.056653,1.563648
-0.275577,2.210304
0.136965,1.097817
-0.829725,1.908082
0.120799,2.290537
-1.108445,3.123854
-0.495769,3.046615
-0.332908,-2.24069
0.289199,3.299139
-0.314795,2.643652
-1.043779,2.970423
0.329465,2.370171
-0.052241,2.69754
0.290396,3.50571
0.936153,2.132915
-0.270038,1.6831
-0.594414,1.735042
-0.281415,1.979484
-1.249751,1.164728
-0.586181,1.760639
0.566422,1.51964
-0.417632,2.400408
-0.387394,2.711012
0.765358,2.17378
0.452808,2.147135
0.062121,1.895359
0.190105,2.758314
-0.136366,2.975961
0.176633,2.512974
0.199685,2.762655
-0.415686,2.894531
-0.686772,1.266067
-0.323178,4.100273
0.684976,2.753823
0.772843,4.875811
0.208666,2.977907
0.517175,1.263522
0.709225,0.481698
-0.231269,3.887715
0.100741,2.744692
-0.114362,2.044898
0.219743,2.668052
0.733774,2.337689
-1.070274,2.009571
-0.123942,1.164878
-0.061821,1.648372
0.669408,1.278342
0.687221,2.847978
1.313069,2.426304
0.970582,0.565524
0.253573,3.993695
-0.427212,1.337618
0.782722,1.669927
-0.323028,2.22153
0.00943,1.786984
0.28396,2.621648
0.627196,-0.177681
0.45191,1.947899
-0.470472,1.813329
-0.25028,2.485132
-0.755928,2.167044
-0.217947,3.192112
0.568069,2.637066
-0.014819,3.238066
0.216001,1.198258
1.435215,1.219364
-0.523911,4.476591
1.414558,1.153801
-0.157922,3.245401
0.263602,4.985682
-0.970432,2.706222
-0.402513,3.147355
0.286654,1.893113
-0.703387,1.058898
0.918041,2.269281
-1.062491,1.064886
-0.278122,3.595373
1.299897,2.491569
0.861459,2.66386
1.66364,1.29361
0.38964,1.86587
-0.191152,3.735632
0.03383,2.474654
-0.412542,4.665947
-0.662073,4.79438
0.936902,3.125201
1.181044,1.073867
-0.515378,1.6111
-0.168999,1.232836
-1.015339,3.262765
-0.892744,2.405797
-0.63498,1.290916
-0.468077,2.265389
0.310005,2.64006
0.497116,0.726439
0.053738,2.676734
-0.204924,2.75068
0.677491,1.257236
-0.488584,3.728297
0.504002,1.297801
0.946931,0.936004
-0.076641,1.504671
-0.277822,1.891766
1.295406,0.756676
0.39428,2.997517
-1.89491,2.535128
0.46628,1.939816
-0.473016,3.117717
-0.107926,0.934956
0.163011,2.061363
0.545765,3.567531
0.756377,1.528771
1.142873,0.856219
0.3127,-0.047152
-0.243544,0.657583
-0.760718,1.330882
-0.763562,1.449436
0.005688,2.082619
0.890648,1.170715
0.537682,1.880539
0.218396,1.877396
-0.962049,1.797462
0.368833,3.07745
-0.18262,2.549199
0.566422,0.292492
0.633483,2.371818
0.020807,3.546425
-0.479303,1.786984
-1.950743,1.264121
0.998723,1.128952
-0.130978,2.037563
-0.103734,2.579137
-0.396226,2.002536
-0.039368,2.483785
0.720152,0.135618
-0.153581,1.94775
-0.290845,2.549498
0.399968,3.278333
-0.307012,1.189427
-0.026645,0.556094
0.075742,2.793641
-0.132924,2.360142
0.864752,1.647025
-1.107996,1.592389
-0.540975,1.222508
-1.271157,1.028362
-0.27887,3.57292
0.228425,2.940785
-0.050146,2.75562
-0.812211,1.215772
-0.425415,3.703748
0.84619,1.208287
-0.372276,1.345851
0.087269,1.849853
-0.213456,1.256337
0.020956,1.506018
-0.958906,2.686314
0.027692,3.651058
0.208666,1.522334
-0.176333,2.069746
-0.799338,1.387764
1.242117,2.984494
0.790207,1.251248
0.204475,3.08703
-0.28351,4.078718
1.015488,1.852398
-0.378712,-0.165855
0.423769,4.242627
0.441731,3.391198
2.046694,0.414787
-0.465831,1.686842
0.699346,1.647324
0.123793,3.297493
0.623903,0.20657
0.096549,0.893193
0.002245,3.063829
-0.650996,2.547852
0.583487,0.770448
0.209265,1.680855
0.699495,2.846032
0.118853,0.429906
-0.941093,2.522854
-0.586929,1.810485
-0.398771,3.499872
-1.669927,4.786297
-0.056283,3.528013
-0.015418,2.021696
0.302371,3.129991
-0.047002,2.880759
-0.318837,2.968178
-0.503104,2.462379
-0.176333,3.057093
-0.667013,3.175197
-0.677641,4.065995
-0.565823,1.169518
0.043559,3.970493
-0.156125,2.152224
-0.447719,2.372117
1.364712,2.267784
0.183818,3.887416
0.149539,2.349664
0.169448,3.314557
-1.01474,0.995879
-0.249082,2.492018
-0.342039,2.500999
0.296384,2.364333
-0.204624,1.934278
0.178579,0.693807
0.661474,1.906885
-0.41838,2.886747
0.078437,1.359473
0.037272,1.792822
-0.002844,2.824476
0.16825,4.0392
1.028661,1.304088
-0.601,1.174308
0.387095,3.490591
-0.613724,0.690364
-0.115859,2.575993
-1.228346,2.947521
0.37048,1.130449
-0.573008,1.593885
-0.393681,2.703827
-0.392184,4.661007
-0.302371,2.47675
1.007405,-4.386029
-0.214953,2.198628
-0.030536,2.881957
-0.029189,2.098786
-1.237177,2.516118
-0.819396,3.186424
0.068408,2.968327
1.379831,2.116
0.189805,4.308191
0.495619,1.804498
-0.415087,1.737287
-0.305215,0.197439
0.541274,0.977018
0.808169,0.991688
-0.370779,2.917433
-0.363145,2.465224
0.578996,0.271086
-0.254171,1.971999
0.283361,1.988764
0.353116,1.482816
-0.35087,2.254162
0.680186,0.355511
0.389789,2.903662
0.037572,1.890569
-0.309257,2.434687
-0.6974,2.897974
0.434995,1.511257
-0.780477,4.683311
0.49053,1.097817
-0.335901,1.965563
-0.734373,3.487148
0.233963,3.384761
-0.679736,1.062491
-0.193847,2.381098
0.102088,1.718277
0.110171,1.720971
0.974174,1.662144
0.843047,4.249663
-0.67345,0.846939
0.523461,2.260898
0.098196,0.919089
2.79379,0.433349
-1.257385,0.574805
-0.152233,3.51993
0.411644,3.185376
0.329914,3.225193
0.308508,1.715433
-0.044757,1.886078
-0.277074,2.176474
0.46628,2.267335
-0.210762,3.912713
-0.617316,1.359922
0.600102,0.810564
-0.382006,3.104843
-0.155976,3.69297
0.789758,1.002914
0.421973,0.372725
0.060025,3.573519
0.660127,1.039888
-0.15852,0.628393
0.771346,3.403023
-0.631686,1.156196
0.478405,4.836592
0.206121,1.359623
0.540975,2.507585
-0.762065,3.013234
-0.236508,1.514101
-0.319136,3.494783
-0.109273,1.63969
-0.659828,0.847238
-0.798589,1.792073
1.127605,1.775159
0.938399,1.248703
-0.624352,1.797462
-0.551753,2.401007
0.402962,2.840493
1.406475,2.62569
-0.338147,2.32751
1.207539,1.51485
1.059048,0.609083
-0.818947,1.571732
-0.220791,1.884431
0.205223,2.595602
-0.823737,2.640808
1.239722,-0.891097
0.215103,0.549058
-0.666264,2.743345
0.492775,2.525698
0.247735,1.75525
0.372575,2.419568
-1.180445,1.364562
-0.496967,1.217867
-0.022453,2.009122
0.737816,0.266895
-0.470023,2.70278
0.051493,2.768194
-0.295635,2.283951
0.313149,2.055376
0.307311,1.974694
0.698897,0.755629
-0.549208,1.440754
-0.304018,2.508484
-0.524958,2.79873
-1.123264,2.141597
0.078287,2.4766
0.47137,2.031875
0.756976,0.34638
-0.966241,2.704725
-1.614992,3.020718
0.472118,0.782124
1.129551,2.299967
-0.3365,1.061293
0.561931,1.487008
-0.877176,2.07723
-1.104852,2.58213
0.785716,1.422492
-0.387843,2.800676
0.115111,0.63977
0.242346,3.79895
-0.355511,2.184857
-0.304167,4.027974
-0.286654,1.915417
-0.255968,1.159938
-0.959355,1.234184
0.759521,3.247646
-1.416504,1.381627
-0.418679,2.384092
0.508792,1.390309
-0.925076,0.893193
0.525856,1.261427
-0.036374,1.92844
0.156724,2.915188
0.434696,1.78429
0.843496,1.527573
-0.449216,3.299588
1.031355,1.266516
1.05336,1.246009
0.250878,3.698359
0.568817,2.244582
-1.693279,2.217339
-0.686023,1.713936
-0.756377,1.824406
-1.406775,2.017954
-0.138462,3.160228
-0.348775,3.639981
0.299976,1.91886
0.641566,2.172881
0.23576,1.111888
0.383053,1.80809
1.629811,1.398691
-0.707579,1.26966
-0.443977,4.167633
-0.352367,3.441493
0.485291,2.320924
-0.052391,3.31321
0.262853,3.442392
-0.287552,3.167862
-1.353785,1.089135
-0.215701,3.320246
-0.816702,0.848136
-0.26465,2.560426
-0.731828,3.335663
-0.955762,4.224066
-0.069755,1.96212
0.833018,-0.44233
-0.311203,1.452879
-0.164508,2.065106
-0.155078,2.093696
-0.692909,4.160748
-0.391436,2.690954
-0.177082,1.916914
0.529599,1.392704
-0.954415,1.900149
-1.039438,3.57307
-0.020807,4.154161
-0.720751,1.524131
0.779729,2.107467
-0.397424,3.242707
0.47586,3.023562
-0.047302,2.650388
-0.002395,0.866698
-0.579744,2.017355
-0.51942,1.109343
-0.182471,2.487827
0.251776,1.641487
0.229622,0.803379
-0.399819,0.915347
0.242645,2.897076
-0.343087,1.966311
0.138163,1.939517
-1.301543,1.079106
0.42796,1.285676
0.518522,3.761378
0.61088,-0.475112
-0.736618,2.209705
-0.406405,3.050207
1.438209,1.631008
0.429607,0.649948
1.382076,1.797462
-1.045576,1.054557
1.061592,3.321593
-0.623154,3.469335
-0.139959,1.82725
0.353116,2.747836
-0.80787,2.267485
1.00007,2.604135
-0.242346,3.749553
-1.157992,3.193908
-0.677641,0.930166
-0.997975,1.280886
0.674797,1.302292
-1.490151,1.158591
0.337847,1.054707
-1.040935,2.850971
-0.870141,3.088527
0.511786,0.322729
-0.659978,1.531166
-0.549358,3.995641
0.486788,2.33709
0.116458,1.857637
-0.323777,2.817591
-1.691932,3.174449
-0.623903,2.173929
0.03862,2.234104
0.103285,3.746709
-0.782872,2.315984
-0.129181,1.629811
0.501607,0.787063
-0.848136,1.305735
-0.585582,3.273094
0.227227,1.850302
1.74088,0.191901
-0.018561,4.373306
0.053439,2.409539
0.446671,3.454666
0.075593,3.203937
-0.734073,1.615441
0.225431,3.25064
0.078138,2.700085
0.255968,2.657574
-0.315843,2.381098
0.527204,2.080074
-0.702339,1.373394
-0.195793,1.755849
-0.339793,2.864144
-0.660427,2.652484
-0.126038,3.809578
0.081431,3.459755
0.384101,4.158652
-0.732277,3.896547
-0.09595,3.709586
0.472717,2.14474
-0.70713,1.712289
-0.039518,2.039509
0.599204,2.854714
-0.007035,3.686684
-0.213306,2.885549
0.506397,2.718647
1.465303,-0.595761
0.023202,3.033292
0.00973,0.639171
0.098795,2.133214
0.494572,0.2166
0.017663,1.896257
-1.083447,3.37563
0.087568,3.126399
0.868344,3.268753
0.940794,2.55848
0.252974,1.547332
-0.690065,0.498463
1.196312,2.225273
0.045206,3.782933
-0.755629,2.196832
-0.236658,1.788481
-0.353415,3.586991
0.266446,1.391955
-1.296454,0.585433
-0.264799,1.445993
-0.343386,2.987038
-0.885409,2.002087
-0.266296,0.311502
0.629291,2.514471
-1.012794,2.730472
-1.635798,1.297053
-0.65878,3.144361
-0.37991,0.859962
1.843566,1.675616
-0.065414,1.683549
0.149838,2.018253
-1.494193,3.05829
0.962648,1.667682
0.357906,2.604434
-0.313298,0.757275
0.376018,1.523532
-1.043929,2.628534
0.033231,1.829046
0.269739,0.496817
0.059726,3.159031
0.111967,3.504961
0.892444,-0.060624
-0.980162,2.596501
1.438209,1.204545
0.540676,1.528472
-1.127306,1.089135
0.020358,2.882256
-0.755778,2.187701
0.615221,0.815055
-0.208217,1.364263
-0.336949,2.619702
-0.103136,1.944606
0.706531,2.852319
0.161364,2.32287
0.697999,3.720064
-0.510888,2.398013
0.067659,1.237776
-0.680934,1.871109
-0.260458,3.40482
0.813109,0.486788
0.521665,1.805246
-0.115709,2.1157
-2.616259,1.254841
-0.008083,1.536555
0.122146,1.887575
1.139281,2.037563
-0.811013,1.539249
-0.574954,1.267414
1.588946,2.727628
-0.285905,3.175197
1.147514,-0.19235
-0.710572,2.660717
-0.233514,3.846551
-0.256417,3.22684
0.524958,3.318599
-1.306333,0.804128
-0.759371,3.270699
0.241747,2.47151
-0.463137,3.701353
0.688269,0.767903
0.04311,-0.653541
0.174387,3.945944
-0.151485,1.576522
-0.719254,2.573149
-0.231419,3.27474
-1.07252,3.793861
0.768801,1.749562
0.656535,1.541345
0.162562,3.430566
0.327519,2.459236
0.657133,1.451981
0.995879,1.195714
1.16353,1.660497
0.042212,3.069816
0.295935,1.808689
1.073118,1.016386
-0.017514,1.506018
0.170645,3.022664
-0.565374,1.297801
-1.106649,3.366799
-0.482746,1.981579
1.36561,1.265468
0.20687,2.074237
-0.276924,2.972519
1.487307,1.285527
1.667532,0.362845
0.133223,3.266657
-0.402363,3.090473
-0.071102,3.635789
0.84649,0.788111
0.501607,3.47173
0.335901,2.140249
-0.189207,3.091821
-0.829126,1.138383
0.863854,0.482447
-0.881367,1.585802
-0.063318,2.932552
-0.487985,2.338288
1.445095,2.729424
0.03862,1.994153
0.019609,2.864144
-0.411494,2.278113
-0.126637,3.156336
0.539778,0.243993
0.558938,2.076482
-0.633183,2.632426
-0.017364,2.281705
1.754951,-1.801504
-0.124391,2.670596
-1.387016,3.98187
0.186362,2.336192
-0.891546,1.855541
1.661994,1.01938
-0.369881,2.307003
-1.189726,2.622397
0.170046,2.671944
-1.173859,2.796784
0.648152,1.676813
-1.107247,0.824036
-0.140109,1.258732
-0.313149,2.857857
0.017813,1.886976
-0.722248,2.415078
0.381407,4.336183
0.290396,1.977987
0.042063,3.580854
0.859213,1.85614
-0.284708,1.867966
-1.13,0.226928
-0.097298,1.712289
1.315015,1.2264
0.719254,1.270109
-0.87987,3.014132
0.863554,2.651436
-0.141905,2.4043
-0.171244,3.392096
1.376537,-0.460592
-0.574356,1.015339
-0.024399,3.97229
0.719404,1.780996
0.991388,3.370242
-0.147892,4.123625
-0.991987,2.729424
0.032333,3.90942
0.159418,0.67824
-0.397723,1.317261
-0.682132,3.16891
-0.454904,1.854194
0.104034,4.13575
0.171244,2.121389
-0.578996,1.534908
0.950673,1.805994
0.114063,3.22175
-0.619113,1.923051
0.512684,2.451153
1.219364,1.927242
0.375569,1.886527
-0.071402,2.740651
0.340991,2.78436
0.90397,1.148861
-0.270338,2.608775
0.462838,3.286266
-0.469574,3.449427
-0.168849,3.336562
0.942141,2.613864
-0.242346,1.988615
-0.806223,1.412912
0.416733,2.758164
0.171693,0.785716
0.890798,3.201093
-0.14909,2.32257
0.460293,2.184707
1.272055,0.931363
-0.056732,2.339934
0.220042,2.0196
0.158071,2.403851
-0.59142,2.163601
1.592838,0.143102
-0.571811,3.799249
0.041763,3.132686
-0.601599,1.689986
-0.158221,3.144062
-0.011975,3.35168
0.127684,1.852548
0.642614,0.475411
1.553769,1.366209
-1.286724,-0.309407
0.285456,4.734505
0.107027,4.227808
-1.118624,0.911604
-0.526755,3.432961
-1.707799,5.298532
-0.459095,1.740131
2.198927,2.452201
-0.373773,1.334026
0.041164,2.199376
-0.288151,3.800297
-1.145867,3.912564
-0.148641,2.132615
1.904639,0.773891
-0.252824,3.783981
-0.58663,0.258213
-0.478705,1.166674
0.575254,3.744613
-1.491947,1.239572
-0.314496,1.056802
-1.249003,3.394192
3.910169,1.59164
-0.625998,1.850751
1.495091,2.163301
-0.691412,2.830913
-0.387245,1.207389
-0.106279,3.602558
0.43739,2.591711
-0.08667,0.584684
-0.665067,2.696792
-0.203427,1.784739
0.908461,0.894989
-0.102387,2.391726
-0.741708,2.76041
0.760718,1.858984
-0.076491,2.573598
-0.537383,2.523303
0.243544,0.002096
-1.368754,1.53416
-0.955912,1.597179
-0.324375,3.132686
-0.253124,1.815874
-0.414488,3.875291
0.033081,1.564996
0.208965,2.594704
-0.589175,3.812422
-0.55759,2.576891
-0.067959,4.206103
-0.69261,4.165687
0.00943,0.349373
-0.38455,3.147205
-0.282912,2.544708
0.661025,2.93839
2.429598,-2.002685
-0.448916,1.735042
0.120948,1.036594
-0.53379,0.827479
1.400338,3.04377
0.205074,4.791835
-0.824036,2.223626
0.890049,0.179776
0.590073,3.498076
-1.331481,1.498534
-0.075293,2.277514
0.104333,2.725083
0.679437,3.538791
-1.490451,4.324357
-0.1202,2.367776
0.879571,3.204237
0.646805,1.729054
0.217797,1.632206
0.297881,3.003953
0.856519,2.367477
1.247655,0.980162
0.259411,1.464405
-0.108524,0.592468
0.765209,0.844843
-0.276774,2.458637
0.141456,1.953887
-0.356708,2.121389
-0.745001,1.730851
-0.690065,1.915267
-0.973426,1.504072
0.207768,3.965404
1.044827,0.872536
0.280068,3.064877
0.383802,1.650168
-0.227527,3.999383
0.794697,1.492097
0.536484,2.056573
-0.011526,3.750601
0.027692,3.901936
-0.489632,1.540896
-0.392484,2.768792
-0.117655,1.613794
0.122146,1.357377
0.613724,0.903521
0.541274,1.539249
-0.473316,1.135539
-0.251926,3.624712
0.041613,2.109563
0.582289,1.790576
0.143252,3.008594
0.325723,2.343826
0.283061,2.490521
0.775837,3.743565
0.425864,3.352728
0.312251,2.185306
-0.416584,1.589844
1.386417,0.439935
-0.667911,3.104245
-0.416135,3.038531
-0.727787,3.294798
0.860261,2.002536
1.479224,3.883824
-0.762963,2.4046
-1.602717,1.575174
-0.48559,3.810027
-0.297282,2.685266
-0.084125,3.104394
0.955613,0.876877
0.005688,1.440455
-1.294358,1.823807
0.730481,0.824336
-1.036594,1.24556
-0.841849,2.964136
0.081281,1.250799
-0.12005,2.867287
-0.185764,2.119293
-0.717757,1.237926
-0.449665,3.572621
-1.335972,2.257605
-0.710572,1.726809
1.37549,1.561253
-0.02425,2.439627
-0.01901,1.792522
1.08674,1.540596
-0.544568,2.41403
-0.157622,0.977916
-1.207988,1.636846
-0.130229,3.302732
-0.0961,1.296903
-0.561782,2.283651
0.730631,1.491648
-1.294658,3.177143
0.03353,3.831133
1.249601,2.422862
1.23568,1.605262
-0.441133,1.025517
1.518592,2.022893
-0.426014,2.057322
0.829725,1.063089
0.587528,2.781216
-0.644859,1.627715
-0.031734,3.027005
-0.324825,1.35588
1.373843,2.316283
0.081131,1.477128
-0.461939,1.034499
-1.512006,3.942801
-1.027912,2.029779
1.511108,2.633773
0.226479,0.510888
-0.947081,-0.191003
-0.119601,3.894751
-1.13,1.537153
0.248783,2.581681
-0.267793,1.43776
0.404609,0.977018
-1.26936,2.410737
1.146765,2.541565
-1.100212,4.692891
-0.627794,2.811603
-0.422871,2.577041
-0.459245,4.329297
1.175056,0.356259
-0.093705,1.632206
0.276625,3.032244
-0.758024,1.796115
0.279169,1.544189
-0.082628,2.850822
-0.865201,2.791695
-1.565894,1.294957
0.158969,3.328179
0.090113,2.353107
0.72629,-0.378712
0.21645,2.878364
-0.650697,1.65915
0.20687,2.501598
-0.785117,1.847309
0.025896,2.836452
0.053888,2.523003
-0.797242,2.312541
-0.210163,2.083218
0.494122,4.444108
0.384999,2.97192
-0.551304,2.599794
-1.012045,1.641037
-0.714165,1.873654
1.417402,0.239652
0.8414,1.138682
0.141905,3.51993
-0.20208,2.66416
1.088237,1.417702
-1.219364,0.925525
-0.17334,0.461341
-0.766706,1.265019
-0.457598,3.037184
-0.337099,2.965783
0.164508,2.733466
0.362845,2.009122
1.424588,-0.619562
-0.998873,3.655698
-0.353565,2.987038
-0.503703,1.209934
1.417103,2.513723
1.135389,5.017716
0.051643,2.223027
-0.319585,2.713707
-0.056882,2.25536
-0.707579,0.927322
-0.034129,3.560795
-0.187859,4.194727
0.288001,1.713636
-0.456251,3.086881
0.751437,1.753304
1.100661,3.771258
0.474513,2.063459
0.389939,0.647104
-0.672252,2.485282
-0.170196,3.083588
0.224533,4.513863
-0.166903,4.509971
0.538879,1.023871
-0.215701,3.304678
-0.118703,3.711682
1.270258,0.925825
0.401465,4.676276
0.455203,2.062112
0.910856,1.035098
0.541873,2.179917
0.11526,2.775229
-0.308508,1.385968
-0.429457,3.128195
-0.093855,3.193309
-0.552351,3.446134
-0.878224,1.936224
-0.232616,4.869374
0.148342,2.48139
0.176034,1.679957
-0.415237,2.612218
-0.073198,0.223186
-0.159119,1.632056
0.054187,0.85098
1.416355,1.307381
0.29803,1.252446
1.071023,0.310005
0.691712,2.378404
-0.384251,2.560575
1.364113,0.842897
-0.08667,3.321742
0.878373,1.092877
0.333656,3.458259
-0.865949,2.152224
0.908311,0.440235
-0.391586,3.379073
-0.092208,0.083377
0.794847,1.408421
0.187111,1.97634
0.687371,1.197959
1.354833,3.088228
-0.522414,1.234782
0.324076,2.080374
-0.159718,2.201023
-0.349673,4.183351
-0.741408,1.558709
0.284708,1.362317
1.969904,1.634002
-0.319286,1.378932
-0.483345,3.531157
-1.917812,3.10664
-0.382305,2.722538
0.242196,2.20267
-0.522414,1.797312
0.221839,0.592318
0.646506,1.171314
0.39922,1.061143
-0.407902,1.254841
-0.15852,3.031496
-0.806074,4.641548
0.241448,2.719395
-1.482667,2.815795
0.850232,0.555944
-0.807271,3.327431
0.204774,1.925296
-1.19721,1.357228
-0.670605,0.816103
-0.707878,2.982248
0.864003,1.473985
-1.029858,1.287622
1.289419,1.504821
0.354463,3.035238
-0.448767,1.703607
1.092578,-0.304018
-0.810115,2.418371
1.472338,3.696413
0.929268,2.437681
1.366957,2.574197
-1.407523,1.458717
-0.694256,1.726959
0.252225,3.439847
0.180375,2.508035
-0.776884,1.757795
0.25956,2.719545
0.093705,1.978586
0.80802,0.436043
0.79814,0.673899
1.113534,1.313519
-0.746049,0.957858
-0.461341,2.843786
2.294129,1.876498
0.473316,0.82688
-1.207988,2.16884
0.065264,0.251327
-0.560884,4.148473
1.936822,1.247955
-0.561632,0.35581
-0.201331,2.252216
-1.470243,1.775458
-0.446222,3.661386
0.963995,0.410147
-1.457968,1.906436
1.797013,1.070723
0.74515,2.06795
0.463137,0.983605
-0.580792,3.613037
0.795745,0.943787
-0.23546,2.436334
-0.680036,3.099006
-0.766257,3.069667
0.372575,2.209705
-1.277144,3.409011
-0.517474,1.131347
-0.402363,1.701961
-0.602198,5.095254
-0.008083,2.638413
-0.016915,2.691104
-0.734523,3.954177
-0.870141,3.793861
-1.215772,1.45692
0.319286,2.207759
-1.132695,2.088307
0.573158,1.222059
-0.579894,3.986959
-0.404758,3.380121
1.256487,1.768722
-0.773142,2.738106
-0.604892,1.831591
-0.054038,2.157763
0.6733,3.911217
-0.30297,2.518962
0.374222,3.155887
0.898282,-1.001867
0.316592,2.611918
0.841999,2.340383
-0.218546,2.442321
0.400567,1.997297
-0.628393,3.594775
-0.74515,1.304837
0.067959,2.113605
-0.977916,2.593806
1.362616,2.098935
-0.443079,0.871188
0.102237,3.69327
0.71162,0.350721
0.428259,3.222499
-1.359323,2.42361
-0.371228,-0.074096
0.919987,2.059567
0.011975,1.702709
-0.194296,1.836082
0.552651,1.445245
0.169298,3.973038
-0.603545,1.905986
-0.823138,3.461252
-1.05336,1.609303
0.287851,2.594704
0.799038,2.598596
-0.287702,2.989583
-0.210612,3.072361
-0.225132,2.130969
0.132624,3.305576
-0.344583,2.19279
-0.719105,1.837429
-0.914897,2.833458
-0.424817,1.449735
-0.614622,1.556912
-0.704285,2.162104
1.063089,0.733026
-0.516276,1.297502
-0.228275,3.097958
-0.154928,3.632047
0.440534,1.361569
1.085842,0.53873
0.342488,3.504213
0.739612,-0.388293
1.475482,3.508255
0.649499,3.927233
-0.276625,3.701503
0.57705,2.222279
-0.108225,0.891097
0.984503,2.925965
-0.062121,1.221909
0.07694,1.463656
0.675396,1.763633
-0.751587,2.908901
0.996927,2.321822
-0.972378,2.615062
1.528022,2.215243
0.438887,2.220033
1.657354,1.837279
1.148412,0.504301
-0.146994,3.809578
2.132915,-2.181713
0.781225,2.045496
1.043929,1.159339
-1.038391,2.178121
-0.149389,2.249821
-1.37534,4.256099
-0.499811,3.090623
0.92313,2.52465
0.435594,2.007176
-1.106798,2.811304
-0.215402,3.18822
-0.814756,1.154399
0.167801,3.453618
-0.079784,1.518742
-0.182471,4.297713
-0.14909,2.424209
-0.788111,4.025878
-0.130379,3.237318
0.464185,3.565735
-0.646506,0.57211
-0.049697,3.214565
-1.108445,1.752106
-0.536335,3.637137
0.582439,0.789009
-0.421074,2.845732
0.842149,1.826651
-0.750839,1.802402
0.316592,3.276985
-0.16361,3.405568
0.443079,4.427493
0.041913,4.057313
-0.005089,1.700614
1.265319,0.819246
-0.54801,2.571652
0.049397,2.525249
0.522713,2.765349
-0.734223,1.829196
-0.075443,2.744692
0.189506,3.416645
0.34159,1.681004
0.682431,1.054407
0.864452,2.570305
-0.527503,3.546425
0.518522,1.411565
0.75997,1.298101
0.755329,-0.062271
0.433798,2.161355
-0.026046,0.083227
0.077838,2.036365
0.804727,0.699346
-0.495021,2.316283
0.44712,0.642015
-0.439935,3.003654
0.10598,4.392915
-0.42781,2.480342
-0.205074,1.854044
1.276246,1.414409
1.137036,0.305964
-0.170795,3.334915
0.540676,3.269651
0.563428,1.16832
0.396226,3.416944
0.465382,4.89542
1.430874,3.170706
0.892893,1.997895
-0.270937,1.513952
-0.911155,1.238974
-1.292113,0.924328
-0.417033,4.067043
0.55759,1.792672
0.162113,2.728077
-0.783171,2.172432
0.005389,0.342338
0.131726,4.736301
-0.746797,3.399431
0.194745,3.57307
-0.716261,2.26
-0.59636,3.825146
1.04842,1.944606
-0.167951,2.10627
-0.335303,2.748584
0.406405,3.848347
1.078956,0.728535
-0.174537,2.808011
0.004042,2.889741
0.198038,2.975812
-0.876727,1.558409
-0.352966,4.331842
1.41845,-0.005389
-0.640368,0.132475
-0.699795,1.345253
-0.37033,2.048939
0.612676,2.446512
0.482447,2.647844
0.236658,2.170187
0.938099,1.659299
-0.755928,2.109264
0.986898,2.471061
-0.123793,3.107987
-0.076341,2.526147
1.877845,3.7027
-0.214504,1.571582
-0.837359,1.527573
-0.665217,3.187621
-1.197659,2.270479
0.443079,1.911675
0.379012,2.348017
-0.294438,3.425477
0.059726,2.968178
1.555116,1.394949
-0.117206,3.254981
-0.71641,3.228935
0.147144,1.287024
-2.6688,2.083068
-0.020058,2.413431
-0.932411,0.455952
-0.467029,2.503095
-0.661325,2.913242
-0.738864,3.680247
1.123414,1.166524
-0.534838,3.232678
-0.933609,1.769021
-1.463956,3.578009
0.441133,1.840573
-0.751288,2.681823
-0.166154,2.395169
-0.100591,1.963467
0.090562,2.13037
0.272134,0.631237
-0.247585,0.949176
0.263302,1.492696
1.183589,2.190994
-0.366139,1.474584
0.168549,3.117717
0.880319,1.528921
0.140408,3.100353
-0.060474,3.090174
-0.771346,1.319805
0.613125,0.383802
-0.093555,3.47667
0.593067,2.838248
-0.101639,2.057921
0.757724,1.395099
-0.520767,2.787354
0.213157,-0.656535
-0.263752,3.195555
-0.515528,4.296216
1.046624,3.700006
0.206121,2.172283
-0.611778,3.44793
-0.252375,1.417552
0.645907,1.622925
1.018033,1.834286
0.752785,2.512974
-0.194446,3.61139
-0.556393,1.198707
1.910777,1.087938
0.417182,2.416425
0.034428,1.572181
-0.281115,0.940943
0.212708,1.569636
-0.724643,2.091151
0.301772,3.18807
-0.162562,0.494721
-0.107477,3.793112
0.166154,-0.83676
1.041983,1.763333
-0.295635,0.747995
0.030986,4.166136
0.083077,3.084486
-1.061293,1.484463
0.12499,1.73115
0.040266,4.067492
-0.54352,0.59621
-0.74994,3.300187
0.699346,2.855911
0.140408,1.117726
-0.896037,0.912802
0.186812,0.473615
-0.34608,1.684447
-0.363594,2.698289
0.264201,2.792443
-0.913101,1.777703
0.638422,2.252516
-0.084125,3.375481
0.458796,1.085842
-0.547112,1.075663
0.304317,1.523981
1.795217,1.341061
-0.76955,3.944148
0.529898,1.756597
-0.881966,2.094594
0.333357,0.314795
-0.959205,1.902095
1.695674,0.382155
-0.202978,3.675756
-1.024021,2.297722
-0.604593,2.26958
-0.285007,2.308799
-0.032183,2.28904
2.630929,1.348546
0.366588,4.253405
-0.079634,2.574047
-0.029938,1.992656
-1.815125,0.899929
-0.116308,3.4623
-0.365091,2.178869
-0.082029,3.863167
-0.142653,3.104245
0.079185,2.048939
0.28875,2.383943
0.212857,2.977758
0.11047,0.473166
-0.039069,2.08711
-0.097896,3.202291
0.234263,1.024769
0.834066,1.747466
-1.168919,4.796625
0.092059,2.526895
-0.187111,1.391656
1.382076,0.233365
0.748593,1.983825
0.609832,1.97664
0.129032,1.313968
-0.958906,3.482658
-0.036225,2.973117
-0.308658,3.580105
0.517324,3.780089
-0.417632,1.650767
0.147593,3.159031
-0.399819,1.845213
-0.41838,2.566413
-0.018861,1.126857
-0.049996,1.936224
-0.160766,2.598746
0.268092,1.728605
-0.42811,2.708168
-0.033081,3.144212
1.584305,1.388662
-1.453178,1.393901
-0.154329,2.435735
-0.83182,2.044898
-0.575104,0.374671
1.553769,1.31756
1.703907,1.532813
0.008233,1.840123
-0.667013,1.26936
0.133822,3.432512
-0.459544,1.374741
0.921933,0.643961
0.363295,0.952469
1.169368,2.164649
2.515369,0.450114
-0.121398,4.498146
0.518372,3.382666
-0.330662,1.775608
0.371378,0.524509
1.523382,1.674418
-0.920586,1.414109
0.400717,1.600621
0.870141,0.730182
0.181572,2.304608
-0.72135,0.925825
-0.633483,2.313739
-0.661325,0.48065
0.721051,2.251318
-1.18299,1.982328
0.77434,3.072062
1.414109,1.419947
0.498014,2.434088
-0.553549,-0.567919
2.576592,1.596281
0.354164,1.194366
0.888103,0.132624
-0.377814,3.92873
0.652793,1.333128
0.141606,2.047143
-1.58715,1.78414
-0.2886,1.972897
-0.646356,1.230292
-0.383203,2.785707
0.841101,1.906885
0.46179,3.759881
-0.287103,2.921624
0.320034,1.503324
-1.458118,1.245111
0.510289,0.449216
-1.243614,2.877317
-0.346829,3.640879
0.613873,2.647095
-0.159718,3.062931
0.969085,0.356109
-0.965193,2.242786
-0.030686,4.18844
-0.277822,3.043022
0.4811,1.968107
0.360151,3.012486
0.027842,0.85577
-0.490829,0.790057
-0.598306,1.04333
-0.192799,2.863695
-0.117655,2.91414
-0.122445,2.531236
0.831072,1.503324
0.813259,0.553699
1.36082,3.296595
-0.174687,2.066004
0.497116,2.040257
-0.593665,2.094744
1.212778,1.504521
-0.408201,1.462908
0.303569,1.784888
-0.907712,1.482367
-0.379012,1.141526
0.436941,2.460434
-1.500929,1.568438
0.382155,1.526675
0.166454,1.688489
0.86086,0.117955
0.428259,2.303859
0.793201,2.827171
-0.398172,3.557502
-1.522334,2.610871
-0.51463,3.905079
0.391436,3.125201
0.574655,1.587898
0.336949,0.994083
-0.623004,2.334994
-0.641416,2.206711
-0.50954,3.802543
0.224832,2.464625
1.541794,1.180296
-0.459095,1.787433
0.207469,3.433859
-0.992436,3.131039
0.151485,3.034639
-0.550405,2.466271
-0.818947,3.426225
0.215103,1.582359
1.276246,1.140478
-0.25956,3.316503
0.553848,0.111668
0.102237,2.828219
-0.658181,1.147214
-0.734672,1.287024
-0.045056,2.963238
1.475781,1.905537
-0.174088,1.452729
-0.855321,1.452579
-0.666115,0.884211
0.526156,1.546284
0.071551,3.238515
0.01437,2.610571
-0.273182,3.025359
-0.078138,2.307601
3.425028,0.373024
1.608106,0.917143
-0.700394,3.145708
0.093406,2.212848
-0.231868,1.892814
-0.030536,1.342259
0.535736,0.507295
-0.134271,3.14496
-0.35566,3.334765
-1.021775,1.29376
0.149988,3.01533
0.271535,0.589474
-1.664838,2.397265
0.665815,1.751358
-1.228495,2.775528
-0.347727,1.987417
-0.162712,3.216811
-0.020058,3.231929
-0.171244,1.944007
1.520987,1.733395
0.264799,-0.585283
0.308359,2.243385
-0.260159,1.203497
-0.353565,1.975143
0.204624,1.883683
0.407453,0.889151
-0.794697,2.489024
0.659828,0.712069
1.070274,2.454895
-0.061372,1.989662
0.069905,2.853815
0.268542,2.823279
1.223705,0.718955
0.497715,1.53865
0.783321,-0.603395
-0.438438,2.267485
-0.419877,1.902244
-0.244142,1.487008
-0.248932,2.323768
-0.394879,2.511328
0.002395,3.899241
0.479603,1.636397
-0.357756,2.110312
-0.561931,1.908531
-0.33186,2.973267
-0.485441,1.717528
0.031435,1.081052
2.277514,1.768572
-0.862955,1.79357
0.206121,2.926864
-0.512085,1.924847
-0.956511,4.239634
2.983147,1.825753
-0.190105,3.045716
0.482596,0.682281
0.051493,2.334396
-0.332459,2.218986
0.553848,4.058061
-0.145947,3.417393
-0.347727,2.734364
0.116009,2.975512
-1.237327,0.235909
1.120121,3.494333
0.421523,1.080753
1.066532,1.678011
0.915047,0.741708
0.10104,2.386936
0.518372,1.814976
1.383573,1.901047
0.666714,3.016377
0.398172,2.30835
0.098645,3.74147
-1.456471,3.168012
0.263602,3.302582
0.087269,2.513124
1.662742,0.486039
0.315544,3.049159
0.054187,3.677253
-0.142354,1.821861
-0.915496,2.954257
0.753234,1.469045
0.094154,3.03928
-0.473166,2.504741
0.149689,4.601132
-0.002994,2.877466
-0.048948,1.813928
0.5531,3.492687
-0.846939,1.262624
1.473536,1.277893
-0.191003,4.619244
1.289568,2.46672
-0.171244,2.765349
0.16825,2.468517
-0.458946,2.133214
-0.063019,3.776497
-0.607587,1.883833
0.26914,1.82261
0.100142,1.625021
-0.466879,1.852248
0.015119,2.204316
0.795596,0.959954
-0.085323,0.939596
-0.918789,3.103197
0.171094,3.442841
-0.022154,1.387764
0.84634,1.933529
-1.01459,1.920506
-0.032782,2.148183
0.476908,1.912273
-0.062121,3.295996
-0.479902,3.992198
0.854723,1.716331
-0.623154,2.912344
-0.538281,3.771108
0.159568,0.578397
0.018112,2.034719
0.358954,2.455194
-2.295776,1.263972
-0.658181,2.111958
0.681982,1.724264
-0.077389,1.514251
-0.488734,3.257676
0.298928,3.107238
-1.54344,1.467698
0.123044,1.449137
-0.130229,1.96197
-0.581391,3.211122
-0.462089,2.229613
-0.311053,3.057841
-0.855621,0.839305
-0.620609,2.004482
1.21652,1.643732
-0.280217,0.950224
0.704435,0.953068
-0.090562,3.941753
0.326321,2.597399
0.25477,1.142125
0.200433,2.108515
0.683928,2.246379
0.672701,2.268832
-1.31771,2.408791
0.326022,2.155218
0.434247,1.391506
-0.015717,-0.342787
0.089813,3.561993
0.681682,1.357976
1.147813,0.219593
-0.58184,2.745141
-0.477357,3.310965
1.07237,3.585943
0.227826,2.580634
-0.523012,1.066832
-1.385668,1.949396
-0.135019,3.75105
-1.510509,1.77456
-0.459544,2.953957
-1.224903,1.761537
1.090632,2.709216
-1.671574,3.608546
0.087269,3.945346
0.260907,1.219963
0.438438,3.171904
0.349972,0.823887
-0.09116,1.430725
-0.099543,3.0056
0.078138,2.079027
-0.536484,3.472928
-1.308579,3.876938
-0.557141,1.567391
-0.212558,2.448159
0.299677,1.566792
0.032632,2.374961
0.381407,3.506608
-0.699196,3.462899
-0.743204,1.772165
0.605641,0.566272
-0.119152,2.900967
0.13487,2.378404
0.026196,2.643952
0.241897,3.388953
1.532813,0.931812
0.986449,1.848805
0.576751,2.648293
-0.327669,3.888913
-0.004341,3.400179
0.069156,2.316283
-0.424517,1.365161
1.495241,1.228196
0.204774,1.867217
-0.195044,3.762725
0.377066,0.260458
0.554148,3.59223
0.785716,0.426014
0.378563,1.442401
0.439935,1.111289
-0.467328,3.100203
-0.344733,1.108295
-0.746947,1.681154
-1.725612,3.777545
-0.152682,0.422871
-0.130978,4.201014
-0.337099,2.221081
-0.791554,1.804198
0.196392,3.102748
0.466729,0.740211
-1.242716,0.734972
-0.373174,2.26015
1.65406,1.253643
-0.096849,3.566633
0.055984,2.977159
1.283431,1.61559
-0.234712,1.270109
-0.55774,3.131189
-0.108824,3.287015
-0.073647,4.351002
-0.270488,3.737129
-1.342858,4.283043
-0.186362,2.196083
0.619113,0.688568
-1.026266,1.692381
1.556912,3.324137
-0.373174,0.584085
-0.599054,1.601071
-0.042362,3.414998
-0.073347,1.593736
-0.328716,3.272944
1.039139,2.242786
1.064436,0.542622
-0.843047,0.207768
-0.679287,2.655328
-0.645757,1.100511
0.679886,0.803529
0.099393,1.522334
1.174607,2.986739
-0.574356,1.290167
-0.290995,2.589765
0.695304,1.903442
0.914149,1.382226
0.225581,3.93861
-1.005309,3.804189
-0.454904,2.648293
0.66342,1.465004
0.365091,4.221072
0.01901,3.274141
0.468226,3.673062
1.156944,2.382745
-0.14924,3.944747
-0.64426,1.837878
-0.473465,2.382895
0.884062,1.585802
-0.034877,2.095492
-0.276924,0.416584
-0.130529,2.643503
1.24541,2.183958
-0.487087,1.520239
0.344434,0.565823
-0.242346,4.4721
0.204325,2.044299
-0.438139,3.168311
-0.581241,1.976939
-0.000449,2.205963
0.512235,1.814227
-1.225052,2.114802
-0.337997,2.968926
1.094524,0.91385
0.068108,2.836152
1.217568,1.542093
-0.347428,2.157913
0.202379,2.187252
-0.108973,3.060087
-0.18262,0.745899
0.298928,1.525178
0.830623,1.790876
-0.121248,2.08217
0.263153,3.490591
0.335003,2.977309
-1.132245,1.734892
0.707728,3.362308
-0.597258,1.667233
0.53858,1.254541
-0.445623,0.387245
-0.026345,4.072282
-0.44742,3.876938
0.181872,1.729054
1.012045,3.941454
0.047751,3.268753
-1.322051,1.953438
-0.036674,1.228495
-1.280138,1.549578
0.181123,2.828967
-1.384471,2.75068
-0.119152,2.158811
-0.69246,1.582659
-0.118853,2.758613
-0.143402,2.902464
0.63977,2.316283
-0.348176,3.966901
0.62989,1.859882
-0.299228,2.842888
0.611029,3.377726
-0.532443,2.073937
0.072599,2.138603
-0.145647,1.657354
-2.492317,0.962199
0.289797,2.156266
-0.330662,2.364333
0.17783,2.442171
2.099534,1.210682
-0.73557,2.031575
0.064965,-0.46643
-0.118254,2.506238
-0.021705,3.641777
-0.60579,2.527195
0.613125,-0.45191
0.401166,1.289718
-0.681832,4.054618
0.098645,2.819387
-0.554597,1.883383
-0.571362,2.934198
0.914299,2.892884
-0.772543,2.652784
1.041384,1.585204
-0.39413,2.938689
-0.436343,3.995192
-0.17319,3.924389
-0.005389,2.244433
1.804947,2.155069
0.922083,1.139131
-0.462838,1.334475
0.026645,2.855612
0.619861,4.142785
-0.806523,1.512455
-0.078287,3.878734
0.959056,2.971321
0.599054,3.352578
1.134341,2.219734
0.194446,0.89903
0.010478,2.969076
-0.179327,2.285747
0.73557,2.509382
-0.392334,3.306923
-0.505948,1.328188
-0.118703,3.797004
0.433648,4.186344
0.270937,3.829187
0.470322,1.666784
0.780776,2.187551
-0.039817,2.808609
-0.268542,2.164948
-0.854723,1.247057
0.279169,3.23612
-0.146845,1.833088
1.301693,2.321073
0.058528,1.694476
-0.174986,2.694397
1.688489,1.990561
0.345482,1.665736
0.322879,0.278571
0.941542,1.197959
0.146246,0.883014
-0.000898,3.464845
-0.485441,2.633174
0.291893,2.700235
-1.141676,2.643203
-0.685574,1.122067
1.373843,1.585353
0.291444,4.56835
1.528322,2.552941
-0.356708,3.578758
0.218096,1.018931
-1.051713,3.906277
-0.138462,1.414708
-0.733475,0.51912
-0.495021,2.592459
-0.359253,2.410587
0.309257,2.487677
-0.354762,4.138145
0.074695,2.436483
0.248184,1.637146
1.045875,1.030757
0.330213,4.07797
0.069306,0.872835
-0.851879,1.961222
-0.645907,1.693728
0.051044,3.081791
-1.25035,1.447939
0.561782,0.178579
-0.509241,2.33694
-0.953068,2.233056
1.638642,1.709445
-0.863405,2.537823
0.466879,1.642684
2.223925,1.496588
-1.147514,2.777474
-0.190703,1.225651
0.206121,2.172283
-0.224383,1.57263
1.040337,2.038162
-0.02874,2.306104
-0.445923,1.626218
0.360001,2.43319
-0.626298,1.265918
-0.642614,3.041076
1.75525,3.276836
-0.517474,2.42376
-0.731529,1.1782
-0.123942,1.927841
0.938997,1.497336
-0.994083,1.448987
0.210313,1.812431
0.751288,2.099684
0.322579,1.437012
0.545316,2.677183
-0.981958,3.485502
-0.708626,1.896257
-0.421523,1.14931
-0.829725,2.690505
-0.905018,2.235601
0.193997,3.485801
-0.434097,2.025887
-0.181273,2.856959
-0.613873,1.768123
-0.562231,3.490442
-0.884361,1.433719
0.424218,3.700605
0.102836,3.213667
-0.292192,2.239343
-0.031435,2.863396
-0.459694,1.12521
0.118553,3.469785
0.593965,2.078428
-0.876278,1.307381
-0.11541,1.733395
-0.503104,1.876498
0.13472,0.817151
-0.967588,2.177522
0.584385,1.027763
-0.073347,2.792293
-0.290246,-0.152682
2.329306,1.749412
-0.215103,1.862726
0.024699,0.914299
0.898881,1.066832
-0.285456,0.688418
0.266446,2.397265
-1.40917,4.360133
-0.59157,2.589765
-0.394729,2.244732
0.786465,0.56762
-0.239801,2.619403
-0.654439,0.647703
0.128134,2.47645
-0.378563,1.890119
1.981729,0.903072
-0.571362,0.466879
0.212857,0.598006
-0.231269,3.887715
-0.042212,2.921325
-0.997825,3.529959
1.223256,-0.045655
0.098046,1.456471
-0.924178,1.753903
0.86535,1.829496
-0.347428,2.571353
-0.792751,1.30334
0.925226,1.478625
1.129102,1.342558
1.251098,3.243306
1.280437,0.674797
-0.528102,0.934656
0.506696,1.207689
0.49532,1.887575
-0.050744,1.435964
-0.32243,2.194437
0.56283,0.711321
0.200882,1.381926
-0.228724,0.805325
-0.804727,1.67816
-0.963846,0.935555
-0.624202,1.381028
0.489632,3.73174
-0.226479,1.306783
-0.326321,2.8854
-0.959654,2.795736
-1.022973,1.849254
0.374072,2.049837
-0.453257,3.181035
0.29339,2.070045
-0.435744,0.71177
0.512235,1.015638
0.223485,1.93293
0.390987,3.977978
-0.248184,3.031945
1.422642,1.850003
0.553848,2.129771
0.453557,0.491727
-0.015268,1.915117
-1.436114,3.230432
-0.125289,2.937791
-0.550256,2.602638
0.283361,1.297053
-0.550106,1.612896
0.151635,2.454596
0.830024,2.055076
0.585882,3.001259
-0.566422,3.379522
0.794697,0.73572
1.603316,0.180225
0.761017,1.79357
-1.340762,1.669179
0.709525,0.787662
-0.012125,2.680476
-0.099543,1.971999
1.132994,-0.323627
-0.840203,3.229085
-1.696871,0.989442
0.607287,1.127306
-0.030237,2.225123
0.429906,2.243834
0.425116,1.603915
-0.507894,2.345622
0.677192,0.351768
-0.339793,1.297652
-0.527802,3.421585
0.324675,0.492326
0.515229,0.968336
0.855471,1.647624
0.906216,2.016906
-0.40401,4.169729
-0.276625,2.633324
0.502056,3.173251
0.348326,0.986
0.704734,0.78362
0.315694,2.803969
-0.679587,1.635798
-1.175356,3.923042
0.804277,0.463736
-0.856219,3.214416
-0.641716,2.632875
0.438588,2.028282
0.504002,4.595144
-0.503104,1.806443
-0.88945,0.202978
-0.467777,3.057392
0.381557,3.012486
1.289568,2.459236
-1.219364,0.81266
0.105231,2.076482
-0.260309,2.140399
-0.42811,2.963986
-0.162712,2.21689
-0.176483,1.29825
-0.386945,3.352578
-0.416434,0.65384
-0.150886,2.815196
0.040865,3.301085
-0.748144,2.284549
-1.242416,1.289269
-0.388293,3.354674
0.095501,3.678301
0.602347,2.634072
-0.557291,1.974694
-0.653541,2.926864
1.40423,0.420176
0.108973,3.800746
0.401914,1.271456
1.165925,2.348766
0.531096,0.270038
0.141905,2.867437
-0.558339,2.054627
0.660427,2.796335
-0.767005,2.506987
-0.38949,1.115929
1.463956,1.743874
0.679287,2.504741
0.18262,4.686904
0.935255,2.071393
0.027243,3.532205
1.432222,0.133373
-1.128803,2.81774
-0.17813,4.259842
-0.158969,4.230802
-0.313598,3.339855
-0.147443,3.778443
0.059576,2.049239
1.126557,0.876427
0.020208,1.380429
-0.449815,3.459905
1.084046,2.563868
-0.369731,2.249971
0.141905,2.137854
-0.37976,3.003804
-0.070952,1.627865
0.906216,3.295996
-0.195943,2.698888
-0.732277,1.726959
-2.648293,3.550616
0.195793,2.087709
1.117576,1.762884
0.281265,2.383793
1.456771,1.682501
0.07679,4.216282
0.181423,2.02918
0.044008,0.229024
0.679437,1.888323
-0.095052,3.072062
0.615071,0.681533
-0.689317,2.120041
0.241448,3.494932
-0.429457,2.634372
0.902324,0.698148
-0.002844,2.547403
-0.820893,1.674867
0.674048,3.006648
-0.076641,3.813919
-0.33171,1.873803
1.271306,1.526376
-0.087718,2.259551
-0.353565,1.51949
-0.440534,3.034789
-0.761317,1.199605
-1.275198,2.150728
0.15882,1.797013
0.970432,2.05822
0.29339,2.070045
-0.146396,1.050216
0.554297,2.116
-0.105231,3.684887
0.4811,1.198857
-0.398471,3.475622
-0.360001,2.364633
0.376767,1.74073
1.782493,1.853296
-0.37976,4.259991
0.048349,1.959276
0.634081,3.29899
0.57226,2.282454
0.253722,0.217198
0.435744,1.42339
-0.045505,3.131039
0.432451,0.268691
0.786315,4.228108
-0.213306,3.178191
1.318009,3.172952
-0.414039,1.036295
0.459993,1.746418
0.294887,1.145568
-1.52937,3.586691
-0.274379,-0.091759
1.698069,1.914219
-0.093555,3.359464
-0.111668,0.870889
-0.243394,2.590513
-0.125439,3.474275
-1.008902,4.070934
-0.587977,1.962419
-0.268542,2.244283
-0.061223,2.624492
-0.560135,2.681224
0.359702,2.201622
-0.446821,1.291664
-1.126707,1.180595
-0.832569,2.146985
0.991538,1.859733
-0.301024,2.415377
-0.412542,2.663711
-1.844764,2.469265
-1.106649,1.754352
-0.444875,2.393373
0.743204,1.538201
1.355431,-0.183069
0.797092,1.952091
0.324974,2.526746
0.16361,2.257456
-0.851729,4.186045
-0.005988,1.344803
0.425116,0.80323
-0.333357,5.213359
-0.161065,1.247057
0.414338,1.897454
-1.041235,1.660796
-0.204624,2.644551
-0.648452,1.222358
-0.527653,2.484683
-0.540376,2.270628
-0.173938,3.147205
0.727337,1.273851
-0.156874,3.194357
1.190025,0.402513
-0.069755,1.564247
-0.504601,3.12086
-0.801882,2.028432
0.66821,3.042872
0.282762,2.589166
1.267414,1.677711
-0.283211,2.193239
0.458646,2.528991
-0.381557,2.958598
0.272284,3.12086
-0.144749,3.288811
0.380359,2.745141
-0.277373,3.226391
0.67315,0.036225
-1.471141,4.581373
1.935026,1.544788
-0.389789,3.763923
0.510289,1.140478
0.684826,0.445923
-2.374213,1.518742
-0.61088,1.045127
0.119901,0.463436
-0.294737,3.844605
-0.320633,2.800826
-0.667911,0.986299
-0.547861,3.686833
-1.470841,1.575923
-0.205672,0.15373
0.886307,2.684518
-0.465382,3.564388
-0.065713,2.742746
-0.794398,1.677711
-1.648672,0.790057
0.330363,1.584754
0.483495,2.888394
-0.09116,2.595602
-0.373623,2.402504
-0.958008,2.618804
-0.368983,2.258653
0.080982,3.470383
-0.461191,3.028353
-0.318987,3.598068
0.703687,1.40423
-0.229323,2.439327
-0.532293,1.671574
0.145048,0.739013
0.297132,1.758094
0.770747,1.557062
0.32228,2.612218
0.655038,1.660048
-0.611927,2.979255
1.834286,1.310525
0.337548,0.135768
-0.611478,1.930236
-0.014819,0.666264
0.661774,0.49532
0.82224,0.835413
0.002994,0.648002
-0.47631,2.453997
0.493224,3.046764
-0.469574,1.520987
-0.185913,2.602039
0.319286,3.829187
0.20208,2.844535
0.889151,1.851949
0.815055,1.279988
0.092957,0.662522
0.825384,1.009201
0.056882,0.866249
1.440305,3.187771
-0.242945,2.214495
-0.213905,3.150199
-1.193019,2.994523
0.721051,1.141826
0.595462,2.035617
1.079106,1.664988
-1.021476,3.621419
-0.375569,3.178191
0.186063,1.726959
-1.028511,2.180665
-0.662822,4.431984
0.637375,3.291056
-0.659379,0.588576
-0.619861,2.589615
-0.850232,4.277954
0.955164,0.645458
-0.020507,-0.12035
-0.635129,2.069447
0.685425,1.207539
1.22131,1.246458
0.163909,1.200504
0.021405,3.042274
0.943787,2.551444
1.187181,1.653462
2.003584,-0.115709
-0.348775,3.220553
-0.219444,3.514991
-0.214504,3.084336
-0.571062,0.158371
0.884511,2.238146
0.498164,0.831671
0.528701,0.729733
0.809068,2.872077
-0.631986,1.455872
0.230221,2.31808
0.004042,2.253713
0.858465,0.864153
-0.527353,0.897384
0.203427,-0.036973
0.256267,4.069138
-0.254621,1.881587
1.052012,1.537153
1.223556,0.087568
0.79844,1.996848
0.089813,0.467478
-0.20687,2.314337
-0.075742,1.931883
0.903072,1.443598
-0.220641,2.886298
-0.140707,2.221979
-0.674797,2.057172
1.31756,0.103136
0.242645,1.742676
0.184566,1.400338
0.199236,4.061803
-0.988245,1.871259
-0.170346,2.017205
0.516127,1.709146
0.093855,1.637295
0.005988,2.896626
-0.171543,2.858605
-1.667532,0.196841
-0.756826,3.695815
1.397644,3.167264
0.220192,3.43371
-0.310005,0.676892
-0.272583,2.884651
0.913401,2.775379
0.966241,1.181493
-0.418829,2.09669
-0.632734,1.157393
-0.523911,2.358945
-0.643063,3.019671
-0.632135,2.40445
-1.378334,1.410966
-0.549358,4.162694
0.464185,2.702181
-0.618813,2.77448
-0.601749,2.019001
-0.531545,2.026037
0.781375,2.724035
-0.273332,1.987118
-0.207469,4.533173
0.126188,3.128494
0.255369,1.74073
-0.313598,1.895957
-0.789309,2.054328
0.703537,3.667972
0.166454,3.211572
0.060774,2.056124
-1.129701,0.950374
-1.113834,2.262695
0.668061,3.276387
-0.447869,3.026856
1.155148,1.691033
-0.383952,1.347498
0.011227,2.43319
0.073647,3.460504
-0.293091,4.00582
0.749791,3.31306
-0.29354,1.835034
0.690963,1.950893
0.743204,1.361718
-0.887504,2.583478
1.190624,1.5867
0.178728,0.132624
0.128583,0.238604
1.964814,0.643811
0.030986,3.014881
1.146017,0.138163
0.877625,2.177522
-0.599952,1.407523
-0.135169,2.227518
-0.464334,2.061064
-0.216899,2.768942
-0.12978,2.534679
-1.024619,2.19758
0.524509,1.593736
-0.78407,2.730771
-0.388293,1.110092
0.671354,1.727258
-2.891986,0.556243
-0.188907,3.827241
-0.662522,3.729345
0.310005,1.477877
1.113983,1.994003
-0.344434,1.57712
-0.65863,1.883982
0.050146,1.907783
-0.281415,3.818559
-0.968636,4.143234
0.762664,0.864303
-0.231868,1.835034
-0.765209,1.023122
-1.786834,3.255879
0.085772,1.455872
-1.01968,2.103426
-0.217348,0.357157
0.818797,2.397714
-0.114662,0.926573
-0.802332,3.023113
-1.137485,4.270919
-0.205523,1.977089
-0.021405,2.574197
-1.89491,4.598438
-0.700094,1.271157
-0.137265,1.973646
-0.291444,2.749183
-0.018861,2.634671
-0.200583,2.666106
0.240699,3.387605
0.77434,1.656006
0.350421,2.903063
-0.031285,2.052382
1.026116,2.379751
0.357906,1.937122
0.388442,0.78377
0.281115,3.186723
0.247286,1.541195
0.625699,2.337838
-0.990341,1.678011
0.406405,2.415078
-0.59651,1.813179
0.176633,0.506996
0.031135,2.902913
0.095501,2.771636
-0.506547,1.717828
-0.208666,2.314637
-0.931962,4.145479
0.074695,3.236869
0.033081,1.424138
-0.083077,1.188678
1.101859,1.081052
-0.051792,2.425855
1.215472,1.600023
0.059576,1.379831
-0.48559,2.489922
-0.379461,1.460064
0.367935,1.880539
0.025746,3.457809
0.115859,0.94723
0.321531,2.402055
0.663869,0.846639
0.309257,2.891687
0.185913,0.328267
-0.119302,1.974843
0.687221,1.595532
0.145647,0.950374
-0.919987,1.470841
0.410446,2.098187
-0.465831,1.800755
0.56732,2.676135
0.318089,1.719774
-0.643961,2.321522
-1.02896,1.641936
1.090782,0.652942
0.004042,2.552193
-0.627645,1.590293
0.385448,-0.12963
-0.676443,0.987197
-0.438139,1.970951
-1.124312,3.600762
1.017584,0.335303
0.581541,1.568438
-0.64441,3.882327
-0.374072,0.339045
0.765658,1.449286
-0.153281,3.378774
-1.022075,2.31808
-0.778381,2.506687
-0.134121,1.804647
1.150957,1.216969
0.786165,2.971471
0.064965,2.216591
-0.642314,1.588497
0.897234,2.480342
-0.143252,1.537902
-0.791404,3.684438
-0.164209,2.17363
-0.63483,3.246449
0.925076,1.823508
-0.451012,2.264192
-0.157922,2.532883
-0.460892,1.45692
0.729433,2.773732
0.433648,3.211721
-0.084125,3.831732
-0.399669,4.01061
-0.098046,3.295247
1.36082,4.030668
-0.557441,2.314188
0.747246,2.152823
0.592169,1.457519
-0.20672,0.515079
-0.821192,2.696044
0.873583,0.959654
-0.027992,2.565365
-0.224683,2.692301
-1.237177,1.808539
0.118703,3.113226
0.24519,1.484164
-0.409997,2.735262
1.240171,1.877246
-0.092358,2.772085
0.294887,1.544189
-0.22124,0.197439
0.040566,2.734963
-0.743953,2.013613
2.49082,2.278562
-0.165855,1.813778
1.313668,1.17835
-0.589774,2.86624
-0.698298,1.355282
-0.466879,1.878294
-0.345332,2.127226
0.106728,2.662364
-0.300126,2.586621
0.342637,1.281635
0.724044,2.00523
-0.308658,5.716762
-1.155298,1.916165
-0.65414,3.458708
-0.652942,3.200944
0.301922,1.027613
-0.340991,2.878963
-1.221011,2.816543
-0.199385,3.14032
-1.347049,0.170795
-0.272284,1.167871
0.628543,3.400778
-0.140258,3.541186
0.025746,1.629811
0.440833,2.307601
0.407752,2.835703
0.961301,0.457598
-0.547861,2.314936
1.008603,1.028811
-0.037722,4.184997
0.7694,0.016915
-0.088616,3.779041
1.072969,1.895209
0.161814,1.694027
1.415007,2.820884
-0.602497,1.916165
-0.63468,1.41396
-0.045056,1.245859
0.976569,4.2799
-0.652493,1.953587
-0.827928,1.963916
-0.306712,3.333867
-0.082329,2.994523
-0.766257,3.069667
0.325124,4.358786
-0.683778,1.295406
1.542991,1.790576
-0.091759,3.045716
0.289648,2.011816
-0.153581,3.400928
-0.147144,2.398462
0.374821,3.636238
2.078428,-0.884211
-0.29833,4.150719
-1.042133,2.232308
1.079256,1.361569
-0.146246,3.318449
0.094005,2.726281
0.599354,2.878963
0.725392,2.253863
-0.734523,0.830623
0.392933,1.873654
-0.924478,3.352129
-0.171394,3.003504
0.0723,3.013084
-0.625399,0.205523
0.435744,3.255281
-1.897305,4.216731
-1.561104,2.349664
1.114433,2.185455
-0.802781,3.752547
-1.21667,2.847678
-0.116608,3.114124
-0.962648,1.795067
1.185535,0.759521
-0.95217,1.143921
-0.118853,3.787574
0.801433,0.574805
-0.975372,2.891088
-0.779579,1.781745
0.64905,1.503024
0.656834,2.275269
-0.326471,2.876868
0.279918,3.261568
-0.868793,1.38028
-0.812959,2.508035
0.429307,2.944078
0.938698,2.54875
0.41853,2.089056
0.577349,2.253713
-0.496817,2.969525
-0.938698,2.725083
-0.63019,3.150798
0.273481,1.954037
1.456022,1.652863
-0.645458,2.5486
0.053888,3.186274
0.693358,2.178869
0.631986,2.38529
0.055385,4.075425
0.762814,3.52472
0.930315,2.764152
0.077239,3.195255
-1.012345,1.256786
-0.814606,1.584605
-0.06272,2.426604
0.043559,2.948868
0.57705,1.637146
-1.273402,2.387385
-0.29803,3.672912
0.335003,1.984124
-0.396076,2.575844
-0.138163,0.97148
-0.080383,2.172881
0.912952,1.022973
0.527204,0.217348
-0.171244,2.97686
-0.616268,1.160836
-1.277444,1.56305
0.090562,2.143842
0.24534,1.40408
-0.018412,2.090553
1.411714,0.900228
-0.661774,-0.655936
-1.006357,0.511187
-0.704734,0.2404
-0.064965,2.581981
-0.340542,3.594625
-0.298779,2.807861
-0.625849,1.847309
-0.364791,2.25536
-0.323328,2.553989
1.519341,1.021476
-0.459245,1.719325
0.9616,0.634231
-0.38934,1.31277
-1.111888,2.183509
0.819396,0.526455
-0.173789,3.515889
0.9375,3.218757
-2.690505,0.819546
1.219963,2.008074
-0.487386,2.112707
-0.231868,2.915338
1.07731,1.819167
0.713416,1.021326
0.585882,1.220113
0.215402,1.611249
0.730631,2.752626
-0.424368,3.249443
0.870889,0.888702
0.184566,1.800606
-0.496817,1.33208
-0.295336,2.578089
-0.426613,1.781296
0.206271,3.640879
-0.007634,2.425406
-0.497865,2.391726
0.963247,0.470322
-0.56732,0.864901
1.129401,1.243015
-0.664917,1.799707
0.256117,3.015779
0.734672,1.106649
0.435145,3.350632
0.898132,1.3707
-0.031285,1.492846
-0.80323,2.339635
0.884211,1.768872
0.279319,1.875001
-0.713566,0.826282
0.547412,1.10605
-0.352966,2.694247
1.221909,2.997966
-0.722697,4.344865
-0.434546,2.895579
-0.060025,0.813409
0.770298,2.279011
-0.568667,1.046324
0.408351,2.530039
-1.778003,1.836082
-1.157842,2.82268
-1.082998,2.513124
0.628992,2.868335
1.620081,0.6974
-0.469424,1.558559
0.504451,2.26988
-1.099763,1.980531
-0.019759,2.073039
-0.390987,3.04422
0.677641,0.148491
0.717458,1.844015
0.723446,2.391427
-0.364492,1.503923
-0.133373,3.425028
-0.843646,1.87051
-0.114212,2.085014
-0.501607,3.608696
1.058299,1.910627
0.227078,2.886747
0.301922,2.546505
0.091909,2.499053
-0.363594,2.698289
0.338297,4.179608
1.310225,1.24571
0.783171,1.593287
-0.342937,1.680406
1.828747,1.265618
-0.636926,2.516866
1.304088,1.607507
-1.288371,1.683399
-0.521815,2.542463
0.257914,3.937412
0.893642,0.75982
-0.142653,4.562812
-0.396825,2.814747
-0.139959,2.502047
-1.926793,2.627935
0.238604,1.273103
-0.000449,2.229913
0.570314,1.499133
-0.639919,1.58206
-1.024769,4.218228
-1.337768,2.898722
-1.087039,2.071093
-0.552651,-0.287552
0.18756,3.396138
0.237406,2.180965
-1.433569,1.570235
0.075144,3.119962
0.815055,0.656834
-0.157173,2.216142
1.59658,0.699196
1.063389,2.140998
0.730631,3.380869
0.030087,2.282753
-0.996927,0.694855
-0.85113,1.199156
-1.118474,2.007924
-0.332309,-0.364791
1.030757,1.470692
-0.183518,2.055825
0.371527,1.565145
-0.367037,1.257834
0.591869,2.068548
-0.27393,2.738855
1.342558,1.002765
-0.080533,3.348237
0.453108,3.961961
-0.254171,2.305057
-0.348176,1.332379
0.407453,3.44314
-0.415835,2.548001
-0.917891,1.727707
1.00501,1.699416
0.34623,1.504072
-0.088466,3.052303
0.019909,2.487078
-0.900378,1.800306
0.806074,2.278113
-0.304317,2.155368
-1.251398,4.028722
0.596659,1.95254
-1.401835,1.094225
-0.555345,1.966161
1.499881,-0.066312
-0.017364,1.032403
0.97133,2.565515
0.171094,2.098786
0.452359,1.99565
-0.434097,2.632576
1.94266,1.896556
-0.112416,2.874473
0.339045,1.831591
-1.122067,3.370242
0.358954,-0.060025
-0.104034,2.565814
2.163301,2.340832
-1.59194,3.453169
0.594414,2.834206
0.00015,1.810934
0.862207,3.171754
0.421374,4.043841
-0.343685,2.039359
0.21136,2.80816
0.142803,1.589095
0.005688,3.476521
0.776884,1.457669
0.712069,2.102977
1.600322,1.766626
1.118324,1.836681
-1.395548,2.711761
-0.08637,0.810115
-0.022004,2.695594
2.969225,1.592538
-0.025746,2.056573
0.57226,2.969675
0.061672,0.876278
-0.329465,1.851051
-1.163231,2.009721
-0.041015,1.811234
-0.838257,1.753753
0.986,0.731828
-0.278421,2.843038
-0.731828,2.738705
1.185834,0.856519
-0.533341,2.991978
-0.332309,2.59186
-0.635578,2.926864
-0.136067,2.999313
0.077239,1.920656
-0.698597,3.421585
0.963397,2.365381
-0.44712,2.128424
-1.176553,0.258812
1.602418,2.246828
-0.07215,3.105592
-0.318837,3.272195
0.255369,3.241509
-0.974324,2.856061
-1.347797,3.003654
-0.994682,0.802032
-1.107846,2.5489
0.363594,1.755699
-0.241448,2.073189
0.756976,1.308728
-1.148412,1.247655
0.312251,3.565286
1.204845,1.211281
0.029339,2.036665
0.126188,1.576222
0.65878,1.676813
-0.218396,3.106939
-0.604144,1.672023
-0.077688,2.546055
1.314117,1.738485
0.320184,2.973417
0.263302,2.418371
0.676743,2.020349
-0.125289,2.730023
-0.994382,4.147276
1.178948,1.20215
-0.414488,0.956062
-0.541125,1.558858
0.452509,1.167422
0.291145,1.327739
-0.578996,0.92792
0.029788,2.6688
1.146017,1.874252
0.18262,2.995571
1.251098,0.272134
1.115031,0.894091
0.505499,2.171834
0.728236,1.31277
-0.02874,2.061663
1.295257,2.093247
0.076042,3.865861
1.939367,2.181414
1.709445,1.560505
1.065484,3.081342
-0.421673,2.329156
-1.011297,2.446662
-0.291294,0.823887
0.022453,1.964664
-0.278421,3.831283
-0.173789,1.198707
1.18763,1.630859
0.547861,3.939957
-0.708776,2.005529
-0.310305,3.047513
0.394729,2.15447
-1.385818,3.823948
0.478255,1.635798
0.314197,3.880979
-0.947979,3.508404
0.975072,-0.020807
1.337319,1.559307
-1.001418,4.456832
-0.051194,4.138444
0.068707,3.017874
0.364342,-0.158221
-0.172292,2.936743
0.951272,1.077908
0.446222,1.383573
-0.094603,2.181563
-0.085472,2.253564
-0.273481,1.974843
1.38986,0.776286
-0.678988,2.301015
-0.034877,1.390608
0.724493,2.598147
0.81266,2.412234
-0.122146,0.734672
-2.287992,2.507286
0.610431,3.516787
-1.366059,1.202449
1.202,0.781076
-0.037422,3.650309
0.290546,3.379073
0.907263,1.491798
-0.22124,2.523452
0.348026,1.315614
-0.367336,2.93839
-0.054936,1.834735
0.202828,1.858086
0.017663,2.50549
1.479823,1.655557
1.359323,1.337768
0.790207,1.291963
0.90412,2.575544
-0.298928,2.761458
-0.339644,2.038461
0.55759,0.662971
0.132325,2.460583
-0.013921,3.145559
-0.718057,2.112258
0.824785,1.81303
1.285976,0.430804
-0.561632,2.832111
-0.551004,2.165547
-1.188678,1.800905
-0.760868,0.38964
-0.417033,3.287464
-0.529898,2.351759
0.743803,2.744543
-1.387764,3.324736
0.496517,4.520001
0.036225,2.520159
1.170715,1.694177
-0.207169,2.577939
-1.002316,2.996618
-0.674497,0.281115
-0.745001,1.913172
0.286654,0.475411
-0.839604,2.246528
-0.635878,0.882415
0.254022,2.224674
-0.637075,0.867296
0.839454,0.499661
-0.440085,3.550018
0.016765,3.517086
0.697699,4.529581
-0.295036,1.447041
0.282014,2.941832
0.192051,3.051554
-0.959654,2.015858
1.249751,2.360891
1.566343,1.199755
0.733924,0.169298
-0.588875,0.946482
0.631537,2.874473
0.309257,2.690954
0.249531,2.477648
0.457,0.981659
-0.415087,3.27504
-0.160167,2.315834
0.331111,3.83263
0.625849,1.995351
-0.465382,1.358874
0.30761,3.060087
0.609383,1.732048
-1.342708,1.541195
-0.17304,1.821562
1.135239,1.294059
-0.24998,3.552113
0.178279,3.740721
1.036894,1.325943
0.481698,3.90942
-0.349823,5.052743
-0.594564,2.946772
0.848735,1.066382
-0.516426,0.795446
0.177681,1.018482
-0.919688,3.312611
0.491877,3.742517
0.215252,2.881059
0.424068,2.372566
-0.530197,2.846331
0.677491,-0.242346
-1.094674,1.777104
-0.387544,3.750301
1.159189,1.681304
0.512983,2.104623
-0.618065,2.037114
0.070952,3.055895
-0.897234,3.463198
0.398022,3.389402
-0.570164,0.58648
0.933459,1.362467
0.690514,3.69821
-0.539778,1.644331
0.672851,4.076024
1.216969,0.731229
-0.132774,0.754132
-0.157622,2.820435
-1.800306,1.317111
0.561033,1.368155
1.602268,1.940864
-0.010329,2.359094
0.260758,4.336482
0.376467,1.437311
1.400637,3.414998
1.319805,1.209185
-0.383652,0.821342
-0.044458,2.908302
1.59164,1.665437
0.778531,2.387834
0.304167,0.603096
0.595761,0.443228
-0.80772,1.86587
-1.088536,2.408791
0.000599,1.892964
0.605491,2.355352
0.57241,1.70705
1.399739,0.625849
1.221759,1.179098
-0.217797,3.264262
0.57226,2.372267
-0.450413,0.802631
1.011297,0.135618
-1.963467,0.541723
-0.685125,2.802323
0.95232,3.861221
0.166154,1.138832
-0.332908,1.055006
2.994822,1.834585
-0.176333,3.825744
0.299976,2.365681
-0.948278,3.616779
-0.304916,2.398313
0.611179,1.177901
-0.331111,3.986211
-0.463885,3.391647
0.25028,4.173621
-0.08667,2.547403
0.295785,3.153642
-0.208217,1.651965
0.467478,1.725462
0.165855,0.840352
1.147514,0.373473
0.194446,1.488804
-1.347947,0.287402
-0.354164,2.913541
-0.061821,2.031725
0.637375,0.580942
-0.005988,2.768343
1.261726,0.151335
0.435145,1.732198
-0.573158,2.110761
-0.023651,1.81752
0.310604,1.604962
-0.051194,2.867737
2.159409,-0.04311
1.256936,2.686763
-0.135768,3.263663
0.854723,0.944087
-0.585732,1.264421
-0.938399,3.001109
0.837059,1.503623
-0.022753,3.057093
-0.076341,2.350412
0.042961,3.001858
-0.804727,1.67816
0.996777,1.291664
0.20193,2.082769
0.083676,2.494563
0.956661,2.265389
0.064067,0.953966
0.175435,2.526147
-0.220491,1.570085
-0.696502,4.159251
-0.21181,2.458937
0.264949,-0.029638
1.818419,0.133672
1.52937,1.176104
-0.063468,2.242936
-0.678689,1.152453
-0.667163,0.92328
1.006956,1.223705
-0.533042,3.133284
0.095202,1.898502
-0.15867,2.95276
0.35566,2.155218
0.125439,2.140698
-0.532892,1.102906
0.516875,0.978365
-0.659529,1.137634
1.14437,1.104852
-0.816253,0.777034
0.0479,2.066303
0.372575,1.91871
-0.484991,1.989064
-1.718576,1.546434
0.093256,2.910697
0.50954,2.443668
-1.199605,1.47608
0.488285,3.212919
0.834215,-0.880469
1.35139,1.683998
-0.106878,2.720892
1.008004,0.710722
-1.333427,3.598667
0.530197,3.040477
-0.420925,2.351011
0.111219,1.894311
-0.080832,1.696123
0.317041,0.39937
2.008224,1.905088
0.056732,2.415228
0.384101,3.331322
1.072969,0.806523
-0.39413,3.235073
0.025896,0.418679
-0.24504,3.326532
0.450862,1.892365
-0.389789,3.262166
-1.008603,3.68818
-0.138462,2.391876
0.588127,2.39951
-1.04348,1.791325
-0.459095,3.104544
-1.089884,1.249901
0.46164,3.547323
1.048719,0.648452
-0.661025,1.14437
1.306483,0.070803
0.985251,2.170636
-0.954415,2.376608
0.078437,3.360961
-0.982108,0.077688
-0.183668,2.857109
-1.114433,3.200345
0.205074,2.946473
0.996628,-0.378563
0.313298,1.566642
0.856968,1.254092
0.209415,2.886897
-0.600401,1.926344
-0.611179,1.390608
0.108824,3.843258
-0.696951,3.046465
0.579595,1.337319
-0.334854,1.80794
-0.463436,1.983525
0.521815,1.097518
-0.863105,1.445843
-0.883014,3.417543
1.113983,1.719025
-0.035027,-0.260458
-0.241298,3.174149
-0.098345,3.027155
-0.23067,0.947679
0.470172,3.92379
-0.361947,0.576152
-0.359552,1.968556
0.201331,1.979334
-0.458646,1.867666
0.772094,1.579515
-0.654888,0.809816
0.701591,0.192051
0.073647,1.722169
-0.736768,2.039808
0.573308,2.467918
0.030686,2.657274
-0.785716,1.58191
0.261656,2.637815
1.276246,2.090553
-0.775088,2.537374
-0.837808,1.331032
-0.339045,2.5968
-1.241369,1.128354
-0.137714,1.843117
-0.279768,3.21726
-0.598605,3.249443
-0.41823,2.947521
-0.496218,1.881587
0.158969,2.921924
-0.34638,2.622247
-0.881816,0.962498
-0.002395,1.414558
0.088017,2.720443
-0.481549,3.33252
-0.71147,2.532583
-0.352966,2.584975
-0.146994,2.883454
1.388662,1.620081
1.163979,2.264491
0.270038,2.777175
-0.299527,2.958897
-0.663271,1.888922
-0.51433,1.988615
0.059426,3.125051
-0.412392,2.3323
-0.25986,5.117408
0.38006,1.38477
-0.175136,3.44778
0.775837,0.613125
0.20672,2.521806
-0.323178,1.898203
-0.649499,1.226549
-0.291743,2.587519
0.642464,3.35632
-0.0479,1.795965
1.29361,1.181044
-0.563129,3.866909
0.133223,0.518971
0.221539,0.034279
-1.032253,1.185684
0.407004,4.692891
-0.827928,2.311493
0.334405,2.121538
-0.522114,3.04392
1.613495,0.223635
1.478176,1.747766
-0.031884,3.455564
1.167572,4.771777
-0.739462,1.351989
-0.339793,3.286416
-0.299677,1.088387
0.909958,2.103127
-0.526904,2.048041
0.935854,1.462758
0.530647,1.540596
-0.862806,2.054627
0.39443,4.69798
0.200134,1.570384
0.969833,0.127086
-0.493823,2.587819
-0.248034,2.823878
0.017214,2.019001
-0.385598,0.937351
-0.716261,3.142116
1.037343,1.976041
-0.464334,3.654949
-1.135239,1.550625
0.14445,2.360142
-0.17304,1.780996
0.765209,3.916905
-0.890498,1.697919
-0.351469,3.66902
0.249232,0.388742
-0.993334,3.931275
-0.272134,2.913841
-0.06257,3.494633
0.763113,0.082329
-0.697999,2.606829
0.768502,2.436932
0.496667,3.335214
-0.497116,3.18328
-0.28366,2.669549
0.689017,-0.370031
-1.858835,1.520239
0.760269,2.319277
-1.092578,3.311264
-1.121019,-0.782872
0.06272,1.699266
0.406405,3.530109
1.415756,0.712668
-0.223336,1.131946
-0.645158,1.809587
-0.169597,1.726659
-0.487985,1.701512
-0.982706,2.027833
0.508193,1.241369
-0.285456,2.677931
0.352816,2.489323
1.123264,0.559836
0.056133,3.18837
-0.396675,1.655707
-0.361049,2.927313
0.433798,4.772975
-0.25492,3.054548
-0.096549,1.102308
-0.683778,1.576671
0.337398,1.116229
0.481249,3.091521
-0.069456,3.867957
0.509989,2.666705
0.495919,0.498463
0.186512,0.896186
-0.324675,1.680256
-0.235311,2.730322
1.040486,1.584605
0.00494,0.95696
0.546064,4.260291
-0.849034,1.031655
0.151335,3.677852
-0.810115,0.398172
1.105451,1.573079
0.608485,2.148183
-1.090931,3.71722
0.417781,0.217498
0.203876,2.288142
1.551673,0.161814
-0.912353,1.905687
-0.085173,3.200944
-1.005759,0.776435
0.338147,1.362317
-0.539478,3.950136
-0.138761,3.652854
-0.176633,2.354604
1.242117,0.207918
0.106728,3.215763
0.206121,2.734364
-0.335153,0.889001
0.251776,1.357677
-0.625549,3.931874
2.503544,0.848735
-0.646356,3.499124
0.709075,2.450554
1.540297,-0.498164
-0.201182,2.821483
0.125739,3.995791
0.052092,1.314117
0.810714,2.022893
-0.457299,1.689387
-0.105081,1.747466
1.470093,-0.233514
-0.651445,2.153422
0.521965,3.080744
0.126337,1.665736
0.235011,1.324895
2.292183,1.459914
0.494422,3.883225
-0.461939,2.924918
-1.215622,3.101401
0.319735,2.964435
0.215402,2.308799
0.55789,1.000968
-0.613873,3.832331
0.263302,2.128723
-0.059127,2.751877
0.291594,2.169588
-0.425116,1.153651
-0.734073,2.37571
0.929268,1.440754
1.55302,0.042212
0.233215,4.815187
0.057181,3.085683
1.402434,2.219584
0.630639,1.844315
1.752106,1.977987
0.839604,0.383652
0.799637,0.672851
-0.617765,1.574725
0.10119,1.826801
-0.910407,0.113763
-0.010329,2.050137
-0.862357,2.762954
-1.035397,3.210973
-0.205523,2.302811
0.71671,0.786914
-0.852777,1.940864
-0.80787,2.487078
-0.382904,2.727328
-0.103285,3.391946
0.603096,2.560575
-0.199685,3.259472
0.061522,1.832639
-0.910257,2.521207
-0.064366,3.488346
0.88975,1.181792
0.257764,3.484753
-0.764011,1.935026
0.16361,3.542982
-1.251847,4.716692
-0.234862,2.766248
-0.699495,2.446063
-0.397723,4.108955
1.373244,1.389111
-0.258961,3.089276
0.550106,3.468587
-0.013322,3.06323
0.076491,2.739603
-0.061223,2.136956
-0.085772,1.554068
0.012125,3.174149
0.380808,2.158362
1.987267,1.384022
0.847687,4.785548
0.711321,1.021027
-0.381557,2.657873
0.37976,0.223934
0.095801,3.021018
-0.90876,1.082399
2.040257,1.013692
0.220641,2.29383
-0.911155,3.298092
-0.594115,2.969375
1.25499,0.68303
1.701362,2.688559
-0.344284,2.353705
0.63947,-0.151635
1.492696,1.799707
0.381107,2.995421
1.220412,2.443369
0.04326,2.380649
-0.152982,3.439398
0.223036,2.287693
0.040416,1.079555
0.184716,4.119583
-0.161963,1.709146
-0.127385,0.171543
0.701292,2.231859
-0.327968,1.828597
-0.438139,2.730921
-0.692011,1.816024
0.729134,3.038382
-0.502355,0.615819
0.429457,1.169967
1.390459,-0.664319
0.812959,2.322421
-0.969534,1.572181
-0.447719,1.588048
0.34623,2.244433
0.039069,1.805096
-0.629142,2.111958
0.898132,0.429906
-1.036744,0.145348
-0.638572,1.154399
0.065863,3.135829
0.69725,2.522255
-0.495021,3.849695
-0.184566,1.881737
-0.362995,3.537294
0.169298,2.559378
-0.070653,2.660118
-0.78392,2.757117
-0.419727,3.162174
-0.583337,2.242337
0.808918,1.075214
0.56732,2.101929
0.179477,0.55759
0.518821,1.516646
1.475033,1.394799
-0.701591,1.528172
-0.393831,2.744393
0.724044,2.574347
0.281265,0.919837
0.537383,1.551374
0.117057,2.04834
-0.921484,2.264042
0.178878,1.647025
0.092657,3.321892
0.607437,1.312022
0.1681,3.280578
-0.267045,2.362537
-0.559387,2.973866
-0.170945,3.789969
-0.393532,1.661395
0.075742,1.90898
-0.223336,1.57727
-0.247735,3.288212
0.947979,1.39959
1.438958,0.886906
0.085772,2.909649
-1.423689,2.462379
-0.039668,1.880539
-0.083077,3.472629
0.464334,0.469574
0.469124,1.792971
0.124242,2.720143
0.893342,2.116
0.573907,3.178191
0.010778,3.77994
0.507295,0.305515
-1.613195,5.302274
-0.016915,3.023413
-1.344803,4.323908
-0.017813,2.263593
-1.185834,2.51492
0.087119,1.513952
-0.893642,3.309169
1.667233,1.732647
0.287103,2.531536
0.640518,0.861758
0.127984,2.48618
-0.26914,2.256707
0.437091,0.65893
-0.825683,0.089514
-0.495769,3.331023
1.111888,1.389261
0.463586,1.246308
0.052541,2.194736
1.767524,1.18299
1.653013,1.43776
0.342039,2.865192
0.56253,1.818718
0.001497,3.458408
-0.897234,0.535437
-0.878523,1.826651
0.520168,1.572031
-0.323328,3.495681
1.315015,0.3124
-0.519869,2.379901
-0.234562,3.135081
0.029489,3.770958
-0.088466,2.003284
-0.276176,2.219285
0.068857,0.366588
-0.29339,1.302292
1.24541,0.422122
-0.67824,1.821861
-0.001198,0.537083
-0.353415,2.654729
-0.332908,2.389481
0.036225,1.753903
0.02425,1.498534
0.550705,2.78421
0.632285,3.008594
0.085622,3.011138
-0.591869,1.105002
-0.321382,1.523382
-0.060175,1.534609
-0.41853,1.825753
1.233734,2.786456
-0.150437,2.349065
-0.719105,3.899391
-0.031435,0.064666
-0.372875,2.204765
0.233365,3.619174
-0.709824,1.754202
-0.77419,3.006049
-0.382754,1.692979
-0.532892,1.546883
-0.358205,1.821113
-0.15867,2.95276
-1.032702,2.124981
-0.286953,3.267106
-0.48065,1.416953
-0.261656,2.089355
0.335602,2.79379
-0.354613,2.664759
-0.990041,4.141737
0.384101,2.738555
-0.930016,0.238903
-0.027543,3.526966
-0.70683,1.342408
-2.131867,0.589624
-0.010927,4.160748
0.667462,-0.072898
1.306932,2.318978
0.109722,1.653761
-0.239502,2.563419
-0.715362,3.873345
0.350122,2.629432
0.63019,3.027155
-0.6971,1.439706
0.239502,1.641487
-0.534538,2.331701
0.183967,2.044748
2.143093,0.008233
2.109863,1.592538
-1.213826,3.112029
-0.569266,4.287983
-0.589624,1.767674
-1.044977,0.579146
0.801583,2.662364
0.16825,2.982548
0.766107,1.541345
0.506247,1.69268
-0.170346,2.017205
-1.319057,-0.095501
-0.102986,3.514392
-0.594863,1.278042
-0.446222,2.389182
1.925147,1.268612
-0.061073,2.954556
-1.247356,1.8515
1.351689,1.823957
0.147892,1.731599
-1.156046,1.207389
3.307073,1.677861
0.030986,3.460055
-0.644709,1.959276
-0.202828,2.668052
0.572859,0.818947
-0.041015,1.75525
0.15867,2.483336
1.028511,0.92328
1.087189,2.335443
0.803828,4.136797
0.298928,1.713187
0.136217,2.684368
0.494871,3.468138
-0.09625,0.479752
-0.678389,2.540367
0.785117,0.891995
-0.402513,0.939147
0.230072,4.993017
-1.297951,2.427951
-0.160766,1.985771
-0.069007,3.071912
1.662892,2.304009
-0.592318,1.618884
0.036225,3.18343
-1.063089,1.371298
0.251327,2.148033
-0.672851,3.298541
-0.951272,1.40438
-0.531545,1.181792
1.295706,2.917283
0.393681,2.437831
-0.560285,2.041604
0.878373,1.282683
-0.528701,3.942202
-0.305964,3.293601
0.254171,1.003064
-0.582888,1.632206
0.478106,3.191064
0.211959,2.819088
0.680934,1.979633
-0.554746,2.218986
0.290845,2.598447
-0.271984,3.326233
-0.348625,3.380869
-0.092059,3.901637
0.512085,2.646946
-0.854124,2.9092
-1.102607,1.793271
0.502655,0.783471
-0.9137,1.892514
-0.352667,2.428849
-0.708626,1.712289
1.598077,-1.308878
-0.624801,2.230661
0.977617,1.734892
1.300047,2.136208
-0.05793,2.270479
-0.230371,4.497248
0.082778,4.490213
-0.178878,3.672014
0.511786,0.876877
-0.871787,2.24563
-0.97597,0.858764
0.709674,1.252446
0.166454,2.895728
-0.176633,3.77994
0.486638,3.141517
-1.561253,-0.782273
0.508942,3.133135
-0.029788,1.824556
0.235161,0.220791
1.444796,1.890269
-0.695454,2.858306
-0.535137,1.720073
-0.608934,2.392625
0.121248,0.780477
1.566792,0.26914
-0.063767,3.010989
-0.669109,2.146536
0.585433,0.86056
1.066832,2.833158
-0.357008,2.816992
-1.076112,2.874323
-0.319136,3.290907
1.320105,0.851729
-0.173639,2.133064
0.082928,2.310296
-0.281415,1.911375
-0.912353,2.579436
0.236209,2.355053
-0.179177,2.853217
-0.385748,1.102158
0.638871,0.137714
-0.558489,1.935625
0.373773,3.177892
1.006357,1.184337
-0.67809,2.016008
1.131647,1.801653
0.12963,2.192191
-1.150508,1.833387
-0.874931,2.107318
0.666863,2.991529
-0.578697,0.456102
1.407972,1.632655
-0.093106,3.175047
-1.093476,4.69828
-0.56268,3.434608
-0.068108,2.658172
-0.005239,1.054557
-0.761916,3.050207
1.108445,2.601889
-1.037792,2.267485
-0.600252,1.788032
0.703836,2.123933
-0.488584,2.088457
-0.664319,2.071243
0.326621,3.457809
0.555345,1.625919
0.641716,2.590962
0.410147,1.465602
-0.177231,1.456172
-0.517624,4.00103
0.774639,2.20237
0.37048,3.459905
0.272433,2.06765
0.34623,2.565964
0.22124,0.382155
0.412093,0.436043
1.157543,1.413511
1.44734,2.029031
0.178279,2.552193
-0.063019,1.132545
-0.245639,2.459236
-1.382675,1.450035
0.09116,3.434907
1.677561,0.155976
0.267045,1.851799
-0.627495,1.182092
-0.676593,0.897234
-0.219743,3.512446
-0.35566,2.930306
1.213377,2.251169
-0.285007,2.990781
1.275797,0.602048
1.074915,1.644929
-0.420176,3.326383
0.273631,2.526596
-0.390688,1.923201
0.053289,1.588646
0.137714,3.994144
-0.13472,2.493814
-1.004561,1.496738
1.092279,1.525627
0.47631,2.167493
0.488434,1.564547
0.305215,2.009721
1.387165,0.693807
-0.737816,0.393981
-0.45191,3.249143
-0.342937,1.920955
0.252824,2.163152
0.263901,2.901117
-1.295855,0.838706
-0.008233,3.347189
0.540676,1.862726
0.615221,-0.123643
-0.1925,2.165547
-0.449964,2.354304
0.06242,3.479365
0.074844,1.973197
0.96639,0.661175
-0.061971,2.598147
0.713416,1.601819
0.132325,2.284849
0.449066,1.340612
-0.039069,2.708019
-0.310454,2.498005
-0.834964,-0.082329
0.169148,1.831441
-0.989143,1.850901
0.320484,1.807042
-0.498014,2.553989
-0.118254,2.35131
-0.40416,3.333568
0.531694,0.414937
0.007634,2.397714
-0.529599,2.314487
-0.724344,3.445086
1.121169,1.069825
0.136516,2.697091
0.026345,3.142116
-0.462239,1.322051
2.052831,1.576671
-0.326022,2.503544
-0.344434,4.041296
-0.279768,2.006428
-2.049388,-0.427361
-0.069456,2.005679
1.352587,1.308429
-0.094903,3.344794
-0.283061,2.198778
0.307461,0.823288
0.334854,2.262246
0.945135,2.34203
-0.556094,2.214196
0.959505,3.678151
1.066532,2.71715
0.182171,2.590513
-0.325124,2.507735
1.415157,1.889072
-0.135917,1.656006
0.791704,1.396446
-0.059127,0.604293
0.040566,3.014581
0.23097,3.230582
1.909579,0.80802
1.602118,2.061513
0.837059,3.489244
-0.971929,2.36613
-0.486638,0.590372
-0.060774,1.252446
0.32707,0.458497
0.579595,1.620829
-0.832419,3.010689
-0.350421,2.22183
-0.718805,0.962199
0.747545,0.770747
-0.421374,3.340903
0.82239,2.177821
0.472118,0.994232
-0.047751,0.685874
0.546364,1.872007
-0.419128,3.261867
0.555645,3.527714
1.36112,2.537823
1.1541,2.099384
0.448168,1.660198
0.489033,0.544118
-0.40895,3.464246
-0.631537,2.774331
0.25971,3.518284
2.169439,-0.392783
-0.145348,1.640139
-0.123493,3.353925
-0.641266,1.990561
-1.075064,2.054627
-0.218546,0.229173
-0.182321,3.304977
-0.524809,3.135829
-0.521066,4.293073
-0.514031,4.389921
0.835113,4.171226
0.484393,3.257975
0.020657,0.195643
0.94274,1.044079
1.165327,3.122956
-0.220342,3.163072
0.555195,1.401236
-0.256866,0.372575
-0.415536,1.725761
0.625998,2.297422
-0.73587,4.176315
0.990041,1.448388
0.520168,4.493955
-0.136666,3.409161
0.637225,0.189057
-0.703238,1.325943
0.814007,0.606838
1.214125,1.8512
2.031126,1.269061
1.017135,2.411336
-0.253573,2.582879
-0.328716,3.297044
-0.219743,2.408042
0.695154,1.890269
-1.622027,4.860243
-0.6974,2.210304
-0.912353,1.905687
-0.338746,2.043401
-0.741109,1.324745
0.221539,3.362607
-0.067809,2.391876
0.030836,1.526376
0.20702,1.089435
0.867147,2.463427
-0.671803,2.525997
0.109872,1.473685
-0.639321,1.502575
-0.341889,2.544858
-0.084424,0.456401
-0.839454,1.734144
-0.123493,2.762805
-0.284109,3.747607
-1.0821,0.661474
0.554297,2.772834
-0.587079,3.068918
-0.864901,1.520388
0.598605,1.116977
-0.451162,3.863616
-0.864303,1.465453
0.583337,-0.082928
-0.441731,2.073488
0.132924,2.253115
-1.041534,2.461481
-0.791704,1.857188
-0.037272,2.154619
-0.099393,3.116819
-0.402214,3.763025
-0.191602,2.764601
-0.895139,1.314417
0.743204,0.422422
0.066462,1.951192
0.132774,3.488496
0.284558,1.199007
-0.126487,1.403032
-0.410746,2.016606
-0.436642,2.240541
-1.095721,2.235002
-0.8414,3.189118
0.301174,3.384163
0.388742,0.450264
-0.158071,3.651806
0.064516,3.519781
-0.820444,3.561843
-0.102237,2.011068
0.03368,3.058141
-0.147892,3.246449
-0.150737,1.653761
2.153721,1.660946
0.039218,3.373086
-0.316143,4.445456
0.511337,3.016228
-1.515149,1.521436
1.459615,0.820145
0.262554,1.725612
0.167202,2.190245
-0.209415,3.748505
-0.31749,2.811004
0.695903,1.635948
-1.143023,2.196233
0.04341,2.180366
-0.22603,1.569786
-0.90906,3.259023
-0.082329,3.052153
0.421374,0.345182
-0.10119,2.827171
-0.943189,3.042872
-0.486189,1.133144
0.966091,2.096241
-0.560435,1.336122
-0.527054,-0.232317
-0.180674,1.717678
0.040416,3.71243
-0.202828,2.759062
-0.719254,2.756967
0.308359,1.316961
-0.070803,2.35655
-0.592618,0.641416
-0.453557,3.676954
1.202599,1.333876
-0.568069,2.598746
0.002844,2.583029
0.448617,2.89483
-0.474364,2.59201
0.394879,2.189647
-0.054337,2.21225
-0.771047,1.966161
0.38006,2.079476
-0.47616,4.302802
1.333727,0.345931
1.389111,0.462987
0.331411,3.232229
1.316363,2.758763
-0.076192,3.389102
-0.285606,2.352658
1.281186,1.331032
-0.611029,4.437522
1.688938,1.656306
0.255219,2.446812
-0.221988,2.003284
-0.750839,1.914818
1.209335,0.729433
0.994981,1.512305
-0.015268,1.802402
-0.202379,0.648452
0.102387,1.447789
-0.161963,2.555636
-0.416733,2.588717
0.291444,3.259023
1.621877,-1.113684
-0.306263,2.925217
0.481998,1.031056
-0.135618,2.574646
-0.475561,3.215014
0.478106,0.78392
0.083377,1.949696
0.043709,1.790127
0.945434,1.445245
-0.008981,3.331772
-0.709225,3.280728
-1.475332,2.493664
0.206271,1.75989
0.774639,2.139052
0.775687,1.714684
1.583258,0.523611
0.951721,0.148641
0.189057,2.993176
-0.521366,2.097438
0.580942,0.283211
-0.299677,2.987038
-0.247136,2.674189
-0.57211,1.288071
0.550705,2.903662
-0.224533,1.819766
1.727258,-0.229922
0.585582,3.611839
-0.773142,2.825824
-0.106429,1.250949
0.093855,3.719914
-0.658181,0.601749
0.461341,1.879941
-0.810714,1.19721
-0.44263,3.347489
0.532143,2.075733
0.691113,0.910107
0.302222,3.469335
-0.220641,2.334545
0.225431,2.021097
-1.16862,2.620151
0.501757,2.498005
-0.291444,2.843038
-1.18778,1.633553
-0.669408,2.675985
-0.380509,0.924178
0.907712,2.574496
0.021855,1.872905
1.152004,1.72172
0.448916,1.655108
-0.037871,2.091301
0.166005,4.579427
0.356259,3.820206
1.165177,1.425336
0.08173,3.541785
0.821342,1.299148
-0.04805,2.286346
-0.598755,4.484524
0.829575,-0.035027
-0.595013,3.786227
-1.004112,3.754492
-1.541944,3.237767
0.122146,2.258054
-0.696951,2.96713
0.869841,2.74574
0.595462,1.386417
0.723146,1.629511
0.2404,3.789669
-0.415237,2.842289
0.837359,0.386646
-0.572709,1.38028
-0.551902,1.658701
-0.127834,3.749852
-0.092358,2.186952
0.007634,2.104025
1.304088,1.621428
0.809217,2.12558
-0.602647,1.561702
0.879571,0.58678
-0.474364,1.030906
0.506547,2.677782
1.323847,0.464484
-0.313748,2.189647
-0.733774,2.747986
0.70713,2.55339
0.114811,-0.112865
1.204845,1.018033
-0.814905,1.805396
-0.607587,1.443149
-0.248034,3.232827
0.455203,1.703757
0.09116,2.397564
-0.512384,1.13494
0.854124,1.448987
-0.458047,2.516267
0.901276,2.128125
-0.181273,1.305136
-0.839305,1.017734
0.493823,4.051176
0.402812,2.110461
0.568368,3.100802
-0.457149,3.087929
0.854423,3.406167
-1.392105,3.618425
0.619412,2.177222
-0.155826,2.341581
0.154479,-0.08158
-0.33171,2.563569
-0.301922,2.505939
0.042212,2.618954
-0.916095,1.963916
-0.424368,3.290158
-0.169148,3.055296
0.816103,3.581752
-0.658481,2.404001
0.220491,2.070045
0.371976,1.262624
0.699795,1.58685
-1.219813,-0.601898
0.102537,1.914668
0.824635,1.406924
0.848885,3.344794
-1.473536,1.601969
0.66372,3.284171
-0.785267,2.501897
0.189057,3.221601
1.100661,0.825084
-0.840203,2.993625
0.05778,4.135301
-0.459395,4.284391
0.546514,3.521727
-0.329914,3.431913
0.96669,0.731828
-0.020208,1.275198
1.265319,1.268462
1.63026,1.107996
0.764311,2.176025
-1.420696,2.8134
0.224982,2.325115
-0.266745,3.162025
0.029189,2.700834
1.726659,2.329007
1.155747,2.054927
1.636846,1.784589
0.326321,2.16405
0.25492,3.132236
-0.222737,2.134411
-0.975671,3.989354
0.395777,1.580114
-0.479752,1.902394
-0.940794,0.696352
0.391586,4.289031
0.306862,3.006199
0.244591,1.584305
1.417552,3.040627
-0.890947,1.439856
0.003892,1.870959
0.356708,1.874851
-0.653391,2.423161
0.329165,2.050885
0.258662,3.252736
0.402663,3.831582
-0.049996,1.303789
0.398022,2.323618
1.927392,1.801354
-0.022304,3.827092
0.575853,0.899929
0.490081,3.457061
0.33186,2.393074
0.470921,0.945584
-0.819995,1.306483
-0.116308,3.254382
0.401166,3.55376
0.193697,3.014132
-0.4567,2.37077
0.558638,3.971691
-0.866398,1.833837
0.080083,2.465673
0.201182,3.208278
-0.904868,3.509602
1.455872,0.935704
0.364193,3.497776
0.850382,0.830024
1.007106,2.209855
-0.099094,4.009562
-0.41838,2.818489
-0.421973,1.339864
0.198038,2.448608
-0.499511,2.677782
-0.053888,1.429677
-0.144899,2.896776
-1.466351,2.501598
-0.945883,0.364342
-0.162861,0.956511
0.395029,1.282533
-0.550854,1.667383
0.349373,2.062112
0.363744,2.057172
-0.655038,1.613794
-1.589245,3.676505
-0.016466,1.003813
-0.882864,4.047733
0.521366,3.179837
-0.03368,2.886448
-0.388742,3.129841
0.804727,2.897076
-1.738185,2.513872
-0.176633,3.055446
-0.204175,1.898352
0.452808,2.878215
0.106129,2.26479
0.096699,2.251917
-1.466351,4.48677
-0.284409,1.492247
-0.914748,2.908152
-0.416135,2.980751
-0.069605,3.338657
-0.90397,3.523373
1.311423,1.730402
-0.888103,1.568887
-0.066312,3.455265
-0.413141,2.759811
-0.223635,2.883903
-0.094005,2.55369
0.462239,0.27872
0.32228,3.8711
0.510738,2.001039
-0.143851,2.870431
0.495919,1.39929
-0.52406,2.474205
0.752485,0.90891
0.176633,1.929637
-0.725092,3.450924
-0.570464,1.870959
0.631537,2.416724
0.679886,0.367635
-0.13951,3.166366
-0.242346,-0.696651
0.247136,-0.091909
0.285307,1.659599
0.13951,3.83248
-0.727188,0.205223
-0.870739,1.737437
-0.402663,2.665806
-0.874931,3.018772
-0.871338,1.287173
0.077239,2.131867
1.032253,1.941912
-1.040337,3.398533
0.014071,4.175417
-1.570983,2.570155
-1.906885,1.597478
0.078886,1.75989
1.145119,1.006058
1.353485,1.270857
-1.059048,3.152744
0.194446,2.555785
0.308808,1.659749
0.369132,3.46245
0.013173,1.185535
-0.598905,2.987787
-0.503703,1.30813
-0.448168,3.316653
0.021106,1.456172
0.515827,2.833158
-0.416883,2.342479
-0.278122,3.442092
-0.545017,1.239273
-1.002316,2.450404
-3.345842,0.914149
-0.064366,3.143014
1.533561,0.936752
0.261955,1.621428
0.269739,1.646875
-0.241448,-0.635429
-0.502206,2.080374
-0.446372,2.531236
-0.529599,0.676593
-0.944386,1.848207
-0.542771,2.784959
-0.054936,3.514242
0.917292,1.066083
0.279619,3.372188
0.774489,1.819915
-0.667312,1.090033
0.277224,2.344724
-0.285307,2.166145
0.137863,2.089804
-0.904569,2.938689
0.017514,0.484243
0.483345,3.052452
-0.456251,3.086881
0.613424,2.581083
0.563877,2.473905
-0.925226,3.002007
0.102537,3.019221
-0.125289,1.82231
0.333806,1.896556
0.135169,3.157983
0.257016,1.349294
-0.068108,1.608405
-0.701591,0.81251
0.048948,2.129472
0.620011,1.448687
-0.146845,1.866319
-1.116977,2.12573
0.883463,1.878294
1.174907,1.137784
1.314267,1.177152
-0.752785,0.627046
-0.111518,2.34682
0.048948,1.246757
1.364263,1.062191
0.237855,2.965483
0.47601,2.999463
0.198787,0.821641
-0.587379,1.368903
-1.04842,2.806065
0.700094,2.080374
0.307311,0.965343
0.645907,1.523232
0.967438,2.911595
-1.185834,0.544418
1.063538,1.246458
-0.801284,2.569257
-0.562231,3.416046
0.856519,1.250799
-0.155078,1.151256
-0.261207,3.526816
-0.383203,0.714165
0.138163,2.280358
-0.388592,0.955613
0.47586,1.893562
1.283581,1.935325
-0.370629,2.138303
0.244591,1.540596
0.840652,0.881217
-1.38986,4.501739
-0.190853,1.697919
0.642464,0.324525
0.765059,1.953138
0.164658,2.786456
1.515449,-0.036374
0.05778,2.906057
0.263901,0.484991
-1.91392,4.244873
-0.678689,1.545237
0.332309,4.355193
0.654439,3.162174
-0.374072,2.021846
1.16832,1.30798
-0.402214,3.04901
-0.287552,2.168391
-1.950294,1.484613
0.022304,3.094665
-0.194146,2.114653
-0.722847,1.799857
-0.143402,0.243244
0.856818,0.344134
-0.791105,1.698219
0.004341,1.465004
1.587599,0.509989
-0.429756,2.500251
-0.067659,1.662742
-0.920436,3.556005
1.641936,-0.46149
-0.354762,2.264192
0.044308,3.223547
0.948877,1.402883
-0.203577,-0.222887
1.718876,1.913471
0.012873,2.92387
-0.910856,1.603615
-0.209564,2.786306
-0.183219,2.304458
-0.461939,1.19242
-0.446671,2.159859
-0.242496,1.938469
0.878373,3.952381
-0.274679,1.02926
-0.387394,2.465074
-0.492626,0.347727
-0.381706,2.272724
-0.131576,2.240541
0.088316,-3.381319
1.013991,0.358954
-0.337847,3.665428
0.722697,1.320704
-1.655408,3.952381
1.435215,1.725911
-0.321232,2.41418
0.044308,3.133434
0.354164,3.804938
0.346679,2.574197
1.420097,0.705333
-0.57211,3.858526
-0.474663,2.204915
-0.34159,2.800826
-1.385818,1.244662
-0.803978,1.819466
-0.059726,1.914519
-0.741259,4.805307
0.011676,1.199456
-0.648452,2.803819
-0.707728,1.464854
-0.501308,2.565964
-0.707878,2.395469
-0.367336,2.651137
0.068408,1.832789
-1.15425,2.687811
1.350043,1.410966
0.316143,1.346001
-0.689616,3.454965
-0.825683,1.007704
0.069755,3.256777
0.630489,0.104782
0.366588,2.103875
0.129181,3.820655
-0.198637,3.270549
-0.247585,2.826273
0.709674,1.451232
-0.518671,0.89903
-0.105231,2.847978
0.966241,0.104782
-0.101489,1.09632
0.712518,1.085992
-1.849105,4.151916
-0.129481,0.329465
0.554896,0.996777
-0.651445,2.974016
-0.603246,3.479215
-0.176932,4.123775
0.176184,1.989962
0.450563,0.534389
-0.786614,1.141077
-0.251776,4.003425
0.290546,2.283651
1.000968,2.010918
-0.465233,0.818797
-0.630339,3.427872
-0.284259,2.242786
0.326321,1.745221
1.741179,3.227888
-0.093106,1.409619
-0.576302,2.204466
1.759741,-0.163011
-0.543669,1.777703
-0.509091,2.781366
0.109872,4.102219
-0.141606,1.825454
-0.379461,2.830763
1.169668,2.903213
-0.714913,1.740281
0.8896,1.347498
-0.235909,0.325872
-0.747396,1.51979
0.144001,3.630101
2.015409,-0.563877
1.171913,1.589844
-1.326242,4.149371
-0.071102,4.673731
0.305814,1.82755
0.257764,2.050137
0.175884,4.488117
0.154479,3.380121
-0.763263,2.656975
-0.698298,3.795807
0.792003,1.581312
1.496139,-0.658331
-1.074615,0.537832
0.616718,3.832181
0.219144,2.634222
0.079485,2.226919
-1.02432,1.595382
0.286504,3.025508
0.145797,2.720143
1.321751,2.022444
-0.529599,0.752785
-0.548459,2.380799
0.031584,-0.235909
-0.123044,4.258794
0.293689,2.753674
2.301464,1.179248
0.210911,2.322121
0.283361,1.8033
-0.68767,3.22654
0.001796,2.269281
-0.246238,2.916236
1.913172,-2.194437
0.721949,3.988306
-0.89454,4.300108
1.576372,0.357307
-0.10598,1.848805
-1.503474,2.43813
-1.236129,1.722468
-0.127235,4.235742
0.424218,1.40438
-1.033002,2.339784
0.150287,0.761167
0.231269,2.590962
-0.446072,2.545008
-1.916465,0.406704
-0.386347,3.777694
1.018033,1.366059
-0.145497,0.707429
-0.315394,0.521815
0.254621,0.504301
-0.034428,4.179608
-0.257614,3.031346
-0.363893,2.73631
-0.602048,3.436404
-1.263822,3.887566
0.279169,1.830693
-0.941841,1.119971
-0.960253,1.677711
0.104483,1.43327
-0.027094,2.230661
0.225282,3.37099
0.464783,0.944985
-0.854872,1.089584
-0.024399,3.138374
-0.049996,1.886228
-0.444276,2.558779
-0.821192,2.121838
-0.466879,1.608405
0.197888,2.426754
-1.667233,2.06765
-0.588875,2.408791
0.667312,2.103725
-0.973575,0.82733
1.761986,0.202679
-0.33665,3.697012
-0.528102,3.359464
-0.750988,0.619711
0.277972,1.478775
-0.464783,2.057471
0.75997,1.233884
-0.603096,0.482746
-0.112117,3.7509
-0.049697,1.162183
-0.306113,3.641178
0.631237,1.765429
0.782273,1.912573
1.188528,0.852477
-0.544118,4.217031
0.648601,0.666564
0.084424,2.090553
-0.67315,1.675765
0.82209,1.795067
-0.673899,2.307901
0.472867,1.571732
0.251627,3.877537
-0.800835,2.866539
-0.54322,3.569777
0.747845,1.991908
0.010628,4.091591
-0.289947,1.703757
0.469424,1.214425
0.095202,0.045206
-0.568518,-0.148342
-0.822689,4.29906
0.212408,-1.101859
-0.055984,3.893104
-1.319207,2.261348
-0.320633,3.279081
0.247585,1.664539
-0.602198,3.691174
-0.160317,4.063001
0.916694,0.760269
-0.67345,1.324446
-1.814227,3.75105
1.231788,1.090333
-0.727487,3.76542
-0.536933,2.886298
0.146396,3.070415
-0.16825,3.088228
-0.391436,0.777633
0.479453,2.595752
-0.459993,3.180586
0.260758,3.521577
0.25956,2.367776
0.983754,-0.011676
-0.525407,3.638184
0.155976,1.095422
-0.594863,0.596659
-0.67345,1.657952
0.381706,3.041076
0.19714,3.39015
0.419877,1.738036
0.034578,1.738485
-1.397344,2.261048
-0.186512,1.43297
-0.501158,1.88967
-0.279768,3.003804
0.215552,2.666255
-1.439407,2.005979
-0.09116,4.636458
-0.920286,3.807632
-0.594115,3.204836
-0.639171,2.535428
-0.186961,3.232378
0.691263,2.374362
0.030087,0.400717
-0.350421,2.793192
-0.49547,3.823948
0.699944,0.916394
-0.86535,1.965114
0.328417,2.098336
1.258283,1.886527
0.908161,1.951342
0.323178,1.744622
-0.053888,3.1017
0.042063,4.210893
-1.147963,1.059946
-0.370929,2.188449
-0.248633,3.104095
0.28351,3.20244
0.357307,1.413361
-0.152383,3.23657
-0.351918,3.695216
1.10126,1.207988
-0.357157,2.08711
-0.017514,1.768123
0.084424,3.92873
0.815804,1.87545
-0.613574,0.336051
-0.472418,4.109105
0.772993,0.222437
-1.251847,3.036286
1.150957,2.584076
-0.099693,2.163002
-0.032782,1.184487
-1.006507,-0.584534
0.273481,2.367776
0.406704,2.464176
-1.398841,2.286046
0.113165,1.482367
0.266147,2.209555
1.010549,1.475931
-1.435365,1.35618
-0.704884,0.409249
-0.539778,1.544937
-0.208367,1.949696
-0.846789,1.903591
-1.097817,3.001558
-0.349523,2.90456
0.815804,3.529361
-0.429756,2.237397
-0.62046,4.309239
-0.42781,4.063001
-0.853226,0.516127
-0.777334,1.950444
-0.396525,3.587889
0.144599,2.795287
0.285007,2.928959
-0.537383,2.347119
2.178719,0.797542
0.150287,2.189048
0.975372,-0.089514
-2.211501,1.251697
-0.883762,2.597698
1.254691,4.061354
-0.566721,1.661545
0.47137,3.032843
0.346978,2.443219
-0.944087,2.410437
0.391286,2.446063
-0.202229,1.572779
0.162712,1.346001
0.740211,0.848136
0.449515,1.00007
-0.383952,0.861159
-0.470172,1.281635
0.202379,2.446512
0.945135,0.361199
-0.112716,4.162843
-0.628693,2.540816
0.020507,1.432072
-0.397424,2.802921
-0.330363,2.876119
0.259411,3.922144
0.053589,0.963097
0.382006,3.143912
0.244292,0.90906
-0.311802,3.051554
-0.564776,2.346969
0.201481,0.198188
-0.457449,2.527793
-0.91849,2.13531
-0.112865,0.399669
0.017065,3.15918
0.301922,1.136287
0.786015,3.003205
-1.310674,2.69799
-0.126487,1.195115
-0.691562,1.485062
-0.552202,2.815046
1.00486,2.362537
-0.648901,1.646127
0.104183,2.20222
-0.065564,2.001189
0.409698,1.420696
-0.815055,1.893113
-0.470472,2.777774
-1.047222,2.050586
-0.022902,1.950145
-0.123643,3.146307
-0.080233,4.742438
0.940195,1.856739
-0.359702,0.974174
0.013622,0.751737
-1.050965,3.71228
0.004191,1.759441
-0.177381,3.479215
-1.307681,3.453468
1.483715,1.368454
-1.388962,0.761916
2.602937,2.227218
0.158221,1.674268
-1.944307,1.148562
-1.336122,4.163442
-0.317041,1.425037
-0.390089,2.287543
0.604443,0.842149
0.732277,1.88518
0.642614,1.443897
-0.158221,0.193997
0.761317,3.37084
0.097298,1.874402
0.050595,2.421814
-0.448467,2.463727
-0.553848,0.352966
0.312999,1.080303
-0.343835,3.792214
-0.373174,1.151705
-0.718805,2.131867
0.521516,3.293601
-0.355062,1.292113
0.049547,3.360212
-0.377216,3.381019
0.51957,1.967209
0.707279,3.660189
0.810115,3.308121
-1.377735,1.935775
-0.939297,0.579744
0.498164,2.691403
0.318538,1.589245
0.109123,4.057762
-0.510289,3.060685
-1.426983,4.095483
-0.108824,2.215543
0.064815,3.069966
0.393681,1.999542
-0.071851,2.734214
1.118324,2.387086
-0.498913,3.059937
-0.048799,1.477278
0.78856,1.55302
-0.176034,0.923879
-0.877625,3.823948
-1.091231,3.905828
-0.662223,1.590293
0.358205,1.63984
1.26472,2.587669
-0.038021,3.091521
-0.368983,0.830922
0.778531,1.582958
0.544418,3.257077
-0.425864,1.525927
-0.03832,3.180287
0.199685,2.535428
1.257236,0.403112
-0.117955,2.469864
-0.73557,0.919688
0.450713,1.366957
-0.183818,1.179996
0.589774,1.090782
-0.999023,2.05358
0.522713,1.456322
-0.43754,3.301385
0.411045,1.455124
0.531994,2.068997
-0.22109,3.028353
0.355062,1.333277
-0.146695,4.160748
0.495769,1.446292
-0.584085,3.159779
-0.938997,3.37084
0.133223,4.008963
0.055235,4.114194
0.22139,3.268304
0.407752,1.288371
0.557141,1.34181
0.056283,3.391946
0.250429,1.128354
0.433648,3.047513
0.927022,0.203577
-0.27393,2.152973
1.097967,2.201173
0.202229,1.592089
1.266965,1.71678
0.16825,1.694776
-0.722697,1.587898
-0.593516,3.868406
-0.300575,0.108674
0.55774,1.710643
-0.158071,2.894381
-0.540526,3.924838
0.578098,2.363286
-1.451232,1.512305
-0.147144,3.169509
1.047222,1.453028
-0.408351,2.634372
0.076641,2.51986
-0.705483,0.818498
0.710273,2.619702
-0.111069,2.100432
-0.235909,2.97192
0.411943,2.453997
-1.024619,0.434247
-0.343087,2.727328
-0.045056,3.439098
0.460892,0.628992
1.358275,2.190545
1.210084,2.093696
0.314646,4.099824
-0.316292,-0.032632
-0.13966,1.704505
-1.028811,1.480721
-0.78841,0.635429
-0.346679,1.305136
0.926873,3.614534
-0.801284,-0.217198
-0.089214,2.205963
0.48559,2.979105
1.881438,1.811084
-0.467478,0.086221
-0.32677,1.301094
-0.420027,3.48176
1.647025,2.463876
0.102387,1.541944
1.539698,1.529669
0.238454,2.873874
-0.168699,0.088915
-0.202229,1.511706
-0.371378,3.35168
-0.520019,1.316063
-1.12506,3.018024
0.425864,1.049318
-0.542472,4.743186
-1.450184,1.997895
-0.02874,3.610193
0.074395,3.335963
-0.288899,1.769321
0.011825,2.728676
1.873205,2.386038
0.237406,3.817511
-0.426313,2.310146
0.60609,0.017663
-0.072898,2.371219
0.477806,2.044748
-0.307461,2.544858
1.69268,0.512983
-0.472268,4.267625
0.069605,2.304158
-0.46149,2.855013
0.329465,3.918402
-0.655936,2.269281
0.202229,2.894381
0.857866,1.283581
0.334405,2.166744
-0.602647,3.54433
0.247286,3.064278
0.580942,1.281335
-0.463436,4.946613
-0.680784,1.858086
-0.300874,1.322051
-0.702789,0.9616
0.69725,4.201014
-1.176853,1.662742
-0.735271,2.838847
-0.421973,0.558339
-1.380729,3.807931
-0.703836,3.079546
-0.010778,2.396217
0.464334,3.538492
0.584534,0.852777
-1.046025,0.794248
-0.139809,1.432371
-0.416434,1.43297
-0.382754,1.616039
0.027543,1.919758
1.789678,2.015858
0.136815,2.684068
-0.186961,2.342778
-0.633932,1.882934
-0.595312,2.668201
-0.911305,1.833238
-1.347947,3.291954
0.10119,2.056274
-1.109044,3.430267
-0.242645,1.156645
0.30282,1.387016
0.951871,1.507964
-0.118553,2.954257
-0.23561,3.428021
0.254022,1.847758
0.280217,1.057102
-0.64935,3.537594
-0.160317,3.609594
-0.01901,3.570226
0.889301,2.442171
-0.167352,2.617906
0.116757,1.282533
0.215701,2.240391
0.951122,2.171385
1.336122,1.2502
1.310076,1.781146
-0.850681,1.908082
0.99543,1.791475
-0.810864,1.983076
0.067061,3.099006
0.184566,2.450105
-1.249751,2.687362
-0.622256,1.848506
-0.32243,3.528463
0.533191,5.194049
0.368534,2.109413
0.462688,0.454455
-1.139431,2.453248
-1.201851,1.550476
-0.107477,2.781067
-0.773591,1.455423
-1.141826,4.238736
0.548459,1.031804
-0.469873,0.829725
0.959804,1.379531
0.34638,2.41388
-0.340392,5.014872
0.228425,1.225052
0.594115,1.984423
1.594484,1.709745
1.775907,2.18306
0.026196,2.920427
-0.236358,3.81317
0.750839,-0.031884
-0.446671,2.40909
-0.135169,2.834655
-1.394949,4.59724
0.753234,3.92888
0.023651,2.117347
-0.586181,0.178429
-1.129401,1.54823
-0.37976,2.634072
0.574056,1.901047
-0.357157,2.08711
0.267943,2.349664
-0.296533,2.397564
-0.963247,3.91915
1.259631,2.272874
0.393532,1.425635
0.432002,2.037713
0.202679,1.142275
-0.03368,1.001268
0.925675,2.11091
-0.417332,2.914439
-1.318009,1.326841
0.720751,3.62112
-0.701441,1.948049
-0.354164,3.444787
-0.221539,1.71184
-0.63453,2.487827
0.125289,3.317401
0.735121,0.185015
2.531835,0.269889
-0.628842,1.095572
-0.946931,0.857866
0.310903,3.422034
-1.107547,1.221011
0.280068,2.597848
-0.846939,2.623894
-0.479752,2.390978
0.464783,3.259472
-0.378862,2.236799
-0.292043,1.667083
-0.790806,1.786535
-0.734373,3.276387
0.305664,1.947001
0.421523,2.637066
-0.295635,3.661386
0.028441,2.30805
-0.210163,4.685556
-0.929417,3.12101
0.042063,3.435805
-0.08637,3.075804
0.349224,4.002527
-0.040715,4.229006
0.033381,2.681823
-0.174238,1.604214
-0.035027,3.297343
0.650847,0.882714
1.406475,1.792073
-0.788111,0.675096
-0.451012,1.825753
-0.005688,3.541935
0.442929,3.41904
-0.436492,2.143393
-0.039518,2.505939
0.252974,2.624492
-0.253273,1.905687
0.303868,1.02432
-0.269739,1.287772
0.873583,2.21689
-0.758323,1.771416
0.32707,2.206711
-0.554597,0.589474
0.109572,2.546355
0.906665,1.269061
1.447041,2.515369
1.011297,2.345622
-0.19235,3.261118
0.936602,1.09632
-0.41838,1.372945
-0.890199,-0.231119
-0.085023,1.219963
-0.582738,3.870501
0.522563,1.463507
0.160466,2.38978
-0.232916,2.8613
-1.167123,2.627785
1.350641,0.372875
1.76977,1.991758
0.114662,3.543731
1.422342,1.439706
0.586181,3.659141
0.046254,2.493664
-0.227677,2.147883
-0.339943,3.265609
0.025148,2.263593
2.510579,1.608705
0.582439,2.808609
-0.625699,1.050965
-0.66372,1.565594
-0.060175,1.534609
-0.213905,3.512146
0.107926,2.881208
-0.183069,3.415597
-0.861309,1.406775
-0.228874,3.310067
-0.219144,2.443369
0.085622,3.472928
0.278571,2.828219
0.402513,4.264183
0.811013,1.47159
-0.642913,1.90449
-0.55295,2.242936
-0.657732,2.997367
1.465752,1.323997
1.762136,1.041534
0.532742,2.402654
1.040486,1.778302
0.661774,2.021696
-0.030986,3.216062
-0.247885,3.074008
-0.39907,-0.05793
-1.397045,1.413361
1.642834,0.570913
0.563279,1.320105
0.095651,3.038232
-0.128732,2.758464
0.336051,2.227967
-0.09595,2.237098
0.22124,3.752846
-0.453856,3.635191
0.693059,0.38934
-0.574805,2.839146
-0.039069,2.749632
0.222288,1.799707
0.783022,1.632954
-0.60115,3.254832
0.762065,1.364413
0.786914,2.25072
0.358804,2.219734
-0.080832,1.131198
-0.16346,2.490072
-0.739911,3.902834
0.669558,3.095563
0.45206,2.259252
-0.653391,1.176553
0.079634,3.657943
1.260678,2.434687
0.581541,1.202749
1.892514,1.232088
1.503773,2.074835
0.583038,1.457519
0.773292,0.963696
0.443827,2.242487
-0.171394,1.66888
0.22603,1.971999
-0.643961,2.253414
-0.123344,2.250121
-1.379082,4.836742
-0.964893,0.93765
-0.523162,2.819986
0.053289,2.586322
0.595462,2.324366
0.958457,1.895359
0.290546,4.319867
-0.18741,1.46665
0.034279,2.042054
-0.733774,3.133883
-0.314496,2.543211
-0.40865,2.400408
-0.091909,-0.295336
-0.806972,1.33223
-0.758173,2.13531
-0.25971,1.88024
-0.182171,1.845363
-1.121169,3.070116
-1.027613,2.290686
0.08667,2.299069
0.726888,3.000959
0.176483,2.645299
0.291893,1.527274
0.060325,1.576821
-0.088466,2.17827
-0.772693,2.326761
1.895658,1.414259
-0.559237,0.860411
-0.050445,4.548441
-0.364193,0.697699
-0.248483,0.030087
-0.329165,3.302433
-0.558788,2.581681
-0.66851,4.4721
-0.916394,1.368005
-0.145048,3.396138
0.069905,3.855233
0.991538,1.016536
-0.866997,3.491789
-0.119601,4.174818
1.256936,2.686763
-0.164658,1.251996
0.761017,1.212778
1.588796,1.976789
0.229772,1.569187
0.300425,1.864972
-0.23082,2.632126
-0.006137,1.878893
0.66851,3.934568
-0.239801,2.30341
-0.239502,3.053051
-1.165776,2.824327
0.0482,3.11592
2.121688,1.46665
-0.17798,2.64006
-1.058,1.744023
-0.418979,3.730542
1.663491,1.533561
-0.118853,2.40924
-0.313598,3.339855
1.097667,2.794688
0.410446,0.129331
-0.497565,2.013762
0.21166,1.980082
-0.318238,2.538122
-0.720751,1.841022
-0.042811,1.756298
-1.027912,3.930377
0.503253,-0.561931
-0.23097,2.564916
1.35603,1.805695
0.32692,1.451232
-0.064965,1.493744
-0.21151,2.095492
0.246687,1.504222
0.777483,1.891167
-0.093855,4.19832
-0.31734,1.790876
-0.082029,2.518064
0.28875,0.898581
0.537981,2.251468
1.543889,2.355651
2.160757,2.493215
-1.529819,1.31262
-0.198936,2.868934
-0.277822,2.075584
-0.628244,1.180745
-1.058748,2.08696
-0.099992,1.563349
0.673899,1.886527
-0.34623,2.027833
0.345482,1.932182
0.183967,2.480941
1.115929,1.541794
-1.272055,3.314108
0.790955,3.220403
1.009351,1.090333
0.33171,0.512684
-0.155676,3.069966
-0.37512,3.704047
0.501158,0.862207
0.440534,1.929488
-0.644859,1.902394
-1.073717,1.172063
-0.526156,2.749333
0.95711,3.9193
-0.615819,1.263073
0.223036,2.281855
-1.215173,4.146228
-0.972827,3.052303
1.249751,0.828228
0.424068,1.562601
-0.191452,1.902993
-0.57241,2.364932
-0.56253,0.367336
-0.081281,3.10185
-0.545017,2.916984
-0.54322,1.26008
0.219144,1.629661
-1.082399,1.391656
-0.160167,2.276316
-0.258961,3.089276
-0.397723,1.815874
0.405507,0.815504
2.11091,1.342259
-0.220491,3.650309
0.921933,2.207759
0.876427,0.623454
-0.210462,1.664539
0.085472,3.857778
0.095501,1.525478
-0.072749,4.513714
0.037871,3.357219
-0.908012,1.817071
1.574276,2.002236
0.056133,2.442321
-0.78407,3.019671
0.927471,2.182911
-0.659379,3.788771
-0.001796,2.17378
0.247286,1.738185
0.146845,2.963238
-1.015339,0.24549
-0.490081,4.266578
0.266296,1.277593
-0.479004,1.204695
-0.330363,2.740651
-0.011376,2.390229
0.55789,2.012265
-0.214354,0.082478
-0.253573,2.494113
1.037043,0.179477
-0.432002,2.825824
0.1922,2.650838
1.461561,1.83683
-0.820294,1.906136
-0.020058,3.03434
-1.022673,1.87081
0.530497,1.55347
-1.127905,0.93795
0.876128,1.297352
-0.492027,2.759961
1.14916,2.989134
-0.646805,4.124523
-1.151406,2.628983
0.132025,0.002844
-0.975222,3.59208
0.44233,3.501519
-0.154179,1.863026
0.140109,4.500691
0.132624,2.096391
0.849334,-0.005089
0.433049,4.012556
-0.243244,1.059048
-0.085921,1.895359
0.768502,2.485731
0.22124,3.659889
-1.056353,1.707649
-0.536484,1.939217
-0.205223,2.058819
-0.54322,1.954336
-0.332758,2.170187
-0.275278,3.690575
0.573008,1.551524
2.128424,1.459764
-0.178878,3.39479
-0.802182,1.911525
0.534089,2.882256
0.333207,3.358266
0.526006,3.55361
1.277893,0.308808
-0.648302,0.390089
1.517993,2.905159
-0.003293,2.563569
0.615819,1.298849
0.810864,2.856809
0.343386,3.317102
0.837359,-0.093855
0.465382,3.171904
1.196013,2.091451
1.457519,1.679358
0.06257,2.160308
-0.364791,1.103954
0.869392,-0.324825
1.261577,2.852019
0.229622,1.973945
0.874631,1.276396
0.931363,0.614173
1.299747,1.696722
0.493374,2.763853
-0.471669,-0.709824
-0.127984,3.90493
-1.07252,1.247506
0.24055,4.360133
-1.076561,3.465593
-0.123493,3.521427
-0.316891,2.549049
0.771795,2.990032
-0.039069,4.68391
0.415835,3.354674
-0.5769,1.443897
-0.890199,1.723815
0.354762,2.324516
-0.421074,3.670517
-0.077688,3.380271
0.652493,1.812431
0.403112,2.152224
0.434546,1.232088
-0.333656,2.7652
0.102686,1.828747
-0.126188,1.863625
-0.396376,3.204536
1.574127,2.127226
0.456102,2.069896
-0.059875,3.610043
-0.049697,3.212919
-1.006208,2.327211
1.2743,0.462089
-0.020358,3.658542
0.022902,4.233347
-0.712219,0.715662
-0.178878,1.768722
-0.155976,4.14997
1.701512,2.10148
-0.758772,2.405947
-1.384172,1.236728
-1.174757,0.674048
-0.039967,2.990781
0.412991,2.408042
0.590073,3.284021
2.004931,1.465602
-0.78362,3.067571
-0.905766,1.20694
-0.727787,0.696352
-0.350721,2.839745
-0.229772,2.467469
-0.101489,3.937113
-0.434397,3.239713
-0.540227,4.31358
-0.02904,1.348995
-0.121248,2.07259
-0.795146,1.621728
0.04326,0.600102
-0.429607,2.596351
-0.080383,1.513952
-0.734223,1.600023
1.053809,1.146765
-0.161963,3.13059
0.665366,0.68752
-0.103435,2.3082
-0.726888,4.226611
-0.055385,4.160149
-0.849783,2.749632
-0.635878,1.852248
0.063767,2.657723
-0.578846,2.401905
0.184417,2.22662
-1.087189,0.012274
0.084125,3.230881
0.987347,1.500779
1.179098,0.473465
0.782722,1.578468
-1.420396,3.40961
-0.464933,1.73594
-0.071701,2.734663
0.036674,2.993924
-0.890648,2.528692
-0.522114,3.04392
0.145947,2.968627
-1.430276,-0.18262
-0.392933,2.706671
-1.488205,4.759053
0.693208,0.2163
0.839604,2.240391
1.417402,1.191522
0.658331,1.848656
0.172591,0.462838
-0.742007,1.890569
-0.963696,3.004552
-0.042063,2.402354
-0.017963,5.297334
0.693658,1.915866
0.950224,1.982777
-0.72614,2.295477
-0.633034,1.446741
0.506547,2.286046
-0.172142,0.75503
-0.31255,-0.384101
-0.576451,3.081492
-0.549507,4.2799
0.072898,3.551515
0.435295,2.261048
0.469574,1.792522
-0.405956,0.780477
-0.284858,3.536845
0.431253,1.56275
0.10104,1.372646
0.18756,1.096171
0.670605,2.036515
-0.634381,3.1737
0.253722,2.191892
0.191452,2.036665
0.007335,2.909799
-0.412692,0.883313
0.943488,1.60137
-0.618514,2.404749
-0.253872,1.656306
-1.282832,1.253793
0.903072,0.924028
-0.741558,3.518733
-0.681383,1.012345
1.203797,1.53386
0.985551,1.682651
0.353565,2.333048
0.09146,3.318898
0.607137,2.753075
0.157772,3.971242
-0.044308,2.039808
0.36045,2.458338
0.185464,3.646567
-0.300725,0.233065
-0.620909,3.071163
-0.152982,0.51942
-0.731678,2.3805
-0.147593,2.747686
-0.392184,1.156944
-0.795745,1.605561
1.113235,3.974535
0.175435,2.919379
-0.364791,0.0961
-0.275427,2.545606
-0.779729,0.924328
0.174836,0.675845
0.456401,2.29383
-0.519869,3.819457
0.133522,1.623524
0.486638,0.33171
1.701661,2.536326
-0.416733,2.578688
-0.29833,2.520309
0.012125,3.622467
0.804727,1.041534
0.37033,2.819986
0.397424,2.461182
0.244442,1.62996
-0.252525,1.388662
0.016615,3.42847
0.1925,1.60616
0.599952,1.897454
-0.267793,3.365452
-0.212857,2.603237
0.188009,2.454147
0.686323,1.636846
-0.420925,3.245251
0.509989,2.447411
-0.451162,0.887205
-1.451981,0.908161
1.654958,1.561553
0.053738,1.560804
0.30761,1.820963
0.117655,3.59687
3.150798,0.847987
-0.479303,1.607357
0.811163,0.157173
-0.583337,3.728147
-0.520168,2.212549
0.69261,1.708846
-0.281714,2.687362
-0.667013,2.319726
-0.75024,2.445016
0.919238,1.689836
0.642464,3.35632
0.339943,1.556912
-0.127984,1.21173
-0.527802,2.822231
0.116757,3.284171
-0.270787,3.473227
1.012644,0.257914
0.503852,2.592758
0.451761,2.002685
0.747995,2.66416
-0.322879,3.008893
0.35102,2.467619
-0.36569,1.650168
0.338596,3.063529
-0.750539,2.85666
0.177681,2.974465
-0.046104,2.983147
0.355511,3.692521
-0.573008,3.137775
-0.334405,1.827999
-0.075293,3.818859
0.415835,1.655857
-0.307311,1.45722
0.89948,0.39892
-0.318089,-0.170645
0.062869,1.531765
0.477208,3.978726
-0.121996,0.889301
-1.026266,0.382604
1.118923,0.275876
-1.260379,2.688559
0.377814,1.281785
0.294737,0.743803
1.170266,2.743345
0.267194,3.957919
0.125888,3.706442
-0.044757,3.304379
-0.220491,3.469934
-0.468675,2.39008
0.094753,3.350632
-0.263003,3.349884
-0.660127,2.873275
0.031285,2.111808
0.54801,-0.809517
1.379831,1.638642
-0.167801,2.633025
-0.332159,3.115771
-0.664768,2.605632
-0.474364,1.25993
-0.854872,1.088237
-0.376467,2.359992
-0.238903,3.475622
0.190404,1.492247
-0.105381,1.475332
-0.291743,3.825445
-0.394579,0.211211
-0.051942,1.607807
0.560884,2.283202
0.229173,2.107318
1.686543,2.086511
-1.048719,1.726959
-1.342109,2.118694
-0.900378,2.824926
0.927172,1.093476
-0.32692,3.532803
-0.667163,2.513872
0.1202,0.588426
-0.306413,2.339934
0.712219,1.649719
-0.545316,3.772156
0.307161,3.337759
-0.135319,3.208428
-0.617616,2.647844
-0.51912,3.194058
-0.542023,2.487827
-0.123942,1.866768
-0.158371,0.86101
-1.601071,4.278852
-0.063767,0.304766
-0.282762,0.464334
0.662672,2.093247
-0.868793,3.457959
0.108375,2.772235
-0.646655,1.759741
1.384621,2.548301
0.89439,2.5489
0.850232,1.815724
0.099992,3.269202
-0.759371,5.207222
0.165556,2.760859
0.417332,0.531395
-0.366139,2.242187
0.248483,1.833986
-1.143921,1.562002
-0.924627,1.566792
0.457,2.050885
-0.446671,2.673441
1.929787,1.893263
-0.841849,3.143014
0.900228,1.794019
0.12484,2.558929
0.06736,1.948797
0.641266,0.783022
-0.037123,2.359543
1.573678,1.566043
0.439935,2.621948
0.79829,0.75997
1.043779,1.419199
-0.708626,1.628314
-0.299677,3.678301
-0.766855,1.939367
-1.597628,1.42339
0.106429,0.109572
-0.32243,2.09175
-0.818648,1.16847
-0.359403,3.18358
-0.105381,1.700614
-0.742456,3.289709
1.07701,2.453248
-0.231568,1.977238
0.791404,2.346371
0.844693,2.858456
0.806673,3.622766
0.950523,1.39914
-1.073867,1.407373
-0.424517,2.680027
-0.024998,1.779799
-0.808169,3.53909
-0.045655,2.761607
-0.297132,1.545386
-0.858165,1.414259
1.105751,2.361639
-1.49539,4.567901
-1.304388,3.045866
0.679587,2.480941
-0.863105,1.831591
-0.03847,3.161575
-0.844544,2.196532
0.219444,4.486321
-0.445324,2.126179
-0.010329,1.742526
-0.742157,2.148782
0.08173,1.446741
0.749491,2.185156
-1.324446,1.468446
-0.89903,2.085314
1.171614,1.167273
-1.235231,2.440525
0.076192,2.748135
-0.260907,2.097139
1.152304,3.031346
-0.198637,0.905168
0.923879,3.024012
-0.440235,2.478845
0.373324,2.041155
0.497865,1.512904
-0.260608,1.616788
-0.34608,0.344284
-0.778082,2.790946
-1.374292,1.438359
0.392933,3.728147
0.145348,0.219294
0.03383,2.484084
0.267045,2.190096
-0.483794,1.194666
0.117655,3.672762
0.119452,1.361718
0.753084,1.498085
-0.75488,1.627266
-0.145797,1.570235
-0.062271,2.387685
0.750839,2.317331
-0.135618,1.496438
0.773741,0.080233
0.127086,1.982777
0.069007,2.479893
0.818498,0.339195
1.494492,0.597557
0.642763,4.006718
0.005389,4.007915
0.252225,3.972439
0.291145,3.011288
0.546963,1.844015
0.242496,1.736389
-0.807122,1.922303
-0.184117,0.52406
0.496667,2.253264
-1.004561,1.688788
-0.048649,4.416117
0.410297,3.199297
0.400717,1.422642
-0.676743,1.50991
0.219144,2.789898
-0.142204,3.113226
0.512983,2.171385
0.1922,3.497776
0.01422,3.412603
0.195194,1.732797
0.288899,2.915487
0.69261,0.448318
0.782872,2.288741
0.040566,3.287763
0.344434,1.100961
-0.489183,0.927621
1.008902,1.782942
-0.086221,1.564247
0.395178,0.929268
0.225731,0.890947
-0.520318,2.338737
0.414638,3.007097
-0.292492,3.023113
0.21136,2.656825
0.594713,4.224515
-0.10104,3.242407
0.882565,1.029858
0.099094,-0.232167
0.251028,4.25086
0.922532,1.633403
0.617167,1.287024
0.912952,0.729882
0.667612,1.742676
0.311502,3.715274
-0.119452,3.648663
-0.785566,1.816622
0.938548,5.295388
1.026715,0.243394
-0.456102,1.829346
0.338746,4.40474
-0.199385,1.310674
1.054707,1.69732
0.555345,2.890639
-0.020807,3.24136
-1.172212,0.666264
0.198188,4.568051
-0.619113,1.714086
1.273701,2.094894
-0.069306,3.169808
0.450114,0.917592
-0.238454,4.853956
0.195493,1.611399
0.342188,1.93802
0.592767,1.344504
-0.37497,2.210154
-0.440684,3.024461
-0.857417,1.897005
-0.786465,2.362986
-0.474962,3.641627
-0.869691,0.2404
0.466131,3.06787
1.487307,1.2984
0.86535,2.581382
-0.059127,3.134931
1.132844,1.550176
-0.468975,1.785038
0.53843,2.738705
-0.194446,1.614093
0.319286,1.672322
0.032632,2.943778
0.089514,1.71199
-0.758772,1.427132
1.746718,2.783162
1.348695,2.616709
0.959355,-0.40416
0.811163,2.795886
0.426164,3.829487
-0.444126,1.305286
1.580563,0.799338
0.407902,0.85113
0.113464,3.06338
-0.416434,0.405058
