accY,accX,accZ,gyroX,gyroY
2.870581,-0.182021,9.281299,0.118911,-0.089986
3.210673,0.430505,8.113578,-0.028712,-0.222718
2.050735,0.376467,13.846805,-0.190188,0.064184
3.734135,-0.082628,8.149204,0.223399,-0.297662
1.780398,-1.188379,7.291338,0.560777,-0.042686
1.450933,0.065264,7.228917,0.084644,-0.102629
2.515519,-0.261207,6.420449,0.131353,-0.036039
3.757486,-0.775687,11.69488,0.559988,0.302505
2.992577,0.02425,13.048965,-0.572603,0.045886
3.48176,-0.030536,7.886051,-0.245084,-0.250086
2.186054,-0.511037,6.950945,-0.041297,-0.244216
2.20701,-0.304916,6.887777,0.288975,0.045592
-0.132025,2.41403,13.745316,0.578636,-0.544687
2.08696,-1.469045,11.129057,-0.117898,0.112861
1.550027,-0.513732,9.673185,-0.230423,-0.410299
1.873504,-0.783022,9.281449,-0.054286,-0.007327
3.257975,-0.675246,9.238339,-0.091203,0.041982
4.024531,-0.839305,11.421698,0.328838,-0.052679
3.091371,-0.358954,8.432714,0.260763,0.090307
1.415457,0.092508,12.518468,0.231559,-0.186577
0.710123,1.480272,10.415491,-0.580351,-0.019744
1.332379,0.563428,10.292896,0.037938,-0.007357
0.766556,1.921255,10.678195,0.328119,0.037764
0.642763,1.73579,9.841734,0.393025,-0.152892
2.420616,0.352517,11.351644,0.218832,0.154497
2.405498,1.494792,11.336226,0.114108,0.054105
2.936743,-1.252296,9.161548,-0.072375,-0.030447
2.326312,1.021027,8.655152,-0.515739,-0.352208
1.932631,2.152224,9.430838,0.157499,-0.267571
3.974984,0.329465,9.37216,0.139986,-0.11762
2.995122,0.54352,6.684649,-0.403034,0.131247
2.182761,0.844993,12.44512,-0.079457,0.105163
1.951043,-0.37497,6.512058,0.277987,-0.114048
0.627046,-1.411265,10.738369,-0.140931,-0.027135
0.587379,1.199905,8.703202,0.694667,0.542627
3.046465,-1.248105,10.842403,0.322096,-0.008868
2.721341,-0.658032,6.544241,-0.395222,0.23544
4.05387,0.474064,10.75723,0.587948,0.079433
2.611469,0.246388,6.521339,-0.08173,-0.02202
1.958976,-0.330213,6.750961,-0.000271,-0.478161
1.943708,0.202529,7.377409,-0.114331,0.044958
4.793632,-0.23097,8.774154,0.057919,0.092735
1.642684,1.004262,10.139016,-1.142874,-0.402168
2.886597,-0.886457,10.525961,0.274415,-0.022217
2.030677,-0.633782,6.332432,-0.128235,0.122179
0.643212,-0.022304,7.801028,-0.001207,-0.300989
2.648742,-1.391057,10.168504,0.002575,-0.212482
1.427881,1.763633,12.910952,-0.414722,-0.079027
1.799558,-0.50011,7.908055,-0.082749,-0.097345
1.725013,-0.945584,10.191706,0.019237,-0.214816
4.078569,0.329315,11.673026,0.658739,-0.453306
1.556763,0.709674,12.773986,0.13766,-0.188058
3.171006,0.194745,8.686736,-0.169218,-0.165051
0.643811,-0.387544,8.543633,-0.299682,0.260538
2.227817,0.299527,7.015461,0.198651,0.035636
4.308041,-0.032333,11.224409,0.005102,0.164699
1.30334,-0.287253,9.639654,0.026255,0.151364
3.410508,-0.352068,7.716903,0.162923,0.470833
2.059866,-1.170715,9.622141,0.232739,-0.019135
1.69268,-1.266965,8.873098,0.473389,0.529687
3.14496,-0.090861,11.327694,-0.239647,0.303299
3.527115,-0.283361,7.276668,0.149946,-0.217465
2.306703,1.819317,9.799971,0.059739,0.031037
2.154769,0.584834,7.308402,-0.13582,0.146406
2.3802,0.084424,6.96307,0.195685,0.151913
1.06264,0.30761,7.837851,0.027714,-0.119731
2.885849,-0.1684,9.50209,0.773184,0.281864
1.513652,-0.054337,8.091424,0.184128,0.04713
3.223397,-0.877625,12.377461,0.101037,0.00669
2.200275,-0.348475,6.810238,0.164241,0.199065
0.279619,1.028661,11.693234,-0.361235,-0.199982
1.607956,1.387614,8.941805,0.383564,0.183402
1.943708,0.475262,6.983428,-0.220059,0.127416
2.897674,0.111518,7.33804,0.072422,-0.11546
0.762215,1.046174,12.810061,-0.505069,-0.220776
1.736689,0.839454,11.651022,-0.783443,0.163736
1.334026,0.116158,9.161249,-0.125692,0.004359
2.945126,-0.114811,6.048622,-0.050612,-0.15809
2.381098,0.543819,9.095236,-0.094463,-0.152891
0.71162,0.077688,10.912757,-0.463022,0.285903
2.546205,-0.239801,6.728658,0.054871,0.04102
2.354005,-0.281564,7.511679,0.220248,0.007456
1.378184,-0.393532,11.232043,-0.032506,0.490439
3.672313,-0.684676,11.05526,-0.27061,-0.603173
2.297123,1.12042,8.311317,-0.089226,-0.021711
1.403931,0.28351,7.344627,0.301783,0.402835
5.075945,-0.556992,10.986104,0.101188,0.086282
2.759811,-1.080453,9.416917,-0.611699,-0.263823
2.474804,-0.068707,7.787556,0.253834,0.223186
3.560795,-0.034129,8.887319,-0.314701,0.213813
2.73152,-0.021106,9.007519,-0.008164,0.161424
2.191593,-0.89948,10.741214,0.122964,-0.198772
3.658392,0.149389,11.502231,0.287476,0.396772
3.477119,1.228645,12.769645,0.249419,0.253478
3.49119,-0.016017,9.073082,0.081954,0.222494
0.697549,1.977687,9.104068,0.301696,-0.598592
0.869542,0.974623,13.511353,-0.087685,-0.220044
1.318309,0.800984,13.342504,-0.020532,0.099945
3.1017,-0.679287,11.540252,0.06563,0.052379
3.862568,-0.054038,9.095835,0.173659,0.24947
2.690206,-0.00958,13.928685,0.125259,-0.267842
0.94259,-0.915646,10.760972,-0.103894,-0.15808
3.445685,0.290546,7.206464,0.239864,-0.21419
3.447481,-0.238754,8.450826,0.017067,-0.123026
1.132545,-0.912802,11.765533,-0.00596,-0.169249
2.941683,-0.956511,8.830437,0.085587,0.46613
0.673,0.806972,10.830727,0.219622,0.220903
1.355431,-0.584834,8.6318,-0.361244,0.103536
2.479594,-0.357307,12.022549,0.292633,-0.05879
3.560496,-0.136666,6.88613,-0.23234,0.263132
3.768863,-0.389191,12.059073,0.164848,0.035839
3.194058,-0.231269,8.388556,0.241291,0.048407
1.400937,0.176483,8.198152,0.852988,-0.000193
1.585204,0.241298,7.156618,-0.484293,0.07401
3.461552,-0.102537,8.622519,-0.309245,0.434383
0.851879,0.002844,12.375216,0.183886,0.15802
0.652493,0.571512,14.852414,0.839326,0.050018
1.575025,-0.510289,7.439679,0.219638,0.27243
2.456991,0.051044,13.649067,-0.092624,0.233783
1.138832,-1.118923,10.206974,-0.019249,-0.017123
1.547332,-0.829874,9.249416,0.00102,0.028823
2.780917,-0.200733,13.205389,0.322973,0.14403
1.334176,1.242865,9.436976,0.664794,-0.116915
2.345173,0.774939,7.852221,0.21015,-0.141896
1.208587,-0.652793,10.052645,-0.498168,-0.170994
1.915567,0.911305,9.066945,0.637943,0.059519
3.402425,0.130678,7.958949,-0.014101,0.081522
3.04422,0.404459,9.357491,-0.81874,0.248883
1.01459,0.179028,8.153994,0.128119,0.092125
2.393972,-0.859213,12.303515,0.025588,0.497351
1.190774,-0.273332,8.169861,-0.017861,0.097548
3.245251,0.190105,12.499308,0.173242,0.03174
1.460962,-1.143472,11.447146,-0.16468,0.046859
-0.447569,1.381028,9.619596,0.259521,-0.083916
1.238974,-0.6013,9.274264,0.066,-0.066892
2.362537,-0.118853,8.433163,0.413905,0.285473
1.697171,-0.309407,11.116932,-0.057243,-0.441351
3.383564,-0.760568,8.981623,0.041882,-0.379297
1.563948,-0.662822,13.007501,-0.445902,0.236429
2.46223,-0.057181,9.201964,0.078225,0.030415
1.982178,-0.59157,9.888437,-0.46171,-0.446301
2.593207,-0.179028,11.1566,0.266743,0.058179
1.896706,1.578018,8.009544,-0.20381,0.592985
2.435885,-0.958906,9.887239,-0.493276,-0.002991
3.598367,-0.856519,9.129515,0.019345,-0.158304
3.670218,-0.95232,11.663895,0.232948,-0.133912
1.204395,-0.309107,7.855814,0.254699,0.061796
2.676883,-1.324146,8.81457,-0.085788,0.248031
0.39428,-1.175356,9.354497,0.009803,0.014489
1.552871,0.75518,13.115277,0.249802,-0.006714
1.454825,0.293091,7.665559,0.022402,0.123853
1.789978,-0.701591,10.054442,-0.145283,-0.114793
4.07318,-0.705184,10.375374,-0.01905,-0.115043
0.844095,1.723516,13.035942,-0.164273,-0.382741
2.139052,0.349523,6.901848,-0.130277,-0.147823
2.249971,-0.051493,6.806945,0.178267,-0.056002
2.401007,-0.49547,9.370065,-0.008198,0.314423
-0.616418,-2.203717,13.375436,0.130022,-0.163597
4.022585,-0.285905,10.455009,0.143311,0.055251
1.361419,0.32722,6.786438,-0.167681,-0.347296
0.290246,1.569337,9.840686,-0.031999,-0.086
2.158362,-0.057031,7.450157,0.140129,0.243625
3.230432,-0.062121,8.873398,0.168869,-0.135916
1.344055,1.143173,9.000184,0.027783,-0.358962
3.182382,-0.407902,9.923165,-0.056703,-0.427336
3.440895,0.6013,6.964567,0.008157,0.309755
4.230503,0.123194,11.268866,-0.124146,-0.368883
4.230652,-0.297282,10.429412,0.079046,0.02923
3.47188,-0.011825,6.287974,0.186651,0.09371
3.152744,-0.401315,5.843399,0.295465,-0.193383
1.456322,0.154628,7.432344,0.400866,0.012845
2.708767,-0.792003,7.094497,0.374336,0.062029
3.328179,-0.927471,9.480385,0.432533,0.2779
1.727108,-0.231718,7.67948,0.236105,0.109601
2.463427,-0.094903,6.126909,-0.586042,-0.283061
1.510808,0.941542,9.028026,0.088437,-0.388965
2.224973,-0.685275,9.16065,-0.096959,0.086684
2.628235,0.360151,7.306007,-0.146141,-0.279151
2.85172,-0.039817,11.580069,0.206233,-0.099983
2.450554,-0.587079,6.733747,-0.064226,-0.004029
3.901187,-0.110171,8.03095,-0.011487,0.135109
3.093467,0.25492,9.20885,-0.151489,0.666671
3.627257,-0.287402,8.700507,0.236744,-0.197956
2.287393,0.365989,8.463101,0.303084,0.499755
1.114582,0.369432,7.567962,0.34086,0.108841
2.344724,0.055085,6.482569,0.11246,-0.121783
-0.39907,0.334854,10.371931,0.271237,-0.075628
2.18785,-0.539029,9.592353,-0.035675,-0.275096
2.591711,-1.212628,12.035123,-0.013238,-0.20306
2.394421,0.38455,7.77094,-0.146056,0.300767
3.703149,0.334554,8.297845,-0.027336,-0.082591
2.431843,0.671653,6.519992,0.076537,-0.033107
2.583478,0.260758,5.940846,0.124526,0.07527
2.384092,-0.484393,7.355704,-0.634845,-0.095723
1.506916,-0.248184,8.302335,0.149703,0.083662
2.699935,0.31719,6.2754,0.041699,0.303655
2.495311,-0.332758,6.611152,-0.024297,-0.030844
0.959804,0.479752,13.376483,-0.075339,0.100371
2.182611,0.190554,6.547085,0.096344,-0.010349
0.526455,0.813409,10.08887,-0.162547,-0.035868
2.884202,-0.368833,10.071955,0.194056,0.241628
1.671424,-2.54845,12.096046,0.151475,0.34987
3.847299,0.070952,10.461894,-0.195581,-0.348662
1.368155,-0.63019,10.81022,0.12725,-0.182782
2.070644,-0.002545,8.093669,0.212055,-0.565946
2.820734,-0.226928,11.01724,0.213529,-0.061825
2.689308,-0.324226,7.055877,-0.154008,-0.370911
2.253564,0.354463,6.875502,-0.019718,-0.194632
1.370251,1.146915,11.617192,0.29086,-0.218729
0.863105,-0.350721,10.423275,0.010207,-0.011893
3.268304,-0.399968,9.589958,-0.315229,0.106023
1.433569,0.159269,7.16979,0.332669,0.070852
0.628543,-0.556692,10.825638,-0.115118,0.205162
2.780917,-0.506846,6.646179,-0.0808,0.299613
1.661096,0.288001,10.639126,0.078114,0.296145
2.56312,-0.584684,11.085049,0.115268,-0.067938
0.973875,0.652643,8.013286,0.121107,0.045057
3.37563,-0.276325,10.110425,-0.064462,0.211226
0.831671,-0.33201,10.275233,-0.365274,-0.002549
3.191513,0.098795,6.442902,0.33629,0.078114
2.271077,-0.436941,6.727011,0.059819,-0.055601
1.106948,0.049846,11.182646,-0.058666,0.168225
1.45213,0.233814,10.970986,0.103194,0.245761
3.766767,-0.709525,10.87294,0.410863,0.269266
3.330724,-0.51942,8.924741,-0.102353,-0.388206
1.220113,0.771496,8.790919,0.240743,0.375125
2.206412,0.510289,7.144044,-0.123269,0.413338
-0.27408,0.237257,7.711214,-0.14517,0.271268
1.024919,0.794997,6.334976,-0.197856,-0.085255
1.908531,-0.065713,6.801406,0.194904,-0.046424
3.458259,-0.126936,7.877668,0.203969,-0.146212
3.894302,-1.350492,12.33944,0.493319,0.071682
1.965563,1.260229,8.597821,1.020104,0.378607
0.533042,0.592468,14.836996,0.304224,-0.046094
1.863774,-0.115859,7.421267,-0.042791,0.104012
1.886228,0.511037,13.725108,0.135536,0.76658
2.182911,1.012195,12.006383,0.117261,0.14996
1.62996,-0.567171,9.809102,-0.249391,-0.058338
2.358346,-0.624651,6.413563,0.129191,-0.217509
1.517844,0.427062,10.446327,-0.508644,-0.002878
3.311414,-0.399669,8.125553,-0.06467,0.070941
1.599873,0.454605,7.490274,0.099912,-0.244311
1.72157,-0.027692,10.684182,0.075356,-0.237438
1.778601,0.765059,9.377849,-0.27611,-0.215858
4.19353,0.375719,8.253237,0.133296,-0.261203
2.147584,-0.91849,9.260044,0.02789,-0.016965
2.686014,-1.511557,10.81501,0.002149,0.195779
2.349963,0.582139,13.222603,-0.144994,-0.651921
2.6691,-0.828976,9.303004,-0.108391,-0.06712
1.845961,-0.017963,7.039112,0.577999,-0.123959
0.937351,1.031954,7.188501,0.010012,0.112687
1.490301,0.528551,11.28638,-0.036438,0.360189
2.849175,-0.08173,7.279812,0.122036,0.203143
2.255959,-0.414039,6.695427,-0.128123,0.021656
3.961961,0.546663,12.747941,-0.390174,-0.248051
2.804119,0.824336,12.07988,-0.562914,-0.483223
1.95703,-0.829874,9.591005,-0.114624,0.087498
2.583927,1.282084,8.172705,-0.689476,0.31254
1.432072,-0.497715,9.551039,-0.647233,-0.368263
2.528242,0.98121,9.628128,-0.293845,-0.019854
2.155667,-0.262404,7.664362,-0.085212,-0.069488
1.300645,0.833317,6.978937,0.024442,0.218762
3.052752,0.028441,6.866671,0.110344,0.173476
2.046993,-0.278271,7.557634,0.587371,-0.07544
2.636617,0.011526,11.006761,0.15103,0.068265
1.96182,0.261506,5.70793,0.161961,-0.021229
3.021766,-0.709674,8.413554,-0.047647,0.01142
1.730102,0.147743,6.474935,0.005936,0.132633
4.250411,-0.22588,11.070678,0.741382,0.211479
2.43828,-0.083227,10.435549,0.037983,0.165518
2.949317,1.840722,12.342733,0.169816,0.014745
2.420018,-1.551224,11.121423,-0.301013,0.056275
1.21188,0.818498,6.913523,0.164137,0.233353
3.892505,-0.996777,11.273357,-0.231844,0.23673
2.917433,0.462538,8.722511,-0.795216,-0.193712
2.108815,-0.021256,7.103778,-0.031904,-0.057652
2.761158,-0.583786,6.584507,0.230926,-0.1279
4.030219,-0.450563,8.513845,-0.021482,-0.196503
3.542533,0.068408,10.470876,0.233968,0.094228
0.980012,-0.675845,10.512938,0.088601,0.104773
2.801574,0.291145,6.928642,0.03888,-0.24492
0.292791,-0.61537,10.649155,0.031321,-0.123438
0.150737,-0.191302,10.3869,0.053007,0.218794
2.422413,-0.194595,9.486822,-0.250866,0.0565
1.183738,0.327669,7.094497,0.213058,-0.254901
3.976331,0.102836,7.777826,0.114348,-0.004549
2.042054,-0.268691,7.940538,0.087537,-0.034152
2.100732,-0.109123,7.392078,0.590301,0.441817
3.081791,0.664618,9.32935,-0.143052,0.276395
1.606908,-0.959804,8.613688,0.191242,-0.418907
1.47608,0.207469,8.599617,0.528797,-1.028851
1.328188,-0.290546,11.859688,0.050373,0.229165
2.953508,-0.142204,6.710396,0.174476,0.243525
1.469794,-0.426014,8.263716,0.4133,0.096966
2.867886,-0.157622,8.149054,-0.320503,0.036389
2.480941,-0.724493,9.966425,0.121525,0.372203
1.74582,0.421523,12.465777,0.326561,0.00102
0.234113,-0.621358,10.036928,-0.048755,-0.263545
1.156794,-0.045954,12.439282,0.015265,-0.115079
2.104025,-0.325872,7.454049,0.947404,-0.301824
1.989513,-0.133522,10.969938,0.138126,-0.469158
5.74161,-0.652643,9.875863,-0.625656,-0.373302
1.763782,-0.801882,9.476793,0.222967,0.262096
2.352358,0.353864,6.710994,-0.256957,-0.268974
3.351381,-1.704955,11.82511,0.544985,0.534775
2.551444,0.268991,11.301798,-0.268086,-0.652591
2.099684,0.470921,8.493188,0.007714,0.153021
1.3945,0.908311,9.807455,0.178674,-0.144828
2.780917,-0.905617,11.572136,0.035527,-0.204193
0.156125,-0.494572,11.859688,0.086229,-0.087702
2.968627,-1.120869,10.070009,0.899816,0.225824
1.549578,1.669927,8.608299,0.131943,0.035625
0.58199,0.785117,7.804021,-0.079479,-0.007302
0.544717,0.162412,11.333232,0.236824,0.06328
3.716322,-1.133593,7.733219,0.029551,-0.029697
1.241668,-1.579964,11.439811,0.289076,-0.079499
1.340762,2.040407,9.428593,0.067513,-0.389619
2.189048,0.56747,6.84766,-0.799354,0.199077
3.46739,-0.005239,11.112591,-0.18685,0.073053
1.97185,-0.93271,10.665022,0.032045,0.43112
2.896926,-0.262853,9.017249,-0.10374,0.14078
1.898652,0.47107,7.003336,-0.134744,0.055062
1.890718,0.106728,13.029056,-0.046032,-0.200243
2.868485,-0.214055,11.133099,0.046475,-0.537737
2.445614,-0.925076,9.708511,-0.318585,0.021861
2.054029,0.167951,12.158317,0.151396,-0.115252
-0.639021,0.790656,13.049863,0.075912,-0.089457
2.017804,0.128283,7.237599,-0.928975,0.105362
3.500171,0.685275,8.071066,0.026821,-0.12561
3.451523,0.83661,11.036849,0.117058,-0.134894
3.599714,-0.180525,8.308472,0.042699,-0.306729
2.279011,-0.37018,11.664943,0.201193,0.338996
0.652643,0.687969,7.034023,-0.025498,0.060257
2.781067,0.404758,6.630312,0.245977,-0.079793
0.546663,0.808169,12.801529,-0.559311,-0.122867
1.84671,0.117655,7.093748,-0.840017,-0.043046
3.339705,0.126637,8.446336,-0.096416,0.025019
4.420757,0.801284,11.070828,0.168322,-0.142646
2.906506,0.31734,9.449699,0.170759,-0.14006
2.537374,0.364791,9.094189,-0.002667,-0.049069
1.966461,-0.327369,13.761483,0.098434,0.011945
1.833238,1.070274,13.427078,0.07918,-0.130423
3.887117,-0.47601,10.702893,0.539582,-0.093709
0.94259,0.414937,12.403956,0.27615,-0.196507
3.193459,-0.473465,11.23833,0.073739,0.01609
0.988245,-0.585433,10.894794,-0.288761,0.402342
2.225871,0.075293,7.152576,0.112534,-0.10904
1.266816,-0.52915,10.736274,-0.006201,-0.009521
0.148192,1.307681,11.427836,0.04059,0.064478
2.771487,-0.570913,7.446265,0.113814,0.423264
2.338886,-0.217049,10.083631,0.013467,-0.001319
2.391128,0.112566,7.070696,-0.006621,0.166226
0.708776,0.892294,7.989486,0.279113,0.313988
1.145867,-0.597707,10.040371,0.191934,-0.166104
1.671275,-1.152004,8.068372,0.890362,-0.059208
1.288521,1.329835,8.199499,0.150003,0.0287
1.837279,-0.261057,8.864566,-0.181397,0.16786
3.415897,-0.191901,7.706724,-0.130654,-0.429666
2.132016,0.181423,12.575649,-0.138113,0.303825
2.492617,0.385748,8.06433,0.093553,0.095524
3.922892,1.008603,8.691676,0.022723,0.021879
1.852847,-0.269589,6.881789,0.734987,0.454175
2.052382,0.212109,10.692864,0.639599,0.44686
1.532813,0.934806,11.601475,-0.461392,-0.240102
1.849404,-1.179846,10.985506,-0.124484,0.008535
1.243464,1.434617,9.453292,0.210079,-0.227983
3.04871,-0.262704,8.524473,0.073687,-0.013066
1.783092,0.18741,8.931926,0.454863,-0.001732
3.354674,-0.513582,11.707155,-0.304671,-0.420012
1.959126,1.00007,6.907685,0.291212,-0.16195
2.167792,0.167202,6.866371,0.007487,-0.172931
2.94303,-0.056283,12.297827,0.125562,-0.298826
2.118245,0.352517,7.307354,0.109241,-0.100977
1.852997,-0.77883,9.376352,-0.033781,-0.066335
1.651815,-0.182321,6.868168,-0.377487,0.262323
-0.082329,1.188079,10.113718,0.174594,-0.167349
3.18343,0.554896,8.075557,-1.273156,-0.15265
0.771496,-0.251776,11.678115,-0.024175,-0.008582
1.480122,-0.006586,8.255483,-0.07266,-0.196085
1.854344,0.422422,13.913567,-0.389034,0.109677
2.094445,-1.435814,8.906479,0.102144,-0.04533
2.095792,0.136516,7.300169,-0.369268,0.301026
-0.069007,-0.753234,13.044773,0.100559,0.030501
3.227738,-0.106429,6.273454,0.146112,-0.059388
0.455203,-1.551374,10.527757,0.269823,-0.419529
1.466351,-1.44285,10.193353,0.026987,0.257715
2.016307,0.086969,6.033803,0.281148,-0.249664
1.184038,-0.360151,9.653725,-0.118682,0.150334
2.059268,0.544867,8.180339,0.464991,-0.025595
2.398762,0.541723,9.825568,-0.246396,-0.090093
2.913541,-0.193997,7.936795,-0.187032,-0.64764
1.124162,-0.838107,11.277698,-0.133204,0.031577
1.475482,-0.167801,6.699019,-0.242631,-0.069007
2.848277,0.212259,8.53555,0.091078,0.184771
1.966311,-0.535736,9.157357,0.288265,-0.095524
1.853895,0.356559,9.193732,-0.124548,-0.193833
0.193398,0.336351,11.162737,-0.019012,-0.068917
2.920427,-0.193248,10.726993,-0.109414,-0.241738
1.680406,-0.678389,9.815239,0.286297,-0.181977
3.448678,0.084574,6.718179,0.372315,0.063719
1.478775,-1.100212,9.171578,0.356297,-0.502341
4.61146,-0.445623,10.837164,-0.63413,-0.896256
2.843188,-0.239502,8.49229,-0.791175,-0.451938
3.28926,-0.208516,12.782519,-0.063124,-0.27961
2.297722,-0.966091,9.209,0.002206,0.0776
3.465294,-0.213905,8.406519,-0.382395,-0.014122
1.042432,0.690215,7.09285,0.040131,0.081884
0.724643,0.540825,7.701335,0.034144,-0.130065
1.372945,-0.22618,6.821165,-0.369991,-0.034345
0.848585,0.178579,9.536668,-0.012898,-0.166214
-0.381856,0.184417,11.407478,0.215472,-0.239009
2.872527,1.849853,10.661729,-0.34279,-0.423962
2.204765,-0.743354,8.517288,-0.316668,0.030614
2.353406,-0.330812,7.215595,-0.472439,0.035821
1.33687,-0.280367,7.773934,0.152635,0.283507
3.613785,-0.291294,9.817784,-0.072827,-0.123395
0.330962,-1.367406,8.92504,-0.15675,0.156362
1.65885,-0.130529,9.753867,-0.197029,-0.462941
2.095043,-0.604892,11.929293,0.121302,0.172508
2.359843,0.066462,8.178243,0.02822,0.121485
2.367028,0.725242,13.321548,-0.254615,0.174433
3.792663,0.059576,12.02674,0.046369,0.484991
0.364193,-0.063917,7.584278,0.228922,-0.102228
1.551673,-0.664768,10.06028,-0.203576,-0.673227
0.361648,0.203876,12.846436,0.373713,-0.051355
3.301834,0.151635,6.970854,0.248083,-0.010263
1.345103,-0.541424,9.681268,-0.058755,-0.018083
2.786905,-0.286953,8.760083,-0.426597,0.277593
2.804867,-0.376767,8.737331,0.459189,0.062654
3.642076,0.337997,8.602461,0.144135,-0.100062
0.431553,0.858615,10.926079,-0.176775,0.09577
3.669469,-0.106129,8.02571,0.236037,0.027222
1.457818,0.428409,9.554032,0.006453,0.071896
1.835184,-0.174687,7.419621,-1.049637,-0.296055
2.28889,0.933609,7.450756,0.0959,0.481992
2.604135,-0.305215,6.360872,-0.094978,-0.196498
1.906136,0.071701,5.982609,0.331205,-0.01962
1.941014,-0.649948,9.675729,-0.500605,-0.062959
3.310366,-0.161065,8.382419,0.022364,0.079334
2.118395,-0.310005,8.389903,0.004086,0.112237
1.327889,-0.58199,9.708212,-0.165641,0.009099
2.727628,-0.757575,6.468948,0.429688,-0.211054
0.286205,0.602048,13.405822,-0.091537,0.626746
2.331552,-0.136516,6.710695,0.351503,0.101346
3.01039,0.356858,9.091644,-0.04588,-0.189109
2.29847,-0.4329,13.799354,0.2114,-0.17294
2.934198,0.030087,6.555917,0.145454,-0.096956
2.616259,-0.389789,6.60247,-0.742084,-0.370231
3.222349,0.023052,6.591693,-0.328002,0.327536
1.945654,0.313598,6.725963,0.214696,0.103408
-0.285756,-0.110171,11.156899,-0.029896,0.008751
0.627645,0.282463,9.619746,0.245711,0.234241
1.277444,-0.396825,9.800869,0.295627,0.014406
1.272953,-0.49053,11.881692,-0.152652,0.112105
2.886897,-0.256716,8.623118,-0.139608,-0.491029
3.728447,-1.134641,10.798095,0.066394,-0.001063
0.945883,0.700244,13.239369,-0.003416,0.125456
1.306633,0.423469,12.590318,0.606343,0.550508
1.957479,1.739682,12.526701,0.164128,0.004789
0.48589,0.206421,13.604609,0.666525,-0.323316
3.03928,0.719554,11.522289,0.113075,-0.188024
3.300636,-0.59172,11.631263,0.137745,-0.145966
3.389701,-0.058977,7.295828,-0.007422,0.175759
3.276087,0.461341,8.120164,0.016011,0.275347
0.903371,0.971929,11.070229,0.05417,-0.169046
1.884132,-0.292492,10.115964,-0.024405,0.090251
2.776726,-0.404758,9.773027,0.034583,0.033714
1.070274,1.176703,14.114299,-0.534207,0.128123
1.355132,-0.728834,9.973759,0.285564,-0.0555
2.295327,-0.308059,7.137009,0.099871,0.090822
1.711691,0.248783,6.539451,-0.006185,0.027646
1.351839,0.319436,8.389304,0.120436,-0.066102
2.140848,0.181572,6.111042,-0.587723,-0.185921
1.293909,0.233514,11.165581,0.126128,-0.128217
1.443299,1.176703,7.768845,-0.078609,-0.070582
2.588866,-0.372276,8.029453,0.457539,0.00616
1.814826,0.953966,12.319082,-0.212155,-0.093757
1.696422,-0.385149,6.605913,-0.02977,0.079765
0.472567,-1.801504,11.805201,-0.581452,-0.732729
1.501827,0.059426,8.009095,0.002353,0.102476
0.858764,-0.124391,9.070388,-0.105426,0.043577
3.119812,-0.234562,10.499616,-0.1011,-0.080996
2.22183,-0.720302,7.781418,0.039262,-0.314866
2.328707,-0.306113,6.576574,0.078759,0.161374
-0.073797,-0.463436,10.17554,0.171031,-0.007482
2.031725,0.087418,9.174571,-0.006462,0.217517
1.401386,-0.657133,8.243807,0.588788,-0.392814
4.160448,-0.401914,12.657978,-0.114729,0.372293
-0.095202,0.226629,10.90183,0.268965,-0.230549
1.891916,0.150287,7.903115,0.199663,-0.150804
1.689088,0.411494,7.887997,0.104218,0.018386
3.014881,-1.261876,11.390863,0.28734,0.652437
1.9717,1.66873,7.495663,-0.125713,-0.17607
1.535357,-0.326621,7.587572,-0.099725,-0.266593
2.041754,-0.803529,10.480755,0.130197,-0.141735
0.853076,0.700992,10.678644,0.181464,0.025001
1.313818,-0.679437,9.85326,-0.03224,-0.019609
3.35198,-0.045505,8.207882,-0.009402,0.070126
1.344654,-1.540147,9.70402,0.334124,0.125391
2.652484,1.459016,12.837454,-0.356545,-0.074611
-0.003742,-0.37512,12.878619,0.104045,0.105114
2.642455,1.544339,11.369607,0.1462,0.001788
0.708177,0.039069,7.276818,0.11961,-0.093191
2.740351,0.23576,10.869497,-0.182327,0.27423
1.913022,-0.884211,8.353978,0.697231,0.319431
2.452051,-0.732128,8.210426,-0.25054,-0.300409
2.528392,-0.608634,6.892417,0.015078,0.527948
3.591931,-0.445923,8.326734,-0.131797,0.127613
3.791915,-1.181792,12.02674,-0.092913,-0.162006
0.521665,-1.092279,10.635982,0.433126,-0.46039
1.055455,-0.800835,9.795031,-0.190144,-0.104591
2.227368,0.160017,6.734645,0.04092,0.376083
1.825005,-0.505199,9.863589,0.072889,0.234365
1.753154,-0.315095,12.292438,0.048436,-0.293559
3.701503,-1.145717,12.283756,0.377038,-0.433415
3.081193,0.29339,7.206314,-0.157759,0.091955
2.847229,-0.396974,11.460618,-0.145018,-0.576621
1.7313,-1.006657,10.079889,-0.048033,0.143907
1.950145,-0.909808,12.422368,0.389801,-0.11145
1.721271,-0.135319,6.988667,0.14199,0.253419
1.897604,0.640219,10.244097,-0.517147,0.404155
1.952091,0.817899,12.662319,0.022428,0.114086
1.941463,-0.481399,8.001311,0.248303,0.155575
3.889661,-0.532892,11.641891,0.28317,0.046574
2.84184,-0.108674,8.459359,0.25804,0.075174
4.03441,-0.583038,8.489446,0.181959,0.363698
1.524729,0.722248,8.733588,0.119853,0.120633
3.676654,0.756676,11.134595,0.097007,-0.18304
3.703149,0.293091,10.709629,0.000848,-0.412761
1.658701,0.551453,8.38661,-0.084607,-0.260275
-0.303269,0.086221,11.605367,0.028662,0.007651
2.29383,0.365091,6.187683,-0.037379,0.1781
3.570375,-0.248483,11.386073,-0.371723,-0.074109
1.880539,-0.606389,11.66644,-0.128891,0.064907
1.974843,2.413581,10.395433,0.010051,-0.077895
2.579586,0.948278,13.6091,0.165035,-0.169982
2.199227,-1.382824,9.181457,-0.398585,-0.330492
-0.093256,1.547482,7.529193,-0.182313,0.297126
1.752705,-0.44218,9.712253,-0.011631,0.0629
3.144361,-0.203876,9.554481,0.141402,0.235074
2.83241,0.223934,6.665639,0.238184,0.072208
-0.443977,-0.541424,11.149415,-0.118821,0.300692
0.586031,0.75997,7.012467,-0.32274,-0.429232
3.111579,-0.186362,6.621331,0.034172,0.223111
3.207081,0.44263,8.195607,0.563358,0.005186
2.123335,0.47122,9.080267,-0.118255,0.159445
-0.108824,-1.186582,12.178225,-0.020111,-0.01901
3.142415,1.055455,11.689641,0.038323,0.205552
3.76033,-1.110391,12.433894,0.142112,-0.262986
1.583557,0.47107,7.873327,0.198974,0.161414
1.199456,1.02896,6.965166,0.466713,0.272846
1.295855,1.829046,7.13611,-0.381042,0.039399
1.388213,1.792971,12.539125,0.10002,-0.17386
2.191143,0.209415,6.696175,0.159918,-0.088667
2.491718,-0.42302,10.967992,0.094143,0.039158
1.770967,1.487157,8.844957,0.245299,-0.311442
1.93308,-0.238155,7.653734,0.092178,0.189532
3.524122,-0.137265,9.952803,0.000375,0.14407
3.060087,0.070354,6.132747,-0.127785,-0.152782
3.786077,0.055684,8.475824,0.124683,-0.041716
0.233365,0.458796,9.998907,-0.200004,-0.186631
0.42781,0.367785,11.241773,0.279936,0.1611
2.598147,0.470023,10.246792,-0.082795,-0.107679
0.820893,-0.34623,9.794881,0.333495,0.100769
2.72658,-0.389191,8.239616,0.141157,-0.278747
1.786834,0.814456,6.572532,-0.022006,-0.110221
1.473087,0.299078,7.644004,0.037396,-0.115177
2.468068,0.459245,6.077811,0.047653,0.183446
2.907853,1.814826,13.179792,0.623894,-0.232604
3.982319,-1.360072,11.480676,0.262306,0.117072
2.410138,1.02432,9.769135,-0.145389,-0.110803
2.354454,-1.235082,8.914263,-0.002222,0.045903
1.91856,-0.678689,9.371262,0.630861,-0.064722
1.047372,-0.041164,7.125482,0.23616,0.02118
1.691033,-0.427361,13.451927,0.134902,0.045668
2.6688,-0.344883,7.735614,0.046347,-0.303049
2.972668,-0.73587,8.962462,-0.249518,-0.073924
0.086071,0.796643,11.429183,0.330525,0.058258
0.177231,-0.976719,13.834232,0.032334,0.07745
4.167633,0.016915,12.746743,0.294412,0.009597
1.509012,1.189127,7.21814,0.0281,0.201714
2.064956,-0.434097,7.505243,0.208939,0.038636
1.948947,-0.01422,8.055648,-0.154143,0.186984
-1.17341,-0.067959,10.274035,0.347046,-0.088652
3.509302,-0.457149,8.163125,-0.069861,0.284099
1.683399,-0.982407,7.449259,0.111306,-0.301921
0.9378,0.214953,9.032217,0.123044,-0.050383
1.395997,0.301473,10.035581,0.028245,-0.317679
2.901716,0.74515,12.01267,0.280495,-0.254621
1.555415,-0.511187,10.275083,0.098744,0.052497
-0.067659,-1.019829,9.71405,0.000965,0.056659
2.415078,0.406405,12.061169,-0.002367,0.056383
2.436633,-0.239352,8.802894,-0.384097,-0.058282
2.75562,0.148342,7.966733,-0.714884,-0.691666
2.557432,-0.645458,9.665401,-0.767569,-0.384049
2.60144,0.03847,6.398444,0.07908,-0.00638
1.177901,-1.095871,11.209889,-0.246216,-0.330089
2.283951,0.054636,6.47254,-0.632789,0.101333
1.599574,1.035846,12.38734,0.014765,0.08795
2.295027,-0.051044,9.136251,-0.790685,-0.975715
2.523602,-1.170865,10.614128,0.085437,0.355359
2.006877,-0.847238,11.25749,0.188259,0.269237
2.584076,-0.566272,9.515862,0.321332,0.416175
3.151247,-0.670156,9.426497,-0.14064,-0.064766
0.772843,2.052083,10.768307,-1.040125,0.246495
1.560206,-0.887504,9.528436,-0.013985,0.140602
0.478555,2.127077,12.073144,0.077925,0.201524
2.148482,-0.569117,6.746022,-0.19073,0.216651
2.595602,1.336271,12.383448,-0.414377,-0.141903
1.281785,1.058,11.634256,-0.116789,-0.040729
1.222358,1.258882,8.609197,-0.070734,0.083752
3.334616,-0.660277,6.773564,-0.041837,0.254236
3.659141,0.058828,8.726852,0.104359,0.272134
0.502505,0.61567,9.795031,-0.008523,-0.168233
1.843267,-0.274529,6.773415,0.194661,0.021157
1.703458,1.111139,9.138945,0.102427,-0.095285
3.791316,0.260009,8.833131,0.299515,-0.035686
1.644929,0.84155,10.118808,-0.317361,0.305729
2.100582,0.202978,6.046077,0.054288,-0.047372
1.898203,1.666035,8.436905,0.258055,0.019869
2.311344,0.218845,7.032226,-0.700177,0.06983
1.469794,-0.321831,8.507708,0.337991,0.367809
4.684059,-1.344953,10.398426,-0.113625,-0.108562
3.876489,-0.250579,8.627609,0.099135,-0.533883
1.503623,0.802332,6.786138,-0.682981,0.304273
1.973197,-1.326541,9.337882,0.895535,0.161337
3.204686,-0.260458,7.200776,-0.504108,0.331243
1.64942,-0.556842,7.120692,-0.227136,0.341263
2.082769,-0.419128,6.942114,-0.688299,-0.214586
2.376458,0.535736,7.31439,0.190736,-0.456867
1.200204,1.006208,9.645342,0.185848,0.161644
1.903741,0.518073,9.836645,-0.134313,-0.450185
2.316283,0.165256,7.015312,-0.79302,-0.21221
2.410288,0.415835,6.177204,0.557357,0.369209
1.413062,0.027543,11.681408,-0.343047,0.066615
2.87582,-0.380509,6.914421,-0.227355,-0.084389
1.584605,-0.386796,7.283404,-0.058059,-0.259221
2.043101,0.918939,9.106014,0.256002,-0.006708
2.278262,-0.580792,6.666387,0.171501,0.045353
4.04414,-0.433798,10.573562,-0.636555,-0.392311
0.424368,0.025597,11.933484,0.170047,-0.017899
2.597548,0.790207,8.609946,0.142443,0.104931
1.970652,0.71192,8.27614,0.120522,0.367642
2.508633,0.127834,11.424243,-0.015434,-0.188671
5.842201,-0.623903,12.716207,0.092217,0.128423
4.096681,-0.440085,10.666968,-0.256376,0.178999
1.58221,-0.494272,10.020762,0.008047,0.013723
1.78878,0.493075,8.100106,0.222184,-0.098987
2.436184,1.059347,12.889097,0.051217,-0.352786
1.781895,0.998274,12.761562,-0.106645,-0.159104
2.423311,0.133373,7.085516,0.06361,0.284373
1.920057,0.397274,7.829918,-0.015941,-0.267346
0.600252,1.041235,7.166198,0.22024,-0.242618
2.203119,-0.425415,6.548432,0.228862,-0.109243
0.090711,0.00464,11.661949,0.234905,-0.32262
1.916614,0.107477,7.091503,0.199312,-0.187373
1.47623,0.844394,8.957523,0.054679,0.303985
3.889362,0.46643,8.287366,-0.390138,0.155058
3.284769,-0.974025,10.960358,-0.279076,0.128268
1.391357,-0.546663,8.900791,0.212535,-0.386884
1.15395,-0.255668,10.948682,-0.026394,0.014296
0.970133,-0.560734,8.518486,-0.466848,0.31111
2.722239,-0.450264,10.952424,0.208669,0.039349
2.026037,1.168171,12.695999,0.330201,0.238638
3.400778,0.145348,7.985294,-0.336719,-0.546546
2.291435,0.570314,12.85856,-0.345255,0.028818
2.768343,-0.255519,8.868608,0.180787,-0.016501
-0.418829,1.480122,12.941488,-0.056662,0.323629
0.371078,-0.297881,11.180101,-0.03098,0.009425
2.627187,0.202529,9.023985,-0.043686,0.048164
2.561623,-0.046553,8.258476,-0.205268,-0.028274
3.404071,-0.05299,9.310788,0.301095,-0.143384
0.839305,-0.852926,11.369906,0.119642,0.035974
1.53416,-0.332908,7.26634,-0.399935,-0.527604
1.794468,-0.054786,8.745564,0.130614,-0.111515
1.805994,-0.292342,7.063511,0.416888,0.172405
1.25978,0.301473,10.697205,-0.109658,0.008512
1.08659,0.121547,8.391101,-0.221305,-0.07675
3.441044,0.233664,11.474838,0.287817,-0.274472
2.214196,-1.370101,9.467213,-0.383563,-0.322983
1.550775,-0.368833,7.104227,-0.128391,-0.208978
3.213967,0.064666,9.132509,0.053787,-0.050062
2.459535,-0.001497,8.396639,0.126402,-0.187185
1.795816,0.047152,6.694978,-0.993004,-0.462247
3.108436,-0.213755,6.029312,0.527777,-0.02462
1.372646,1.025068,7.688462,0.041898,0.323779
0.573008,0.756377,12.905114,0.233656,0.293629
3.190914,-0.858615,11.466904,0.010545,0.589213
2.210453,-0.219294,7.182514,-0.048636,-0.544011
1.203647,-0.634231,10.113569,0.181119,-0.071635
6.016439,-0.616568,10.719209,-0.036188,0.282569
1.902394,0.335452,9.235195,-0.014185,0.164544
0.830323,-0.210013,12.381652,-0.388063,0.045717
0.584385,0.065414,8.827743,-0.491059,-0.270985
3.849395,-1.087489,11.022329,0.200075,0.134106
4.540209,0.531844,12.052936,-0.200829,-0.152317
1.768572,0.65878,11.47364,-0.541358,0.137939
3.300187,0.069905,7.234606,0.21831,0.064374
3.901637,-0.578397,9.292825,0.053872,0.149762
1.171913,1.657952,13.955479,-0.448706,-0.189102
2.4046,0.90382,9.0647,0.28947,0.193941
4.676126,-0.114961,10.438842,0.058729,-0.152242
3.153193,0.175735,12.727583,-0.355355,0.260296
3.272046,0.675845,8.468639,-0.14846,-0.066219
1.815724,0.29324,7.195387,0.187468,0.022159
1.267863,0.501457,6.818471,-0.074134,0.136032
1.905388,0.344134,11.178155,0.046974,-0.004093
1.436413,-0.311353,9.621093,0.292475,0.407381
2.692451,0.288151,8.04532,-0.16172,0.213882
2.929558,0.580493,10.868449,0.00722,-0.166962
0.394579,-0.079634,11.622581,0.254778,0.131862
0.798739,-0.253872,8.801547,-0.543166,0.09343
2.302512,0.44233,6.963968,0.123518,0.015805
1.581461,1.669927,9.551488,0.540925,-0.842292
3.58744,-0.417482,8.552016,-0.093651,0.195825
0.109123,0.719254,14.33494,-0.013466,-0.076526
1.538052,-1.055904,10.710527,-0.546631,0.087974
3.414849,0.486488,9.103769,0.289336,0.11128
0.501607,0.60594,7.588919,-0.241464,-0.267475
0.035776,1.22625,11.347004,-0.097148,-0.033663
3.511398,-0.453108,8.576266,0.184257,-0.107877
3.576363,-1.134341,10.914852,-0.14212,-0.455472
1.344205,0.006287,9.227561,0.06885,0.20002
2.99108,-0.633183,11.776461,-0.281236,-0.123091
1.701661,-1.03869,10.530003,0.160986,-0.318995
1.675316,0.111069,7.200776,-0.616718,-0.053909
3.116669,-0.166304,6.748866,0.227775,0.121521
4.497098,-0.074994,8.733588,0.091897,-0.074309
2.251019,-0.075443,8.129295,-0.028915,0.028869
2.732268,-0.551603,7.921677,0.351575,-0.019176
1.879641,0.147892,6.932085,-0.011592,-0.264845
3.085234,-0.720302,7.278464,0.013633,-0.092202
3.909121,0.420775,11.743829,-0.972329,-0.148384
-0.152832,0.602198,11.412717,-0.304131,0.048933
2.030977,-0.225282,7.341483,-0.064941,0.299455
3.510799,-0.84619,9.952055,0.046652,0.115576
1.107697,-0.453856,7.608229,-0.126264,0.590628
2.338737,0.558339,7.713759,0.159745,0.078374
1.296753,-0.275128,6.451584,0.147742,-0.126578
3.718717,-0.404758,11.15645,0.234308,-0.091835
2.824327,-0.179776,9.366622,0.152623,0.245428
4.764442,0.147593,10.248738,-0.006603,-0.172162
1.686543,-0.962349,9.389225,0.283357,-0.175423
1.031355,1.137934,10.740914,0.277839,0.136637
3.588787,-1.049917,9.010962,-0.413829,0.035323
2.786156,-0.583636,7.399563,0.383807,-0.340035
3.523523,1.622027,11.767479,0.496137,0.524532
3.186573,0.266147,7.345375,0.193753,0.245978
1.316063,-0.887953,10.93057,0.200406,0.031738
1.326691,0.845741,9.393117,0.073192,0.324794
1.563948,-1.035846,12.961097,0.046243,0.00492
2.522554,-0.026645,6.701265,0.027411,0.390627
2.479294,0.032782,6.579418,0.158352,0.013474
2.347419,-0.623603,11.812536,0.01869,-0.033605
1.757196,-0.250878,8.482111,-0.083473,-0.28712
2.716401,-0.156724,8.839418,-0.132355,0.166889
2.969974,-0.34638,8.079598,-0.000176,-0.012492
3.201692,0.544717,8.042326,0.147766,-0.031832
0.448916,-0.508493,9.696686,-0.071845,-0.514521
2.414479,-1.206641,8.728798,-0.410796,0.085796
2.211651,0.388891,12.582235,-0.000397,0.660222
1.648073,-0.15852,10.984907,-0.241763,0.609936
1.324595,-0.703088,9.80027,0.033409,-0.156795
1.542393,0.098645,11.62797,0.104902,-0.08325
3.281626,-0.597258,9.049581,0.525554,0.601318
1.923949,-0.437091,10.078392,-0.973145,-0.646637
2.843637,-0.69246,6.71788,0.343393,-0.13102
2.340832,-0.310903,5.921835,-0.095765,0.105167
2.328258,-0.398172,9.983938,0.189149,0.021078
1.631158,0.008532,12.576547,-0.334876,-0.304563
1.436862,1.064137,8.972791,-0.11597,0.112884
1.794019,-0.522414,9.683962,0.598907,-0.11782
1.361718,0.884511,12.737762,0.161135,-0.089412
1.422492,0.049697,7.332801,0.024637,0.040339
2.875969,-0.328118,7.059021,0.124096,-0.111935
2.233206,-0.069306,7.80462,-0.123435,-0.052391
2.834356,-0.097747,9.330547,-0.178582,0.388035
3.875142,0.114362,8.000413,0.086898,0.077086
2.533332,-0.438887,8.890013,0.175943,0.183959
3.557951,-0.046404,9.836645,0.060187,0.12043
2.950664,0.389939,7.823182,0.331373,-0.191046
2.932851,0.193997,7.66047,-0.298878,-0.346403
3.598667,-0.733175,7.123237,-0.004142,0.097545
2.628534,-0.69261,11.745325,-0.164562,0.141764
3.397186,0.159119,10.637928,0.275833,-0.364934
2.223476,0.07694,14.044694,-0.300277,0.177569
2.662513,0.024549,6.959627,0.164066,-0.128684
1.24062,-0.728086,9.153615,0.11497,0.046402
2.967878,-0.65878,8.580607,0.834558,-0.343444
4.018992,-1.343606,11.275602,0.030756,-0.302019
1.44764,-0.51957,11.941268,0.216907,0.108914
1.377136,0.888552,9.9302,-0.519964,0.301147
0.090562,1.225651,9.429342,0.403465,0.3945
2.68796,-0.227078,8.518935,-0.227589,-0.213937
3.87125,0.426313,8.962163,-0.079474,0.061872
2.610122,0.252076,12.078982,-0.358756,0.09136
3.515739,-0.189506,11.953393,-0.017798,0.013834
2.356999,0.574954,8.523575,-0.163205,0.115099
1.967509,-0.111967,6.747518,0.035643,-0.253086
2.064507,0.04805,8.531509,-0.121794,-0.114071
0.808319,1.337618,10.946137,-0.263,-0.015111
3.893703,-0.237107,8.467442,-0.097824,0.061955
1.390758,-0.980162,9.359736,0.008849,-0.383184
1.367706,-0.636327,9.666149,-0.910605,0.345887
1.00501,0.37527,6.984326,-0.04155,-0.192192
2.226769,0.357756,7.708221,0.274574,-0.012234
2.568958,0.201631,9.075927,-0.50319,0.214774
1.161884,1.598526,8.591534,-0.024524,-0.064881
2.582579,-0.564476,9.890982,0.168751,0.247918
1.063089,-0.983305,10.770253,0.131261,0.046842
2.427951,0.731229,8.688532,-0.14282,0.161309
2.745141,0.273332,10.265203,0.021993,0.116906
3.025209,-0.742606,11.536659,0.160335,0.154165
1.61589,0.328417,7.327862,0.083026,-0.069281
2.480192,-1.115181,9.297616,0.729876,-0.064376
3.457211,-0.029938,10.679093,0.875148,-0.301722
4.466412,-0.470172,7.069649,-0.289465,0.096991
1.860331,-0.082628,6.935677,0.446255,0.015923
2.069297,1.222208,7.552245,-0.671175,0.099389
3.806584,0.223186,6.848558,0.019084,0.054228
1.955384,-0.336201,6.864425,0.044056,-0.309391
3.052752,0.028441,6.866671,0.132737,-0.037369
4.187243,0.207918,11.803405,-0.01062,-0.00294
1.355282,-0.195493,10.692415,0.313409,-0.744355
0.948128,0.439336,12.593611,0.237361,-0.178044
2.090852,-0.505349,6.937773,0.340692,-0.235963
2.119592,-0.056133,12.49347,-0.649264,-0.520947
1.415307,0.034129,11.068134,-0.153825,-0.370633
2.380799,-0.78886,8.496631,-0.014669,0.018233
3.014731,0.189057,11.72871,0.161661,-0.068343
3.170856,-0.46164,9.163794,0.339365,0.580918
0.908161,-0.412243,14.330899,-0.267256,0.078203
3.650908,-0.097597,8.028255,0.237767,-0.253012
3.432961,0.129181,8.22779,0.05594,0.02714
1.273103,-1.003513,9.084758,-0.044121,0.009589
2.152374,-0.474064,9.770033,-0.065958,0.023589
2.426155,-0.138612,6.975045,0.348251,-0.07579
-0.177231,1.480122,13.093123,0.464631,-0.274592
0.891696,0.79814,6.978937,0.009117,0.107412
3.147505,0.343236,5.517826,0.161845,0.025749
2.870132,0.229922,9.500893,0.104917,-0.276513
2.302811,0.176034,7.54521,0.437165,-0.034135
0.580044,1.100362,10.839559,-0.14276,0.020769
2.025588,0.445773,6.926696,-0.489172,-0.226125
1.859134,-0.919238,9.544602,0.025402,-0.218405
2.730322,-1.391057,11.818224,0.217102,-0.07503
1.907334,-0.559536,7.483089,-0.070522,-0.057811
0.109422,0.826282,14.571898,0.290913,0.356486
2.694696,3.123704,11.630065,-0.01568,0.192459
1.928589,-0.323926,6.650969,-0.033358,-0.315912
2.633923,-0.377066,8.340356,-0.542534,-0.10613
1.771117,0.271386,7.757169,0.410911,-0.127994
1.947301,-1.267414,8.264165,-0.597307,0.015424
0.199535,0.272134,9.314381,0.428483,-0.005846
0.689616,-3.54433,13.307028,-0.02184,0.001259
3.805985,0.155527,11.559711,-0.036044,0.631952
0.835413,-0.20672,11.280392,-0.025433,0.006478
2.625241,-0.317639,8.163424,-0.291942,0.223249
2.609374,-0.347278,11.206446,-0.249464,0.048215
3.319048,-0.106878,8.685838,-0.062278,-0.165677
2.401306,-0.196392,9.226513,-0.163916,-0.267487
1.763932,0.577948,6.517597,-0.106653,-0.143392
2.82298,0.314646,6.666387,0.044236,-0.236073
1.806893,0.066013,9.216634,0.245784,0.065886
1.369502,-1.23104,12.17104,-0.308478,0.333792
3.001259,-0.113614,8.120463,0.371259,0.293515
0.890947,0.013023,9.292077,-0.532866,-0.247895
1.272055,-0.10598,7.490124,0.001442,0.106185
2.586022,0.712219,11.965817,-0.310309,-0.582023
1.217269,-0.951721,9.047186,-0.639296,-0.100409
1.419947,-0.521815,11.345357,-0.038961,-0.204365
3.071313,-0.866398,7.430997,0.285442,0.030524
1.723067,-0.395328,13.091925,-0.03769,-0.021648
4.691544,0.07679,10.74795,1.234262,-0.328991
0.000898,-0.165406,8.919053,0.448522,0.174226
1.733545,0.463436,7.281009,0.422622,0.122674
3.167413,0.862506,12.83491,-0.162089,0.074779
3.165916,0.151036,8.788524,0.083555,0.309135
0.288001,-0.459245,10.145901,-0.029375,-0.421811
1.293161,-0.653092,6.780001,0.729078,0.025333
1.149759,0.171094,10.101893,0.045192,0.277592
2.734663,0.155826,6.992409,-0.526845,-0.531254
0.376018,0.815504,9.9064,0.313334,-0.213572
1.139281,-0.797542,7.553892,-0.134914,0.730878
1.431473,-0.256267,8.241711,0.105731,0.230517
2.030827,0.204026,9.787696,-0.270624,0.190506
1.440904,-0.16361,12.829371,-0.333591,-0.149638
1.388962,0.025896,8.671318,0.313218,0.018972
1.775159,0.606389,8.577313,0.163194,-0.33788
2.716102,-0.539778,7.810009,-0.160699,-0.049741
1.780996,0.20193,7.51138,0.42064,0.068604
0.053589,1.977687,13.621075,0.114627,0.221621
3.096611,-0.595611,7.990683,0.199167,0.080387
0.173489,-0.378712,13.071118,0.632084,-0.361664
0.674198,1.283281,10.362052,-0.509408,0.179678
1.851649,1.128204,11.229498,-0.124519,0.159993
3.723507,-2.326013,10.046059,-0.298588,0.085367
2.848127,-0.274978,6.579268,0.003349,-0.202829
2.542762,2.261797,10.125394,-0.027038,-0.338791
1.858835,1.127306,8.780142,0.155318,-0.102807
3.350333,-0.100591,5.801935,0.065102,-0.038352
0.030087,0.444576,12.041559,0.130872,-0.017403
4.041895,-0.203577,9.505533,0.005591,0.014243
4.161496,1.026266,11.153307,-0.160669,-0.012803
3.868106,-0.263003,7.087611,-0.045383,0.04512
-0.397274,1.428929,12.803924,0.213392,-0.067252
2.035767,0.974174,10.681188,0.040196,-0.148703
2.485581,0.772543,7.604486,0.008447,0.074118
2.989433,-0.348026,6.277945,0.274989,0.162942
0.561931,-0.618813,9.845027,-0.0217,0.511204
2.494712,-1.028212,11.261082,-0.651139,-0.335228
1.767075,0.280517,11.392509,0.262625,0.080635
0.891097,1.752855,11.875405,-0.289846,-0.238927
1.530567,0.24549,8.051158,-0.148771,0.12957
0.224084,0.41838,9.810299,-0.504558,0.124845
2.363735,-0.363744,7.529642,-0.01894,-0.199012
1.602418,0.698897,10.125095,-0.223043,-0.20342
2.50534,-0.343386,9.092841,-0.169818,-0.005589
0.817749,-0.613574,11.40643,-0.001674,0.01859
4.077521,0.343835,11.408376,0.36095,-0.162768
3.573219,-0.382006,8.017927,0.096916,-0.207927
2.816693,-0.715961,7.352411,0.278031,0.046534
3.404071,0.251327,8.72805,-0.057337,0.041366
2.694098,-0.026046,6.752309,-0.413185,-0.032765
0.832419,-0.52885,11.419753,-0.045219,0.083262
2.627336,0.379611,7.580536,-0.230469,-0.0944
2.787503,0.2886,7.270381,-0.060581,-0.09223
2.951413,0.335452,14.413976,-0.224233,0.189366
2.072141,0.566572,12.258458,0.201569,0.036892
2.421514,-0.340392,9.611662,0.167895,0.000134
1.533262,0.961451,8.206834,-0.169499,0.266964
2.976261,0.096699,8.711135,-0.124311,0.154582
2.185006,1.832489,9.254805,0.244781,0.0809
3.051405,-0.414638,6.896309,-0.063919,0.310334
3.819906,-0.222887,10.619517,0.012964,-0.279745
1.842518,0.611927,6.532865,0.094636,-0.411128
2.12528,0.348475,11.354488,-0.543331,-0.447106
2.04385,-0.35117,9.000932,0.30542,0.462066
1.64927,-1.388513,7.830965,0.005006,0.041405
1.025368,1.06294,6.39111,-0.721069,0.239374
3.456911,0.349074,12.770244,0.073117,0.267474
2.206861,-0.185165,7.794441,-0.159312,0.22631
3.579506,0.626148,11.165282,-0.510081,-0.280834
0.49038,-2.255959,9.961186,0.028284,0.144919
4.715344,-0.79814,10.003697,-0.062469,0.290246
4.118835,-0.202529,12.522809,0.735894,-0.360045
1.638942,-0.336949,8.980126,0.407236,-0.278652
2.219884,1.282533,9.916429,-0.127361,-0.283211
3.124004,0.342937,11.223511,-0.436905,-0.009326
2.996469,0.050894,9.682166,0.034724,-0.085725
3.247946,0.051194,7.501501,-0.006345,0.043529
1.250949,0.771795,6.792724,0.006043,-0.009494
2.544708,-0.214354,5.979166,-0.367902,-0.725937
3.009192,-0.447719,11.873309,0.216444,0.022094
1.685944,0.027692,8.7041,-0.117304,-0.120337
2.466571,-0.935105,10.364746,-0.01165,0.21283
2.360292,-0.874332,7.213949,0.063898,0.277785
1.840573,1.224603,8.51175,0.505848,-0.05434
2.840493,-1.72636,11.457773,0.259362,-0.354505
2.010918,0.000599,13.025314,0.099374,-0.272147
2.549049,0.177381,6.255941,-0.143098,-0.245712
2.427951,-0.398771,10.06477,-0.236157,-0.118055
1.777554,0.248483,6.901398,0.584957,0.062263
4.294719,0.140707,9.22337,0.193988,-0.059132
1.14467,0.100441,6.300099,0.106327,0.057749
1.694327,-0.839903,9.56945,0.04013,0.018911
1.441053,-0.55804,6.403534,-0.032064,-0.235617
0.532293,-0.237406,12.90212,0.057249,-0.006345
2.474355,-0.210163,7.167246,0.309064,0.233331
3.437003,0.063917,11.24776,0.158991,-0.139314
2.094594,0.145797,7.170838,-0.040034,-0.14234
1.476829,0.454006,13.822107,0.025878,-0.175744
2.448159,0.625699,8.645422,-0.897826,0.009822
1.268612,0.383802,7.953261,0.344528,0.296636
0.568667,0.220342,11.367062,-0.29961,0.186707
2.96728,-0.679437,6.890322,0.454803,-0.175049
1.389111,-0.21151,11.698323,0.448212,-0.048377
3.685336,-0.461341,8.407117,-0.087517,0.066708
1.695225,0.70204,11.464958,0.144916,-0.023625
0.134121,1.430725,7.235055,-0.161289,-0.041467
2.520159,-0.352517,6.520141,-1.200808,-0.013662
2.260449,-0.351619,6.301745,0.068164,-0.327268
2.210603,0.241298,7.895631,-0.161318,0.19356
4.022585,-0.004491,12.015514,0.035302,0.091954
1.838926,0.090711,9.669143,0.292329,-0.129401
4.022585,0.549507,12.973821,-0.18036,-0.065651
1.925296,1.021626,13.704152,0.254918,-0.246775
1.744173,1.151406,8.242609,0.139373,-0.07957
1.520837,0.095202,13.155094,-0.147748,0.187428
1.850901,1.676364,13.233082,0.245968,1.362476
3.259023,-0.654589,9.088201,0.467385,-0.237877
-0.030836,1.179996,11.459121,-0.246362,-0.22138
2.842589,-0.49068,11.65192,0.650715,0.279802
0.487386,-0.160616,11.30554,-0.093676,-0.153026
2.945126,-0.062271,6.865922,0.096556,-0.066173
1.090632,0.502505,6.885831,-0.04208,0.003205
3.853437,0.449066,10.240355,0.128221,0.427258
3.8229,0.011526,7.495214,-0.216512,-0.490148
1.99565,-0.713716,8.018376,-0.49786,-0.202132
0.696651,-0.361199,10.322534,0.463327,0.093923
2.322421,0.142504,12.704231,0.826331,-0.206331
3.795507,0.877775,13.026062,-0.022596,-0.0209
1.075364,0.794847,10.775043,0.033009,-0.221536
1.030906,-0.550106,10.250085,0.341925,-0.119862
1.345253,-0.740061,9.72348,0.117448,-0.12945
3.050057,0.557291,9.500893,0.100993,-0.002417
3.227738,-0.26944,11.167377,0.067759,-0.083987
0.72135,-0.931214,9.870325,0.086768,0.172782
4.548441,-1.093775,9.754615,-0.067875,0.700057
0.660277,-0.189207,8.544232,-0.127432,0.038739
1.741329,-0.133073,7.430698,0.420543,-0.15622
1.662443,-0.71671,8.814271,0.319763,-0.127092
2.440974,-0.364193,7.433841,0.1631,0.056378
2.16375,0.280217,6.954089,0.043046,-0.117973
2.613266,0.475561,7.7181,0.219762,-0.171663
3.400928,-0.760868,11.819571,-0.117948,-0.198725
2.498454,-0.41344,12.293186,-0.10632,-0.000411
-0.168549,-1.70226,11.357332,-0.233832,-0.067778
3.150499,-0.826431,9.379196,0.152358,0.182405
2.127226,-1.345851,8.972043,-0.189808,0.023234
4.078718,-0.28351,11.036849,-0.764943,-0.375262
1.59194,-0.233664,7.036118,-0.201004,0.2205
1.564696,-1.747766,13.095218,-0.101389,-0.076243
2.674039,-0.902324,8.89166,-0.161617,-0.536797
2.077829,1.041085,10.19455,0.492756,0.059707
1.280587,-0.628992,7.156318,-0.181028,-0.063617
3.129991,0.092657,8.550669,-0.166882,0.048583
0.038171,0.471969,12.619657,0.445742,-0.175374
2.03876,-0.234562,9.871223,0.287574,-0.14508
1.17356,0.568218,7.882458,0.275945,0.003848
2.584226,-0.145348,7.141649,-0.267069,-0.948201
2.803071,0.094005,11.128009,-0.256233,-0.148171
2.542762,-0.044757,11.234138,-0.31637,-0.01956
3.762725,0.097148,8.615334,0.377223,-0.035361
1.439407,-0.812061,9.612561,-0.011615,-0.253936
3.739973,-0.574954,9.177116,-0.046762,-0.383159
0.5772,-0.523012,9.756262,-0.01385,-0.017025
2.074386,1.525029,7.17937,0.049152,-0.20436
2.254462,-0.230371,9.114846,0.169125,0.023559
1.241818,-0.073347,13.076956,0.122507,-0.045144
2.018253,-1.00007,8.755443,0.009933,-0.399492
2.765948,0.141156,14.738651,0.027416,-0.023211
1.911974,0.62974,12.474908,-0.133863,-0.313998
2.67374,-0.658481,7.343429,0.501555,-0.048247
0.792302,0.328567,10.677446,-0.050527,0.063111
2.091002,0.547561,8.909173,-0.224261,-0.327684
2.061812,0.535886,7.502249,0.199154,-0.168403
0.605042,0.366139,12.628639,0.106036,0.002688
2.361938,0.876278,11.89232,-0.04056,-0.171157
1.526226,1.695225,9.38668,-0.732659,0.172917
0.266147,0.732128,13.424833,0.109559,0.046836
1.734144,-0.074096,9.726623,-0.077523,0.210633
0.214354,-1.603915,11.808195,-0.138626,-0.343845
1.828148,1.010099,8.970995,0.307188,-0.111597
2.298021,1.324895,12.805421,-0.192577,0.1043
1.126707,0.53873,7.210506,0.310514,0.085514
2.860551,-0.240849,6.324348,-0.201788,0.066084
3.020269,0.37991,7.593858,-0.207957,0.272669
1.61574,1.147364,8.558602,0.181542,-0.248424
2.213746,-0.293689,7.475155,-0.034317,-0.197207
1.071322,-0.809966,7.459288,-0.297886,-0.63389
2.729424,0.922382,8.643027,-0.577745,-0.148179
2.465972,-0.182171,6.356532,0.059789,-0.103344
3.297942,-0.176633,6.937923,0.384979,-0.003091
1.525927,1.458118,12.20472,0.177354,-0.154297
3.619922,-0.111518,7.56886,0.318624,0.14428
3.39494,0.385299,12.222533,-0.020678,-0.438537
3.550317,-0.193248,7.783065,-0.186964,-0.244171
1.442251,-0.815354,9.670191,-0.115754,-0.246302
1.91377,1.060395,9.53128,0.410911,-0.127994
2.179019,0.674348,7.962392,0.026993,-0.018625
0.914748,0.589175,6.547385,0.089754,0.207683
1.660048,-1.055305,9.895622,0.372488,-0.338816
0.891396,0.622555,8.219557,-0.014823,-0.112705
1.48102,-0.613873,9.207952,0.018051,-0.219527
4.360133,-0.317939,8.685987,0.009823,-0.026692
4.278104,1.474584,12.486135,0.293635,-0.453881
1.70211,1.306633,10.111623,-0.593963,-0.302057
1.609453,0.719254,8.945398,0.240105,-0.044536
2.925367,-0.398022,8.570727,-0.031391,0.105847
4.285887,-0.444576,12.58493,-0.614357,0.078477
2.888992,-0.362995,8.424332,-0.219984,0.171314
0.954266,-0.049397,11.055859,-0.07851,-0.052968
0.654289,1.119971,11.123818,-0.117212,-0.145448
1.390159,-0.201331,6.724466,0.02419,0.100874
3.110232,-0.51478,12.058624,-0.114272,0.043602
3.447182,0.188458,8.184979,0.20581,0.059702
1.171464,-1.339415,11.307785,0.352303,-0.013124
0.500409,0.838706,6.634503,-0.072133,0.151111
1.833238,-0.943338,9.494606,0.134472,-0.267897
1.766177,-0.247735,7.239695,-0.19223,0.141485
3.331472,0.549657,10.578652,0.172231,-0.118721
1.799408,-0.615221,9.955497,0.450108,-0.247925
1.405577,1.691333,12.642709,-0.282328,0.059468
1.375939,-0.708477,8.698861,-0.1504,0.007533
1.359772,1.054108,11.365715,0.13117,0.02404
3.069816,-0.594564,8.508157,-0.007072,0.003079
2.047442,1.370999,11.541599,0.278259,0.058709
1.531765,-0.687071,9.353749,0.17418,-0.09912
4.704866,0.651146,10.948083,-0.596107,-0.617882
1.350791,-0.624651,8.288264,0.237347,-0.01562
1.026116,1.718277,7.500902,-0.230353,-0.034125
4.04908,-0.381557,10.912457,0.447243,0.187267
1.65885,0.405357,6.425538,-0.277187,0.189785
2.366579,0.603395,9.259146,-0.365043,-0.209504
4.846172,-1.115031,8.362959,-0.989977,0.250154
0.703986,0.61088,8.705148,0.17466,0.056433
1.892365,0.005988,7.744745,0.255186,-0.358575
3.050806,-0.205822,7.401658,0.209422,0.04351
1.514401,0.733026,5.795349,0.193632,-0.394235
2.212549,1.042732,11.61315,0.023257,-0.174767
3.33237,-1.35139,11.00736,-0.002672,0.5992
1.208587,1.906885,11.109298,0.052548,-0.280351
2.585873,-0.571661,6.969507,0.00491,-0.234261
1.877097,-0.147593,9.379645,-0.156428,0.002064
2.819088,0.422422,8.031399,0.011737,-0.257562
3.425327,-0.521516,11.859388,-0.394074,0.568854
2.360441,-1.167422,9.052874,-0.365659,0.267092
3.215763,0.124541,8.714129,-0.007573,-0.167793
0.311502,0.86101,13.50806,-0.589235,0.225837
2.996618,-1.002316,11.895912,-0.090468,0.040346
2.685416,-1.401985,9.380244,-0.567225,-0.324571
3.409909,-0.136067,12.597803,0.278222,0.128155
2.761308,-0.272134,6.367459,0.074799,-0.087386
3.417693,-0.565374,7.294182,-0.123453,0.014759
1.34181,1.680406,7.297026,-0.09075,0.187402
2.422712,0.24998,8.880732,-0.331774,0.014039
1.950743,0.413291,7.320527,-0.011276,-0.223902
2.351909,0.725841,11.799812,-0.034206,0.042588
0.544717,-0.355511,8.293204,0.26149,-0.017618
2.473007,-0.128583,8.733289,-0.183079,-0.151914
3.07281,0.030087,6.712491,0.242259,-0.184814
1.374292,0.924478,12.815001,-0.252442,-0.209329
3.749702,-0.696352,11.968661,0.155417,0.131626
2.471361,-0.503703,6.815777,-0.522564,0.242215
2.114952,-0.138462,9.392518,0.332701,-0.334128
1.81797,-0.69261,8.753647,0.036018,0.054845
1.441951,0.069905,8.229437,-0.334767,0.248436
2.041155,1.645528,9.760603,0.410663,0.378669
1.995949,0.083077,9.866732,-0.02995,-0.186496
2.162852,1.383273,7.935598,-0.249343,-0.225071
-0.621657,-1.579066,10.432555,0.012165,-0.007486
0.331411,0.22618,10.845996,-0.151284,0.076098
1.306333,-1.095422,14.456188,-0.824277,0.116635
1.855392,0.750988,6.646628,0.077594,-0.012073
1.887874,-0.337099,11.836935,0.359938,0.23813
3.123854,-1.242865,11.602672,-0.064713,0.078084
3.378624,-0.170495,9.289981,-0.298304,0.447255
1.154998,0.454754,7.937843,0.182937,0.065954
0.851729,0.443228,7.779922,0.064438,0.175016
2.453398,1.073118,8.628208,0.135576,0.093271
1.934128,1.009501,10.101145,-0.032952,-0.265268
2.42376,0.454305,11.770473,-0.027701,0.081216
2.574347,-0.958158,10.278975,0.30861,-0.060199
2.272724,1.141526,9.203012,-0.170425,-0.588019
1.694626,0.450563,6.424041,0.407553,-0.020858
0.708028,-0.520168,8.05969,0.000613,0.004371
3.84685,-0.03383,8.103698,-0.075019,-0.115769
3.084486,0.288001,10.672506,0.207328,0.462821
3.414549,-0.367336,11.674223,0.382828,-0.113127
2.857109,-0.587828,9.052874,-0.099303,-0.310706
1.916914,0.135019,6.905889,0.118266,-0.036495
4.34711,-0.765957,9.305549,-0.068932,-0.305755
1.895359,0.805325,8.132588,0.230826,-0.212043
2.790347,-0.278421,9.698482,0.144127,-0.323517
1.50048,-0.611179,9.797276,-0.210064,-0.344983
3.494633,0.260009,7.087312,-0.043342,-0.03015
3.529211,-0.829425,11.227702,0.359938,0.149553
2.075284,0.148791,11.22845,0.294881,-0.038909
0.508942,0.74515,9.330248,0.32108,-0.136259
2.345922,0.300126,13.636493,-0.360134,-0.161412
4.528233,0.335153,9.348959,0.015497,-0.044748
1.985022,0.25507,7.343878,0.413769,-0.099449
1.273851,-0.828228,9.456585,-0.304823,0.094775
3.571273,-0.048349,12.168346,-0.325655,-0.026345
0.520468,-0.237706,11.115286,0.24638,-0.064247
1.234034,0.82688,10.117012,0.201633,-0.188223
0.577649,0.462239,11.711795,0.224776,0.069254
0.866249,1.435365,11.770773,0.259705,-0.138118
1.108295,-0.686173,9.541908,0.055994,-0.156212
1.617087,-0.522264,11.87795,-0.254571,-0.265013
4.579427,-0.574056,8.924591,0.047301,-0.087848
0.666714,0.510588,7.156468,0.265534,-0.079725
1.946852,0.550854,6.248606,-0.457893,-0.189416
3.901187,-0.202679,7.23266,-0.03226,-0.071446
2.138303,0.196841,7.639214,0.217984,0.147595
2.585124,0.251627,6.77566,0.152956,-0.186112
1.232088,-0.060474,11.473042,0.364451,0.242747
1.843117,-0.099543,7.480095,-0.051045,0.011501
3.213967,0.411345,7.925269,0.218701,-0.200496
4.434379,0.157772,11.195369,-0.510887,-0.81063
2.805915,-0.109572,7.757917,-0.269186,0.165712
2.955604,-0.709974,10.27164,0.15832,0.041835
1.653013,1.372047,10.396181,-0.496459,0.351597
1.735491,0.082329,7.489226,0.318925,0.131983
2.555336,-0.105531,7.159911,0.121177,-0.379281
0.419428,-0.209115,10.386152,0.099955,0.242551
3.725453,0.00973,8.02092,0.502176,-0.285145
2.778372,-0.510738,6.45802,-0.430065,0.343735
0.767903,0.434247,11.914174,-0.181959,-0.250724
0.924178,-0.425565,7.490124,-0.196492,0.392675
1.619782,-1.587449,9.303902,0.049455,-0.108173
2.394421,-0.002395,10.051448,0.14939,0.125496
1.061742,0.073946,10.124945,0.53793,0.165341
0.813858,0.525856,7.764803,-0.144905,0.042365
1.021326,0.89948,7.048243,0.556877,0.091975
3.474874,-0.605042,9.708212,-0.14196,-0.555701
2.473905,-0.509989,10.498568,-0.090725,0.062968
1.284479,0.713716,7.295379,0.055366,0.164391
2.788701,1.18778,13.02232,0.054429,0.119811
0.886756,-0.718356,9.879306,0.020069,-0.50322
1.745969,-0.958307,9.609567,-0.331516,-0.042587
0.65893,-0.43769,9.224118,-0.914817,0.060038
1.572181,0.101938,7.99218,0.207557,0.223617
1.690734,0.376317,9.505383,0.254548,-0.186477
1.891616,0.977916,9.433383,0.066276,0.120371
3.546725,-0.531096,11.702964,-0.396591,0.440828
1.830244,1.469344,12.326866,-0.273667,-0.236951
1.409918,-0.441881,9.18026,0.468052,-0.614682
2.123035,0.116608,7.797585,-0.060021,-0.422264
1.021027,0.232766,9.557176,0.168006,-0.147043
2.299818,0.254471,7.623497,-0.063022,-0.084408
1.87081,0.699495,11.956387,0.651625,0.089085
2.135908,0.599653,12.998819,-0.115756,0.038771
2.452201,1.369203,9.737251,0.098624,-0.304399
1.408721,-0.489931,9.703571,-0.174562,0.1768
2.684817,-0.648601,9.57933,0.210544,0.064337
1.015039,0.330962,6.839278,0.146492,-0.02359
1.365161,0.358804,11.775114,0.168771,0.047708
3.023712,0.326621,7.422615,0.368334,0.151824
4.117488,-0.306413,11.70476,0.314348,-0.206594
5.875731,0.37018,11.040741,-0.523546,0.19106
2.029031,0.964744,7.494465,-0.104355,0.061944
2.987038,-0.192799,6.931336,0.228623,0.470233
1.131347,0.9857,6.504574,-0.604499,0.031186
3.568878,0.002395,8.788374,0.10933,1.480135
3.297643,0.392783,11.774215,-0.371483,-0.012082
3.697162,-0.258063,8.071366,0.049022,-0.444985
-0.600102,1.984423,12.936249,0.114356,0.004314
1.517694,0.965792,7.053482,0.271638,-0.07679
1.798809,1.872307,9.982142,-1.057356,-0.422735
5.342091,-1.320105,11.141032,-0.263774,-0.302026
3.251538,-0.435744,12.543316,-0.156543,-0.149801
2.564168,0.070354,13.463004,-0.068486,-0.828262
3.876638,0.302072,9.990375,-0.123778,-0.476398
1.877546,-0.5531,8.596623,-0.226898,0.036646
1.133593,0.28381,8.278385,-0.275118,-0.153344
5.030589,0.088765,8.180638,-0.174384,-0.06337
1.489403,1.174009,10.546319,0.099764,-0.029264
1.263073,0.21181,10.881023,-0.306779,0.065808
2.409539,0.001347,8.861273,0.134202,-0.046923
0.031584,0.546214,10.613978,0.30483,-0.045557
0.645158,0.863554,9.040899,-0.166378,-0.169083
1.160387,0.1202,7.576495,-0.126231,-0.331124
3.03928,0.007035,6.743177,0.162232,-0.096855
1.422791,0.417781,9.427096,-0.030763,-0.138455
1.356629,-0.665815,8.102052,0.135567,0.02005
1.697919,-0.755629,9.031768,0.012075,0.019163
1.591041,0.614323,8.035291,-0.329709,0.128905
0.464185,0.940943,10.989248,-0.033564,0.207274
3.247646,-1.017584,11.24776,-0.039648,0.074682
3.155588,-0.157323,8.52103,-0.011252,-0.309428
2.393373,-0.97118,9.725126,0.4295,0.47031
3.845952,-0.959654,11.070978,0.020858,0.195185
1.766776,-0.869093,10.587783,0.038991,-0.183043
3.942052,0.126936,9.464967,-0.482665,0.173501
0.595312,-0.918789,12.693005,0.340056,0.661402
2.302512,0.844244,9.977801,0.442264,-0.170308
1.120121,1.344205,10.296339,-0.489862,-0.183711
3.241509,1.069526,7.596703,0.30876,-0.050995
0.756676,0.435894,9.808503,-0.130416,0.19037
2.965932,-0.637973,12.910952,0.343175,0.138348
0.942889,3.094216,11.522439,-0.16453,0.551169
2.143243,-0.163161,7.379355,0.112981,0.042392
1.567091,1.567391,9.144185,0.249027,-0.123453
2.658172,-0.104782,9.659114,-0.180523,0.303436
2.186054,0.458197,6.74692,-0.089493,0.380998
2.327809,-0.210163,6.577622,-0.020264,0.073698
2.413581,1.190624,12.708872,-0.078615,-0.219027
0.612227,-0.112117,10.952424,0.223429,0.163862
0.558339,0.203577,13.297148,0.509101,-0.37983
3.965853,-0.190404,8.441995,0.087481,0.505297
2.494263,0.980461,9.235794,-0.408259,0.336331
2.470762,-1.441203,9.436826,-0.424811,0.30658
0.170495,0.027094,10.484198,-0.530791,-0.555561
3.516787,0.674497,9.319769,0.08433,-0.0107
1.997446,0.068857,6.879245,-0.21224,-0.156321
2.881957,-0.223186,7.911348,0.28003,0.318227
1.493594,-1.246458,9.561517,0.73402,0.087601
1.127905,0.91864,11.540102,0.192951,0.133017
4.265081,-0.014969,8.692125,0.107663,-0.083465
3.424728,0.016166,13.839022,-0.359465,-0.171408
2.209705,0.145647,7.382049,0.015504,-0.241391
0.58678,0.36045,10.850935,0.320027,0.071982
2.930456,-0.099693,6.899752,-0.059827,0.129472
0.863105,0.191452,10.104587,0.185559,0.351222
1.17341,0.20193,13.07995,-0.245443,-0.447089
0.542622,-0.914448,10.790311,-0.007116,-0.031882
1.06279,0.726439,7.536827,0.202796,0.143432
1.435515,1.613794,10.475516,-0.040844,0.367279
3.473527,0.499062,9.913136,0.253709,-0.187757
2.068399,-0.134271,10.954969,-0.640325,0.105776
2.931354,-0.655188,7.711364,-0.562914,-0.483223
0.968636,0.817899,9.195827,0.069267,-0.014022
2.373614,-0.621807,8.392598,-0.002448,-0.016051
1.622775,-0.667312,7.870184,0.032392,-0.007207
2.250869,0.078437,6.805149,-0.636239,0.243638
3.615881,-0.845442,11.988121,-0.739151,-0.561014
2.445465,0.080982,8.121212,0.588338,0.249276
0.768652,0.179177,8.972043,-0.505517,-0.007856
0.763712,0.143851,6.821165,0.100466,-0.202871
1.469195,-0.176483,10.157877,-0.252513,0.259413
3.007995,-0.996178,9.389524,0.724714,0.438811
2.687811,1.105002,12.576846,0.387437,-0.691405
3.624712,-0.120948,9.241931,-1.019317,0.076664
2.092349,-0.185913,9.619895,0.022301,0.260336
0.061223,-0.652493,10.127939,-0.296861,-0.048555
1.270708,-0.102387,13.083992,0.028541,0.233192
2.701283,0.050295,10.032288,-0.143941,0.027608
-0.09625,0.707728,12.184213,0.097238,-0.089057
2.100432,0.174687,13.446837,0.156122,0.37357
0.677641,-0.85098,10.139764,0.236752,-0.066296
1.509162,-1.7792,11.686198,0.015893,0.042897
1.414109,-0.232167,8.033943,0.068739,-0.005836
2.066303,-1.24047,9.842183,0.506297,0.483298
1.488954,0.425864,6.604715,0.399936,0.220303
1.500629,1.443598,9.03581,0.286427,0.227392
2.750231,0.130978,8.53555,0.100634,0.031021
2.673441,-1.320404,9.854607,0.02356,0.234741
3.848347,-0.105381,9.563014,0.167993,0.061781
1.617237,-0.736918,9.977352,-0.064568,-0.000778
0.791554,-0.138163,10.782977,0.258481,0.035323
1.330733,-0.273631,7.54491,0.166322,0.100063
1.151106,-0.732577,9.855954,0.465532,-0.119644
3.379073,0.749641,12.321028,0.023986,-0.150452
2.229015,0.450114,7.858358,-0.132297,0.000501
4.102369,-0.071851,11.47858,0.211575,-0.177249
1.422791,-0.458946,9.568402,-0.205345,-0.124652
3.720813,-0.059277,10.223291,-0.416933,0.259743
3.4382,-0.93301,11.047177,-0.078533,-0.097324
4.070934,0.834964,11.001822,0.26019,0.193852
1.387764,0.979114,11.299253,-0.117974,0.027496
1.636247,0.302671,8.215516,0.636564,-0.242258
2.074835,0.045954,8.695118,-0.784806,0.028177
3.581752,0.030087,8.705148,0.061646,0.319363
1.906136,-0.937201,10.212064,-0.073358,-0.069494
1.164279,-0.843197,9.721085,-0.036602,0.04168
2.879412,-0.491278,12.018956,-0.580127,-0.266721
1.915716,-0.098645,9.380842,0.200732,0.158019
2.627187,0.472567,6.2275,0.46827,0.062492
0.102686,-0.8176,10.56982,-0.296562,-0.149779
2.001787,0.522414,7.141349,-0.048336,0.001185
3.45272,0.808768,12.144695,0.230736,-0.272787
2.620451,-0.18292,6.868317,0.123101,-0.000378
1.689237,0.526006,8.156089,0.062717,0.56743
1.83204,1.769021,10.017618,0.200577,0.186251
4.123924,-0.513582,10.832973,-0.104003,0.017736
2.207759,0.361648,6.380931,0.46947,-0.841396
3.293302,0.093705,9.026679,-0.233204,0.471207
1.445544,-0.487985,8.418643,0.232437,0.177266
3.012336,0.565225,8.624914,0.039964,-0.199587
0.015568,0.801134,12.562177,-0.027343,0.209096
1.895508,-1.454825,11.879746,0.054242,0.354707
1.615441,0.425565,6.736891,-0.210726,-0.313377
1.853895,-0.34608,9.710906,-0.021875,0.147431
3.520529,-0.210462,8.399633,-0.072767,-0.116069
2.877466,-0.363444,8.090975,0.047988,0.456182
1.193917,0.834814,7.259155,0.121085,-0.061565
2.811004,-0.388293,9.445508,0.112874,-0.233694
2.961591,0.219893,8.960816,0.055387,0.089848
1.794917,-2.08681,14.182258,0.001603,0.001271
3.114723,-1.096171,10.695858,-0.561274,0.186634
1.853595,1.090033,9.772428,-0.601873,-0.002425
0.642165,0.615969,12.728032,0.302702,-0.32983
2.181863,-1.329386,9.10287,0.594656,0.277288
2.4525,-0.25013,9.497001,0.018708,0.089882
2.485881,-0.210911,8.379425,0.227659,0.102624
1.638942,0.737367,11.412867,-0.380304,0.059342
1.333277,-0.449216,11.060799,0.049179,-0.276015
2.25536,0.95696,8.923394,0.070776,0.027181
2.268832,0.05269,12.687616,0.033369,0.150652
2.650688,-0.25013,7.860903,-0.261867,0.408535
2.744393,-0.026495,6.500233,0.05596,-0.078959
1.919908,0.492626,11.378738,0.089695,0.043672
2.06316,1.238225,9.033714,-0.091182,0.227762
3.334915,-0.785716,8.092621,0.213032,0.106009
2.020199,-0.131277,6.715934,0.030146,0.373795
1.705853,0.298479,7.505243,-0.806671,0.138772
2.460134,1.186433,13.715379,0.201441,0.240504
2.464625,-0.308658,9.861044,0.357781,-0.072336
2.403402,0.550405,7.801776,0.633571,-0.197145
1.90419,1.301543,8.862321,-0.076933,-0.053093
2.009122,-0.708327,9.512868,0.124348,0.480414
1.635499,-0.241149,7.79504,0.094465,0.107719
1.278342,0.631088,13.451178,-0.514755,0.405106
1.626967,-0.154179,12.920232,-0.329896,0.278419
3.621719,0.036973,11.370206,0.051389,-0.211718
2.03397,-0.027094,6.995104,-0.223027,0.584706
0.890947,0.848735,9.364676,-0.872272,-0.611405
1.484762,0.862357,8.922945,-0.003615,-0.279913
1.431922,0.241149,6.048472,-0.101265,-0.499771
1.351689,-0.767903,11.485765,0.195416,-0.061726
0.978365,-0.186213,8.164622,0.16577,-0.00915
1.736689,1.381926,12.205469,-0.285546,0.14655
2.669549,0.03847,5.324577,-0.152284,0.161683
0.736768,-0.582888,7.936346,0.393774,-0.130921
1.528172,0.167951,6.021678,0.056483,0.018748
1.065634,0.557291,6.908134,0.171304,0.091294
-0.051194,-0.975072,13.202845,0.272915,0.827315
3.59223,0.216899,6.969357,0.396545,-0.024347
2.451302,0.242496,8.746312,-0.587736,-0.343926
0.125589,0.351319,10.640623,0.010308,-0.301655
2.132316,-0.598006,8.609496,0.239137,-0.247044
2.328109,0.556692,9.04554,0.22677,0.020409
-0.827479,1.529519,13.095069,0.364155,-0.158622
1.985322,-0.065264,7.635771,-0.103394,0.010923
0.721649,0.926274,9.719738,-0.175085,-0.157128
1.623374,-0.80308,9.773027,-0.2718,0.120649
2.995271,0.106429,7.370673,-0.019351,-0.133655
1.863325,-0.888702,7.165749,0.213583,-0.088697
2.102228,-0.800236,12.336297,-0.44747,0.459042
3.930377,-0.430804,11.515404,0.159679,0.101861
1.532513,-0.872536,10.06492,-0.017781,-0.002499
2.531236,-1.217418,11.721076,0.101012,-0.21341
2.127975,-0.583786,8.349487,0.134181,0.286785
2.235152,0.369731,6.729406,0.082751,0.060679
2.109563,1.850602,10.736873,-0.151964,0.131917
1.566492,-0.573457,9.727671,0.039087,-0.002304
2.136507,-0.873134,9.262289,0.123912,-0.0607
1.70241,0.815504,13.981376,-0.219411,-0.067581
1.457369,0.830623,12.727583,-0.856162,-0.663646
0.892744,0.541873,7.051536,-0.11347,0.111469
2.483186,0.855321,7.561975,0.119254,-0.091132
1.393602,0.143851,11.532618,0.177997,0.119114
1.342858,0.30791,10.388697,-0.123199,0.269341
2.078129,-0.875679,11.992312,-0.05061,-0.283788
1.633852,-0.279469,12.394226,-0.103453,-0.164342
2.139651,0.067061,7.601193,-0.092203,0.102504
-0.216151,1.096769,9.734258,-0.036591,-0.209555
2.189048,0.462089,6.555318,-0.287726,0.207824
1.795067,0.715811,7.400311,-0.022037,-0.120123
1.307232,-0.856519,10.144554,-0.059261,-0.219277
0.468526,0.655188,10.834769,0.017528,0.139139
1.107247,-1.392854,9.736503,1.017433,0.556662
2.176773,-1.347498,10.657388,0.076384,-0.008082
-0.064516,1.068927,12.172687,-0.260307,-0.179714
1.394201,-0.071701,12.485686,-0.810868,-0.031668
1.368454,-0.059726,11.155851,-0.003618,0.112876
0.535437,0.962798,11.196567,-0.195413,-0.043373
0.996777,0.794847,8.323741,0.751022,0.19683
4.222868,0.380509,11.093281,0.022219,0.038962
0.92807,1.166524,10.973979,0.093251,-0.057168
1.585054,0.581241,7.007528,-0.205703,-0.165627
0.991239,0.911305,10.067914,0.170056,0.020578
3.312611,0.62525,7.56437,0.257325,0.045253
4.19323,-0.450114,10.62281,1.087912,-0.37517
0.670456,-1.370251,8.606203,0.070278,-0.414373
3.116519,-0.741109,12.070449,0.274761,0.145012
1.783541,0.238903,6.872359,-0.81434,0.010808
3.97199,-0.054487,13.056748,0.105958,-0.138204
1.511407,1.126857,10.974878,0.143203,-0.047319
0.808618,-0.100142,9.558822,-0.000788,-0.053626
3.619024,-0.00494,8.1028,0.282236,0.599948
1.880539,0.189356,13.653408,-0.22356,-0.184259
1.639241,-0.678389,7.565268,0.004848,-0.066588
1.44749,-0.667462,9.669592,0.160491,-0.114108
0.823587,-0.947979,9.431587,0.167776,0.100889
1.217568,-0.67809,8.242609,0.062393,0.007803
0.805176,-0.204325,10.813813,0.312873,0.062073
3.467689,-0.841251,8.245453,0.320617,-0.4363
1.474135,-0.320484,7.683223,0.199367,-0.045127
4.268074,-0.059277,9.03087,0.041172,-0.081623
1.720672,-0.231119,6.508765,-0.184855,0.500681
3.995192,-0.281115,8.518635,-0.039177,-0.119197
1.569935,0.704435,8.273894,-1.006026,-0.324588
1.698817,0.647853,6.422395,-0.241162,-0.018755
2.085314,-0.343236,11.671529,-0.148261,-0.109164
2.59216,-0.128433,6.686595,0.123876,0.057521
1.395698,1.483415,11.125015,-0.036206,-0.161937
3.142116,2.001338,12.062965,-0.050563,-0.234588
2.070644,0.484842,8.06463,0.428766,-0.132503
0.957858,-0.466131,8.659642,0.256033,0.097862
0.559087,1.152154,12.640464,0.419264,-0.253398
3.785179,-0.132924,13.455818,0.292006,-0.092277
3.647764,0.284259,8.902737,0.127403,0.000303
2.060765,0.462239,12.935201,-0.301349,0.02107
0.406704,0.522713,10.446177,0.139863,0.116705
0.228724,0.589025,10.918744,-0.306615,-0.288415
3.160827,0.190254,7.553443,0.107276,-0.062177
0.475112,1.477577,10.384805,-0.394707,-0.374375
1.564097,0.219893,7.007079,-0.293382,0.236867
2.898123,-0.152233,11.987222,-0.180323,-0.40798
2.85187,0.508942,9.272767,-0.089254,-0.094369
3.488496,-0.47631,8.443342,0.139255,-0.166933
2.223027,-0.356259,9.763447,0.381148,0.09929
2.901566,0.800685,8.334668,0.081633,-0.076501
2.529739,-0.083826,14.221925,-0.010429,-0.109815
1.605112,-0.342039,7.674541,0.137647,0.151033
2.020947,-1.111139,9.678573,-0.24123,-0.069087
2.156116,0.043709,6.624624,-0.055146,-0.505726
1.71214,0.639021,7.132368,-1.091417,-0.306939
1.384621,-0.699196,10.422377,0.167943,0.361848
2.487677,-0.780627,6.959927,0.299011,-0.346821
1.301992,0.306113,12.01731,-0.232771,0.030658
2.20716,0.730032,7.945178,-0.069226,-0.173431
1.751358,-0.652044,9.783206,0.218525,-0.169013
2.694397,1.503324,8.785231,0.167884,-0.146791
1.237477,-0.988245,11.888428,0.127829,-0.167932
1.120869,1.08195,10.826985,0.39391,0.358933
1.377136,0.426313,12.367581,-1.130641,-0.01772
2.549049,-0.23546,7.575147,0.02297,-0.053184
1.762884,-0.746498,9.739946,0.094324,0.101556
0.161514,1.529519,11.020084,0.047997,-0.187863
1.968556,-0.083077,6.523884,0.251681,-0.058144
0.892893,-0.653391,10.549612,-0.161012,0.111675
2.267185,-0.056283,8.349637,0.00259,-0.001756
0.758772,0.408051,8.890911,0.088467,-0.075037
4.561764,0.146246,9.257798,-0.02938,-0.066235
1.865421,-0.820294,9.611962,-0.010352,0.020834
1.905687,1.281785,10.104737,-0.237901,0.562758
2.049987,-0.865201,12.176429,-0.317709,-0.012231
2.429298,-0.017214,6.653963,0.355791,0.100861
2.14489,0.179776,7.192992,0.227341,-0.057283
1.590892,-1.189427,11.880195,-0.005607,-0.469151
1.129551,1.297352,9.048234,-0.117151,0.062007
3.938161,-0.035476,12.813504,-0.046301,0.027027
0.473914,1.069376,7.417525,0.207161,0.20446
1.619482,-0.211061,6.686745,0.146349,0.146233
1.199007,0.24534,9.163195,-0.392543,-0.042547
2.52001,-0.45191,6.750961,0.149269,-0.006012
-0.002994,-0.686772,12.247531,0.00657,-0.028079
1.924847,-0.612077,9.616303,-0.563115,-0.135178
2.409839,0.060474,7.091803,-0.437448,-0.282539
3.296595,0.210612,7.441475,0.229043,-0.022261
3.288811,-0.608485,11.556718,0.314144,-0.002685
3.807183,-0.393981,11.906091,0.041918,-0.038798
0.737067,0.71656,10.136621,0.291503,0.04932
1.848506,0.357756,7.124285,-0.261344,0.528134
1.446442,0.024998,7.12653,-0.138943,-0.064328
1.007255,0.087867,7.998018,0.303139,-0.002149
0.813109,0.617915,7.172634,-0.046775,0.26467
3.610043,-0.313448,11.118429,0.352582,-0.233539
2.290686,-0.410746,8.713231,0.116642,-0.120465
4.042045,-0.180824,11.543395,-0.843194,-0.460276
1.137784,-0.706082,9.867331,-0.162429,0.737623
1.706002,-0.405507,6.648574,0.021764,-0.04474
1.721121,-0.784968,9.997111,0.282327,-0.003971
0.473166,2.062262,10.303374,-0.136688,-0.01643
1.116378,-1.365011,10.92084,-0.003185,0.005854
2.652784,-0.208217,7.611671,0.677908,0.006891
1.006058,0.234113,7.577093,0.220596,-0.021775
3.319347,0.114362,6.195916,-0.020511,0.111709
0.719404,0.293091,10.177186,-0.479129,-0.167582
1.869762,-0.910107,11.575878,-0.45032,0.488644
1.349294,-0.603844,10.08902,0.571295,0.310228
2.769391,0.059426,9.715696,-0.085464,-0.256137
4.176914,-0.484093,9.568402,0.018493,-0.330757
3.35183,-0.733325,11.787837,0.213521,0.048133
1.794468,-0.436941,6.957532,-0.608379,-0.361763
3.231929,-1.006806,8.913365,0.253276,-0.219018
1.469045,-0.501008,7.577991,0.035548,-0.031475
3.526666,-0.071851,11.777059,0.095745,0.01763
2.757266,0.885708,11.240725,0.136915,-0.189852
2.878813,-0.391885,9.211694,-0.004935,0.447918
3.475922,0.197439,12.114009,-0.440127,-0.623602
2.114503,0.105231,12.683724,0.063892,-0.131218
0.273332,-0.598905,9.593999,-0.575824,-0.368114
0.671504,1.936523,9.957443,0.148859,-0.021748
0.329016,0.174537,9.914483,-0.163291,0.053475
1.47653,0.348326,10.722952,-0.057903,-0.096256
4.572242,-0.194745,11.249706,-0.893436,-0.571994
2.559977,0.32228,5.91959,-0.305326,0.158606
1.3225,-0.991538,10.451117,-0.16028,0.403625
2.324965,-1.463956,11.891272,-0.011658,-0.208786
1.498085,-0.32213,11.635155,0.151703,0.068318
2.646497,1.314417,8.819809,-0.720109,-0.208001
3.820505,-0.296084,8.930728,0.061763,0.051543
2.968477,0.369282,7.656129,0.030074,-0.022052
0.655487,0.047002,13.484708,-0.120115,-0.398921
3.552712,-0.889001,9.736203,0.029572,-0.038372
3.198998,0.384401,8.048014,0.448775,-0.236039
1.912573,-0.390089,9.822873,-0.377572,-0.38596
1.194815,-0.264949,10.130633,-0.026563,-0.299236
3.678002,-1.219813,8.892708,0.403611,0.536068
1.871408,-0.732277,9.798773,-0.088229,-0.049833
0.665067,0.921633,6.79976,0.344569,0.453539
1.094674,-0.368534,11.3247,-0.065624,-0.00765
2.176624,-0.598755,7.105724,0.12577,-0.008807
3.648214,-0.673749,10.046957,-0.019044,0.083204
1.478775,0.373024,13.824951,0.082678,0.01082
0.971031,-0.224982,13.519736,0.17481,-0.014752
1.268612,0.857417,12.577744,-0.384613,0.041051
1.4186,0.753234,6.128107,0.060222,0.058187
1.72157,-0.410746,10.120903,0.329843,-0.297226
2.9336,-0.651745,10.080188,0.324142,0.27042
3.064128,-0.509241,10.151889,0.537372,0.344567
0.598605,0.397573,14.701528,0.57106,-0.043645
1.457519,0.561782,7.732171,0.228433,-0.086416
0.122595,0.357606,8.861123,-0.159257,-0.269309
0.358804,0.765508,13.677507,0.08524,-0.179706
2.267185,-0.096549,6.76578,-0.205992,0.026093
1.910327,-1.337469,10.451416,-0.05958,0.001714
2.340683,0.369282,8.61279,-0.093331,-0.124317
3.513045,-0.618663,10.296638,-0.750037,-0.403549
2.53902,-0.63019,9.635613,-1.176862,-0.427667
3.913013,-0.203128,11.370954,0.293933,0.015269
4.588857,-0.506397,10.97862,0.394596,0.105112
2.840343,0.126786,7.996222,0.130063,0.202847
3.996389,0.238454,9.860445,-0.022284,-0.064005
4.262386,0.046703,10.833871,-0.632948,-0.19649
2.286645,1.960773,9.182056,0.285472,0.17793
1.121318,-1.129551,11.632161,-0.151289,0.275303
2.482288,0.529299,8.210127,0.14969,0.051094
2.16375,0.441432,6.730454,-0.147213,-0.6242
1.89955,0.336949,6.034701,-0.599424,0.316272
2.192191,-0.05748,6.433921,0.256524,0.037234
1.157243,-0.359552,9.940978,0.060409,-0.239432
0.919089,-0.17319,8.78568,-0.063693,-0.041115
3.387755,-0.294438,10.923983,-0.132871,-0.221736
2.224075,0.318388,7.373367,0.337039,0.165823
3.093018,0.484692,11.058853,-0.879068,0.138084
1.944157,0.678539,6.879095,-0.135207,0.401177
2.445016,-0.477058,7.41034,0.183056,-0.632446
1.996099,-0.864752,9.668844,-0.253678,0.088646
3.012935,-0.493075,8.764873,-0.182015,-0.03568
1.997895,0.177531,6.43886,0.250082,0.428924
3.759133,-0.371827,11.010204,-0.240787,-0.214745
2.177971,-0.981958,9.310638,-0.304855,-0.370237
2.011218,-1.431922,11.926,0.067196,0.675765
2.213746,0.962648,11.944561,-0.252864,0.244559
2.929558,-0.181273,9.215287,-0.02396,-0.020569
0.284109,1.081351,10.327175,0.393858,0.141614
3.62112,0.186961,11.514655,0.042006,-0.547336
-0.092657,-0.597707,12.635225,0.759618,-0.139444
2.521806,-0.258662,11.232642,-0.483454,-0.359424
2.078727,0.501308,6.938372,0.090441,-0.3275
1.665886,-0.765508,10.643916,0.178449,0.145915
-0.388592,-1.698668,12.534933,0.006224,0.012747
2.066153,-1.343307,8.294402,-0.040634,0.000466
1.019979,0.445025,6.117778,0.20931,-0.085241
2.233505,0.753533,7.460186,0.059294,-0.20654
0.410596,-0.178279,13.143867,-0.151321,-0.143356
1.987866,1.092129,9.270821,-0.799617,-0.492789
1.573827,0.121996,7.089108,-0.1889,0.068857
-0.361049,-0.747845,10.515633,0.117276,-0.189152
0.974623,0.584085,12.864249,-0.277397,0.043958
2.291136,0.399968,7.383396,0.12813,-0.211285
1.104852,0.483345,8.40562,-0.044467,-0.063745
3.183879,-0.270488,8.638536,0.3828,-0.156871
2.888843,-0.920586,9.281898,-0.096286,0.332891
2.554737,0.159718,6.524931,0.144004,0.061799
0.609982,0.24025,9.597592,0.208617,0.109737
3.59208,-0.648002,10.701247,-0.022719,-0.047572
2.811304,0.823587,11.90669,-0.537629,-0.565141
1.816323,-0.540526,8.334069,-0.774174,-0.184896
2.997068,0.188159,11.23324,0.227871,0.088207
1.414109,0.101639,13.28697,0.088213,0.694006
2.161505,-0.176034,7.148235,-0.020905,0.006926
1.689088,-0.743803,7.752678,-0.002332,-0.048992
2.054029,-0.640219,6.844517,-0.04525,0.025891
1.477577,2.617158,10.02645,-0.562463,0.208813
1.850452,0.847837,11.359877,-0.083548,0.161705
1.054258,0.613125,11.684702,0.062506,-0.049945
1.689237,-0.24055,8.031399,0.114802,-0.009511
2.678231,-1.003064,8.318951,0.003009,0.014916
1.957629,0.212408,7.07878,-0.050803,-0.003968
0.450264,-0.552651,10.200388,0.068654,-0.063752
4.394711,0.032932,12.730876,-0.252868,-0.359447
1.901346,0.201331,11.422297,-0.470156,0.390368
3.527564,0.418679,11.999198,0.146851,0.246944
1.528322,0.261207,6.486312,-0.981548,-0.195857
3.569328,-0.404459,8.942853,0.010188,0.088649
0.504301,0.52421,8.04502,-0.682834,-0.108473
2.451901,0.359852,12.095298,0.004988,0.299488
3.847449,0.196242,10.98341,-0.094624,-0.224727
1.860331,0.713416,11.844719,0.093857,0.158498
2.165247,-0.9619,9.421109,0.425316,-0.06327
2.164499,0.286355,7.496411,0.415946,-0.198357
1.005759,-0.785566,9.885593,-0.101426,0.259105
2.03891,0.405207,7.539222,0.265919,0.056046
3.772156,-0.389939,11.549084,-0.610465,0.214243
1.514401,0.621957,11.903397,0.051545,-0.107398
2.421215,-1.108595,7.961045,-0.005751,0.046638
0.765358,0.999322,8.591833,0.050784,0.232416
2.557432,-0.44742,10.198891,0.088715,-0.241768
0.690963,-1.134341,11.192974,-0.205759,-0.546603
3.187172,0.434696,9.408535,0.475438,0.101123
0.838407,0.9137,10.321337,-0.133064,-0.078129
1.515299,-0.077239,12.157419,-0.031932,0.07145
3.171006,-0.289648,8.08843,-0.181086,-0.140025
0.339344,-0.08173,10.854378,-0.398537,0.269286
-0.597857,-1.410966,9.981394,-0.003846,0.008401
2.795886,-0.797691,8.626112,0.145575,0.029314
0.47122,-0.8414,9.969269,0.160382,-0.220002
2.001189,0.215552,13.286371,0.017983,-0.267642
3.104245,0.108225,8.36715,0.284637,0.148033
0.907413,2.114503,10.423724,0.24205,0.14486
2.578987,0.170046,7.163803,0.484193,-0.20317
1.937271,-0.638722,7.437134,-0.089807,0.209343
2.710114,0.080982,6.508017,0.128959,-0.210729
1.897604,0.556992,7.382199,-0.634637,-0.003415
1.315764,0.247435,6.950646,0.236172,-0.177483
1.288521,-0.371078,14.143938,-0.080067,-0.41344
3.008145,-0.101489,7.907606,0.574537,-0.122662
3.652854,-0.371976,12.009376,0.215178,-0.173923
1.476979,1.382226,11.529175,-0.17852,-0.025582
0.794248,-1.0098,9.959389,0.224443,0.441754
1.039738,-0.434995,12.067605,0.04552,-0.113231
3.819757,-0.607287,11.436069,-0.07019,-0.106363
2.2603,-0.200433,7.580237,-0.129894,-0.193037
2.229015,-0.461341,8.163125,-0.740468,0.013225
3.393294,-0.280666,8.716674,0.125194,-0.243507
2.522704,-0.285456,9.172027,-0.095548,-0.006149
2.88031,-0.561931,11.50747,-0.927273,-0.326236
1.761537,0.173789,12.333452,-0.058248,-0.062818
3.267256,-1.169368,11.093281,0.107526,0.158956
1.982777,-0.103585,8.48735,0.541486,0.106435
4.537664,-0.643362,11.497591,0.184195,-0.001553
1.525777,0.53873,7.091803,0.051697,0.457459
3.731291,0.015568,8.052804,-0.008897,0.07685
2.549947,-0.034728,9.562115,-0.67242,-0.300054
-0.393532,1.242117,14.728322,0.13373,-0.516345
2.647694,0.112566,8.235125,-0.164417,0.166812
3.070116,0.220791,7.649692,0.307339,-0.438976
2.100133,-0.152682,6.762188,0.033263,-0.034366
2.631827,0.725541,9.468111,-0.157978,-0.02693
4.878655,0.61537,10.058184,0.431473,-0.036967
3.394341,-0.046853,8.151898,0.014164,-0.096581
2.592758,0.355062,14.764248,0.028521,0.211899
2.196682,0.701142,14.369668,-0.279893,-0.079541
-0.403261,0.779729,11.777209,-0.27445,-0.048516
0.551453,-0.543669,7.893086,0.121886,0.259038
3.234025,0.405656,7.096293,0.007115,-0.128991
0.927322,-0.36524,9.890682,-0.017481,0.000188
3.482957,0.193697,9.514814,-0.221337,0.076133
2.349215,0.092657,6.524183,0.119892,-0.069237
0.362696,1.424887,11.594589,0.176935,0.085448
1.303489,0.877176,12.053834,-0.174121,-0.076247
3.267555,0.089514,8.073761,0.240279,0.078635
5.066814,0.94229,13.040432,-0.058067,0.27222
2.210902,-0.426014,7.123087,0.176789,0.206826
2.169139,0.049697,6.449638,0.006065,-0.065364
2.120191,-0.898881,11.444601,0.047572,-0.321995
0.684976,2.042802,10.563084,0.065287,-0.091071
2.392026,-0.682431,8.771759,0.131439,-0.048573
1.294059,-0.829725,8.559051,0.228595,-0.070042
2.201322,-0.358954,12.176279,-0.624557,-0.050544
1.481918,-0.231119,12.632381,0.391782,0.232233
2.252666,0.411045,12.289294,-0.503839,0.206276
3.539839,0.104932,7.577842,0.153508,-0.092568
1.207689,0.232616,6.75141,-0.29666,0.329734
1.659898,2.207759,6.738986,0.025063,0.116259
1.566492,-0.878822,7.840246,-0.263549,0.029537
4.535568,0.34623,11.005414,-0.102637,0.029294
2.012415,0.377964,8.544981,-0.286441,-0.198188
0.487386,1.004411,9.568851,0.222073,0.250648
1.349743,-0.270338,8.01613,0.402171,0.259896
1.694476,-0.468226,12.934453,-0.090108,0.475151
1.970652,-0.650098,9.958042,-0.804121,-0.709245
2.292034,-1.127905,10.2911,-0.563699,-0.582419
2.487527,-0.40386,6.855294,0.313574,0.195693
2.700385,-0.425565,6.657256,0.037224,-0.375766
0.772543,1.210832,11.059452,0.006451,0.102405
2.744543,-0.065264,7.455396,0.078377,-0.127109
3.157234,0.076491,9.119187,0.373395,0.323987
1.510359,0.667163,7.277267,-0.091713,-0.048326
2.744094,-0.751138,7.393575,0.277734,0.024391
2.206861,0.334405,6.804849,-0.288713,0.391004
1.181493,1.598676,10.876083,-0.04374,-0.087074
3.706293,-0.393232,8.230934,-0.054436,0.137151
2.844684,0.390238,12.410243,-0.904112,-0.293792
0.17334,0.961451,11.048225,-0.288305,-0.04739
-1.442999,1.294807,10.919942,0.018855,0.037115
1.748364,-0.186812,13.27709,-0.55656,-0.394106
3.050656,0.363295,10.288705,-0.174993,0.40698
4.445905,-0.071851,11.806099,0.38421,0.051322
2.287693,-0.606389,10.48824,-0.667149,0.314851
2.943329,-0.465532,8.173902,0.030038,0.130849
2.728526,-0.273032,9.140143,-0.068807,-0.14141
1.161734,0.340542,12.610676,0.108991,0.056081
2.566712,1.546734,7.855065,-0.46325,0.013997
2.10133,0.259111,7.283404,0.742731,0.255671
2.804718,-0.148342,6.623726,-0.776305,0.247574
3.005151,0.457449,9.607471,0.390535,-0.433309
2.734514,-0.686023,10.210567,0.175543,0.046996
0.419128,0.058229,10.900183,0.160445,-0.001056
1.151555,-0.237107,11.576327,-0.125914,-0.010278
1.866618,0.038021,7.794142,0.271222,-0.016151
0.486039,0.433648,10.822794,0.004165,0.009945
1.556763,-1.3463,10.56967,0.16419,0.194609
3.088677,0.830772,9.573342,0.07467,-0.155117
1.436413,0.09116,13.410612,-0.362288,0.172104
1.064287,0.118254,12.307856,-0.170922,0.107667
2.704875,0.351469,9.185798,0.472852,-0.287828
2.343227,0.381107,6.781647,0.126723,-0.021643
1.593885,1.306783,9.893676,-0.634017,-0.359865
0.305515,-0.210313,12.905114,0.273816,-0.314747
1.165027,0.639171,10.314451,0.11658,-0.020173
2.847229,0.574356,8.935518,0.153388,0.112504
2.382146,-0.231568,7.19868,0.190023,-0.182921
3.958219,-0.220342,11.064541,0.011731,-0.177053
3.326832,0.103435,12.935051,0.109542,0.54625
1.177152,-0.148192,12.270284,0.264591,-0.140865
2.767445,-1.340612,11.66629,0.206909,-0.015999
3.954028,0.810265,11.717633,-0.119598,-0.503742
3.292254,-0.490979,12.359199,-0.01328,-0.410239
0.367935,-0.59142,9.362431,-0.163007,-0.101963
0.703986,-0.088167,10.330019,0.104055,-0.09897
1.377885,1.010998,7.909402,0.098457,0.169877
0.920137,-0.451311,10.355915,0.034225,-0.009968
0.232766,-0.032632,8.068821,-0.177466,-0.35701
3.324137,-0.295186,8.014035,0.147388,-0.128902
1.717828,0.291893,14.573694,-0.409352,0.575919
0.460143,1.829645,8.715775,-0.115906,0.233271
2.188,0.261207,6.616241,0.160711,-0.00685
-0.011676,0.130828,8.631351,0.291987,-0.487146
2.269431,1.282234,12.688963,-0.381321,-0.09482
2.10133,0.094753,9.388327,0.077186,-0.12174
2.085463,-0.572559,9.287586,-0.458878,-0.111492
2.205214,-0.274679,9.254805,-0.138062,-0.113136
2.367626,0.361199,6.61699,0.635577,-0.071889
4.076174,-0.292043,8.541687,-0.106418,0.024192
2.820884,0.108824,6.41506,-0.069247,0.275923
1.842668,0.593067,9.414073,0.006114,-0.373257
3.77021,1.055305,14.818285,-0.577106,-0.190888
2.348317,-0.630788,9.316177,0.616199,0.67264
1.204994,0.171094,6.913374,0.299874,-0.273759
1.414558,-0.2883,7.301067,0.055407,0.054126
2.876418,0.158071,8.440498,0.155184,-0.074731
3.383714,0.017364,9.835297,-0.292654,0.167264
3.176095,0.597707,8.257279,-0.343885,0.095909
1.413211,-0.733175,10.805879,-0.264464,0.850889
2.056274,0.68752,12.224629,0.10711,-0.175438
2.398911,-0.705782,11.367361,0.077498,0.221656
1.146466,0.198787,9.042696,-0.631076,0.206816
0.987946,0.741109,7.103029,0.180681,0.109725
2.315834,0.15373,10.74765,0.164514,-0.236106
3.535648,-0.826731,11.009156,0.147951,-0.197968
3.11128,1.081052,11.839031,0.068332,0.200171
1.114582,-0.680485,11.675271,0.059425,0.107528
2.03891,-0.121697,7.07384,-0.161818,-0.451661
4.165687,-0.176333,10.919193,0.522455,-0.251401
1.49569,-0.305365,8.494985,-0.396805,0.067849
3.320844,-0.378862,8.616232,-0.529331,0.008412
1.545237,-0.6251,7.79998,-0.451492,-0.051998
3.823948,0.520468,12.323423,0.803401,-0.656122
1.948199,-0.272433,7.763306,-0.458342,-0.186309
1.160836,-0.103285,7.383995,-0.00543,-0.038049
3.085983,-0.101788,6.567593,0.004111,-0.065388
1.055904,0.033231,10.872191,0.293563,-0.006142
2.342479,0.235011,6.555468,-0.240515,-0.027124
1.770368,-0.204774,12.67624,0.077136,0.075061
3.839516,0.016017,10.959011,0.259603,0.041447
3.646567,0.202679,9.14658,-0.304919,0.119656
3.67381,0.828826,10.34364,-0.105358,0.23546
2.146087,-0.385598,9.786948,0.05979,-0.045803
1.339115,0.589624,10.626552,-0.476591,0.137784
1.580264,0.951721,9.003028,-0.148784,-0.19347
1.435665,-0.759072,13.920003,-0.287778,0.314437
3.139571,-0.698298,8.527168,-0.001205,0.050946
3.583099,-0.725392,8.759634,-0.156769,0.063488
3.175796,-0.060025,6.543193,0.831207,0.127092
2.607877,-0.438738,6.884484,-0.278684,-0.109449
2.444417,-0.28381,12.984,-0.686301,-0.689285
3.100203,-0.273182,12.741654,0.25659,0.507102
1.310076,0.443827,6.45847,0.364445,0.091735
1.046025,0.002096,7.876171,0.224908,-0.198814
1.298699,-0.590522,12.576397,-0.18121,-0.197689
3.332969,-0.171843,12.154724,-0.142442,-0.273336
1.426384,0.888702,7.127428,0.148017,0.051622
1.256337,1.21188,10.033785,0.135007,-0.093933
3.591182,-0.007484,11.073672,0.237164,-0.066279
2.437831,0.268392,5.985303,-0.081683,-0.070356
1.164728,-0.562381,12.95511,-0.099424,0.019213
1.865271,-0.673749,9.69444,0.186711,0.139596
1.483266,0.349373,9.68965,-0.390918,0.504193
3.246599,1.870211,12.670551,0.005908,0.706105
2.476301,0.218995,12.259506,-0.109281,-0.170701
1.369652,0.236508,9.108858,-0.034186,0.042313
2.297572,-0.552052,9.054521,-0.569806,-0.341989
-0.041763,0.421224,12.660223,-0.230432,0.090865
2.175127,-0.697999,6.80934,-0.633193,0.043192
1.410068,-1.53865,10.289902,-0.500491,-0.012557
2.02469,-0.249381,7.941585,0.001082,0.01957
1.547632,-0.597408,8.902288,0.035628,-0.509934
2.314786,-0.389939,11.867172,-0.02225,-0.084975
2.275269,-0.509391,8.058043,-0.057585,-0.108635
4.317322,-1.659599,10.160421,0.511963,0.021621
2.004033,1.809737,11.670032,-0.115042,0.158533
2.713258,0.227078,12.841496,-0.276585,0.187169
0.337997,0.715811,14.527739,-0.06171,-0.224797
1.095572,-0.314795,9.418863,-0.035494,0.005122
2.59665,-0.453707,7.770341,-0.022669,-0.45413
2.911446,-0.119601,9.411828,0.44187,0.27302
1.465004,1.157842,12.887001,0.173296,-0.158044
1.871857,1.744323,8.365803,0.412337,0.044838
3.108885,0.011077,8.785381,-0.317683,0.247568
2.252067,0.423469,6.339617,-0.037681,-0.428876
1.665736,-0.112117,6.858138,0.061606,-0.050768
1.559008,-0.900827,10.435549,-0.303253,-0.210831
1.907483,-0.763712,11.707454,-0.208653,0.239354
1.474733,0.446971,9.837692,-0.049299,0.024108
2.271526,0.002545,7.220235,-0.084302,0.299643
2.931354,0.113464,8.175848,0.151581,0.57777
3.970044,-0.39937,6.702911,0.125507,-0.038158
-0.043559,-0.12978,12.524755,-0.012484,0.235733
3.745811,-0.837957,12.385245,0.257579,-0.005204
3.272046,0.410446,7.138356,0.110535,-0.012396
2.762206,0.423469,10.81007,0.696605,-0.481394
0.7212,1.244811,13.785134,0.198886,0.11295
1.74103,0.270488,6.374045,0.436723,-0.04739
0.414039,0.504601,8.45876,-0.181273,0.3052
2.018253,0.43275,11.506123,-0.109406,-0.051752
1.372496,-0.912353,10.14665,0.245231,-0.039713
1.302891,0.143102,10.643018,-0.1945,-0.214396
3.299888,0.741408,7.937693,0.345324,-0.080776
1.380429,0.673899,7.579339,-0.521215,-0.407357
0.641566,-1.051264,11.741434,0.177875,0.154204
0.499811,-0.962498,10.226434,0.156476,-0.073284
3.649561,0.378563,9.222172,-0.034377,-0.009137
2.800676,-0.387843,7.649543,-0.435131,0.138893
2.32257,-0.334854,7.259604,-0.120638,-0.065521
2.512675,0.37527,11.928694,0.149092,-0.041052
2.567162,-0.261656,6.14547,-0.180135,-0.373114
0.672701,-0.478555,10.877281,0.315092,0.267181
1.391506,-0.208965,9.683513,0.025561,0.012674
2.310894,0.12978,6.272556,-0.066898,0.077605
3.184478,-0.43275,7.577991,0.202368,0.059703
3.03449,-0.337548,7.157067,0.25834,0.098462
4.191584,-0.58184,10.17569,0.102831,0.0045
3.811823,0.681533,11.852054,-0.10967,-0.160802
2.437681,0.531096,7.86704,-0.263002,0.012839
2.89468,-0.710722,11.747271,0.221768,-0.035788
1.104553,-0.507894,9.649384,-0.019288,0.135899
1.739982,0.337847,7.681277,-0.350946,0.006098
0.31255,0.996927,8.92983,0.401423,0.085862
2.734064,0.330962,6.447542,-0.194673,-0.125658
3.638783,-0.421823,11.542946,-0.267501,-0.362259
2.411635,1.315464,10.695708,0.188553,0.042435
2.711162,-0.08158,8.640332,-0.230359,0.320244
0.378712,-0.386347,11.959979,-0.075914,0.124919
2.552193,-0.373773,6.420299,0.009643,-0.057516
1.775159,-0.031584,7.183113,-0.023329,-0.131188
0.100291,1.064586,11.226205,0.342434,0.493109
0.990041,-0.148641,13.640834,-0.192378,0.172236
2.93315,-0.74051,9.853709,0.414456,0.210895
3.176544,-0.641566,8.860524,-0.306499,-0.037053
1.733695,-0.325274,7.555838,0.396317,-0.01909
3.236719,-0.128283,8.606952,-0.102303,0.06656
2.258204,-0.245939,9.272917,-0.414597,-0.028655
2.22153,-0.095052,7.980504,0.130156,-0.077635
2.324666,-0.248932,9.154513,0.007345,-0.012111
2.072291,-0.364342,6.541247,-0.003756,-0.177669
2.503694,0.1681,8.212971,0.405296,-0.197507
2.858156,0.292192,7.661069,-0.357751,0.163952
0.968037,0.266745,10.730735,0.426579,-0.155274
1.371448,0.542921,6.79018,-0.194466,0.076772
2.134262,-0.078736,7.326814,-0.186577,0.176213
3.059039,-0.153431,5.923033,0.371815,-0.098933
3.10634,-0.173789,7.328909,0.052514,-0.025199
2.054627,-0.897085,9.372759,-0.246954,0.102523
1.435665,0.522713,7.019503,-0.096348,0.081649
3.509452,-0.199984,7.674241,0.223048,-0.214513
3.641028,-0.600252,11.878548,-0.759083,-0.713796
1.246009,1.122965,9.346115,0.215429,-0.06272
3.403323,0.124691,10.483599,-0.092505,0.357632
1.419648,1.179547,6.337222,-0.53573,-0.542875
0.377216,0.082928,10.429113,-0.30002,0.078147
0.205223,1.636247,8.682395,0.095266,-0.052608
0.083377,1.021476,9.2569,0.106725,-0.013053
2.663411,-0.295635,11.622281,-0.494432,-0.217849
1.663341,0.255219,10.862461,-0.129717,-0.13186
2.615661,0.601898,7.928562,0.137069,-0.206302
0.99064,0.672851,11.196417,-0.366901,0.221731
2.645898,-0.372426,9.63711,-0.601148,-0.106633
2.028132,0.468975,8.648416,-0.224374,0.180945
3.882476,-0.012873,10.612781,-0.109435,0.06509
1.935325,-1.601669,8.971743,0.897144,0.262352
3.271447,-0.084574,6.695127,0.146495,-0.09124
3.45766,0.195493,7.066954,-0.142152,0.001932
2.008673,0.549058,11.165132,-0.058744,-0.119615
2.627037,-0.302371,8.678054,0.13617,-0.150444
3.30363,0.176932,6.786737,0.003389,0.066448
3.369044,-0.386945,10.932665,0.102738,-0.075759
0.825384,0.172441,9.862541,-0.086693,0.056755
1.605112,1.113235,8.846454,-0.233915,-0.310314
2.132466,1.351989,6.816076,-0.577514,-0.256749
3.324137,1.556912,11.166329,-0.473947,0.378414
3.696413,1.031206,10.096953,0.002722,0.15129
1.671125,-0.528401,11.043285,0.047204,0.116911
2.263144,0.52421,7.86734,0.183803,-0.119049
1.285676,1.132844,7.762258,0.275527,0.375308
4.968318,-0.249531,10.205029,0.036663,-0.165535
1.839974,-0.838107,9.528735,0.0291,0.012654
2.995571,0.624202,8.248148,-0.028885,-0.015978
1.754052,-0.959954,10.548414,0.064805,0.12459
2.296674,-0.306113,7.959249,0.16656,-0.091636
1.180894,0.742606,7.274572,0.15747,-0.07875
1.729354,-1.408721,12.501553,-0.250893,0.321213
3.737877,0.074994,10.774145,0.129322,0.082111
1.76947,1.037493,9.231752,-0.100153,-0.161776
1.344953,0.758772,14.027031,0.006988,0.210266
1.813629,-0.433199,12.320579,-0.125179,-0.024747
0.597557,0.599054,10.883118,0.130598,0.299523
3.235372,0.196392,8.86756,0.105965,0.024072
3.543282,-0.463436,8.809032,0.220638,-0.017725
2.461332,0.685425,10.145602,-0.166559,0.344387
3.732638,-0.186662,10.591076,-0.178041,-0.159191
4.220923,0.350571,10.624456,0.20511,0.123313
2.3082,-0.602048,7.200027,0.009169,0.029944
2.881508,1.84177,10.273586,0.017055,-0.579054
2.6447,-0.040715,8.859327,-0.147599,-0.005718
-0.623304,0.816702,10.895692,0.251418,0.065223
1.773961,0.309556,7.05917,0.084442,0.276104
0.496368,-0.626896,11.847862,1.007572,0.610799
1.910327,1.594335,9.115893,-0.036517,-0.074712
2.876868,-0.326471,7.529941,-0.107981,0.412672
1.091081,0.301922,13.393698,0.074253,0.207502
2.682721,1.008603,11.757151,0.338897,-0.092303
1.893263,0.892294,8.591384,-0.073943,-0.062524
2.99587,0.45685,6.610703,0.15468,-0.22323
1.362167,-0.268991,12.257411,-0.364775,0.086666
1.858535,0.708028,11.974349,-0.41717,0.217174
3.615132,-0.569416,11.299103,0.133649,-0.228667
1.907633,-0.692909,8.239466,-0.122121,0.267621
1.756298,-0.450114,9.018596,-0.163821,-0.15336
1.848207,1.174158,13.309124,-0.122207,-0.351106
3.214416,-0.031285,8.702154,0.037148,-0.039374
1.821562,-0.621059,9.155711,0.24671,-0.165405
1.28867,1.530567,7.01127,-0.393868,-0.274107
2.10612,-0.101639,6.769223,0.225037,-0.091893
-0.517624,-1.935176,12.339141,-0.032282,0.057859
1.743724,0.117805,12.804673,-0.10735,0.059707
3.609594,-0.483944,8.086783,-0.101421,-0.316441
1.659599,0.016466,7.291188,-0.404491,0.185751
2.283352,0.982706,11.063493,0.1361,-0.108702
3.533702,-0.816253,9.505982,0.10417,-0.466926
0.604593,-0.169298,12.984449,-0.002547,-0.01986
2.623594,-0.335602,6.949449,0.047259,-0.02288
2.969076,-0.004042,7.336244,0.242087,-0.045986
1.422342,-0.463586,11.869417,0.012964,0.020208
2.882705,0.742905,8.741073,0.055027,-0.34768
2.745141,-0.562381,11.792777,-0.134878,-0.044479
0.436941,0.787662,8.408315,-0.46932,-0.709561
3.218158,-0.241897,10.957364,-0.358725,0.471012
4.101471,-0.008083,11.601026,-0.30358,-0.248085
2.022594,0.96669,8.411907,-0.102431,0.108651
1.871708,0.839155,7.196884,0.049962,0.738285
1.795965,-0.749042,11.595337,0.256836,0.112058
2.89034,-0.761167,11.316018,-0.699613,-0.645147
2.770139,-0.174387,7.82378,0.262309,-0.078753
1.220861,-0.82733,9.745035,0.350596,-0.096991
1.732348,-0.35566,7.259903,-0.459242,0.208944
0.35581,0.082179,10.778037,-0.079092,0.353359
3.720813,-0.388143,11.039843,-0.128412,0.33908
3.433859,0.207469,9.106762,0.245319,-0.228715
2.261198,-0.143701,8.960816,0.427379,-0.070697
4.134402,0.4088,11.946357,-0.491203,-0.343345
1.001268,0.7456,8.71338,-0.036272,-0.071483
1.766926,1.206641,9.349857,-0.343026,0.068798
-0.318837,0.516725,10.881921,0.510123,-0.238129
1.200653,1.402434,12.205469,-0.120861,0.194598
0.797691,0.789758,7.715406,-0.194813,0.01669
2.064207,-0.610281,8.419841,-0.327553,0.467825
3.132686,-0.36539,9.295071,0.119643,-0.08163
2.373614,-0.941542,8.661438,0.378636,-0.249566
2.7652,0.376168,8.036638,-0.213771,-0.127432
2.7411,-0.883463,9.824071,0.276019,-0.087471
2.267335,-0.083826,7.429051,-0.26174,-0.005542
2.643802,-0.292641,6.139184,0.099369,0.050903
1.23568,0.071102,7.273525,-0.050834,0.197718
2.394421,-0.792602,7.188202,0.042004,-0.040635
2.32287,-0.399519,8.455317,0.797289,-0.385177
1.723666,1.76483,12.616963,0.056145,0.200339
1.717528,0.997825,12.001143,-0.093863,-0.134408
1.347947,0.123793,7.736662,0.202501,0.058484
2.562521,-0.340692,6.728059,0.116992,0.009351
1.999093,-0.14924,6.747818,0.028796,0.043366
0.70219,-0.079934,11.192375,0.276571,0.207012
2.041155,-0.925376,8.383167,0.172078,0.033974
2.352957,0.70189,8.459508,0.026903,-0.278923
3.363506,-0.911604,9.724528,0.236369,-0.201321
2.433939,-0.428559,11.134895,-0.133458,-0.109072
3.08224,0.449216,9.137898,0.13899,-0.069176
2.052232,-0.762215,9.048084,0.332584,-0.068795
1.163231,0.191452,7.731422,0.329242,0.283339
2.479594,0.050595,7.700886,0.308971,-0.097125
2.511777,0.079485,6.995104,0.179049,-0.504678
1.069676,-0.791554,7.014863,-0.177916,-0.071518
1.699416,-0.831671,10.581047,-0.00083,0.146219
3.009192,0.027393,6.738537,0.356013,-0.263361
1.857487,-0.939446,8.889714,-0.27555,0.036594
2.08711,0.662672,9.705817,0.027679,0.055586
1.674119,-0.272883,9.674831,-0.100903,-0.45647
1.361868,-0.301174,6.924451,-0.184113,0.044717
-0.098645,-0.018112,10.419982,0.223705,0.17779
2.246977,1.574875,12.960948,-0.168543,-0.176157
2.320624,0.844244,11.928395,-0.266553,-0.16882
3.158432,0.263452,5.395231,0.049868,0.216481
1.876498,-0.854573,7.262747,0.070423,0.084681
1.179098,-1.023871,11.500435,0.171132,-0.003264
1.819616,0.375719,5.976472,-0.29011,-0.196055
3.371738,0.345631,8.880732,0.050439,0.136116
3.218607,-1.00516,11.527977,-0.334278,-0.39403
1.672023,0.696202,7.51602,-0.445946,0.044976
3.263963,0.079036,5.961204,0.120714,0.071098
3.762875,-0.082628,8.854986,0.244301,0.168319
-0.353714,1.042283,12.359498,0.155275,-0.14523
3.787723,0.12963,9.955947,0.383662,-0.285301
3.170706,-0.953367,8.255333,0.108346,0.12125
1.93338,-0.380808,6.484815,0.024176,-0.136522
2.215692,-0.82718,9.076525,-0.165673,-0.162203
2.553241,-1.133593,9.830807,-0.281031,-0.060191
1.644181,-1.057401,9.29058,0.554394,0.401239
3.329975,-0.648751,7.745793,0.049592,-0.180155
2.779869,0.070054,13.043725,0.278057,0.3704
0.885409,-0.208666,11.838881,0.033538,-0.340409
1.282084,0.760868,12.766502,-0.258292,0.210193
1.072669,-0.148491,10.658735,0.286266,0.062724
2.999762,0.045206,12.264147,-0.695385,-0.301541
1.852697,-0.218096,12.102483,-0.67489,0.283539
3.302433,-0.005389,6.255043,0.129866,0.033985
0.626447,-2.929857,13.558355,-0.125843,-0.128246
2.292183,0.069456,8.220156,-0.371158,0.272623
2.869533,-0.10583,7.553592,0.554783,0.103421
3.758534,-1.131497,11.095377,-0.17166,-0.294236
2.643802,-0.292641,6.139184,-0.369285,0.137377
1.580563,-0.447569,10.637479,0.473451,0.685489
2.413132,0.084724,6.767726,-0.198326,-0.288347
1.380729,0.826581,8.630752,0.565244,0.038832
1.022374,-0.513732,10.546768,0.392754,0.033026
3.171904,-0.491727,6.872958,0.306627,-0.037958
2.149829,1.027463,8.841514,0.237972,-0.202768
1.935924,-0.946631,7.6699,0.198846,0.160848
2.90456,-0.326022,6.81892,0.332517,0.239365
0.089214,0.806673,7.997868,-0.148962,-0.153093
3.383115,-0.784369,9.838141,0.155601,0.047961
-0.248783,0.406704,10.711725,-0.132372,-0.580401
2.19758,-1.024619,10.865305,-0.313052,-0.62355
1.749262,-0.580044,9.569899,0.007643,0.120217
2.561623,0.018561,6.566844,0.079885,-0.276647
2.857707,0.030686,9.721983,0.027549,0.579895
0.781525,0.79365,7.033125,0.029411,-0.071033
2.575694,-1.092428,7.674092,0.185737,-0.205981
2.629582,-0.470023,6.810238,0.074323,-0.180352
1.80824,-1.348695,9.420061,0.043775,0.075554
3.09212,-0.393232,9.181906,0.322885,0.918091
1.016237,0.3124,6.195167,0.247164,0.383728
2.168091,-0.540975,11.273806,0.091151,-0.091556
1.933829,-0.295186,6.552923,-0.095109,-0.283811
2.364034,-0.013622,6.383326,-0.438652,0.147713
1.682501,-1.050965,8.956176,-0.073,-0.272781
0.50011,2.64021,10.43974,0.187064,0.017209
2.39981,1.511856,10.602751,0.202759,0.480422
1.91871,-1.052012,9.225466,0.233688,-0.009435
1.855392,-0.614622,9.792486,0.417135,0.179808
2.146536,-0.425715,9.486523,-0.030261,0.019187
0.642614,-0.595312,9.780511,0.010402,0.005487
4.007167,-0.444276,11.378738,0.81344,0.368016
3.002007,0.291294,6.7324,0.005984,-0.058994
0.26465,1.243464,10.741513,0.224463,-0.018917
-1.297801,1.043779,13.928535,0.126666,-0.075568
2.177971,1.522484,10.596315,-0.122211,-0.25952
3.34674,-0.273781,8.573122,-0.105144,-0.12399
1.425635,-0.071701,11.166779,-0.026482,-0.08238
4.30894,0.300575,11.541599,-0.345007,-0.160861
3.939358,-0.071701,12.059223,0.277149,0.040591
2.615361,0.35087,9.554182,0.09805,-0.179019
1.667233,-0.790806,9.77632,-0.008462,0.035829
2.753225,0.430804,7.591913,0.125656,-0.253034
3.751948,-0.000449,8.416548,0.01994,-0.117169
1.315315,-0.760119,9.841135,-0.044205,0.02805
3.862717,-0.906365,10.55994,0.286673,0.644834
3.211422,-1.24047,9.06006,0.251529,0.249066
2.854414,-0.289498,9.007519,0.173602,-0.000954
0.677042,0.508792,12.44063,-0.150891,0.601876
3.789969,-0.561333,11.257041,0.12666,-0.127939
1.630559,0.377216,10.619816,-0.001905,0.131405
1.396895,0.655936,6.733148,-0.405295,-0.288553
-0.045505,-0.692759,10.710228,0.134208,0.013185
1.518592,0.405956,7.704628,0.588107,0.372106
4.184698,0.071102,8.360564,-0.079662,0.028444
0.564626,-1.082549,11.335328,0.01456,-0.124793
0.631237,-0.614921,9.853859,-0.0131,0.002243
3.129991,-0.110021,11.467503,0.073876,0.32281
2.573149,-0.002245,6.075266,-0.056125,0.069227
3.17849,-0.505499,10.239307,0.05611,0.179692
0.584834,1.646576,13.731545,-0.13375,-0.153989
1.70211,0.084125,9.012159,-0.040215,0.06539
2.554288,0.159868,12.756323,-0.229909,-0.26669
3.067421,-1.09647,11.109148,0.180216,-0.122724
2.768493,0.535137,12.571308,0.131074,-0.544766
2.161954,0.828826,11.328293,-0.343069,-0.006551
2.21704,0.470472,8.052056,0.130601,0.123129
2.18306,-0.501008,6.035449,0.350535,-0.249559
2.674039,-0.199086,6.975943,-0.383363,0.268935
2.56791,0.196841,6.981931,0.291235,-0.242173
2.406246,0.659079,8.614137,0.066736,-0.044738
2.07738,-0.37018,12.498709,-0.097943,-0.052813
2.807562,-0.51942,11.146571,0.299013,0.157594
2.292782,-0.070054,13.852045,0.793075,-0.452228
0.551453,0.537981,10.754686,0.256556,-0.190001
2.959196,0.208516,11.432775,0.137034,-0.194102
1.324446,1.376088,10.322834,-0.220359,-0.114363
2.393223,0.669258,12.177776,0.176657,0.09412
0.830174,-2.01496,11.323952,0.052079,-0.032418
3.572621,-0.146695,6.529123,0.40713,-0.001019
2.206861,-0.039518,8.658594,0.080052,0.081336
2.424508,0.061372,6.231991,0.036503,-0.01106
2.447411,0.321382,7.225175,0.22584,-0.114805
3.441344,-0.526605,8.554561,0.155379,0.022981
3.386109,-0.270787,11.047177,-0.024417,0.257139
2.334695,0.067959,6.542445,1.009406,-0.195033
1.08674,-0.644111,9.004226,0.571311,-0.56718
0.080533,-1.157094,10.417736,0.015842,-0.040574
3.80359,0.479004,12.253668,-1.371563,-0.237522
3.290607,-0.220491,8.73763,0.058149,-0.146749
2.794988,-0.468226,10.347832,-0.043717,0.51006
1.490002,0.153581,12.706327,0.273687,-0.001837
0.925076,-1.499133,12.987143,-0.49867,0.350139
2.080673,0.589624,7.008725,-0.048686,-0.030383
2.258503,0.161514,8.688083,-0.182232,0.008874
3.277584,-0.489183,12.092753,-0.15768,-0.163657
2.796185,0.308209,7.156917,0.436589,0.279051
2.829117,0.176333,11.392809,0.119239,0.08451
2.781665,1.035996,10.068213,0.2052,-0.029452
2.269131,-0.468675,7.416028,-0.004681,0.025801
3.037633,-0.409698,7.854916,-0.212863,0.746977
0.742456,0.392933,11.034903,0.14503,0.411065
1.153352,-0.642015,9.861343,0.46173,0.325741
4.17886,-0.825982,10.654993,0.504917,0.620904
4.723428,-2.013762,10.612481,0.089926,0.70225
5.178182,-0.202529,8.599467,-0.149195,0.058203
1.888473,0.286804,6.291716,0.195218,-0.008703
1.511557,0.417182,8.489745,-0.221599,-0.391348
0.939596,0.396974,11.600127,0.336343,0.429232
1.023272,0.568069,6.467301,0.055776,-0.283311
1.623524,1.049318,6.852301,0.110887,-0.385233
0.937051,0.584534,10.354717,0.170167,0.653555
3.345693,-0.149689,7.869585,-0.494052,0.235733
2.511777,0.079485,6.995104,0.090456,0.026011
2.963837,-0.090262,7.170988,0.154559,0.124174
1.798211,-1.091979,11.2286,0.073327,0.598779
1.63011,1.575923,11.237581,-0.213106,-0.504548
2.18815,-1.545686,8.83882,-0.434351,0.161138
2.668201,-0.576302,8.838969,-0.749103,-0.029626
3.637586,-0.001198,8.090825,-0.068604,0.019679
0.772094,-0.284708,7.228618,0.047911,-0.232683
1.012644,-0.820594,9.80027,0.371558,0.06962
3.403922,0.268542,8.278684,-0.131067,0.3581
3.145559,-0.013921,8.073461,0.132846,-0.021748
3.478916,0.220491,6.061196,-0.062618,-0.231422
3.584895,-0.376767,11.253897,0.412957,0.292065
2.373165,0.111368,6.379284,0.248948,-0.031298
1.786086,-1.275947,9.337582,-0.335093,-0.087918
2.849774,-0.303269,8.038284,0.17337,0.282804
2.588268,-0.965792,11.052416,0.383857,-0.224911
1.96676,1.45707,14.097833,-0.139488,-0.021426
4.024232,0.180525,12.431499,-0.062521,-0.146271
1.882485,1.731898,10.132729,-1.038192,-0.106728
1.17341,0.301174,11.714639,-1.11153,-1.031519
2.167193,-0.002395,9.37246,-0.205786,-0.143213
2.565665,-0.439037,8.738678,0.202848,-0.053103
4.091591,-0.153581,10.255923,-1.116909,-0.707152
2.24563,-0.160466,7.316785,0.224637,-0.144682
2.074985,0.654439,8.878038,0.179183,-0.088022
0.723745,0.082928,10.307715,0.009267,-0.037805
2.256557,-0.916993,7.023395,0.598793,0.036365
1.903292,0.064666,6.834039,0.382939,0.237729
3.074307,0.000898,10.344239,0.158701,-0.169977
3.619473,-0.435894,12.44048,-0.417581,0.257797
0.618364,-0.306413,14.362034,-0.143645,0.095447
2.373165,-0.106129,7.038364,-0.125157,0.133159
2.722389,-0.654738,10.465038,-0.00159,-0.087464
2.430196,-0.209864,9.369915,-0.557842,-0.279272
0.364043,0.906665,10.172995,-0.037951,0.13345
1.791175,0.661924,7.657776,0.363651,-0.12144
1.623374,1.65436,9.590257,0.672475,-0.397548
2.783911,-0.296533,8.23752,0.209373,0.126112
1.9235,-0.257465,6.98732,0.043121,-0.054716
2.065255,0.685724,9.029673,-0.180764,0.032676
2.220033,1.006507,8.221803,0.290656,0.170183
2.43798,0.027243,9.465716,-0.115205,-0.19769
1.520538,-1.224454,10.149793,-0.035655,-0.181978
2.831362,0.427511,11.987821,0.016178,-0.155734
3.865711,0.571212,11.783197,0.17511,0.384365
0.870889,-0.084874,11.291469,0.190609,-0.304148
0.86535,-0.034279,14.135854,-0.191224,0.054828
3.143463,0.059426,8.143366,-0.174471,-0.239439
4.34217,0.074994,11.061996,-0.631279,-0.366843
-0.012274,-0.735271,12.911401,0.236754,-0.01451
3.749702,-0.370779,8.343051,0.033295,0.143211
1.754052,-0.659379,9.538465,-0.015149,0.029718
2.613864,-0.305814,8.154892,-0.113825,0.049347
3.930526,0.635279,11.781101,-0.152727,-0.167119
1.285377,-0.24519,9.764195,-0.099857,-0.088736
0.831072,-0.704585,7.900571,-0.031018,-0.083734
2.73122,-0.45191,9.226513,-0.068128,0.577355
1.726809,-0.328716,6.545289,0.346514,-0.122226
0.683179,0.297581,10.023157,0.02083,-0.245009
3.005001,-0.308059,8.055499,0.102312,0.187194
0.185464,1.788631,10.542726,0.040063,0.455705
3.749553,-0.411345,9.002729,-0.071997,0.021109
1.871558,1.130749,9.316626,0.168754,-0.409462
2.926115,0.334405,6.674021,0.250924,0.043242
3.040627,-0.905617,11.992462,-0.216775,0.262836
1.474733,1.09632,12.200229,0.269609,-0.216394
1.897604,1.578917,9.493408,-0.002495,-0.119106
2.400857,0.810115,12.573553,0.188607,-0.181268
3.99624,0.2886,10.985506,0.06088,0.662483
1.885629,-1.306783,8.913514,0.188324,0.077224
1.924548,0.248034,8.693172,0.060226,0.166537
2.650089,0.28396,11.444601,-0.002852,-0.087564
4.697531,0.824336,8.947943,0.33103,0.000271
0.979413,-0.365091,6.03485,0.320457,-0.116881
2.771636,-0.646057,6.943311,-0.063343,-0.199792
3.547772,-1.034199,11.604468,0.304453,0.364432
2.284849,1.473835,13.320051,0.14826,-0.719754
4.042643,0.264799,8.856034,0.095899,-0.173087
2.154021,0.187111,12.44542,-0.117364,-0.623534
1.897155,0.699795,8.033045,-0.158797,-0.360761
2.964136,-0.841849,12.070749,0.185022,-0.100381
-0.515079,1.595382,13.88318,0.125885,-0.022231
2.580634,0.666414,11.48367,-0.763359,-0.333121
2.281406,0.104183,6.787336,0.279351,-0.288176
2.128424,1.761687,11.145523,0.162553,-0.067869
1.037493,-0.633333,12.328662,-0.545481,0.20989
0.622106,-1.422043,14.288088,-0.23423,-0.591115
2.79858,-0.291145,6.719078,0.192924,0.24047
2.496059,0.971779,11.242222,-0.525589,-0.175973
1.416804,-0.062869,12.667258,0.039762,-0.040466
3.923491,0.439336,11.39685,0.200516,0.023137
1.831891,-1.276545,9.529783,0.003244,0.086179
0.686772,1.795666,7.893535,-0.316449,-0.006705
2.38978,-0.629142,9.94936,0.272682,-0.029433
2.499502,0.475411,12.681928,-0.087166,-0.344606
2.975812,-0.779729,10.796898,0.104613,-0.033291
1.126707,-0.620909,9.79099,0.234456,0.067585
1.492846,1.379232,12.526701,0.042701,0.212474
0.958906,-0.794847,9.830807,0.143906,-0.094023
3.528762,0.156275,9.753118,0.115821,0.015607
2.780767,-0.259411,9.577234,-0.206437,-0.36439
2.261198,-0.336949,7.016509,-0.258771,0.124487
3.06787,-0.093555,7.370673,0.271854,-0.065099
2.471211,-0.105531,8.625363,0.520595,-0.402414
2.312541,-0.510738,7.359596,-0.054345,0.002687
1.320853,-0.919089,9.169183,0.075279,0.118396
2.630031,-0.417781,8.483009,0.000826,0.912113
1.712439,-0.078437,7.185807,-0.068541,-0.024763
1.780547,0.664468,7.476353,0.178975,-0.068758
2.145189,0.721649,9.333092,-0.034425,-0.027245
4.107009,-0.209265,8.709189,0.050038,-0.118024
-0.186362,-1.625769,11.655512,0.018217,0.025544
1.770518,2.14968,8.49244,0.145945,0.086102
1.649121,-1.517544,8.817414,-0.14616,0.184708
2.600392,0.074545,6.577322,0.092808,-0.048265
0.186812,0.040416,10.618918,0.152858,0.184659
2.410437,-0.441731,7.634125,0.339198,-0.429545
1.844764,1.341361,9.211694,0.191142,0.088855
2.701432,0.177231,10.114018,0.256008,-0.166942
1.378932,0.310604,7.343429,-0.448329,0.485098
3.147505,-0.414488,6.39575,0.18472,-0.19296
3.264262,-0.571961,7.78561,-0.007263,0.269815
3.017126,-0.881966,9.089848,0.020602,-0.045617
1.44749,-1.183439,8.673114,-0.10516,0.01578
2.209855,-0.573308,6.877598,0.270118,-0.352259
4.081712,0.15388,11.626772,0.030413,-0.107799
3.117417,-0.031285,7.594607,-0.160978,0.323335
3.503764,-0.099543,10.243199,-0.031851,-0.224935
0.782273,-1.54823,13.407469,0.238246,0.01043
3.096311,-0.068857,8.134834,0.332026,-0.406848
1.456172,0.89454,7.742499,-0.12306,0.041015
1.006357,0.601898,7.286997,0.015276,-0.352401
3.032095,-0.255668,7.337741,0.424306,0.12745
2.599943,0.776735,11.042537,0.262989,-0.151782
0.352367,0.159269,14.897471,-0.035887,-0.109095
3.874693,-0.152682,6.694229,0.224918,0.010122
2.377506,-0.213007,6.757248,0.269643,-0.30714
3.126399,0.050595,9.821526,0.390068,0.224001
3.424878,0.049098,11.433374,0.182507,-0.091352
2.789,-1.029559,10.994038,0.376119,-0.121303
3.815416,0.664618,7.122938,0.353341,-0.186098
2.743345,-0.344583,6.826404,-0.09929,0.337181
4.07303,-1.204395,11.147469,-0.664648,-0.096823
0.453707,0.638572,12.684023,0.004112,-0.04338
3.521128,-0.36569,10.635982,-0.039691,-0.022828
2.41418,0.091909,8.120314,-0.842738,-0.11156
2.452051,1.030457,8.337063,-0.00025,0.049301
3.259472,-0.252675,6.132897,0.172379,0.020938
1.370251,0.901276,9.854458,0.348535,-0.084486
1.501827,-0.18277,12.225976,0.140371,0.127911
-0.107327,0.464783,8.10759,0.155527,0.139637
2.14459,0.427062,6.641838,0.224849,-0.176295
2.935096,0.43275,6.756649,-0.043005,-0.229493
2.222728,0.17289,9.599238,0.101287,0.161508
3.696713,0.101339,11.787987,-0.112538,0.393989
2.762356,0.483345,7.280859,-0.023466,-0.010311
2.283352,-0.838706,10.776989,0.108651,0.304868
2.838398,0.28366,9.281898,-0.098058,-0.512753
2.65428,-0.152533,6.437962,0.417872,0.058498
1.275647,-0.462987,10.034832,0.045981,-0.371389
1.615441,1.246458,9.647139,-0.16764,0.180859
0.748743,-1.38492,10.725646,-0.72788,-0.066177
0.586929,0.720452,9.429791,0.066619,0.317754
0.651146,1.00501,12.723691,0.041771,-0.082246
2.244433,-0.506098,9.635762,-0.310267,0.044517
1.619482,-0.905617,9.006471,-0.061455,0.015528
1.261726,2.214345,6.979237,0.151558,-0.109103
3.285368,0.424517,7.839947,0.177782,0.214802
2.068997,0.323028,11.684851,-0.374934,0.146168
3.306624,-0.889301,8.888217,0.341413,-0.116235
1.128354,-0.720152,11.999198,0.165301,0.10946
2.761607,-0.460143,6.373147,0.220435,-0.114664
0.807122,0.866997,8.129445,0.1603,0.112109
1.785188,-0.771196,8.340206,0.104105,-0.008418
1.776655,-0.175735,7.057374,-0.24928,-0.120936
0.171843,-0.123044,10.970986,-0.142278,-0.134223
1.335074,-0.825384,9.799522,0.031302,0.643543
1.7072,0.132025,11.578722,-0.11808,0.294418
1.56769,0.901725,8.4875,-0.197469,0.051274
0.777334,-0.185913,13.101206,-1.099319,-0.316742
0.237706,0.025447,7.656129,-0.144345,-0.23456
1.378334,0.130978,11.999048,0.152367,0.095375
1.042582,-0.501757,9.07922,-0.010415,-0.014756
3.735632,-0.1443,11.775712,0.149144,-0.298265
2.594106,-0.018112,7.892338,-0.001541,0.0385
0.647404,-0.364642,7.478598,-0.910785,-0.298848
1.435365,0.138612,13.318853,0.303494,-0.340997
0.9619,-0.604892,10.301877,-0.03542,0.014583
1.099015,-0.215103,12.929064,0.049111,0.382993
3.777095,0.001946,11.05556,-0.52665,-0.452393
1.650318,-0.430804,8.34799,0.597879,0.589674
1.40423,0.950673,10.116113,-0.546343,0.047393
3.000361,0.765059,7.9585,0.222176,-0.262718
3.510201,-0.277972,9.907298,0.126306,-0.22651
3.622467,-0.68273,11.079061,0.420177,0.018283
1.324895,0.642464,7.746242,0.091016,0.07598
3.544629,-0.523911,8.587043,0.206907,-0.206078
3.972439,-0.867446,10.283166,0.330805,-0.005406
2.850373,-0.233514,9.075477,-0.086388,-0.056769
4.073329,0.579445,8.749455,0.249576,-0.144239
2.616259,0.046104,9.308992,-0.092922,0.329366
3.819008,-0.479752,9.590556,0.169058,-0.535358
0.730331,-0.119452,7.158564,0.153186,0.118228
1.247206,-0.71147,9.753418,0.23051,-0.372795
0.530497,0.664618,7.981852,-0.06087,0.045846
1.917662,0.383503,7.793394,-0.389378,0.045422
2.542014,-0.525856,8.739426,0.393858,-0.347201
1.836082,0.585732,7.819739,-0.049238,-0.130673
3.024311,0.108524,7.403754,0.176042,-0.079414
1.848057,-1.066083,12.2625,-0.055979,-0.167914
0.154778,0.559387,8.214618,0.072433,0.033982
1.218616,0.890199,7.16979,0.100132,0.001125
1.852997,0.655038,15.615378,0.641224,0.466476
1.108146,0.028291,7.058572,0.189503,-0.124389
0.14924,0.066013,10.023905,0.13853,-0.088275
0.563428,1.27894,12.404854,-0.414272,-0.150308
2.557881,-0.563129,12.002042,0.160729,0.775218
1.281335,1.190774,12.664863,0.018449,-0.01516
1.015937,0.556842,12.654984,0.415606,0.085216
1.65436,-0.805475,9.893975,-0.228566,0.029024
1.773063,-0.963995,9.919123,0.108277,0.167048
2.770888,-0.233963,6.646179,0.170195,-0.029742
2.739453,-0.505798,7.093299,0.10567,0.14243
2.072291,1.032852,10.240654,0.26407,-0.13414
0.154628,0.3847,9.478439,0.032493,0.203171
2.056124,0.689017,8.351433,-0.718924,0.582564
1.960623,0.189656,7.293433,0.552563,-0.170402
4.130211,0.47631,10.553803,-0.969537,-0.529882
0.301623,0.934058,9.786499,0.146076,0.041269
2.937192,-0.441133,7.974218,-0.514105,-0.094706
0.904719,0.832569,7.045399,0.070668,-0.130985
1.557661,-1.695674,11.211535,-0.209044,0.173648
2.150428,0.597857,12.907359,-0.097502,-0.26497
3.006947,0.103285,7.341034,-0.0691,0.225947
2.652185,0.057031,7.90551,-0.181144,-0.243259
2.028132,0.642165,7.864196,-0.432137,-0.034884
0.883912,1.136586,10.233469,0.133521,-0.269942
2.18336,-0.342488,6.881041,0.041877,0.065556
4.066893,-0.664917,8.587043,0.18624,-0.021727
3.036885,0.503703,9.107062,0.181456,0.033048
2.400408,-0.702789,8.526719,0.131177,-0.265351
0.815654,1.412014,12.90676,0.009474,-0.127345
3.04407,0.477956,8.850196,-0.166407,0.041851
3.51993,-0.152233,10.029893,-0.11309,-0.115909
1.209036,0.343536,8.058343,0.231988,-0.206865
3.46739,-0.288899,9.052276,0.012093,0.036705
2.534529,-0.968785,7.086563,-0.343441,0.480601
2.604733,0.036973,9.424851,0.321512,0.701079
4.013604,-0.097447,8.702753,-0.078701,-0.131327
0.021405,-0.353864,11.23354,0.228977,-0.081728
1.958976,0.366139,10.345736,-0.32421,0.02691
2.686014,-1.511557,10.81501,0.182,-0.049135
1.234333,-0.777184,8.596174,-0.139651,-0.061083
2.105671,1.104104,8.603659,0.030693,-0.126066
3.008145,0.022753,12.387041,0.255159,0.036331
2.60638,-0.056732,7.365284,0.300864,0.162217
3.43371,-0.750839,12.77698,-0.056416,-0.338258
3.386109,-0.474962,10.845996,-0.249789,0.380739
2.849774,0.059576,9.235345,-0.171728,-0.0605
1.128054,-0.216899,6.134094,-0.02214,-0.019403
2.958598,-0.753084,10.164164,0.767117,1.347327
3.588488,-0.44233,8.69901,-0.213637,-0.024083
2.215094,-0.808618,9.259595,-0.001789,-0.18567
2.668052,-1.053958,11.701916,0.129448,-0.238324
2.601889,-0.78362,9.943672,0.376984,0.228595
0.886756,1.315315,12.75303,-0.035653,-0.00164
0.604144,-0.594863,9.875564,0.035157,-0.000788
2.343227,0.809517,12.205918,0.011128,0.027325
1.540746,0.339494,9.684112,-0.028184,-0.204851
4.28469,0.362396,9.182655,-0.38716,-0.167828
1.571881,-1.37055,11.161989,0.532546,0.531222
2.242487,-0.196092,7.363937,0.656446,-0.471027
1.895359,-0.758323,9.383537,0.0308,0.156557
3.607798,-0.545316,9.266181,-0.055335,0.359101
2.166295,-0.914448,7.768396,0.149077,0.192346
3.770958,0.4811,11.757301,-0.970171,-0.009258
4.024232,0.165406,11.61345,0.20942,0.050152
3.001409,-1.143023,9.044642,-0.042785,-0.031585
2.091002,-0.544418,9.499995,0.002933,-0.200082
2.095792,0.882415,8.063282,-0.142389,-0.45382
1.670975,-0.601,10.599608,0.140757,0.091954
2.231859,-0.272583,7.129823,0.282847,0.241743
2.68811,3.172952,10.068512,-0.036868,-0.244081
1.63505,1.485511,7.869735,-0.23137,-0.032466
3.275938,0.150287,6.816675,0.20653,0.183772
2.580334,-0.367935,7.059619,-0.008044,0.017552
3.584895,-0.296384,7.17473,0.018795,0.066221
3.964655,-0.958457,10.998229,0.163189,0.718195
2.327959,0.739462,11.931538,0.107877,-0.203689
-0.218246,-0.411195,11.903546,0.226393,-0.090759
1.414409,1.007106,6.638994,0.239319,0.005393
2.79409,-0.080083,6.97295,0.221792,-0.156252
2.564617,-0.18771,6.798263,0.307497,0.184079
0.711171,1.002914,8.342003,0.259427,0.237785
1.807641,-0.662822,9.754465,-0.521668,-0.362871
3.285069,-0.836161,10.998528,-0.023563,0.139907
1.044378,0.122146,12.485836,0.29546,0.338816
3.436703,-1.181343,10.48809,-0.124463,0.517455
2.099833,0.103136,7.423812,0.055792,0.023294
1.599424,0.612676,10.939401,-0.311024,0.298781
2.078578,2.050885,8.517737,-0.061816,-0.053069
1.176104,1.19272,7.266489,0.366767,0.062884
2.905907,0.219294,8.665181,0.19343,-0.251851
0.906515,-0.679736,9.813892,0.103775,-0.32135
3.417094,-0.424368,10.594968,0.074808,0.259014
1.620979,0.257315,6.186785,0.180767,0.176079
1.254391,1.781745,12.09904,-0.036857,0.206202
2.282304,0.622855,9.295071,0.088104,-0.05311
0.284259,-0.160466,10.809621,0.941348,0.659748
3.395838,-1.135988,11.537408,0.154753,-0.147621
3.623215,0.399819,8.336913,0.252014,0.072829
3.784281,-0.298779,10.089169,-0.182756,-0.364092
-0.830174,1.882485,12.728331,0.213602,-0.122192
4.230353,-0.521216,9.262588,-0.075702,-0.159094
3.74147,-0.109273,9.673634,0.146454,-0.223893
3.27489,-0.713117,9.591155,-0.672054,-0.445233
0.786315,0.564027,7.983798,0.246967,0.242865
2.04834,0.468376,10.210417,-0.18785,-0.287565
2.320475,0.107027,6.856492,0.049209,-0.05503
2.880161,0.570913,11.374397,-0.07472,0.44516
1.59164,-0.287103,8.164173,0.001553,0.038721
1.071023,0.990939,11.574531,-0.361037,-0.612185
0.986898,-0.930914,9.661359,-0.219571,-0.413371
1.772913,0.055085,8.067025,0.295927,-0.098158
2.751877,-0.916095,11.63231,-0.362263,0.244061
2.348616,0.200433,6.464457,-0.968177,-0.0598
1.822011,-0.785716,9.71854,0.163651,0.008994
0.761766,-0.621807,6.868018,-0.069938,-0.065284
4.046385,-1.258583,11.167826,0.314972,0.404087
2.924319,-0.035776,8.548274,0.320695,0.169804
1.937421,-0.328267,7.726483,0.031916,0.04404
0.446971,0.456401,8.112979,0.099575,0.122741
3.310067,-0.160616,9.540261,0.191985,0.133999
2.171684,-0.053439,11.433674,-0.175887,0.419183
4.182602,0.146545,9.146879,-0.196901,0.194834
1.38507,-1.231788,10.960807,0.522949,0.533896
1.72651,0.801284,7.271279,-0.232343,-0.422288
1.035846,-0.464035,7.482939,0.006863,-0.005616
1.844764,-0.571362,10.465188,-0.069998,-0.075663
1.142275,0.949176,7.567663,0.051162,-0.225499
2.597399,-0.049098,11.184442,0.38111,-0.198162
1.757196,0.088765,6.66025,0.101413,0.110809
0.891247,-0.611628,10.433004,-0.085246,-0.036415
2.908452,0.240849,8.438253,0.107464,0.340957
1.037942,-0.287851,9.327853,0.185563,-0.229045
2.896776,-0.790806,11.787388,0.713243,0.203908
1.44285,1.242566,12.454102,-0.002629,0.155724
2.462679,0.271086,9.758208,-0.524571,-0.125035
1.735341,-0.601898,9.282198,0.542295,0.27361
2.629133,0.074994,6.801855,0.064722,-0.017957
3.985163,-0.580792,9.479188,-0.137979,-0.425541
3.240162,-0.829725,8.265961,0.120645,0.152099
3.200794,0.238155,11.52184,-0.180829,0.366036
2.947521,-0.220641,8.260422,0.902962,0.544284
1.393153,-0.439785,8.045769,0.059353,0.02933
0.789907,1.448837,9.436826,-0.378511,0.48326
2.1401,0.189805,8.469987,0.050834,0.045089
2.551444,0.048499,8.151,0.258855,0.031218
2.284849,-0.31749,11.408526,-0.261825,0.014669
2.831512,-0.192649,6.392157,0.083168,0.476039
3.498525,0.015418,8.994795,-0.020456,0.230475
3.483107,0.789159,13.79651,-0.156958,-0.170016
0.864452,0.770148,11.161839,-1.131531,-0.315762
1.362766,1.485211,11.114238,0.886513,0.51003
3.752846,0.213755,11.08909,0.331625,0.067161
3.665128,-0.130978,12.014166,-0.029743,-0.169052
3.056943,0.105081,13.12321,-0.066602,-0.414296
3.025658,-0.053139,6.922205,-0.326917,-0.012467
1.320704,0.774639,7.936945,0.044154,0.054389
4.320016,-0.070952,8.47792,-0.05409,-0.353753
1.012345,0.635878,7.723489,0.254048,0.063258
2.425556,0.463436,11.475137,0.152008,-0.18742
3.972439,0.647553,12.337943,-0.32859,0.226751
0.59636,0.313897,12.728331,-0.065202,-0.034251
2.823429,0.40371,6.56864,-0.024407,-0.05772
3.480862,1.210982,10.770702,0.777378,-0.277012
1.754202,0.984203,7.013216,-0.057141,-0.508764
3.697461,0.022603,6.929241,0.20798,-0.03308
3.859724,-0.379162,8.872799,0.154222,0.131755
3.739374,-0.814905,11.19956,0.174291,0.130523
0.539029,0.219743,8.120014,-0.664105,-0.475249
4.031417,1.236279,9.95445,0.302953,0.281644
3.215613,0.111817,9.505982,0.159952,-0.300123
2.891986,-1.479673,11.200758,0.157719,-0.220137
1.644331,0.618514,8.621472,-0.104794,0.147777
2.772235,0.569266,8.58869,-0.358937,0.265883
2.255959,-0.378563,7.100934,-0.252017,-0.037972
1.875749,-0.232916,8.628956,-0.069059,0.491691
3.363506,0.007335,6.274502,0.227954,0.199915
0.370929,1.261427,7.028484,-0.37493,-0.160935
1.551823,-0.691412,8.486452,-0.035882,-0.07434
3.242407,0.466729,7.052883,-0.004821,-0.275615
2.19294,-0.427511,12.592713,-0.212677,0.259738
0.588277,-0.796344,10.873538,-0.072723,-0.36579
0.702639,-0.921484,17.591568,0.152947,-0.21712
3.181334,-0.257315,11.452834,-0.159627,0.43175
1.892514,0.267943,7.412286,0.018625,-0.393193
1.310375,0.30282,13.030403,-0.070242,-0.171324
0.353265,0.327519,6.856192,-0.326688,0.156733
0.059426,1.026416,9.688453,0.352879,0.039638
4.504283,-0.205223,10.831775,0.114601,-0.34653
2.936593,-0.838257,8.918155,0.01284,-0.233084
1.606759,-0.426164,7.144343,-0.206734,0.000931
1.964066,1.09662,9.596394,0.301781,-0.256422
3.314557,0.414338,7.638765,0.247927,0.038384
2.421065,0.114662,10.469079,0.072236,0.035132
1.710643,-0.01901,9.019644,-0.141646,0.033515
0.891247,-0.245789,11.113938,-0.452914,0.068796
2.032174,-0.171244,7.798034,0.092417,-0.262649
1.992207,-0.888702,10.265652,0.179558,0.169901
3.374283,0.243693,9.975406,0.15313,-0.131029
0.878972,-1.141227,10.64661,0.100679,0.261508
3.414849,0.486488,9.103769,0.5667,0.026631
4.360133,-0.005988,10.141411,-0.436717,-0.488654
2.462978,-0.491428,7.475006,0.202838,-0.17223
3.979026,-0.281714,8.985814,0.166103,-0.011573
2.320175,-0.269589,9.06964,0.152322,0.0854
1.329984,-1.082249,7.307654,-0.098236,-0.489834
3.210224,0.013921,7.959997,0.019347,0.253498
3.103347,-0.44233,7.385492,-0.452383,0.12728
1.730851,0.025896,7.434141,0.146022,-0.037757
2.459984,-0.587079,6.445896,0.145353,-0.295663
1.81767,0.99543,10.991643,0.503714,-0.11786
1.348695,-1.153501,8.462053,0.181974,-0.002708
3.028802,-0.339644,8.225695,0.076341,-0.073854
1.492846,1.391656,8.977731,0.687208,-0.161522
-0.162861,1.914668,8.672665,0.101785,-0.065534
1.467099,1.96661,9.789044,-0.226273,-0.203184
2.345622,-0.020507,9.355545,-0.132991,0.15736
3.204985,1.948797,12.042009,0.146051,0.535488
3.18837,0.483644,12.947775,-0.314707,0.231665
2.523303,-0.094154,7.924072,-0.014598,-0.304164
3.338358,0.304317,12.15203,0.024056,-0.628172
1.858835,0.251178,8.091873,0.146769,-0.101128
1.195264,1.401086,11.026071,-0.237385,0.085087
1.831142,-0.844544,11.509566,-0.080093,0.050551
3.1255,0.141306,6.931037,-0.22344,0.101526
3.27459,0.579445,8.696166,-0.061853,-0.004098
1.607657,1.08689,13.643229,-0.046299,0.584008
1.89491,-0.526755,9.660311,0.140421,-0.010508
1.969454,0.844394,9.0885,-0.53064,-0.206
2.362088,1.164129,8.678503,0.073114,-0.334142
1.598975,-1.318309,9.422905,0.36254,0.22345
2.988086,0.110021,12.161161,0.026897,-0.213462
2.116299,0.176184,11.879596,0.166613,0.037503
2.294129,-0.632435,9.298214,0.186645,0.138055
2.051634,0.06242,6.851552,-0.749336,-0.255287
1.372496,-0.048499,7.579788,0.055641,-0.013769
3.867657,-1.456771,11.04104,0.01111,0.41941
3.369942,0.154928,6.775959,0.11477,-0.034145
3.12116,-0.120799,9.510772,0.048491,0.034205
1.468596,0.502355,6.546636,0.076548,-0.244645
1.784888,-0.450563,9.524095,-0.71338,0.041977
0.933459,0.278271,6.869964,-0.043362,-0.361979
3.20244,0.966091,13.534106,-0.094895,0.206876
1.321452,0.128882,11.031011,0.05137,0.231477
1.805695,0.299677,7.705676,-0.007763,-0.039132
1.827101,-0.126936,11.78155,0.211867,0.203109
-0.080533,0.810265,9.821676,0.041421,-0.195981
2.756218,-0.311652,7.211553,-0.023939,0.101645
3.517386,-0.431104,7.12174,-0.173841,-0.45158
1.449586,1.64957,9.327853,-0.039138,-0.033572
3.134482,0.474962,8.512348,-0.232887,-0.142394
2.165696,0.242496,6.878945,-0.180789,0.100662
2.046395,-0.114512,6.951993,0.628774,-0.011342
1.640888,1.599574,9.840686,0.115943,0.24747
4.527485,-0.104183,11.404784,0.15876,-0.142301
1.672921,0.790656,6.213579,-0.087536,-0.113647
1.597478,-0.106578,6.860384,-0.466823,0.117386
3.732788,-0.906665,9.190289,0.295825,0.208891
0.916993,1.075364,7.843539,-0.096515,-0.157966
3.439398,-0.949026,12.137061,0.097843,0.009781
2.623744,-0.464035,7.695048,-0.144227,0.14576
1.947301,0.438139,8.459359,-0.363295,-0.196523
1.000519,-0.836461,8.652307,-0.323856,0.012657
3.220852,-0.371827,11.892619,-0.245166,-0.043084
2.26015,0.167502,6.477929,0.032304,0.237057
0.049098,1.402434,9.801318,0.222583,0.171417
2.95755,0.487087,7.175329,-0.015639,0.044552
2.044149,-0.367935,7.329508,-0.390276,0.088617
2.280657,-0.063318,13.683794,0.015416,0.109193
1.241369,-0.530796,9.948761,0.041918,-0.008499
1.627116,0.223336,10.616972,-0.201924,-0.23101
4.611011,-1.003962,9.519754,-0.08594,0.366662
3.730093,-0.092807,8.10295,-0.372214,-0.092292
2.821034,-0.252375,8.107291,0.144085,-0.277268
2.594405,1.107397,9.005273,-0.162879,0.346562
1.944007,0.282014,8.487201,0.049448,-0.241665
1.164129,0.527653,6.274352,-0.060145,-0.052829
0.615221,-0.015268,11.010803,0.064896,-0.152849
2.448009,1.266666,13.880785,0.174924,-0.225242
2.818489,1.581611,13.388009,-0.322366,0.390015
1.437161,-0.879721,9.692644,0.40772,0.024164
1.276246,-0.256566,10.056986,0.239672,-0.130646
3.076403,-0.565524,11.85864,0.104904,-0.104251
3.969895,-0.448018,8.928034,0.105341,0.075371
3.03434,-0.439486,9.802965,0.722498,-0.147198
2.980602,1.233734,12.268937,-0.039007,-0.123111
1.201402,0.979264,12.656181,-0.206735,-0.536183
0.657133,0.493075,11.9739,-0.11205,-0.399271
2.346221,-0.330213,6.99705,0.202842,0.133055
2.432142,-0.244591,6.504723,-0.18096,-0.062387
2.706372,-0.126936,5.754933,0.122622,-0.253944
2.164349,-0.755479,9.884994,-0.365349,0.087647
1.78414,-0.780776,9.734258,-0.01254,-0.003441
2.400857,0.29339,6.893166,0.142575,0.470831
3.248545,-0.121847,8.311317,0.147995,0.168274
1.900598,-0.530497,6.985524,0.0216,0.275563
0.703088,-0.161215,11.884087,0.022444,-0.010988
3.138673,-0.550256,8.29994,0.058956,-0.245947
1.381028,-0.109872,10.918744,-0.028344,-0.003261
1.526675,0.609233,6.588998,-0.325048,-0.243495
-0.358654,0.020657,12.591516,0.138707,0.049589
1.636397,0.717907,9.124276,-0.361439,0.273985
3.433111,1.111588,11.216924,0.053188,0.147207
3.189867,0.240101,11.042836,-0.02449,-0.219029
3.304977,-0.012574,8.662037,0.00709,0.226171
1.48596,-0.613574,9.455238,0.224109,0.30538
1.431922,-0.656684,15.208524,-0.076675,0.341813
2.115251,-0.065264,9.78096,0.339444,0.107933
-0.145048,-0.377216,12.216695,-0.195546,0.005369
1.280288,-0.24534,7.003187,0.30673,-0.094569
2.745141,-0.00479,5.771847,0.187957,0.055509
1.200354,0.385448,9.351354,0.438274,0.207804
3.499573,0.82718,11.154953,-0.009606,-0.256021
0.28845,1.650917,7.388336,0.11679,0.023308
1.040037,0.955164,9.11769,0.250652,0.075787
2.05343,1.00022,6.353987,0.329914,-0.348675
1.451382,1.190325,6.91517,0.137693,0.045862
3.571872,-0.209564,10.256971,0.159246,-0.084921
1.500929,0.108674,12.706177,0.29978,0.160253
1.629661,0.016166,9.660311,-0.00919,0.134395
3.637885,-0.224683,8.183632,0.311822,-0.068226
1.946103,1.480421,9.644893,0.038927,0.027357
0.680036,-0.419428,11.979139,0.036508,0.013285
1.23583,-0.591869,10.006242,0.055772,-0.00066
1.14931,-0.218096,7.946974,0.210576,-0.185856
2.26988,-1.292562,11.013497,0.178418,0.087645
1.926494,0.846041,10.25233,0.080274,0.01705
2.599345,-0.196541,10.258617,0.001922,-0.181235
1.895658,0.382904,10.171648,0.095375,-0.239583
3.514392,-0.001647,8.583451,0.064824,0.101981
1.380429,0.489931,8.46355,-0.096847,0.00395
1.592538,0.536784,6.774911,-0.002551,-0.122309
2.480192,0.78377,6.52538,-0.481223,0.196865
3.257526,0.377515,13.76268,-0.550339,0.035861
3.765719,-0.47601,11.638747,0.176576,0.113206
2.791994,-0.550555,7.828121,-0.041361,-0.053215
2.180067,-0.760568,12.569661,-0.007539,-0.029199
3.790268,-0.22618,9.288934,0.166348,-0.18496
2.26015,0.065713,7.226373,0.340091,0.104357
0.936752,0.526006,8.864117,-0.079964,-0.15409
1.238524,0.898581,7.069499,-0.182784,0.128644
4.309838,0.718955,10.031539,-0.438438,-0.495565
0.949026,0.604293,7.923772,0.138235,0.275352
3.20768,0.635728,13.221855,-0.462727,-0.303936
2.452051,0.124242,6.508765,-0.0078,0.227033
3.946393,-0.1922,11.107951,0.024532,0.33148
1.831142,0.507744,8.168064,0.146006,0.181651
1.931733,-1.037043,10.726245,0.205703,0.599788
2.38499,0.243094,6.327642,-0.550071,0.057788
2.333947,-0.885858,9.323811,-0.530528,-0.032695
1.909729,-1.308279,9.703422,0.120608,0.179133
0.738265,0.964444,10.193353,0.083602,-0.152642
0.964893,-0.705034,11.9498,0.095786,-0.14096
2.444117,1.21667,8.203092,0.258878,-0.061353
2.482737,0.435594,10.884166,-0.038642,0.047484
0.097148,-0.284109,14.238541,0.051523,0.082877
1.084345,0.154179,7.138805,-0.166291,0.011032
0.76476,0.088616,9.10811,-0.17972,0.107487
1.329685,-0.56268,8.173304,-0.239022,0.02771
3.146906,-0.367037,8.542286,0.118472,0.200346
1.850153,0.496967,7.125482,0.129216,-0.096781
-0.668959,-1.02432,11.662398,-0.110557,-0.029245
2.186353,1.732048,10.720257,-0.009893,0.174632
2.565515,-0.463736,7.882159,-0.102938,-0.055345
0.131127,0.020058,11.313174,-0.010404,-0.002838
3.244653,0.426014,10.493928,-0.732711,0.212252
0.757874,0.426014,7.430698,0.262516,-0.061349
3.828139,-0.800086,8.217611,-0.02902,-0.021538
2.549498,-0.925974,9.219179,-0.045632,-0.080053
4.238286,0.121847,11.278746,-0.409483,-0.399007
0.93286,0.032033,11.152558,-0.008778,0.01909
1.62562,0.164957,7.036118,0.384959,0.069234
1.186882,0.186512,6.844966,0.476629,-0.307535
1.744472,1.274599,8.794512,9.5e-05,-0.158736
1.054856,0.494572,7.327113,0.295495,-0.136569
2.171085,-0.479603,8.169112,-0.01116,0.009053
4.248914,-0.826132,10.551109,-0.011081,0.134875
3.025059,-0.017813,8.405171,0.284898,-0.112479
3.166815,1.157842,10.578801,0.063134,-0.057122
1.032553,-0.304018,11.178155,-0.246013,-0.119243
2.541415,0.996478,9.806407,0.044893,-0.066661
2.446063,0.225581,10.799892,0.008795,-0.099212
3.651058,-0.879421,11.04089,0.029129,-0.028045
2.761757,0.179926,7.676187,-0.728165,-0.193901
1.828897,-0.578996,7.474257,-0.04849,0.268467
-0.042661,-1.957779,12.18092,-0.026951,0.016827
1.549727,-0.729283,11.772719,-0.461102,-0.095152
4.228557,0.192799,9.578881,-1.131835,-0.37815
1.748664,-0.680485,9.365574,0.248497,0.288484
0.998873,-0.512983,13.633649,0.292367,0.050035
2.110312,0.151335,8.083341,0.86948,-0.213697
2.796485,-0.707579,12.289594,-0.650828,0.338165
3.622467,-0.68273,11.079061,-0.869422,-0.027631
1.485511,0.170346,12.444671,0.060141,0.170436
0.143102,1.40408,8.522228,-0.235441,0.178753
2.063908,-0.090412,6.697373,0.060718,0.031095
3.27489,0.263003,5.680986,0.42356,0.121693
0.922981,-0.659079,10.377021,0.199102,0.082101
-0.191452,-1.724564,11.817026,-0.067877,0.012277
1.803001,1.099164,6.183342,-0.040934,0.331445
4.803661,0.882565,12.506642,0.023536,0.015736
2.705025,-0.020956,8.497829,0.148923,-0.301813
1.838477,-0.780627,12.150233,0.417313,0.030297
3.640879,0.020657,7.965835,-0.267875,-0.060976
2.171684,0.300276,8.60321,-0.314673,0.133245
1.092279,0.962798,9.235345,0.243376,0.007352
3.385809,-0.666115,11.284135,-0.058593,-0.10385
2.781815,0.693658,8.365654,0.169359,0.175153
2.340383,0.657732,14.904506,-0.452397,-0.235835
1.938319,-0.305365,8.393047,-0.255321,-0.103735
2.864593,-0.051792,6.218818,0.115889,-0.055832
1.463207,1.480571,10.995684,0.217773,-0.416078
1.372945,-1.042283,11.001672,-0.109157,0.757748
3.249293,-0.188458,10.581196,0.23024,-0.217612
3.520379,-0.428559,9.700278,0.292054,-0.405184
1.170117,-0.720452,9.044492,-0.652571,0.269175
0.974324,0.188608,7.350614,-0.112876,-0.336838
2.160008,-0.227227,8.416398,0.023154,0.100196
3.179987,0.285606,9.017847,-0.092815,0.106335
0.161963,-0.574056,11.542497,-0.016901,-0.038824
0.791404,0.657133,7.258107,-0.328779,0.469012
-0.48095,0.189805,11.629167,-0.026744,-0.060238
3.985312,-0.412392,9.352701,0.150395,-0.155977
4.211193,-0.558638,10.580448,0.170765,-0.097883
3.107987,-0.486039,8.741672,0.306246,0.234083
3.569178,0.075892,11.307935,0.229869,0.073838
0.667911,1.848805,13.278587,-0.124007,0.010928
2.093247,0.883163,9.536818,0.123103,-0.005942
1.572929,-0.368384,10.563683,0.321117,0.228996
1.851949,0.522863,9.056168,0.353524,0.186731
1.653611,0.207319,6.922355,0.072776,-0.045963
3.796705,-0.454455,11.33443,-0.003536,0.255132
2.047293,0.109872,7.005432,-0.149292,-0.097204
2.170636,0.317939,9.359587,0.254165,-0.00985
0.353714,0.354613,10.635084,0.022057,0.043196
2.169888,0.017214,8.548274,-0.012061,0.433893
2.500849,-0.146096,7.71825,0.013661,0.036479
1.042133,0.353415,8.925489,0.264736,0.005091
2.36119,-0.561782,6.522237,0.227214,-0.318448
1.844913,0.036374,6.826853,0.033416,-0.019801
3.633095,-0.588726,8.431966,0.106439,-0.320744
3.080594,0.114212,9.145083,0.191153,-0.189904
2.524949,-1.138383,10.486144,0.808597,0.44206
1.742826,1.984124,8.465197,-0.0355,0.1675
1.033002,0.377515,10.451865,-0.179656,-0.342764
1.155298,-0.953517,10.438693,-0.02626,-0.023201
2.446662,-0.237107,6.949748,0.518808,-0.389723
4.227659,-0.108973,11.492651,0.188783,0.066793
3.220104,0.400567,11.6615,0.143026,-0.285962
1.27415,0.098495,11.62752,0.330654,0.057198
1.446442,0.138312,9.178463,0.13636,0.185751
2.083218,0.319735,8.071216,0.038106,0.07524
1.800306,0.030686,8.153994,0.836872,-0.448661
2.558031,-0.56253,6.14577,-0.478938,0.160224
2.054328,0.443378,6.6122,-0.453341,-0.433744
1.686842,-0.603994,7.669002,-0.282044,0.152655
2.259252,-0.271835,11.452983,0.085985,0.063036
1.252895,-0.714764,13.736635,0.333159,0.172854
3.799399,-0.426313,10.766361,0.021014,-0.380449
0.967139,-0.580193,14.130466,-0.251229,-0.054488
3.099904,0.175884,7.092102,0.248083,-0.029637
2.373913,-0.655786,12.016711,-0.321678,-0.078505
2.196981,0.255968,7.164252,0.03811,-0.059646
1.570534,-0.608185,13.189971,0.006584,0.315843
4.434379,-0.176483,8.624166,0.246745,0.131575
2.768643,-0.319436,5.5542,0.074113,-0.151799
1.893562,-0.279619,10.557845,0.149036,-0.230615
2.909051,1.29825,7.669152,0.030834,0.136834
2.101779,0.063917,8.747809,-0.081367,-0.012231
2.184707,-0.441282,10.234966,0.049587,-0.037583
3.455115,0.181572,8.042625,-0.377574,-0.343343
1.71693,-0.859213,8.092322,0.001102,0.008086
2.53917,-0.149689,8.98761,-0.263226,-0.044574
1.883982,-0.589324,12.158167,-0.008925,-0.014928
2.735861,0.425565,8.418494,-0.453844,0.071599
2.820435,-0.19714,9.212592,0.073506,-0.107026
3.022814,-0.303419,7.234306,-0.142117,-0.404388
0.055684,1.85599,10.625953,0.339919,-0.187018
3.011587,-0.087119,6.571784,0.195193,0.071358
1.312022,-0.636776,9.624835,-0.190487,0.104038
3.198698,0.499212,9.264983,0.542068,0.137472
2.015858,0.069007,6.550528,-0.029514,0.034258
2.514621,-0.001048,11.193723,-0.285287,0.253228
1.066083,0.516725,7.163054,0.236195,-0.018564
1.959425,-0.718356,9.573192,0.132326,-0.333928
1.512155,-0.501158,9.869277,-0.077018,0.059932
3.720214,0.075742,12.295581,0.30591,-0.022858
4.398453,-1.505419,11.06978,0.198341,-0.236568
3.429967,0.584085,10.490934,0.023951,0.075895
0.812061,0.405507,10.375075,0.49387,-0.266597
1.415457,1.259032,12.711267,0.233784,0.500126
0.205373,1.246757,9.039103,0.246725,-0.120849
3.246599,0.113314,8.156538,0.244272,-0.345419
3.390599,-0.847687,11.48367,0.215864,0.040739
1.927093,0.410446,10.380164,-0.255629,0.416184
3.455414,-0.326471,8.783285,-0.610873,0.117945
1.835483,0.315394,8.990454,-0.026009,0.070868
2.306553,-0.105231,6.911877,-0.743121,0.156458
2.26973,0.249381,8.172705,-0.263936,-0.074656
1.112038,1.064137,7.68921,-0.025074,-0.128228
2.557432,-0.181273,6.77581,-0.092727,-0.251099
1.911226,1.141077,10.150093,0.04528,-0.267406
2.431544,1.514251,12.359498,-0.255824,-0.350397
0.810864,0.73557,10.503658,0.297798,-0.074111
3.33267,-0.480052,9.773925,0.027703,-0.258782
1.867067,-1.569935,7.661667,0.718285,0.149298
1.224603,1.323398,9.946366,0.198172,-0.412242
2.332899,-0.015268,13.032648,0.044348,-0.248027
1.929188,0.759371,7.497309,-0.800671,-0.120806
3.082091,-0.315694,5.483697,-0.107621,-0.022227
1.775308,0.465831,13.665832,0.194612,0.28038
0.482297,0.510588,12.157269,0.048502,-0.144202
3.277584,0.013023,7.489226,-0.035133,-0.275057
1.735042,-0.061372,9.837692,0.085877,-0.018001
1.379382,0.519719,8.342302,-0.183352,-0.09062
2.31763,-0.460592,8.48286,0.678226,-0.57106
2.975512,0.058977,11.468701,0.446391,-0.126585
2.122736,-0.212558,10.464589,0.457872,-0.226401
3.182233,0.490231,6.498436,0.197342,-0.153282
1.233285,1.526376,9.349108,0.263718,-0.035271
3.678301,-1.032702,12.509486,0.143211,-0.047998
0.278421,1.419498,13.257182,0.087301,-0.371557
1.05291,0.72135,11.179801,0.245318,0.125662
2.863096,-1.036594,11.526031,0.118969,-0.230264
2.696343,0.169298,6.940767,-0.412445,-0.160143
2.122287,0.401765,10.844199,-0.538014,0.191625
3.548521,0.453257,9.660311,0.298135,0.075997
1.654809,1.010249,8.085436,-0.068378,0.365677
2.276316,-0.044757,7.31903,-0.138998,-0.131428
2.395918,-1.482218,8.931178,-0.122595,-0.090593
1.86093,0.809966,8.923244,0.160516,-0.211406
1.943109,0.209415,12.915442,-0.814754,-0.448465
2.870431,-0.184417,6.921307,-0.104802,-0.024071
3.243605,0.313149,7.17952,-0.027873,0.056611
1.318758,0.920586,8.678802,0.048086,0.023549
-0.62046,-0.390987,9.199719,0.210483,-0.351324
0.940644,0.28366,6.423293,0.168905,-0.055979
2.672991,0.887355,11.827355,0.068371,-0.101929
2.20222,0.103585,7.589518,0.450333,-0.432092
2.767894,0.4811,8.774603,0.244052,0.413813
1.579964,-0.68782,12.470418,-0.218797,0.163799
1.905088,-0.236808,6.938671,0.117048,0.06567
1.840872,-0.422122,8.766819,-0.027399,0.004827
2.654729,-0.297282,13.55596,0.064145,0.207678
2.026935,-1.167273,9.538165,0.508115,0.361437
1.316812,-0.500409,9.630374,-0.20152,-0.000858
2.37556,-0.291444,7.081175,0.074186,0.107714
2.81774,0.292043,10.655891,-0.811095,-0.446989
2.55354,-0.108973,9.157357,0.272091,-0.014303
2.300267,-0.574805,9.693692,0.035087,0.270945
1.970951,-0.565524,8.729996,0.206524,0.213297
2.01481,1.115331,9.927955,0.270945,0.183607
2.346221,-1.26457,9.432635,-0.076756,-0.395406
3.090773,0.137414,12.354858,-0.431703,0.291677
1.289568,1.709595,13.584401,0.12785,-0.075386
1.977987,1.410367,9.768536,0.345234,0.024778
1.840123,-0.811163,9.494007,0.077191,-0.25493
2.592758,0.34608,11.147768,-0.002302,-0.26445
2.214944,0.630489,13.551021,0.059319,0.278346
3.35183,-0.459694,9.116792,-0.064485,0.101197
1.826502,-0.405357,14.034665,-0.306908,0.184705
1.407373,-0.636626,9.435479,0.093804,0.056207
1.872307,-0.335003,8.172854,-0.517374,-0.299054
1.11563,-0.290097,7.444469,0.14875,-0.099337
1.871708,-0.23546,7.205865,0.251571,0.144466
1.977837,0.064067,7.418423,-0.115401,0.247385
3.004552,-0.940644,8.247849,-0.120282,-0.045399
1.689836,-0.782722,9.022637,-0.00422,-0.020114
3.041076,-1.531615,11.880794,-0.129187,-0.092134
-0.353415,0.6492,10.663974,0.165052,0.013807
0.350421,0.325723,13.394596,0.370184,-0.088531
0.666714,0.537532,6.714138,-0.180684,-0.138106
1.430276,0.026345,13.61868,-0.270466,-0.435582
1.765578,0.39413,13.833483,-0.041901,-0.23338
4.190835,0.074246,11.94501,0.070678,0.532471
1.262026,0.006287,6.86682,0.058106,-0.015307
2.042952,-0.99064,8.952882,-0.240506,0.169991
2.768194,1.519191,8.834329,-0.835463,-0.379736
3.348986,-0.347128,10.310858,0.20015,0.062566
3.710035,0.168849,11.985726,0.17866,0.175839
2.353556,0.094603,6.580466,-0.100936,0.033636
2.440226,0.833018,7.166797,0.026303,-0.029554
1.301843,-0.500409,11.251203,0.048336,0.221124
1.177601,0.414189,6.407426,0.078632,-0.220089
3.369643,0.145797,8.57881,-0.131257,0.165828
2.683021,-0.119601,8.215366,0.065407,0.006006
2.892884,-0.188009,11.101814,0.593604,-0.032367
1.74537,-0.904719,9.025481,-0.69382,0.051912
0.868494,0.258063,10.954819,-0.641879,-0.035043
3.19286,-0.243244,11.329341,0.162971,-0.107758
4.100273,0.210013,7.795639,-0.273717,0.179265
0.706381,0.689915,7.158863,-0.201809,-0.02526
1.037493,-0.189207,12.932806,0.569396,-0.308081
2.699337,-0.17319,7.455546,0.11656,0.209822
2.585124,-0.906365,9.320219,-0.097753,0.572092
3.413352,-0.479902,11.841875,0.100637,-0.275123
3.949836,-0.150287,7.697742,-0.1548,0.027604
3.12101,-0.929417,11.085198,0.306025,-0.061702
1.638792,-0.651894,7.916438,-0.528512,-0.207959
3.2942,1.233585,11.091485,0.600374,0.401608
2.227069,-0.425266,9.968969,-0.316945,-0.018635
1.094075,-1.834884,13.559852,-0.141156,-0.244171
2.045496,1.394799,8.885972,0.255932,0.08826
1.915417,0.049098,6.982829,0.024937,0.05852
3.362308,-0.314197,8.865913,-1.470421,-0.152461
3.723357,0.162263,12.215947,0.006518,0.026545
2.096989,0.027992,9.457932,0.333817,-0.310064
1.505569,-0.289199,6.772816,0.01208,-0.348824
2.89483,-0.27902,8.27135,-0.078315,-0.143568
2.424957,0.32228,6.270011,-0.2446,0.135736
0.585283,0.031435,12.69989,-0.061559,0.050706
2.878813,-0.267344,6.739136,-0.661613,0.145041
2.994373,-0.154928,7.34298,0.047905,0.175225
2.295626,1.910926,9.383687,0.320332,0.075685
2.883154,-0.033231,7.018904,-0.287968,-0.087644
0.376467,0.346829,7.599547,-0.347667,0.221277
1.164429,0.65878,6.780899,-0.378225,-0.319255
2.45235,0.540975,7.917336,0.176854,0.131858
1.453028,-0.888552,7.605684,0.073283,-0.069422
0.624651,-0.100441,13.159435,0.330652,-0.150531
-0.572559,1.802103,7.924671,0.204126,0.129906
2.580933,0.121697,6.365213,-0.184938,-0.10108
4.155509,0.650098,10.3872,0.044377,-0.20954
1.725761,-0.760568,9.289981,0.328873,0.106405
2.709066,-0.386347,6.981183,-0.002551,0.149842
2.065854,1.463507,8.775052,-0.588474,-0.032907
3.239863,-0.28875,9.263486,0.076555,-0.451979
0.853226,0.429008,11.803554,-0.268709,0.267878
2.761607,-0.484991,11.229199,-0.358989,0.361371
2.580334,0.083975,9.205856,0.155671,-0.363324
2.088457,-0.868793,12.778926,0.07146,-0.324161
3.705844,-0.652643,10.753787,0.180981,0.394748
3.657345,0.343236,8.160131,0.201465,-0.165269
1.526376,-0.703088,9.835896,0.010292,0.023829
1.205294,0.138013,8.659942,-0.106004,-0.398778
0.721649,-0.06736,10.029144,0.25446,0.072145
1.503623,1.393901,8.586744,-0.614728,-0.245377
2.464475,0.756676,12.465927,-0.235219,0.340413
2.920277,-1.863475,12.89703,0.130968,0.096613
3.079696,-0.386496,10.559042,-0.536188,0.302272
3.373535,-0.62974,11.33443,0.464052,0.102784
1.671873,1.470392,8.964109,-0.442301,0.244098
3.426525,0.253423,8.002359,-0.033951,0.191657
2.30356,-0.828826,11.531869,0.078606,-0.089008
2.855612,1.383423,13.336217,-0.073607,-0.192957
0.733624,-0.558189,12.372821,0.008599,-0.180697
-0.743055,-1.283281,11.740236,-0.182065,0.235492
2.282603,0.331561,6.906787,0.037578,0.093998
4.270769,0.210462,7.673792,-0.239785,0.286216
2.609374,-0.369581,6.292764,-0.020311,-0.113307
3.040926,0.4088,8.010442,0.052656,0.029315
1.148562,0.777034,11.134745,-0.640062,0.379696
2.042054,0.340841,7.604786,-0.22346,-0.064846
1.752256,-1.140329,10.685978,-0.13679,0.242605
3.608247,-0.507594,11.875255,0.049647,-0.1502
2.609823,-0.891247,7.376361,-0.063697,-0.065356
0.600701,-0.704585,12.982353,0.79209,0.211028
0.815504,0.297731,7.998916,0.003282,0.001064
1.518742,0.963247,7.70388,0.134791,-0.009685
2.24069,0.047451,7.070846,0.212211,-0.14605
3.081342,-0.186512,10.867701,0.070721,-0.059024
3.091821,0.017514,7.741751,0.22383,0.699475
2.19743,-1.127755,9.836944,0.064863,-0.144979
2.105971,-0.524659,9.616902,-0.409151,0.226414
1.569935,-0.278271,9.764644,-0.176363,-0.094457
2.495012,-1.017734,7.013964,0.014323,0.018703
1.580414,0.23097,11.125165,-0.118826,0.225774
2.258952,-0.373324,9.316626,-0.227225,0.004567
2.228865,-0.39413,8.26656,0.0252,0.014783
2.627935,0.059426,6.396349,0.148698,0.075686
3.068768,-0.385448,7.095395,0.197111,0.106378
-0.006886,0.926573,11.864328,0.174572,-0.060518
1.295406,0.297132,7.491621,-0.188416,0.116415
2.110611,-0.026196,7.264693,-1.007378,-0.433424
1.811533,-0.744252,9.439969,0.03998,0.213556
3.229235,-0.877775,11.109597,0.094128,0.440185
1.415457,1.66364,7.670649,-0.345604,0.168244
3.311863,-0.092657,8.555309,-0.027425,-0.448902
1.561852,0.292342,8.315807,-0.267617,-0.150521
-0.70204,0.445623,13.98901,0.31707,-0.027718
3.949986,0.180375,10.218351,-0.105371,-0.0934
2.48139,-0.094454,9.755962,0.058268,0.07626
1.201252,-1.537153,11.229199,-0.08142,-0.050816
1.837579,0.62974,6.576873,-0.135467,0.00982
2.119143,0.345182,13.354779,0.113453,0.053161
1.532813,-0.030387,8.661588,0.296032,0.012555
4.34741,-0.75009,10.688523,0.084131,-0.28233
3.133135,0.062121,6.644682,-0.015428,-0.136966
2.53902,-0.235011,8.908275,-0.063602,0.111832
1.708098,0.578397,7.419172,-0.16688,0.110869
4.446354,-0.354613,11.769575,-0.001259,0.405203
2.883604,-0.393083,11.411669,-0.220852,0.115546
2.54381,0.520767,13.938415,-0.026622,0.235973
2.237547,-0.097896,6.72252,0.620719,0.072125
3.760929,-0.451461,7.343729,0.096713,-0.282199
2.593058,0.09625,7.904014,0.032762,-0.052648
1.935475,-1.1541,9.091344,0.145853,-0.077118
1.296454,-0.63947,9.729467,-0.140875,-0.016719
2.326312,0.086969,7.310049,0.161255,-0.101568
3.5343,0.352816,7.503147,0.207576,-0.055072
1.187481,0.436792,9.27606,-0.021439,-0.04073
1.975741,-0.80323,8.770112,-0.249892,0.372916
3.041675,-0.455952,7.16021,-0.044153,-0.390673
3.161575,-0.085921,7.64101,0.18421,-0.123518
1.074765,-0.56268,9.841285,-0.323371,0.395279
0.48589,0.497565,8.409063,-0.166414,-0.197165
1.127306,0.15373,12.075239,-0.254118,-0.041338
3.800447,-0.763862,12.046649,-0.088001,0.238775
1.850003,-1.637445,8.603808,-0.021147,0.018265
3.222948,-0.82733,9.070837,-0.089641,-0.15066
1.157094,0.505648,7.12683,0.181429,-0.064911
1.541195,-0.481998,8.332572,-0.186006,-0.076261
1.156495,0.055235,6.813831,0.132145,0.102051
1.280737,-0.257165,11.701467,0.327847,-0.199624
3.696264,-1.006956,11.320659,0.096998,0.059337
2.169888,-0.672252,12.64226,-0.113201,0.351779
3.681295,-1.1541,11.708053,0.372217,0.374373
5.781727,-0.355211,9.558822,0.240357,0.281866
2.150728,1.464854,12.322076,0.069931,-0.723944
1.992057,-0.847538,8.23258,-0.163787,-0.001531
4.167484,-0.695454,11.335029,-0.569281,-0.59775
2.188,0.615819,7.457043,-0.116036,-0.6962
1.750909,-0.974174,7.194788,0.389177,-0.148352
2.160906,0.800386,11.159893,-0.067117,-0.002158
1.407074,0.8658,11.510614,0.153577,-0.164469
3.10155,-1.101709,12.161759,0.015085,-0.628962
-0.023651,-0.15403,10.240954,0.105788,-0.0994
0.979713,0.485441,6.855444,0.08793,0.185085
-1.091231,0.644111,13.400583,0.342469,-0.116511
1.078358,0.163011,12.622352,0.574972,-0.361361
2.630031,0.997226,12.375365,-0.149987,-0.032149
1.393752,-0.041763,12.10398,-0.051579,0.323875
0.248334,-0.555794,12.583283,0.836492,-0.458145
2.29368,0.145797,11.175311,-0.33206,0.061026
0.318538,1.138832,7.267986,-0.047713,-0.279703
0.481249,0.696053,9.665999,-0.097017,0.386379
1.906436,2.047742,9.176966,0.354139,0.058123
2.274071,0.251627,11.439212,-0.508093,0.347705
1.842369,2.610571,5.58324,0.033007,-0.086858
3.000959,-0.246088,9.580078,-0.115812,0.088258
0.642464,1.772913,10.944641,-0.107647,-0.139676
1.638493,-0.900827,9.316925,0.15931,-0.087442
3.058889,0.006437,7.132817,-0.038846,-0.24901
3.539989,-0.443977,9.044342,-0.04247,-0.142297
1.248404,-0.203427,12.007879,0.270153,0.032201
1.069227,-0.813708,9.674681,0.097206,0.102524
2.274969,-0.299976,8.855136,0.66524,-0.364572
1.791624,0.534838,7.615863,0.487626,-0.163745
2.073488,-0.179177,7.155271,-0.336719,-0.546546
1.999841,-0.278421,6.966513,-0.876807,0.085145
2.195185,-0.622555,7.823032,0.137076,-0.090375
2.445914,0.810265,10.800939,0.089504,-0.061838
3.05365,0.422422,5.174589,0.439141,-0.106458
4.599934,-0.716261,11.06499,-0.041653,-0.133276
1.152304,0.712219,10.392139,0.031388,0.426598
2.2844,0.039518,9.609866,0.334249,-0.161522
3.959865,1.204545,10.080338,0.005232,0.034963
0.708327,-0.892893,10.561288,-0.174145,-0.138697
0.979114,0.712967,7.375163,-0.091009,0.058409
2.4284,0.3368,5.723348,0.009437,0.087499
1.088387,0.517923,11.21408,0.203676,-0.109307
2.207609,-0.137115,8.727152,0.332311,-0.078482
3.561244,0.383952,8.421038,-0.035832,-0.123521
1.571582,0.002994,7.002887,0.088509,0.097634
2.308799,-0.951122,8.600216,0.358238,0.128758
2.299818,0.006137,7.321575,-0.202983,0.346556
2.467169,-0.492027,8.152646,-0.408794,-0.127023
2.805017,-0.555345,11.404933,0.149018,-0.064277
2.630779,-0.069456,9.637559,0.02412,0.070989
0.391586,0.223785,8.36251,0.187625,-0.139734
3.314857,0.170645,10.611882,0.108646,0.408183
1.352138,-1.290466,7.841294,-0.020548,0.002438
-0.275128,0.021256,10.919792,0.036119,0.896192
1.097667,0.679437,11.382181,0.007506,0.102287
1.99086,-0.582439,6.560258,-0.163692,0.163404
1.488205,-0.375419,12.92592,0.02175,-0.022971
1.467548,-0.174088,13.101655,0.010087,0.018868
1.821861,-0.605191,9.928553,-0.222352,-0.290425
0.833317,-1.037343,10.924283,0.082616,-0.395735
1.363964,0.447569,11.927646,-0.072105,-0.301295
5.060826,-1.566942,7.84339,-0.189093,-0.458585
0.747545,1.514401,7.185059,-0.009602,0.087432
0.431253,0.320783,12.678036,0.50894,-0.692432
1.326841,0.693358,6.537805,0.159665,0.278922
2.322121,-0.392783,11.676768,-0.222484,-0.204068
2.193688,0.760269,8.161328,0.038999,-0.129918
1.209934,-0.42781,7.005432,-0.142339,0.067436
2.257306,0.083526,7.077582,0.122136,0.0657
1.107547,0.251926,8.164771,-0.062759,-0.219606
2.685416,-0.761467,7.412585,0.256058,-0.317946
2.304158,-0.690364,11.384276,0.173247,-0.293332
3.401826,-0.467029,8.122709,0.24062,0.034127
2.968627,0.131277,8.154742,0.198209,0.255368
2.021846,-0.401465,7.456744,-1.458929,0.025828
1.840722,-0.655038,8.209379,0.270898,0.150083
1.008303,0.487686,7.866891,0.326243,-0.189066
1.963168,-0.822689,9.584419,0.209705,0.17936
1.754951,0.699196,6.521488,0.639012,-0.204994
3.68369,-0.072449,7.605684,0.128397,-0.176388
0.920137,0.028291,8.250992,-0.012585,0.049115
1.161135,-0.59127,10.267299,0.306644,-0.160245
4.312382,-0.276774,8.644673,0.209059,0.056693
1.982777,-0.167951,6.719078,0.025525,-0.131843
2.587968,0.430804,9.341025,0.184832,-0.023718
2.478995,0.75039,6.73704,-0.646088,-0.179952
4.310137,-0.196841,7.204368,0.041651,0.088473
3.295098,-0.132774,11.795172,0.066347,-0.110614
4.616999,0.473316,10.19455,-0.813748,0.198711
3.398084,0.001796,12.207564,0.191931,0.057467
2.296674,-1.772614,11.171868,0.425399,0.100936
4.242927,0.822989,9.86284,0.229215,0.140372
1.89925,1.354833,9.881102,0.437141,0.15451
1.537902,1.622775,8.609946,-0.17887,-0.06307
1.439556,-1.17326,9.856853,0.133197,0.07445
0.255519,-0.835562,10.40157,-0.680568,-0.492205
2.794988,-0.280217,7.586374,0.017084,-0.142981
1.249601,-0.609832,10.216405,0.28687,-0.646495
1.555266,0.31255,6.783593,-0.091102,0.028281
1.33672,0.617765,6.067483,-0.208934,0.100145
2.508933,-1.682202,10.70424,0.329648,-0.030689
1.722318,-0.175884,6.628217,-0.148384,0.062143
2.959047,0.275278,7.060518,0.030723,-0.031075
3.174,0.802032,12.976964,-0.301835,-0.468765
1.197659,-0.625998,7.545958,0.359662,-0.257418
1.433719,-0.718805,12.642111,-0.188187,0.03973
4.733906,-0.166753,9.203761,0.229342,-0.296499
1.359772,0.547412,11.030412,0.169672,0.469116
1.430575,-0.417332,8.253088,0.31821,0.173738
3.20289,-0.264949,11.583213,-0.060876,-0.655598
1.45722,0.877176,8.634644,0.134592,0.111515
0.963546,-0.568817,11.126512,0.083429,-0.196395
1.868265,-0.443528,7.058572,0.029122,0.009204
2.020498,1.676065,7.743098,-0.305278,0.314246
1.710792,0.867147,10.355915,-0.049486,-0.361231
2.494263,-0.285007,7.803872,0.337519,0.137893
1.774709,-0.244292,7.32876,0.031398,-0.275928
2.544409,-0.066462,6.526428,-0.09289,-0.120051
2.453698,-0.957559,10.849888,0.022838,0.379677
2.11106,-0.952918,7.310647,-0.427984,-0.317767
1.857487,0.712818,6.594088,0.201186,-0.057413
1.64478,0.585133,7.726183,-0.37315,-0.032943
4.670288,1.467249,11.588901,0.078635,0.145682
4.617897,-0.888103,10.771002,0.201366,-0.335264
3.512296,-1.121917,12.099639,0.389563,0.122143
0.705483,-0.215851,11.821966,-0.347796,-0.248153
2.85157,-0.794847,12.540622,-0.927037,0.045305
0.897384,-0.220042,12.6951,-0.046256,-0.367333
3.310366,0.00494,8.853788,0.378781,0.067187
2.247127,-0.113314,6.590345,-0.156877,-0.116747
2.641557,-0.219593,11.416609,0.116876,-0.036588
1.099015,0.150287,7.029831,0.010623,0.009584
2.138752,-1.068777,7.038364,0.187248,-0.216513
2.17857,-1.132395,9.323512,-0.20172,-0.387941
4.520899,0.556692,10.183623,0.115949,-0.142428
2.608326,0.443079,9.210197,0.031384,0.052881
2.820884,0.215552,7.337591,-0.170868,-0.172481
1.939666,1.392255,8.873996,-0.066668,-0.413923
-0.457149,0.879571,11.693234,0.24329,-0.085166
0.593216,1.193019,7.023245,-0.263118,0.001673
2.780767,0.01946,8.618777,0.341142,0.047156
1.236728,0.49068,7.946824,-0.023394,-0.035947
2.332749,0.21181,11.74772,-0.022065,-0.079722
2.081272,0.256267,8.134534,-0.102626,0.346891
2.587669,-0.51912,7.358248,-0.147721,0.331098
1.875151,-1.530417,10.032587,0.830284,0.23514
2.570155,-0.670605,8.97788,0.272592,-0.030619
1.257086,-0.650397,9.677376,0.108855,-0.032642
1.552422,1.95718,5.711972,-0.330066,-0.043885
1.294358,0.755479,7.863448,-0.226839,0.209523
4.224814,0.422422,10.927576,0.013726,0.078695
2.421664,-0.714913,9.321715,0.109907,0.158876
1.340912,0.718206,7.640262,0.2507,-0.009198
0.959654,0.09131,12.152628,0.579324,0.904367
2.462829,-0.824336,11.394605,-0.651141,-0.490606
1.215173,-0.732128,9.056766,0.074785,-0.253042
3.057691,0.036973,6.337521,-0.052428,0.294528
3.698359,-0.416135,11.78634,0.005771,0.651308
3.699856,0.032482,8.121811,0.024961,-0.047429
1.883683,-0.239352,14.377751,0.064002,0.228726
4.530778,-1.013991,11.9498,-0.087565,-0.141105
3.513344,-0.658181,9.286089,-0.133744,-0.134805
2.068099,-0.258512,11.463312,-0.107519,0.006169
2.176773,0.648152,7.045549,0.027081,0.000536
1.495091,-0.044458,7.459288,0.327716,-0.128301
0.603844,0.098944,10.740615,-0.203802,-0.249607
3.983666,0.389041,8.370144,-0.604223,0.272666
2.365531,-2.323019,13.703104,-0.014934,-0.306449
2.425706,0.407153,10.893597,-0.542154,0.205531
1.581761,-0.696202,7.873178,0.27486,-0.178906
2.474205,0.090711,7.300319,-0.207825,0.106558
0.076341,1.426833,10.323881,0.274377,0.084032
0.607736,-1.58206,8.573421,0.191871,-0.070249
2.153123,-0.51463,10.840757,0.072853,0.002335
2.103725,-0.834066,8.717422,0.028816,-0.017603
1.234333,0.645607,12.225078,-0.254934,-0.088221
4.781357,-0.736918,11.335029,-0.122263,-0.047438
2.845882,-0.11047,9.177415,0.001712,0.081146
1.188229,0.587828,7.237749,0.110684,-0.055553
2.01032,1.053659,11.932586,0.139226,0.031136
1.583707,-0.218845,12.843592,0.218844,-0.068687
2.666555,0.643362,8.556956,0.201913,-0.535666
1.353485,-0.012574,12.494518,0.241872,0.569074
4.530928,0.179477,10.823093,0.047965,-0.131982
1.719474,-0.342787,7.789053,0.495498,0.286458
1.902544,-0.488285,7.170539,-0.092265,-0.215634
2.454147,0.008233,7.242988,0.243876,-0.143702
3.213517,-0.146845,8.103998,0.357453,0.116425
3.653902,0.542023,7.733368,0.025876,-0.171264
1.834136,0.772244,10.172845,-0.063913,0.158976
2.426604,0.117655,11.723621,0.031328,0.013785
2.733915,0.293839,5.987699,-0.077642,0.003871
2.408192,0.495919,10.107731,-0.559259,-0.431876
1.509012,1.382974,9.006172,-0.07761,-0.121482
3.118615,-0.126188,10.867251,0.361049,-0.160284
2.452201,-0.393532,10.147548,-0.035822,0.260072
1.18284,-0.160616,11.32949,-0.218352,0.012187
1.177152,0.323178,9.967772,-0.233814,0.099225
0.321531,1.160986,7.779772,0.140842,0.159193
2.125131,-1.442401,9.523196,0.04512,0.455588
1.578767,0.32722,5.774242,0.153015,-0.086466
2.37556,-0.533042,7.404353,-0.655371,0.254522
1.731898,0.182021,11.907139,0.396539,-0.298017
2.333647,0.001647,11.35823,-0.228661,-0.174404
3.708239,0.260608,11.034753,0.199376,0.216708
2.011966,-1.278491,8.97788,0.151712,0.036625
1.798061,0.876577,11.993509,0.059456,-0.406905
1.053509,1.034199,12.315041,0.010628,0.159826
0.887504,0.432002,13.664185,-0.373906,0.221763
3.076702,0.258063,6.187084,-0.158552,0.414167
2.88031,-0.154778,7.759414,0.454535,0.151361
2.23111,0.415985,7.750433,0.046646,0.232461
1.065784,1.153801,9.250464,-0.095274,-0.108956
1.456022,-0.080383,8.222551,-0.690679,0.101193
1.63026,-0.877176,12.716955,0.276788,-0.061509
3.43356,0.488883,7.907007,0.249363,0.027448
1.843566,0.820145,7.875872,0.130389,-0.156459
3.759881,0.223036,11.297906,0.084807,-0.205662
3.345992,-0.51433,9.398057,-0.140688,0.084811
1.982477,-0.575254,7.404053,-0.065604,-0.19637
1.821263,0.408351,11.286829,-0.049275,-0.131095
1.470542,0.95711,8.298892,0.181109,-0.125585
2.226171,-0.482896,8.08843,-0.169741,-0.231619
1.123564,0.866099,13.333523,0.62396,0.004091
4.00103,-0.113614,7.503746,0.0285,-0.082303
0.582289,0.237855,9.559271,0.209154,0.143677
3.385959,-0.234413,13.112882,-0.053693,0.508911
1.875749,-1.315165,9.155561,-0.676804,-0.085234
0.514929,0.744851,10.745255,-0.198927,-0.469279
2.543361,-0.108075,8.018525,0.126483,0.130523
0.990939,0.808469,10.522818,-0.290602,-0.209821
1.674268,-1.154399,8.956774,0.020363,-0.229637
1.133892,0.405058,9.909992,0.13757,0.094848
1.427282,0.450713,14.402001,0.215655,-0.174929
2.271975,0.273182,7.100634,0.245779,-0.004261
2.129771,1.291365,11.104957,-0.786532,-0.34682
0.604443,1.996249,9.556278,-0.013962,-0.155654
2.910547,-0.122894,8.880433,-0.106426,0.028369
1.303639,0.650996,10.087972,0.225559,0.060146
2.539769,-0.384999,7.526948,0.013635,0.071492
1.861828,0.777783,7.295529,-0.223342,0.050025
1.64957,-0.180225,7.177424,0.092372,-0.160412
1.965862,-0.229323,6.94855,-0.113939,0.284962
1.862876,-0.74066,9.623787,0.048683,0.16443
2.375111,-0.100741,6.890172,0.013492,0.05345
1.752855,0.263452,7.379804,-0.894144,-0.20224
4.046385,-0.193847,11.679163,-0.300268,-0.045869
1.708547,0.338746,8.087532,0.039996,0.153341
2.264341,0.223186,7.510332,0.258304,-0.320928
1.059048,0.68782,8.784932,-0.050408,0.072028
2.271227,-0.615221,9.789493,-0.297572,0.281103
2.257456,1.036594,12.327315,-0.351184,-0.427995
2.244133,0.32677,10.369986,-0.478437,-0.389213
2.816393,0.483046,7.836504,-0.268322,0.222292
0.854573,1.302442,8.507409,0.127658,-0.052411
1.738036,0.263153,9.330248,-0.158598,-0.164696
2.969525,-0.171244,7.544761,0.232071,-0.197905
2.007475,0.526904,13.017081,0.062691,0.157733
2.849624,0.060325,6.693481,0.042441,-0.042727
1.854643,-0.566272,7.214098,-0.723481,-0.478932
3.737278,0.47107,12.01731,-1.045366,-0.501051
1.56784,-0.656834,6.551277,-0.665492,-0.653888
2.109713,-0.912502,9.931398,0.260401,0.059535
2.266587,1.161734,11.101664,-0.378442,-0.077133
1.847309,1.063389,9.014704,0.1659,-0.022089
2.926714,-0.308658,8.216713,-0.219082,-0.003153
0.152233,0.058379,12.541969,-0.137334,-0.284981
3.532953,-0.402962,7.970326,0.270319,-0.059238
1.646726,0.776585,7.751481,0.181182,0.013204
3.14481,-0.536335,11.189831,0.134487,-0.044252
2.872527,-0.915496,9.491163,0.689815,0.033732
3.556754,-0.564776,8.551567,0.204406,-0.023407
2.469864,-0.117955,9.825418,-0.589734,0.150615
2.385739,0.500559,6.356831,-0.067843,-0.172083
3.479814,-0.53858,12.51263,0.363702,-0.017003
3.888763,0.409099,10.180929,0.091945,0.438383
2.200424,-0.260309,9.674382,0.271951,-0.274416
1.403332,-1.027463,10.627899,-0.294347,0.020585
2.617158,-0.14445,10.874436,0.028121,0.008865
2.517465,0.43275,8.177495,0.055876,-0.031678
2.619253,0.151784,6.358328,-0.243472,-0.010919
2.825225,-0.002694,10.895692,0.56435,0.082425
2.618804,-1.3225,9.622739,0.038749,0.098843
2.773133,-0.810115,9.981094,0.233116,0.085399
1.743425,0.597857,10.849888,-0.663867,-0.463141
0.049098,-0.444426,11.501483,-0.214748,0.587726
2.519561,-0.515079,11.138787,0.325792,0.005293
3.375181,-0.66372,12.176429,0.182204,0.472901
3.060087,-0.653541,9.873169,-0.043192,-0.004139
3.047962,0.65863,11.941418,0.425919,0.227216
1.122965,-1.124462,13.911172,-0.796738,0.054026
2.044299,-0.621059,12.96948,-0.158214,-0.0988
3.141367,-0.040117,5.801935,-0.006881,-0.067116
2.211052,-0.699196,9.593849,0.175646,0.263651
2.924019,-0.266296,12.369527,0.068859,0.060327
0.556543,1.553769,10.293345,0.10009,-0.178933
1.352737,-0.873883,10.127789,0.196545,-0.446243
1.616638,-1.290616,9.429192,0.257139,0.07611
3.239563,0.048349,7.753427,-0.011036,-0.20108
1.427581,0.61073,7.486532,0.148944,0.056555
2.561024,0.036823,5.495073,0.006846,0.240741
2.344724,0.055085,6.482569,-0.004652,0.078581
0.900527,0.84155,8.598569,0.14219,0.21623
2.856061,-0.114063,6.509962,0.061341,-0.148192
2.91908,-0.595911,8.608598,-0.391187,0.125696
1.135838,1.621728,11.84906,0.0752,-0.544575
3.295996,-1.010249,12.020603,0.421246,-0.125496
4.140839,0.320633,8.727451,-0.116642,-0.102857
3.887117,0.030237,10.636731,-0.767039,-0.442267
1.531615,-1.030158,10.568473,-0.049139,-0.093044
1.910178,1.012944,12.399166,-0.21091,0.201246
3.599714,-0.673599,7.301666,7.7e-05,-0.127341
1.621129,0.613574,7.497609,0.232809,0.029658
2.512675,-0.295635,8.972941,-0.008156,0.795292
2.577041,0.059426,8.490943,0.123,-0.183559
1.311872,-0.448916,9.726474,-0.05214,-0.382383
1.117127,0.18741,8.932674,0.014669,-0.022817
0.101938,0.266446,8.964857,0.303409,0.059322
0.578098,0.634081,7.972421,-0.061623,0.011542
1.088536,-0.455952,10.219099,-0.355247,-0.077483
2.824926,0.382155,6.988517,-0.456935,0.101281
1.746269,-0.689466,9.816736,0.008421,-0.004521
3.806434,-0.52421,10.144405,0.195472,-0.106287
1.826053,0.561033,9.332942,0.122637,0.176815
3.578758,-0.356708,11.708352,-0.077825,0.366944
3.657644,-0.651745,11.711945,0.264493,-0.235505
4.088298,0.237556,12.510385,-0.273537,-0.327254
2.735861,0.531545,12.037368,0.225556,-0.159402
2.752027,0.492775,13.417498,0.022199,-0.380249
1.232836,1.296903,8.257878,-0.323198,0.321451
3.703149,-0.956511,8.531808,-0.115779,-0.064429
1.733994,0.334554,13.207036,0.120317,-0.021809
3.286715,-0.651595,10.552306,0.109525,-0.029296
2.419868,0.80772,6.737789,0.086477,0.270698
3.070116,-0.002096,5.923931,-0.056986,-0.054547
2.324067,1.603765,12.798386,0.106497,0.071371
1.536555,0.330962,7.491322,-0.261313,0.207615
1.533411,-1.152453,8.455317,-0.028705,-0.435714
1.486708,-0.819995,8.086185,-0.240096,0.101802
0.886906,0.934956,8.208331,0.148646,-0.144511
1.02432,0.476759,9.577384,0.21467,-0.166654
2.999463,0.901875,8.813073,-0.044757,-0.039528
2.287543,-0.232766,10.349478,0.513543,-0.136498
1.209185,0.705034,7.882608,0.14883,0.144266
0.152533,-0.310903,9.195677,0.172433,-0.273937
0.272433,-1.126557,9.117091,-0.030313,0.018493
0.238155,-0.416434,10.485396,-0.342145,-0.117356
-0.165406,2.845732,12.53194,-0.100581,0.210225
0.815804,-0.58169,9.880354,-0.033162,-0.023733
1.156196,-0.405956,7.55928,0.144792,-0.435956
0.433349,0.717009,11.227702,0.069763,0.065177
1.146017,-0.72135,8.212672,0.349313,-0.544886
1.709146,-0.964145,9.895173,0.202504,0.236997
2.981051,0.468975,13.239219,-0.876334,-0.258349
1.015488,0.390388,10.897189,-0.315987,-0.005726
1.192121,1.179996,8.708441,0.142469,0.164106
2.119892,1.012045,10.958562,-0.269322,-0.026914
4.208498,0.321531,11.601624,0.033829,-0.005191
0.795745,1.275049,7.508087,-0.075787,0.214697
2.336791,0.074545,7.575447,0.122994,-0.075037
0.258363,-1.334026,9.821376,-0.064635,-0.212754
3.918551,-1.619183,10.934611,-0.143451,-0.22781
3.440745,-0.45206,10.599758,-0.079793,-0.257773
3.791466,-0.40865,10.180929,-0.454561,0.19777
3.667374,0.117955,8.576266,0.186153,0.065461
3.689827,-0.001347,11.785292,0.318455,0.02446
1.790876,0.449515,7.525002,-0.194867,-0.062856
2.717599,0.40895,11.573633,0.069773,-0.191854
2.76969,1.085692,8.949889,-0.08646,-0.117996
1.671275,-0.715362,7.980355,0.001804,-1.057033
1.465153,-0.680934,9.22337,0.579527,0.49206
0.320933,2.466271,7.774832,0.078234,0.206438
2.26015,0.298779,9.627979,-0.144171,0.065651
3.398682,0.376617,8.686287,-0.030609,0.532011
1.324296,1.236728,13.437706,-0.185362,-0.246373
1.029858,0.127684,8.302335,0.050561,0.22416
3.770359,0.173489,9.659563,0.127227,0.231872
1.63999,0.368384,7.051237,-0.261215,0.099355
2.169289,-0.599503,9.561068,-0.205766,-0.239109
1.319506,0.760868,11.311677,0.345206,0.086657
1.382974,-0.006287,7.770641,-0.349347,-0.114367
1.177152,1.16877,13.32544,0.028476,-0.168039
2.42346,0.814157,7.482789,-0.95811,0.35829
2.278113,-0.251776,8.551866,-0.587961,0.106118
1.097967,-0.913401,9.249116,0.555424,0.013685
2.017804,0.208965,12.063564,0.172104,-0.298589
3.543731,0.419428,7.64146,-0.006114,-0.033515
3.074756,-0.008981,7.400311,0.405546,0.081069
1.458417,-1.170266,9.640552,-0.027361,-0.406653
3.017126,-0.720152,6.671028,0.408632,-0.313516
1.47638,-0.284558,11.978391,0.043297,-0.095914
3.19765,1.042582,12.963193,0.20108,-0.219597
2.286346,-0.433349,7.484436,-0.796149,-0.567561
0.921035,0.670905,7.366781,0.109572,-0.158807
1.981729,0.25492,7.281608,0.041399,-0.201849
0.555195,-0.051792,8.212821,-0.203822,0.00318
3.204386,0.030387,8.192763,0.202429,-0.151153
1.508114,0.066462,7.693851,-0.226443,-0.114122
1.57742,0.013622,9.503138,0.249156,-0.212447
3.059937,-1.233734,11.155702,0.107192,0.079018
3.06308,-0.326471,7.192992,-0.238629,0.528156
1.226699,0.592917,7.48264,0.149598,0.100088
1.727258,0.349224,12.040512,0.134305,0.108607
2.802921,0.047601,8.574918,0.573524,-0.329109
1.13015,0.335153,7.838899,0.209311,-0.18777
1.969604,0.2883,6.951694,0.455154,0.230105
-0.057031,0.220791,11.001971,0.579341,-0.0759
3.052303,0.716261,8.630154,0.348356,0.325304
1.9717,0.70219,8.935219,0.418735,0.162997
1.473835,0.629441,7.196285,-0.445854,0.133211
2.03397,0.387544,8.902886,0.454467,0.289688
4.008963,0.058828,9.428593,0.022571,-0.452747
1.249452,0.228575,8.725954,-0.351746,-0.295298
2.903213,0.510139,7.339986,0.304318,0.475852
4.229904,-0.42302,7.092252,-0.105347,-0.156375
1.965263,0.204774,9.771231,-0.008718,-0.09162
1.974245,-0.041314,11.469749,0.053401,-0.141193
2.433789,0.576002,12.419823,0.024748,-0.156769
1.609753,1.513952,10.265503,0.055394,0.255251
3.468138,0.176184,11.590547,0.309198,0.001614
0.843795,0.035626,10.6035,0.05594,0.431886
2.640509,-0.65414,9.700428,-0.282956,0.108736
1.255888,0.66357,11.102562,0.089516,-0.149607
3.109334,-0.365989,6.601422,0.8992,0.558614
0.625699,0.196691,7.066954,-0.205556,0.007566
3.432213,-0.409698,9.30525,-0.372548,0.008965
3.857179,0.950972,11.046728,-0.101313,0.276585
1.416804,1.081052,8.624016,-0.343026,0.115172
1.305884,-1.219364,8.847352,0.123531,-0.077969
0.574954,1.960024,8.219258,-0.574232,-0.170668
1.862876,0.666115,6.846912,0.214837,-0.092678
2.758913,0.241298,8.509205,0.174116,-0.110326
1.703607,0.094603,10.269544,-0.416157,0.559891
1.982328,-0.382305,7.566465,0.078014,-0.260718
2.400259,0.257016,12.54616,0.38691,0.2212
1.893263,-0.75009,9.470955,-0.273329,-0.875794
2.353705,-0.090711,6.810837,0.106014,0.18383
2.68826,1.578767,8.616831,0.069627,0.21269
2.162254,-0.159568,7.125632,-0.243267,0.420208
2.730173,-0.496218,9.357491,0.035765,-0.266943
2.775828,-0.208965,9.131012,0.212132,0.101735
2.046544,0.996178,10.288854,0.168346,-0.09726
2.520608,-0.501308,6.989266,-0.111503,0.338121
1.665437,0.836012,7.67963,-0.168668,0.082534
3.403772,-0.025746,13.364209,0.038995,0.131975
2.028582,0.769101,11.410921,0.042823,-0.374637
1.177901,-0.601599,8.590636,0.057341,0.055009
1.627565,-0.955164,7.606881,0.132253,0.010597
3.564987,-0.087269,11.884237,-0.01618,-0.016449
2.919229,-0.07215,7.412436,0.167191,-0.211578
1.941912,-0.810415,8.903186,-0.061047,0.069916
1.709894,0.700992,7.222481,0.264138,-0.091358
3.764971,-0.262255,11.128309,0.486699,0.269617
3.385659,-0.169148,10.668165,-0.016168,0.395863
2.133813,-1.227747,9.403296,0.194298,0.137178
0.862656,0.036524,9.047037,-0.076561,0.021979
1.308579,-0.017065,5.70329,0.1211,-0.009643
1.958827,-0.309706,7.166946,0.064733,-0.218445
1.232088,0.488285,11.530522,0.323679,0.0243
1.873654,0.299976,5.809569,0.151467,0.053666
2.993625,-0.156125,11.945908,-0.544517,-0.104718
1.113834,1.663341,10.132879,0.493796,-0.212793
2.454596,-0.436343,8.495134,-0.172187,0.486207
0.109572,-0.136516,11.023976,0.079158,0.127438
2.29847,-0.092358,7.058422,0.674976,-0.29731
0.676593,0.008682,8.329429,0.346767,0.004055
2.662663,0.222288,11.409723,0.856029,0.367049
0.748893,0.357756,13.558355,0.19012,-0.251847
1.450633,1.286425,8.566087,-0.304259,0.365607
1.864972,0.481249,6.169271,0.054671,-0.065028
1.882036,-0.685125,9.660461,-0.987564,0.910515
0.865949,0.319585,7.236252,0.041921,0.114036
2.037263,-0.116158,8.022268,0.382838,0.254821
0.62016,0.563129,8.694969,-0.089138,-0.214397
1.602118,0.363744,7.231911,0.075235,0.034323
2.477348,0.911455,9.446705,0.133195,0.098207
0.913101,-0.607287,10.424772,-0.141219,0.172057
1.42354,-1.097518,9.060209,0.243078,-0.28045
1.430126,0.451761,9.548943,-0.317157,-0.228544
1.775458,0.177531,7.622599,0.116162,0.200949
1.211581,0.480201,13.548027,0.355271,0.065307
2.215393,-0.353116,7.188501,0.23365,-0.094701
2.299818,0.632884,8.230934,0.255722,-0.307459
1.977538,0.243693,7.485933,0.44536,0.620867
2.148931,0.961002,12.530443,-0.091986,-0.254721
3.362009,0.313598,6.858587,0.308221,0.083698
4.119434,-1.655108,10.740914,0.811889,0.408826
2.256707,-1.215173,9.269025,-0.032667,-0.013061
2.151326,-0.002096,8.66069,0.179273,-0.182164
2.466122,-0.037123,9.584569,-0.026514,0.008513
2.237996,0.175435,13.710888,0.33325,0.007887
4.051176,-0.837359,8.473878,0.031954,-0.03942
3.597319,-0.25013,12.699741,0.123321,0.344837
3.119663,-0.296084,7.874525,-0.117374,0.010071
3.080294,0.015119,12.253519,-0.324029,0.168912
1.179248,0.075742,7.224427,0.473714,0.282955
0.769849,0.949326,7.039262,0.097058,0.085975
0.48589,1.054557,11.942166,-0.118894,0.177406
2.786306,0.086969,6.982679,0.121379,-0.100909
2.662364,-0.280966,9.39162,0.152342,-0.287788
2.40909,1.565894,12.563225,-0.084476,-0.518753
2.359992,0.934956,12.166999,0.244784,-0.106027
2.432292,0.900378,11.641891,0.295736,-0.148097
2.68317,1.632505,12.230766,0.237478,-0.000554
3.114573,0.749791,9.831256,0.052359,-0.276154
2.115401,-0.220491,6.228697,0.151931,-0.231071
0.981509,-0.842448,10.054591,0.006188,-0.034446
2.40445,-0.11526,7.307055,0.259047,0.164323
3.581153,-0.155676,10.903177,-0.306277,0.138545
2.759212,-0.58648,8.773555,-0.165917,-0.020269
2.0196,1.209934,12.956457,0.151261,0.211846
1.517993,0.390538,8.771759,0.273777,0.066061
2.578987,-0.47122,6.395151,0.046104,-0.255245
1.920656,0.279768,7.127578,0.241011,0.08803
3.766019,-0.316143,10.477612,0.364439,-0.126677
1.26951,1.421145,9.422007,0.088364,-0.068339
2.313888,-0.257465,12.058325,-0.511455,0.403765
3.232977,0.175136,10.936108,0.175403,-0.073652
1.369053,-0.431253,6.407575,-0.110655,0.057652
3.791615,-0.004191,10.6276,-0.216502,0.283549
2.314936,0.023801,6.386769,-0.174399,0.153737
1.955234,0.472717,12.234658,-0.155428,0.157503
1.859134,0.678389,10.640772,0.112871,0.04262
2.447261,0.452509,11.122171,-0.218501,-0.348104
3.489094,-0.092807,6.312822,0.050191,0.097913
1.886527,-0.854124,9.553733,0.179881,-0.016551
1.201402,1.148112,11.549233,-0.234293,0.332235
3.608696,-0.191302,11.261532,0.052209,-0.183175
2.948419,-0.473016,8.332123,0.136155,0.018198
2.102228,-0.604742,7.619156,-0.175762,0.294082
2.632576,-0.434097,6.725664,0.107172,-0.286663
0.065863,1.920207,10.111323,-0.217676,0.002502
2.374961,-0.051044,6.74183,-0.039399,-0.379696
2.642754,0.163161,6.965765,-0.063143,0.169795
0.867746,0.471669,10.138866,0.272371,0.168583
1.616488,0.469424,10.626702,-0.00838,-0.156356
4.302503,-0.345482,8.633447,0.450558,-0.335879
1.732198,0.821192,6.349796,0.084988,-0.116317
0.71177,0.725691,8.539592,-0.028987,-0.203941
1.633403,-0.111967,7.16036,-0.162402,0.14783
3.035089,0.440983,8.257728,-0.331321,-0.302614
2.373315,-0.34623,11.312276,-0.210502,-0.167192
2.199077,-0.227677,7.169491,0.321618,-0.125388
0.393831,0.821342,9.078172,0.158268,0.161442
0.440235,0.922981,12.126433,0.215731,-0.037583
3.536246,0.056732,8.171657,-0.007495,0.246227
2.030527,0.036225,6.921906,0.693849,-0.826943
1.788481,-0.113015,6.38108,0.23345,0.024423
2.569557,0.818348,11.185639,-0.038749,-0.115819
1.362766,-0.539628,13.378579,-0.558615,0.25743
3.87574,0.310604,6.96307,-0.076703,-0.051174
1.678759,-0.389191,8.081844,0.57587,0.256625
2.658472,0.048349,12.689113,0.079387,0.157758
1.694327,0.976569,7.716603,0.201238,-0.047295
2.556833,-0.187261,8.65111,-0.794279,-0.557663
3.631448,0.565075,9.734856,-0.092289,0.266073
2.85187,-0.304617,7.325317,0.263792,0.069139
1.382226,-0.830623,9.687704,-0.002305,-0.31308
2.965633,0.384101,8.392448,0.007507,-0.16908
2.992128,-0.154479,7.956854,-0.361773,0.083838
1.531765,0.383053,7.662266,0.21374,0.040521
1.50033,0.634231,9.538914,0.237306,0.083568
0.659678,-0.351918,9.42036,-0.055831,-0.633386
1.264421,-0.609832,11.340268,0.013258,0.344823
0.936004,1.020278,9.264085,0.082054,-0.161645
2.409539,-0.495021,7.128476,0.249616,0.052288
1.348396,0.361199,13.086387,0.021948,-0.304364
1.718277,-0.593965,9.757908,-0.037694,0.134552
4.644841,-0.852178,8.97309,0.171969,0.094456
4.032914,0.178728,7.518565,0.118608,-0.163086
2.874023,1.150058,12.886702,1.060518,-0.264669
1.880689,-0.098046,7.514224,-0.041528,0.345009
1.575474,-0.549807,10.842403,0.376121,-0.053699
2.572401,-0.879721,7.844737,0.210754,-0.408036
0.869392,0.262404,8.933423,0.009304,-0.264755
0.824036,0.722248,6.336473,0.294627,-0.080475
2.641257,-0.625849,9.885593,0.069996,-0.002637
3.652854,-0.371976,12.009376,-0.362875,-0.631941
3.440595,-0.677791,10.913056,-0.286045,0.043774
3.238515,0.073497,12.362492,0.103404,0.054307
2.181863,0.621208,9.971215,-0.133989,-0.017717
2.744692,0.554447,8.980874,-0.096781,0.054276
1.470392,0.433199,13.003309,0.097151,-0.113241
3.836073,-0.042212,11.523487,0.42798,-0.095229
1.141975,-0.611628,11.538156,-0.107397,0.164091
2.831662,0.71641,13.328882,0.275672,0.184095
1.964964,-0.271984,8.870404,0.032834,-0.019924
0.513582,-0.564177,9.938882,-0.762946,-0.006451
0.800236,0.85577,6.463858,-0.319146,-0.037219
3.033442,0.503852,6.923403,0.138988,0.118865
3.510051,0.770448,10.838511,0.191587,0.090972
2.86624,-0.488135,6.970704,0.053959,0.204256
3.026257,-0.351619,8.143815,0.398912,-0.071401
2.510729,0.147892,6.285729,0.000484,-0.244728
2.073039,1.867516,9.140293,0.036066,-0.008993
2.268083,1.270857,13.430371,-0.208208,0.062265
2.638563,-0.109273,12.53673,-0.445631,-0.331033
4.063001,-0.160317,10.985056,0.111546,-0.023783
3.955824,-0.176333,9.79563,0.282194,-0.203348
2.937491,0.586031,8.874745,-0.020522,0.041371
2.613116,0.465532,11.06035,0.127591,0.108485
0.908611,0.573607,12.384347,-0.171021,0.210758
2.940336,-0.140857,7.978858,0.184399,-0.333722
1.762585,-0.657732,9.528885,0.04609,-0.169879
3.033891,0.075144,8.680299,-0.073428,0.008037
1.944307,-0.724194,9.563762,-0.940449,-0.263428
3.232528,0.479154,11.004666,0.515105,-0.156629
3.372487,-0.221988,10.889705,-0.000742,-0.297802
0.792302,-0.825234,10.31475,0.06261,-0.123194
2.705773,-0.606688,6.829847,-0.358456,0.235034
1.690584,0.730182,10.206076,0.295239,0.089871
0.908012,0.386496,10.983709,0.363932,-0.065029
3.093467,-0.390238,12.706477,0.018303,0.348984
2.223027,-0.300425,8.29021,0.321498,-0.404399
2.003584,0.177231,6.348299,0.100331,0.191468
1.684597,0.891546,6.66489,0.125586,0.125889
2.465373,-0.246537,9.425001,0.189393,0.230183
3.427423,-0.377216,7.687264,-0.153779,-0.373029
1.196013,1.093326,6.962022,0.122258,0.133474
2.036964,-0.787213,7.604486,0.087678,0.17685
2.215094,-0.492775,6.878197,0.03042,-0.009109
3.828439,-0.029339,11.384875,0.191513,0.21602
1.998045,1.133293,6.472391,-0.016356,-0.001111
1.560355,-0.592917,8.252339,0.233447,-0.389781
3.219804,-0.593665,7.585775,-0.159633,0.035399
3.548671,-0.337398,8.167466,-0.024537,-0.024779
3.248395,0.648452,12.200529,0.560642,-0.105461
1.743125,-1.307232,12.030033,0.310232,-0.009319
1.725163,0.326471,9.359287,-0.147241,-0.209613
1.36112,-0.530647,9.46856,0.019979,0.013046
0.849933,0.509091,6.939868,0.005839,0.196605
3.397485,0.070204,6.781049,0.009984,-0.288386
4.016597,-0.537981,11.573633,0.098099,-0.183024
1.070574,-0.014819,7.483239,-0.504728,0.127121
3.400628,-1.05815,11.700419,-0.079956,-0.307257
2.995421,-0.15882,6.15999,0.19045,0.179449
1.949696,-0.029788,10.820998,0.234496,-0.109349
2.708767,-1.537902,9.864487,0.337231,0.13615
3.669918,-0.262853,8.805589,0.088481,0.07101
3.396287,-0.166604,7.670649,0.019104,-0.131561
3.183879,-0.404609,8.426427,0.06866,0.074809
1.190923,-0.882415,10.494377,-0.759677,-0.403823
2.052083,0.613873,6.869515,0.104516,0.104127
-0.741558,0.989592,6.268365,0.540988,0.319678
1.128503,0.731678,13.458363,0.006685,0.14323
3.903433,-0.247286,10.666519,-0.311639,-0.514381
3.046914,0.665067,9.098679,0.035298,-0.101432
3.680247,0.401465,11.741434,-0.088866,-0.387812
1.015339,-0.512983,10.652149,0.017559,0.613215
1.278192,-1.273851,10.20413,-0.039138,-0.029616
3.911366,0.100142,11.57468,-0.124639,-0.41539
0.029638,0.232018,11.498638,0.12221,0.112802
0.841849,0.414638,10.951227,0.037226,-0.456882
2.180366,1.162483,10.767409,-0.262151,-0.053843
3.472329,-0.257614,7.855814,0.032925,-0.38392
0.802781,0.995131,12.817246,0.013183,0.315139
2.195934,0.590821,7.565717,0.180815,0.09918
2.164948,-0.76461,9.865834,0.111869,-0.111735
3.863167,-0.434995,10.739118,-0.103666,0.292618
1.52443,0.545166,6.160888,-0.071301,0.049462
1.391955,0.596959,11.713292,-0.071086,-0.204366
1.77456,-0.0723,10.238858,0.008162,-0.401295
0.430355,0.0482,9.710307,0.157263,0.27652
1.989962,-0.137265,8.735684,0.299768,-0.244922
1.071622,-0.487087,10.91141,0.908162,-0.329116
2.054178,0.242795,6.829249,0.028304,-0.043326
3.283272,-0.056283,12.410842,0.054962,-0.020373
1.23598,-0.865949,12.521461,0.452438,0.355993
2.544559,1.118175,13.294005,-0.253083,-0.263586
0.765508,0.463885,7.195686,0.129205,0.074188
4.294869,-1.60616,10.242002,0.723484,0.474771
2.597249,-0.448168,10.147099,0.629399,0.166789
1.082848,0.695603,7.07863,0.048904,-0.037832
1.860481,-0.093406,6.646628,0.162646,0.467629
2.704875,-0.310155,6.099815,0.031063,-0.228629
2.600842,-1.503623,11.365715,-0.36967,0.065891
2.276616,-0.635279,6.907236,-0.040666,0.053147
1.891766,-0.731379,9.715097,0.291297,0.18194
3.69806,-0.020807,8.887019,0.290413,-0.025921
2.482737,0.017813,6.672973,-0.345839,-0.086236
3.136877,-0.029489,6.911428,0.2391,0.370282
1.638942,-0.0964,7.564819,0.416612,-0.083878
0.635578,-0.00943,7.128925,-0.410986,-0.276063
0.285756,-1.01923,9.291478,0.23606,-0.336796
2.364333,-0.032183,7.773784,-0.483054,0.274143
1.579665,1.005309,8.556357,-0.754044,-0.057988
1.094075,0.449515,7.282057,0.011942,0.607054
3.144661,0.150737,9.282796,0.308209,-0.54668
2.892735,-0.436343,8.151748,-0.033496,0.010436
-1.477577,-1.435814,12.929214,-0.01051,0.001462
1.831741,1.240321,12.184961,0.049492,-0.204252
1.710643,-0.640518,9.726324,0.318212,-0.001198
2.215543,1.627865,9.230555,0.303953,0.109756
2.084116,-0.063169,13.909076,0.48291,-0.315859
3.611839,-0.365989,10.590477,0.187112,0.076897
1.2743,1.502575,9.557026,-0.124758,-0.008566
1.255439,0.123344,7.466773,0.014944,0.098779
2.496508,-0.776435,9.480385,-0.000611,0.034884
1.140628,-0.739462,9.895772,0.220775,-0.185146
2.132166,0.395777,7.187304,-0.509376,-0.045071
-0.865201,0.459095,14.146931,-0.424221,-0.456142
3.105592,-0.10568,11.698922,-0.173645,0.136677
1.412762,-0.666414,11.520343,-0.393483,-0.147389
0.99558,-0.536784,8.894803,0.226061,-0.040937
1.865421,0.47122,6.670129,-0.336457,-0.02033
-1.153352,1.69253,12.724888,0.053424,-0.487877
2.037263,1.059347,8.505762,-0.685097,-0.132645
3.013234,0.203427,11.573183,-0.52844,0.325005
1.265169,-0.78377,12.634327,-0.258638,-0.018813
2.220033,0.298479,9.157956,-0.260433,-0.240344
1.120719,1.74088,8.03574,0.075359,0.201646
1.607208,0.705034,10.743159,0.124232,-0.03354
1.276994,-1.092877,8.272397,0.003901,0.083577
0.396226,-0.364492,8.383616,-0.142619,0.158851
2.228117,-0.165406,8.946895,0.051956,-0.142948
3.824996,-0.609233,8.05969,0.040259,-0.032791
0.507594,0.810115,12.691658,0.230975,-0.145396
1.313818,0.771945,6.943461,0.165378,-0.17022
2.24069,-0.318837,12.492721,-0.448902,0.234063
1.804198,0.709225,6.445297,0.51272,0.135882
1.751059,-0.208217,7.336993,-0.772241,-0.233335
1.017883,0.30282,8.346793,-0.100449,-0.181342
2.067501,0.148791,5.985453,-0.180422,0.134571
2.699486,0.127834,6.348897,0.816288,-0.41482
1.537153,-0.076192,12.983102,0.179534,-0.144423
-0.038919,-0.031884,12.283307,0.799595,0.055586
0.104782,0.187111,11.427087,-0.155854,0.035777
2.834506,-0.163011,8.822953,-0.26292,0.048328
1.315165,2.829117,10.48809,0.286447,-0.147924
1.460812,-0.637375,9.519604,-0.387571,-0.079852
3.170856,0.47586,10.071357,-0.029756,0.221715
3.397335,-0.84619,11.464659,0.268132,0.083669
2.21704,1.523831,8.789273,-0.031287,0.08628
0.87044,0.542771,10.013277,0.08597,0.322328
2.388583,-0.4329,12.654834,0.044541,0.210397
2.948568,0.274828,6.214776,0.078304,0.070316
0.262404,0.936752,12.437486,0.101112,0.328903
1.049168,0.885259,12.965139,0.185975,-0.237386
1.656755,0.422871,12.838951,-0.068367,0.379491
3.835624,-1.447191,10.471774,1.00561,0.693729
2.980302,0.113913,9.129665,-0.22647,-0.098184
0.824935,-0.59621,9.812245,0.016135,0.091699
3.614534,0.465233,12.521012,-0.860973,-0.609108
1.967209,0.823288,8.787626,-0.333721,0.226675
0.559836,-1.771716,12.165651,0.022413,-0.018245
1.617536,0.648302,8.303233,0.121432,0.115302
2.588866,-0.01916,7.876022,-0.162299,0.080558
1.627865,-0.513881,7.800878,-0.016682,0.097389
1.153651,-0.393232,11.965069,0.118307,0.061959
1.925446,0.018861,6.106102,-0.40899,0.033989
1.544039,1.236579,9.062754,0.061697,0.509589
3.70779,-0.406255,10.940599,0.262604,-0.261342
2.266736,0.271236,8.03065,0.065235,0.326034
1.614393,0.536933,10.386302,-0.285223,0.027795
2.300117,-0.75039,6.881939,0.151551,-0.166133
1.768722,-0.569865,7.870783,0.344995,0.17685
2.16405,-0.279319,7.968529,0.029821,-0.092705
2.361938,-0.534987,8.106093,0.374839,-0.532045
3.176844,0.533042,8.373587,-0.045945,-0.066612
1.350342,-0.151934,7.003037,-0.270619,0.020524
1.715882,0.001796,6.660998,-0.729036,-0.419093
2.266287,0.891696,12.074641,0.058002,0.19898
1.811832,0.582439,10.701546,0.320569,-0.096003
3.940556,0.479603,11.939472,0.237713,0.027236
2.751279,0.642614,8.500972,-0.173816,0.155635
1.15889,-0.554148,9.785451,-0.130121,0.004382
2.848576,0.230221,8.543484,0.247884,-0.113932
2.166595,-0.484243,11.615545,0.171139,0.243019
2.355651,0.769999,11.124117,-0.068016,0.121847
2.467169,0.11556,6.519393,-0.756667,-1.408993
2.99602,-0.062869,7.531438,-0.713699,-0.328141
2.260449,-0.286055,6.933432,0.081064,-0.553914
2.990182,-0.106429,7.818541,0.324446,-0.131262
1.003513,-0.929417,10.22838,0.011249,0.032345
2.141147,-0.255818,7.497908,-0.164997,0.23818
0.377964,-0.503703,10.00729,0.442659,-0.033376
3.833977,-0.307012,8.231982,0.141851,-0.248388
1.693878,0.121098,13.328583,0.079023,-0.085298
5.187612,-0.130079,10.827135,-0.329108,0.254036
1.641786,-0.398621,9.049432,-0.04404,-0.091588
1.400937,0.614472,7.289242,0.122839,-0.383874
3.608247,-0.382155,11.125015,0.184227,-0.118775
0.71671,1.64957,13.679004,-0.305585,-0.274543
3.840863,0.024998,8.252639,0.083196,-0.068001
2.540966,-0.010778,9.472901,-0.188327,0.148341
4.215833,-0.741408,12.152479,-0.313234,-0.471515
3.05365,-0.357906,8.65605,0.169856,-0.247889
1.654958,-1.51979,10.415341,-0.273344,0.252803
2.674488,0.1681,5.97737,0.116537,-0.247284
3.104394,-0.309407,6.962921,0.521156,-0.025432
3.219505,-0.654439,10.520123,0.160981,0.017201
1.657204,0.077688,9.984836,-0.087086,0.273228
2.127376,0.722697,7.417525,-0.412242,0.367326
2.008523,-1.224154,11.707903,-0.592762,0.012107
1.483565,0.355062,6.875951,0.122256,-0.210735
1.461112,-0.774639,10.095007,-0.161328,0.100502
2.193389,-1.394949,10.614128,0.274083,0.336724
1.673819,0.195194,10.656939,0.587628,0.027236
2.376458,0.1443,10.239756,0.038224,-0.040694
1.363664,-0.232766,12.136462,0.400453,0.108637
2.927462,0.458646,8.421787,0.459507,-0.109693
1.674717,0.022154,6.33827,0.050898,-0.110246
3.883674,-0.472867,10.6758,0.322838,0.168485
2.202819,0.55325,7.784861,0.094979,0.074748
2.858605,-0.171543,8.67042,0.00755,-0.224931
1.870361,0.542023,7.445367,-0.391026,-0.576515
1.739533,0.823138,8.501122,0.038873,0.632103
4.14982,-0.266296,9.546548,-0.505223,-0.414544
3.66902,-0.016017,9.68037,0.200045,0.720909
1.769171,-0.472268,9.110804,0.016905,0.025756
1.639391,0.37527,6.273005,-0.258907,-0.284684
1.107547,0.955762,10.505304,-0.038998,0.102246
3.453468,-0.437241,8.311616,0.188731,-0.146316
2.507286,-0.373024,7.173533,0.153037,-0.079648
2.829865,0.728685,11.610157,-0.174914,-0.405523
3.285368,0.214055,8.258177,0.016556,0.133648
3.795058,0.493374,10.631342,-0.483733,0.440462
2.033072,-0.097298,9.332194,0.307069,0.1018
2.596051,1.301843,11.266172,-0.006395,-0.239487
0.335602,0.015119,13.967155,-0.01118,-0.048947
1.673221,-0.949775,8.945697,0.240073,0.089974
1.984274,1.196911,9.248218,-0.14065,0.087382
1.653611,-1.613195,9.258397,-0.362681,-0.078702
1.695075,-1.413211,9.769135,0.005046,0.18554
0.402214,-0.690065,11.107202,-0.043807,0.318612
4.058211,-1.034798,10.224488,-0.05128,-0.165003
1.451382,0.909808,10.620714,-0.236762,0.075318
1.364862,-0.682581,9.748179,0.291069,-0.054929
2.576143,-0.616119,10.879376,-0.286169,0.188045
1.009201,-0.452958,9.883497,0.022641,0.038016
3.66917,-0.008981,8.219557,-0.141288,-0.315818
0.82224,-0.003892,11.620934,-0.10114,-0.038777
1.953587,-0.652493,6.766379,-0.350429,-0.343765
1.141826,-0.589324,9.843979,-0.405293,0.652451
2.309248,-0.023052,7.448361,-0.407685,0.184681
1.127605,-0.483644,10.121652,0.47485,0.193344
0.415536,-0.847388,9.953551,-0.173788,0.207464
3.862268,-0.448318,11.600427,-0.421046,-0.524617
3.075504,-0.195643,11.644884,0.135151,-0.343449
1.369053,1.186732,7.73741,-0.20399,-0.103589
1.053809,-0.706381,11.048974,-0.129817,0.246326
1.446741,-0.369731,8.954978,-0.771785,0.29778
1.083297,0.104782,8.627309,0.328735,0.497202
2.455045,0.347128,9.249565,-0.033065,-0.004744
1.159489,-1.026565,15.05165,0.187041,0.297859
1.768572,0.551453,8.857231,0.291873,0.760877
2.136208,0.419128,9.579779,0.135233,0.021434
1.953587,-0.509091,11.932137,0.455142,0.414273
2.578388,0.215103,11.800112,0.018707,-0.153991
2.070794,-0.724942,9.249416,0.360206,0.087028
2.02439,0.612975,7.796986,0.044436,-0.051826
2.374812,1.554667,12.899725,-0.071614,-0.046926
1.793271,-0.643212,8.454569,-0.488714,0.430995
1.758094,-0.615969,9.82916,0.723631,-0.411759
0.321531,-0.737217,11.188932,0.312608,0.203149
0.527204,1.160387,10.740914,-0.310696,-0.045742
1.79836,-0.136217,11.604618,0.049237,-0.003224
2.020049,-0.498613,7.275321,-0.150975,0.109771
4.00582,0.262105,11.298804,0.203992,-0.362737
2.994373,0.109273,6.745423,0.4503,0.091583
2.173929,1.830094,11.043884,-0.271646,0.251595
1.682052,-0.155227,8.079299,-0.382148,-0.115075
1.009201,2.133813,9.168284,-0.029968,0.372493
1.960922,0.657283,12.654684,-0.036552,0.327714
1.456771,0.441582,7.284153,-0.530227,-0.244034
3.686833,-0.752336,10.928175,0.03279,0.040779
1.171314,-0.103136,10.709929,0.038896,0.009618
2.691553,0.050894,11.593541,-0.244922,0.253157
3.457809,-0.191751,8.558004,0.00596,0.185537
0.943638,-0.467029,8.347392,0.142062,-0.027499
1.231938,0.504152,7.436985,0.006686,0.282757
0.966241,0.503852,7.031179,-0.404484,0.050422
2.030827,0.295486,6.895561,0.201763,-0.048448
0.885558,1.054407,6.840176,-0.156185,0.055345
0.665965,-1.71663,13.434563,0.510742,-0.160196
2.525997,0.386646,10.678344,-0.630822,0.165456
2.43349,-0.328716,6.742579,-0.01195,-0.144275
0.500559,-0.543071,9.831705,-0.048332,0.388438
3.29884,-1.431174,9.475146,-0.281512,-0.155706
1.467548,-0.174088,13.101655,0.201186,-0.057413
1.847009,0.248932,6.336922,-0.041295,0.075329
1.695524,2.357148,9.549542,-0.08974,-0.228527
1.503174,0.219893,8.267158,0.200775,0.255733
2.419718,-0.62495,7.806416,0.373954,0.111856
3.890859,0.276625,9.483978,0.07094,0.01227
3.502716,-0.552651,11.352393,0.196557,-0.17772
3.07266,-0.79829,10.248289,-0.189889,-0.255538
1.503024,0.356109,9.986483,0.208269,-0.190797
0.365989,-0.830922,14.037958,0.057599,-0.002929
2.744393,0.07679,6.125562,0.247019,-0.004217
2.940336,0.172741,10.78133,0.151329,0.675465
2.663112,-0.309257,7.320078,-0.270741,-0.090023
2.107917,0.705483,9.842482,-0.064756,0.165193
2.967729,-0.099094,6.980883,0.033802,-0.205712
3.705395,-1.520688,10.619517,0.244849,-0.360908
0.794997,-1.212628,10.845846,0.362792,-0.335763
1.226699,-0.786165,6.999445,0.364102,0.061953
1.632505,0.790356,7.63622,0.122758,0.35208
3.233426,-0.475112,10.075248,-0.101671,0.049199
2.196233,0.504601,13.174553,0.097437,-0.212491
3.132985,0.255369,7.233408,0.179301,0.27487
1.732647,-0.526904,11.154504,0.578836,-0.291539
1.012644,-0.711021,9.745784,-0.034731,0.07831
2.718497,-0.538879,6.937773,-0.106166,-0.141387
1.76483,0.566123,6.353538,0.316625,-0.059601
2.332899,0.056582,6.47763,0.425919,0.03199
3.228786,-0.374072,9.110654,0.099573,-0.435285
4.344865,-0.456251,8.517139,0.285573,0.151837
3.811674,-0.45685,11.929443,0.13886,-0.261239
2.640808,0.042512,13.444891,-1.056486,0.086563
2.791994,-0.483195,7.094497,-0.04095,0.491291
2.588118,-0.044607,8.162077,0.265593,0.34846
3.32279,-0.265997,8.14127,0.044216,0.029395
1.9955,0.546064,7.10243,-0.728648,0.300531
1.330134,1.777404,7.532785,-0.294713,-0.070391
0.616268,0.748893,12.147539,0.249157,-0.122565
2.650987,0.578397,8.130193,0.311479,-0.077567
3.037484,-0.3606,7.225325,0.004674,0.289887
3.847449,0.618663,10.792706,-0.094536,-0.414288
0.781525,0.685574,12.200529,-0.412792,-0.400289
0.983605,0.179926,8.059839,0.771039,0.047399
2.341132,0.093106,6.925798,-0.027712,0.149715
1.00022,1.561104,8.602611,-0.229353,-0.008811
1.264271,0.40416,9.204659,1.080128,0.613213
1.675017,0.36539,6.603368,-0.272825,-0.22805
1.777703,-0.090711,7.04495,0.234893,-0.045489
2.407294,-0.543819,8.883577,0.062274,0.017071
0.399669,1.960922,7.607181,0.541055,0.195347
2.505789,-0.207918,9.327853,0.338042,0.493278
1.381477,-0.037871,8.788524,0.287297,0.077072
1.847907,1.030906,9.246272,0.169569,0.030241
0.960403,-0.526156,10.215656,-0.106914,-0.078169
4.08261,0.601898,10.365495,0.198598,-0.123195
0.861608,-0.839604,10.327175,-0.009537,-0.004184
1.530867,0.489482,6.74213,-0.088767,0.203617
3.376978,0.013322,11.930939,-0.020121,-0.241047
-0.036225,4.076174,10.246043,-0.018067,-0.111237
3.650459,-0.414488,8.901839,-0.049459,-0.278018
2.468367,0.395328,8.762478,-0.42526,0.295305
0.8414,0.866548,9.683064,-0.05358,-0.183662
1.502126,-0.536335,12.826228,-0.151427,0.054404
0.419877,0.922981,7.469767,0.24733,0.146957
1.926644,0.392184,7.336843,0.10883,0.183904
3.643573,-0.488734,10.766212,0.0084,-0.008524
1.257834,-0.570314,7.624994,-0.036328,0.012751
0.586031,0.290845,13.797558,-0.102953,-0.136223
2.140698,-0.590522,11.754456,0.272718,-0.085786
2.686463,0.747246,8.638087,0.062458,-0.010118
2.06286,-0.444576,7.017108,0.293883,-0.529428
1.513203,-0.571062,12.160113,0.128011,0.098893
2.592609,-0.184716,7.924221,0.053392,0.077014
3.677552,-1.556014,10.957214,-0.119485,-0.287968
-0.005538,1.160387,11.395802,0.024559,0.023249
3.783382,0.436043,10.108479,0.463702,-0.196798
1.574426,-0.354463,8.582852,0.282252,0.23478
1.873953,0.248034,11.865076,-0.459845,-0.172046
2.26494,1.575324,9.238039,0.790241,-0.258047
0.809966,0.381257,14.309793,-0.306433,-0.320336
4.030219,-2.070644,10.030491,0.742439,0.202187
1.276396,1.328038,9.681268,0.01692,-0.028679
3.215014,-0.427212,8.39619,-0.276612,-0.232712
1.491798,0.446671,14.309793,-0.115279,-0.530936
1.576671,-0.746049,7.302864,-0.34643,-0.370317
2.108964,-0.839454,8.946595,0.257187,-0.143522
4.09728,-0.128433,10.913954,-1.297158,-0.674462
4.10686,-0.51912,12.35366,0.448742,0.01234
1.751059,-0.633183,9.650731,-0.245141,-0.008037
1.245111,-1.458118,8.813372,-0.391,0.430976
3.668122,0.264051,8.334668,-0.050033,0.307013
2.359992,0.47631,11.509566,-0.106209,-0.091656
1.498833,-1.235531,11.791879,-0.453103,-0.147736
1.641636,-0.645757,9.275911,-0.338624,-0.08254
4.381539,0.448168,11.05047,0.270681,-0.053422
0.246687,-0.570913,11.116333,-0.079409,0.040736
1.402883,0.609982,12.34887,-0.103042,0.240906
1.88024,-0.774639,9.144634,-0.352156,0.062314
2.746638,0.150886,7.539821,-0.440191,0.211799
1.463656,0.27872,7.89608,-0.537047,0.138429
2.258653,-0.11062,6.927594,0.109694,-0.024845
1.638193,-0.436492,10.510843,0.187784,0.20568
2.591411,0.091909,9.422456,-0.110007,0.123073
1.567989,-0.070054,10.453661,0.452399,-0.033536
1.550625,-1.291514,10.713371,0.181707,-0.156828
2.791246,-0.321831,9.015452,0.186562,0.529241
1.228046,-0.558938,14.281352,0.121044,0.31315
2.071393,0.20657,9.53577,-0.10165,0.173525
0.921184,-0.466131,7.435787,-0.053733,-0.051467
1.982178,0.120649,7.154522,-0.084885,-0.175258
1.863026,-0.56747,12.879816,0.190377,-0.059641
1.607058,-0.029938,8.425679,-0.03905,0.082207
3.387306,-0.217049,7.719447,-0.075861,-0.027897
2.739603,-0.099094,8.134384,0.207552,-0.092092
2.307452,-0.516426,7.303163,0.018915,0.121881
-0.308209,1.430126,8.109237,0.051877,0.09634
3.303181,-0.640668,7.791148,-0.032573,0.138154
1.996698,0.450114,7.52111,0.037709,-0.124299
2.016157,-0.128583,6.852151,-0.014856,-0.293255
4.090394,0.303269,10.809621,0.209958,-0.114925
2.007026,0.754431,11.033406,-0.205473,0.032238
1.968706,1.079705,8.296348,0.393687,0.326388
1.119821,0.269589,7.311995,-0.017872,0.08981
2.196532,0.854723,7.56437,-0.306435,-0.457932
0.486488,1.85614,10.280322,0.334566,0.211309
2.929558,-0.597108,7.7901,0.041317,-0.036773
4.044889,-0.351768,11.421399,0.199933,-0.254265
3.151846,-0.133971,7.410789,0.432249,0.270639
2.824626,-0.903371,10.466385,-0.482818,-0.389655
2.514771,-0.595462,8.643925,-0.468642,0.380977
3.925437,0.518222,11.317066,-0.560358,-0.278125
2.750381,-0.837209,9.963281,0.18418,0.046306
3.516936,0.260907,10.741214,-0.287877,0.164973
1.141826,-1.557661,9.706715,-0.144916,-0.574531
1.820814,-1.28882,9.262439,0.080679,0.038143
1.111588,-0.964145,12.965738,0.412866,-0.325574
2.072889,-0.088466,8.231982,0.058142,0.320525
2.14968,-0.777633,8.502918,-0.003667,-0.104963
2.667154,-0.154179,10.10324,0.04561,0.29051
1.396147,-0.17289,9.018596,-0.216798,0.619202
1.435665,-0.89948,8.956325,0.207375,0.018812
0.482147,-0.042362,8.535251,0.209491,-0.463792
1.098116,-0.509091,9.441167,0.211196,-0.077547
2.547852,0.072599,11.856544,-0.595891,-0.031432
2.603835,-0.958307,9.635014,0.312331,0.149557
0.681533,0.47616,6.940916,0.124804,-0.127483
1.445843,0.750689,12.679982,-0.200131,-0.011937
2.669249,-0.230221,8.002509,-0.017951,-0.055252
0.494422,-0.342637,8.077503,0.264094,-0.068638
2.051933,0.982257,8.307125,0.454413,0.080822
3.998036,-1.037792,11.380235,0.291097,-0.161197
0.833167,0.710572,10.171648,-0.02476,-0.011389
1.106649,0.179626,6.739585,0.091455,-0.008122
1.498234,0.560584,6.81428,-0.394852,0.047093
2.500999,-0.057031,5.923931,-0.029276,0.060484
1.693279,-0.37018,7.166647,0.330948,-0.014426
2.33245,-1.157094,10.101145,0.133247,0.299613
2.170636,-0.118553,6.644832,-0.1097,0.240241
2.609224,-0.775687,6.601572,0.194894,0.057123
3.637586,-0.074994,7.903864,0.125837,0.011762
1.158142,0.071402,8.009544,0.02145,0.294707
2.006128,-0.556842,8.394993,-0.059585,-0.399249
1.478925,0.406105,8.073162,0.155819,0.090733
3.842959,-0.186213,7.974667,-0.324264,-0.073202
3.605103,0.380209,13.026811,0.220339,-0.290398
3.649112,-0.265248,11.987222,0.085802,-0.034046
2.147285,0.699046,12.823683,0.144218,0.238745
3.091371,-0.167951,11.65671,0.184303,0.023493
2.434986,-0.425565,6.665788,0.001337,0.211517
1.01474,0.528251,8.321495,-0.196599,0.044687
2.302063,-1.424438,11.316467,-0.003433,0.191585
2.51028,0.252225,7.581734,0.560284,-0.463643
-0.336949,-0.251926,10.323582,-0.555664,0.122577
1.359772,0.102836,13.971796,-0.091394,-0.186552
2.850522,-0.025896,7.635173,0.254173,0.118366
1.657204,1.528322,9.774673,0.400884,-0.441544
3.448229,-0.082478,12.438534,0.165258,-0.027207
3.738326,-0.587079,11.518248,0.307568,-0.015107
4.588408,-0.205223,12.315789,0.377865,-0.216192
3.461552,-0.752635,11.593541,0.18666,0.017646
2.702031,-0.08188,6.307883,-0.011471,0.051945
1.436563,0.122445,12.346326,-0.169556,0.206025
2.034719,-0.01422,12.429852,0.096231,0.059311
1.871259,0.724044,10.07465,0.095892,-0.028513
2.387236,-0.12499,13.417947,-1.215552,-0.35292
1.034199,-2.293381,10.177635,0.018564,-0.010036
0.975521,0.645158,13.169464,-0.569323,-0.21992
2.408492,0.643063,9.582773,-0.0031,-0.187694
0.746947,0.824036,7.802824,0.080585,0.218535
1.794019,-0.064516,7.819589,0.073217,0.183175
0.86535,0.843346,10.143956,-0.032995,0.043227
1.058599,1.107996,11.45927,0.042291,0.259029
2.025737,-0.151784,7.981103,-0.682165,-0.107248
1.955833,0.548609,7.923323,-0.166372,-0.396599
0.607587,0.786465,14.133908,-0.062382,-0.313485
3.616779,-0.650397,12.089759,0.52251,0.324807
1.977538,-0.81745,6.921008,-0.119014,-0.141179
4.186195,-0.236808,10.687026,0.351161,-0.084875
1.868265,-0.443528,7.058572,-0.743163,-0.170325
1.920506,0.156425,7.54506,-0.41609,-0.419813
1.494941,0.093855,6.486761,0.040699,0.152803
2.811603,0.116009,8.663235,-0.198895,-0.565435
1.008752,0.476908,14.751524,0.061942,0.325897
1.831591,1.839525,9.314231,-0.009785,-0.155861
1.589545,0.261656,7.530241,-0.001217,0.217272
2.86594,-0.600851,7.288943,0.133382,-0.194904
1.242117,-0.681084,10.984308,0.01248,-0.089258
1.481469,-0.202679,7.551048,0.066936,0.119399
2.098486,-1.147963,10.700947,-0.373594,0.112451
1.068029,0.041913,7.90581,0.020069,0.049416
2.051783,0.598156,7.223678,0.195463,-0.203035
1.8274,0.191751,9.561816,0.131592,-0.269328
1.811832,-0.355211,7.003486,0.039453,-0.02199
-0.299677,0.29833,12.907808,0.246619,-0.060937
4.193829,-0.389789,10.317894,-0.767374,-0.957579
1.015189,0.788111,11.71449,0.210724,-0.245444
0.560285,0.413141,7.658823,-0.025796,0.008466
0.984054,-0.449366,9.78126,-0.046317,-0.00644
2.558629,-0.095352,13.599071,-0.079408,-0.032638
2.605482,-0.266296,8.135582,0.137748,-0.019687
1.870211,0.052092,7.94877,-0.209329,0.099599
1.83698,0.359103,7.324868,-0.31938,-0.089853
0.696951,-0.804427,12.352463,0.230772,0.261568
2.992427,0.569865,7.652686,0.020841,0.013374
4.315526,0.216001,10.946586,-0.103144,0.129513
3.145858,-0.254022,6.542146,0.461107,-0.534315
1.866469,0.544717,8.077952,0.259142,-0.067088
1.38971,1.480871,9.349707,-0.135795,-0.084146
0.309706,-0.517175,10.643916,-0.153374,-0.110626
0.195943,0.886606,9.692644,-0.279788,-0.050826
2.486779,0.537532,8.240813,0.205478,0.063534
1.931883,0.256566,9.833052,-0.414198,0.466171
1.60122,-0.359103,7.66541,-0.167285,0.068126
3.530708,-0.43784,8.696615,0.613657,0.359928
3.302732,-0.136067,11.419753,-0.023491,0.278565
1.857338,0.438738,6.696924,0.018414,-0.365249
1.887575,-0.548459,6.288573,0.344009,0.088786
3.892056,0.279319,10.799143,0.162948,0.051809
1.408271,0.883613,11.89681,0.536726,0.376155
2.67838,-0.315544,6.884184,0.010064,0.007622
3.633843,-0.113763,7.628886,0.33934,-0.041936
1.825753,-1.227597,11.179652,-0.211952,0.398222
0.682132,0.847088,6.670878,0.035885,0.01541
2.845583,0.354313,6.657406,0.362096,-0.338074
-0.072449,1.092877,12.143647,0.097552,-0.139721
4.233646,-0.190404,8.491691,-0.034004,0.145949
1.090183,0.128882,12.069252,0.304713,-0.268176
1.441802,0.141606,10.79076,0.018745,-0.363514
1.227597,-0.213456,12.619059,0.291341,-0.295437
2.87567,0.159568,7.888596,-0.000993,-0.000356
1.239423,-1.171614,10.934312,-0.378987,-0.464233
1.370251,0.405806,6.905889,0.170379,0.001313
2.009421,0.566123,7.434141,-0.032838,-0.015106
2.354005,-0.281564,7.511679,0.116559,-0.284203
2.104474,-0.082478,9.016799,-0.369422,0.130681
2.943329,-0.289648,12.50784,-0.006988,-0.004629
1.922303,0.651894,11.316767,0.161883,0.037971
0.135618,0.402663,8.844508,0.129863,0.434199
3.68354,0.296982,8.173603,-0.004347,-0.239265
2.946922,-0.430205,7.060218,-0.057717,-0.04125
0.376168,1.091081,8.819061,-0.198331,-0.129647
2.717748,-0.266745,12.553046,0.127827,0.187326
0.730331,0.734073,8.611143,0.076078,-0.091767
2.485581,0.541274,8.469238,0.105135,-0.028327
1.621129,1.386118,9.018745,-0.144693,0.169268
2.42346,0.361648,14.368022,-0.05001,-0.1346
2.171834,-0.428259,6.440657,0.231245,0.188508
0.785566,0.270937,11.81029,0.204796,-0.04716
0.371228,-0.027094,12.533437,0.209026,-0.038795
3.112328,-0.349224,10.11776,-0.821742,0.049895
3.924389,-0.185464,8.182435,-0.108166,-0.041188
1.976041,0.986449,6.740333,0.436108,0.240634
2.462529,-0.849334,7.035819,0.020058,-0.13642
2.456991,-0.151485,10.118359,-0.270973,-0.179364
0.321082,0.854573,7.557933,0.168907,0.056175
1.855541,1.209335,8.948392,0.295811,-0.392243
3.650159,-1.104703,11.579321,0.099466,-0.034793
1.932781,1.216969,9.497749,0.236237,0.148707
1.087489,-0.422571,12.416081,-0.483854,0.166186
1.22625,-1.801803,8.702004,0.283255,0.051255
1.750759,0.394579,7.486232,0.087677,-0.187518
3.009043,-0.24025,7.597301,-0.010602,0.321034
2.286346,-0.196242,9.549691,0.557654,-0.066104
3.594475,-0.457149,11.256143,0.250835,-0.250079
2.782863,-0.789009,9.915231,-0.211826,0.080383
2.535128,-0.185764,12.236304,-0.150155,-0.332673
1.628164,0.841849,10.381961,0.094345,-0.523562
2.254761,0.573158,6.978488,0.119067,0.062362
2.796185,0.012724,8.667276,0.331304,-0.206743
1.489702,0.022902,13.037289,-0.312529,0.089372
3.127297,-0.167202,6.949748,0.100576,0.180592
1.859882,0.323627,7.047944,0.288328,0.352106
1.212928,1.926045,11.23803,-1.09984,0.022537
0.568667,0.73108,7.913743,0.163512,0.301874
1.064886,1.916764,11.201357,0.373855,0.197121
0.868045,0.510439,11.962224,0.054795,-0.181506
2.075584,-0.467328,7.316336,0.230918,0.126373
3.26052,-0.099543,8.095765,-0.23848,-0.124007
0.682132,1.618135,9.344917,-0.378628,-0.146907
0.164807,0.818797,10.87279,-0.077691,-0.016859
1.934727,0.405058,6.940916,0.02554,0.22223
-0.004191,0.031884,12.000545,0.177836,0.157188
0.529748,-0.719703,10.659783,0.120559,0.312489
0.962648,-0.348775,11.141032,-0.176789,0.502106
1.421294,0.55774,10.55036,-0.292651,-0.110337
0.867895,0.716261,7.113507,-0.162345,-0.182383
3.307522,0.161215,11.717633,0.019998,0.262042
3.163671,-0.101639,6.777456,0.071666,-0.061086
2.98165,-0.300575,9.098829,0.001982,0.039053
0.953068,-0.433798,10.428663,0.111153,0.347848
2.538571,-1.484613,10.071207,0.224189,-0.332126
1.588197,0.012574,9.671837,-0.00794,0.114425
1.335373,1.338816,8.134834,0.294152,-0.151125
2.901117,-0.395178,8.019573,-0.105105,0.035869
1.42818,0.052391,6.313721,0.2155,0.145092
1.128054,0.864452,7.694449,0.049805,-0.013151
1.945654,-0.439037,11.897409,0.339334,-0.013502
1.423091,-0.701591,11.171269,0.101654,0.215536
2.549349,-0.296982,6.585855,-0.140406,0.022828
1.131048,1.356629,7.427854,0.089195,0.304394
0.814456,-0.885109,10.158026,0.274658,-0.051124
1.819167,-0.632734,8.372689,0.227854,0.209661
0.455203,0.384999,9.183104,0.136871,0.800768
1.894011,-1.037043,9.79099,0.264766,-0.000748
3.303929,-0.404758,9.008417,-0.061719,0.185224
0.633932,0.253722,8.595875,0.01325,-0.001228
2.387984,-0.022753,9.735156,0.005054,0.013124
2.965932,-0.292492,7.197483,0.310865,0.063164
0.518372,1.903442,11.528427,-0.53215,0.716881
3.849695,-0.67794,8.212522,0.047925,-0.040787
2.091151,-0.1443,7.704179,0.354986,0.041367
2.323917,-0.424068,7.278315,-0.094472,-0.095228
1.093626,0.602347,10.395133,0.077545,-0.097202
2.586771,-0.084424,6.793922,0.066836,-0.119248
1.969754,-0.806523,7.807315,0.041411,0.038454
2.15896,0.105081,11.964021,-0.709541,-0.122681
2.808909,-0.409548,7.465725,0.102747,0.035304
1.532663,0.286804,9.061556,0.291702,-0.036903
0.954266,-1.74088,11.870615,0.102524,-0.039994
0.218546,-0.306113,10.578951,-0.003387,-0.282385
1.803599,2.288591,11.118429,0.004286,0.557359
4.235442,0.060325,9.028924,-0.020265,0.369985
1.590443,0.71147,8.848849,0.090164,0.099102
3.298241,0.195194,9.527986,-0.20215,-0.19544
3.649411,0.550106,8.060289,0.289107,0.061844
1.273701,0.061223,5.9389,-0.10064,0.383842
1.722618,-0.396825,7.884404,-0.015735,-0.160129
2.996918,0.30282,9.174571,0.247857,0.012387
2.03876,-0.543071,7.572303,-0.125129,0.188751
1.32744,0.599653,6.792724,-0.047252,-0.186587
0.408051,0.329465,7.723938,0.247076,-0.178497
2.02469,1.365461,8.749006,0.32575,0.378633
1.285078,-0.083227,14.014157,-0.220879,0.371915
3.412753,-0.059726,11.078762,0.070685,-0.375569
3.642226,-0.367186,8.693622,0.237341,0.126498
2.256108,0.049996,6.955735,0.199999,0.115646
-0.044308,1.490002,13.197306,0.053707,-0.078703
3.572321,0.40416,10.881771,-0.42956,0.317916
3.675756,-1.249751,9.419911,0.043724,0.024281
0.745749,-0.49068,10.374925,-0.020537,-0.451474
1.432521,-0.828527,9.163345,-0.054369,0.22242
3.946842,0.113015,9.123677,-0.116095,-0.325778
1.775159,-0.594863,11.532767,-0.037296,-0.165791
4.143084,-1.015488,10.33436,-0.015443,0.119113
2.166145,-0.792302,9.4494,-0.083736,-0.167946
2.076332,0.160766,6.761589,0.153831,0.100091
0.532443,-0.498014,9.789942,-0.100817,0.283399
0.783471,0.443228,8.41071,0.398322,0.040817
1.196312,-0.793949,11.067086,-0.045332,0.16058
2.81325,-0.568667,7.837701,0.383376,-0.161775
2.426155,-1.456172,9.827813,0.11937,0.121088
1.999392,1.525777,9.810299,0.327091,-0.438056
1.91886,-0.385149,7.552095,-0.029308,0.08433
2.250121,0.410896,12.083173,-0.065445,-0.024804
1.999392,-0.035626,6.719976,0.07815,0.223965
2.678231,0.007484,9.671987,0.094973,-0.017972
4.095633,-0.084874,10.614876,0.029445,0.216497
1.703009,-0.123643,6.180947,-0.619094,-0.249382
2.211801,-0.540376,7.751181,0.300812,-0.063547
2.9336,-0.408201,8.157886,0.01706,-0.016719
3.012186,-0.869242,12.647499,0.269244,-0.355808
2.569407,1.598077,8.527317,0.121988,-0.336367
2.151626,-0.203427,6.285429,0.191858,0.201679
1.84192,1.125959,11.421249,0.297973,0.273454
1.234483,-0.637375,9.712553,-0.016813,0.027937
0.956361,1.516646,10.092612,0.108331,-0.011305
2.499053,-0.625549,8.04996,0.255947,-0.245505
2.677931,0.414787,6.970106,0.108719,-0.001069
2.881957,-0.223186,7.911348,0.021151,0.096089
1.742227,0.87538,10.054891,0.012892,0.017248
1.845063,0.270637,6.674021,-0.087172,0.048574
1.340612,-0.51433,14.482833,-0.036468,0.111831
1.620231,-1.015339,8.534203,-0.033088,0.269525
4.511917,-0.464334,8.645122,0.38402,-0.052417
1.112636,-1.520089,9.138945,0.396179,-0.190975
0.828677,0.349972,12.712913,-0.131592,-0.104142
4.144132,-0.532592,10.644066,-0.245523,0.124214
3.73174,0.32198,9.575587,0.163802,-0.284757
0.458197,1.561702,14.391074,-0.045522,0.217574
1.907034,-0.672851,9.784403,0.184151,0.005642
2.107917,-0.050146,7.523654,0.015676,0.024778
2.990481,-0.388592,11.803854,0.037662,-0.143361
2.758015,0.148342,8.541987,-0.667159,-0.341338
1.462459,-0.931214,9.501641,0.435188,0.209586
1.242416,-0.35102,11.023976,0.223084,-0.115171
1.496438,-1.190025,8.922795,0.160666,-0.287106
2.77478,0.221839,12.372821,-0.452759,0.277933
0.722997,0.869691,8.225695,-0.518948,-0.007526
0.935555,-0.803379,9.45404,-0.089297,-0.082217
1.546883,1.135239,9.132659,0.204977,-0.034271
2.485282,-0.406854,8.484806,-0.088484,-0.022167
2.199526,0.004491,8.906778,-0.387713,-0.089083
2.083368,0.2163,6.959627,0.069628,-0.05355
2.095792,0.44233,6.209986,-0.028776,-0.043084
2.347868,-0.038171,5.839058,0.060165,-0.082568
2.493515,-0.400866,8.267458,0.052423,0.04595
1.487008,0.192649,8.663684,-0.016404,-0.088414
1.979933,0.935854,7.802525,0.304293,0.058064
3.750451,-0.020358,9.817634,-0.176427,0.13367
2.010469,-0.103585,10.960957,0.127634,0.146627
0.276176,2.509082,11.48816,-0.039994,-0.098686
1.653611,-0.201481,7.846982,0.204372,0.114634
1.090482,-1.366808,12.335548,-0.151359,-0.179214
4.550387,-0.635129,10.91111,-0.147891,0.083781
3.275638,0.196541,6.668333,0.177377,0.154765
1.97634,-0.776286,9.671987,0.315823,0.327258
0.340392,1.154848,7.849377,-0.617819,0.058606
3.173551,0.090262,6.743327,0.131085,-0.052641
2.186204,-0.023052,9.046288,-0.471926,0.019752
2.124831,0.040117,6.976692,-0.099269,-0.106398
1.024919,1.180146,10.967543,-0.025372,-0.044054
2.124382,1.305735,12.469969,0.176018,-0.168264
1.620829,0.667612,8.931776,0.233753,0.019964
0.756527,-0.492775,9.124875,0.329692,-0.025213
1.295855,0.150737,9.959539,0.134627,0.067937
1.550625,1.012944,9.647887,0.084433,0.040042
1.017434,-1.446442,11.415262,-0.039188,-0.057301
1.878743,0.054786,8.357421,-0.129523,-0.362404
1.517395,0.895438,12.039763,0.00779,0.035148
2.715503,0.073647,13.681699,0.434953,0.657955
4.563111,-0.434097,12.388538,-1.35329,0.30972
2.398911,0.377216,8.38646,0.074994,-0.490959
0.957409,0.24549,7.810009,0.129014,-0.190321
2.256707,0.21645,6.387218,0.083549,-0.238394
2.285148,-1.055455,8.437205,-0.10328,0.209946
3.405418,-0.360301,6.837032,0.004071,0.191663
1.557661,-0.023052,14.219231,0.10688,0.414084
2.497706,0.382754,12.16146,0.042104,0.017323
1.724713,1.216371,9.562115,0.249909,-0.331716
2.959945,-0.038769,7.557185,-0.150931,-0.041119
0.511337,0.47586,8.828042,-0.383401,0.156179
2.058968,-0.030237,9.375454,0.175621,0.114994
1.321003,-0.354463,12.667707,-0.064627,-0.246013
1.676364,0.351469,6.992709,0.024032,0.074943
2.472109,-1.358275,9.167386,0.032245,0.006018
1.486409,-0.462838,9.710457,0.160209,-0.802008
1.490451,-0.151784,7.21305,-0.076473,0.016134
3.13044,-0.621807,8.633596,-0.284869,0.282696
0.718057,0.542173,7.994426,0.119622,0.180517
1.29376,1.852697,10.207274,0.177892,-0.038738
1.657803,-0.547711,9.74758,-0.132894,-0.447815
0.9619,-0.563728,11.970607,-0.144838,0.130013
3.216062,-1.230591,10.79585,0.369669,-0.266256
4.069438,-0.913101,11.263927,0.144996,0.14576
1.599125,0.529299,6.79991,0.378933,0.41491
2.932103,-0.708327,6.919211,0.073216,-0.007658
2.527494,-0.027842,9.431288,-0.130369,0.636853
3.033741,-1.10605,9.005872,0.450805,0.461166
3.277285,0.266745,9.326056,0.036429,-0.011202
3.018473,-0.214205,8.22779,0.425759,0.218623
1.831441,1.884282,7.87198,0.084154,0.247767
1.662144,1.528921,11.296409,-0.073268,0.284492
2.939587,-0.571212,6.798263,0.282102,0.198544
3.796555,0.380359,8.196505,0.196092,-0.011122
1.315015,0.676892,8.039332,-0.014568,-0.18662
2.319277,1.725163,9.843979,0.019623,-0.016892
1.335223,0.118553,11.837534,0.072612,-0.301232
1.254691,0.029938,7.135661,-0.132571,-0.285476
2.063908,-0.639021,9.096284,0.154748,0.015173
1.82276,-0.401465,9.641301,-0.476224,0.358196
2.403701,0.165107,7.937244,0.213997,0.913072
2.146087,-0.214504,7.467821,-0.575026,0.055832
3.673212,0.592767,11.920761,0.062001,0.689404
3.098407,0.103435,5.907615,0.073013,-0.125962
2.980452,-0.358804,5.628895,0.184188,0.157212
1.752256,-0.01916,7.976912,0.257539,0.447137
1.478775,-0.920436,11.601475,0.270898,0.150083
2.104324,0.279469,6.338868,-0.064747,0.004296
0.931214,0.138761,13.681848,-0.120942,-0.195528
1.893263,0.299976,7.007677,0.066387,-0.339877
1.507216,1.13479,9.07892,-0.023368,-0.030827
2.25072,0.17798,13.355677,-0.395535,-0.55478
1.736689,0.075892,8.2953,0.06914,0.504926
1.55302,-0.517025,9.113947,-0.51618,-0.04462
1.069526,1.592389,10.554701,-0.355582,-0.135888
0.880918,-0.59651,9.764944,-0.361815,-0.384584
1.869762,1.877097,12.029884,0.207057,-0.038947
1.452879,0.493973,7.834558,0.0445,0.103634
2.200574,-0.063019,9.420211,-0.275756,0.256585
0.401166,-0.023501,13.842914,0.237464,-0.097883
3.740571,-0.310754,7.704029,-0.132252,-0.389347
3.52951,-0.072,7.633676,0.010141,-0.372954
1.742826,-0.335153,7.810308,0.417739,0.039097
3.382516,0.271236,7.469317,0.008837,-0.155672
1.518891,1.001418,8.691077,-0.056117,0.49952
2.371219,0.292342,13.108241,0.100604,-0.259303
2.835254,-0.421673,7.228917,0.111509,-0.404879
0.860411,0.102387,7.182813,0.099136,0.10045
1.570085,-0.292043,7.396868,0.137536,-0.198047
3.344794,0.4811,10.651101,-0.158594,0.220524
1.791026,1.599723,12.468472,0.119923,0.167175
3.710035,-1.286575,11.802207,0.055771,-0.343881
1.365461,0.446971,6.685697,-0.031162,0.062651
2.494862,-0.840053,8.909622,-0.229398,0.102999
1.606459,1.162034,9.491013,0.19752,0.246147
3.338508,-0.586929,12.029135,0.079238,-0.188941
1.562451,-0.001048,8.436307,0.004266,-0.110078
2.749632,0.349074,13.07052,-0.730505,-0.449456
4.883445,0.415686,8.473429,0.292401,0.056456
2.314337,-0.168849,10.929821,-0.017972,-0.210971
3.450026,-0.136815,9.764195,0.133935,-0.148469
3.950585,0.683329,7.962392,0.077697,0.251401
2.161206,-0.28351,7.362589,0.241061,0.2375
1.179996,-0.353265,9.158854,0.207721,0.024062
2.835104,0.078587,10.809921,-0.017715,-0.257007
1.790576,0.499362,11.09897,-0.044202,-0.198333
3.054847,-0.930914,11.899505,0.061485,-0.228393
2.937791,0.922532,7.742649,-0.1939,0.256938
1.997446,-0.469873,8.095166,-0.544586,0.255639
3.137775,0.22618,7.922425,-0.003327,0.127002
1.179547,-0.393232,6.946455,0.026748,-0.144531
4.668492,-1.260828,10.917697,0.460677,-0.240796
4.18844,-0.48095,9.623787,0.214861,0.472117
2.793192,0.137714,8.39125,-0.161343,0.195427
1.328487,-1.25514,10.766661,-0.343121,-0.0427
3.857628,-0.793201,7.888745,-0.050251,-0.081412
3.13553,0.039218,9.282647,0.026827,-0.154953
4.161346,-1.48611,10.107282,0.640503,0.429008
-0.224533,2.304907,8.701705,0.113572,-0.128149
0.843795,0.12484,10.527308,-0.019541,0.086097
1.900897,-1.013991,9.503288,-0.047633,-0.443476
1.772764,0.66357,6.877748,0.520487,-0.249914
2.999014,0.177381,11.955488,-0.557007,0.076903
2.372267,0.748893,7.493567,-0.210792,-0.05824
0.704585,0.299827,9.573791,0.414714,-0.034256
0.862506,0.73572,12.441827,0.270649,0.094215
3.641478,-0.574505,11.269016,-0.208024,0.258598
2.31314,-0.534089,6.752907,-0.136846,0.367142
2.400708,-0.046853,10.822944,-0.444585,0.025795
2.138603,-1.265019,10.720556,0.22382,0.115136
2.98629,-0.190404,8.962013,0.15197,0.111778
1.682052,2.01017,6.702911,-0.180153,-0.145367
0.964145,0.295186,7.31903,0.227054,-0.204198
3.535199,0.479453,11.010504,-0.055668,-0.019685
1.523232,-0.655936,9.746532,0.082508,-0.012133
1.553769,-0.455652,6.601123,0.182312,0.00354
3.104544,0.446222,7.685917,0.062529,0.085326
3.862867,-0.28396,11.324251,-0.101731,-0.296255
1.975891,-1.117576,9.767937,0.19544,0.424415
3.337609,0.54322,7.687564,-0.215801,0.002929
1.147364,-0.715063,10.777139,0.247787,-0.201202
2.402654,-0.635279,13.145065,-0.325594,0.320669
0.943189,-0.293989,12.571607,0.05465,0.04301
3.71258,-0.107776,8.034692,0.026494,-0.251934
4.643793,-0.354912,9.892628,-0.020744,-0.051635
3.172503,-0.228575,11.639795,0.29719,-0.324115
0.944386,-1.310674,11.012899,-0.418705,0.621184
2.786306,-0.318238,7.876321,-0.629304,-0.136851
2.805017,-0.32722,6.514453,0.270481,-0.320493
2.709965,1.098416,13.015135,0.031157,-0.357673
1.238075,-0.792452,8.377329,0.274317,-0.096985
3.965254,-0.219144,8.021369,0.113372,0.101844
3.05365,1.351539,10.789114,0.096275,0.17213
3.051854,0.24055,9.782757,0.094402,-0.011331
2.205963,-0.642763,6.981931,-0.243866,0.308171
2.37077,-0.566272,9.56466,0.057416,0.089736
1.04348,-0.739462,9.689052,0.014301,-0.056293
1.332679,-0.331261,9.705218,0.025962,-0.014811
1.371149,0.041314,14.024486,0.652462,0.929954
2.544559,0.025297,8.692873,-0.049172,0.044649
1.303639,-0.535287,9.924063,0.125414,0.049211
2.758164,-1.098116,7.513775,-0.555288,-0.192409
3.170257,0.061672,11.192375,0.516341,0.230119
3.640579,-0.025896,11.884985,0.100938,0.097689
3.002456,-0.175435,12.27687,-0.652967,0.041424
3.12101,-0.694406,9.401949,-0.154674,0.377128
3.847599,0.129331,7.749535,-0.639274,0.069437
1.801204,-0.501457,7.349417,-0.257361,-0.164501
3.196902,-0.476609,13.365706,0.086337,0.336813
2.095941,-0.704136,8.369246,-0.192699,-0.048652
2.988086,0.433948,6.386469,0.586321,0.396688
5.037025,-0.486339,12.924723,-0.243407,0.454454
1.734743,0.916993,7.257059,0.713739,0.23551
2.901267,-0.306712,9.919572,0.122371,-0.001283
2.264641,-0.407153,9.512119,-0.100079,0.052012
2.760559,1.380429,12.295881,0.206703,-0.192056
2.662513,0.079634,7.595056,-0.145789,0.043812
1.75046,0.102088,7.512727,0.260985,0.03074
1.526675,-0.339344,7.648495,0.050341,-0.011668
1.690734,0.877924,9.433982,-0.074294,0.319792
2.602937,-0.718506,9.609417,0.252166,0.176523
3.372786,-0.227377,9.509275,0.439602,0.035001
0.840652,0.541274,12.408896,0.127843,0.077226
1.329086,-1.305286,7.249574,-0.033218,0.023245
3.293302,-0.32198,11.865825,-0.180998,-0.039796
1.756897,1.607956,11.823313,-0.662585,0.314831
1.648672,1.071771,9.698033,-0.287552,0.222118
2.475552,-0.91834,9.2572,-0.579372,0.249215
0.484542,0.640518,10.193503,-0.238365,-0.118583
2.93315,0.359103,9.776021,0.005153,0.60437
1.825155,-0.643512,10.002649,-0.047279,0.439963
3.780389,0.424817,11.905792,0.05335,-0.051341
1.349444,-0.868644,12.775184,0.670579,0.522879
1.883683,0.070803,8.266111,1.126922,-0.227198
0.065863,1.436263,11.448044,-0.10606,0.022032
1.472787,0.966989,8.154592,0.141675,-0.17565
2.715952,0.302072,7.226373,0.018187,0.270526
0.975671,0.736469,7.273375,0.320835,0.077148
3.540887,-0.812061,10.276879,-0.004687,0.030907
0.239951,0.058528,13.339959,0.107129,-0.118437
2.878065,-0.011526,11.070229,0.335785,-0.022327
1.806743,2.356699,12.489877,0.083456,0.049606
3.910169,0.167801,8.343051,0.062847,0.26639
4.493655,0.295635,10.538984,-0.81866,-0.671305
1.91886,-0.427212,8.58869,0.104086,-0.306708
0.532443,-0.188009,11.587554,0.012577,-0.145028
1.039289,-0.67824,9.711804,0.011239,-0.014961
2.555186,0.994981,10.007589,0.130918,0.182216
-0.881217,1.772165,13.352533,0.554461,0.401078
1.33672,0.156125,7.140751,-0.153539,0.273328
1.992507,-0.838407,10.286908,-0.28875,-0.46176
1.775907,1.641786,13.040283,0.1058,-0.091545
1.237926,-0.215252,6.926846,0.16327,0.315629
1.445843,0.723595,7.298672,-0.09426,0.155639
2.539918,-0.121847,6.393654,0.096666,-0.059308
3.022365,-0.356708,6.981482,0.08617,0.246745
1.78399,-0.285756,6.533613,-0.501084,-0.156684
3.212919,-0.924777,8.058043,0.159928,0.211418
4.030968,-0.790207,10.80064,-0.108183,-0.039605
4.296066,-0.85577,11.67123,-0.212954,-0.192221
3.126698,0.223485,12.31534,-0.058113,0.046481
3.378474,0.237107,11.803405,0.233622,-0.292781
2.31763,-0.10104,6.846163,-0.156595,-0.151127
1.086141,-0.576451,13.711038,0.160679,-0.042196
2.89019,-0.510888,9.21394,-0.211097,0.230197
0.501158,0.970582,10.457254,-0.171789,0.118691
2.742896,-0.366588,6.249654,-0.051353,0.041425
2.548001,-0.274679,8.437654,0.00798,-0.043702
2.440375,0.204624,7.72319,0.024587,-0.472651
-0.34623,-1.019979,10.141411,-0.073999,-0.447423
2.215393,-1.141676,8.960067,-0.202702,-0.088629
-0.333506,1.583557,9.721384,0.36658,0.18336
3.192711,0.282463,7.129075,0.556272,-8.1e-05
3.687881,-0.532443,8.722362,0.127968,0.170916
3.919749,-0.107327,11.90669,-1.155443,0.041872
1.48581,-0.0961,10.207424,0.218629,0.197512
1.138083,0.039069,7.369325,0.089205,0.064762
3.95298,-0.358654,10.845846,-0.617079,-0.487278
0.50984,1.20215,9.052126,-0.070911,0.278452
3.035987,-0.069156,8.394094,0.205549,0.025424
2.517615,1.6111,8.527317,0.408226,0.213021
1.311722,1.099164,8.492141,-0.430852,-0.547956
2.112108,-0.411195,8.886271,0.036726,0.014387
0.970582,0.064815,7.418573,-0.227689,0.375384
2.629881,-0.675845,8.955277,0.183081,0.295832
-0.035327,-0.006437,8.199798,-0.057077,-0.364188
2.362836,-1.045725,11.544294,-0.317775,-0.019308
3.031646,-0.118703,11.298505,-0.198917,0.453303
2.322421,-1.839375,8.608,-0.365708,-0.233759
1.232537,0.419877,6.695277,0.056548,-0.174177
1.939517,0.412991,10.067764,0.002814,0.004095
3.06308,-1.089135,12.14709,-0.267875,-0.125997
1.654958,-0.116458,7.64116,-0.005603,0.082772
3.514991,0.202229,11.407478,0.093322,0.094331
0.692909,-0.986598,8.406968,0.233945,-0.224545
3.023862,-0.41344,12.452904,0.017802,-0.394154
2.520608,-0.428259,9.353749,-0.103853,-0.119889
3.633843,0.224084,7.710167,-0.147403,0.081994
1.516197,0.986,8.637488,0.045861,-0.001759
2.461481,0.117955,11.059003,-0.123952,0.185476
0.456102,1.782344,10.475217,-0.079806,-0.021276
3.662135,-0.582139,7.417825,2.4e-05,0.084091
2.186054,-0.921184,11.091934,-0.111621,0.018461
2.562521,-0.202679,11.003169,-0.344496,-0.236283
2.273622,0.402513,11.19971,0.159683,0.154935
2.545157,-0.03368,13.634247,0.046819,-0.174993
2.448907,0.983305,7.736961,-0.144522,-0.057863
0.968636,-1.770069,10.880574,0.317047,-0.236112
2.132316,-0.598006,8.609496,-0.033208,-0.100958
2.579286,-0.120499,6.800957,0.085613,0.077262
2.358046,-0.456551,12.170292,0.156821,0.147097
3.312312,-0.364342,11.213481,0.297875,-0.132559
0.972977,0.038919,9.827065,0.149572,-0.159948
2.644551,0.276475,6.114934,0.045332,-0.131532
3.477718,-0.175435,7.994725,0.021531,-0.312
0.670905,0.151485,9.531429,0.489857,0.119284
3.201393,-0.385299,7.978559,0.105779,-0.09607
1.597628,0.267793,6.754554,-0.089631,-0.107206
2.295926,0.001647,7.595954,-0.276338,-0.056783
1.642085,1.301843,8.026459,-0.022851,-0.109024
3.485352,-0.305215,6.157296,0.022604,0.025724
2.895728,-0.991538,11.649674,0.276465,0.172895
3.762127,-0.141606,7.843539,0.082188,-0.285058
3.592978,-0.405207,9.022188,-0.318712,0.154597
-0.859513,0.746797,13.218861,0.146533,-0.298947
2.522554,0.041314,8.589139,0.01879,0.187311
2.293531,0.135169,12.893588,0.435437,-0.106141
3.22175,-1.332978,11.300301,-0.245192,-0.002117
2.979704,-0.14445,8.003107,0.122597,-0.064146
2.257605,-0.013023,9.145981,0.000265,-0.123425
3.562292,-0.376467,11.274704,0.836629,-0.304914
2.302063,-1.041235,8.730445,0.027169,0.002736
4.350703,-1.11099,10.635234,0.357482,0.634883
1.544039,-0.535586,9.98334,0.130632,-0.15259
1.348695,-1.458567,10.719359,0.144423,0.032594
1.519191,0.03368,6.093528,-0.32127,-0.12117
3.035238,0.46164,7.432943,-0.199979,0.257
4.245322,-1.155747,10.862162,0.144406,0.498561
3.596122,-0.425864,10.638078,0.122613,-0.225923
1.418001,-0.675994,11.735147,0.369323,0.463128
1.995201,0.076042,11.966116,0.112764,0.101351
4.296815,0.309407,10.361753,0.158023,-0.026211
-0.352367,1.037642,11.334729,-0.179271,-0.839214
4.728966,0.33186,11.583362,0.160001,-0.102508
1.282234,1.196911,6.348299,-0.134285,-0.092698
3.589835,-0.202529,8.673863,0.222018,-0.108964
-1.190923,-0.089065,14.193185,0.018241,0.03403
1.974544,-0.230221,9.558673,-0.565258,-0.038311
2.730622,-0.387544,6.63121,0.456939,-0.152228
0.538879,0.771346,10.28601,-0.131147,0.22574
2.398462,-0.497116,8.51624,0.119933,0.02938
-0.935255,-0.007934,10.395732,0.184826,0.101394
2.696493,0.45221,5.38131,-0.250915,0.056805
1.040636,-0.361947,6.961274,-0.759861,-0.45182
1.238524,-0.501906,9.863289,0.023661,0.019426
3.263963,0.281714,7.982899,-0.033874,0.395633
2.359693,0.556094,9.551787,-0.242721,0.222448
3.947142,0.504002,9.884994,-0.362749,0.108987
1.323248,0.290845,6.301745,0.051051,-0.227608
2.632725,0.170046,7.235354,0.047471,-0.299361
1.805096,1.415756,12.268637,0.141742,-0.108087
2.077829,-0.260009,10.759775,-0.190062,0.037597
2.575394,-0.731379,8.913514,-0.195895,0.001703
3.241509,0.255369,7.354057,0.085546,0.030841
3.832929,-0.248034,10.717712,-0.051095,-0.005839
2.342928,0.122445,6.52089,-0.495157,0.329797
0.53873,-0.550405,10.114167,-0.145218,0.061788
1.342408,0.590821,6.715635,0.07406,0.132215
1.675765,-1.140628,11.676618,0.003576,0.165284
3.767515,-0.999322,10.831925,-0.045323,-0.296509
0.659229,0.339494,9.614057,0.351853,0.024051
-0.002245,-2.429298,14.160104,0.104211,0.22815
3.276387,-0.814157,7.601044,-0.758846,-0.033037
2.571802,0.563129,7.84788,-0.200154,0.024186
1.925745,0.300425,6.72282,-0.111887,0.150952
0.4808,-0.623004,10.656939,-9.2e-05,-0.33718
2.518662,0.983455,7.952513,0.465331,0.367642
2.829716,-0.085472,9.028176,-0.046899,-0.033776
4.305197,-1.131347,8.348439,-0.136222,0.024592
0.276774,0.847837,13.336666,0.277958,0.079243
1.605262,-0.996628,11.125165,0.204303,-0.140583
2.883903,-0.490231,11.838582,0.316172,0.1764
3.316503,-0.925226,13.424384,0.084369,0.145176
0.330513,0.246687,10.680141,0.207254,-0.243107
2.521956,-0.025297,7.378456,0.037861,-0.022562
1.310225,0.96654,9.094189,0.306421,-0.299782
2.132316,0.6974,12.468172,0.149957,-0.246928
2.371967,0.378563,6.422095,0.074214,-0.226465
2.604584,-0.175435,12.812307,0.216827,0.01079
1.293909,-1.390758,9.862092,0.284148,-0.334813
1.284928,-0.664618,12.242891,-0.37385,0.1405
2.728077,0.398771,7.308851,0.004496,-0.019543
2.210902,-0.164807,6.996451,-0.739703,-0.217642
2.257156,0.609832,5.152885,0.085583,0.074543
2.893932,-0.523761,6.234984,-0.106788,-0.166936
4.578529,-0.053439,10.660082,0.291417,0.108449
0.986149,0.938099,10.437196,0.141408,0.127055
3.884572,-1.093775,12.099639,0.024244,-0.133012
2.13052,-0.273332,6.609056,-0.062903,-0.265943
0.539478,0.834515,12.460388,0.028921,-0.303499
3.345992,0.345781,7.269782,0.156709,0.138223
2.215543,-0.867895,9.185199,-0.01243,-0.029706
1.873055,1.700913,8.452024,0.161079,-0.024044
2.359094,0.141156,12.829221,-0.502379,-0.049384
2.905757,0.146396,6.528973,-0.035063,-0.150584
1.346899,-0.821941,7.779023,-0.048224,-0.103491
3.266956,0.008832,8.328082,-0.158419,-0.02773
1.174009,-0.12963,9.325458,0.001757,0.016252
0.451761,-0.362995,11.758348,0.130851,-0.047156
4.159999,-0.317789,8.958571,-0.022966,-0.01789
0.943039,0.118254,10.79585,-0.175388,0.517058
1.343756,-0.640368,9.827214,0.039242,0.016649
0.770298,-0.658032,9.666748,0.103203,-0.159224
1.870211,-0.685125,9.606723,0.133305,-0.002112
2.136657,0.480351,7.011719,0.046665,-0.036274
1.953138,1.088836,7.776778,-0.010757,0.136527
1.642684,0.598905,8.357121,0.297653,0.172571
0.856968,-0.713416,13.980927,-0.217334,-0.128531
2.883154,-0.554896,11.09388,0.147138,0.1821
4.054319,-0.710722,10.309661,-0.204471,-0.310902
1.408421,-0.268691,6.708749,0.045533,-0.155874
1.532663,1.176703,7.774982,0.002295,0.398491
1.761537,-0.732726,9.527088,-0.025097,-0.042334
-0.571811,-0.323328,13.172158,-0.390215,-0.441563
0.840802,-1.465453,9.185199,-0.076153,-0.253973
1.027463,1.114732,6.021977,0.251181,-0.16412
1.82276,-0.874182,10.264754,-0.007515,0.005785
2.271526,-0.343835,11.655512,-0.955088,-0.314615
1.247206,0.917442,12.658726,-0.017551,0.022715
0.564027,-0.268841,12.510834,0.212085,0.108737
2.161206,0.238304,8.21357,-0.108406,-0.152331
3.939657,-0.137265,7.847581,-0.043981,-0.024865
0.937051,-0.743654,9.753268,0.296988,0.050247
3.244204,-0.945135,9.245823,0.168445,0.06351
2.962789,0.43769,6.5402,-0.167652,0.074729
1.525777,0.033231,7.672295,0.044434,-0.217364
1.137335,0.95202,10.320289,0.238733,0.061629
2.606081,0.12993,6.949748,0.043356,0.137879
1.538351,1.441203,8.786429,0.005679,0.000655
1.878144,0.116458,8.572673,0.034426,-0.098461
2.628235,0.545166,9.427845,-0.07776,0.132136
2.275867,0.650397,12.040811,0.002488,-0.127329
2.729125,-0.052391,7.570806,0.135988,-0.239802
3.409161,1.445245,7.999814,-0.408274,0.195633
2.300416,-0.136516,8.684341,-0.030297,-0.127231
3.13553,-0.265248,11.103311,0.149663,-0.068344
0.861459,-0.21645,6.564599,-0.091664,-0.002988
1.949845,1.089884,7.929461,-0.950702,-0.271561
0.818348,0.464035,7.989635,-0.566032,0.178376
0.660726,0.985251,13.631553,-0.078113,-0.057404
2.135759,-0.498014,10.203681,-0.104158,0.101025
2.823578,0.167053,10.83417,0.183828,-0.290896
1.443748,-0.371378,7.546108,0.012666,0.004453
1.41381,0.844394,7.173083,-0.165127,-0.280482
1.975741,0.50505,8.504265,-0.024432,-0.060174
2.683769,0.451761,12.121493,0.217311,-0.107503
3.379822,0.406854,12.507241,-0.417649,-0.439119
1.451082,0.861608,9.56017,0.099841,-0.548501
2.448458,0.19699,8.659492,0.001733,-0.004941
1.81797,-0.301473,7.669002,0.676732,0.192162
2.257605,-0.508343,9.164243,-0.438034,-0.212663
3.355422,-1.100811,9.21394,1.118307,-0.176933
2.688709,-0.248034,7.133566,0.102703,-0.087293
3.708089,-0.014071,10.669662,0.156894,-0.059559
0.887804,2.705025,9.798025,-0.474904,0.069377
2.303859,-0.793051,10.145752,0.293237,0.156921
3.765869,0.652343,9.370813,0.02795,-0.329277
1.124462,1.196462,7.419321,0.068622,0.02351
3.665128,-0.378862,8.923992,-0.051976,-0.106632
3.369343,-0.276924,8.628956,0.586246,-0.012289
2.826273,1.099763,11.126063,-0.011616,0.06703
1.51455,-0.403112,6.134992,0.133444,0.111633
4.679718,-0.485141,11.025622,-0.143131,0.102533
1.786984,-0.002395,8.128846,0.205618,0.036539
2.488725,0.297731,7.211703,0.069739,0.185928
1.159788,1.060395,7.387737,-0.030783,-0.138815
2.374662,0.938698,11.782897,0.239804,-0.179801
1.686992,-0.248184,6.628815,0.093775,-0.052173
3.117567,-0.966839,9.737551,-0.662447,-0.468596
0.986299,0.499661,10.518776,0.406956,-0.010348
2.975363,-0.237107,10.756332,-0.387299,0.237014
1.276246,0.486339,13.06064,-0.121663,0.392962
1.383723,-1.232836,11.219469,0.32904,0.110061
1.045426,0.637375,6.019732,0.005481,0.012274
1.868115,-0.551453,8.601713,-0.540706,-0.394975
1.425186,1.603615,10.695109,-0.702467,0.400577
2.292483,0.0964,11.633658,0.201446,0.274325
2.011816,0.912203,10.437345,-0.025761,0.060488
3.705993,-0.48559,8.30982,0.167784,0.196332
0.827629,-0.143701,9.453441,-0.020461,-0.016504
2.531835,-0.972079,12.04605,-0.244963,0.218021
3.674409,-0.026645,9.93993,-0.197374,0.329012
2.353705,0.275278,7.746691,-0.204895,0.087701
2.14459,-0.593516,12.621753,0.327836,-0.148063
0.247136,-0.471969,14.231954,0.022153,-0.026287
2.117048,-0.396974,7.904163,-0.495476,0.168597
2.089655,0.902922,8.983269,-0.09807,-0.129216
2.673141,0.486189,11.79622,-0.046262,-0.013965
4.140989,0.638722,11.298954,0.821259,0.205068
1.818419,-0.628693,9.510323,0.053218,0.090593
1.730701,0.734822,13.093422,-0.20847,-0.389795
1.595682,-0.303569,7.781718,0.177043,0.138401
2.501448,0.333357,7.219038,-0.312904,-0.38779
1.465004,0.848585,6.428083,0.127309,0.148661
0.689915,-0.888103,8.513097,0.199083,0.077482
1.901795,1.289568,9.52604,-0.837735,-0.695553
2.656226,-0.325124,6.217171,0.127474,-0.042972
2.504891,0.149389,7.767497,0.147373,-0.156377
3.287464,0.545615,9.600585,0.057386,-0.185683
1.911375,1.174907,7.199429,-0.014187,0.102397
1.57263,-0.204624,9.543404,0.145451,0.048726
2.599644,0.126337,12.575649,-0.26244,-0.105405
2.83735,0.279319,6.978638,0.06357,0.028553
2.257156,1.19751,10.977123,-0.140299,0.068921
0.785866,0.634231,11.299852,0.046359,0.130182
1.191672,-0.956661,10.023755,-0.125304,0.229113
2.639312,-0.594713,11.767779,-0.041867,0.34714
2.307302,-0.567919,9.558822,0.244268,0.086885
1.231639,-1.025966,9.0888,0.00304,0.014773
1.717079,0.866099,13.208383,0.114392,-0.524517
3.398982,0.565225,7.163354,-0.1797,0.034867
0.49517,-0.316292,10.651849,0.005729,-0.117832
1.639241,0.475262,8.057744,0.209829,0.172819
2.286196,0.686472,9.82437,0.062406,-0.245723
0.258812,-0.520917,11.441607,0.066975,-0.082522
3.284171,0.304317,9.372909,0.023768,0.038139
1.31741,-0.529449,9.715995,0.133194,-0.013358
3.853736,0.017364,6.677165,-0.379566,-0.014562
2.538721,-0.639171,11.38248,0.095856,0.10423
2.212848,0.225581,8.525222,0.439033,-0.117178
3.321593,-0.221988,8.426277,0.124094,-0.021601
3.665877,-0.108674,10.075248,-1.110289,-1.183045
1.085992,1.080603,7.994575,0.028359,-0.006498
0.887804,-0.342188,7.711813,0.018185,0.001315
0.275727,0.308059,12.713063,0.159156,-0.173229
1.025667,-0.064366,13.510155,0.078053,-0.235943
1.257685,0.815205,11.952345,0.158655,0.017054
2.337838,0.458946,13.093721,0.127064,0.629308
0.758173,0.862955,13.82046,0.003535,0.119491
3.405119,-0.056582,7.570956,0.083911,-0.397655
3.962111,0.320633,9.225316,-0.083529,0.1912
1.710343,0.443079,10.422377,0.074338,-0.086952
4.588109,-0.484991,12.946727,-0.011534,-0.078349
4.449797,1.011447,11.821517,-0.341979,-0.238844
2.752027,0.490979,13.795762,-0.8321,-0.674376
1.551374,-0.495919,12.186009,0.21032,0.162722
2.45714,-0.470322,12.173435,0.04004,0.12929
1.847458,0.590672,6.830147,-0.037913,-0.228643
3.493136,-0.352068,7.02549,-0.094082,-0.147132
2.133214,-0.354912,7.696545,-0.173878,0.071631
4.019591,-0.046104,11.141781,-0.069034,-0.572083
2.985542,-0.104333,7.597301,-0.152117,-0.263568
2.950814,0.265847,8.69437,0.060153,-0.081835
1.963467,1.065335,10.881771,0.071398,0.15061
0.570314,0.354313,8.499924,0.13154,0.225427
1.204096,0.708177,13.740526,-0.164519,0.027543
2.35161,-0.024848,6.670129,0.083267,0.334901
3.016228,0.176483,8.187524,-1.072071,-0.279654
2.103276,-0.452659,7.485634,-0.482106,0.075141
0.628693,0.647104,7.883806,-0.054126,0.053606
3.274291,-0.016765,10.452614,0.222278,0.002598
2.252216,0.094005,7.375014,0.04064,0.29565
0.555645,0.49053,10.463391,0.141224,-0.044968
1.225202,0.410746,7.461234,0.169685,-0.08355
2.618804,1.358874,14.559174,-0.18387,-0.376138
3.02461,-0.828078,9.23295,-0.102282,0.233674
0.458347,-0.120948,10.513238,0.196412,-0.166572
1.902993,0.366139,7.609276,0.174295,0.232011
2.412533,-0.179626,6.942413,0.709386,-0.454987
2.62554,-0.167651,8.718769,0.202462,-0.39064
1.463956,-0.557141,9.710457,0.157871,-0.294293
2.33215,-0.495021,9.499396,-0.032915,-0.360479
3.016078,0.099244,6.53047,0.087096,0.065767
1.2505,-0.052092,12.763358,-0.430184,0.065003
2.677931,0.831371,12.295731,-0.055091,0.59444
2.517914,-0.244292,7.29957,0.205104,0.226877
2.66416,0.007934,9.327254,0.174455,-0.057101
2.881957,-0.626447,9.730216,0.031669,0.032434
3.015479,0.556543,7.228019,-0.435442,0.411544
2.248175,-0.720452,10.189461,0.246362,0.487797
2.570305,0.253124,6.794072,0.064217,-0.068625
2.63527,0.142055,11.346704,-0.318739,-0.099284
1.557811,0.949775,7.154522,0.196034,0.071645
1.556463,1.441502,8.419392,-0.190319,-0.015332
2.544409,-0.103435,9.913285,-0.044421,0.165243
2.989134,-0.065115,11.688593,0.242612,-0.193849
2.763853,0.701591,8.485255,-0.249763,0.085105
3.742368,-0.4329,10.821746,-0.129466,0.165827
3.498225,0.411494,8.861423,0.135782,0.155373
3.458708,-0.65414,9.551787,0.021609,0.010874
1.50497,0.637973,11.731704,0.209467,0.270931
3.641028,-0.331411,8.761281,-0.157903,-0.340153
1.511856,-1.497336,9.720037,-0.406163,-0.115333
1.868115,-0.808169,9.715696,0.370737,-0.036501
1.224753,0.131427,9.135503,0.416806,0.103347
0.743953,0.190853,9.088949,0.151613,-0.200354
0.335901,-0.568967,7.626042,0.156949,0.040489
2.769541,-0.560884,9.48293,-0.200813,-0.023392
2.066453,0.022004,12.297078,0.084366,-0.077616
2.840493,-0.031584,8.458461,0.119506,-0.173516
2.58707,-0.110171,6.142177,0.025081,0.050023
1.623075,-0.472567,8.244705,-0.028229,-0.011821
1.576671,1.607807,11.93528,0.406618,0.235237
2.434687,0.040566,6.107449,0.046598,-0.254289
0.704734,0.808319,12.198134,0.061715,-0.190189
0.373174,-2.070195,12.265045,-0.178982,-0.035208
2.16405,0.749791,8.514893,0.059284,0.852974
1.412463,-0.678988,8.543184,-0.505032,0.214942
3.459456,-0.289947,8.726852,-0.005912,0.110501
3.756888,-0.258812,11.551628,0.076777,-0.239994
1.996249,-0.781525,7.29987,-0.055748,-0.026304
2.367926,-0.939297,11.629915,0.363417,0.338601
0.965642,0.098046,7.837252,-0.070537,0.199862
0.690364,0.006437,9.047336,0.016855,-0.04736
2.903362,-0.1443,6.825057,0.378699,-0.426942
1.743874,0.077838,8.292156,0.156899,-0.347079
1.970053,-0.801733,9.624536,-0.243261,-0.299941
2.288741,-0.283061,11.336077,-0.499166,0.448054
3.050506,0.226928,7.734566,0.215903,-0.305127
3.893553,-0.116308,8.472382,-0.032284,-0.031822
3.571273,-0.23576,8.960966,-0.033058,-0.195315
2.175276,0.111518,7.337292,-0.900713,-0.086007
2.737807,-0.205972,6.844816,0.186623,-0.023003
2.98629,-0.194446,5.739964,0.122218,0.041154
4.317621,0.1922,11.556418,0.091479,-0.041159
1.337618,0.838107,9.469458,-0.380916,-0.008605
3.434608,-0.938099,11.475437,0.19085,-0.398966
1.893413,-0.677192,7.233408,0.321669,0.050975
3.768114,0.738115,12.819342,0.015345,-0.028131
3.723657,0.950374,10.052047,-0.039853,0.136734
2.0196,0.104333,12.065061,0.108902,-0.180026
2.341281,-0.239951,6.865473,-0.007633,-0.141277
3.486101,-0.540526,8.953032,0.211102,-0.116193
3.850892,-1.084794,11.297157,0.682548,0.238381
4.272565,0.417182,10.933713,0.018818,0.136553
1.785337,0.928519,10.630145,-0.099113,-0.035956
1.126408,0.697549,12.414733,0.156494,-0.411616
2.576742,0.265697,11.802507,-0.451852,-0.216209
3.89999,0.324974,10.191257,-0.075157,0.574228
0.174387,0.766107,12.495715,0.196763,-0.119625
3.586991,0.174836,6.374494,-0.061167,-0.108668
2.171983,-0.396076,12.21939,0.025058,-0.409111
1.462608,0.508193,5.739365,0.466122,-0.149091
3.599565,-0.304766,6.058801,0.175548,0.12651
3.186723,0.281115,8.148755,-0.095667,0.049797
2.34173,-0.319136,7.889194,-0.664285,-0.723311
1.273552,0.982257,8.383916,-0.360736,-0.191729
3.027604,-0.269739,10.994637,0.483926,0.079677
2.51492,0.006886,6.85754,-0.527442,-0.081877
2.499353,1.090183,8.41041,0.149233,-0.048094
1.790427,-0.479154,13.16153,-0.319913,-0.225341
1.063089,0.711171,10.565479,-0.073061,0.123544
3.14002,-0.139061,8.460856,0.115214,0.04426
2.073638,0.119302,7.825427,-0.055568,0.019366
2.562222,-0.747246,8.991652,0.063797,0.042402
0.930764,0.593067,10.977722,0.055819,-0.174809
-0.249381,-1.499432,13.909675,-0.017459,0.047431
3.987857,0.152682,11.855945,0.358326,0.029011
2.305955,0.512534,9.246572,0.055299,-0.013192
1.765429,-0.877326,9.740245,-0.002867,0.003866
3.01024,-0.46628,7.586075,-0.034618,0.173394
3.859275,0.267793,11.313773,-0.251781,0.257594
1.747766,-0.868943,10.195748,-0.368959,-0.739724
3.498225,-0.343236,12.504397,-0.520878,0.512387
1.480122,0.068408,11.442655,0.09438,-0.163954
3.812721,0.409997,7.592212,0.292892,0.044191
0.705034,0.303569,11.029215,-0.05624,-0.070178
3.122357,-0.054487,6.81907,0.079486,0.124407
3.477868,0.102237,11.601175,0.119065,-0.056734
2.870281,1.343606,6.971902,-0.247251,-0.35399
2.294878,1.60122,12.345727,-0.085101,0.269673
1.850901,-0.620011,9.404942,-0.338406,0.047125
1.860631,-0.741109,8.552016,-0.324502,-0.07821
2.31808,0.908461,8.12675,-0.026847,0.161379
2.561773,0.953817,8.950038,0.649334,0.438168
0.093705,2.279759,13.606106,-0.029543,0.228144
1.531914,1.317859,9.70896,-0.30238,-0.072137
2.804867,0.987796,12.188853,-0.260573,-0.453724
1.367856,-0.516276,9.686507,0.404502,-0.065637
1.342558,-0.513283,9.69923,0.130162,-0.426217
1.951941,0.834814,7.855365,0.162195,0.117815
1.820065,-0.551902,9.664053,0.053572,0.143541
2.556085,-0.44218,8.613987,0.178953,0.16698
1.855841,0.157772,11.104059,0.024498,-0.159874
1.407673,-0.539778,12.271032,-0.185279,0.590784
3.623515,0.038171,10.945389,0.302965,-0.082345
2.823429,-0.220342,7.589967,0.097095,0.603513
1.843866,1.239423,9.774524,-0.044237,0.153266
0.880319,-0.535886,9.878857,0.011538,-0.007643
2.035767,0.44263,9.835297,-0.050989,-0.055001
3.857478,-1.275498,10.708731,-0.088749,-0.19512
4.446054,0.387843,12.304712,-0.188611,-0.129013
1.705703,0.405507,12.764257,-0.01603,0.108218
1.934278,-0.813259,11.082803,0.411753,-0.372461
0.900677,-1.205743,10.155033,0.060764,-0.115307
4.455185,-0.543669,10.880574,-0.004142,0.264762
2.067501,1.456172,11.736793,-0.262918,-0.200492
1.578917,0.931513,10.909015,0.027428,0.166094
2.482438,-1.294059,12.087813,-0.243989,-0.453108
4.349655,0.279319,11.518996,0.615541,0.401299
2.478246,0.529748,11.909684,0.09093,-0.026456
2.76026,0.101639,10.963202,-0.009942,-0.128414
1.819167,0.697699,9.740544,-0.116148,0.139977
1.710044,-0.720003,11.268268,-0.131208,-0.024625
0.518073,0.392184,7.770042,-0.430141,0.299295
1.905238,0.84619,9.462423,0.145205,0.085509
1.540447,0.293091,5.800139,0.06816,0.121475
3.191064,-0.563578,7.734416,0.002066,-0.153901
0.521665,0.307311,7.560927,-0.239255,-0.033877
1.685645,-0.324375,11.77661,0.298962,0.026404
1.055305,-0.617765,10.898686,0.083911,-0.539217
1.818568,-0.684527,9.874067,0.410626,0.143766
1.204545,-1.01923,12.960049,0.352165,0.060434
3.017276,0.273332,9.144933,-0.013991,0.074045
2.31299,1.359772,10.769954,0.088892,-0.179922
1.027463,-0.671653,9.864187,-0.247741,-0.194743
1.097667,0.949625,8.934321,0.359401,-0.087122
1.885479,0.482596,6.902147,-0.135813,0.070213
3.107238,-0.35581,7.102281,0.071597,-0.005923
2.874772,-0.129481,11.227103,0.061497,0.152238
1.989812,-0.342637,9.941576,0.389719,-0.107292
3.455414,-0.10119,6.656508,0.274942,0.115944
2.218237,0.84155,9.543554,0.321327,-0.031016
1.45213,-0.077688,7.738009,0.028485,-0.136332
4.093388,-0.171394,11.710448,0.224899,0.06088
2.653233,-0.061821,6.696175,0.030558,-0.121378
2.892585,0.345482,8.844358,-0.446677,-0.200241
3.062332,-0.55325,11.789933,0.289802,-0.132123
2.371369,-1.805246,8.248298,0.644344,0.883687
1.790427,0.171693,9.755364,-0.009866,-0.098172
2.05822,-0.179177,9.572893,-0.176809,-0.172455
1.326392,-0.409548,10.865305,0.16052,-0.052136
2.387385,1.489253,9.464069,0.000102,-0.158794
3.711682,-0.035027,11.091335,-0.083253,-0.330834
1.966461,0.335901,7.74205,-0.083702,-0.061989
2.903662,0.464933,13.538746,0.171138,0.356993
2.978506,0.272733,8.096663,-0.108152,-0.433694
1.816173,-0.75967,9.392518,-0.474285,-0.122331
3.235522,0.217049,8.439899,0.067077,-0.133601
1.775757,-0.672252,9.527837,0.059265,0.225191
3.356919,-0.412841,6.952891,0.296043,0.39924
2.382895,0.305814,7.449109,0.052851,-0.064369
1.204246,-0.82254,12.456347,-0.126179,-0.180272
3.751948,0.055085,8.504265,-0.065679,0.089628
2.00059,0.235011,7.996521,-0.055095,0.070609
1.834136,-0.109273,10.373279,0.098675,-0.094557
3.317102,0.364342,10.174492,-0.237378,0.028023
0.084874,0.213157,7.901918,0.261019,-0.369927
0.344733,-0.195194,9.865085,0.024643,-0.736582
1.72172,0.421523,11.449241,0.300473,0.112316
1.45243,0.738414,7.821236,-0.11783,0.104842
1.326092,-0.569266,9.743538,-0.036194,0.002036
1.79836,-0.23067,12.194541,-0.000493,-0.247161
1.779949,0.33186,8.767119,0.483917,-0.244648
2.782264,0.000449,7.358398,0.227144,0.016075
2.652634,-0.10568,10.408156,-0.769587,-0.099549
0.433648,0.622406,13.51779,0.082063,0.177929
3.405867,-0.668809,8.522827,0.040958,-0.145592
1.336571,2.891238,13.761183,0.124314,0.013973
1.723516,-1.847458,10.528057,0.30662,0.145002
2.136208,-0.36075,6.899902,-0.055564,0.018455
3.698359,-0.320633,7.777976,-0.460826,-0.544928
2.406546,0.540526,8.364905,-0.459557,-0.011965
1.771267,0.98121,5.54447,-0.068323,-0.129973
1.539848,-0.83212,8.832682,-0.064586,-0.134449
3.847,-0.336351,9.602681,0.092628,-0.389253
1.071172,-0.85098,9.695338,-0.241116,0.307037
1.354234,-0.055684,6.55457,0.313706,-0.100403
3.814368,-0.677491,10.753488,-0.071071,-0.060132
3.494184,-0.810864,11.634107,0.359581,0.676742
2.098786,-0.428259,6.325845,-0.177081,-0.882795
2.070494,-0.039218,10.899884,0.051626,0.108517
4.09219,-0.73572,11.054961,-0.241716,-0.179018
2.121538,-0.757275,8.611442,0.05881,0.0318
4.432732,-1.456621,10.90647,0.164905,0.597252
1.443897,1.451681,9.350156,0.2097,-0.155097
0.509391,0.829575,7.284751,0.097185,-0.058502
1.762585,-0.058079,9.724228,-0.203323,-0.035269
1.915117,-0.301623,10.032288,0.256779,0.187786
2.29877,-0.238903,11.865376,0.199184,0.049156
3.017126,-0.071252,6.430478,-0.437004,-0.108118
0.590971,0.809367,13.526771,0.286558,-0.103698
2.382446,-0.145198,7.401808,0.014811,0.031471
2.390529,-0.151784,6.402935,-0.323919,0.294139
2.505939,0.353116,7.276668,-0.238618,0.091251
3.300636,0.579595,12.266093,0.896442,0.840474
1.68774,0.587828,7.942633,-0.339795,0.136619
2.304009,-0.197739,9.636211,0.002723,3e-06
1.780398,0.041613,7.192992,0.077732,-0.093178
4.50593,0.044308,10.312056,-0.022087,-0.013535
2.699935,1.396596,13.018877,-0.158762,0.129093
1.987717,1.551823,10.471774,0.582674,-0.261739
2.162553,-1.469045,10.727742,0.308982,0.157342
1.306034,1.104104,7.038663,0.200963,0.256937
1.645229,-0.659529,9.782607,0.256877,0.456661
1.981879,0.04341,5.960305,0.009159,-0.057247
1.953438,-0.746498,9.900113,-0.814739,-0.444277
3.185226,-0.353864,8.585995,-0.049329,-0.219541
2.162254,-0.457898,9.119785,-0.296797,0.073692
1.406026,0.15403,6.636599,-0.017565,0.087028
1.292712,1.184187,6.815926,0.024109,-0.143576
1.011596,2.420766,13.770015,0.200524,-0.047082
1.397195,-0.77898,8.926238,-0.254237,-0.300896
1.798959,-0.570314,9.55014,0.209802,-0.385699
0.780178,0.917143,9.022637,0.069013,0.395528
1.077908,0.306113,13.167518,0.696439,0.178522
1.79372,0.731828,8.348739,-0.299764,0.036302
2.471211,1.517095,7.818541,-0.461568,0.059631
0.967738,0.742905,7.912845,0.211045,0.086884
1.925596,-0.8417,7.116202,-0.916573,-0.524781
1.475931,0.136516,6.655011,0.202289,-0.022547
0.908161,-0.00479,12.474759,-0.281504,-0.067887
3.263663,-0.121547,8.076156,0.207176,0.176648
1.670676,0.382006,9.687704,0.105122,0.004329
2.853366,0.058379,6.984326,0.148804,-0.005792
3.025808,-0.279918,8.439001,0.024189,0.126159
3.992647,0.195194,9.936337,-0.194853,-0.053646
0.882864,-0.4811,9.077872,0.022405,-0.008202
1.572779,0.56732,9.871522,0.174791,-0.107403
2.844385,1.617985,10.859617,0.07466,0.306048
0.380658,0.652643,12.033776,0.183634,-0.10956
2.304009,0.09625,8.715476,0.119185,0.131315
2.237697,-0.777633,8.363708,0.120302,0.009303
3.780538,-0.657133,11.446996,-0.784555,-0.10352
3.69776,0.238155,8.834479,0.105306,0.050233
2.071991,-0.169448,13.044773,-0.316862,0.316771
0.316741,0.219893,11.343711,-0.024448,0.085649
-1.069227,1.485062,12.926369,0.162367,-0.186827
1.349144,1.015638,12.174184,-0.010448,0.218905
0.474813,0.769849,12.333602,-0.104713,-0.320868
2.940186,0.279768,7.460785,0.09873,0.01137
1.433719,-0.781076,9.379944,-0.533624,-0.149544
4.187093,0.847987,10.938503,-0.204863,-0.452202
3.199297,-0.769849,9.221274,-0.115058,-0.172599
1.774709,0.560435,6.818471,0.43567,0.395636
3.776197,-0.184117,7.763905,-0.071093,-0.137369
2.96713,-1.270408,11.426488,0.139523,0.048114
1.679957,0.292941,10.272089,-0.203306,0.001202
2.023193,-0.031285,7.460037,0.04044,0.074192
0.299827,0.539478,9.88215,-0.046292,-0.300617
1.605561,0.157173,10.346035,-0.078849,-0.02023
3.45751,-0.241897,7.896679,0.101693,0.214154
2.507585,-0.232317,11.3488,-0.333552,0.295727
1.220262,-0.361199,7.577243,-0.2083,-0.171121
1.284329,0.894091,6.677314,0.22287,0.018402
2.733316,0.151635,8.61279,-0.057515,0.084962
3.022066,-0.619113,7.495513,-0.359188,-0.182019
1.003214,-1.316213,10.102791,0.157227,-0.13591
1.333128,1.093476,6.686296,0.345374,-0.018018
2.818639,0.499811,12.102632,0.172937,0.084501
3.703149,-0.145797,7.867789,-0.017002,0.024995
1.914968,0.34144,7.077732,-0.063592,-0.101641
1.257685,-0.111967,8.515043,-0.037103,0.064752
1.587,0.529599,9.676627,0.189842,-0.049826
1.337768,0.320484,6.82356,0.218152,-0.106881
2.323468,1.337918,13.863421,0.206177,-0.063409
2.511477,-0.154928,6.720125,-0.059411,-0.105892
1.713487,-0.529,12.027189,-0.012196,-0.105411
2.102677,-0.781375,7.876471,-0.36347,-0.361121
2.405498,0.051493,12.732822,-0.069871,0.139156
2.265838,-0.187859,6.789282,0.18315,-0.138569
1.872606,-0.472567,7.475455,0.742228,-0.237103
2.871479,-0.184866,9.241183,-0.301351,-0.05696
3.172802,-0.066761,8.110883,0.164453,-0.028096
2.912493,-0.229173,6.454428,0.156248,-0.176643
1.554517,0.772094,6.81428,0.361197,0.064009
1.837429,0.097148,6.516399,0.770558,-0.168046
1.158591,-0.5049,9.652228,-0.164973,0.225462
1.685495,1.273402,8.816217,0.01314,-0.519049
1.856589,-0.67794,9.703422,0.373775,-0.2612
0.431403,1.007555,8.312813,-0.499061,-0.233686
3.177143,0.204774,7.826026,0.191969,0.446377
3.737129,-0.734373,9.187295,0.057883,0.298782
1.613944,0.086819,12.44542,-0.188322,-0.260783
1.707499,1.256038,9.753418,-0.353213,0.122501
1.671873,1.066832,14.136004,0.198166,0.047669
2.260898,0.142354,8.912017,0.386798,0.312419
4.424649,-0.268691,9.019344,-0.103009,-0.150106
2.319876,0.671953,8.18438,-0.046879,0.301572
3.612887,-0.149689,8.182884,-0.007625,-0.105305
2.613864,-0.579894,7.553892,-0.081162,0.133923
3.859125,-0.10089,9.990824,0.144817,-0.053871
1.442251,-0.274978,7.378456,0.417824,0.016273
3.448828,-0.10089,11.684702,-0.336636,-0.761738
1.955533,0.233814,10.393187,0.208878,0.267185
1.123863,-0.670605,9.356892,0.424082,0.016549
1.985172,-0.688269,10.123598,-0.558392,-0.426045
1.130749,0.10104,6.82835,-0.030664,-0.19909
2.046095,1.267115,8.458311,0.04153,0.109342
0.959355,-0.310604,10.923385,-0.130735,-0.184023
1.957779,-1.033601,11.186088,-0.385496,-0.153192
1.624572,-0.460293,7.832911,-0.232537,-0.190926
3.662135,-0.373623,7.984097,-0.003218,-0.02719
2.011068,-0.791105,8.10759,0.51532,0.350218
0.909209,1.008303,7.691006,-0.629213,-0.280974
2.223925,-0.108225,13.210329,-0.086483,0.154826
0.58169,-0.208816,8.502469,-0.102366,0.458136
2.157613,-0.579295,8.924741,0.056985,-0.087159
2.289938,-0.314197,8.488698,0.194472,0.20735
1.357826,0.782722,7.260801,-0.504332,0.070334
1.013243,0.349373,13.708792,0.448922,0.266886
0.8655,-0.069905,7.989635,0.002474,0.067037
1.474284,1.01474,8.022417,0.07037,0.039097
1.703458,0.724793,7.330706,0.184109,-0.303051
1.870361,0.329764,12.01267,-0.017696,-0.074639
1.308279,-0.772244,12.6234,0.224963,0.193084
2.170936,-1.67352,9.226064,0.819841,0.189192
2.275119,-0.306562,7.513326,0.00382,-0.013952
2.059118,-0.244442,10.294243,0.270312,0.666112
3.282823,0.310454,6.504873,0.425353,0.40272
1.362616,0.897384,6.732849,0.324253,0.06387
2.159709,0.712219,9.587413,0.021557,-0.118227
1.52937,0.307311,7.435787,0.307388,0.014423
1.67337,0.432301,7.902217,-0.192292,0.328015
1.952091,0.227227,7.757468,0.407833,0.300998
0.452808,-0.226778,14.886394,-0.893847,0.22977
2.416425,0.392933,10.99314,0.191512,-0.043614
2.804718,-0.953367,11.043136,0.111517,0.158695
1.793421,-0.223485,10.03109,0.20843,0.100115
-0.456102,-0.238304,14.040652,0.102058,-0.03657
0.188308,0.747995,12.177776,-0.006196,0.216059
0.807271,0.962199,13.235626,0.103029,0.171417
2.40445,-0.11526,7.307055,0.259047,0.164323
2.439327,-0.90891,11.017539,0.207516,0.054673
3.39015,0.231419,11.65192,0.351772,-0.371911
1.19242,0.367037,7.65553,-0.646067,0.072411
2.566263,-0.454455,10.577304,0.400048,-0.028349
2.092948,-0.540825,7.832462,-0.116298,0.05221
1.910777,-0.994083,9.393865,-0.192651,0.20228
1.254841,1.65406,9.331894,0.294647,-0.154392
2.111509,0.135768,7.541617,0.096956,-0.089548
3.420238,-1.47623,14.025983,-0.800725,0.359917
2.033521,0.724942,7.163653,0.023451,0.224377
2.638713,-0.047601,6.393804,0.027057,0.125915
2.409539,0.16825,7.296277,-0.074715,0.125176
0.17798,0.239951,11.10361,0.356574,-0.02741
0.358055,-0.19729,13.963862,-0.471771,0.120689
1.408122,0.579445,6.916218,-0.158829,0.112725
2.753075,-0.272883,7.711214,-0.133816,0.390923
2.768792,0.023501,12.096645,0.242919,-0.371244
1.366059,0.652643,12.909305,0.349151,0.19858
0.300126,0.647104,10.363848,-1.114651,-0.142345
3.362607,0.066312,11.377091,0.34063,0.049577
2.806214,0.739163,6.587651,0.157587,0.066059
1.225202,0.093256,9.39177,-0.082376,0.071444
3.536396,-0.352517,10.617421,0.11478,0.294549
1.620829,-0.397723,6.605763,-0.052038,-0.392992
1.205443,0.880918,11.263178,-0.377105,0.660036
1.354234,-0.30297,9.120983,-0.82531,-0.44924
3.18358,-1.238375,11.485765,0.475144,0.369804
2.226919,0.239502,7.380702,0.244209,0.151707
2.999014,-0.307311,8.197852,-0.514933,0.072227
1.563349,-1.065484,11.60836,0.026401,-0.392462
2.860701,0.233514,6.922355,0.1249,-0.066278
2.354753,0.159568,7.464977,-0.11104,-0.055557
2.459835,0.020208,6.89601,-0.392695,-0.015447
3.870052,0.136666,8.102501,0.574055,-0.139294
1.91392,0.092208,6.324648,-0.934055,-0.358334
0.689466,-0.340093,11.013647,0.122542,-0.012037
2.150578,-0.486039,7.293134,0.576176,-0.124403
1.155597,0.67794,7.932005,0.176435,0.147695
2.428849,0.218396,5.692512,-0.020883,-0.151009
4.319567,-0.05299,8.671019,0.077614,0.118217
2.966381,-0.061821,9.017099,-0.995895,-0.016956
2.234853,0.529,8.159382,0.47467,-0.242754
1.943708,0.770897,8.420589,-0.096799,-0.059628
1.364413,0.924478,13.042229,0.171409,-0.111149
1.79387,-0.416733,7.048842,0.009893,-0.023372
1.737736,0.155826,11.046129,-0.055707,0.046142
4.068988,-1.064886,10.947335,0.712167,0.221162
3.677403,0.036973,9.896819,0.233097,-0.491853
2.321223,0.972528,11.066038,-0.33105,0.160365
-0.259111,1.339864,11.033256,0.186486,-0.149005
0.235011,0.527653,12.731624,0.027859,-0.064486
2.056124,0.146246,7.394772,-0.007016,0.251582
3.209176,-0.293091,7.235354,0.153819,-0.346683
1.922003,1.683848,7.457043,0.122159,-0.113863
2.881957,0.411494,7.946226,0.344505,-0.050973
3.706592,0.278271,8.375234,0.046843,-0.145843
2.176025,0.931214,7.656578,0.232759,0.049191
3.153492,1.299448,12.282109,-0.059388,-0.271454
3.290907,-0.284858,7.554041,-0.665934,0.037353
1.767824,1.372646,9.092991,0.108954,0.390916
1.716031,0.871488,8.28093,0.262343,-0.010227
2.047293,-0.164957,10.692415,-0.170555,-0.069861
1.547632,2.040407,10.289453,-0.312341,-0.29596
3.167862,0.284558,13.55117,-0.454529,-0.501161
2.131118,0.859513,8.705148,0.022742,-0.035706
0.994532,-0.186063,13.30598,0.052986,0.113116
2.396217,0.108824,7.116351,-0.622863,-0.076043
2.729574,0.455652,7.294331,0.213788,-0.192454
2.335743,-0.997975,7.57395,-0.622203,0.419552
3.131787,-0.623154,11.257041,-0.736,-0.059642
1.470392,0.368384,7.177275,0.080532,-0.100383
4.501739,-0.438738,10.82938,-0.67884,-0.572188
1.165776,0.376617,7.582782,-0.026356,-0.272211
2.575993,-0.349074,5.925578,0.286524,-0.110884
-0.076042,1.78399,14.276262,-0.15557,0.319189
1.928739,0.521516,7.350614,0.12224,0.185832
2.502047,-0.216899,6.574329,-0.01246,-0.253531
2.997367,-0.939147,11.620335,-0.142647,-0.053396
-0.167801,0.252076,8.043523,-0.276421,-0.138955
1.549727,0.180674,7.726782,-0.530559,-0.725666
1.218167,-0.55774,9.917776,-0.31658,0.357055
2.418371,-2.39472,12.012071,-0.679275,-0.402619
3.070565,-0.632285,11.242521,0.083351,0.265692
0.533191,0.396226,14.144237,0.975317,0.167501
2.023792,0.528701,7.614815,0.117077,0.355458
3.673361,-0.196841,8.600815,-0.319037,0.152448
4.193829,-0.524958,11.010653,-0.005612,-0.221365
2.733017,-0.101938,7.462132,-0.092299,-0.199841
2.821034,-0.407153,8.72341,-0.47637,-0.132544
3.089575,0.063767,8.741971,0.350578,0.046043
2.02948,-0.349373,13.351635,0.053151,-0.119138
2.835703,0.315843,7.68472,-0.008978,0.08525
1.094075,-0.879721,9.725725,-0.864079,-0.341419
3.484604,-0.18741,8.066276,0.032624,0.04493
1.555565,1.588347,9.144634,0.10374,0.132591
1.864672,0.293989,6.686595,0.033513,-0.27027
1.749861,0.048349,12.966486,0.372824,-0.088015
0.958906,-0.661774,9.627679,-0.07431,0.101349
2.79858,-0.223336,11.097173,0.330301,0.163968
1.307531,1.676813,11.845916,0.196748,0.023652
3.741021,0.781674,7.58832,0.052122,0.067695
3.141068,-0.149988,7.81914,-0.205098,0.105616
2.955304,-0.754431,9.355246,-0.098688,-0.096235
0.782273,-0.689167,12.94523,0.012144,0.022972
3.893553,-1.415007,11.198513,0.020183,-0.235334
1.907932,-0.15867,9.460776,0.175762,0.06927
2.80831,-0.241298,6.102809,-0.333323,-0.034485
3.673361,-0.675545,8.911568,0.146977,0.083404
0.761766,-1.513652,13.533956,-0.560801,-0.231962
1.002615,0.25013,10.534493,0.200496,-0.029956
3.603307,-0.528551,8.710985,0.058639,0.205811
1.680855,0.123044,7.081923,-0.470649,-0.030733
3.191064,-0.563578,7.734416,0.425416,-0.068641
1.888323,-0.016017,7.234456,0.089062,-0.072053
2.858156,-0.63962,8.724607,-0.285639,0.561816
2.686164,-0.053888,6.555468,0.639304,0.194132
1.679058,0.775088,7.152277,-0.322755,-0.009187
2.014211,-0.929417,7.732171,0.248887,-0.284098
2.435435,-0.625998,7.149582,0.165271,-0.081242
2.953658,-0.173639,7.248976,-0.17964,0.098934
3.723357,0.162263,12.215947,0.041167,-0.033268
1.823358,1.861379,9.588012,-0.098984,0.479873
1.155447,0.826431,12.460089,-0.22758,0.277634
3.287763,-0.9137,8.760383,-0.187174,0.187415
3.443589,0.223336,7.898625,0.376899,-0.010608
1.52428,-0.892145,9.578581,0.117223,-0.340496
2.116898,-0.00479,9.571995,0.137651,-0.409141
3.595074,-0.482147,8.360564,-0.075632,-0.458704
3.758684,-0.570763,7.440428,-0.034409,0.152137
0.627196,0.58648,9.552386,-0.006803,0.402226
2.811903,-0.754581,8.534951,-0.197059,0.085487
3.76527,0.143851,11.123219,-0.54146,-0.215857
2.3805,-0.90427,5.987549,0.024734,-0.212
2.868934,0.284109,12.080628,0.274458,0.038506
1.163381,1.848955,10.230925,0.348782,-0.227268
1.717977,-0.408201,12.315639,0.089724,-0.121049
3.256478,0.122595,9.079669,0.251464,-0.116762
3.600463,-0.397274,11.25764,0.311251,-0.164321
0.665516,-0.585882,12.168795,-0.23124,-0.196849
0.253273,0.165107,6.739585,0.225424,0.125385
1.75061,-0.266296,8.782387,-0.050883,-0.255707
1.825155,-0.609682,8.169561,0.263093,0.211347
1.67816,0.561482,6.548732,-0.01548,0.013737
3.9434,-0.135468,11.13729,0.075147,-0.246571
2.394421,0.611927,7.474856,-0.45898,-0.299375
3.135979,0.255968,11.667936,0.01206,-0.026652
2.407144,-0.027243,9.533375,-0.39012,-0.134204
0.8417,0.830473,10.112222,-0.003171,0.072742
3.658243,-0.529748,11.303295,-0.539217,0.346794
1.30334,-0.429307,8.322543,0.284146,-0.126773
1.172512,0.881816,13.218562,0.213941,-0.169182
1.222657,-0.135768,12.840748,-1.020173,-0.134315
1.085992,0.819995,10.290201,-0.467007,0.1113
3.253784,-0.551154,8.952583,-0.132446,-0.257578
2.193389,0.07709,7.092551,0.104459,0.498946
1.102158,-1.02926,8.749904,0.178119,-0.259999
0.797991,0.289199,7.630383,0.111299,0.211096
3.052452,-0.443528,10.353819,0.525454,0.097025
1.691033,-0.427361,13.451927,0.001746,0.005728
1.504521,0.083077,11.0361,-0.023144,-7.6e-05
1.277893,0.017813,14.326258,-0.546512,0.570353
1.888623,1.155597,8.788524,-0.092178,-0.376456
2.346071,-0.337548,6.411767,0.251619,-0.037226
1.965712,0.159868,6.509064,0.080982,0.307034
3.121459,0.429756,8.673713,0.013715,-0.125285
2.883005,-0.232616,6.746321,-0.287491,-0.438142
2.605182,0.160466,10.170301,-0.201443,0.175347
2.315235,0.382006,7.561675,-0.673913,-0.050836
1.998195,-0.17334,9.454489,-0.109974,-0.041614
3.060386,-0.28351,9.395063,0.22158,0.023815
1.523083,0.522863,13.282778,-0.009547,0.030848
1.637146,1.145418,11.761791,0.012467,-0.077833
2.281106,-0.536035,9.084758,0.069017,-0.099014
4.285588,-0.960403,11.106304,-0.175766,-0.408379
0.623154,0.157772,10.588082,-0.000928,-0.135248
3.348387,0.319136,11.043734,-5.6e-05,-0.245575
1.67352,0.592019,9.327104,-0.164187,-0.152619
2.09654,-0.020358,7.604486,0.19063,-0.115314
4.269272,0.365091,11.735745,-0.13793,-0.206735
3.381917,0.598456,11.349249,-0.674003,0.401397
1.112936,0.501607,7.204668,-0.428478,-0.519197
4.356241,0.128583,10.283765,-0.418135,-0.41719
2.418221,-0.994981,12.274625,-0.434105,0.017329
2.84678,-0.142803,7.702832,-0.068997,0.078547
1.486259,-0.504152,6.725514,0.20386,0.008256
2.80831,0.318238,12.024046,-0.028462,-0.17533
1.590143,0.449366,12.450958,0.12829,-0.112661
3.135679,0.076341,7.929311,0.539502,0.273555
0.988245,-0.818947,9.926907,0.197433,-0.015571
-2.963088,0.240699,13.939612,0.388233,0.068677
2.411036,0.479902,9.278605,-0.240214,0.471652
2.302811,-0.199086,8.499326,0.187695,0.070206
0.236957,-0.544268,12.30576,0.179368,0.12916
1.997147,-0.049547,6.640042,-0.751019,-0.266887
1.306932,-0.262105,9.482331,0.496372,0.036075
3.213817,0.743055,12.807517,0.597986,-0.349918
3.448529,0.445773,8.985964,-0.665914,0.361486
4.031566,-1.203497,11.382181,0.86733,0.413799
1.818718,0.276924,12.860057,0.202895,-0.28468
2.33245,0.024699,7.848928,-0.40846,0.279457
2.403252,0.369432,8.337961,-0.214539,0.00548
4.623885,-0.728535,11.805051,0.056423,-0.023204
2.916236,-0.246238,6.63136,0.12896,-0.02901
2.798431,-0.872985,11.311977,0.059413,-0.131377
4.731211,0.364492,10.944341,0.309596,0.25238
0.997825,-0.064666,6.945706,0.171537,-0.03272
2.031725,-1.003663,11.7576,0.16547,-0.189274
2.831512,0.332309,7.689959,-0.008554,0.011703
3.631149,0.128882,6.036198,-0.71503,-0.585773
2.297722,-1.143921,10.878478,-0.058733,-0.188263
2.184557,1.260828,14.423257,0.21837,-0.058979
3.600912,-0.088915,9.432485,-0.051821,0.020377
2.965483,0.092358,8.909922,-0.110478,0.706771
4.409381,-0.390688,11.611354,-0.414884,-0.007415
0.714165,-0.018561,11.70461,-0.172968,0.156457
1.231639,0.835263,11.471245,0.182664,-0.103743
1.503324,0.167352,12.169394,0.193931,-0.253397
1.814527,0.859363,10.297087,0.102932,-0.200962
1.853296,-0.561931,9.597592,0.351982,-0.390396
0.299377,0.910706,10.052795,0.019695,0.022881
1.089135,0.809517,8.856333,-0.256785,-0.135996
1.739233,0.038769,6.533913,0.184804,0.127939
2.703977,0.60115,7.251221,0.153099,-0.076991
1.893263,-0.784219,9.599987,0.298571,-0.029696
0.417781,-0.443079,11.062296,0.066559,-0.007399
2.154021,0.207768,7.412136,0.119353,0.034555
3.260071,-0.378413,11.023676,0.488469,-0.063128
2.853666,-0.077539,6.084547,-0.039959,0.066721
4.111799,-0.157922,8.845256,0.040327,-0.004708
0.308059,-0.093555,13.098362,0.045667,-0.124505
1.715882,-0.312251,7.86255,0.432299,0.269826
1.8274,-0.306413,12.001143,-0.268387,-0.364038
2.846181,0.934656,13.753549,-0.945559,-0.496522
2.723437,-0.051643,6.423742,0.136826,0.021267
2.10163,1.525478,11.465408,-0.206913,0.033414
2.336042,-0.592169,9.71375,-0.7478,-0.342532
2.590064,-0.25986,11.589949,0.153194,0.062212
1.258882,0.0241,8.936716,-0.204745,0.11465
3.969296,0.492177,10.789114,0.462052,0.200344
1.854943,0.71671,13.383369,-0.080235,-0.46695
2.721341,1.532962,13.135335,0.307454,-0.189543
2.925816,-0.230221,6.672375,-0.039383,-0.039675
2.993924,-0.267643,6.731202,0.296898,-0.126009
3.536097,0.50011,11.493848,0.089644,-0.03698
2.729574,-0.0479,9.049731,-0.055192,-0.296295
2.70727,0.065564,7.504644,0.038355,-0.063309
2.006727,0.575853,8.465496,-0.062173,0.001329
2.430496,0.8896,7.777377,0.01185,0.355264
1.908531,-0.661924,9.745334,-0.907507,-0.091251
2.896926,-0.854124,12.955858,-0.482103,0.17005
1.62996,0.33665,6.022576,0.091778,-0.091298
2.746788,-0.287103,6.543942,0.199239,0.020793
1.792522,0.223485,11.759396,-0.070556,-0.298534
3.946244,0.488434,8.018525,-0.215162,-0.476005
2.274071,-1.569337,9.992321,0.309663,0.268235
1.888473,-0.162412,12.908107,-0.116186,-0.247599
2.890639,-0.222737,7.544461,0.084971,0.007645
1.583557,0.046553,8.411458,-0.03823,0.001363
0.736169,0.000449,7.619006,0.162978,0.053718
1.91871,0.302671,8.632249,-0.128246,-0.22934
2.120191,0.449665,6.940018,-0.58723,0.120571
1.475482,-0.897534,9.159603,0.263543,-0.159539
3.429069,-0.017813,11.342812,0.082717,-0.310476
2.770439,-0.265099,8.066725,-0.762582,-0.314581
2.705025,-0.770897,11.699221,0.079663,0.014038
2.364782,0.844993,11.771072,0.05864,0.04888
3.644322,-0.265099,12.048595,-0.196494,-0.194275
1.647324,-1.481469,14.252911,0.235199,-0.066549
1.89491,0.025148,11.587404,0.226114,-0.088515
1.311423,0.78871,7.04031,-0.070472,-0.126011
0.818348,0.92328,12.15682,-0.064965,-0.003267
3.585644,-1.248254,11.157348,0.087552,-0.346663
-0.188757,0.540077,9.301358,-0.02471,-0.09496
3.21711,0.811013,14.409635,-0.653865,-0.033016
1.361269,-0.134121,6.585555,0.222729,0.050472
1.438209,-0.425266,8.472531,-0.108559,0.136032
0.044607,0.088616,10.526859,0.119759,0.04309
2.420916,-0.447569,9.60343,-0.28728,-0.362705
3.542833,-0.299976,12.397519,0.253138,-0.417491
2.085463,-1.241369,8.810977,-0.041327,0.006895
1.342109,0.704884,7.248377,-0.030337,-0.01848
3.11113,-0.355211,6.391259,0.258836,0.054439
2.472109,-0.408501,9.139245,-0.13102,0.081249
4.192332,0.038171,7.89114,-0.057053,-0.027496
1.028811,0.001796,12.953313,-0.16804,-0.21733
2.286346,1.498085,8.271649,0.246906,0.051987
3.66917,0.286205,8.685389,0.027298,0.123532
2.051035,0.041314,8.378976,0.290301,0.051366
1.655857,1.353186,9.98798,-0.280447,0.372512
1.487906,-0.109722,7.16051,0.2299,0.154182
-1.155298,-1.480122,10.206825,-0.035643,-0.016627
0.712219,0.984353,10.646161,0.032077,-0.293145
0.543969,-0.650697,9.938882,0.02221,0.005062
2.812052,-0.54801,8.65575,-0.005581,-0.361035
0.936153,0.887055,6.532565,0.153968,0.147996
3.622617,1.370251,11.662398,-0.302035,-0.184588
3.02012,-0.47107,11.390563,-0.170612,0.205054
2.174977,-0.026944,7.191495,-0.308033,0.39441
3.214565,0.121098,12.686269,-0.073026,0.157935
3.01503,-0.487536,8.486153,-0.043151,-0.348682
0.147443,0.814307,13.029206,-0.076706,-0.139476
2.807562,-0.415536,7.844288,0.173666,-0.17332
4.400998,-0.310155,11.819571,-0.769172,-0.159342
1.468297,-0.133073,12.578942,-0.113119,0.33594
1.520837,0.58199,9.018296,0.080747,-0.042905
2.718946,-0.670007,7.687863,0.005906,-0.113788
1.050815,-0.46628,8.233179,-0.465218,-0.250379
2.290986,0.631686,8.989556,-0.497023,0.14661
1.426683,-0.693807,9.031469,-0.3894,-0.338934
1.761836,1.558709,11.902948,-0.065994,0.370144
2.349364,0.541424,6.804999,0.214084,-0.026901
2.193389,-0.810564,8.985215,-0.212837,-0.090444
2.647544,0.342338,5.781877,-0.032858,-0.140907
3.348387,-0.424817,9.048983,-0.157569,-0.280105
2.214944,-0.320484,12.085269,-0.049456,-0.064418
2.448009,-0.065414,6.379584,0.333457,0.023351
2.607877,-0.438738,6.884484,-0.278684,-0.109449
2.749931,0.9619,11.530672,-0.088759,0.016499
3.468288,0.624651,9.09344,0.054384,0.030871
1.929637,0.113015,6.857689,-0.039113,-0.037288
2.344574,0.136965,11.021431,0.097453,0.146112
1.484463,0.061223,7.345974,0.2659,0.054315
2.052981,1.607807,12.365037,-0.082578,-0.458759
0.730631,1.747017,11.088042,-0.320299,0.211858
3.14017,-0.525557,8.077054,-0.085154,0.037891
1.179098,0.898731,8.340356,-0.158437,0.037145
1.884581,1.42818,7.814799,0.006988,0.129428
0.7694,0.191152,7.126081,-0.023886,1.1e-05
3.267405,0.025447,7.731572,1.5e-05,0.10057
0.489632,-0.069755,9.250913,0.267039,-0.012502
1.879641,-0.30297,6.851103,0.395415,-0.067638
0.410147,-1.537303,9.350156,-0.160639,-0.418428
2.882406,-0.232616,6.640641,0.487504,0.057731
3.699108,-0.555645,11.47843,-0.262978,-0.074885
3.950884,-0.627645,8.669671,-0.065655,-0.054788
1.811982,-1.081052,9.078322,0.190131,0.445161
1.640738,1.483266,11.763288,-0.312877,-0.392779
1.924398,-0.999472,9.92556,-0.032897,-0.00793
1.065784,-1.176853,10.527308,-0.501151,-0.087464
4.427643,-0.285606,13.826747,-0.153671,0.196787
3.189418,-0.30312,7.10737,0.191577,-0.061648
3.481909,0.312101,5.747897,0.087964,0.074036
0.996478,0.96175,10.5556,0.301269,0.192398
0.02425,-0.690364,12.081227,0.774821,0.114203
3.525768,0.374371,10.352023,0.193014,-0.096345
1.659299,-1.052012,8.459359,-0.105143,0.040097
2.786306,0.165705,8.4878,-0.109488,0.175625
2.578239,-0.457898,7.300918,0.195328,-0.195725
1.563349,-1.065484,11.60836,0.026401,-0.392462
-1.022524,1.654509,13.67152,0.468464,0.1966
3.677852,-0.12978,11.343112,0.125222,0.147197
1.034349,-0.842747,9.72333,0.289626,0.17474
0.164358,1.321302,10.101743,0.345876,5.9e-05
2.211052,-0.377964,9.697883,-0.302426,-0.187228
0.129032,-0.615071,10.356214,-0.373819,0.079468
3.626359,-0.168549,11.941717,-0.23744,-0.508934
1.911824,0.736768,11.583961,-0.041106,-0.279072
1.200953,0.32228,10.789862,-0.188283,0.130813
3.427123,0.148491,9.277258,-0.476111,-0.429918
2.820734,-0.730032,8.984616,0.276915,0.232673
2.459535,0.054337,9.89637,-0.54279,-0.359665
0.556543,0.487536,11.144475,0.08751,-0.197242
2.230212,1.106349,8.383766,0.157703,-0.123359
1.2261,0.876877,13.201198,0.135585,-0.078364
3.362607,-0.260309,6.01105,0.1966,0.124402
2.004482,-1.16368,9.704619,0.240915,-0.007278
1.814976,0.053738,5.217251,0.056227,-0.236151
4.175717,-1.234034,10.729238,0.118629,0.646745
1.460064,0.637225,11.622431,0.351521,-0.180933
1.410517,0.761017,7.250922,0.408766,-0.046562
2.209855,1.203497,10.971734,-0.010417,0.13605
3.035238,0.217947,8.890462,-0.045823,-0.171188
2.732568,-0.296683,7.088809,-0.032913,-0.73164
1.693428,-0.604443,6.654113,0.044258,-0.333085
2.949317,-0.073797,7.775281,-0.13506,-0.315558
1.455723,-0.838556,9.519754,0.142287,-0.07926
1.647324,1.578917,9.42051,0.364849,0.089717
1.998644,-0.004042,11.489807,-0.204462,-0.361238
2.940785,0.038769,11.717783,0.24749,-0.19453
0.453108,0.094603,7.431446,-0.201453,-0.185918
0.957858,0.732277,8.697962,0.117064,-0.191239
1.714086,1.677861,9.490265,0.437287,-0.414315
3.214565,-0.001946,12.018956,0.447851,-0.042761
2.198329,-0.228275,10.986404,-0.211986,0.000513
2.917583,1.157842,13.481116,0.160345,-0.058433
1.82276,0.208666,7.094048,0.158565,-0.106343
2.372716,0.744103,11.499387,-0.217861,-0.631163
2.480641,-1.576522,9.316027,-0.435774,-0.246651
1.989213,0.103285,6.801406,0.086814,0.136492
1.064736,0.142354,9.298813,-0.218564,0.371864
3.564538,0.245789,11.764186,-0.559191,-0.134282
3.123854,-0.11062,8.158335,-0.075427,-0.136749
2.432891,-0.264799,9.700128,0.208487,-0.069918
1.924398,-0.371827,12.532389,-0.697093,-0.251289
3.761827,0.54831,11.960578,-0.265538,-0.029435
2.277514,-0.075293,8.012089,-0.742874,-0.327228
1.311273,-0.165705,10.187814,-0.343965,-0.350524
5.165458,1.316512,10.963352,0.156892,-0.114422
2.408941,-0.139959,10.983709,-0.299914,0.185822
2.117347,0.686472,9.820478,0.235909,0.132692
1.426683,-1.003064,11.584859,0.011559,0.063304
2.674788,0.848585,11.431578,-0.012242,-0.009604
2.064806,-0.989592,9.039552,0.052047,-0.165134
3.00575,-0.151036,7.4295,-0.103356,0.07488
2.797233,0.272433,6.040988,-0.140175,-0.041734
2.438429,-1.412163,9.81973,0.396719,0.237994
2.678231,-1.003064,8.318951,0.021401,-0.270971
2.599794,-0.105531,7.662865,-0.187669,-0.368374
3.203638,-0.182471,8.802745,0.020443,-0.428837
3.802543,-0.76446,12.55095,0.043052,0.876468
2.766397,-0.988544,11.721375,0.169029,-0.202452
3.294649,-1.175506,8.407866,0.031337,0.125206
0.604144,-0.59157,11.81538,-0.021439,0.032103
2.991529,-0.168699,5.458699,0.021229,-0.126892
3.595673,0.052241,6.886579,-0.099916,-0.110604
1.756148,0.038021,10.537637,0.204745,-0.571479
3.363056,0.131726,6.65052,0.425561,0.160226
2.15896,-0.120948,6.845415,0.306575,0.162549
1.780996,0.136366,6.965765,-0.239296,-0.242443
2.485282,-0.358954,9.110355,0.59668,-0.395598
3.108586,0.618963,8.323292,-0.486975,-0.224954
2.705025,-0.158969,7.860304,0.057746,0.084599
-0.999921,0.231568,12.322226,0.022471,0.013896
1.744173,-0.375419,9.760453,0.013416,0.03736
2.567162,0.023202,8.041577,-0.238012,0.383943
0.900677,0.769999,11.989019,0.067788,0.016307
2.695145,-0.334405,8.875194,-0.029986,-0.712725
0.315993,0.980012,7.862849,-0.043978,0.018951
2.051783,1.502126,12.630734,-0.167395,0.47924
1.812132,0.654439,12.030333,-0.255817,-0.115774
2.432142,0.911904,6.783444,0.278389,0.206155
2.842738,-0.177231,7.344178,-0.073684,-0.132421
1.289568,0.674497,11.250155,0.123031,-0.014225
0.778681,-0.334105,11.069032,-0.006102,0.11456
2.799628,-0.571661,7.076834,-0.005098,-0.086733
0.984353,0.374521,7.811506,0.308064,0.171897
0.918939,-0.119901,9.31453,-0.082836,0.20422
4.132606,0.108674,8.077203,-0.024155,0.509098
1.761986,0.281864,9.977801,0.081382,-0.043036
1.420247,-0.180525,12.663516,0.218681,-0.117253
1.656306,-1.11548,12.255465,-0.087948,-0.169075
3.518882,-0.170046,8.491542,0.056051,-0.005663
2.949317,-0.390538,7.542515,-0.119497,0.100169
3.441044,0.729433,9.615105,-0.026354,-0.120296
4.326303,0.885409,10.775792,0.685408,0.265826
2.614763,0.574805,10.189311,0.135441,-0.21855
2.913242,-0.362247,8.619077,-0.32569,0.156189
2.594854,-0.375569,6.575077,0.09627,0.030738
0.627944,0.739612,6.647975,0.281321,-0.171364
2.219584,0.527054,12.294084,-0.151466,0.048574
2.349514,-0.241448,7.286248,0.231016,-0.159832
1.194217,1.526376,11.394305,-0.012849,0.06462
3.808231,-0.868344,10.030941,-0.204597,-0.203907
0.640219,-0.799188,10.018516,-0.177995,0.008134
1.343007,0.14924,8.154892,0.184709,0.068212
1.183738,-0.504002,9.315279,-0.236038,0.37036
3.019521,-0.279918,7.450157,0.181631,0.159385
1.909579,1.14467,9.057365,0.087912,0.116593
1.042582,-1.21203,9.618099,-0.074176,0.038396
1.617237,-0.713117,10.719958,0.097998,0.236696
2.732119,-0.470172,12.225078,-1.079838,-0.036844
1.853595,-0.911155,10.239008,0.018737,0.139277
3.42368,0.695005,9.705517,0.040941,0.077227
3.449277,0.125589,10.719509,0.110732,0.116392
1.708248,-0.282463,11.656859,0.081638,-0.062991
2.363435,0.003293,9.133557,-0.166496,0.381386
2.244133,-0.528102,10.233469,-0.392627,-0.174727
1.244063,-0.472717,8.560099,-0.178231,-0.371101
4.161496,0.098495,7.553592,-0.089687,-0.045054
1.977837,0.379311,8.520282,0.030505,-0.276249
2.761158,-0.016915,6.929091,0.25334,-0.137412
3.273692,0.165855,7.848329,0.338459,0.407992
1.66364,-0.082179,6.675967,0.195382,-0.021498
1.934876,1.174458,12.460239,0.243128,0.005751
3.958069,-0.556992,11.452235,0.148379,0.070646
2.512825,-0.044458,6.60262,-0.447106,-0.015368
3.1496,-0.37018,11.515553,-0.210002,0.043947
2.3323,-0.11541,11.98827,-0.297742,-0.127145
2.589765,0.575853,13.438754,0.203915,-0.315832
1.746269,-1.147813,8.938512,0.422767,0.151303
1.852099,-0.213007,7.567064,0.068042,0.115971
2.809508,0.059426,6.479127,-0.182429,0.226356
3.197201,-0.386796,7.257059,0.112897,0.054432
2.939737,0.178579,7.113058,-0.038306,-0.12108
2.540367,-0.189656,6.431077,0.059827,-0.144728
2.412234,-0.179626,6.668483,-0.145609,0.104649
1.476979,0.635129,11.455229,0.006126,-0.379776
2.849924,-0.30761,8.197553,-0.287497,-0.191618
2.907105,-0.953667,12.415332,-0.103203,-0.056892
1.87081,-1.022673,8.965307,0.415381,-0.078293
3.551215,-0.594713,8.527317,0.427195,-0.304091
2.706073,0.157922,13.547727,0.213594,-0.240892
2.432891,0.359103,11.148816,0.225809,-0.087915
1.709296,-0.868943,9.331894,0.164246,-0.517076
1.645079,-0.061672,6.897507,-0.138557,0.027029
3.373684,0.053439,8.472232,-0.13139,-0.083756
0.258063,1.034499,7.601942,0.237846,-0.148344
1.116678,-0.257465,9.856703,0.058866,-0.003985
2.620151,0.301473,14.405444,-0.15562,-0.138167
4.716392,0.535886,10.330617,0.267254,-0.044235
0.476908,2.138603,10.871143,0.124663,0.028812
1.013243,-0.20657,7.686366,-0.523155,0.139844
0.638422,0.656984,6.572981,0.060623,-0.022387
3.081642,-0.147892,8.057295,-0.021145,-0.04299
1.07222,1.390459,7.390581,0.165072,-0.132545
1.339415,0.343386,9.935888,-0.031181,0.043179
1.491798,0.172292,6.581813,0.034564,0.164442
0.587678,-1.080902,11.253149,0.04805,-0.006213
1.574875,-0.621508,12.444971,-0.281223,-0.104051
0.199535,-0.357606,10.784623,-0.233034,-0.054317
0.778531,0.132175,8.719518,0.342511,-0.069994
2.156715,-0.973575,8.641081,0.273585,0.453203
2.64949,0.247136,5.918842,0.080838,0.023682
2.77493,0.094005,6.809939,-0.164114,0.212785
2.157913,1.262325,11.762989,0.23937,-0.109674
2.360441,-0.412093,6.67462,-0.70563,0.222268
1.257834,-0.651894,9.794432,0.167342,0.050767
1.634152,0.159718,8.401878,-0.169683,-0.471983
2.922672,-0.050894,10.16581,0.25857,-0.04448
0.345631,0.31255,14.105617,-0.259795,0.407356
2.942731,-0.67794,9.504485,0.308401,0.220482
1.664988,0.811313,7.925569,-0.139895,0.069642
2.602638,1.157842,13.033996,0.224824,0.30023
2.598297,-0.382604,10.80558,-0.70938,0.719059
2.615062,-0.174387,8.128846,-1.106293,-0.068589
2.54381,0.200583,11.50732,-0.277799,-0.45067
0.640219,0.944985,8.245603,0.316125,0.374641
2.294129,-0.15882,6.498436,-0.29215,0.131268
1.57233,-0.164508,8.484207,0.294198,0.319299
-0.18741,1.638193,12.718751,-0.415605,-0.031776
3.585644,0.087568,11.384426,0.937265,-0.100805
2.001189,-0.0482,10.36774,0.209547,-0.147964
2.783611,-1.062341,9.353,-0.558106,-0.556772
2.323618,2.24548,12.984898,-0.156784,0.178072
2.891687,0.495919,10.736873,0.119665,0.342799
1.920207,0.946781,9.745634,-0.501183,-0.339811
4.051176,1.127156,12.836407,-0.074726,0.154715
3.5587,-0.014669,8.799152,0.092514,-0.067529
1.20694,0.841849,12.20981,-0.052224,-0.104369
3.363805,0.160017,10.469079,-0.443663,0.210525
2.716102,-0.539778,7.810009,-0.160699,-0.049741
3.579207,-0.24998,7.39118,-0.36155,0.079361
0.847687,-0.81281,14.714701,-0.794403,0.076361
3.78458,-0.147743,7.709568,-0.208437,-0.154786
1.598975,0.415686,10.195748,-0.132241,-0.090882
2.093397,-0.40386,11.905043,-0.156303,0.008505
1.934727,0.890049,8.943003,-0.020679,0.136978
3.290008,-0.089664,6.901398,0.447779,-0.014115
1.750161,-0.859363,9.715397,0.140572,-0.104358
2.140249,-0.160466,7.390731,-0.081158,0.015299
2.922672,-0.199385,6.752458,0.03521,-0.014836
1.730402,1.384621,11.667338,-0.384356,-0.087394
3.118764,0.602497,6.02557,0.122692,0.046147
2.805167,-0.52436,8.466693,0.071834,-0.243649
4.674928,0.214654,11.624826,0.231283,-0.177776
1.769321,0.059726,8.385862,-0.091286,-0.039156
2.622846,0.134121,6.171816,0.132283,-0.148903
2.291435,0.230072,6.518794,0.301234,0.064757
3.96226,-0.064666,11.873758,-0.068881,-0.061239
3.563789,-0.353565,7.753726,0.377627,0.39937
3.098257,-0.079634,7.355404,0.263482,-0.018244
3.169958,0.019759,7.131171,-0.05146,-0.152611
2.08696,-0.3847,8.249046,-0.035048,0.093601
1.145418,0.882116,7.345226,-0.019396,0.017095
1.68804,-0.486937,9.727821,0.019437,-0.013444
0.832868,0.195643,12.549453,0.219828,-0.127045
3.841462,-0.402663,7.975415,-0.743995,0.279608
1.752855,0.407303,9.355395,-0.153209,0.222479
3.336113,0.235909,6.921906,0.078776,0.022469
2.535278,0.608036,14.140644,0.495746,-0.281189
2.106719,-0.830922,8.857082,0.078673,-0.172299
1.852398,-0.335602,12.658127,-0.071101,-0.105773
0.500858,0.510289,12.357253,-0.044577,0.232457
1.73594,-0.902773,10.914553,-0.185582,0.098284
3.257825,-0.113763,8.323591,0.129073,-0.21005
1.636098,-0.320334,6.028713,-0.042003,-0.672079
1.384621,1.045276,12.95975,0.020448,-0.001148
2.294279,0.300276,6.606063,-0.778444,-0.385529
3.269501,-0.313149,10.090367,-0.026237,-0.143113
2.311793,-0.197589,7.012617,-0.395219,-0.090585
0.451012,0.582139,11.884985,0.145395,-0.062616
1.276695,0.595911,6.785988,0.155787,0.069846
1.905986,-0.34623,7.093449,0.308885,-0.011087
1.773362,0.327519,7.511979,-0.154715,0.331177
2.999912,-0.00958,6.077811,0.024663,0.005644
2.282903,1.109792,7.681127,0.324973,-0.284822
3.083288,0.453856,8.304581,-0.572771,0.156572
4.772975,-0.199535,10.150991,0.118292,-0.004149
2.913092,-1.426384,9.214239,0.672134,0.451875
-0.07215,-0.233065,12.112213,-0.031148,0.076714
2.412982,0.121398,11.782897,0.25065,0.404952
1.783541,0.857417,11.657907,0.002576,0.080697
1.927991,-0.298629,6.952891,0.383295,0.118885
1.363365,-0.539628,14.875466,-1.04769,0.201923
2.473157,-0.371078,7.420669,0.116856,0.067049
3.200644,0.251926,9.261391,0.217654,-0.09057
0.769999,-0.785566,9.663604,-0.188857,0.799456
2.180965,-0.010778,8.965905,0.217773,0.176568
2.141147,0.566871,8.55471,0.083643,0.058118
0.669109,-0.849184,9.798324,0.250509,0.010245
2.925666,0.297731,7.538324,-1.135973,-0.325843
2.571952,-0.253273,6.541247,0.139029,0.235446
2.037263,0.271086,7.113956,0.17955,-0.082209
3.263513,-0.41823,7.874525,0.283779,-0.241746
2.312391,-0.334854,13.541889,0.234123,0.10253
0.853076,-1.068328,11.378588,0.197246,0.050067
4.45294,-0.185464,8.685089,0.233623,-0.000138
4.023184,0.110171,9.230555,-0.063576,-0.155508
2.590064,-0.311502,7.979906,0.273398,0.001604
1.650917,0.780776,8.829389,0.157144,-0.255788
2.151626,0.049846,9.099877,-0.289441,-0.08348
2.326911,2.065405,8.0308,-0.138581,0.093078
1.13988,0.272583,12.233011,0.203876,-0.034084
1.86093,0.901276,8.890462,-0.274789,0.134426
0.995131,0.59127,12.702285,0.25061,-0.168492
1.040337,-0.618813,7.806416,0.121155,-0.053935
1.934727,-0.805325,11.290571,-0.274791,0.358122
1.194815,0.91355,10.407408,-0.024755,0.013917
0.874182,0.667163,9.882749,0.284299,-0.05038
2.421365,1.340163,10.876382,-0.65332,-0.32677
3.855233,0.369282,9.694291,0.103521,-0.043386
2.985542,0.321382,10.736124,0.121517,0.079286
2.075584,0.565674,7.523056,0.989049,-0.57238
3.206632,0.748444,9.00677,-0.138914,0.220947
4.209397,-0.967887,10.922487,0.230816,-0.066553
4.154461,0.320184,12.477752,0.070577,-0.144417
1.429827,0.119452,13.491444,0.01909,0.106678
3.270549,-0.287851,7.996222,0.057828,-0.04038
1.484762,-0.358205,13.202545,0.139818,0.073313
0.252675,0.048499,12.423116,-0.037912,-0.077425
1.332529,-1.02926,7.326065,-0.065317,0.030503
3.528013,0.41838,10.025252,0.190407,-0.070194
3.696413,-0.544418,10.331216,0.139273,0.144101
1.788331,0.626447,10.343491,0.205206,0.22586
1.580863,1.008902,11.854748,0.09965,0.182367
3.555556,0.551453,8.114626,0.331801,-0.014752
0.750539,-0.650397,9.570199,-0.228221,0.124705
4.492458,0.001198,12.293036,-0.921777,0.020867
3.025508,-0.160017,7.938442,0.300319,0.148531
3.726201,0.232317,7.980654,0.197209,-0.074435
0.57241,-1.21652,13.064532,0.013571,-0.174781
1.580563,1.080603,9.293424,-0.19616,-0.293235
1.237327,0.498314,7.051985,0.048282,0.180236
1.908831,-0.605491,6.730005,0.036983,0.009994
3.014731,-0.627046,9.623638,-0.633822,0.063373
3.841911,1.14467,11.136092,0.193296,-0.294624
2.834805,0.069007,8.17016,0.51083,0.125619
1.799707,0.192949,12.971875,-0.009207,0.087711
1.664389,0.273781,8.843011,0.344857,0.168947
0.659079,1.516197,11.925551,0.00569,0.303566
4.069887,-0.087269,8.609796,0.009719,0.879219
1.239423,0.633483,6.444998,0.233762,0.007607
2.821483,0.873134,8.30952,0.169064,-0.329116
2.693199,0.194895,10.278825,0.564239,0.069204
1.069825,1.252146,10.926977,0.028649,-0.09559
1.764082,0.943338,11.942915,0.067022,-0.079424
2.150278,-0.241598,10.939102,-0.368638,0.15359
3.841013,-0.274828,7.82872,-0.005343,-0.32095
1.63984,-0.191003,7.836354,0.40812,0.086921
2.090104,-0.714614,9.556727,-0.200073,0.074746
3.476521,-0.21181,8.079449,0.268368,-0.166576
1.820215,-0.123942,7.718699,0.190662,0.036905
0.518971,2.3802,12.453802,0.206137,-0.257428
2.446962,0.420775,10.791808,-0.51779,-0.222236
3.648663,-0.119452,9.80985,0.171163,0.115944
3.044519,-0.114063,10.100396,-0.292451,0.011631
2.869383,0.364492,11.626473,0.156036,0.045734
2.890789,-0.429008,11.18998,0.145984,0.093669
1.838028,-0.824635,7.066805,-0.878221,-0.303202
1.880988,-0.44742,7.79519,0.844843,-0.447266
2.525548,-0.883313,9.236692,0.21503,0.083834
2.704875,-0.020956,6.637198,-0.341214,0.206715
1.626967,0.517324,9.681717,0.014175,0.175041
1.478625,1.61095,8.881631,-0.380153,0.340093
0.570763,0.845442,10.254126,0.144526,-0.092729
2.888394,-0.433798,11.07457,0.248208,-0.211143
3.170557,0.529449,11.431428,0.197621,-0.133093
1.720822,0.353714,15.341597,0.465587,0.383901
1.006956,1.074615,12.454551,-0.14523,0.136711
1.447939,-1.175056,10.775343,-0.316267,0.20669
1.967059,-0.824336,8.887319,-0.371706,0.190895
2.530937,-0.296833,7.057973,0.130249,0.135107
2.622995,0.005988,6.781647,-0.066892,0.262437
0.581092,0.27408,9.246871,0.407674,-0.059646
3.192711,-0.554148,11.51256,0.211677,-0.158117
3.735482,-0.430355,8.197254,0.157549,0.02535
3.088677,-0.268092,8.735085,0.238178,0.084993
2.356849,-0.252225,13.780194,-1.283252,-0.261566
1.352288,0.336051,5.752088,0.215572,-0.023213
2.653981,-0.463586,10.97877,-0.34781,0.157462
0.88481,-0.628094,9.784403,-0.029553,-0.021353
2.259551,0.378862,6.166876,0.259992,0.248657
2.254162,0.335602,9.808653,-0.595246,-0.094589
2.220183,0.238304,10.917098,-0.140749,0.059624
1.992806,-0.446521,10.812016,0.5984,-0.071236
0.940045,-0.455503,8.745264,0.211249,-0.20122
0.655936,-0.376018,12.104429,0.127092,0.059412
1.914519,-0.541873,10.594519,-0.023859,0.543961
2.624193,0.224533,7.104376,-0.441664,0.348205
1.54374,-0.129032,12.263248,-0.009822,0.019941
3.08718,-1.392854,12.041859,0.3637,0.114945
2.064058,-0.617017,6.78045,-0.009949,-0.041896
3.233725,0.707279,9.963281,-0.453131,0.194493
2.777474,-0.863405,9.596694,0.401432,0.15908
3.181783,0.205523,6.994056,0.144665,0.338891
3.506608,-0.407602,8.336913,-0.010669,-0.034295
1.689237,0.526006,8.156089,0.062717,0.56743
2.397415,-0.170196,6.885831,-0.54313,-0.017135
1.496887,-0.166005,14.002931,-0.182007,0.05304
4.134402,-0.148491,8.165819,0.056556,-0.05741
1.912872,0.907712,10.314152,0.113384,0.034687
3.141966,-0.350721,8.935518,0.140467,0.05924
3.767815,2.065854,11.608211,-0.2676,-0.41784
1.616938,-0.792003,9.58382,-0.003135,0.021058
4.565207,-0.592468,10.443333,-0.347297,0.061152
2.636318,-0.252076,7.691456,0.20128,0.144763
1.909878,0.179177,13.14731,-0.137396,-0.364435
1.176853,0.561033,7.199728,-0.300207,-0.160308
4.547992,0.41359,10.485396,-0.641387,-0.6384
2.591112,0.356858,6.206992,0.458631,-0.106932
1.601969,0.69725,9.401499,0.123189,0.198801
3.490591,-0.579744,8.026459,-0.821895,-0.25345
3.509602,-0.357906,8.048014,-0.102417,-0.038165
2.785108,-0.671204,11.829151,0.219984,-0.012364
2.594854,0.274529,8.423433,0.333664,0.091356
3.281776,-0.40416,9.342223,0.231001,0.075811
2.618505,-0.55295,9.550889,0.265348,0.097646
3.451523,-0.546364,8.525222,-0.124359,-0.123737
1.861679,-0.441881,7.845934,-0.413173,0.323628
-0.476459,-0.579445,10.975476,0.282864,-0.086278
3.694018,-0.238304,9.024883,0.490793,-0.116998
2.733166,0.103734,6.70366,0.20209,-0.04549
3.366649,-0.357606,11.703862,0.092583,-0.168299
2.917882,0.097747,11.703113,0.235601,0.085392
2.555336,-1.166824,11.475287,0.052228,0.519956
0.713566,1.721121,9.484577,0.326208,0.040516
3.233127,-0.068857,11.332484,0.265389,0.287141
2.388733,-0.303718,6.377039,0.194617,-0.259168
3.558251,0.567021,12.922178,0.088296,0.488323
0.97627,-1.215173,9.41093,0.210942,0.108363
1.887724,-0.157323,6.898854,0.247836,0.088407
2.922223,0.232766,8.395442,-0.188729,-0.160903
2.565365,1.147364,11.508219,-0.367821,-0.524224
1.353036,0.530497,7.515272,0.066177,-0.115079
0.683778,1.152603,10.905572,0.285185,-0.137416
1.398691,0.468526,6.811735,-0.158376,-0.118137
1.161135,-0.296084,10.79106,-0.05931,0.011779
2.48603,2.140249,8.9683,0.226301,-0.185951
2.217189,-0.693358,7.306157,0.360071,0.134144
3.907774,-0.252525,9.412726,-0.041784,-0.314417
2.267784,0.064666,6.425089,-0.269547,0.197359
1.875001,-0.767304,8.052654,0.046763,-0.046722
0.422422,-0.236209,9.662257,-0.071218,0.17594
2.728526,0.686023,6.219716,-0.557462,-0.734717
1.398691,0.503703,8.513546,-0.185091,-0.021046
0.733026,-0.856369,11.33443,0.009986,-0.008294
1.236129,-0.707728,9.83904,-0.070596,-0.190294
3.020569,-0.383952,11.934682,0.163277,-0.164212
1.182691,0.190853,12.45979,-0.109905,-0.335539
1.37549,-0.377066,12.181818,0.05552,-0.164028
3.122357,0.16331,12.117901,0.389493,0.102055
1.946402,1.194815,11.097024,0.070738,-0.051042
0.347278,0.990041,7.594906,0.140439,0.035468
2.635869,0.407153,11.750116,-0.595521,0.008353
2.158062,-1.271306,14.837445,-0.91211,0.360767
1.66873,-0.044607,13.00301,0.235199,0.403338
1.944007,-0.934207,9.4976,0.042288,0.080589
0.861758,-0.186512,8.537496,-0.322,0.470933
2.878963,-0.585433,8.555159,-0.309056,-0.052436
2.29877,-0.839604,7.576944,-0.246697,0.247325
3.685636,0.246088,7.60284,0.662953,-0.328656
0.84649,0.417332,10.533296,0.014629,-0.030775
2.152374,0.173789,7.098089,-0.96905,0.079081
1.74567,0.5531,9.798175,0.268765,-0.07934
2.910997,-1.074316,7.489226,0.004579,-0.101097
2.931504,-0.212259,7.558382,-0.004188,-0.009897
1.388213,-0.859812,11.972104,-0.044628,0.110738
1.677861,0.015418,7.201674,0.415061,0.259628
1.802402,-0.567919,7.267687,-0.357649,0.474661
1.026416,1.398392,13.03684,0.125652,-0.238163
0.815354,-1.387315,11.163785,0.234852,-0.405734
1.62038,-0.318837,6.805897,-0.711628,-0.175303
2.474953,-0.357457,11.514206,-0.155361,0.082334
4.200266,0.199385,9.244177,-0.07475,-0.139003
4.819677,0.208217,12.100537,-0.708749,-0.427546
4.538113,0.113913,11.298804,0.089085,-0.100987
2.454147,1.595981,10.751392,-0.007463,-0.010421
1.766028,0.424068,13.035493,0.100055,-0.433245
1.891167,-1.154549,8.83852,0.074472,0.037867
2.307302,0.966091,11.153307,0.262485,0.160345
4.154461,-1.718127,11.19013,0.696415,0.172388
2.047592,1.027912,12.193943,0.039753,0.018057
2.174977,-1.084495,9.71869,-0.779035,-0.564026
2.767595,-0.739313,10.7719,-0.138728,-0.137243
0.555195,0.736618,10.784025,-0.249239,-0.202029
1.837579,-0.133971,7.473509,0.112962,0.066408
3.212769,0.012424,9.648336,0.012278,-0.119184
2.361639,0.378563,12.534035,0.045955,0.060952
1.089584,0.50475,12.540771,-0.121653,-0.121246
2.194886,-0.356409,7.447164,-0.042226,-0.178491
1.377136,0.995729,6.729107,-0.083532,0.145338
3.437152,-0.569566,6.91502,0.018754,-0.083502
3.757486,0.418081,11.172018,0.310353,-0.08831
1.372346,0.401914,11.67123,0.086496,0.15116
0.199984,1.303639,10.456506,0.146605,0.051576
3.939508,0.299677,9.758058,-0.051989,0.169754
1.638792,0.449665,8.088879,-0.118546,-0.149328
2.301614,-0.407602,8.275541,0.014125,-0.105137
0.622555,0.731529,11.518996,0.193563,-0.090126
1.204545,-0.940494,8.15594,0.028945,-0.032069
3.955824,-0.570015,7.061865,0.169174,-0.058631
3.488496,-0.069605,6.507118,-0.01416,0.020997
1.903741,0.583786,10.325827,0.101685,0.130771
-0.863554,-0.914149,10.530302,-0.035316,0.350063
3.321593,0.309556,6.606961,0.125223,0.068519
2.567012,-0.689167,8.382718,0.092674,-0.69387
3.36141,-0.199685,12.304563,-0.963241,0.07566
4.071683,0.419727,11.13265,0.004051,-0.088663
2.496508,1.145418,12.362043,-0.414703,-0.410508
3.066673,-0.770897,8.969648,-0.111671,0.501114
1.600322,-0.935405,9.764644,0.206181,-0.178663
3.372188,-0.10119,11.496393,0.006594,0.074175
2.529739,1.878444,9.08371,-0.930258,-0.499508
2.412683,-1.328936,12.185111,0.24297,-0.262183
1.742227,0.408501,11.257789,-0.370436,0.056581
0.076192,-0.111668,10.497221,-0.1876,-0.185083
3.566933,0.343985,12.496463,0.019012,0.223173
3.18837,-0.239203,8.448282,0.142939,0.13813
2.971022,-1.045875,11.926449,-0.293333,0.004546
1.137335,0.489332,12.977413,0.153081,0.099055
3.25094,0.251926,7.737709,-0.266929,0.550815
4.387676,-0.855172,10.635234,0.236013,-0.140675
2.969824,1.284928,11.061398,0.078962,-0.053501
3.298391,0.111668,7.337292,-0.247822,0.08417
1.106948,0.806074,7.025341,-0.135642,0.285013
-0.693957,-0.027992,11.582913,0.023204,0.148929
2.520608,-0.229173,7.008127,0.053026,-0.256493
2.243535,0.946033,12.812606,-0.096224,-0.305986
4.43363,-0.867895,9.353449,0.044435,-0.319237
0.440684,-0.566123,7.935897,-0.432125,-0.184075
1.757196,-0.297132,10.583891,-0.858055,0.159264
1.596131,-0.946781,11.559562,-0.021874,-0.498756
0.598905,2.013313,14.038108,-0.22559,-0.176856
1.335672,-0.669558,9.765842,0.043169,-0.013254
2.441124,-0.290845,6.685996,0.174388,-0.150821
2.306404,0.566721,7.308851,-0.575064,-0.377834
4.093837,-0.557291,9.432036,-0.114412,-0.053181
1.92335,0.042961,9.490265,-0.253565,0.352385
2.064956,0.26465,6.841972,-0.022286,-0.100327
3.009043,-1.508264,12.015065,-0.034156,-0.202728
1.209485,0.86535,11.173664,-0.140976,0.138489
2.120041,0.555046,8.712183,0.032753,-0.33454
1.879941,-0.530497,11.99336,-0.004809,-0.128772
1.503474,-0.897833,11.59384,0.12602,0.04829
3.416645,-0.078437,12.259057,-0.126247,0.22969
2.743046,-0.37048,6.14068,0.294675,0.063098
0.892893,-0.137115,10.761422,0.329914,-0.348675
3.612139,-0.881667,9.719139,-0.313836,0.084537
4.141288,-0.431702,11.674074,0.073223,-0.063193
0.679736,0.623753,12.232263,-0.489167,-0.113322
0.559686,-2.610871,12.689562,0.078339,0.062993
2.229613,0.556094,7.60269,0.109209,-0.046472
1.551823,0.840053,11.426788,-0.357922,0.049978
2.703378,-1.145717,10.5312,-0.17917,-0.115564
2.636767,-0.166304,7.409143,-0.091066,0.084997
-0.212109,0.803828,10.838511,0.256119,-0.160538
0.137564,0.302521,12.415482,0.157112,0.293999
2.020349,-0.263302,7.935598,-0.421078,-0.164264
1.499432,-1.382525,9.799821,-0.152947,-0.240784
1.289718,2.171085,14.479689,0.172043,0.200743
2.602488,-0.900228,7.598649,0.094325,0.192154
1.706152,0.578846,11.358979,-0.355582,-0.094302
3.66438,-1.477128,10.999127,0.228289,0.694112
2.037713,-0.306263,9.44446,0.093626,-0.45425
0.710872,1.817071,13.400434,-0.045207,-0.151771
1.567091,-0.321382,10.353669,0.153457,0.230691
0.42302,-0.460742,9.888287,-0.013746,-0.039007
2.737058,-0.224832,7.870633,-0.390647,0.144293
3.282225,1.000669,12.625345,-0.27072,0.114458
1.854044,1.189277,10.41609,0.150449,0.06487
4.261189,0.202529,8.277188,0.209315,0.079204
0.367037,-0.295486,11.653566,0.13334,-0.136193
2.014211,-0.930615,8.721314,0.14465,0.038556
2.084715,0.421673,8.997639,0.213841,-0.294619
2.118544,1.451981,12.408896,-0.632587,-0.26758
3.267705,-0.001946,7.392527,-0.895434,0.217076
2.01002,0.911155,8.235574,0.286237,-0.303355
1.640289,0.733026,14.931749,0.357271,0.530821
1.769021,-0.568069,7.941286,0.135172,-0.028525
0.672252,1.037792,12.409644,0.216561,0.012851
4.381389,-1.705104,10.460098,0.070979,0.011475
1.927841,1.137185,12.133917,-0.187926,-0.100201
1.419199,-0.704734,9.053473,0.085555,0.043348
2.842738,-0.016017,6.505472,0.168706,-0.037869
1.712289,1.410517,11.464659,-0.096119,0.066677
0.363444,0.474962,9.238189,-0.614216,-0.158743
2.11121,0.244442,8.396489,0.366032,-0.160769
0.046853,0.171094,8.663983,0.178416,0.017187
1.735042,-0.236508,10.424173,0.716604,-0.087101
1.637146,-0.337847,6.837631,0.356076,0.198051
1.629212,1.281785,9.990076,0.184719,0.062159
3.642675,-0.021555,9.413475,0.208943,0.025721
3.171006,-0.406704,11.359877,-0.483341,0.169167
1.14916,-0.252076,7.632029,0.04467,0.129235
2.157763,1.258732,10.362651,-0.163532,0.266736
1.778152,0.419128,7.928862,0.084279,-0.062117
4.40983,0.545915,10.010433,0.078561,0.28837
3.022664,-0.315993,6.7562,0.138583,-0.00438
1.713487,0.026345,6.706803,0.127798,-0.057688
1.825155,-1.461261,11.075019,0.47476,0.014428
1.037043,-0.311053,13.270354,0.004785,-0.135225
1.78384,0.200882,7.881111,-0.172105,0.134504
2.438729,-0.479902,6.798413,0.518695,-0.113596
1.885928,0.831221,10.39663,0.007116,0.181368
4.006868,0.432151,9.330846,-0.048051,0.119979
2.733615,-0.166304,8.877739,0.220601,0.050498
1.287024,-0.28845,5.899532,0.216703,-0.207409
1.811832,-0.809517,11.933784,-0.292712,-0.516634
1.462608,0.050445,7.036268,-0.382221,-0.068586
0.132624,-0.27423,9.912237,-0.183139,0.171118
2.747986,-0.681682,11.42559,-0.500312,-0.263925
2.940336,0.188009,7.488178,0.136381,-0.566284
1.583108,1.844464,10.782677,-0.717139,-0.233373
1.939966,1.512006,13.288017,-0.040201,-0.187326
2.451153,-0.723146,8.888067,-0.474487,-0.175927
2.82283,-1.10605,8.965905,-0.066074,0.047884
3.27474,-0.094154,6.75141,-0.156418,0.091776
3.806884,-0.778082,11.264675,-0.818692,0.099779
0.819695,-0.969234,9.499995,-0.121191,0.104477
2.853965,0.253722,9.572145,0.160112,0.160363
1.653162,0.029489,7.186106,0.445215,-0.237719
2.916086,0.065863,9.384884,-0.387921,0.102771
1.65885,-0.636626,7.878267,0.319068,-0.062936
2.983596,-0.510738,6.533164,-0.232855,-0.088058
2.610721,-0.510888,5.829028,-0.047247,0.228772
1.45213,-0.410446,10.07465,-0.195213,0.043756
1.730551,-0.381107,11.379935,0.168109,0.406949
3.367996,-0.469274,9.404793,0.013253,-0.199305
0.642763,-0.579595,10.442135,-0.030854,-0.288743
2.462978,0.185315,7.31918,-0.493221,0.239767
3.041974,-0.12484,7.620054,0.226921,-0.553199
2.296524,0.726739,11.687695,0.533026,0.112842
0.569865,1.88024,10.148596,0.169528,-0.191045
2.174079,-0.97642,6.258336,0.09952,0.333243
2.112108,0.226778,8.682844,-0.400327,0.174097
0.893941,-1.021775,12.752132,0.377391,0.33787
0.815205,4.401747,10.986254,0.189947,-0.045027
0.727936,-0.238005,9.533675,0.049909,-0.014274
2.249073,0.467478,8.110135,0.30863,0.809939
2.702031,0.088167,6.059549,-0.135224,-0.092186
2.124682,-0.417033,7.014264,-0.055833,-0.093558
2.080673,-1.002765,9.955198,0.208336,0.109208
0.920735,0.243094,8.107291,0.307004,0.030684
3.372038,0.604443,11.241922,-0.069201,-0.140574
2.022744,0.26914,9.29058,-0.680342,0.106184
1.364413,1.081202,9.561816,0.505248,-0.310707
3.829037,-0.450862,11.380534,-0.006195,-0.436419
2.602039,-0.220641,12.590618,0.425278,0.202837
2.815495,-1.375789,10.522369,0.177261,0.099216
2.678081,-0.119452,11.932287,-0.056513,0.254076
3.298391,0.111668,7.337292,0.313123,-0.046613
0.457449,1.077459,13.488451,0.196231,-0.010797
2.694397,-0.510139,7.793992,0.051883,0.095607
1.1782,1.686842,12.453952,0.201431,-0.154087
1.930535,0.618963,10.308913,0.06018,0.178717
3.730393,-0.311203,9.920171,0.094513,-0.002961
4.166586,-0.330513,12.876972,-0.358986,-0.353294
1.848656,1.117875,6.736441,-0.101956,0.037325
1.870361,-0.592019,9.602831,-0.577813,0.379494
3.439547,-0.82209,11.344309,-0.244802,0.075119
1.324595,0.784668,6.465355,-0.091267,0.055538
1.676364,0.470921,10.674752,0.123211,-0.309488
3.691324,-0.104932,8.288414,0.127777,-0.057832
1.736689,0.075892,8.2953,0.06914,0.504926
2.939587,-0.896635,7.955506,-0.284773,0.27392
2.277065,-0.099992,12.193194,-0.365644,0.046406
1.892065,0.232467,6.557264,0.129967,-0.216226
2.525997,-0.272134,6.503077,0.073232,-0.183905
2.672842,0.181572,10.140513,-0.242828,0.05138
3.514691,-0.127385,9.547296,0.284038,-0.20239
1.49075,-0.280816,14.675033,0.247821,0.103302
4.022735,-0.617915,11.620335,0.091597,-0.093827
1.325494,-0.927471,10.147099,-0.589811,-0.144983
1.4665,1.476829,8.596773,-0.100956,-0.077662
1.123863,0.593067,8.414452,-0.301629,0.595399
0.818648,-0.893941,8.875942,-0.177539,0.397503
3.000959,-0.82703,8.796907,0.274639,0.215201
1.042582,-0.637375,9.417816,-0.250482,-0.054718
1.270408,-0.184267,7.665709,0.105542,0.154406
2.111509,0.19714,6.040988,-0.588579,0.428147
1.63026,0.286804,7.669601,-0.410666,0.324181
2.584675,0.242795,10.31026,0.206035,-0.122217
3.657195,0.201032,8.354427,-0.060671,-0.060912
1.415307,-0.002096,12.115805,-0.143028,-0.26453
2.578688,-0.532892,9.481134,-0.645555,0.083162
2.038461,-0.424966,6.537954,-0.352156,-0.182287
1.715582,0.034578,6.960526,0.199224,-0.090871
2.983147,-0.583038,6.158344,0.193666,0.121743
3.384013,0.118254,7.729776,-0.091117,0.004606
1.667083,0.008832,6.886729,-0.425898,0.03681
0.945584,1.520688,11.624527,-0.333798,-0.134526
2.659669,0.008083,9.376052,-0.772892,0.239402
2.146985,0.214953,7.265891,0.821283,-0.040485
3.157234,-0.372276,6.300847,0.185096,0.033322
3.007546,-0.01437,7.611821,0.058406,-0.244668
4.330345,-1.290317,10.326426,0.528381,0.203416
0.247435,1.510359,13.236974,0.058158,0.075577
2.597399,-1.042283,9.690399,0.314425,-0.123195
3.443888,-0.432151,9.958042,-0.087485,-0.079836
1.679507,1.381777,10.259665,-0.1174,0.145976
1.454974,0.78392,12.679084,0.094883,-0.282149
2.754123,-0.222887,6.547834,-0.161888,0.361411
3.027454,-0.645009,11.55552,-0.051253,0.030207
1.785337,-0.644859,9.697284,0.126981,-0.032028
3.504063,-0.026645,11.125764,0.847982,-0.061355
2.490222,-0.640518,12.238101,0.186285,0.27007
1.561852,1.157992,8.815318,0.157194,0.035779
1.799109,-0.667612,7.311695,-0.25793,-0.68314
-0.20657,0.347128,9.268576,0.278578,-0.235229
2.201921,0.654738,12.18571,0.707405,0.451063
2.833907,-0.317789,8.554112,-0.112542,0.274523
2.892435,-0.249082,11.026969,0.330769,0.047277
3.367547,-0.137115,8.957822,-0.18092,0.050409
3.873046,-0.152682,9.208551,-0.23772,0.522275
1.865571,0.631537,9.706415,-0.786838,0.086416
3.226241,0.608485,10.79121,0.332351,0.109411
1.123564,0.381257,8.642578,-0.001755,0.05056
1.706152,-0.129181,9.583671,0.046798,0.064095
1.805396,0.568518,6.677464,-0.00645,0.019089
0.733475,1.066083,10.223889,0.583252,0.094819
2.778073,0.579295,8.344248,0.249246,-0.001206
3.42892,-0.096549,7.693551,-0.076669,-0.20043
3.328628,-0.597408,12.0221,0.194395,0.094379
1.509611,1.263073,13.388309,-0.09902,-0.044477
1.141077,0.614622,7.591164,-0.014558,-0.058358
3.982618,0.629291,8.143965,-0.049115,-0.43129
2.539469,-0.211959,9.576186,-0.043849,0.170534
1.863026,-0.557291,9.533675,0.006544,-0.049841
1.24556,1.535806,11.702215,0.102269,-0.421736
4.098627,-0.081281,10.984009,0.055986,0.474856
0.976569,1.009201,11.46885,0.038726,0.139244
0.013771,-0.315095,10.231224,0.283674,0.174962
1.900298,0.451611,6.780899,0.307301,-0.004502
0.703088,0.999472,7.329508,0.186031,0.224919
0.889899,-0.714464,9.843979,0.508104,0.296432
0.864003,-0.749641,12.222982,-0.454406,0.239121
1.352438,0.294737,7.134464,-0.037887,0.100989
0.209265,0.266745,11.534115,0.071582,-0.137278
0.153581,-0.256417,11.900852,-0.041118,-0.025366
3.035089,-0.005089,7.851173,0.217298,0.241351
1.70735,0.482147,13.506563,0.066627,0.044572
1.640139,0.023202,6.824608,0.075567,-0.366912
1.959874,-0.845891,7.05917,0.297111,-0.037226
0.588576,0.357606,11.119627,-0.367301,0.186814
3.679199,-0.527952,11.577824,0.234276,-0.164715
2.570006,1.229094,13.612992,-1.244831,0.139313
1.043779,1.226699,7.489376,-0.345125,0.059232
1.922752,0.146545,6.04488,0.094684,-0.183441
2.584376,0.401016,9.365574,0.271026,0.122208
1.927691,1.335822,6.816824,0.194387,0.277518
3.11622,-0.113913,6.630163,0.153424,-0.017789
1.657503,1.628314,9.767339,0.067036,0.492474
2.946473,-0.344284,8.924292,-0.760645,0.035019
3.016826,-0.268542,7.33804,0.195263,-0.210783
2.367327,0.260309,9.317225,0.072414,-0.591544
2.499502,2.042203,13.800103,0.337485,0.483856
0.719703,0.475411,7.819888,-0.1059,-0.311214
3.749702,-0.73108,8.168214,0.135117,-0.267642
1.20709,-0.963546,12.588672,0.998595,-0.162674
0.851729,1.396296,7.111561,0.130427,0.248578
2.006727,0.094903,7.971074,0.298533,-0.135153
4.137097,-0.969833,12.588372,-0.194786,-0.590249
3.346591,-0.071402,12.102183,0.15508,-0.319826
1.166674,1.279689,7.792645,-0.183991,-0.069009
2.621499,-0.340542,6.515202,0.191815,0.470581
2.827919,0.285756,12.318184,-0.060655,-0.331116
1.964215,0.383802,8.231982,-0.518809,0.188829
2.622546,0.790955,7.320976,-1.065512,-0.284201
2.112407,0.201182,8.520282,0.142548,0.226727
1.15904,0.348775,10.743459,0.073513,-0.24458
3.093617,-1.183289,10.974429,0.119094,-0.04064
1.785038,1.115031,11.648028,0.127807,0.131304
2.3323,-0.305066,9.57933,0.10453,0.327723
3.322191,-0.15388,12.067605,0.021157,-0.162179
2.047742,0.936453,7.764504,0.28709,-0.089111
1.911974,-0.544418,8.873697,-0.208437,-0.076548
2.061064,1.320704,8.720715,0.512738,0.265002
2.202819,-0.777184,9.326655,0.015156,-0.049666
-0.741259,1.614992,10.838212,0.104757,-0.248822
2.060316,-0.690514,12.923076,0.265612,-0.099229
2.314786,0.32707,12.333452,0.184098,0.024735
2.2841,-0.121547,7.505542,0.034168,-0.09267
1.77426,-0.884511,9.712702,-0.082553,-0.207609
2.799928,-0.320933,7.136559,0.260772,0.124139
1.227747,0.907114,13.825999,0.181367,-0.493051
2.406096,-0.561333,13.659994,0.166873,-0.035724
3.936364,-0.369881,9.906998,-0.02519,0.027408
0.284409,0.121098,11.304792,-0.197321,-0.073965
2.146836,1.448238,9.097781,0.3201,-0.50553
2.159409,0.708327,8.062534,-0.494629,-0.293694
2.654729,-1.752106,10.14171,-0.135436,-0.230267
2.25072,0.016316,7.702832,0.118444,-0.153326
2.173331,1.130749,11.341465,0.240746,-0.048453
2.889142,0.705932,13.753849,0.274733,-0.182261
2.161655,-0.665366,9.533226,0.018465,0.019548
1.892365,0.912952,6.701863,-0.121314,-0.230949
2.478097,-0.879122,9.510473,0.334231,-0.044861
1.402883,0.521366,10.764415,0.080839,-0.07773
2.7408,-0.255968,11.757151,-0.057059,0.475114
0.313897,0.980611,11.419902,0.199907,-0.182223
1.566343,1.144071,10.141261,-0.752793,0.261983
2.003883,2.536026,11.119028,0.002581,-0.434632
4.190087,-0.375419,11.76224,0.521877,0.323193
2.722988,0.957708,12.953763,-0.221146,0.675045
3.300487,-0.011975,9.442215,-0.683041,-0.055519
0.823737,1.182092,9.094638,0.131836,0.172691
2.549349,-1.232238,11.744727,0.269196,0.064336
1.924698,0.745749,6.832841,-0.141246,0.126223
3.442242,0.123793,8.823402,-0.001971,0.058678
2.336641,0.995879,10.222243,0.038017,-0.144159
3.66932,-0.323178,12.308454,-0.300143,0.387759
1.574725,-0.949476,7.710017,0.153404,-0.352703
0.793799,-0.683479,11.677516,0.20316,0.659202
4.021387,-0.304766,9.627829,0.110964,0.355306
2.983147,-0.208367,7.695497,0.079892,0.125827
0.682132,0.278421,7.784712,-0.690186,-0.282321
2.645748,0.289947,8.166717,-0.056788,-0.196441
-0.637524,0.510289,11.305989,0.018046,-0.095024
2.95261,0.161664,9.822125,-0.443922,0.093109
1.715133,0.747396,10.423275,-0.062852,0.198581
3.154989,0.422571,8.679102,0.001471,-0.163975
1.358725,0.831671,12.601395,-0.023906,0.032494
3.343747,-0.799338,8.91067,0.010213,-0.105934
3.038531,-0.606988,8.449779,-0.034098,0.138437
2.182012,0.174687,9.543554,-0.299173,-0.060213
1.50991,-0.949925,8.708441,-0.306893,-0.195525
1.587299,-0.14894,10.287507,0.17946,0.020846
3.009941,0.767304,7.705975,0.026941,0.023774
1.868115,-0.877924,9.398955,-0.22373,0.158095
1.493594,-0.279768,8.021669,-0.21483,-0.281789
2.455045,0.93286,9.313632,-0.064673,0.249826
2.6929,-1.338367,9.647288,0.07658,0.167663
1.782194,0.976719,9.542207,-0.157219,0.333434
1.673221,-0.712668,9.186696,0.268032,-0.010546
2.126029,-0.137414,11.731105,-0.276232,-0.216351
1.760639,-0.118853,7.700587,0.470241,-0.41886
1.658252,0.642464,9.291927,-0.074404,0.345071
3.245701,0.267643,5.353168,-0.150101,0.120572
0.797542,0.919089,6.735094,-0.386425,0.189209
1.826053,-0.449066,8.677455,-0.293166,0.3246
2.115401,0.045805,6.914272,0.129489,0.083989
2.270628,0.151635,6.54963,-0.049479,-0.2074
0.585582,-0.242945,11.592793,-0.153998,0.073893
1.520538,-0.292791,7.698641,-0.693323,0.097353
-0.340692,0.133223,10.582843,-0.027649,-0.008344
2.833907,-0.546064,9.361982,0.327362,0.475786
2.133364,0.454754,11.008857,0.310852,-0.143648
3.416944,-0.496967,6.743327,0.186341,0.009632
3.052153,-0.196092,8.971144,0.147877,0.016011
0.837957,-0.539927,9.834998,0.254851,-0.006273
2.71236,-0.501607,9.779464,-0.018374,-0.117603
2.805017,-0.171394,6.759793,-0.375589,0.393518
2.182462,-0.094154,11.181747,-0.623513,-0.23279
2.085463,0.834814,8.152048,-0.462769,-0.323134
2.424059,1.458268,8.5598,0.047822,0.067756
0.383503,0.236658,12.144994,-0.375099,-0.155917
-0.434097,0.659828,10.7237,0.086922,0.13285
4.206103,-0.011526,9.781559,-0.035015,0.172763
0.891696,1.472488,7.565567,-0.169154,-0.038587
2.989733,-0.241448,7.257059,-0.657389,0.273026
1.668131,-1.500031,9.580228,0.916398,0.368989
3.46215,-0.002545,8.583451,0.244307,-0.19593
3.87125,-0.304766,9.14164,0.017621,0.110718
1.218915,-0.749491,9.815838,0.093435,-0.277204
2.669848,1.305735,10.948832,-0.114455,0.288442
3.431015,0.060624,8.522976,0.050908,-0.009682
2.133064,0.852328,12.543017,-0.224211,0.370861
2.870581,0.910407,11.707903,-0.79538,0.241821
2.753374,0.035327,8.630902,0.217407,0.014649
1.089884,-0.106578,8.930579,0.066176,0.058418
2.232308,-0.366737,8.378676,0.638526,0.121686
1.743874,0.315993,8.372839,0.25516,-0.038759
0.817001,0.898581,7.443571,-0.844037,-0.070723
2.041904,1.172212,8.023465,0.405614,0.210943
2.203717,-1.034948,8.946745,-0.367441,-0.780049
0.613574,-0.590971,9.657018,0.126751,0.337943
3.850892,-0.253872,7.955806,0.127731,-0.178406
2.80816,0.776735,9.130264,-0.087047,-0.318956
2.027683,0.801882,11.559412,-0.046085,0.169189
1.363215,-0.159868,9.072783,0.210457,0.002612
1.140329,-0.002096,9.589059,-0.069635,0.078606
2.920876,-0.256716,11.558514,0.170321,0.295634
1.796115,0.513582,8.918155,0.112446,-0.316303
1.344803,-0.222887,10.78118,-0.000809,-0.010647
2.558629,-0.354912,11.381881,0.033054,0.077954
2.141746,-0.374371,6.362669,-0.407446,-0.008311
1.440455,-0.564476,8.095316,0.02219,0.027172
0.529599,-0.112566,8.456066,-0.046271,-0.049087
1.733545,0.885409,8.786728,0.295916,0.104746
3.103496,-0.968187,9.325009,0.619666,0.608532
1.372197,0.20193,7.976762,1.006444,-0.814329
4.020789,-0.347278,11.411969,0.330453,0.055088
0.74994,-0.182021,10.744207,0.354306,0.042608
3.413651,-0.120499,9.827065,0.13842,0.040053
3.697311,-0.588726,9.120085,0.251954,0.06126
2.278262,0.179926,6.802903,-0.443718,-0.370967
2.666854,-0.347577,9.311836,0.5603,0.12678
0.360001,2.957849,9.561816,0.139396,0.085819
2.326761,0.669558,7.108268,0.158229,0.03076
0.811013,0.612975,8.596623,0.326248,-0.180677
3.642226,-0.069755,7.954758,0.088315,-0.004696
0.561782,0.974923,13.044624,0.584687,-0.398071
1.917662,0.510888,8.062983,-0.585409,0.365545
1.067879,0.834964,6.996002,0.208698,-0.090358
2.886747,-0.021855,8.10265,0.080982,0.13905
1.420995,-0.044308,7.883207,-0.141631,0.122951
1.276396,0.714315,6.96786,-0.055931,0.023535
2.655478,0.332908,7.055877,0.115941,-0.228088
1.307681,-0.585433,9.779763,0.041332,-0.008248
0.753234,-0.985401,9.810599,0.208356,-0.420821
3.198998,0.612377,11.711496,0.251317,-0.332895
1.246009,1.292712,13.809084,-0.058795,-0.030402
-0.214504,-0.570015,11.728261,0.3249,0.09044
1.334176,-0.156874,7.425908,0.070524,-0.341678
3.269501,-0.102836,8.384814,0.170898,0.133016
2.816992,-0.20208,11.495495,-0.106224,-0.204896
0.003293,-0.838257,13.155842,0.210629,-0.114467
2.825524,-0.095202,9.411229,0.260188,0.275299
3.802543,-0.095501,9.028326,0.048525,0.040507
-1.092129,0.49517,12.559931,-0.051261,0.073527
3.237917,0.034279,9.574689,0.008459,-0.011332
0.128882,1.212928,9.235195,-0.515824,-0.30567
1.74073,-0.506247,7.187154,-0.534893,0.10391
2.300716,-0.529,8.653505,0.249405,-0.513343
3.555107,-0.772094,11.605666,0.298101,0.126638
4.567302,-0.932561,11.206596,-0.075863,-0.426086
2.171534,0.986748,9.882749,0.121664,0.03774
3.2701,0.493673,11.307037,-0.054441,-0.429117
1.257086,-0.607587,8.83403,0.279209,0.028002
3.508404,0.023801,11.001373,-0.045188,0.04344
1.036445,-1.474584,10.839559,-0.202048,-0.31485
2.586771,-0.927771,9.148376,-0.46469,-0.147549
2.611469,0.19235,9.139993,0.178087,-0.097618
2.697091,0.261806,8.519534,0.13602,-0.17809
5.871241,-0.251477,10.23332,0.224357,0.729595
1.284629,0.205223,11.639196,0.064013,-0.124546
1.776057,-0.085472,8.3435,0.187244,-0.452165
2.931504,-0.470621,11.128907,0.081892,0.181606
1.973795,-0.061372,7.151229,0.446342,-0.132996
3.739823,-0.021555,11.986025,-0.887022,-0.474391
0.334704,1.422791,11.101664,-0.294708,0.218752
2.116149,0.749042,14.391523,-0.338774,0.159677
2.724634,-0.189356,12.280313,0.018083,-0.494577
1.367406,-0.180076,7.566615,-0.441006,0.369762
1.105302,-0.260309,9.010363,0.53801,0.037579
2.799478,-0.600851,8.517438,-0.438657,-0.144596
2.763254,-0.608185,10.120754,0.238051,-0.266337
0.964594,0.060025,7.863448,0.175627,1.000584
1.520538,-0.65414,7.836055,-0.903989,-0.312762
0.80787,0.962648,8.67985,-0.337214,-0.068371
3.187172,-0.044907,8.887618,-0.215982,-0.196901
3.453618,-0.943488,8.181985,0.249391,0.26605
1.937571,-0.339793,7.363338,0.641999,-0.895299
1.38028,-0.572709,12.08931,0.498608,-0.004096
0.102686,-0.368983,7.688312,0.409391,-0.059142
4.266428,-0.082029,9.292376,-0.084699,-0.211713
-1.616339,-0.53873,11.563454,-0.155407,0.022322
3.851042,0.11541,9.008118,0.017211,-0.08482
1.561403,1.040037,10.163565,-0.17016,0.036881
3.027155,0.63019,11.426488,-0.006224,-0.16402
1.578617,-0.77913,10.678045,0.012443,-0.029267
1.831142,-0.797392,10.506352,-0.055898,-0.089209
2.0199,1.517395,10.436447,0.59231,-0.425562
3.094365,0.552351,9.156609,0.23015,-0.020071
1.854194,1.070873,9.912237,0.061058,-0.089982
2.059866,-1.46665,11.460168,-0.263447,0.210077
4.056564,0.210612,7.047644,0.162326,0.027427
1.117426,0.372426,7.505243,0.369733,0.022514
2.753225,-0.073946,10.709929,0.176549,0.041166
1.94266,0.348924,12.462634,-0.683042,-0.441174
1.778003,-0.010478,7.420369,0.385816,0.277918
0.925525,0.769849,5.955965,-0.319182,0.144681
1.701661,-0.353565,7.775581,0.203248,-0.078418
1.405876,0.4326,9.950109,0.075659,0.092897
2.051484,0.10119,8.340656,0.352582,-0.179468
2.333348,1.168021,11.159594,0.029777,-0.182506
3.247497,0.36045,7.183562,0.215719,0.091624
1.851949,-0.446821,11.943064,0.108629,-0.067051
0.818648,-0.27408,10.495125,-0.111038,0.010763
2.949467,0.202978,12.814702,0.050035,-0.157979
1.920357,0.146994,6.491102,-0.388329,0.133563
2.724634,1.417253,10.412048,0.10212,-0.276103
1.219065,-1.281036,10.728789,-0.305962,0.074599
0.787063,-0.317939,7.73741,-0.241446,0.063842
2.825524,0.24998,13.753998,-0.161761,-0.220767
1.808839,-0.298779,9.73785,-0.094336,-0.03656
3.641777,0.011526,11.822116,-0.20404,0.512548
-0.114212,-0.028141,7.842042,-0.224259,0.063885
4.080365,0.826581,10.183623,0.238967,-0.103758
1.686393,-0.234862,8.131241,-0.995233,0.003974
3.931125,-0.353265,11.339819,0.242476,-0.127747
3.038531,1.144071,8.481812,-0.024943,0.173368
4.311933,-1.160237,10.510244,0.261479,-0.163623
1.814227,0.573757,7.502099,-0.342909,-0.101587
1.561553,-0.314945,6.74183,0.025183,-0.253879
1.307681,0.41838,6.065537,0.244731,-0.22207
0.330812,0.440085,11.242222,0.011309,0.321435
1.355132,0.523611,12.766502,0.029735,0.059126
1.795067,0.318987,7.752678,-0.133765,0.494102
1.346899,0.700094,11.930939,0.024211,-0.021431
2.861749,-0.281265,6.812633,0.408601,0.270275
0.691113,0.723745,6.811436,0.275949,-0.056378
0.383802,0.330962,6.718479,0.110358,-0.038776
0.958457,-0.506846,11.136242,0.10704,-0.380274
1.60137,0.785267,11.248509,-0.061543,0.045131
-0.714464,-0.342937,11.149714,-0.288144,-0.005224
2.143393,1.989213,9.19912,0.423377,-0.041964
1.008603,0.338895,13.148807,0.161862,0.128995
3.89011,-0.469723,8.744067,0.007641,0.028679
4.127217,0.063468,10.832673,0.383901,0.029236
3.557053,0.054038,7.90581,0.045334,-0.037382
2.95725,-1.308878,9.308992,0.00303,-0.104841
3.647016,-0.285606,11.196417,0.123831,-0.295442
2.017056,-0.163909,7.096892,-0.128425,-0.167472
1.893712,0.16346,8.986113,0.283999,0.222594
1.926194,1.530717,10.157278,0.084387,0.112485
1.290017,0.718057,6.488108,0.278811,0.077866
0.451162,0.422422,13.404176,0.34188,-0.39676
2.39472,-0.368983,11.165731,0.317316,-0.222826
2.684068,-0.292192,8.886271,-0.333987,-0.352611
2.200724,-0.075293,6.762038,0.267242,-0.067296
3.62112,-0.738564,11.448942,-0.186101,-0.035244
1.035696,-0.837209,9.965227,-0.003121,-0.334499
3.087629,0.065264,7.73247,0.336322,0.03264
2.516567,1.167422,10.024654,0.252523,0.034237
1.315914,-0.179327,10.739118,0.28904,0.073573
2.962939,-0.349673,8.52627,-0.168739,-0.183781
1.54823,1.321003,8.916508,-0.084731,-0.137521
4.745881,-0.743354,11.546838,-0.28767,-0.260277
4.156407,0.006736,13.466147,-0.179679,-0.484591
2.694846,-1.253643,9.297166,-0.100271,0.057399
2.908302,0.247286,11.701467,0.380565,0.236685
0.863554,0.95232,9.602382,0.274796,0.163122
3.677403,0.350721,7.409592,0.34615,0.163559
2.252516,-0.35102,8.223599,0.326399,-0.424754
0.021705,-0.337099,12.818444,-0.807733,-0.456119
1.246458,-0.148042,7.244186,-0.282484,0.508725
0.26465,-0.922382,13.765674,0.384822,0.209435
2.772534,0.749491,12.294683,0.469091,-0.388082
3.139871,-0.753683,6.448889,0.184384,0.228643
3.417843,-0.649799,8.251291,-0.795032,-0.451672
2.324516,-0.332459,6.858737,0.176799,0.312627
-0.506846,0.732128,11.193423,0.200759,-0.184536
1.618884,0.416284,6.151907,0.02986,0.286341
1.682651,1.654659,12.356804,-0.103803,-0.243539
0.104183,-0.63498,10.419233,-0.347332,0.111339
1.837728,1.06294,12.850178,-0.178991,0.410912
4.53003,0.256267,9.235195,-0.193916,0.11711
2.718347,0.874482,11.51735,0.186659,0.122211
1.17835,-0.444725,10.825937,0.081053,0.092636
3.752397,1.262026,10.199191,-0.175493,-0.341472
0.957409,0.630489,10.673105,-0.083623,-0.061198
1.387165,0.39428,11.501632,0.656432,0.115265
3.565136,-0.307161,6.911577,0.067618,-0.059204
1.440455,0.858465,11.737242,-0.141591,0.145363
1.831292,-0.294587,9.171877,0.21839,0.065915
2.960094,0.335003,7.777976,0.107127,0.043143
2.156865,0.226479,7.731722,0.043504,-0.115977
3.157085,-0.623903,8.81921,0.066404,-0.14483
3.679199,-0.843496,9.267079,0.012901,-0.251059
2.087858,-0.228275,6.893764,0.076405,0.002954
1.859134,1.199156,8.262967,0.052964,-0.548554
0.909658,0.82688,6.025869,0.343784,-0.175716
1.62562,-0.664019,9.747729,0.155521,-0.200702
2.59186,0.706082,8.95887,0.189956,-0.022562
4.093987,0.683628,10.275233,0.043075,-0.075123
1.623823,0.786165,13.142819,0.052993,0.083998
0.635578,0.981659,9.453591,0.020927,0.048661
3.481909,0.293989,6.692882,0.002784,0.176842
2.0916,1.204845,8.05475,0.142668,0.176245
1.883084,-0.615221,9.626931,-0.250681,-0.153473
0.733924,0.341889,12.241244,-0.002643,0.167154
3.275339,0.693358,8.573871,-0.209163,0.040284
3.246,-0.296833,8.34799,-0.050858,-0.113115
2.524351,0.003143,9.875564,0.158455,-0.080748
1.760788,0.46179,7.980355,0.480917,0.069955
0.961301,0.488734,12.47416,-0.083656,-0.140065
2.193688,0.304617,6.637048,-0.66753,0.028664
2.576143,0.340093,6.562653,0.197491,0.293431
3.933221,0.275727,9.724079,0.055889,0.244091
0.789608,0.704734,9.587563,0.613641,0.310845
2.603686,-0.23561,7.573651,0.214921,-0.226624
2.808909,-0.525108,8.949739,0.318405,-0.076983
2.772684,-0.890349,12.429104,0.25862,-0.105439
2.627785,0.088765,12.138558,-0.749803,-0.021478
2.413731,0.041314,7.005133,0.040771,-0.009873
0.128134,0.096699,10.133777,-0.312144,0.28664
0.537233,0.287103,8.533305,0.448137,-0.008637
1.734892,1.164878,7.492669,-0.116184,-0.083566
2.895728,0.677192,10.55051,0.023483,0.502966
1.071322,-0.985401,9.316177,0.247422,0.444349
2.329007,0.352667,9.092542,0.712659,0.225199
1.871558,-0.067659,7.173233,-0.000615,0.016289
2.50519,0.049098,6.879394,0.201966,-0.201628
3.585344,-0.32213,9.542656,0.073688,-0.271197
2.853516,0.901425,10.31969,0.156252,0.115544
3.150648,-0.74036,11.905941,0.15763,-0.114237
0.025148,0.63468,11.774664,-0.491327,0.020486
1.727857,1.284629,11.446547,0.066524,-0.057338
2.353107,-1.037642,11.064391,-0.235577,-0.139631
3.04886,-1.364712,9.570199,0.24517,0.545234
1.485062,0.744851,7.312144,-0.030065,-0.103823
2.836601,-0.194595,5.576504,-0.166775,0.213739
0.367635,1.539399,9.960437,-0.121037,0.240811
3.285817,0.28875,11.833941,-0.123573,0.146284
0.583038,-0.40865,11.185789,-0.523965,-0.264534
2.449057,1.565894,10.1706,-0.737053,0.070811
2.815944,-0.195943,6.745423,0.228849,-0.360437
1.736539,-0.497116,9.653575,0.01892,0.008356
3.043022,-0.682281,11.100317,-0.273542,-0.087501
1.550775,-0.000898,10.871892,-0.353521,-0.395685
2.19294,-0.236508,7.60763,0.060838,-0.04352
1.346749,-1.053509,8.801098,0.772356,0.599321
1.730851,-0.030836,6.865174,0.250083,0.07101
1.462159,-0.71147,9.905651,0.000565,-0.014861
3.775,0.418979,10.986104,0.27721,0.015979
2.373165,-0.531545,8.281978,-0.190431,-0.14598
1.079705,0.691712,10.599458,-0.198311,-0.138955
1.876498,0.395029,6.974596,0.012537,-0.20582
1.307232,0.278271,10.770103,0.159786,-0.476453
2.153422,0.498613,7.420519,0.134121,0.123147
3.196752,0.02904,9.641451,-0.502191,0.041557
1.518891,0.599803,7.903864,0.05869,-0.141937
3.296595,-0.524809,11.551179,-0.068181,0.041706
2.272874,-0.349972,8.241861,0.279095,-0.07125
1.257385,-0.704285,9.934242,0.29881,0.151265
3.205584,-1.656755,10.334659,-0.210295,-0.514947
2.315685,0.074246,12.092154,0.259753,-0.372677
0.404309,0.101938,11.536959,-0.488523,-0.044693
2.391277,-0.221689,8.639135,-0.367479,0.355657
2.342928,0.122445,6.52089,0.326149,-0.001218
1.131198,0.221988,6.591693,-0.710561,0.240424
2.133064,0.962349,6.852001,0.242241,0.121415
1.079854,-0.143402,12.207415,-0.06738,-0.46198
2.518662,-0.189057,7.483837,0.092233,-0.035193
3.009192,-0.186063,9.313183,0.098605,-0.111951
1.507515,1.131946,10.895094,-0.163745,-0.187701
0.497266,0.66851,8.364905,-0.416132,0.17674
2.945724,-0.899929,9.779913,0.317042,0.051708
4.697232,-1.492097,10.745105,0.495373,0.614425
2.681973,0.38485,12.504098,0.069679,0.132702
0.073198,0.151635,11.765084,0.222403,-0.250231
3.051255,-0.816702,8.813971,-0.032263,-0.389033
2.478396,0.06751,6.737938,-0.322918,0.090591
2.090253,0.482596,12.841197,-0.210965,-0.230018
2.461481,-0.970432,11.661051,-0.209078,-0.425953
3.931125,-1.363515,11.014246,0.239996,-0.104514
3.173551,0.137265,9.02144,0.086472,-0.103185
1.767973,-0.95217,9.613459,0.022854,0.066903
2.022744,-0.843795,9.764794,0.366441,0.368128
1.853745,1.949546,8.214618,-0.394843,0.476656
2.38529,0.670605,8.330028,-0.133862,-0.296368
3.757337,0.169747,11.389515,-0.120144,0.67125
2.05358,0.506247,7.533384,0.046932,0.047294
3.687731,0.409698,11.064242,0.233681,-0.343822
-0.25013,0.912952,12.639416,0.475601,-0.01692
3.719465,0.107926,9.89188,-0.540022,-0.642125
1.78429,0.693807,6.94406,0.274922,-0.114059
2.276167,1.567989,8.956625,0.332784,0.167849
0.167801,0.915347,11.005863,0.166118,-0.174553
1.328637,-1.366209,9.296717,-0.269085,-0.027639
2.839296,0.000449,8.440348,0.236369,-0.006717
5.14525,-0.992736,10.888657,0.227691,0.603087
2.273323,-0.108973,9.759555,0.30633,-0.005518
2.114952,-0.094005,7.281758,-0.163353,-0.296567
1.681902,-0.611927,9.753867,0.243705,-0.181616
0.74994,1.145568,5.993087,-0.800777,-0.088929
2.603985,0.345631,13.290562,-0.231457,-0.685652
2.485731,-0.849783,9.359886,-0.096144,-0.16566
2.033821,-0.820145,8.142617,-0.355491,-0.190528
1.632655,0.352367,10.278675,-0.161356,-0.354481
2.32257,-0.47107,11.955339,-0.103416,-0.133468
1.833238,-0.797691,7.895332,-0.517954,0.169977
2.289938,-0.303718,7.132668,0.164354,-0.047895
2.483486,0.610281,10.73343,-0.602663,-0.453431
3.702101,2.006727,12.478501,0.774038,0.636629
2.225722,0.927172,12.85901,-0.008403,-0.182903
1.383723,1.081351,9.578581,-1.009191,-0.208012
1.065634,0.221689,11.791579,0.012704,-0.004443
1.984274,1.196911,9.248218,-0.268402,-0.205701
1.730252,-1.217718,11.582913,-0.015677,0.117749
1.99086,0.482746,13.012141,0.602551,-0.530682
1.011447,1.498534,9.354946,0.200704,-0.074089
2.741848,0.064965,7.032077,0.044837,0.058324
0.63019,0.408351,7.111112,-0.260679,-0.054422
2.891387,-0.273631,6.196814,0.360759,-0.08818
3.65944,0.178429,10.571467,-0.153493,0.0567
1.416355,0.853675,9.48787,0.114225,0.063173
1.943259,-0.138312,12.856165,-0.533484,-0.544918
2.530188,-0.669258,8.631351,-0.6345,-0.339524
0.927771,-0.401016,8.565488,0.02245,-0.013444
0.633782,-0.886606,11.686348,0.029014,-0.169961
2.329755,-0.335901,7.317683,-1.168776,-0.014928
0.113614,-2.472259,13.759387,0.021827,-0.011057
1.455124,0.457299,7.260053,-0.323143,-0.863607
1.813329,0.730331,6.774911,0.125457,0.352902
1.537752,-0.829126,7.627538,-0.525076,-0.464949
0.023801,-0.408201,11.077414,0.10182,0.287814
2.862348,-1.657354,10.888208,-0.141396,0.326126
2.81295,-0.599503,8.007448,-0.458339,-0.030201
1.666634,-0.915646,8.512049,0.094636,-0.049398
0.713716,1.087638,6.699319,-0.034107,0.135498
1.984423,-1.045127,11.966266,0.166356,-0.053817
0.905018,-0.10104,8.600665,-0.308827,0.141223
2.815944,0.208217,8.319549,0.247173,-0.1377
1.169219,-1.080303,10.922038,-0.116356,-0.461341
1.305585,0.773442,10.454111,-0.091581,-0.197189
3.410508,0.548609,13.300891,0.551147,0.016638
2.074686,0.845592,12.784315,0.336181,-0.096688
1.604513,-0.327519,10.130783,-0.039596,0.07904
3.512745,0.131876,8.050858,0.326075,0.002058
0.893193,-0.349972,10.994487,0.162184,-0.244136
2.388733,1.000819,8.567733,0.139792,0.018284
1.933829,-1.07252,9.417965,0.051665,0.040554
3.427273,0.581092,7.970625,0.047644,-0.073787
2.423909,-0.084424,8.66069,0.174844,-0.072207
0.575703,0.264799,11.945459,-0.395115,0.163221
1.691782,-0.611029,9.759405,-0.463946,0.346075
2.949616,0.798889,11.051967,-0.005338,-0.669185
3.179538,0.318538,7.794292,-0.227964,0.969349
2.23141,0.22603,12.420422,0.142466,0.547218
2.190395,-0.033081,10.342892,0.553408,0.500562
3.219505,-0.654439,10.520123,0.160981,0.017201
1.872756,-0.771496,7.447014,0.248119,-0.023208
1.714984,0.313897,12.07973,0.105843,-0.312482
1.905388,0.856519,13.067376,-0.230477,0.008572
1.870061,1.325793,13.084441,-0.286075,-0.463286
0.665067,-0.634381,10.929223,0.100768,0.036005
1.071023,1.843117,12.922927,-0.11618,-0.349682
0.844095,1.263822,10.046508,-0.374014,0.281128
1.272354,1.469195,9.745484,-0.693825,-0.103062
2.042952,0.340242,8.327034,-0.214193,-0.041102
1.401086,0.837808,6.301745,0.026017,0.062816
1.881138,1.089135,11.081755,0.036429,-0.1639
3.690725,-1.031505,11.598032,0.287354,-0.275048
0.789608,0.348176,12.056528,-0.479569,-0.510653
4.202062,0.131726,9.99277,-0.328348,0.149315
2.074686,-0.088616,6.839727,-0.206114,0.320502
2.203867,0.724044,10.126741,-0.10037,0.103245
2.022893,0.425116,13.409116,0.248187,0.360591
3.009342,-0.158969,7.745194,-0.166976,0.079533
0.274529,0.045655,7.373517,0.389861,-0.083217
1.318907,-0.855621,12.315789,-0.16396,-0.173791
2.53438,-0.217348,10.483,-0.407884,-0.712814
0.181872,1.025368,7.110214,-0.401839,-0.094463
2.592609,-0.893043,6.784641,0.069903,-0.233359
0.784219,1.316812,6.487809,-0.072836,-0.044189
2.672093,0.467328,6.126759,-0.078364,-0.265895
0.468226,1.401985,10.145303,-0.174105,0.051829
3.088378,0.418829,10.546169,-0.275927,-0.651478
1.650618,1.32235,9.245674,-0.562553,0.262407
2.309996,-0.236358,9.383836,-0.147634,0.145037
1.304088,0.936453,8.249495,-0.841823,0.084482
0.297282,0.063169,7.454349,-0.095656,-0.028492
3.900888,-0.22588,9.400152,0.058434,-0.005747
0.520168,-0.520468,9.897418,0.057537,0.066142
3.416346,0.408051,8.900491,0.177877,0.266444
2.37541,-0.339644,8.413404,-0.360339,-0.457768
2.742746,-0.483944,7.429351,0.045651,0.156189
0.66866,0.35596,8.830587,-0.167381,-0.592663
1.910178,-0.83197,6.660849,-0.811177,0.150232
2.009721,1.113085,11.802357,-0.113667,-0.517076
1.723815,-0.459694,9.68022,0.317377,-0.512884
1.631757,2.63512,9.561966,-0.14492,-0.030913
-0.015119,0.413291,13.787978,0.177429,-0.02498
2.042652,1.417552,8.469088,-0.894124,-0.005709
2.968178,0.00958,11.902648,-1.018915,-0.045261
3.213817,0.172591,6.258785,-0.108233,0.167271
0.867446,0.010329,9.989028,-0.085188,0.043805
1.633403,1.684148,13.275444,-0.077396,0.251539
3.028353,-0.234263,6.184689,0.145963,0.03474
3.388354,-1.075364,9.297915,0.090095,-0.073969
1.485062,-0.740809,8.077802,-0.162683,0.096979
2.012116,-0.095052,12.059821,-0.208315,-0.139279
4.123625,-0.182321,10.9882,0.268233,-0.274753
2.074686,0.188757,5.200635,0.127154,0.050992
1.227597,-0.710123,9.43967,0.008985,-0.040797
2.08202,0.36524,6.912625,0.144001,0.242218
3.541485,0.053589,10.845247,0.084993,0.270514
0.914299,-0.14924,10.537337,0.142807,0.25843
1.699865,1.739533,8.305179,-0.146734,0.231188
1.833986,0.410446,6.467002,0.358922,0.35061
2.846032,0.308059,7.717202,-0.26754,-0.361224
2.608775,-0.540825,6.79497,-0.045704,-0.166039
0.462089,0.944686,10.865904,-0.269063,0.290697
3.492837,1.517095,11.413466,0.476236,0.089502
3.815715,0.109872,10.319989,0.125664,0.075556
2.938839,0.642464,12.921879,0.065342,-0.113026
2.179617,0.001796,12.461736,-0.146042,0.298843
2.022893,0.748743,7.186256,-0.187955,0.285903
2.868335,-0.949026,9.038804,0.242446,0.113434
2.083068,0.15388,10.803035,0.18067,0.551483
1.560355,0.526755,9.455986,0.15094,0.020851
1.866618,-0.030536,12.970677,-0.490246,0.230821
2.695445,0.118254,6.362818,0.219675,0.237102
0.82733,-0.373922,11.133398,0.144096,0.193957
2.055675,-0.486488,13.423785,0.269005,-0.048098
2.360741,0.031734,7.049441,0.053222,-0.115706
2.9333,0.489632,14.416371,0.225026,0.050334
1.333427,0.893642,9.793534,-0.282475,0.119707
1.429976,-1.369352,8.887768,-0.177915,-0.136056
2.333198,-0.638123,7.07384,0.073541,-0.084005
2.99587,-0.028591,11.088042,-0.341048,-0.147331
4.141737,-0.422571,10.610835,0.023366,0.113687
3.498225,-0.206421,11.125315,-0.150377,-0.383276
2.344874,-0.09595,6.194419,0.067453,0.032524
0.597108,-0.188907,12.441827,-0.445389,0.123389
2.114503,0.775986,9.105116,-0.27112,0.482887
2.553241,-0.48065,8.189021,0.208684,-0.051283
3.080444,-0.008832,6.461463,-0.566685,-0.379747
2.424209,0.026345,7.363338,-0.171305,0.108224
4.118086,-0.374521,8.108189,0.062986,-0.178965
3.302283,0.534239,11.272908,-0.03253,-0.32287
2.749931,0.088316,6.434669,0.399041,0.055385
1.589245,-0.183518,7.555987,-0.185159,-0.389054
1.786685,2.740052,10.694062,0.393923,0.207735
1.065335,0.056133,11.726465,0.05122,0.067851
1.270408,0.715512,9.132808,0.112588,-0.053898
1.38477,-0.225581,9.66106,0.041178,0.00655
0.727787,1.536555,7.236851,-0.236111,0.000702
1.873803,-0.459395,10.265054,0.012462,0.429797
1.362018,1.421594,11.620036,-0.064092,-0.034586
2.243984,0.457299,9.004375,0.044992,0.51128
-1.222358,-2.408492,13.995596,0.0291,-0.06207
2.586621,-0.82254,12.309203,0.449451,0.235014
1.347648,0.71671,12.982802,0.359885,0.163316
3.069816,0.340093,12.350218,-0.513721,-0.546949
1.453328,0.506846,7.652087,-0.732872,0.257638
1.334625,-0.988544,10.140064,0.21573,0.662184
1.575923,0.723895,9.393267,0.035132,-0.087325
0.468825,0.067061,10.59886,-0.208543,0.175848
0.988095,-0.676743,14.418167,0.031231,-0.234286
1.614992,-1.261127,12.934153,-0.101815,-0.01189
3.155139,0.155826,6.314619,-0.11575,0.05483
1.778901,0.590821,9.707164,0.071506,-0.037005
1.920506,-0.070803,8.259824,0.071899,-0.001861
4.008664,-0.10568,9.359587,-0.178329,-0.493845
2.3805,0.422422,7.105424,0.198117,0.46984
3.719615,-0.223635,12.083772,-1.093612,-0.265827
1.321003,-0.833018,9.648186,0.239832,0.085655
1.972448,-0.195194,7.67469,-0.336682,0.38134
1.05785,0.68752,13.224998,0.294372,-0.124643
3.358416,0.88002,7.521709,0.308851,-0.076343
0.06257,0.262255,12.828024,-0.254931,-0.200789
4.073928,0.497715,9.351803,0.322955,-0.379466
1.958078,0.77404,12.949272,-0.196092,-0.012198
0.901725,0.839155,10.935509,0.205944,0.031005
1.473985,0.544268,7.135661,-0.279721,0.122284
2.610871,-0.289498,6.898105,0.240054,-0.254876
1.746568,0.65399,6.971902,-0.078033,-0.056602
3.567082,-0.314346,7.378307,0.075865,0.090451
2.109863,-0.784369,10.967693,-0.110455,0.090606
1.3225,0.409698,7.532785,0.39054,-0.004842
1.127006,0.986748,9.872271,0.57422,0.049232
3.121758,-0.398471,7.089707,0.124811,0.188766
-0.355511,1.041833,10.892549,0.043336,0.045928
1.795666,0.640069,8.647068,-0.147115,0.017312
2.279759,-0.436642,9.42036,0.719304,-0.358613
2.638413,-0.732128,6.915619,-0.002114,-0.218535
4.551435,0.051343,10.150242,0.20319,-0.109399
2.795736,-0.833317,6.538254,0.152564,0.133728
1.738934,-1.263822,9.099428,0.146123,0.027792
1.819915,0.031435,6.617888,-0.092779,-0.350017
3.297343,-0.035027,8.687185,0.465422,-0.069471
3.225792,0.867746,14.460529,-0.061862,0.512446
0.834365,0.465382,8.90094,0.034354,0.008152
2.345323,0.070204,6.498586,0.10242,-0.035465
2.547702,-0.82688,10.119257,0.520255,0.039548
2.638713,0.304317,7.21814,-0.450588,0.290416
2.835553,-0.516875,7.081773,0.346404,-0.146634
0.971929,0.893342,10.310858,-0.927529,-0.459777
3.020269,-0.517773,6.258635,0.067445,-0.000388
3.720813,0.362995,6.361471,0.084848,0.114826
0.209864,-0.320633,11.323503,0.284998,-0.189841
3.428021,-1.159339,9.308842,0.065471,0.221068
4.471352,-0.226479,10.72385,0.091438,0.124656
1.418301,0.38006,11.535612,0.442002,0.150995
1.182391,-0.752186,9.82901,-0.095689,0.316969
4.518803,-1.156944,11.07936,0.293135,-0.154722
0.223036,-0.05269,12.840598,0.127808,0.187289
1.371897,0.03862,10.369387,0.080359,-0.136737
2.122736,0.425565,7.433242,-0.95835,-0.400344
0.443977,0.241747,10.644066,-0.071148,-0.045714
0.383053,-0.552351,9.642199,0.215014,-0.256824
3.0053,-1.929937,11.333681,-0.267256,0.085059
1.426384,0.786614,6.768176,-0.088447,0.027668
4.560866,0.395777,12.314143,0.466236,-0.599798
0.7453,-0.44233,12.832515,0.361197,0.064009
3.014132,0.104632,8.516091,0.408843,0.104699
1.912423,-0.30776,7.738907,-0.159712,0.011939
-0.664917,0.588277,15.793807,0.437473,0.119764
3.676355,0.298479,12.563524,-0.157651,0.198877
3.345842,0.041015,7.624545,0.09811,-0.074081
0.027543,0.159868,13.933326,0.277064,-0.460082
3.791017,-0.204175,10.6273,0.065765,-0.145511
1.852997,1.812581,9.568402,0.085791,0.094194
2.872377,-0.040416,6.412216,-0.505795,-0.435515
2.271975,-0.619861,7.274123,0.115214,0.690336
3.285967,-1.253793,10.030042,0.178624,0.20704
1.549578,0.525407,7.523355,-0.087629,-0.1593
1.633104,-0.000599,10.053094,-0.063103,-0.016234
2.92387,-0.061821,8.752898,-0.095498,-0.409026
2.474654,0.393981,8.66548,-0.105215,0.232523
2.204915,-0.008981,8.652607,0.016389,-0.030473
2.867287,0.164807,6.875802,0.415118,-0.077091
3.329077,0.22124,13.597424,-0.304065,0.026604
3.699706,-0.320633,11.773317,-1.12965,-0.25947
1.047073,0.366438,7.252718,0.50494,0.271471
1.708996,-0.877475,11.072624,0.389061,0.054212
2.396217,0.372875,6.547834,0.035895,-0.307261
2.290537,-0.44742,7.548054,0.601698,0.004571
0.276176,1.312321,11.432476,-0.023943,0.258808
1.254541,0.536335,8.589738,-0.165523,-0.234927
2.92387,0.294438,12.975617,-0.174969,-0.207794
2.212399,-0.090412,7.595355,-0.3881,0.348882
2.728376,1.492846,8.493937,0.286473,-0.60689
2.676734,-0.29803,6.579119,0.111334,0.064273
1.41396,2.162852,10.961705,0.075947,-0.109469
1.898951,1.22131,9.391919,-0.080275,-0.26715
2.607428,-0.211959,6.841822,0.064651,-0.004546
0.170346,-0.36045,12.532988,-0.003376,-0.017216
1.298849,-0.48559,8.134534,-0.453427,-0.192137
0.819396,0.307012,10.284214,0.512547,-0.072451
2.933899,-0.325723,6.263575,0.195386,-0.109371
1.532813,0.996478,11.686797,-0.124091,0.064513
1.689537,-0.502954,9.851913,-0.096487,0.364482
2.314637,-0.389789,8.014184,-0.088041,0.403425
2.08726,1.09138,6.699169,0.063251,0.116121
3.589835,-0.214654,8.039781,-0.159468,-0.047009
2.027833,0.287552,13.06079,0.066021,0.179064
2.199077,0.003742,9.763297,0.103234,-0.009358
2.299368,0.815354,7.581285,-0.01956,-0.230403
2.57764,-0.020507,6.430178,-0.661825,0.069288
2.366579,1.061742,10.658436,0.4379,0.07103
1.35139,0.694406,11.143128,0.621696,-0.450636
1.818269,-0.424667,7.854317,0.127707,0.090125
3.113525,-0.244442,6.970255,0.625113,-0.452149
1.353635,-0.561333,9.847722,0.005539,-0.010071
1.465453,0.816253,9.740245,0.348269,0.119874
2.296375,-0.360001,9.53592,-0.020752,0.05575
1.989213,-0.827629,8.616232,-0.064719,-0.332403
2.656526,-0.618214,12.718602,0.417797,-0.034585
0.782124,2.140249,13.351935,-0.579495,0.129699
0.661175,1.319805,10.230176,-0.454649,0.296557
2.53917,0.073647,12.612173,0.277021,0.178172
0.584534,0.796194,6.918912,0.116711,-0.052564
4.264332,-0.742755,11.182047,0.296648,-0.054187
2.06795,-0.195044,8.616682,0.269789,-0.066869
2.095043,-0.006137,8.038284,0.19566,-0.129173
2.387086,-0.736019,12.448114,-1.074717,-0.762041
2.5968,0.958607,11.173964,-0.014109,0.440576
4.223767,0.151485,10.636731,0.185713,-0.090227
2.413731,-0.199236,7.620353,-0.830865,-0.214282
3.154839,0.117805,11.404035,0.041583,0.4585
0.664468,1.837878,13.477673,-0.169467,0.011767
2.940635,-0.877475,9.720037,0.186287,0.070868
2.672243,-0.035327,7.258556,-0.214317,-0.100993
1.404679,-0.712219,9.84353,0.039787,0.027752
1.870061,0.273032,8.676557,0.21689,0.237735
1.087039,-1.14931,10.253528,0.007772,0.011556
1.972897,-0.561333,6.066435,-0.30106,0.227489
2.213896,-0.666714,6.73734,-0.864491,-0.363413
3.751499,0.628992,7.85282,0.31963,-0.039899
1.229992,1.317111,8.319699,-0.465041,0.051331
1.843267,0.629291,8.616382,0.19389,0.096543
0.886606,1.009501,9.230256,-0.364425,-0.050851
3.052452,-0.084275,6.665938,-0.703846,0.251742
3.244054,-0.64426,8.973839,0.31527,0.116967
1.66364,-0.073647,8.377479,-0.34299,-0.057002
1.935924,-0.094304,7.104676,-1.076331,-0.177325
0.806373,0.713416,6.955885,0.1495,0.005513
0.881816,0.121847,10.115515,-0.203639,-0.005408
3.127896,0.159119,7.72783,-0.032389,0.335836
1.422193,-0.311353,6.874305,0.274014,0.246992
1.556164,1.3222,9.653426,0.021136,0.065943
3.506458,-0.13951,7.613318,0.040772,0.190425
2.780468,-0.277224,8.160281,0.168705,0.488878
2.470912,-0.21136,8.975036,-0.050723,0.12404
2.195335,1.018781,9.000483,-0.556657,-0.155255
1.958378,0.219144,7.37666,0.000632,-0.308431
2.620151,-0.259411,11.119776,-0.802477,0.089176
1.207539,-0.600701,8.703651,-0.090674,0.029964
1.654809,-0.858615,10.044562,0.479784,0.00494
0.959505,0.970432,11.996204,0.085999,-0.093433
-0.6971,4.420907,12.202774,0.145664,-0.039787
3.078798,-0.437241,8.346194,0.264637,0.077463
1.629661,-0.679587,10.063124,-0.011309,-0.018804
2.37062,0.407602,8.132289,0.093417,0.228889
4.710704,0.102537,12.184063,-0.079955,-0.133433
2.22153,0.976569,13.005704,0.235001,-0.244625
2.320624,0.902623,10.912757,0.48873,0.236015
0.828377,-1.091979,8.643027,-0.018659,0.0282
3.898343,1.185834,11.564651,-0.177307,-0.191483
2.126628,0.801284,10.526111,0.178706,-0.234656
0.652493,-0.056133,9.725126,-0.088599,0.203091
4.045637,-0.007185,11.41616,0.568343,-0.363512
-0.092957,0.191003,9.38219,0.16209,0.07842
0.997376,0.270338,10.260563,-0.017344,-0.011997
3.166815,-0.950224,8.127798,-0.091872,-0.056858
2.981799,-0.112716,7.384145,-0.030514,-0.050658
1.397793,-1.35109,9.919422,-0.098926,-0.001067
1.537153,-0.335003,8.890462,-0.023949,0.06715
0.497266,0.186063,9.620195,-0.043349,-0.240695
3.037184,0.592917,10.672955,0.236657,-0.100506
2.708168,0.503553,8.041278,-0.011593,-0.214655
0.924178,0.186362,12.526102,-0.125999,-0.095896
1.488056,0.963995,11.148966,-0.614568,0.729175
2.227218,-0.368534,8.554411,-0.500283,-0.216467
2.232009,-0.145348,6.593339,-0.413706,-0.038527
0.639919,-0.011227,9.441915,0.018439,0.251301
2.016457,0.70219,10.364746,0.163528,-0.022967
1.019979,-0.098795,13.118719,0.254282,0.002668
0.993185,0.604593,8.219857,-0.071676,-0.193624
1.189726,-0.343685,9.548643,0.448825,0.520556
2.172133,-0.22588,7.039262,-0.153361,-0.051351
1.903591,-0.133672,8.23752,0.232642,-0.384467
2.910847,-0.075742,6.540948,-0.137628,-0.5163
1.018632,0.421224,10.172247,0.499876,-0.183336
1.686842,-0.58199,10.280172,0.077765,-0.069073
2.096391,0.681383,7.405251,0.102604,0.13895
2.555935,0.554597,11.153606,0.020928,-0.42311
0.761167,-1.817221,10.269694,-0.039917,0.081073
2.13052,-0.630489,10.534493,0.444959,-0.690065
3.441643,-0.041763,7.842042,-0.054694,-0.020079
1.583407,0.318687,7.04031,0.576499,0.045447
2.850373,-0.41359,6.438411,-0.012467,0.270729
3.179239,-0.482297,12.825479,0.003278,-0.220182
3.628305,0.366438,11.806548,-0.01299,-0.200677
3.880381,-0.17334,7.654931,0.018078,-0.267737
3.99115,-1.224753,10.470127,0.29334,0.469403
1.821412,0.803679,8.268955,-0.279322,-0.090243
1.879941,1.309028,9.549093,0.270063,0.087268
2.351161,-0.126038,7.233408,0.220449,0.125177
3.30378,-0.966989,8.700956,-0.243241,0.32301
2.194736,-0.689017,8.295599,0.064861,0.156708
2.502646,0.332908,6.568042,-0.130876,-0.091064
1.930685,0.515528,13.582755,-0.113365,0.183474
1.011447,0.695005,11.236983,-0.072707,0.414689
2.237547,-0.097896,6.72252,0.620719,0.072125
2.159709,-0.912652,8.451275,-0.001475,-0.01739
0.1684,0.34159,11.611803,-0.155629,0.151082
1.927991,0.245939,11.07457,-0.420217,0.022836
1.877995,0.182321,9.077124,0.135516,-0.074242
1.941612,1.398093,13.504767,0.029835,-0.157262
3.14032,-0.390688,8.830437,-0.04084,-0.014184
1.619033,0.214055,6.643485,-0.043822,-0.546305
1.482816,-1.150358,7.788454,0.1147,0.141503
4.201313,-1.176404,10.414593,-0.349498,0.06453
1.164878,0.791704,8.660091,0.074747,-0.166439
2.896776,-0.221839,6.565497,-0.252523,0.215873
2.23126,-0.539778,11.484418,0.037813,-0.163246
4.413273,-0.989742,11.83439,0.526071,0.007688
0.099842,0.506996,11.639645,-0.127053,0.044546
1.507216,-0.052541,10.154134,-0.261374,-0.527694
2.177672,-0.661325,6.795269,0.119435,-0.337489
2.35161,0.80293,7.014563,-0.121764,0.321415
2.631378,0.237556,7.331155,-0.414717,0.046953
2.499802,-0.033081,5.782026,-0.114289,-0.162041
3.244054,-0.372575,7.662865,0.147426,-0.355467
2.210453,0.353864,12.715009,-0.058855,-0.067882
3.132536,-0.863105,9.021889,0.084646,-0.079207
2.752925,0.560734,12.386442,-0.101937,0.15977
2.713407,-0.667013,6.88643,0.104545,-0.335091
0.040865,-1.316512,11.518248,-0.484317,-0.235301
0.152982,0.068258,8.575517,-0.124315,-0.509736
2.030527,0.036225,6.921906,-0.282442,-0.455052
3.793861,-0.764011,10.76217,-0.436895,-0.402286
3.225343,-0.36524,8.81457,0.401454,-0.138453
0.981659,0.146096,8.459808,0.088952,-0.041927
1.692979,0.586031,12.406501,0.143601,-0.093334
3.127297,-0.16331,6.719976,0.523551,0.48874
1.982028,-0.131576,7.19404,0.362266,0.061252
2.205214,-0.202529,6.99675,-0.184567,0.080427
1.552721,0.698897,12.052487,0.070848,0.003492
2.309547,0.043559,6.507418,0.12195,0.262323
0.561482,-0.569715,9.842333,-0.000545,0.02306
-0.11062,0.419727,10.831626,0.118975,0.209353
1.951342,-1.347947,9.508078,-0.014281,0.068412
0.084874,0.135319,10.893896,-0.259907,0.16891
1.250799,-1.141676,8.115075,0.249041,0.404494
0.993334,0.747246,7.937394,0.435,0.222806
3.639382,-0.156574,7.897427,-0.03985,-0.066882
0.33201,0.39443,10.695409,0.034773,-0.080729
2.872826,0.326471,9.315279,0.26536,0.072713
3.122207,0.085622,11.304941,0.075643,0.061083
1.028661,-0.032183,8.508606,-0.04723,-0.402242
3.849844,-0.487087,12.078533,0.005516,-0.108834
4.302503,0.829425,9.340876,0.105934,0.773732
1.646277,1.73609,11.105706,0.029728,0.194065
2.334695,1.439856,11.311827,0.104501,-0.124749
-1.015189,2.172582,12.945979,-0.746338,0.801006
2.614314,0.021256,6.587202,0.145762,0.111951
3.441942,0.968187,12.131971,-0.181377,-0.10832
2.228865,1.058898,13.39759,0.250911,-0.327777
1.448687,-0.055984,9.522598,0.094373,-0.224547
0.67315,2.223476,7.460636,0.156525,-0.294741
3.757486,-0.425415,10.427616,-0.104402,-0.323064
2.481839,-0.42317,6.727161,-0.517104,-0.017549
0.516576,2.021546,6.547235,-0.320481,0.04423
2.213896,-0.538131,9.979148,0.122476,0.140321
1.883833,1.455124,9.288484,0.120832,-0.206234
2.19758,-0.555195,9.450897,-0.350335,-0.498312
2.743645,-0.345033,8.002658,0.041509,0.648022
2.273023,-0.308359,7.366631,-1.287216,0.414585
1.339564,0.147443,8.203391,0.060135,0.015282
2.080224,0.017514,6.688242,0.117718,-0.257021
2.306703,-0.649948,10.518626,0.072805,0.298576
3.230283,0.063917,10.672506,-0.716894,-0.367015
3.128943,-0.320184,6.732101,-0.060342,0.256538
3.288512,-0.287253,7.879614,0.097728,0.156368
1.877695,0.386347,9.062155,0.077878,-0.141998
1.966161,-0.626896,9.116941,0.007145,-0.086966
2.630031,0.305365,11.395952,0.210546,-0.050868
1.139431,1.388363,9.846524,-0.823088,-0.825635
1.331032,0.308508,11.000175,-0.310821,-0.871174
3.100802,-0.274679,7.481742,0.181755,0.158931
0.884511,1.36576,10.578801,-0.276851,-0.337411
4.063151,-0.184417,12.532988,-0.056608,0.011557
0.701591,0.897234,9.639505,0.428177,-0.135095
3.89999,0.324974,10.191257,0.284269,0.017139
2.456691,1.515149,8.937015,0.124964,-0.263544
0.195194,1.3222,9.815089,0.164488,-0.098566
2.490222,0.025297,7.253915,0.042272,-0.218042
3.066673,-0.110321,6.018983,-0.277665,0.481822
1.241369,-1.107247,10.90632,-0.064301,0.021104
1.425785,0.152832,5.482649,0.249855,0.134378
2.828069,0.496368,11.97899,0.156706,0.37368
3.219655,1.03854,5.918243,-0.090343,0.029524
3.06802,-0.605641,11.902199,0.109784,-0.15988
2.933001,0.828976,9.711954,-0.08182,0.118471
2.669698,-0.552651,12.785961,0.173188,-0.240226
2.225572,-0.123344,9.626332,0.052178,-0.127657
2.293531,-0.129032,11.5169,-0.082276,0.669643
2.62584,0.247735,6.453829,-0.198179,-0.09967
2.655478,0.425864,11.605067,-0.109417,-0.148853
3.528463,-0.260309,7.919881,-0.210419,-0.306632
2.555636,0.824036,10.591225,0.333062,0.172032
2.777774,1.072969,9.826915,-0.024706,-0.059652
3.711382,0.262105,8.941656,-0.060399,-0.013662
1.335672,0.613724,7.775431,0.040618,0.03777
1.647175,-0.78841,8.977132,0.233257,-0.013827
2.550097,0.266446,9.203461,0.221635,0.314993
3.097658,-0.33201,13.301639,0.030427,-0.15035
-0.326471,0.367935,12.90197,0.33612,-0.173028
1.501528,0.951721,7.109017,-0.025073,-0.028673
1.480721,-0.834515,11.371702,0.117336,-0.611435
1.521586,-0.433049,7.534432,0.467829,-0.2255
0.248932,-0.90891,11.583811,-0.004695,0.024331
2.453698,-0.957559,10.849888,-0.675395,-0.383713
3.39509,0.021256,11.352243,-0.49694,-0.482175
1.836381,-0.904719,9.902957,0.22645,0.241741
1.444646,0.314496,10.597213,0.132352,-0.061589
1.853296,-0.193098,6.344556,-0.267234,0.479245
1.430575,-0.268542,6.791078,-0.455153,0.150261
1.574276,-0.121697,7.322772,0.327476,0.0251
0.892893,-1.016386,11.15645,0.036149,0.002008
0.978515,-0.493823,8.411458,-0.328651,0.301504
0.302371,1.210084,12.250226,0.102043,-0.130122
3.39479,0.632435,13.725857,0.004366,-0.144483
0.214953,-0.776136,10.018367,0.198679,-0.442987
1.57727,0.483046,8.987011,-0.36126,-0.235998
3.544629,-0.523911,8.587043,0.206907,-0.206078
3.12595,-0.243693,9.020392,0.089372,-0.060359
3.414699,1.013991,12.508588,-0.884175,0.101461
1.378034,0.223934,13.434114,0.321317,-0.104387
1.648672,-0.054337,6.687493,-0.151455,0.239612
2.514771,0.116308,7.895781,-0.236102,-0.099954
2.400259,0.14924,7.037765,0.040489,0.269831
2.497107,0.661624,7.293733,-0.358412,0.137036
2.123185,-0.064516,11.980337,-0.229342,-0.038101
2.326911,0.190554,7.428153,0.143157,0.401843
2.001039,0.265248,10.05519,-0.04464,-0.295399
1.271456,-1.847458,10.475366,-0.006022,0.005447
3.223846,-0.42796,6.551576,-0.19743,0.356287
3.547772,0.320334,8.768616,0.274368,-0.107015
2.042952,-0.553998,12.057127,0.182223,0.18896
1.878444,-0.623454,9.534124,0.074362,-0.271185
0.738115,0.621358,6.961274,0.160209,0.04484
1.457519,-3.112777,13.404625,-0.008874,-0.007684
2.888992,-0.030986,6.120622,0.4278,-0.103642
2.733316,-0.051792,6.72297,0.008355,-0.202923
3.034939,-0.99064,10.156829,0.651044,0.206212
4.145928,-1.383573,10.767259,0.651835,0.392053
1.968706,-0.544717,7.071145,-0.96596,-0.112129
2.472109,0.280816,7.499405,0.659945,0.626043
2.106719,-0.563877,10.913805,0.009415,0.010698
2.886448,-0.03368,7.765551,0.180334,-0.439714
2.219884,0.747845,7.149582,0.090539,-0.045723
1.989064,0.603994,11.951147,-0.311004,-0.183114
1.248404,-0.730331,9.645791,0.009701,-0.013199
2.512825,-0.39428,7.746242,-0.488215,0.211749
2.206112,-0.722398,11.676319,0.502957,0.109118
2.862048,-0.103285,8.022268,0.143573,0.045263
2.347568,0.825683,13.132042,-0.107487,-0.25369
2.057471,0.703986,7.952812,-0.117358,0.481056
1.980981,-0.792901,9.417217,-0.032554,0.047295
2.280059,1.220712,13.627511,-0.242825,-0.323899
2.889441,0.694406,6.47284,0.226006,-0.19738
3.276237,0.362995,7.912995,-0.056353,-0.177412
3.400778,-0.424817,9.328152,-0.151315,-0.099519
3.41919,-0.017065,8.614286,-0.139473,0.097622
2.952011,0.195493,7.119944,0.51532,-0.159496
3.705844,-0.102088,11.163186,-0.173548,-0.544658
0.156275,0.029938,13.973143,-0.004748,0.012356
1.528172,0.848735,8.489446,0.076384,0.894319
0.687071,-0.31749,11.005264,-0.50025,-0.117261
1.225951,0.736319,12.547058,-0.061665,-0.418664
2.744992,-0.743354,7.87692,0.559021,-0.233403
1.417852,0.792153,7.895481,0.259495,0.087226
1.105302,0.779429,7.523804,0.034582,-0.094904
1.346899,0.004491,12.637919,0.188728,-0.243068
1.381477,1.13494,8.374485,0.27716,-0.791616
2.12079,0.44233,13.808335,-0.331696,-0.065202
0.422122,-0.82703,8.797206,1.236695,0.038907
1.791175,-0.255219,7.048842,0.170422,-0.157892
0.518671,0.587229,10.025701,0.500884,0.106448
1.773961,0.792003,10.263257,0.301753,0.239944
0.148042,-0.924328,7.964188,0.072486,-0.03929
3.634292,0.079335,9.658964,0.110021,0.387353
3.901038,-0.749042,12.537179,-0.344785,0.188665
2.337838,0.484542,13.055551,0.567495,-0.160401
3.682193,-0.295486,8.015382,-0.062097,0.039019
0.688269,0.304766,8.927435,-0.07147,-0.323342
2.932851,0.221988,8.645871,-0.020906,-0.155923
2.43319,-1.318009,11.056009,-0.724699,0.33517
3.241659,-0.183818,11.292667,0.239881,0.085038
1.386267,1.288521,12.56547,0.118519,0.004023
3.765569,-0.073048,8.124355,0.095139,-0.163934
2.584675,-0.652493,9.420211,-0.567634,-0.276118
-0.866249,-0.396076,15.053297,0.175911,0.080764
1.067131,1.350641,13.519885,0.29687,0.174284
2.702929,0.792901,9.954749,-0.149419,0.201149
-0.127984,-0.387245,11.473491,-0.588485,-0.415306
1.792522,-0.749042,9.520502,0.038084,0.005181
1.401835,-0.882116,9.877809,-0.102695,-0.018781
1.943858,0.496068,11.36811,0.379528,-0.307864
1.511108,-1.264421,8.854387,-0.039192,0.081427
2.19264,0.350721,11.222014,0.140278,-0.729039
0.410446,0.028141,10.388248,0.108064,-0.156854
1.959425,0.877475,7.450457,0.06336,0.198282
1.528921,0.338297,7.933951,-0.202119,0.014322
3.04407,-0.140857,9.832004,-0.587324,0.31595
1.071023,0.382006,12.065659,-0.005458,-0.028436
2.193389,0.22124,6.393804,-0.16955,-0.023278
2.970573,-0.049248,7.37172,0.312969,-0.171295
1.896406,-1.033601,8.521479,0.058442,0.039455
3.720214,-1.671724,11.747122,-0.863432,-0.590571
4.365222,-0.718955,10.623558,-0.505569,-0.300912
0.993783,-0.127235,12.017609,-0.054617,0.044598
1.059347,0.892744,7.109615,0.043154,0.023767
2.460284,-0.536933,6.956185,0.006977,0.066474
3.246748,-0.260458,8.418344,0.025145,0.192777
1.913621,-0.438738,9.554182,-0.03325,0.048863
1.082998,-2.028432,11.951147,0.007821,-0.001205
1.629811,0.956062,8.816965,-0.357404,-0.504161
3.490292,-0.933609,11.099868,0.053095,-0.197544
1.19751,0.413141,9.411678,0.101886,-0.061569
2.410138,-0.457748,7.380552,0.073192,-0.187485
1.405727,0.400268,7.377708,-0.0517,-0.133486
2.753075,0.416284,7.491172,0.406027,0.063863
2.96234,-0.292641,6.514753,0.245424,-0.106996
1.871259,-0.988245,9.081615,0.096451,0.191605
1.810485,-0.571062,9.488618,0.22234,0.267655
3.825146,-0.35087,7.822283,-0.110058,-0.241615
4.148174,0.278421,11.580069,-0.306018,0.029134
2.064657,0.989892,8.803044,0.202126,0.140392
2.735561,-0.468376,7.203919,0.098901,-0.063533
1.582659,-0.839604,9.413175,0.002798,0.000613
3.497926,-0.189207,8.311466,-0.108343,-0.351007
-0.329315,0.550405,11.05047,0.300654,0.030854
2.659669,-0.954116,9.870325,0.771149,0.514843
3.710035,-1.338966,10.503658,0.191986,0.112284
0.989592,-0.421374,10.50725,-0.009421,-0.162822
1.729503,-0.141456,7.070696,-0.078453,0.003303
0.308958,1.388662,10.979219,0.13227,-0.076974
2.318229,0.930315,13.199551,-0.365906,0.271098
2.346071,-0.279768,5.862409,0.170251,-0.254387
2.173181,-0.161215,11.835588,-0.348443,-0.287564
3.450774,0.542472,8.349038,0.126769,-0.09709
1.714535,-0.367785,7.577842,-0.259591,-0.032151
1.475332,0.924478,8.013286,0.048606,-0.092472
1.598526,-0.641566,11.166629,0.041167,-0.033268
0.67809,0.074994,9.492211,0.014971,0.1182
2.261946,-0.703537,12.122541,-0.201963,-0.247034
0.67794,-1.200653,12.005035,0.280199,0.000893
2.594854,-0.445623,12.620406,0.144018,0.257665
2.35146,1.427731,11.467503,-0.341791,-0.18004
3.46694,-1.27894,11.076666,0.05126,-0.133179
2.344724,0.277224,13.014087,-0.079403,-0.006486
2.659669,-0.877924,9.579928,-0.272235,0.10901
3.334915,0.226479,7.409741,0.025308,0.09308
3.431464,-0.539179,8.653505,0.084527,0.25868
3.96256,-0.361947,8.430169,-0.047029,-0.011991
1.958976,0.366139,10.345736,-0.076851,-0.190528
1.257385,0.962049,6.447093,0.143854,-0.072179
1.691183,-0.018262,7.522457,0.247195,-0.258493
0.736618,0.001048,8.148755,-0.152001,0.148905
3.607348,-0.617316,11.781251,0.15805,-0.36119
1.745221,0.705333,6.630612,-0.060844,0.040572
4.828659,0.046553,10.109827,-0.572648,-0.527063
3.878584,-0.263452,12.499008,0.10065,0.077717
1.400787,1.913621,11.445798,-0.610195,0.234462
2.739004,-0.342488,6.484366,0.308608,0.202034
1.877246,0.714764,7.505692,0.04407,-0.00731
2.318828,0.595911,11.019934,0.037471,0.057489
2.162553,0.536035,11.75775,-0.284646,-0.229361
1.104254,-1.696123,9.984387,0.36286,-0.095146
0.804727,0.208516,10.679542,-0.473795,0.016389
1.568887,1.235231,8.325537,0.371603,0.244604
2.83241,0.251776,9.63681,0.001867,0.032576
2.213297,0.032632,6.352789,0.026984,0.022925
1.581461,-0.194595,11.779454,0.283804,-0.168481
1.74073,0.647254,7.048692,-0.139383,0.064301
2.500251,0.024399,10.28616,0.051769,-0.116751
1.543141,0.40416,7.605834,0.16916,-0.017563
3.439398,-1.74058,11.007659,0.518674,0.121641
3.870501,0.201032,9.50703,-0.164097,0.12556
3.538043,0.055385,6.70366,-0.073157,0.133007
0.486937,-0.550405,9.928703,0.001969,-0.016767
1.733246,0.434247,7.343878,-0.108272,-0.017803
1.850003,-0.49996,10.672806,-0.432747,-0.437641
1.660497,0.971779,11.364966,0.16892,-0.121914
2.73152,-0.232018,6.468948,-0.302333,0.250193
2.218237,1.160237,9.217981,-0.070806,-0.156876
1.049168,0.891845,8.638985,-0.043963,0.041907
1.066382,0.575403,8.773106,0.261212,0.004854
2.772834,-0.283361,7.460785,0.051229,-0.002015
3.954477,-0.063917,7.817793,-0.082041,-0.076005
3.022515,-0.965941,9.893676,0.007144,-0.082417
1.056653,0.666863,10.839559,0.131513,-0.034225
3.769461,0.023651,7.566016,0.027644,-0.253422
2.141447,-0.936303,9.105565,0.163994,-0.078766
1.008004,0.710872,13.290263,0.167411,0.079883
2.483186,-0.404309,6.584957,0.156002,0.364577
0.698747,0.889151,7.589817,0.30975,-0.015252
1.92814,-0.81745,9.827963,0.442412,-0.304675
3.284919,-0.307012,8.270152,-0.603418,-0.001576
2.624043,-0.077239,8.666378,-0.152958,0.354864
3.773802,-0.539029,11.495944,-0.001109,-0.289632
2.210753,0.14924,11.881093,-0.109974,-0.086279
3.416795,0.074844,8.654253,0.207819,0.224977
1.094075,0.502206,7.084917,0.174792,-0.183503
3.736081,-0.326172,12.967085,-0.105122,-0.150347
1.388812,-0.201032,7.974966,-0.078594,-0.104348
4.18829,-0.192649,9.585168,-0.095418,0.003593
3.478466,-0.371677,11.097323,0.228185,-0.021657
1.840123,-0.409249,7.472611,0.97104,0.104704
0.339494,0.43754,10.971884,0.418781,0.190572
0.959205,0.484243,6.195167,0.208387,0.128153
0.85577,-1.018931,8.964109,-0.025653,0.043169
3.065176,-1.947301,10.197993,-0.339642,0.084819
3.417393,0.776735,11.13744,0.390773,-0.313432
1.33687,-0.66866,10.368339,0.166291,-0.186795
2.711761,-0.403261,10.392738,0.074737,-0.324326
3.415897,-0.446072,11.146122,-0.032902,0.013391
2.626139,-1.330433,8.753347,0.640739,0.728672
0.304617,1.613794,10.94015,-0.102348,0.007395
1.109792,1.13,10.159673,-0.501278,0.158538
2.656975,0.232916,7.213499,0.423348,0.054681
1.618584,-0.565973,9.381292,-0.025794,-0.012041
0.3365,-1.533112,9.651031,-0.142694,-0.041861
2.680027,-0.216749,7.159612,0.332306,-0.116736
1.97634,0.756377,7.836953,0.085957,0.092039
-0.522414,1.277294,9.909094,0.435168,0.280917
1.693428,-0.675845,9.243129,0.117687,-0.188439
2.446812,-0.784818,7.709718,-0.032489,0.089371
3.080145,1.569935,7.654333,-0.095766,0.083539
-0.111668,0.307012,8.560548,-0.080465,0.118926
3.884273,-0.085023,9.013656,0.266806,0.37958
2.902913,-0.446072,9.801917,0.20651,-0.038747
1.7554,-0.345332,12.05548,0.142107,0.255292
2.518064,-0.243544,6.462212,-0.039325,0.150909
2.859354,-0.536484,7.440877,-0.155057,-0.071663
2.934198,-0.007484,8.292007,0.083032,-0.086884
3.531606,0.473914,10.012978,0.011628,0.521274
0.501607,1.482966,10.93536,0.007447,-0.217403
-0.040566,0.978365,14.717395,0.294197,-0.143895
3.572621,0.4811,8.644673,-0.303928,-0.224081
1.667083,0.939446,12.837155,-0.30371,0.088441
2.398911,0.943488,12.360995,0.12095,-0.024728
3.549868,-0.356858,7.436685,0.047432,-0.273442
-0.13472,-0.298479,10.100845,0.069291,-0.350435
3.498375,-0.417182,11.937376,-0.128521,-0.045766
-0.640518,2.974614,10.817704,-0.165316,-0.152215
1.623374,0.117057,12.055031,0.442717,-0.05945
0.347877,2.448309,10.291998,-0.065389,-0.29996
2.539319,-0.927322,9.162147,-0.259514,-0.226184
2.971471,-0.608335,9.53128,1.072237,0.480241
-0.662672,-0.166903,13.278288,0.013632,-0.137282
0.954415,0.825234,11.099269,0.216172,-0.080764
3.157833,-0.064965,12.57984,-0.278554,-0.272825
2.156865,0.639321,11.251802,0.196594,0.130991
3.949836,-0.123643,7.939939,0.008458,-0.189277
1.753154,-0.342937,14.617553,-0.476334,0.689269
2.133214,-0.680934,9.666898,-0.060317,0.332736
1.001268,1.239872,9.879605,-0.077227,-0.118477
2.286495,0.964744,12.554094,0.234649,0.090799
2.891088,0.383952,8.105944,-0.04282,-0.11243
-0.225731,1.521736,10.704839,0.322734,0.111621
3.133733,-0.111368,7.029083,0.029502,-0.032199
2.012715,-0.736319,12.188853,0.344843,0.659725
2.216142,1.528022,12.106824,0.00346,-0.052595
1.481619,0.251926,10.960807,-0.389619,-0.034306
0.726589,-0.411345,9.846674,0.010058,0.005086
1.117426,0.978815,13.519586,-0.041537,-0.128073
0.725392,1.516496,10.810968,-0.333344,0.217454
1.796714,-0.765807,7.42965,-0.637588,0.18683
2.62075,0.77434,11.981385,0.102002,0.260893
1.537902,1.122516,8.313262,-0.191839,0.187598
1.84177,-0.016017,13.095817,-0.121104,0.28977
3.093168,-0.107626,6.490952,0.3603,0.02934
0.8655,0.066462,13.563594,0.127139,0.101196
2.5968,-0.159868,6.575826,0.134788,-0.257097
1.331481,-0.06736,7.553742,-0.010093,-0.029981
3.132386,-0.255668,11.548934,-0.4681,-0.147856
1.035996,1.804348,9.802216,0.222453,-0.043589
3.879782,0.112416,9.328302,0.025824,-0.117073
2.499502,-0.652343,12.487632,-0.210133,-0.57849
2.800975,-0.018262,7.659871,-0.006922,0.199145
4.575685,-0.205074,11.076217,0.127429,-0.09711
4.652026,0.553998,10.903925,0.158855,0.267715
1.997446,-0.450114,6.556665,0.068951,-0.02713
1.659599,-0.858016,9.647737,0.026384,0.152365
1.615141,0.111518,6.928941,0.160106,0.131716
0.518222,-0.520917,11.115735,0.011574,0.085884
2.115102,-0.382155,7.119794,-0.286457,-0.234855
1.748065,-2.148333,11.527828,0.504047,0.867392
3.557652,-0.251627,7.777527,-0.085974,0.22629
2.762206,0.70668,12.111165,-0.350429,-0.343765
3.319647,0.74515,12.306508,1.236988,-0.509716
2.781516,-0.712369,9.720486,-0.031824,0.200784
4.234844,-1.005309,10.216555,-0.44502,0.238
2.943778,-0.414488,9.972263,-0.148454,0.347373
3.678451,-0.335602,8.142617,0.159652,0.102962
2.819986,0.37527,6.776259,-0.228633,-0.47708
1.391955,-0.472268,11.880943,-0.363947,-0.209588
3.840114,0.2886,11.207045,0.005878,-0.0404
0.553699,-0.422871,10.502011,-0.285486,-0.180519
3.475323,0.421374,7.137757,-0.187157,-0.342345
1.749861,0.1925,10.108479,0.014852,-0.009869
2.301314,0.707878,13.850398,-0.102432,0.079915
1.691183,-0.076491,12.816348,-0.019363,-0.455876
2.390229,0.576601,11.249856,0.176703,0.002126
2.382745,0.087269,6.211034,-0.082346,-0.279678
-0.042661,-0.192051,14.867383,0.908148,0.275925
0.671803,1.041235,11.135793,-0.111663,-0.01769
1.945804,0.589175,9.459429,0.01239,0.024315
2.434687,-0.407752,9.145532,-0.042553,0.033708
1.530567,-2.127975,9.973161,0.299129,0.944855
3.312162,-0.179177,9.517808,0.074556,-0.305898
2.299518,-0.001198,6.632408,-0.143065,-0.046444
0.574954,1.691183,9.751921,0.204682,0.025228
0.784219,-1.46201,9.53128,0.162898,-0.162278
3.270699,-0.974174,11.996803,-0.410464,0.280283
2.175127,-0.697999,6.80934,0.018181,0.05227
0.099842,1.167722,12.189602,0.071738,-0.268835
2.885849,-0.31749,6.999594,-0.009459,0.28057
4.253255,0.061821,10.435849,-0.019813,0.217044
2.908003,-0.229772,12.17583,-0.138348,0.04631
3.337909,0.475112,12.651391,0.102767,-0.009576
0.843496,-0.032183,11.571387,-0.719136,-0.391112
1.373544,-0.032932,10.160122,0.198202,0.012812
1.279839,-0.490829,6.745722,0.266063,-0.070097
3.391647,-1.046324,11.879596,0.177269,0.116548
2.430496,-0.123194,8.720416,-0.197448,-0.128971
2.831362,0.704435,8.835975,-0.061872,0.403649
2.147434,0.463885,6.346802,-0.075243,0.39175
4.487368,-0.864003,11.82002,-0.414173,0.131306
2.690804,0.178429,8.37194,0.04616,-0.10025
1.83713,0.993334,9.232202,0.5102,0.787323
1.583707,-0.512834,10.150242,0.014228,0.174308
4.420009,0.494871,10.419532,0.340587,-0.289124
0.337548,-0.420027,8.568182,-0.313614,0.367375
1.767674,-0.477058,9.764495,0.325462,-0.063499
2.186503,-0.047601,9.515562,-0.971784,-0.577925
1.844165,-0.395478,7.235803,0.014976,-0.270045
3.336861,-0.078437,10.724598,-0.001033,0.055278
2.716252,-0.80772,10.841355,-0.080341,0.266432
4.545597,0.2163,9.745634,-0.526338,-0.538952
2.0196,-0.213755,7.122489,0.054914,-0.32245
4.184249,-0.717608,11.782598,-0.106095,0.233872
0.092059,1.500779,13.369298,-0.579702,-0.023456
2.781665,-0.777483,7.300618,-0.40174,-0.206381
-0.928519,2.05328,10.309511,0.162696,-0.248582
2.770289,-0.925974,11.420052,-0.453915,-0.292971
1.356329,-0.944236,9.745784,-0.018162,-0.325015
2.082469,1.321153,9.437275,0.05853,0.701501
0.421523,-0.125739,12.273577,0.349054,-0.355024
1.737587,2.314188,10.307116,0.205163,0.250131
1.234333,-0.956212,10.815309,-0.053902,-0.196861
4.267625,-0.862057,11.460168,0.310176,-0.18098
2.734064,-0.002844,11.48367,-0.204177,-0.00504
1.37519,-0.568218,9.838141,-0.290792,0.262351
3.141517,-0.058977,7.4295,-0.107073,-0.03172
0.817151,1.425785,10.684931,0.36026,0.149183
2.292483,0.323627,12.664115,-0.193358,-0.872137
4.511019,-0.705333,11.686797,0.027207,-0.362986
1.869313,-0.646655,9.634265,0.273054,-0.147463
4.035009,0.465682,9.941576,-0.093876,0.425992
0.243993,0.667911,10.668615,0.071763,-0.067864
4.138893,-0.562081,8.755144,0.033765,-0.400163
2.741848,0.224982,7.866741,-0.077733,0.146587
2.340982,0.001647,7.212302,-0.34647,-0.31334
3.360063,1.146765,9.385183,-0.406633,0.398502
0.564027,0.104782,10.718311,-0.098001,0.506819
1.973945,1.155747,10.847043,0.333657,0.069885
1.761986,-0.842598,8.413404,-0.468558,-0.23953
2.413132,-0.010029,6.781498,-1.287996,-0.156816
2.637665,-0.072898,11.926748,-0.081291,0.205643
0.918041,-0.453707,11.306139,0.101563,-0.001911
3.76542,-0.050295,10.198293,0.257554,-0.136427
1.055605,0.895737,13.442197,-0.010815,-0.356586
0.872086,0.599354,7.381001,-0.076688,0.028662
1.507066,1.086141,9.602382,-0.228595,-0.006022
1.7072,0.37976,13.839321,-0.182956,0.076171
3.009192,0.27902,9.06485,0.17528,-0.066331
0.101339,0.390238,11.432626,0.536329,-0.106631
1.049767,-0.397274,9.724677,-0.182145,-0.069453
2.273023,-0.477657,9.441167,-0.732395,-0.815373
1.18763,-0.046404,8.440947,0.46016,0.198324
2.384242,-0.464634,6.118826,0.00073,0.071406
1.060245,-0.066462,10.359956,0.12143,0.164487
1.33208,0.072749,9.489367,-0.187534,-0.097023
1.725013,0.290546,8.102201,0.207742,0.202731
0.438887,0.525108,8.557554,-0.255519,0.000848
2.897225,0.303569,8.274942,0.573915,-0.51051
1.456471,0.334255,7.609576,0.10981,0.347487
1.780697,1.358126,9.542955,-0.411127,0.500795
1.361569,0.440534,12.290342,-0.16423,-0.230843
1.552571,-0.676144,9.640253,-0.075251,0.01563
0.606688,0.827928,7.547904,0.119092,-0.032794
0.153132,2.004033,7.726932,0.07573,-0.078098
0.885109,0.723296,12.002491,0.348471,0.184914
2.717748,-0.615221,11.509566,-0.119204,-0.031367
3.295697,0.251477,9.116492,-0.27681,-0.212151
2.065106,0.391885,7.451355,-0.039819,0.024991
2.364034,-0.470023,9.002878,-0.742629,-0.763493
3.996389,-0.19729,7.749834,0.191909,-0.22609
3.074906,-0.915197,12.621903,0.074652,-0.012936
4.289181,-0.515079,10.751841,0.0788,-0.181494
3.321144,-0.423918,9.338331,0.075939,0.125948
1.44255,0.490829,14.360687,0.136615,0.3378
1.368005,0.34129,9.411678,0.035556,0.902741
0.873583,-0.763862,9.990674,-0.16315,0.148685
1.09168,0.960852,6.241421,0.287664,0.031047
3.01982,-0.087867,7.524104,0.167436,0.248229
1.036445,0.390987,10.13198,0.221342,-0.123417
2.482887,-0.272733,6.29456,-0.417964,0.005778
2.998265,-0.051343,9.619446,0.154056,-0.207846
1.911226,-0.141306,10.615625,0.496352,-0.458819
1.466351,-0.234113,9.852512,-0.072593,-0.225419
3.556754,-0.893342,9.214389,-0.191317,-0.107212
3.126099,-0.335901,8.151,0.2833,-0.280807
0.869093,-0.017813,11.512709,-0.839288,-0.48632
2.089355,-0.914897,8.604407,-0.091603,0.111054
2.390828,-0.033231,8.43481,-0.658456,0.168339
1.854494,-0.415985,9.344618,-0.125938,-0.022063
1.498983,-0.739462,12.080628,-0.208344,-0.200084
2.14474,-1.219065,9.488469,0.113904,0.098855
1.647474,-0.355511,10.343491,0.358026,0.097594
4.292474,-1.655108,11.09897,0.298619,-0.206773
1.461261,-0.040566,7.761061,0.072616,0.093455
2.018552,1.376837,9.580827,-0.051911,0.22702
2.705923,0.434397,12.496613,-0.000824,-0.146552
3.66423,-0.523611,12.215797,-0.058603,-0.155101
0.865949,0.901575,12.614119,0.00134,-0.11383
0.787512,0.20657,6.607709,-0.22344,-0.026931
1.183738,1.068179,9.704619,0.175806,-0.269013
0.618364,0.893193,8.343949,0.061601,0.093686
2.519561,-1.231788,9.386531,0.226475,0.026961
2.904111,-0.151186,6.496041,0.264977,0.101573
0.131427,0.705633,12.183913,0.057242,0.610679
3.734734,0.01946,9.333391,0.21881,-0.078565
1.87081,-0.89439,9.53128,-0.087522,-0.119807
2.128125,1.010249,12.136612,0.263691,-0.148094
2.367177,-0.499661,7.985594,0.254147,-0.045979
0.368234,1.045127,10.585687,0.182864,0.372488
3.253035,-0.395777,8.672815,0.045777,-0.092998
2.744393,-0.042811,6.502927,-0.267697,-0.091313
2.728526,0.613724,11.251353,-0.191976,-0.066476
3.088228,-0.279768,6.369255,-0.364378,0.314026
3.993545,-1.438658,10.39648,-0.522497,0.321788
4.120481,0.562081,8.060139,-0.865381,-0.196095
0.474064,-0.512384,10.85348,0.276187,-0.181113
2.738106,-0.201182,8.682844,-0.038454,0.187512
1.12027,-0.55759,6.808591,0.471923,0.355066
4.581223,0.758473,10.154284,-0.020056,-0.084184
2.246379,0.039218,9.485625,-0.294237,-0.365936
0.902922,0.850232,10.770702,0.17274,-0.002113
2.2844,-0.826132,7.204967,0.068006,-0.293721
3.86167,-0.253124,9.946666,0.168276,-0.116047
1.513802,-0.480201,9.840836,-0.024872,-0.226451
3.592829,-0.358055,8.130642,-0.066621,0.000744
3.680846,-0.35581,11.614048,-0.170429,0.431565
1.180894,-0.367186,14.011164,-0.5491,-0.792755
3.500022,-0.343685,11.496393,0.388457,-0.062714
3.216511,0.407752,11.469299,-1.039767,-0.239343
2.68826,-0.725242,12.317585,-0.478116,0.019351
3.229834,-0.667761,11.872711,0.158838,-0.028628
0.127235,0.82718,14.630426,0.044528,0.476072
2.87073,0.507145,8.071515,0.065076,0.015295
1.229094,1.193019,11.962075,-0.233144,0.056153
3.524421,-0.687071,10.6273,0.092603,-0.221509
3.261867,-0.752635,10.457254,-0.029894,0.256847
2.656526,0.032482,7.416028,0.026004,-0.090775
1.395698,0.414338,6.571934,-0.138383,0.060129
1.453028,-1.037493,11.725866,0.195798,0.165222
1.182391,-0.882714,10.78597,-0.60267,-0.161219
-0.44218,0.05793,12.130624,-0.375906,-0.00825
0.262105,1.365461,9.79099,-0.085074,-0.033267
2.839595,0.026944,8.610095,-0.438367,0.362964
1.76019,0.715362,13.009447,0.300141,0.00653
2.985542,0.387544,10.584489,0.378722,0.386562
2.677183,-1.042133,9.635313,0.25332,-0.240349
1.625021,1.063239,8.726852,0.169471,0.167262
2.681224,0.040865,7.070547,0.050114,0.026339
2.902464,-0.417632,11.766132,-0.536838,-0.035272
-0.330064,-2.155069,13.187726,-0.001363,-0.004556
1.535657,0.443378,12.553495,0.776929,-0.177014
1.765728,-0.080832,10.485994,0.221109,0.016313
4.265081,-0.404908,6.483917,-0.003924,-0.039063
1.790427,1.026266,11.402688,-0.353938,-0.296398
2.085763,0.261207,8.761431,-0.330233,0.231378
1.877546,0.748893,13.119169,-0.857801,-0.293339
1.819466,0.85607,9.533525,-0.018928,0.656958
2.526895,-0.378413,9.152567,-0.454362,-0.286529
1.559008,-0.777483,9.811048,0.021497,0.051384
3.314557,0.355062,11.552975,-0.393467,0.216135
3.575914,0.633483,11.878249,-0.067767,-0.443935
2.024989,-0.604144,7.058123,-0.541842,-0.31629
2.186503,-0.74036,12.222533,0.222814,0.09096
2.774031,-1.257236,10.187964,0.19508,-0.237111
2.455194,-0.088616,8.772807,-0.111717,0.021337
0.656984,2.387535,14.068943,-0.353674,-0.122126
3.647615,0.233514,12.143198,-0.069848,-0.51954
1.566343,-1.192121,11.956387,0.474914,-0.137406
2.480342,-0.018112,13.0078,-0.109009,-0.123356
2.866539,-0.800835,11.41137,-0.008846,0.044373
1.744772,1.929787,9.273815,0.067714,0.008937
1.584006,0.247286,13.433515,-0.181272,0.014916
1.833537,-0.851879,13.731096,-0.779469,0.208967
3.782634,-1.235082,12.543316,0.253806,-0.085343
2.046544,-1.420696,10.216555,-0.092122,0.187632
3.509602,-0.011077,8.36251,0.046207,-0.004662
0.52421,-0.062869,13.971646,0.010939,-0.247431
1.637295,0.718955,12.900473,-0.336818,-0.147015
1.276096,-1.091081,15.163168,0.392173,0.103144
3.456163,-0.099693,12.832215,0.53723,-0.338011
4.853058,-0.68273,11.0361,0.214039,-0.011557
1.407822,-0.500559,8.543334,0.370346,-0.270433
1.628015,1.225202,12.059821,0.378752,-0.146196
1.866169,-0.72629,9.620344,-0.134543,-0.306096
3.478916,-0.396525,8.878188,0.121478,-0.430921
3.497627,-0.078587,8.597222,0.045613,-0.189482
2.837948,0.182171,7.901918,0.264727,0.050594
3.20738,0.342039,7.86719,0.256608,-0.01756
2.036066,0.814606,8.546028,-0.068046,0.338443
3.481011,0.330064,8.891211,0.072742,-0.043637
1.258283,-1.122665,9.748777,0.113903,-0.297761
1.053509,-0.216749,13.974041,-0.048168,-0.412093
1.734892,-0.054337,7.475754,-0.288354,0.037583
2.515519,-0.525258,8.921448,-0.09208,-0.343368
3.61154,-1.00022,11.346405,0.036974,0.54861
1.667981,0.835113,8.33377,-0.431574,-0.53233
2.631079,0.030237,6.564749,-0.537689,-0.053061
1.266367,-0.709674,8.887618,-0.445541,-0.392303
2.134561,0.045805,8.185578,0.32544,0.012894
2.112707,-0.400417,7.811057,-0.20519,0.527628
3.715873,-0.233215,12.116703,-0.283759,-0.042499
2.165996,-1.147065,9.07922,0.344455,0.498473
3.870501,-0.048349,11.361823,-0.216001,-0.175818
2.655927,-0.861309,8.832084,-0.228607,-0.223958
1.51949,0.213755,7.430398,0.003589,0.044934
2.621049,-0.420476,9.021739,-0.298156,-0.295729
0.666264,-0.315843,9.963581,-0.100208,0.032398
2.394121,0.080383,11.150912,0.290726,-0.025339
1.728007,-1.653462,9.303453,0.008431,0.147621
1.611848,0.220192,8.580756,-0.314112,0.111038
2.3805,-0.417632,6.658154,0.131799,-0.450298
2.566413,0.810564,11.783945,-0.429346,-0.176088
0.693059,-0.360301,12.289743,-0.541444,-0.210286
3.656147,-0.159269,7.264843,0.202995,-0.077067
2.812052,-0.264201,10.244247,-0.079821,-0.398745
2.593956,1.238674,12.000395,-0.090706,0.045149
2.388134,-0.028441,10.034084,0.117668,-0.066058
0.844993,0.512384,7.689809,0.015441,-0.01347
1.216371,1.198558,10.510543,-0.088142,-0.235728
1.120869,-0.588875,13.353431,0.13021,-0.088676
1.573827,0.598306,9.317823,0.380406,0.473822
1.841022,-0.59606,9.789343,0.090121,-0.101052
1.196911,-0.244891,6.16014,0.066883,0.030837
2.791395,-0.060025,12.074641,-0.183014,-0.050583
4.234395,-0.118553,11.293116,-0.243653,-0.429612
2.683769,-0.36524,10.731933,-0.042963,0.570077
1.18763,-0.67315,9.765692,-0.270676,-0.187241
2.445764,-0.462987,13.227843,-0.264632,0.529077
3.662584,-0.117805,6.439908,0.327504,0.017374
1.523532,-1.13494,7.616761,0.057301,-0.138094
1.054856,2.001787,6.394403,-0.31609,-0.257059
2.158362,-0.696053,7.325167,0.029771,0.002272
2.215692,-0.347577,7.314539,-0.913077,0.087745
0.3124,-0.313748,11.947106,0.004004,0.026916
1.315914,0.343835,6.409372,0.205769,-0.127467
1.638193,-0.092807,7.183562,-0.007052,-0.083485
3.41904,-0.776884,12.701836,0.202191,0.251552
1.293011,0.275727,6.602021,-0.078764,0.043408
1.60616,-0.00479,12.386891,0.129335,-0.371869
2.36134,-0.757425,8.90603,-0.227492,0.125272
2.165696,-0.008383,7.45869,0.109689,-0.11563
-0.722547,2.0678,14.228063,-0.182154,0.07603
3.229983,0.437989,8.189919,0.152082,0.146088
3.768863,0.062121,10.067315,0.14572,-0.40054
2.311643,-1.070723,9.239836,-0.557751,-0.471804
2.541864,1.364413,6.775211,0.031451,0.049494
1.15904,2.902913,10.691816,0.223659,0.286376
1.234633,0.559387,10.830129,-0.333949,-0.24427
4.436175,-0.237107,11.183394,0.163224,0.032848
0.776735,-0.646955,10.422526,0.305967,0.094585
2.860102,-0.532143,8.028555,0.016349,-0.464179
2.586771,0.019609,7.979457,0.130993,-0.199207
1.915117,0.509989,9.820927,0.126407,-0.129407
-0.100591,-0.659079,10.889405,-0.176005,0.02321
1.886377,1.185086,12.989239,-0.107975,-0.052277
2.197131,0.433349,7.324269,0.420672,-0.137701
2.546505,0.403261,7.811506,0.224959,-0.64693
0.076341,0.972528,8.033045,0.001045,-0.29248
2.788401,-0.014969,6.455625,0.212576,-0.201556
3.424429,0.261806,8.906928,0.124089,-0.096898
3.931425,0.232916,8.120912,0.219817,0.153332
3.770659,0.393681,11.342663,-0.261484,0.092555
1.401535,-1.202449,9.362131,0.301002,0.004326
4.441115,-1.472039,10.90168,0.253283,-0.317401
2.060765,1.354084,9.666449,-1.028244,-0.0197
0.152383,0.095651,8.206235,-0.245937,-0.201487
2.210603,1.065933,11.640992,0.334373,-0.013827
0.906814,0.488434,5.829627,0.194903,0.147355
3.03434,-0.229024,7.533833,0.141735,-0.098683
4.829557,0.008682,11.88274,-0.213998,0.176073
0.808918,0.606688,6.838529,-0.051651,0.242635
0.881966,-0.867895,11.371403,-0.962768,-0.031257
2.40909,1.340013,8.250244,-0.427666,-0.35799
3.347489,0.704585,8.01628,-0.125978,0.249777
2.18785,-0.623753,9.398955,0.177923,-0.238831
1.497785,-0.637973,9.794881,0.66198,0.079418
2.402205,-0.410147,10.152039,0.143026,-0.111004
1.700164,-1.999692,9.512868,0.762912,-0.010378
2.383943,0.502954,8.129445,0.044565,-0.231405
3.4385,-0.190404,9.003028,-0.544679,0.403073
2.174977,0.958158,11.239827,-0.699308,-0.464117
2.699337,-1.277444,9.544452,0.058249,-0.083373
2.268682,-0.892594,11.899655,-0.099597,0.066069
2.560126,-1.094075,12.067605,0.227774,0.93603
1.410068,-0.471819,12.240795,0.022803,0.108831
1.844165,-0.662971,9.431737,0.070074,-0.195191
2.263443,-1.040337,8.271799,-0.026536,-0.130195
1.513353,0.979114,9.028475,0.696398,-0.260144
2.877017,0.544418,11.468252,0.254545,-0.022109
3.743565,-0.86056,12.308904,-0.029031,-0.057414
3.242557,-0.099393,13.017081,0.204613,-0.373984
3.765569,-0.42317,11.237731,-0.042835,0.11386
3.438051,1.637295,12.136761,-0.278453,-0.19264
0.275427,-1.563349,11.490406,0.037754,0.005698
0.566572,1.747616,16.765885,0.222074,-0.020431
0.552202,-0.549058,9.740993,0.305883,-0.417935
1.446741,-0.077688,7.159162,-0.212113,0.086399
1.837878,-0.925825,9.529932,0.151712,-0.162467
2.628384,0.05748,8.815019,0.088113,-0.006562
1.844165,-0.078587,15.034286,0.075078,0.238531
0.567171,-0.130079,8.169262,-0.022826,-0.333808
2.438429,-0.52406,6.264323,0.037663,-0.018596
2.183659,0.092208,14.015954,-0.26255,0.113841
1.102308,0.220941,12.804972,0.178503,0.149811
2.811454,-0.136666,12.580289,-0.026809,-0.210764
1.218915,1.01489,7.024742,-0.493987,0.328625
0.303718,-0.144599,12.147539,-0.023022,0.017601
1.945055,-0.207169,13.010944,-0.328502,-0.354309
1.656455,2.339934,11.108999,0.513684,-0.05438
1.126258,-0.39413,7.85746,0.094911,0.043334
-1.102457,1.620081,10.645712,0.334906,0.163617
2.430645,-0.13936,6.68435,-0.038657,-0.15632
4.838538,0.598156,13.199701,0.339514,-0.139623
1.335672,-0.352667,7.374714,0.120488,-0.137408
2.275867,1.003513,9.614507,-0.195378,-0.07569
0.551753,-0.186812,11.703862,0.230674,-0.415475
2.777774,-0.181872,7.537576,-0.392236,0.160176
0.991089,0.669408,7.564669,-0.137347,0.065327
1.555715,0.188308,7.456295,0.100631,0.027323
4.138594,0.166304,9.375454,-0.098764,0.162633
1.941912,0.070204,9.344169,0.088545,0.229686
1.725911,0.405357,9.2569,-0.383338,0.034631
2.70278,0.113614,7.383097,0.100686,-0.053889
3.403622,-0.48574,11.351794,-0.609415,-0.687839
2.162553,-1.469045,10.727742,-0.512569,0.052268
3.948639,-0.266446,8.468939,-0.061036,0.086223
3.840564,-0.127086,9.763297,-0.734617,-1.024081
3.113825,0.371078,8.267757,-0.086965,-0.246808
3.915258,-0.245939,8.744665,-0.113132,-0.188985
1.795367,-0.390388,10.067465,0.255267,0.103983
1.813179,2.021995,11.201506,0.016567,-0.127283
0.521516,0.86101,13.133688,0.201022,0.028619
1.406924,0.407303,9.616452,-0.23858,0.066393
4.065396,0.89454,11.087593,0.180304,-0.096455
2.684967,0.01422,7.007677,0.005555,0.1007
2.36613,-0.55325,11.923904,0.182819,0.13104
2.305955,-0.273332,6.784641,0.040709,0.01325
1.224903,0.551304,8.685987,-0.183747,-0.182035
2.450853,-0.424817,11.186537,-0.009096,-0.169312
2.200275,-0.426164,8.144563,-0.953494,-0.181074
2.043401,-0.338746,8.073761,0.031863,-0.452773
2.209855,0.209564,13.226495,0.194987,-0.254914
4.452641,0.864303,9.77647,0.050552,0.245722
3.488496,-0.403561,7.643256,0.163851,0.091759
1.840423,0.579295,9.505533,-0.015434,-0.154855
1.388662,1.003064,7.051237,-0.342471,0.186528
3.757786,-0.002395,10.799742,0.182219,0.152602
0.862506,-0.078287,8.560399,0.216418,0.063117
1.347947,-0.664768,8.657547,-0.091553,0.075115
1.517993,0.090412,11.269166,0.323784,0.136071
2.080823,-0.069306,10.258916,0.048303,-0.026773
2.597997,-0.125888,9.418115,-0.112674,-0.354684
2.048191,0.739313,6.668782,0.05341,-0.390036
3.547623,-0.182471,7.404502,0.035667,0.025454
4.587959,-0.349224,11.931987,-0.246615,0.025815
1.196013,0.49053,6.908883,0.204278,0.173056
3.444487,-0.229323,7.927964,0.466346,-0.040479
3.581901,1.179996,12.076287,-0.297686,-0.37276
1.16862,-0.644709,9.888587,0.007576,0.058107
1.287024,0.403261,10.004296,-0.042086,0.103963
2.763703,-0.004191,5.803132,-0.152728,-0.165307
2.504741,-0.485141,6.350544,0.142839,0.25749
0.838257,2.196532,13.789924,0.995902,0.126028
1.800755,-0.65414,9.655521,-0.983841,-0.421255
3.926934,0.084125,11.743829,0.052707,-0.082938
2.865641,0.275876,6.19876,0.147371,0.099043
3.637137,-0.521516,8.945248,0.03279,-0.133643
3.09691,-1.430126,11.186238,-0.372024,-0.050364
2.343227,0.809517,12.205918,0.003696,0.26909
2.370321,-0.407153,11.020084,-0.09103,0.053749
3.065475,-0.933609,8.732541,0.093744,0.323537
2.335144,-0.574206,7.640861,-0.096411,-0.021879
3.58265,-0.698298,9.085357,0.055666,-0.079442
3.894751,-0.576751,11.387719,0.028632,0.063665
1.295107,-1.315614,12.431798,0.003176,-0.079526
0.938249,0.150886,7.982301,-0.018552,0.104817
3.202291,-0.329465,8.094268,-0.39929,0.124469
1.96661,1.097368,9.155561,-0.044732,0.086584
0.593965,-0.285157,11.912677,0.167411,-0.174573
3.191513,-0.134271,8.763826,0.007377,-0.002512
2.318529,-0.914149,8.913215,-1.130294,-0.078123
2.778223,-0.227677,7.123237,0.115763,-0.236555
0.563129,0.878822,7.437434,-0.002206,-0.262431
2.306254,-0.436941,12.803625,-0.787351,0.009807
1.507216,1.085094,7.089857,0.131557,-0.002201
1.993105,1.182092,9.691447,-0.016617,0.044659
3.200944,-0.605341,11.316767,0.305376,-0.283584
1.154848,0.557291,7.108268,-0.400771,-0.088235
4.136797,-0.091759,11.797717,-0.185039,-0.53998
-0.145048,1.025368,12.174782,0.421142,0.108291
0.436343,2.026336,10.479258,-0.573239,-0.431414
2.908152,-0.181273,6.447692,-0.052014,-0.053238
3.292104,-0.587528,7.218439,0.207445,0.234874
1.812581,0.819695,12.046948,-0.086048,-0.010672
2.163601,0.324076,7.259903,0.016762,0.014909
3.924389,-0.099693,10.82953,1.053593,-0.205699
0.928669,0.544568,7.511979,-0.109528,-0.042667
2.454745,0.64935,9.610016,-0.72849,0.407809
2.328408,0.620759,8.305628,-0.64628,-0.435514
2.883903,-0.218246,7.020251,0.446391,-0.126585
4.318969,0.549657,10.046358,-0.287432,0.031329
2.80367,-0.4088,6.828949,-0.231218,0.282591
2.20252,1.006208,8.936417,-0.087118,-0.457542
1.253493,-0.93765,10.697804,-0.058396,-0.3662
2.245331,0.504152,7.19883,-0.113596,-0.175091
3.242707,-0.386197,11.467653,-0.154547,0.065604
3.942352,-1.50976,10.761721,0.134176,-0.120815
3.191064,0.128732,7.320527,0.158526,0.115744
1.800157,0.049248,11.664344,0.28842,-0.19796
0.311353,1.424138,10.361453,0.130855,-1.129074
1.148412,0.906066,10.946586,-0.362682,0.33984
2.215992,0.4329,6.506819,-0.198628,0.183494
1.664539,0.623004,7.51153,-0.433923,0.318871
3.896996,-0.604144,9.566007,0.24502,-0.449317
1.532513,0.084125,9.846075,-0.14834,0.103368
2.254911,-0.020358,6.286477,0.108074,0.026799
1.373693,-0.746647,9.690099,-0.518698,-0.024807
2.862348,0.040416,6.564299,0.035013,0.327823
2.722239,-1.443299,10.616074,0.170741,0.028421
2.44292,-0.275876,12.071048,-0.281387,0.132487
3.325934,-0.071102,7.487879,0.458825,0.044216
2.174079,-0.472567,11.912079,0.043789,0.269459
1.273402,-0.289648,7.019054,0.603462,-0.217437
2.099833,-0.723745,10.013128,0.397491,0.137176
1.550625,0.250878,7.878117,0.251114,0.12091
1.671275,-0.339644,7.913145,-0.075466,-0.138116
3.49119,-0.30297,7.955656,-0.263656,0.132149
2.668201,-1.34166,8.881032,0.523053,0.65281
1.904789,1.37549,9.813593,-0.139846,-0.056965
1.359024,0.278571,8.268805,-0.023821,0.064377
1.128653,1.104403,8.459957,0.228923,-0.10068
3.21711,0.01931,7.861951,-0.05001,0.054338
-0.241298,-0.469124,12.08961,-0.261859,-0.201703
3.939807,-0.345033,11.50732,0.486404,-0.047268
4.270919,-1.137485,10.865156,0.091048,0.045087
3.379672,0.412841,7.182813,0.655031,0.280854
3.06787,0.16361,6.458769,-0.255856,0.108393
2.622846,0.046703,6.543642,-0.035166,-0.017908
2.656675,-1.224005,11.888727,0.300855,0.063438
1.638642,0.581241,13.775703,-0.459889,-0.049417
2.295477,-0.727038,8.07391,0.350231,-0.522184
2.696343,0.818648,12.041859,-0.576062,-0.29288
-0.056433,-0.390987,11.366912,0.063003,0.44618
1.291065,1.121169,8.202942,0.172001,-0.125026
2.048191,-0.078736,6.8526,-0.088049,0.181976
2.300117,-0.070803,7.845934,0.079444,-0.003944
0.282463,-0.256117,8.832383,-0.135824,-0.05165
2.593806,1.02417,11.113639,0.216135,-0.129365
2.425257,0.175285,8.796458,0.196056,0.091433
3.652105,-0.035027,8.971144,-0.014822,-0.005449
3.171754,-0.771945,8.906329,0.465983,0.196713
0.97118,0.014071,11.229049,0.298293,-0.05508
3.169958,-0.861608,11.119776,-0.009805,-0.04757
4.369414,-1.579815,10.137369,0.580271,0.154409
0.144899,-0.34129,9.394464,0.02462,0.110045
0.371827,1.572181,10.31984,-0.308105,-0.065224
1.549129,1.081202,6.958729,-0.119069,0.176834
0.443528,0.649799,7.994875,-0.109161,-0.292661
2.252965,0.694855,14.002781,-0.093185,0.009926
0.590372,-0.505648,9.893377,0.046803,0.014178
1.404978,-0.136516,7.485184,0.094911,0.254226
1.845213,-0.604144,9.467063,-0.156668,0.118899
3.571872,0.263153,6.11209,0.312158,-0.160651
1.786086,0.737965,9.166039,0.224628,-0.088678
2.090403,-0.97133,9.316177,0.000683,0.022803
1.739982,0.756527,8.861872,-0.095954,-0.060498
2.735262,-1.334774,10.679392,-0.831236,0.167855
1.683848,1.005309,10.25218,-0.1226,0.052692
1.677262,0.785566,7.979307,0.307045,-0.192992
2.689308,-0.527653,11.159294,-0.209706,-0.04561
3.206183,-0.626747,11.035352,-0.015004,-0.33681
1.811832,-0.857866,9.798025,0.0301,-0.027299
1.730102,0.412692,6.290219,0.178049,0.124122
2.339635,-0.147593,6.57867,-0.283017,0.300397
2.828817,-0.608784,7.759414,0.321208,0.484218
3.151097,-0.179028,10.249187,0.022256,-0.240474
1.306783,0.191302,12.541819,-0.292133,-0.026416
1.157243,0.646057,7.245982,0.350035,0.298381
3.054099,-0.031584,8.54513,0.220222,-0.011892
0.977767,-0.244292,12.277169,0.432212,-0.178095
2.61596,0.222437,10.362052,-0.688727,-0.47833
0.596809,0.856818,6.473289,0.248689,0.049445
2.454446,-0.570015,8.303233,0.206867,-0.174142
1.203048,0.359702,11.929143,-0.08296,0.06821
2.118844,-0.060774,7.357201,0.316654,-0.031235
2.309398,-1.241967,11.253149,0.498951,-0.274509
1.414858,-0.385299,7.904463,-0.100046,-0.039363
3.10634,-0.149689,12.112362,0.444275,0.426153
2.003733,-0.671803,13.040732,-0.057955,0.407346
2.372566,-0.353565,6.633905,0.313222,0.118264
2.633623,0.928819,9.003028,-0.062582,0.086058
0.858165,0.381706,12.503499,0.058681,-0.169178
0.958307,-0.964744,9.928853,-0.355603,-0.130857
2.051783,0.270488,6.464158,0.287868,-0.084695
1.699416,-0.480501,8.1269,0.16138,0.001282
2.800227,0.009281,10.031988,-0.040168,0.269273
2.296674,-0.099094,6.60232,0.110679,-0.45303
2.745141,-0.382305,7.234156,0.088877,-0.363698
2.322271,0.046404,7.409741,0.156862,-0.29092
1.06758,-0.257764,10.124047,0.07822,-0.017647
3.365452,0.038769,11.850856,0.079879,-0.354678
3.229384,-0.526605,7.177275,-0.075966,0.230084
3.831283,0.554297,12.412787,-0.115116,0.235495
2.590214,0.149838,6.632558,-0.880075,-0.554686
0.296084,-0.792751,12.437935,0.252453,-0.013288
1.21652,-0.584534,12.366234,0.100832,-0.120907
3.179538,-0.031734,9.884545,0.257637,0.017484
2.507286,-0.136815,6.545139,0.425606,-0.137124
3.358117,-0.142354,7.738009,0.04762,0.06863
2.674788,0.137564,6.324947,-0.033111,-0.101409
3.503015,-0.89439,8.459808,0.269864,-0.212069
2.200275,0.907114,11.246563,0.000407,0.215658
1.185834,-0.791853,11.745026,-0.089143,-0.001528
0.956661,-0.9619,10.900482,-0.065134,0.442946
-0.068557,0.106129,9.690399,-0.279776,0.263763
1.790726,-0.229922,6.910679,-0.194589,0.66248
1.86602,-0.746049,8.881331,0.324613,-0.173431
2.891836,0.116308,10.204879,-0.044251,-0.028362
1.481769,-0.734672,11.124417,0.027286,0.009597
1.256487,0.458796,7.187154,0.107814,-0.154028
1.737886,-0.212857,7.759115,0.081654,0.046395
2.282454,0.415835,7.974068,0.13447,0.008688
2.286645,-0.769101,9.347013,-0.517911,-0.376065
-0.235909,0.685874,10.275233,-0.464355,0.171348
4.107758,0.040416,8.798254,-0.050364,0.02994
0.402513,-1.847009,10.182725,0.075207,0.171453
1.961521,-0.82224,9.615854,-0.287632,-0.220651
2.20222,0.017364,7.801327,0.151786,0.089439
2.494263,0.953218,12.100537,0.046637,-0.155888
1.525478,1.082249,12.402908,-0.268637,-0.573635
2.462379,-0.229622,7.308552,-0.095161,-0.345482
0.512983,0.518073,12.547058,-0.287019,-0.236166
1.708846,-0.659379,9.488618,-0.07224,0.23748
2.58213,0.878972,9.592652,-0.619929,-0.258244
1.455274,0.361349,12.407848,-0.094153,-0.10055
2.416575,-0.555944,12.318334,0.278622,0.381668
0.972677,0.934956,11.123818,0.202672,-0.249026
4.11629,-0.90891,10.676099,0.522585,0.447087
2.504891,-0.393083,6.572981,0.218292,0.158214
1.334325,-0.494572,9.523196,-0.14046,0.032586
2.922074,1.492696,9.902208,-0.000134,-0.152754
1.142275,0.856519,12.682826,-0.114743,-0.002303
1.22131,0.087568,7.547904,0.181892,0.440399
0.761766,-0.901725,8.572374,0.004468,-0.020915
3.05365,-0.297881,6.70336,-0.35506,0.356376
3.181484,-0.112566,11.571836,0.048741,-0.157021
1.815275,1.925596,13.011991,0.050211,0.456617
2.465822,-0.256716,8.03574,-0.131191,0.246701
2.707121,0.443378,6.363118,0.281488,0.137423
3.737278,-0.676443,12.006832,0.842062,-0.26943
0.569715,-0.544268,9.842183,0.108406,0.17566
1.339265,0.055535,8.294102,0.290017,0.498771
2.19743,0.238754,9.820628,0.152809,0.000756
3.380121,0.154479,7.595206,0.206556,-0.23437
3.346291,-0.995729,11.986324,0.260985,0.03074
2.40939,-0.040266,7.569609,-0.441283,0.109525
1.667832,-1.103805,10.135872,0.078075,-0.048149
1.656156,-1.933978,12.275224,0.148885,-0.132213
3.08748,-0.260907,9.611064,0.077847,-0.522843
2.355951,0.785117,10.439142,0.290287,0.226999
2.323917,-0.110919,7.159462,0.110578,0.756165
2.756518,-0.665217,8.390652,0.377567,-0.038858
2.233505,-0.560584,13.142071,0.183791,0.142685
2.367028,0.1684,10.200388,0.190963,-0.258562
3.099455,-0.281714,11.840677,0.039567,-0.228574
2.180965,-0.760868,12.54646,-0.135752,-0.335184
-0.463137,-2.440675,13.086985,-0.857878,0.453992
1.691932,-0.136516,6.899003,0.172337,0.183847
1.828448,0.857118,12.707525,0.265681,-0.148215
3.559298,-0.511037,9.052126,0.106871,-0.13005
2.615661,1.003663,13.841716,1.061847,-0.321645
1.753154,-0.238454,11.122471,0.099257,0.329717
1.874702,-0.832419,9.941277,0.016902,0.026687
2.868186,0.221988,7.666008,-0.019247,0.059719
1.044229,0.360001,14.156811,0.017972,-0.444124
2.111808,-0.183219,7.543563,-0.040685,0.095468
1.382675,0.124242,9.337582,0.189921,0.584357
2.249821,0.013173,6.161637,0.078355,0.39107
1.862577,-0.368085,11.592942,0.504802,-0.182545
2.802023,0.343685,7.286548,0.302838,-0.548756
1.148412,-0.689317,9.789942,0.259379,0.093536
2.863396,0.012125,10.865156,0.343827,0.063097
2.214794,-0.08667,6.337222,0.091222,-0.047596
1.208886,-1.109193,11.916869,-0.251728,0.352123
2.410288,0.511935,10.435399,0.047232,-0.158473
3.976481,-0.455503,8.840766,-0.025833,-0.077718
1.652713,-1.02432,9.793684,0.167628,0.116471
3.065475,1.119522,12.754377,0.464143,-0.108779
3.599116,0.671204,10.544972,-0.08383,0.75018
2.882256,-0.802032,7.905211,-0.014625,0.165587
2.354454,-0.663271,11.740236,0.075743,-0.145064
1.897155,-0.371228,7.343878,-0.11445,0.109903
2.208956,-1.366808,9.128617,-0.018098,0.106748
1.70256,1.46171,13.551919,0.076949,0.013511
0.258063,1.729803,9.606573,0.586075,0.2448
2.93839,-0.246537,11.556718,0.103962,0.002604
1.613495,1.067281,6.638096,-0.030925,-0.434582
1.277593,1.065185,9.009614,-0.115037,-0.404286
2.280208,-0.139061,6.476283,0.026676,0.014019
3.290008,0.263901,8.357121,0.294707,0.07502
-0.913251,0.203128,12.821438,0.084919,0.250211
3.441942,0.219144,11.438164,-0.124836,0.202464
2.573149,-0.040117,10.686427,0.107823,-0.101062
2.643353,-0.567171,8.810977,0.237369,0.111604
3.084935,-0.149689,6.450985,0.071415,0.224328
3.335364,-1.195863,9.005573,0.216463,-0.216247
2.180665,0.026794,6.594836,0.462674,-0.307856
0.311053,-1.686693,14.67159,-0.223252,-0.685497
2.596351,-0.134271,7.480844,0.299044,0.526897
1.410367,-1.480122,10.962453,-0.438693,0.297967
3.494333,-0.255968,10.347832,-0.519522,-0.038012
1.586551,0.199086,7.860454,0.034266,0.199675
1.267564,0.386496,6.911577,0.13032,-0.18462
3.559298,-0.839754,11.349848,-0.117191,-0.040431
2.019151,-0.419577,8.000862,-0.179207,-0.057288
2.753524,0.272134,9.512419,0.205706,-0.187777
4.091891,-0.22139,9.357341,0.134592,0.008242
3.453169,0.757724,11.323054,0.063523,-0.032282
2.012715,-1.399739,9.783505,-0.099453,0.065086
4.672533,0.055385,9.950109,-0.02424,-0.120351
2.861899,0.274679,7.449708,-0.040789,0.026487
1.43327,1.287922,6.238577,0.600582,-0.171673
2.555486,-0.708327,12.950769,0.134252,-0.513104
2.406845,-0.62974,11.337873,0.21013,0.462737
1.064586,-0.571212,9.953701,-0.366582,-0.405461
1.083447,0.475561,7.33819,0.286137,-0.100129
2.758464,0.458946,10.023157,-0.149897,-0.049026
3.273393,-1.650618,9.159902,-0.214781,-0.080996
1.418001,-0.517175,9.321117,-0.002454,0.001068
2.96204,-0.384101,7.060069,0.079773,0.053107
1.515748,-1.023721,13.558056,0.048343,0.017649
3.963757,-0.377964,11.286829,-0.156721,-0.283909
2.748884,-0.035476,8.656349,0.07071,0.602211
1.424438,-0.741708,9.349557,0.020487,-0.135376
1.739982,-0.913401,9.71869,0.022847,-0.0015
3.085534,-0.324825,6.144572,0.226569,-0.111006
1.485211,-0.310005,11.655213,-0.180799,-0.078122
3.243006,0.595312,6.154152,0.086556,0.074107
2.109713,-0.912502,9.931398,-0.159824,-0.164506
3.526367,0.136815,11.032059,-0.044953,0.064338
4.283792,0.97642,9.941876,-0.126249,0.165797
-0.132475,-1.768423,14.785204,-0.617078,-0.281285
3.026407,-0.097896,6.177354,0.147589,0.016299
1.563948,1.175056,9.339977,0.308871,0.070512
1.697919,-0.603545,7.356003,0.127048,0.234847
3.707939,0.083826,9.275761,0.246126,-0.011238
3.110083,0.063917,9.955048,-0.067631,-0.145351
1.911824,0.669558,14.994768,-0.323642,0.24271
2.508334,0.279619,9.978699,-0.126487,-0.265707
1.548979,-0.113913,7.574399,0.164854,-0.188498
3.867657,-0.185165,10.518028,0.840304,-0.11573
1.068478,0.364342,6.443052,0.188862,0.003086
3.035687,-1.020278,11.125015,-0.52064,0.093916
2.544708,-0.282912,7.434739,0.238827,-0.15018
3.836073,-0.358355,10.956765,-0.000889,0.145897
1.593736,-0.351918,6.845265,0.009066,0.015752
3.166964,0.543071,12.770993,-0.179376,0.194459
1.277444,-0.816402,8.806038,0.150376,-0.004723
2.19743,-0.046703,11.128758,0.839105,0.018487
1.478775,-0.920436,11.601475,0.124099,-0.112484
1.589994,0.726739,9.773775,-0.275124,-0.16439
3.727698,0.039967,10.815609,-0.251833,0.145331
2.336192,-0.877176,9.629475,0.21861,0.021251
1.957928,0.427511,9.529633,0.118273,0.173016
1.171165,-0.650547,9.817035,-0.031364,-0.212415
1.095721,-0.794847,9.563313,-0.17456,0.151908
0.494721,-0.453856,7.884853,-0.099621,-0.056184
1.048869,-0.946781,11.288326,-0.329684,0.095416
3.8232,-0.989143,11.340118,-0.834232,0.303926
2.305206,0.756377,12.518917,-0.194534,-0.499771
1.637595,0.021555,6.511759,-0.58157,-0.471633
3.84236,-0.474364,10.3631,1.015598,0.244377
2.9336,0.43784,12.056379,-1.020979,0.116512
1.976789,-0.42302,6.268515,-0.211945,0.107484
0.615969,1.554966,13.205838,-0.218997,-0.262165
0.834215,1.977987,11.360625,0.235872,0.104777
1.983974,0.603844,7.144194,-0.149703,-0.248697
1.173709,1.024769,9.802216,0.276215,0.228422
2.207909,0.055235,5.954617,-0.067322,-0.195279
2.793042,0.205972,10.004446,-0.061244,0.086242
4.306544,-0.148491,11.39685,0.244363,0.522889
1.063089,-1.272055,9.314381,-0.034377,-0.059479
0.328118,0.498763,13.024116,0.184367,-0.521316
3.150049,1.042432,11.545641,0.35919,-0.303564
2.49112,0.715063,13.617931,-0.272753,0.117133
1.876947,0.114662,6.192473,0.274157,0.017218
1.523083,-0.399669,10.290501,0.022292,-0.536573
2.252067,0.775088,11.731404,0.287111,-0.130243
0.516276,-0.176633,11.092982,0.02963,-0.244926
2.801424,0.718805,6.880592,0.271999,0.251576
3.076702,0.124242,6.905141,0.138118,-0.021922
2.128424,0.192649,12.284355,0.293649,0.812252
1.497785,-0.48065,9.544303,-0.000704,-0.58973
2.406845,0.00958,6.694978,0.207064,0.095039
2.050137,0.247286,6.199508,0.313698,0.252914
2.191443,0.712967,8.006999,-0.872809,-0.898483
1.550476,1.236129,12.345877,0.071895,-0.099401
2.910847,-0.466879,8.832233,0.149548,-0.113111
1.762884,-1.376388,9.555679,-0.373796,-0.348178
1.896107,0.381557,9.839489,-0.081311,-0.273984
1.42354,-1.11084,11.173814,-0.741782,-0.110431
1.789828,1.259631,8.259225,-0.235644,-0.24256
2.262844,0.357307,7.909402,0.302512,0.247071
3.008294,-0.051044,8.829838,-0.012998,-0.145634
2.358645,0.556692,8.131989,-0.483786,-0.311901
2.751428,0.561782,6.360124,0.587155,-0.346461
1.081052,0.664019,7.048542,0.348389,-0.011486
1.778302,-0.309257,9.323362,0.790974,0.420274
3.057093,0.876278,8.311915,0.034768,-0.006506
3.302582,-0.507594,11.554173,0.181658,-0.400558
1.813928,-0.32198,11.735745,-0.463733,-0.302616
0.272583,0.311951,9.619746,0.281044,0.354796
1.842968,-0.625549,12.26235,-0.718695,0.089042
4.019741,1.32714,11.639795,-0.023066,-0.427453
2.135908,-0.600252,9.327703,-0.351679,-0.392029
0.818199,0.027692,9.321266,0.015224,-0.427744
3.598068,-0.546214,9.778565,-0.791841,-0.656943
2.987188,-0.969983,12.870835,0.414491,-0.41375
1.667233,-0.424068,9.970766,-0.051208,0.091662
1.365011,-0.803978,9.849069,0.160514,-0.499361
3.866609,0.321531,8.366851,0.215825,-0.195355
1.231339,0.188458,7.416627,-0.230275,0.059834
1.965263,-0.091909,8.751701,-0.108881,-0.010018
0.628094,0.618364,6.55442,0.123557,-0.254424
3.683989,-0.082778,8.081844,0.084761,-0.088945
3.253484,-0.721649,8.310418,0.177282,0.137601
3.614683,0.311951,9.29522,-0.089633,0.217622
2.073488,1.475182,10.745255,0.149168,-0.181611
2.570455,0.605641,9.629176,0.311816,-0.110932
0.228724,-0.621957,13.208084,0.064833,0.164865
1.441502,0.769699,6.920858,-0.113141,0.05845
2.054178,-0.351918,7.103478,0.151762,0.067781
0.77404,0.713716,7.901169,0.200849,0.084825
3.018473,-0.552651,7.639064,-0.021163,0.044113
1.811084,0.060474,7.635173,0.146514,0.068713
2.35625,0.010179,8.575068,-0.593826,-0.037895
2.255959,0.285606,11.708352,0.26585,0.068407
1.806893,-0.207169,7.717202,0.327934,0.254861
0.899629,0.530197,7.73726,-0.818646,-0.183708
3.32788,-0.88975,12.141402,0.343124,0.017984
0.427212,-0.208965,14.111904,0.072553,0.099993
0.639021,0.103884,8.683443,0.316845,-0.256707
2.67389,-0.024549,11.081456,-0.469422,0.308281
1.715283,1.191073,9.534423,-1.168527,-0.261921
2.552941,0.371078,6.898704,-0.742384,-0.40062
3.359614,-0.943039,11.879147,-0.04105,0.520348
2.781665,-0.777483,7.300618,-0.40174,-0.206381
1.934278,0.162263,7.474407,0.028853,-0.04296
2.80816,-1.13973,9.06455,0.01368,0.191753
1.890119,0.386347,11.572585,-0.118821,-0.110025
1.575174,1.840123,9.743838,0.575142,-0.128933
4.304898,-0.404908,11.641441,-0.155171,0.207935
1.035996,1.085393,8.6797,0.135047,-0.058629
4.024381,-0.196392,11.756402,-0.934984,-0.004258
2.877766,1.107397,13.825849,0.235227,-0.131571
1.63999,-0.299527,7.348668,-0.436915,0.29551
2.023792,-0.318538,6.919211,0.332349,-0.268817
2.676734,0.719254,10.9162,-0.418787,-0.328179
2.729274,-0.935255,12.111464,0.238772,-0.091226
3.956423,-0.553399,9.669143,-0.23628,-0.102229
2.646796,-0.102836,8.274194,0.107375,-0.309268
3.035687,-0.284259,7.377259,0.128292,-0.045983
-1.480122,1.964664,11.714789,-0.490413,-0.190807
2.522255,-0.111668,7.341633,0.008946,0.041761
0.750988,0.738414,8.6559,0.051277,-0.123234
2.210753,-0.012274,9.553134,-0.113523,-0.048278
1.186283,1.588048,8.936866,0.028126,0.204721
1.71678,0.159269,7.040908,0.206416,0.055343
1.432521,-0.198338,7.30466,0.122204,-0.157522
3.316354,-0.078736,6.902746,0.116727,0.046281
1.749562,0.324675,13.430671,0.121402,-0.000516
0.901276,0.595162,13.069023,-0.990435,-0.407878
3.627556,-0.531994,11.214529,0.193028,-0.278794
1.526077,1.262175,12.067905,0.000253,0.343926
2.238445,0.946033,8.691077,0.195158,0.005571
3.340453,-0.346829,7.73277,0.057275,-0.090993
0.691712,-0.552351,11.280243,-0.002362,0.004224
1.853745,0.217797,7.846982,-0.206653,0.121369
0.91849,1.932332,12.789704,-0.047581,-0.059059
-0.135917,0.271984,9.601334,0.017306,0.205298
2.943329,1.507365,10.687625,-0.633193,0.043192
0.068857,-0.024549,10.394984,-0.165466,-0.015371
1.047372,1.354084,10.028546,-0.171295,0.21282
2.357597,0.196392,6.426286,0.584888,-0.118629
1.359473,1.355282,9.312584,-0.311416,0.297164
1.655707,-0.110919,9.324559,-0.087645,-0.032804
1.786385,0.390388,7.610624,0.693551,-0.287953
3.675756,0.186662,11.012449,-0.116907,-0.64783
0.536035,0.740809,11.006312,0.334985,0.145444
2.524949,0.190404,11.642789,-0.636097,0.160159
0.688718,0.455503,8.154293,-0.259908,0.202635
1.302891,0.169448,7.331155,-0.236356,0.151938
2.61102,-1.126857,13.328882,-1.130826,-0.376248
0.701142,0.300276,13.034594,-0.197123,0.115812
2.193239,-0.024399,9.76659,-0.197951,-0.297725
1.695524,0.799637,12.824132,-0.689045,-0.055584
3.739224,-0.01437,7.85282,-0.020086,-0.163185
2.59186,-0.285606,9.299262,-0.169709,0.14613
1.263972,0.172591,13.651611,-0.19669,-0.102937
2.708019,-0.464185,7.073091,0.311988,0.372794
2.1639,-0.683479,9.479936,-0.125364,-0.368974
1.822909,0.939147,11.467952,-0.114798,-0.236429
1.145717,-0.517324,13.833483,-0.000144,-0.03357
1.241518,0.29818,7.61227,-0.103043,0.296379
1.551374,-0.122445,6.718329,-0.143589,0.105889
3.456762,0.315244,8.344098,-0.28009,-0.073134
3.470683,-0.106578,8.406968,0.077765,-0.035878
1.221011,-0.188159,10.230176,0.155463,0.035692
3.149301,-0.342488,8.78553,-0.263389,0.018921
1.900448,0.253722,8.948242,0.067265,0.233557
1.427731,0.021256,7.240443,-0.162669,-0.119891
3.744014,0.282912,10.93985,-0.40313,-0.215227
1.710792,0.844843,9.756262,0.270436,0.189304
2.551594,-0.49068,8.409662,0.355757,-0.366158
3.609294,-1.506318,11.166329,0.210355,-0.164168
2.441273,-0.117506,7.029233,-0.13202,0.058204
0.807571,0.270937,15.118561,-0.099616,-0.055941
2.322121,-0.164209,6.752608,-0.171812,-0.117327
3.463947,-0.403411,11.215128,0.44544,0.062961
1.247057,-0.759371,9.725276,0.169192,0.061762
1.974993,-0.653391,8.502768,0.040072,0.018173
-0.296982,-0.499062,9.14179,0.432483,-0.206507
2.19279,-1.104852,8.890462,-0.432671,-0.045196
2.340683,-0.152982,7.020401,0.109688,-0.000202
4.312682,-1.045276,9.506431,-0.100472,-0.078362
2.135908,-1.097368,7.636969,0.310153,0.218495
2.959795,0.217348,7.899223,0.213062,0.007009
1.846261,0.59606,7.536528,-0.37612,-0.272719
2.976111,-0.170795,12.394825,0.102403,0.297632
1.289419,0.556692,8.039632,0.022014,0.061609
3.076852,-0.551603,9.740544,-0.429244,0.517125
3.366649,0.188159,10.632839,0.253996,-0.017093
4.084556,-0.467927,8.009993,0.016598,-0.193373
3.57771,-0.131576,8.17016,0.291499,-0.127164
0.970582,0.520318,5.812114,-0.070316,0.002625
1.555415,-0.224383,10.553204,-0.342138,-0.386469
3.044519,0.236658,8.535999,0.086819,-0.039191
3.588488,0.445773,11.444301,-1.193463,0.135451
2.682871,-0.47586,9.163345,-0.088388,-0.20401
1.879342,0.550256,10.900782,-0.264238,0.179661
2.610871,-0.334405,7.634125,0.019499,0.107129
2.017954,0.63977,8.94914,-0.316546,0.545675
2.942731,-0.65893,6.393654,0.185767,-0.008346
2.233655,0.260758,7.196884,0.260401,0.059535
0.170046,0.413291,7.352261,0.265542,0.438442
1.979484,-0.295935,5.115163,0.142459,-0.099878
2.497407,-0.714165,12.49796,0.06429,-0.59482
6.326893,-1.231788,11.467204,-0.085748,0.126514
2.314337,-0.861159,8.310718,0.344724,0.101256
2.03412,0.41374,5.99189,0.23248,-0.046415
3.286715,0.058079,12.016561,0.130948,-0.069859
2.992427,0.207918,13.705499,-0.665205,-0.067285
1.583258,0.884211,9.107361,0.407857,0.074029
3.417843,-0.431702,8.330477,0.111975,0.095181
2.927313,-0.429906,11.543246,0.646189,0.475212
3.68818,0.633483,6.775959,0.197351,0.033843
-0.605491,0.556393,11.089839,0.135066,0.266121
3.664829,-0.364642,8.433612,0.076348,-0.014504
1.222657,-0.593067,9.754316,0.300353,-0.172923
0.098196,-0.980311,8.845855,0.146509,0.20084
1.753454,-0.759221,7.880063,0.121328,-0.148314
2.137555,0.702489,7.021898,-0.290079,0.140005
1.939966,0.718057,9.083411,-0.274922,0.299334
1.22625,-0.638273,9.5696,0.169831,0.054495
1.37519,-0.951571,11.926299,0.045456,0.091631
3.888314,-0.749641,11.359578,0.097657,0.433032
2.396965,0.227677,7.483239,0.505695,-0.64244
4.017196,0.917292,11.434721,-0.292325,-0.251446
1.33702,-0.772543,9.745784,0.286767,-0.218851
2.334994,-0.830922,10.262359,-0.089937,-0.106942
3.761827,-0.32198,6.789282,0.304891,0.097068
3.080294,0.265398,6.887328,0.469724,-0.152502
3.911965,0.008383,7.839647,-0.368771,-0.083883
2.055825,-0.507744,12.460089,0.086226,0.097683
4.003724,-0.598156,11.431428,0.941439,-0.117983
2.706671,0.49547,6.758895,0.222827,-0.054441
1.657204,1.2264,10.946437,0.108523,0.090356
3.99594,-0.652643,9.687106,-0.087921,-0.139885
0.856968,-2.254462,12.118799,0.163868,-0.264203
0.528401,-0.522414,9.817934,-0.013425,-0.000385
0.722398,-0.603096,8.034093,-0.275405,-0.362755
2.922223,-0.458497,9.142388,0.221627,-0.305421
2.234104,0.265997,7.812703,0.116811,-0.178002
1.716181,-0.383652,11.525133,-0.26599,-0.180419
2.152374,-1.462908,10.03124,0.164492,0.242963
2.513423,0.421823,12.46428,-0.886736,-0.319789
0.573008,-0.589474,9.849518,0.185241,-0.150187
1.184487,-0.533341,7.032975,0.064679,0.1447
2.119143,0.077389,9.243428,-0.006869,-0.016251
2.717,-0.00958,6.847511,-0.066425,0.216015
2.118844,-0.693807,8.839867,0.009735,-0.12649
1.991309,-0.217647,12.177776,0.076626,-0.261636
2.36583,0.127684,6.468499,0.156221,0.186865
2.75547,0.20193,9.310638,0.09818,-0.263689
1.241818,1.097069,14.368321,-0.181475,0.158553
1.81752,0.381257,11.977193,0.260373,-0.027251
1.502725,0.984652,7.213649,-0.29621,-0.0355
3.266358,1.27894,10.741064,-0.101646,0.139206
4.415069,-0.916394,10.073901,-0.152173,0.218748
1.751957,0.959056,10.316098,0.146756,-0.234013
0.333357,1.684747,11.587254,0.226012,-0.048884
1.494193,0.63977,12.150832,-0.036572,0.016932
0.371378,0.686323,8.735834,0.313142,-0.106211
1.746418,-0.325872,6.641539,0.447929,-0.142978
2.442621,0.561482,11.223062,-0.484909,-0.66966
3.42877,-0.342787,11.67602,0.261247,-0.041058
1.706451,0.356109,7.423962,0.014942,-0.176792
0.185614,0.28845,14.97486,0.0843,0.038887
1.873205,-0.47616,6.287076,0.055545,-0.60343
2.254162,-0.297881,7.22772,0.36651,-0.080206
2.170636,-0.074246,9.831256,-0.068446,0.018039
0.523761,0.042063,12.530592,0.187314,0.392388
1.657653,0.3124,7.057075,0.309977,-0.072787
4.085604,0.109422,11.110047,0.00963,-0.350835
1.800755,-0.801733,9.174422,-0.014928,-0.308179
2.49082,-0.383952,7.307654,-0.601073,-0.130839
3.309917,-0.128882,8.999735,-0.118258,0.016328
3.931724,-0.252974,9.008716,0.171534,0.696065
0.297282,0.741259,8.329279,0.148133,-0.064791
2.913691,0.066013,8.92998,-0.080405,-0.024296
1.827101,0.2404,6.252797,-0.137541,-0.39441
3.582949,-0.550405,8.721613,0.031664,0.210091
2.426155,0.546064,12.066557,0.146886,0.251932
2.665208,0.290246,5.71766,0.04005,0.056712
2.039509,-0.878523,9.502988,-0.020931,-0.004254
2.378703,-1.079555,8.484207,-0.467527,-0.027629
1.834735,0.113314,10.308763,0.008367,0.415363
2.935695,-0.621657,12.590468,-0.211682,0.024555
2.153123,-0.248783,9.572594,0.044076,0.365177
2.862048,-0.605191,11.852353,-0.682956,0.004844
1.954186,0.390089,7.721543,-0.383042,0.087612
1.272204,0.685125,7.695497,-0.062886,0.112414
3.492537,0.351619,6.841972,-0.678465,0.005375
1.943708,-0.787512,9.507778,-0.187379,-0.063698
4.248465,-0.184267,12.16655,0.838199,-0.314208
3.360362,0.484842,11.680959,0.259815,0.055008
1.751059,-0.465532,7.899373,-0.329125,-0.051969
1.467099,0.306113,7.469317,0.120848,0.391472
0.589774,0.492177,7.576195,-0.151082,-0.423366
2.083068,-1.613046,9.426797,0.237765,0.139471
2.964435,-0.322729,7.132668,0.015557,0.064896
1.229843,-0.55804,13.655354,-0.064567,-0.350719
3.511548,-0.791105,8.959768,-0.255523,0.159555
3.584446,-0.440684,11.432775,0.030032,-0.450426
3.634143,0.377665,8.609946,-0.520316,-0.49094
2.211501,0.578397,7.836504,-0.0943,-0.38364
2.181264,-1.508713,10.958112,-0.036232,-0.087719
1.819317,-0.561033,6.889124,0.23264,0.446578
1.009351,-0.462089,9.579479,0.004759,0.002441
1.965563,0.999621,10.227033,0.588988,0.014364
3.531307,-0.228874,7.757917,0.189913,-0.230422
2.182611,-0.765957,9.615105,-0.163246,-0.0591
0.204026,-0.124391,9.307345,0.327396,0.294731
1.413062,-0.569117,7.912695,0.281526,-0.122858
1.520688,0.026345,9.643696,-0.19205,-0.3933
1.296753,0.491129,7.033723,0.107875,-0.035009
3.219505,-0.166154,8.613239,0.283394,-0.092428
0.670755,-0.376916,9.022039,-0.228212,-0.756159
3.62606,-0.744402,11.317365,0.310761,0.035892
2.92851,0.230221,6.567742,0.116716,0.313328
2.069596,-1.152304,13.44085,0.33106,-0.040909
2.096391,-0.199236,9.992021,0.173995,0.203188
1.563948,-1.00965,12.311149,-0.041028,-0.236634
1.571283,-0.469723,8.542885,0.007611,-0.025127
1.581312,-0.50505,8.864865,-0.030461,0.059289
2.994972,-0.198936,8.073761,-0.062699,-0.323602
1.200054,0.944087,7.261999,0.088833,0.16795
2.413731,0.984952,9.251811,0.458526,-0.105652
1.931134,0.291145,7.359446,0.083127,-0.258327
1.952839,-0.000898,8.683293,-0.167113,0.413193
1.790576,1.344504,9.735904,0.611669,-0.22509
1.597478,-1.464105,9.531729,0.491128,0.44458
1.968856,1.085393,6.223009,0.275944,-0.29394
3.981121,0.910706,10.510394,-0.359786,-0.377353
3.390899,-0.392634,10.820998,0.263843,0.017437
2.580035,-0.609682,8.810379,0.254821,0.069953
2.102228,-0.536185,7.488627,-0.335578,0.247815
-0.415237,-1.334625,10.823093,-0.612128,-0.024436
4.514163,-0.803978,10.764116,-0.634501,-0.405057
0.805475,1.350492,12.452455,0.09048,-0.048608
0.262554,-0.874482,10.932815,0.15396,0.329214
2.725832,-0.224234,6.959029,-0.141159,0.063305
3.295547,-0.724493,7.770641,-0.045943,-0.083984
1.044528,-0.065264,6.807693,0.004234,0.020806
1.682202,-0.684976,7.647896,-0.203451,-0.442274
1.754052,-0.271535,7.168593,-0.190537,-0.115857
2.645149,-0.828527,9.530681,-0.16925,0.089399
1.021326,1.123863,14.583723,0.169837,0.185449
1.830244,0.510588,7.259155,0.028345,-0.352942
0.223485,-1.174158,11.150313,0.223769,0.338493
1.424737,0.152682,9.445358,-0.114637,-0.159892
0.810415,-0.194745,7.941436,0.471139,-0.348321
2.064058,-0.617017,6.78045,-0.786532,-0.34682
1.797462,1.026865,8.873547,0.02409,-0.034681
3.205434,-0.646206,10.833272,0.102049,0.332071
1.770818,0.646206,7.140152,-0.148944,-0.067672
1.330284,2.017654,10.532098,-0.292367,0.02353
2.854863,-0.427511,13.102254,-0.470625,-0.06449
1.322051,0.709974,12.025992,-0.000445,-0.253691
1.251547,-0.304317,10.120604,-0.155014,-0.186925
0.434546,1.690285,8.912317,0.285713,0.138792
0.980012,-0.974474,8.388257,-0.117638,0.214356
2.65907,-0.188159,6.455326,0.139046,0.01934
4.891528,-0.968336,11.620186,0.02934,0.13354
3.948489,-1.585204,10.609787,-0.381373,0.219552
2.305955,0.087718,6.558761,0.022869,-0.11706
2.003284,-0.707279,7.609426,0.005645,-0.031173
3.314857,-0.565674,8.904533,-0.174748,-0.102563
3.303331,0.035626,6.560408,-0.047989,0.275827
2.585124,0.489033,7.717651,0.029665,-0.613501
1.606459,-1.009052,9.889634,-0.019884,0.030358
4.003275,-0.176333,9.758357,-0.058057,-0.066388
2.932701,-0.217647,6.647077,0.12685,-0.216325
1.724115,-0.044458,9.605076,0.028316,-0.185942
4.871769,0.174088,11.238629,0.024809,-0.521125
3.791466,-0.00943,11.677666,0.211227,-0.148949
2.074237,-0.034728,7.951315,-0.136162,0.14953
0.610131,1.487457,12.131971,-0.118253,-0.016499
1.251547,-0.629291,12.187057,0.02798,-0.033642
2.137555,-0.137714,7.417525,0.062005,0.339056
3.336412,0.633632,9.076525,-0.017686,0.499901
1.717678,-0.180375,8.105495,-0.099931,0.459814
3.946842,-0.853525,10.566078,-0.213005,-0.002744
3.061883,-0.948577,9.299711,0.035435,0.143659
3.50571,-0.61537,8.329878,0.116058,0.449997
1.645229,0.888852,7.979906,-0.271777,0.175613
2.082769,-0.419128,6.942114,0.034989,-0.00301
3.43341,1.551374,10.484348,-0.157647,0.27459
3.771856,-0.189805,9.623188,-0.041926,-0.11992
0.49996,0.094304,10.408006,0.00734,0.057631
2.422862,-0.724194,6.723868,-0.148689,-0.062113
0.856669,-0.257315,12.372671,0.469538,-0.476428
2.335294,-0.142953,11.830798,-0.805895,0.013812
2.504143,0.314346,7.896529,0.248147,-0.046082
2.485581,-1.089734,11.172616,-0.582344,-0.647627
-0.508792,0.43784,10.18018,-0.559952,-0.642956
3.778293,-0.23576,11.157648,-0.538042,0.451059
1.905388,-0.007784,7.373666,-0.216587,0.316704
2.184408,0.161215,8.710836,0.360121,0.199948
2.161505,1.340163,12.078832,0.106864,0.079042
3.052153,-0.077389,9.383537,-0.042849,0.258985
2.62554,0.045505,8.381371,0.045782,-0.208295
0.426463,1.013842,10.011631,-0.505457,-0.22447
1.498983,0.271386,7.649094,0.230938,-0.155893
2.875371,-0.694256,8.759035,-0.186953,0.177776
2.860402,-0.45221,9.742939,0.104581,0.083734
-0.516576,-0.389939,11.720028,0.138122,-0.347252
4.08291,0.147294,8.732391,0.082136,0.106732
1.005908,0.233514,7.013066,-0.587325,0.416446
2.056124,-0.040715,8.518336,-0.314308,-0.546381
2.064657,1.53401,9.551488,-0.005917,0.208082
2.378105,-0.773591,8.877589,-0.298967,-0.231162
-0.066162,-0.089514,11.043435,-0.214751,-0.167131
2.310894,1.11578,7.287146,0.414372,-0.488662
3.803141,0.02425,8.145611,0.136945,0.156159
3.122507,0.147743,10.956915,0.148193,-0.273559
3.498674,0.049547,6.361022,0.017042,0.045112
0.056882,-0.500559,13.456567,0.124412,-0.007226
2.70248,-0.229922,12.075688,0.216797,0.22733
1.236129,-0.614472,10.785821,-0.142547,0.022963
1.746867,0.191901,7.697293,-0.143577,-0.809973
2.122436,1.423839,12.244687,0.206743,0.071085
2.673141,-0.194595,7.099586,0.40774,0.155197
3.366499,-0.39443,11.370954,0.141732,0.018735
1.152903,1.42803,12.448264,-0.020048,-0.154713
1.38028,-0.242346,8.685239,-0.396458,-0.366187
3.050207,-0.571362,8.596324,0.137157,0.080344
2.059567,0.661025,9.896071,-0.074302,0.157049
1.131946,2.069297,8.777298,-0.560319,-0.566915
1.150807,-0.049846,6.96816,0.06977,0.099091
1.43791,-0.888253,9.353898,-0.046928,-0.014354
1.907783,1.036744,10.230027,-0.122636,0.309244
1.166824,-0.63019,12.446917,0.283911,0.17075
2.833158,0.352966,7.678433,-0.000835,0.06826
0.555046,-0.460742,10.204579,-0.030913,-0.014605
1.79851,1.079106,6.703959,0.3891,-0.098084
2.409689,0.719703,10.808723,0.003198,-0.298758
1.306783,0.191302,12.541819,0.076687,-0.151776
3.083887,-0.275278,12.327016,-0.009815,-0.031576
0.721799,0.130229,12.220288,0.566383,-0.139154
4.223916,-1.694776,10.65649,-0.155041,-0.214056
4.285139,0.286804,8.901389,0.405955,0.571225
3.074906,-0.626298,8.956625,-0.419726,-0.262295
3.35183,0.039668,10.82923,-0.255309,0.139879
3.111579,0.754132,11.72856,-0.808132,-0.090081
-2.528991,1.285227,12.313694,0.033522,0.274987
2.140549,0.790656,7.189849,-0.052544,-0.266095
1.75046,0.704734,9.768836,-0.537115,-0.28898
2.715952,0.466131,11.855496,-0.606007,0.192419
1.934128,-0.491877,7.736212,-1.080016,-0.192891
2.180516,-0.607886,9.367221,0.927391,0.35369
2.310894,-0.126637,11.745325,0.35753,0.127821
0.233514,0.956511,10.339748,-0.296248,-0.09033
2.428849,2.457589,10.202634,0.430838,0.076949
2.549049,-0.213606,10.902279,-0.274472,-0.127434
2.108066,1.602418,11.69024,-0.06591,0.020361
1.61574,-0.15852,9.592053,0.026021,0.439546
2.383643,-0.48065,9.309291,-0.110696,-0.021171
3.813021,-0.198936,8.327782,0.098337,-0.013091
3.155887,0.494721,11.426339,0.201097,0.174749
1.923799,-0.421224,6.715036,0.356201,0.585153
2.351759,0.780477,9.431437,-0.853881,-0.31592
3.862268,-0.695154,11.715537,0.305584,0.111124
1.57712,-0.049397,8.457562,0.003672,-0.383356
1.56754,0.485441,7.286398,-0.054905,0.023681
0.374521,-0.463436,9.146131,0.062506,0.061819
0.37048,1.374142,12.874427,0.28612,-0.146469
2.863096,-0.303868,8.088131,-0.706653,0.010898
3.415597,-0.183069,10.007439,0.190996,0.042115
0.174537,0.108674,17.152681,0.28318,0.163648
1.562151,0.580792,9.947115,-0.448704,-0.256918
3.223846,-0.486189,8.106093,-0.056281,0.045636
3.607049,0.316891,9.256152,0.050544,0.197799
1.095272,1.045127,6.903494,0.29391,0.250311
1.537004,0.343087,6.529123,-0.835962,-0.057802
2.398911,0.05299,7.244036,-0.139119,0.587976
3.908822,-1.281485,11.711346,-0.100185,0.156526
2.838547,-0.28381,10.507999,-0.245463,-0.005161
3.333867,0.794697,8.472681,0.296844,0.044994
3.127446,0.123793,11.131003,0.117819,0.612206
1.999243,1.3707,12.3107,-0.170445,-0.348959
2.167792,-1.257385,7.35735,0.403611,0.536068
1.217867,-0.733624,9.928404,-0.248716,0.094432
1.874402,0.100591,6.725365,0.270696,-0.143097
2.479893,-0.840951,8.784183,-0.18814,0.042692
1.618584,1.281785,6.632857,0.197623,0.141272
3.787723,0.89454,9.942025,-0.337486,0.107436
2.377955,0.665217,9.222023,-0.151653,0.02244
2.561473,0.420176,9.003178,-0.073475,0.19545
3.718268,-0.148192,11.809392,0.097544,0.039911
2.442471,0.11541,7.348219,0.040154,0.556788
3.564088,0.552052,11.125614,0.113468,-0.42213
2.967878,-0.394879,6.735394,-0.052629,-0.019718
1.810934,1.484762,10.650502,-0.1161,-0.283898
3.687282,-0.322729,6.04967,0.229073,0.071325
2.61611,-0.233365,7.527846,0.631874,0.48196
0.247435,-0.151186,12.46952,-0.097353,-0.168504
2.223925,0.207169,6.210435,-0.061249,-0.086867
1.369951,-0.791255,9.948163,-0.557846,0.042715
3.026556,-0.271236,7.488777,0.021154,0.049536
1.941014,-0.0479,6.313122,0.031965,-0.270515
0.911604,-1.118624,11.423644,0.001621,-0.000137
1.780996,0.556094,11.681259,0.144315,0.084476
2.487527,-0.311353,6.880741,-0.369696,-0.042554
2.43349,0.687221,7.437583,-0.031645,0.236432
3.056644,-0.727337,8.54034,-0.268638,-0.021066
2.282304,-1.355581,9.826615,0.018655,0.202935
1.222508,0.604742,7.373068,-0.06323,-0.383418
2.693948,-0.175285,8.950936,0.125693,-0.114983
1.71214,-1.595083,10.08423,-0.093271,0.214128
1.744622,-0.284708,11.369158,-0.285348,0.015824
2.536026,-0.79844,11.731554,0.394088,-0.281896
3.584147,-0.626148,11.300002,-0.468603,0.251581
3.527564,-0.443528,8.031249,-0.064584,-0.110486
2.196532,-1.056054,10.499466,0.509114,-0.110005
2.300865,0.156724,9.052425,-0.076743,0.14216
1.778452,-0.455054,7.582782,0.823596,-0.14843
2.031426,-0.323627,6.431975,0.143692,-0.244242
1.996398,-0.65414,11.576926,-0.02519,0.052109
3.234174,0.067809,12.961696,-0.695885,-0.268011
3.574567,0.047601,11.177556,-0.20695,0.137966
0.817899,-0.188308,12.779824,-0.919441,-0.06566
1.314117,-1.103954,9.493109,-0.077609,-0.054095
1.909878,-0.759072,9.895323,0.02243,0.134229
1.546434,0.118553,8.219108,0.423271,-0.14943
3.293601,-0.497116,11.698922,-0.070473,-0.034033
1.951791,0.531694,9.05976,0.268431,0.122769
0.534688,1.018332,8.008347,0.040481,0.445989
0.951422,-0.662522,9.664353,0.025369,-0.012976
1.421145,0.689915,6.8047,0.00842,0.079153
2.543361,-0.241298,9.413325,-0.356862,-0.057965
3.161575,-0.411195,8.082742,0.077167,-0.611746
1.999692,-1.173111,8.462802,-0.193985,0.100882
1.344803,-0.866548,8.414901,0.002973,-0.001218
2.55818,-0.086071,7.125632,-0.412387,-0.00755
1.858086,0.667013,11.971954,0.07198,-0.243906
3.039729,0.544568,8.224198,-0.115428,-0.240557
3.682792,-1.339415,11.998748,0.08656,-0.005596
2.19264,-0.720751,8.608,-0.509921,-0.339171
1.265319,-0.152682,9.853709,0.072025,0.083562
3.181035,0.009879,11.91642,0.047312,0.143963
3.307522,0.236358,9.273516,0.34474,-0.032783
1.864523,1.350192,9.020392,0.357931,-0.061789
1.108744,-0.667911,9.999207,0.347725,0.055545
3.175347,0.017963,11.436667,0.046505,-0.417195
3.960913,0.461939,11.170521,-0.096225,-0.522301
2.533033,-0.815654,9.786948,-0.163785,0.421804
1.342558,-0.663869,9.750723,0.014039,-0.00278
2.238146,-0.390089,11.550281,0.078725,0.140733
2.957849,-0.864901,8.852292,0.108775,0.045896
1.093775,-0.140109,11.238629,0.021157,-0.162179
1.713187,0.354912,8.230185,1.008902,-0.423447
1.43312,0.238304,6.797215,-0.202904,0.123252
2.860252,0.018112,13.638439,0.128266,-0.472419
2.151476,-0.364941,6.387367,0.093871,0.1059
3.787873,-0.583936,8.38182,0.056047,0.225581
1.539399,-0.236658,7.970026,0.177756,0.42418
-0.358954,-3.673361,14.46472,-0.006592,-0.008663
0.996029,-0.050595,7.585626,-0.456871,-0.082899
2.684967,-0.347428,6.312673,-0.033459,0.193778
1.280886,-0.909209,11.544144,0.370473,0.311322
0.998124,0.943189,8.317454,0.246633,-0.167076
1.797163,0.056882,9.510922,-0.357905,-0.167421
2.802921,0.135618,9.91583,0.209223,-0.1964
4.909191,0.093256,10.596015,0.175908,-0.132055
1.654509,0.962648,7.446116,0.024249,-0.242813
1.954486,1.629661,9.051976,-0.735178,-0.223364
3.683091,-1.133892,8.272397,0.076115,0.124082
3.391797,-1.146017,11.166629,-0.340246,0.048437
2.773133,-0.49517,11.741284,0.348418,-0.11861
3.614234,0.053738,6.059699,0.031847,0.099534
4.516408,-0.071252,8.839867,0.009419,0.056646
1.686693,-0.15867,11.690839,-0.847717,-0.618188
2.717599,0.207169,11.638298,0.006984,-0.027898
2.268832,0.135468,6.872958,0.038494,-0.466334
2.994822,0.464035,12.947476,0.030308,-0.221615
3.985462,-0.25956,7.718849,-0.168674,0.127435
1.065035,2.100432,12.845238,-0.14533,0.103303
-0.001048,1.693728,11.816128,-0.035266,-0.067202
1.722019,2.066453,9.229357,-0.075954,-0.029048
0.263452,-0.539628,9.70911,0.102319,-0.109506
1.201551,1.208886,7.25646,-0.002703,0.23536
2.802173,-0.049996,8.71832,-0.753373,-0.078801
1.571432,0.250429,12.045601,-0.480725,-0.069477
1.877246,-0.827779,9.828561,0.044265,-0.059965
1.626518,-1.40423,9.288335,0.396256,0.323719
3.567382,0.32228,11.787987,0.136149,-0.035064
4.066294,-0.275577,12.082424,-0.597827,0.092687
3.610642,0.073048,8.289312,-0.158779,0.170789
1.821562,-0.92822,9.968071,0.103614,-0.151987
0.131277,-0.060175,14.585519,0.53424,-0.045315
2.354005,-0.640069,7.506889,0.189116,0.082128
0.971929,1.357976,9.31468,-0.224478,-0.044359
0.969085,-0.465382,9.853559,-0.070893,-0.0212
2.956502,-0.948727,10.178234,-0.010952,0.13447
2.982398,1.332379,13.026362,0.612347,-0.493535
2.428999,0.705483,7.700437,-0.214599,-0.055114
1.844464,-1.05336,10.917098,-0.048311,-0.078713
2.386637,0.387544,7.587422,0.349824,0.13348
0.396675,0.850531,7.033574,-0.127846,0.464431
1.934128,0.606539,8.2471,0.263771,-0.016771
2.761757,-0.267194,7.82887,0.185306,-0.267113
2.395768,0.016915,6.724466,-0.541005,-0.389628
3.883674,-0.539927,9.126521,0.119442,-0.016678
3.285368,-0.393681,12.005784,0.356561,-0.289226
4.36163,-0.312849,10.52192,0.00865,0.052827
3.60166,0.234413,10.44019,-0.054232,0.039251
2.271526,0.681233,8.134085,0.126376,-0.182322
1.821113,1.485511,10.116862,-0.216254,0.147945
3.528463,-0.558489,13.157489,0.211241,-0.233602
1.989662,1.645229,12.123589,0.068605,0.187489
3.96735,-0.274828,8.267308,0.117465,0.091637
1.26457,-0.515977,9.843231,-0.036951,-0.027857
1.282084,1.766926,11.744727,-0.34055,0.305602
-0.23082,0.714614,10.020612,0.055602,-0.246441
3.653752,0.194745,9.370065,0.391779,-0.113258
1.542393,-0.797691,11.845318,-0.262954,0.23377
3.150948,-0.950374,8.567584,0.163823,-0.120322
4.296066,-0.361199,11.009007,0.026003,0.183559
2.249971,-0.33665,6.77566,-0.10006,0.089467
1.815425,-0.736019,8.378826,-0.132485,-0.05562
2.107168,-0.443079,6.953939,-0.479737,0.080011
2.416425,1.154848,8.828641,0.353397,-0.408437
1.817071,0.76446,13.12306,-0.788115,-0.414044
2.160308,-0.627645,8.311167,-0.07718,0.341786
3.107837,-0.066013,7.941136,-0.006828,0.037207
3.388953,0.757724,12.759916,0.35565,-0.110984
0.430205,-0.383802,8.66054,0.457503,0.121645
3.32294,-0.656984,11.431428,0.256262,0.328712
1.603166,0.015268,8.507259,-0.120178,0.198488
3.229983,0.077838,5.395081,0.382081,0.56536
0.396076,0.480201,10.960208,0.141112,0.314145
2.043251,-0.37976,6.558162,-0.008939,-0.022727
0.931513,-0.012424,11.544294,0.339281,0.144427
1.716481,-0.242196,7.845934,0.197431,-0.187498
1.917513,0.194446,4.849016,0.114779,0.117832
1.081351,-0.730631,9.652827,0.462259,-0.289928
2.218087,1.397943,9.43473,-0.3857,-0.100155
2.1642,0.249232,7.491771,0.253423,0.16792
0.331561,1.017584,9.87736,0.008956,0.138717
1.922153,-0.040266,6.721772,-0.4277,-0.32568
3.509602,-0.195194,11.17097,0.461813,-0.05205
2.335892,-0.042661,13.120366,0.128402,0.264431
2.302961,1.403332,7.861951,-0.370614,0.295608
2.628384,-1.209934,9.804462,0.137889,0.243034
2.058519,-0.661325,9.768237,-0.438497,0.067412
3.510051,-0.183369,7.70373,0.042109,0.094892
1.419648,1.037942,8.783435,-0.033593,0.36725
3.239713,0.106129,7.268585,0.057532,-0.093894
0.669109,1.708397,10.586286,0.286137,0.040322
2.575245,-1.222957,11.368409,-0.133591,0.033884
2.945874,-0.010329,8.346793,0.022493,-0.046955
3.013084,-0.411195,8.07885,-0.662428,-0.525365
1.922153,0.546064,7.598499,0.166081,0.143731
4.234844,-1.313818,12.13751,-0.308135,-0.251165
1.307082,0.185165,10.604099,0.355406,-0.025717
1.799109,0.738714,12.723691,0.126301,-0.047205
1.667233,-0.736319,11.169772,0.328529,-0.035666
0.479154,-1.821861,9.906549,-0.052594,0.025942
1.530867,1.608854,9.330697,-0.634095,0.444417
2.790198,-0.689017,8.097411,0.098394,0.046577
1.04363,-0.075892,6.952293,0.14271,0.119754
0.666414,0.348625,12.914245,0.139885,-0.025313
1.934128,-0.027243,12.462035,0.079158,-0.153959
0.409099,0.964295,10.71397,-0.649481,0.243933
1.869462,0.259411,6.368207,-0.096794,0.134714
2.105072,-0.457299,8.917855,0.280069,0.006665
2.50055,-0.642165,10.688074,0.176632,-0.343772
0.743504,-1.243614,11.984827,0.000332,0.062029
2.206861,-0.136815,6.271508,0.182769,-0.004798
2.639162,-0.015568,7.639813,0.025618,-0.244048
0.963995,1.406924,11.758648,-0.127937,0.18771
1.251847,0.897085,6.434819,-0.008277,-0.236935
2.095492,0.941991,6.998247,0.022241,-0.197174
-1.023272,1.051863,14.010116,0.549724,-0.049081
2.395469,0.660576,7.878866,0.035581,-0.233211
3.168311,-0.253722,10.181677,-0.013654,-0.299363
1.807192,-0.001946,6.935378,0.107925,-0.111981
2.58213,-0.728385,7.293733,-0.188427,-0.781282
4.148174,0.01452,10.737471,0.206318,-0.034617
2.859803,-0.023052,6.643335,-0.592988,0.275014
1.863625,0.719554,7.574549,0.019068,0.334567
0.897534,-2.466122,13.141023,0.02124,-0.031797
4.082011,0.081431,8.627309,-0.069528,-0.53405
3.094216,0.245789,11.827954,0.083992,-0.098602
3.613186,0.857267,8.669522,0.219997,0.30395
0.49517,-0.438289,11.086396,0.446244,0.047296
3.158432,-0.876128,11.955189,-0.103293,-0.095888
1.498833,-0.935704,7.589667,-0.209055,0.065393
3.195704,0.18771,9.053623,0.274116,0.053664
1.967509,0.200433,6.649622,-0.810376,0.112174
3.210524,-0.15867,7.085965,0.104308,-0.024094
2.721341,-0.293091,8.029752,0.604784,-0.337763
1.98143,-0.587528,6.695127,0.304134,-0.177628
1.996548,0.583786,8.673563,-0.122436,0.238645
1.946852,-0.101339,7.153025,0.091718,-0.367891
0.786315,0.296084,10.913505,-0.251099,0.282457
4.112847,-0.141905,12.25756,-0.622587,0.072925
1.380579,0.641266,7.53069,0.212291,-0.185117
3.787424,0.143551,10.567126,-0.041238,0.019914
3.611091,-0.241149,6.697971,0.141354,0.091305
2.411036,-0.376018,11.9742,-0.230288,-0.490835
4.749922,-1.010848,10.839409,0.398788,0.032702
2.577041,-0.85592,10.806777,0.172941,0.079482
4.298611,-0.640069,10.267299,-0.085712,-0.145792
0.962498,-1.121468,10.881322,-0.471376,-0.111033
3.321293,-0.976869,11.085049,-0.057193,-0.111319
2.15447,-0.330513,11.83933,-0.024959,0.375861
1.304388,-0.626148,7.773335,-0.168117,-0.591935
1.352737,3.28432,6.656807,0.099448,0.008051
3.190765,-1.289119,10.428514,-0.235141,0.133417
4.8327,-1.378483,10.991044,-0.264721,-0.273217
1.730402,-0.858615,7.944429,0.13196,0.111805
4.69813,-0.085323,11.689043,-0.301524,-0.135893
1.220712,0.686472,7.372169,-0.283197,-0.172852
2.497706,-0.794997,7.226073,0.044942,-0.346896
2.052382,2.806065,11.870914,0.259034,0.126262
1.948348,-1.310824,7.535779,-0.09743,0.003442
1.473087,-0.005988,7.40091,0.057621,-0.067892
2.217638,0.275128,8.493937,-0.077451,-0.045982
3.359165,-0.052241,7.858957,0.152062,-0.212312
2.091301,-0.25492,9.191337,-0.045601,0.324603
1.397793,-0.330962,9.2331,0.010209,0.111367
2.032923,0.152533,7.591613,0.090789,0.242163
0.364342,0.277673,11.668385,0.079585,0.067322
2.098187,-0.237406,8.024064,-0.053092,0.080222
1.953438,-1.148112,13.021272,0.049182,-0.037882
2.669698,-0.651894,12.288696,0.185223,0.274171
2.602638,1.448089,12.994777,-0.187471,0.157113
0.458497,-3.053949,13.353132,0.051384,-0.032471
1.760489,0.411345,7.057374,-0.370928,-0.016157
3.138972,0.618214,13.384118,-1.150622,-0.356112
2.073039,0.656086,8.05954,-0.057865,0.098105
3.610193,0.634381,11.160641,0.337093,-0.057361
2.457589,-0.383353,6.690786,0.410618,-0.001743
3.093467,0.076042,8.827294,0.101602,-0.104372
3.20259,-0.104183,6.07841,0.238278,-0.087996
0.516276,-0.622855,9.974508,0.289414,0.294419
3.267256,-0.151485,8.407417,-0.005394,-0.163083
1.701661,1.624572,8.833281,-0.023884,-0.182176
3.42877,-0.267494,10.323582,-0.590712,0.016411
1.537902,-0.434546,12.361594,-0.443709,0.234422
1.061592,0.797092,10.881023,0.278386,-0.195834
3.0297,0.088765,6.538553,0.15765,0.270709
1.342558,-0.973126,12.022848,-0.015899,-0.042916
2.88989,-0.266745,6.25639,0.093643,-0.189108
2.527943,-0.574056,8.371342,-0.488696,-0.37796
1.572181,0.781824,9.356293,0.111944,-0.260918
2.268682,-0.720003,8.631201,0.647759,-0.218164
1.459465,-0.104632,10.140064,-0.010648,-0.245668
2.227518,-0.039668,12.775633,-0.250616,-0.252723
2.472409,-0.819995,12.26265,0.169597,0.554508
2.650538,-0.437241,8.133187,-0.216155,0.061328
1.368754,0.787063,6.776558,-0.291933,-0.010535
4.477938,0.463885,9.37216,0.181464,-0.077526
0.119152,-0.537532,13.10899,-0.363451,-0.441962
3.211721,-0.442929,11.832444,-0.23174,-0.508743
3.210224,0.239203,8.374335,0.004451,0.117007
3.508704,0.162412,11.567196,0.224924,-0.060896
1.243913,-0.631387,9.188642,0.016886,0.043082
1.417852,-1.278641,9.423055,-0.323577,-0.044616
2.329456,0.607587,11.787687,-0.2025,-0.712889
2.196383,-0.786465,8.91082,-0.177484,-0.087095
3.248694,-0.152682,7.539521,-0.18867,0.237066
2.198179,-0.217947,8.907676,0.380927,-0.198327
4.218827,0.119452,11.515404,-0.232179,-0.418526
1.961671,0.693658,10.803334,0.026479,-0.30191
0.822839,0.59621,11.685001,-0.113555,-0.066712
3.743266,-0.173789,11.595487,0.09487,-0.205854
1.823807,0.167352,12.366683,-0.209753,-0.194787
3.209775,0.241298,11.089389,-0.210483,-0.240108
1.36097,0.12978,8.251291,1.325112,-0.430593
1.203348,0.416135,7.235653,0.208464,0.093852
2.653831,-0.036973,6.15026,0.113888,-0.090155
2.546205,-0.198787,6.471193,-0.221064,0.268135
2.143992,0.087867,9.979298,0.137479,-0.131579
3.084785,-0.187111,8.4396,-0.180609,-0.290525
2.493215,0.105531,6.20804,0.334066,-0.175561
1.210682,0.781974,14.097684,-0.586746,-0.116918
0.978066,1.306034,13.124707,0.099037,-0.228527
3.247946,-0.208067,6.960076,0.150896,0.172865
0.207469,2.08232,13.25299,-0.276765,-0.353287
3.376828,0.362696,8.259973,-0.14582,-0.415247
1.747316,1.634451,9.196127,-0.280747,-0.43695
2.294728,0.778531,13.559403,-0.128859,-0.12993
2.031276,-1.646127,9.246422,0.015477,-0.361628
2.131717,-0.380359,8.055199,-0.670594,-0.093281
1.9958,1.216071,13.303435,0.261308,-0.155088
3.294649,-0.117356,8.938363,-0.283865,-1.009256
1.55826,0.238903,8.705597,0.396661,0.125869
2.205514,-0.184716,9.015452,-0.406734,-0.365605
1.676364,1.318159,9.650282,0.018138,0.034499
2.876718,0.709824,11.565699,-0.725019,-0.383708
2.06301,-0.503104,8.503667,-0.004718,0.012504
2.504891,0.054187,7.187753,0.337597,-0.219108
0.748743,0.907263,7.85282,-0.017017,-0.434909
0.815055,-1.049318,12.007131,0.358453,0.026989
2.274221,-0.376317,6.757697,-0.275845,-0.030855
3.213068,-0.37527,6.326444,0.050505,-0.506261
3.048111,-0.327818,12.514127,0.110602,-0.231109
1.877695,-1.066682,9.248218,0.541722,0.041146
3.59687,0.636177,8.220306,0.106556,0.208261
0.095352,0.928369,11.035502,0.224645,0.154444
2.129472,-0.421973,7.133566,0.187971,-0.367225
1.941163,-0.717907,9.982441,-0.341903,0.428837
2.322271,-0.313448,12.992382,0.256673,0.137868
1.751059,0.915796,6.727909,0.118578,-0.00013
0.36554,1.427581,9.742191,0.299204,-0.166423
1.316512,-0.633632,9.666449,0.179189,-0.236086
1.137185,-1.469344,10.213261,0.112032,0.15459
1.983675,-1.098865,12.475657,-0.123239,0.108174
2.223776,0.52421,7.451055,-0.524673,-0.049846
2.327809,-0.257614,9.5217,0.374324,-0.134368
2.027983,-1.044378,10.654544,-0.121321,0.031198
2.056723,1.203946,9.080866,0.1214,-0.234396
-0.282014,0.04805,11.179951,0.094249,-0.326572
0.594115,0.126936,9.254056,-0.177895,-0.091657
2.509082,1.446741,8.726553,0.381026,-0.083215
4.021986,0.25971,8.828192,0.003074,0.153338
1.72172,0.795596,7.319329,-0.192486,0.212642
1.736389,0.041763,9.718091,-0.244193,-0.036992
3.284021,-0.045356,6.367908,0.092595,-0.057879
3.225792,-0.541274,7.829618,-0.349001,-0.230094
2.214495,0.491278,7.940089,-0.023187,0.141787
2.047891,-0.038769,7.382947,0.501645,0.326104
2.509831,0.411345,11.360176,-0.316727,-0.115434
1.786535,-0.163011,9.101224,0.009758,-0.111654
2.691403,-0.421673,8.781189,-0.14316,-0.062431
2.809807,0.29324,8.966803,0.278897,0.262513
2.999163,-0.43784,11.990366,0.385454,0.552709
3.839516,0.687221,9.763297,-0.285487,0.196229
2.045197,-0.22139,6.768924,0.09033,0.189477
4.176764,0.111518,9.270522,0.077169,-0.193412
1.308878,0.749042,8.816067,-0.305903,0.17652
1.721121,1.047372,10.108779,0.184226,0.250041
1.674717,-0.252076,7.89593,0.320531,0.134159
4.073779,-0.068857,11.733949,-0.366935,-0.681983
1.013692,1.243015,9.066796,0.142297,0.205054
2.492617,0.49053,6.473289,0.102362,-0.132066
3.238665,0.060923,13.905783,-0.019303,-0.208094
4.464017,-1.691632,10.124197,0.767857,0.40016
1.435814,1.073418,6.481372,-0.056388,-0.009743
1.329984,0.358504,7.456145,0.386124,-0.049386
-0.321232,-0.455054,10.85333,-0.25044,0.215177
2.081422,-0.197739,11.110047,-0.192017,-0.257752
1.878893,-0.58648,8.16537,0.091368,-0.259807
1.325793,0.566871,12.044553,0.277752,0.3546
2.52929,-0.213007,7.438033,0.058696,-0.092663
1.568588,-0.088466,8.350834,-0.219022,0.290869
3.4144,-1.142424,9.343271,0.184021,0.278834
2.185306,0.010478,6.522836,0.086155,-0.149421
1.783092,-0.197589,12.492871,0.023981,-0.024936
2.458038,-0.768801,11.135344,-0.028518,-0.753503
2.358645,0.863554,8.407716,0.230877,-0.163064
3.312911,0.088915,7.600594,0.12758,0.586419
3.775,-0.160317,8.11732,-0.07029,-0.119484
4.078569,-0.010478,10.799592,-0.332023,-0.293559
1.163081,0.783471,6.696026,0.12627,0.074282
2.978506,-0.299377,7.051836,-0.266895,-0.003793
3.209326,-0.134121,12.102932,-0.105594,0.045859
0.12963,0.569416,13.595478,0.1521,-0.21478
2.15896,-0.025746,7.079378,-0.075922,0.174766
3.502566,-0.32692,7.505243,-0.09539,-0.403031
3.937711,-0.996777,11.178604,0.375177,0.194922
1.951043,0.415087,6.716383,0.064491,-0.208278
3.629802,-0.24504,11.427985,-0.195398,-0.573283
0.275876,0.313149,11.745176,0.060708,0.502927
3.781736,-0.136815,10.624905,0.154987,0.025378
2.956951,-0.571362,11.40658,0.121978,0.226637
3.764821,0.496967,9.263936,-0.035407,-0.023526
0.563728,1.292712,8.969198,-0.157507,0.370743
3.051255,-0.183668,9.849668,0.32141,-0.176859
3.054698,-0.335303,6.903943,0.128524,0.167033
-0.772394,1.654958,10.282418,0.405282,0.001647
2.852618,-0.020208,8.148006,0.119111,-0.098701
1.936523,0.208217,8.251291,-0.392952,-0.285459
-0.167352,-0.653092,11.096275,0.217351,0.067381
1.686543,0.204475,7.812404,0.270631,0.007845
1.99071,1.203946,13.526621,-0.008826,0.071107
1.728456,-0.597557,9.795031,0.130072,-0.121064
1.760938,0.45191,8.346793,0.181041,-0.162944
2.796634,-0.19235,8.248298,-0.12494,0.080683
3.199896,1.162782,12.124936,0.348223,-0.217173
2.030827,0.060624,7.717801,-0.089223,0.550437
-0.782722,-0.967438,12.946128,-0.024818,-0.317028
1.321302,-0.280966,7.351363,-0.092752,0.003048
2.104025,-0.052391,12.088861,-0.121316,0.299247
1.832489,-0.631088,9.707613,-0.057069,0.215725
2.793042,-0.006586,6.955137,-0.149954,-0.005107
2.970872,-0.675994,11.962973,0.140116,-0.194032
2.364333,1.503324,12.089759,-0.019971,0.070982
0.569266,1.029559,10.902279,0.263535,0.041285
1.763782,-0.842448,9.797875,-0.151133,0.149451
1.886826,0.587828,9.768536,-0.551887,-0.014584
2.999163,-0.311502,6.830596,0.018344,0.030105
2.19264,-0.549657,10.319241,-0.075749,-0.05238
1.429078,1.516496,8.982371,0.028679,0.135198
1.294209,0.167801,12.302916,0.032028,-0.137014
2.708617,-1.203497,9.251811,0.149476,-0.363728
2.699337,-0.805026,9.07922,-0.127586,0.044571
2.689906,-0.581391,9.871073,-0.055978,0.215864
1.584754,1.643133,10.40157,-0.074199,-0.282434
1.707499,0.39922,13.724659,-0.088502,-0.00628
2.294279,-0.446072,8.931776,0.408675,-0.292517
2.294279,0.106429,7.524553,0.058998,0.065985
4.361929,0.862506,10.493329,-0.309964,0.01436
1.155747,-0.174537,10.400522,0.36568,0.134463
4.060307,0.194296,7.977211,-0.630998,-0.532455
3.442242,0.946033,10.509495,-0.073603,-0.412118
2.575394,0.290097,7.312593,-0.109217,-0.046835
0.925825,0.537383,7.109765,0.049946,-0.113222
2.330354,-0.71147,9.302406,-0.80658,-0.366178
1.73115,1.386118,11.814033,0.262371,0.110619
2.256557,-0.167651,13.865666,0.253326,-0.030721
2.017205,0.972528,8.48765,-0.631789,0.048511
4.556375,0.583337,8.171058,0.111181,0.047458
-0.185764,-0.06736,9.337133,0.143128,0.075762
3.677103,-0.417781,10.280921,-0.422111,-0.546154
2.518213,-0.107926,8.995843,0.051825,0.493807
0.843646,0.126337,7.613468,0.189255,0.22884
0.058678,1.704206,13.577964,-0.401766,-0.264102
2.787354,-0.324525,7.251221,-0.320541,0.062276
1.146017,-0.749192,8.700956,-0.01878,-0.013569
0.38964,1.618285,9.554332,0.089726,0.157034
2.89019,-0.032183,9.986333,-0.275856,0.054506
0.95217,0.153281,6.66519,0.116249,-0.225098
1.791325,0.055535,12.78686,0.186752,0.032619
1.390608,-0.503104,9.840686,-0.039394,0.052974
3.347489,-0.712069,13.737383,0.03215,-0.324667
0.028141,0.597557,12.38734,0.343045,-0.022356
2.492916,0.94229,10.80543,0.196726,-0.112717
1.747167,2.742447,11.691737,-0.201823,0.280287
1.028362,-0.274529,11.97869,-0.081053,-0.331712
3.282674,-0.232317,7.585775,0.127183,0.082276
2.728526,0.045954,8.758437,-0.251568,0.09384
3.140918,-0.275427,7.841294,0.370465,0.185344
1.705853,1.017285,12.443623,0.128617,-0.129522
1.054856,-1.041983,9.925709,-0.029235,-0.153678
2.790048,0.430205,11.589649,-0.004579,-0.070871
1.594335,-0.945284,11.972104,0.04206,0.327038
3.636687,-0.145647,8.038135,0.119286,-0.02134
1.702709,-0.574356,8.672964,0.238905,-0.104477
1.878144,-0.670456,9.695189,-0.183807,-0.208475
1.001717,-1.074765,8.471783,0.149571,0.122692
3.920797,-0.129331,8.556058,0.085166,-0.073097
3.762875,0.243993,8.478818,-0.043509,0.057787
2.246977,0.738115,12.518917,-0.970338,-0.24214
2.8854,-0.424667,8.773855,-0.393968,0.118818
2.220482,-0.364043,7.027137,0.274549,0.02382
2.392924,0.739013,10.409803,0.103894,-0.127625
1.474135,-0.032333,10.218351,-0.346483,-0.379904
3.562592,-0.419727,10.100995,0.003592,-0.277223
2.874473,-0.337249,10.413994,0.721034,-0.142467
2.577939,-0.222437,7.813152,-0.1462,0.177164
1.009351,0.99049,12.51263,0.207849,-0.192966
2.638563,-0.888103,7.418872,0.061451,0.079262
0.910407,-0.091759,8.832233,0.220628,-0.27497
-0.554896,1.292861,12.423116,0.025213,-0.695423
1.400637,-0.289049,12.831167,-0.122891,0.343542
-0.141606,0.525258,11.838731,0.213947,-0.028947
2.076332,0.683329,6.668782,-0.360171,-0.040907
0.709525,0.669707,9.322015,-0.104519,-0.193559
3.475922,-0.437989,6.758595,0.178546,0.1982
0.984353,1.182541,9.153316,-0.285384,-0.136691
2.599644,-0.262554,7.654033,0.294735,-0.007872
1.572031,-0.725841,10.745255,-0.147598,0.389399
1.310674,-0.670905,9.656569,0.083802,-0.486855
2.088607,-0.493524,13.03175,-1.216883,-0.470066
1.244512,0.063917,9.614507,0.101093,0.758345
4.05387,0.334704,8.038284,-0.003282,-0.167544
2.079476,0.39428,8.885672,0.040249,0.144458
3.255879,-0.15852,7.484586,-0.614151,0.346136
1.042283,-0.085622,8.436756,0.208866,0.283377
0.595312,1.49075,11.371702,0.042336,-0.003008
0.81281,-0.51448,8.785231,0.419969,-0.295382
1.672622,-0.989742,10.782677,-0.280537,0.518933
3.709885,-0.701591,8.370743,-0.094537,0.172288
1.028362,0.611778,12.912598,-0.013016,-0.119841
1.831441,-0.592767,9.709259,-0.145599,-0.418542
1.432671,-0.102537,6.816076,0.06257,0.247065
0.538879,-1.227148,11.543395,0.06921,-0.436366
1.044378,0.936902,7.390432,0.055465,-0.04861
1.328787,-0.522863,9.730366,0.180973,-0.104817
0.774789,-0.470921,12.124637,0.259634,0.174073
0.551603,1.836531,12.724888,0.012125,-0.016329
1.737287,0.18262,6.699468,-0.12044,0.193733
2.088607,-0.574505,7.95865,-0.099082,-0.135962
3.061733,-0.208965,11.220517,0.015677,0.163881
1.417852,1.475931,9.289832,-0.205883,0.18693
4.183949,0.450862,11.097922,0.152246,0.392717
1.686992,-0.942141,7.68951,-0.026375,-0.044595
1.749412,0.104632,6.307134,-0.022556,-0.621225
4.513863,-0.444725,10.04576,0.223573,0.107846
2.951113,-1.272354,10.572365,0.27625,0.563212
-0.047601,0.135768,12.065809,0.165904,-0.329875
1.865571,0.454455,13.052856,-0.606866,-0.441647
3.433859,0.371378,10.505304,0.121573,-0.167529
2.933899,-0.093256,7.225924,0.292081,0.218647
1.640289,0.434247,8.321046,0.611973,0.300146
0.492775,1.229094,13.647121,-0.126687,-0.040989
2.068399,-0.396376,6.880292,-0.11292,-0.036012
0.924028,1.332679,6.482869,0.046769,0.114655
1.758992,-0.022453,6.253097,-0.044365,0.540351
1.153052,-0.827928,10.258018,0.188994,-0.019793
3.02012,0.25971,13.338612,-0.340832,-0.321012
1.190025,0.702489,6.032006,0.197278,0.216456
3.357518,1.408122,11.55058,1.11653,-0.286992
2.839745,-0.689915,9.888287,0.032872,0.048399
2.363136,0.147593,7.080576,0.046042,0.086988
2.376458,1.366808,11.491304,-0.219388,0.297717
0.418979,-0.936303,10.183473,-0.364882,-0.175433
1.590592,-0.017214,6.55906,-0.025656,0.096246
2.480492,0.52915,12.622801,0.314693,0.505828
1.866169,0.889151,6.79961,0.287225,0.002228
2.102528,-0.985251,9.296717,-0.100043,0.111255
2.812052,0.470621,13.282629,0.002141,0.315088
0.304766,0.851579,7.77094,0.160697,-0.031142
2.716252,0.181123,10.202783,0.148437,0.058189
2.558629,-0.525258,8.799302,0.174364,-0.028884
2.373315,1.233285,7.686665,-0.067818,0.088285
2.181563,0.468226,6.499035,-0.164448,0.094256
0.813409,0.664917,13.049114,0.060841,-0.013427
2.206112,1.052162,9.068143,-0.103214,0.441333
2.110312,1.069376,10.787767,-0.137948,0.310115
2.377506,-0.091909,10.416838,-0.70509,-0.388282
2.609823,-0.891247,7.376361,-0.415547,-0.344721
1.280288,0.195943,13.424084,-0.570074,-0.055599
1.671275,0.316442,12.850178,0.068593,-0.366775
2.379153,-0.02904,6.250103,0.02941,0.011357
1.199007,0.070952,8.013885,0.139124,0.182207
3.679648,-0.238754,13.020524,0.045333,-0.244227
4.107458,0.049846,10.528057,0.023872,-0.008355
1.644331,-0.168849,7.849377,-0.149832,0.33604
2.964884,-0.043559,6.190227,-0.915382,-0.238349
1.840872,-1.691483,9.456136,0.442237,0.415054
3.520379,-0.540376,7.269633,0.483246,-0.163839
-1.802252,1.302142,13.783936,-0.018387,-0.015527
1.703607,0.537083,13.292508,-0.816809,-0.121157
1.677711,1.276096,8.901389,-0.009657,-0.189579
2.064058,0.286804,8.092771,0.257507,0.425882
1.50048,0.564476,11.026969,-0.718755,0.323408
3.011737,-0.277373,7.884255,0.379825,-0.251956
1.958228,0.191302,6.78509,-0.062526,-0.071422
1.983675,-1.093027,10.873089,0.524359,-0.256887
1.190325,-0.901575,9.725426,0.633238,0.348467
2.262695,0.001946,6.975943,-0.056139,0.156365
2.775079,-1.022075,9.601334,0.063214,-0.035071
1.273701,0.528701,7.399712,0.17139,-0.314887
4.084556,-0.333506,8.204289,0.062916,0.480629
1.494792,0.584834,14.99402,0.193008,-0.210784
1.423839,0.666714,7.842641,0.021973,0.151436
1.104553,0.020058,12.663217,0.16183,0.006675
2.329007,-0.421673,8.635991,0.097016,-0.000696
1.231938,0.247585,10.620265,-0.003215,0.015594
3.754492,-0.121847,9.9543,-0.086929,-0.008422
3.013234,-0.61567,8.275391,-0.033093,0.113246
3.027155,-0.386197,8.308323,-0.275474,-0.190063
1.766177,0.19729,6.861432,0.216932,0.233268
1.633254,0.866398,11.864478,-0.000733,-0.220469
3.326532,0.114362,9.172326,-1.251289,0.017446
2.657574,1.140329,13.495336,0.780088,-0.099076
3.364254,0.967289,12.298575,-0.318781,-0.02054
2.83241,-0.178579,8.517588,-0.053887,0.880873
2.150129,-0.16361,7.040609,0.248393,-0.198755
3.367098,-0.766107,8.996142,0.100801,-0.041052
3.961811,-1.02417,11.779454,0.035777,-0.119152
1.795367,-0.683479,9.60343,0.041267,0.090621
-0.482596,-0.098345,12.604389,0.331158,0.244589
2.217788,-0.258812,6.643485,-0.122475,-0.203317
0.647853,0.164508,11.476634,-0.362258,0.190932
2.754123,0.342488,9.135802,0.047448,0.231406
0.55804,0.545615,10.017618,-0.188863,0.247593
2.836601,0.446971,10.52192,-0.024906,-0.191997
2.454446,-1.304388,8.41071,-0.066608,-0.02879
3.431913,-0.087119,8.273595,-0.028342,0.20703
3.165168,-0.309107,6.849157,0.062791,0.224749
2.46193,-0.323627,5.69371,0.144814,0.140334
1.62068,-1.279839,11.308384,-0.45689,0.136127
2.756817,0.713267,10.633288,0.085556,-0.22199
0.237406,2.46223,11.792477,0.211673,0.008382
1.737886,-0.677042,7.640711,0.21391,-0.224659
1.86123,1.33702,12.294833,-0.113322,0.02758
1.828298,0.386347,12.645404,-0.396239,-0.279611
2.710713,0.0,12.970677,0.08624,-0.041887
2.066602,1.733844,9.77617,0.201692,0.010318
1.599723,-1.570085,8.422086,-0.017322,-0.008259
2.932851,-0.401315,10.294991,0.080396,0.216033
3.075055,-0.315993,8.003107,0.091946,0.123272
2.82777,-0.111817,9.998757,-0.17811,-0.338552
0.114362,2.023642,11.333083,0.188524,-0.216182
1.249901,0.214953,11.318713,-0.449056,-0.064047
2.073338,-0.260907,7.579788,0.22908,-0.073725
2.526147,0.094903,7.563322,-0.146759,0.333689
1.754651,0.383952,7.091653,-0.170551,0.023706
3.785628,-0.496517,8.954828,-0.142849,-0.126159
1.407074,-0.330962,7.539671,0.059044,-0.030455
0.48574,0.74994,9.330397,0.445624,0.040914
4.383934,-0.870141,10.859168,-0.041273,-0.409037
1.955384,1.517095,8.441845,-0.393143,-0.442039
2.158511,-0.560435,8.393346,-0.106136,0.111413
1.259631,-1.360521,11.348201,0.05032,-0.058499
2.902614,-0.578547,8.632848,-0.408093,0.487652
3.200345,0.02904,7.152576,-0.16742,-0.259049
3.133733,0.377964,7.097191,0.242449,-0.407679
2.02439,0.213606,7.108119,-0.465926,0.383321
2.413282,-0.198038,7.923024,0.060483,-0.12574
2.766697,0.782872,11.943962,0.002904,-0.436677
2.732568,-0.235011,7.493417,0.328144,0.47264
2.978356,0.080383,11.982732,-0.270382,0.15281
3.850443,0.202978,7.974068,0.048483,0.112536
1.872456,-1.412163,8.399633,0.566583,0.639526
2.645748,0.277074,8.361013,-0.601947,0.220009
1.858535,0.424517,12.390933,-0.212438,-0.324148
3.884123,1.217269,12.288097,-0.432605,-0.245147
0.291594,1.09647,11.000923,-0.031115,-0.069234
3.929928,0.419727,9.073831,0.401157,-0.160618
3.186274,-0.228724,7.12653,0.005249,0.131078
1.307082,0.838556,7.173083,0.16758,0.215277
1.767674,-0.547561,9.649085,-0.292141,-0.329698
2.037114,0.934207,9.21364,-0.042487,0.025206
1.919608,0.11526,11.347603,0.039742,-0.057817
0.950523,1.376238,8.368049,0.012885,-0.353123
0.899629,-0.701292,10.080488,-0.018911,0.666659
1.265169,0.308658,9.438323,0.203764,0.112217
3.293152,-0.435894,10.142758,0.088098,0.028094
2.438579,0.787363,8.653655,-0.215376,0.156999
2.145488,-1.031804,9.986932,0.103867,0.585883
2.11585,0.034578,10.634935,0.222703,0.044728
0.908311,0.036973,6.965765,-0.122696,0.524968
2.095792,0.264949,6.345904,-0.311242,-0.266929
0.972079,-0.689167,9.773775,0.493416,0.345771
3.594326,0.323328,11.932436,0.155297,-0.098066
2.708917,-0.584684,8.854537,-0.229988,0.307192
2.75068,0.05269,7.024143,-0.437229,0.332909
2.677033,-0.222737,7.271579,-0.561043,-0.690429
2.468816,-0.362696,6.511609,-0.062922,-0.002416
2.97686,0.030536,6.394403,0.429579,-0.209526
1.385668,0.59172,8.23752,0.179156,-0.07025
-0.425565,0.254022,10.899135,-0.084328,-0.250788
2.456392,1.212179,7.166797,0.256146,0.322766
0.128732,0.377814,8.545579,0.018437,-0.012524
3.360811,-0.450563,9.101224,-0.161371,-0.094648
1.520239,-0.111817,13.302088,0.380577,-0.01445
3.129841,0.028291,6.309529,0.435671,-0.286532
0.891845,-0.742606,9.87257,-0.555343,0.41044
-0.101639,-0.31734,11.106753,-0.039398,-0.507955
1.996548,1.445095,8.586295,-0.249341,-0.288993
3.714825,-0.775088,9.163494,-0.003719,0.05161
0.443378,0.602946,10.392289,0.019985,0.003266
1.311423,0.057031,12.34423,0.106686,-0.180439
2.334845,0.062271,11.557915,-0.193102,0.114547
2.362088,-0.551902,7.888446,-0.132934,0.209774
1.698219,1.443598,11.650722,-0.32559,0.069367
4.312083,-0.516576,9.549392,0.049788,-0.308856
3.5587,0.091909,9.337582,-0.038682,0.257586
0.809816,-0.630489,11.012,0.073438,0.035954
0.313897,0.885858,7.480544,-0.031692,-0.097594
1.889072,-0.392634,12.676389,-0.299851,-0.162799
-0.290546,-0.537233,14.116694,0.140993,0.28298
2.668052,-0.104632,9.631272,-0.049213,-0.014715
1.847009,-0.678689,12.759766,-0.095089,-0.509297
1.429078,-0.395178,9.743389,0.164268,-0.000737
2.777025,0.520318,7.37681,-0.038346,0.162198
0.656834,0.75967,11.474838,-0.054447,-0.163157
3.105592,0.130079,7.332203,0.144069,0.205792
3.466342,-0.588726,9.43473,-0.056113,-0.146997
2.940934,-0.073198,7.279213,0.354844,0.083101
1.792672,0.6013,8.345895,0.001025,-0.110789
2.669848,0.73093,11.544593,-0.135346,-0.067868
1.390908,0.587977,5.646408,-0.585564,0.100771
1.032553,0.727787,8.925938,0.36219,0.225477
4.000581,-1.799707,9.951156,0.338031,0.834199
2.690655,-0.199984,7.043752,-0.197399,0.315629
0.923579,-0.626747,9.775123,0.027522,0.009874
1.802701,-0.874332,7.157516,-0.199583,0.082756
1.160088,-0.094005,9.807306,-0.347664,-0.116659
2.155817,-0.611329,7.042705,0.23433,0.025683
2.01496,0.909808,11.205398,-0.659429,0.321192
3.73159,0.328267,10.082433,-0.35042,-0.387472
1.848656,-1.486559,8.908874,-0.165543,0.803503
0.021705,-1.975442,11.771222,0.134108,-0.052979
1.234932,-0.973276,9.438323,-0.712811,-0.382532
2.046844,-0.763712,9.774374,0.343326,0.372877
4.207001,0.045505,8.576864,-0.057774,0.07797
0.722697,-0.47122,12.739857,0.032901,0.004662
0.096549,1.508413,9.708361,-0.243274,-0.014454
3.296146,-0.390238,5.501959,-0.23279,0.369888
0.827479,0.987347,6.514154,0.495715,0.029317
1.234184,-0.155078,8.333021,-0.1075,-0.205221
2.27916,0.148791,6.04967,0.056759,0.038723
1.906286,-0.988245,13.859379,-1.101921,0.325612
3.379822,0.754581,12.342733,0.946328,-0.421318
3.197501,-0.067061,8.683892,0.484239,0.169851
3.369942,0.820145,11.597583,-0.171797,-0.329833
1.681154,0.28381,7.167096,-0.178968,-0.01032
1.205294,1.30304,13.965209,-0.53158,-0.15341
0.678689,0.902024,7.073241,0.520159,-0.15398
0.435145,-1.014291,10.348879,-0.153849,0.077333
4.090843,-1.797612,10.466684,0.418143,0.80752
1.174009,-0.622406,9.671089,0.019652,0.014428
1.062341,0.924927,10.099947,-0.343577,-0.116276
2.539918,-0.436492,8.407566,-0.403552,0.128332
2.392774,-0.036674,12.41174,0.092894,-0.136013
1.136437,0.723296,12.985796,0.159604,0.008593
3.293601,-0.541574,11.394305,0.009847,0.274974
1.812581,-1.082399,9.828861,0.372975,0.292902
3.747607,0.28366,8.741372,-0.004785,0.03674
1.618584,-0.439336,7.683672,0.026347,0.096566
1.857038,-1.858685,11.477981,0.010706,-0.009182
3.057093,0.402962,8.286319,-0.063698,0.091825
1.777554,-1.898053,8.440797,0.182572,0.115637
2.446662,0.140707,6.910679,-0.409193,0.209466
3.740272,-1.915417,10.638078,-0.058365,-0.205487
1.87081,-0.267344,9.674083,0.242319,-0.48566
1.768722,1.377286,11.307187,-0.00053,0.008302
1.248703,1.287622,8.825647,-0.506124,-0.430433
3.538342,0.306113,8.654852,0.182231,-0.092205
2.889741,-0.148641,6.05431,-0.039912,0.406006
2.314786,0.555944,6.615792,-0.143509,-0.016309
3.872298,-1.224903,11.826307,-0.024853,-0.086276
0.993933,-0.559237,11.958931,0.089304,0.551535
2.116149,1.193468,9.807904,0.173143,0.164228
3.670517,-0.787213,11.742481,1.05102,0.17036
0.18771,1.192121,10.194101,-0.279689,0.066423
1.749562,0.084275,9.626332,0.205031,-0.10739
2.479893,-0.777783,9.62738,0.595688,-0.285956
3.19316,0.420176,11.112142,-0.922818,-0.321484
1.813479,-0.014669,10.57446,0.459806,0.408419
0.694107,1.504372,13.020973,-0.012488,-0.43568
2.727328,0.329615,10.61293,0.276223,0.12505
2.481091,0.657732,8.25189,0.322021,-0.047241
3.416645,0.304467,8.328082,-0.020079,-0.173662
2.018852,0.654888,7.109166,-0.600393,-0.035135
2.242936,1.587299,8.547675,0.301815,0.600088
0.515528,0.178878,10.149494,-0.216658,-0.036994
2.575095,-0.623603,11.95474,-0.054447,-0.163157
0.941243,0.442031,8.325836,-0.129727,-0.185987
1.210533,0.731678,10.303224,0.070654,0.264204
0.518971,0.397873,8.146509,-0.304264,0.402536
1.994453,0.723146,12.471016,-0.056566,0.231642
0.505798,1.405876,7.919881,-0.047529,-0.359034
1.751358,0.761317,10.725047,0.472183,-0.095121
2.521956,-0.286504,6.755003,-0.003147,-0.051301
2.983446,-0.578547,9.035511,0.030133,-0.330999
0.944686,-1.078208,10.2426,0.067004,0.002663
2.197131,-0.116308,7.067403,-0.100664,-0.058617
1.78878,-0.961451,9.741143,0.041435,-0.060697
1.857787,0.481848,10.866054,-0.32448,0.221612
0.647703,-0.912353,13.55626,-1.008669,-0.446955
1.279839,-0.128283,10.451566,-0.016341,0.081749
2.525698,-1.039888,8.321046,0.041798,-0.01085
-0.106728,0.283361,9.39162,-0.043714,-0.122042
1.595382,0.771047,9.13176,-0.151967,0.208193
1.359174,-0.583786,10.121652,-0.080954,0.161251
-0.563129,0.7212,10.955268,0.009579,-0.150153
0.748444,-0.26944,9.91598,-0.05383,-0.201024
2.103426,-0.873583,9.107661,-0.069803,-0.088981
1.300496,-0.646057,7.902068,0.177619,0.100969
1.883833,-0.890199,10.065519,0.371527,0.346964
4.492608,0.101788,10.84405,-0.055327,-0.110487
2.278412,-0.505798,6.816076,0.141768,-0.131196
1.185834,0.68303,7.050189,-0.036209,-0.024705
0.246837,0.193847,10.721155,0.578093,-0.213493
1.63505,-0.214354,8.673863,0.052925,-0.171518
0.031884,0.301174,13.743071,0.307587,0.088423
1.357677,-0.885708,7.620353,-0.076714,0.026196
2.061363,-0.346978,8.063432,0.271139,-0.138961
1.263522,0.460443,9.697883,0.433159,0.180397
1.667981,1.313069,10.16117,-0.909113,-0.062223
1.66843,1.071921,9.979448,-0.85625,-0.313826
3.338657,0.791404,10.692565,-0.487533,-0.490145
4.484075,-0.482147,10.72864,-0.064001,0.259285
2.92372,-0.331261,7.499255,-0.507661,0.325143
2.077081,0.55804,7.360194,0.063506,-0.221295
2.400408,0.367935,9.196725,-0.151052,0.074126
3.561095,-0.12963,11.365116,-0.143324,-0.384
1.838776,-1.415606,9.369167,0.199265,0.090724
1.578168,-1.111289,11.292068,-0.096907,-0.063043
1.481918,-1.160836,9.19927,-0.230803,-0.053607
1.270109,0.244891,6.661747,0.042531,0.071283
1.469644,0.68767,9.678424,0.045407,-0.250349
4.029171,-0.578098,10.451416,0.499527,-0.008683
2.74095,0.762365,6.87655,0.326086,-0.131066
2.951862,0.116009,6.938821,-0.083634,0.284446
0.162113,-0.801882,10.800041,0.119542,-0.153542
3.536546,1.161285,14.078074,0.684458,0.171704
3.264711,0.088466,6.002817,0.127252,0.036962
3.006947,0.103285,7.341034,0.23308,-0.062975
2.430196,0.056582,10.428963,-0.20893,-0.224032
2.126777,0.967588,7.479197,-0.139185,-0.429492
1.195264,-0.779729,10.022857,0.230196,-0.008908
1.124761,0.017663,13.236075,0.003875,-0.304123
4.728218,-1.10141,11.698623,0.205261,-0.326909
2.887346,-0.158221,7.228468,-0.00158,-0.018377
0.377665,-0.286654,10.486144,0.159835,-0.215469
0.751138,0.764011,7.012767,0.092374,0.023546
3.434907,-1.094075,9.712702,-0.39236,0.14347
2.210154,-0.997825,9.232052,-0.058658,-0.016176
2.5486,-0.645607,11.462713,-0.980676,-0.342226
3.196004,0.121398,9.901909,-0.177441,-0.353744
2.008374,-0.792003,8.431816,-0.001841,0.126938
2.570155,-0.300126,8.454718,0.378787,-0.064135
2.868186,-0.202529,6.784941,0.069282,-0.185211
2.307901,-0.494122,10.130334,-0.183723,0.180683
3.787274,-0.686323,8.026309,0.619295,0.466617
0.373024,0.189805,10.599009,0.042122,0.003638
1.768572,-0.800236,8.836275,-0.348004,-0.101896
2.816094,-0.152982,6.327791,-0.487568,0.065288
1.720073,0.030387,6.84766,0.202318,0.00543
2.111958,-0.554896,9.71884,-0.069008,-0.042155
4.337829,0.074695,8.361462,-0.177397,-0.12329
1.683549,1.172212,8.653655,0.394315,-0.118839
2.013313,0.661474,6.04473,-0.084247,-0.168704
1.439407,0.138911,7.45854,0.065672,0.047758
1.654509,-0.987347,9.912088,-0.019864,0.01803
1.285078,2.123484,13.937517,0.239336,0.009119
3.040926,-0.840502,9.904603,-0.387618,-0.416259
2.004033,0.188757,7.363188,-0.123614,-0.262374
2.587519,-0.518671,6.210136,0.355988,0.237074
3.111579,0.973875,9.318871,-0.065471,-0.08931
3.233875,0.247286,8.374335,-0.258292,0.210193
1.26951,-0.609682,8.307724,0.168258,-0.105145
2.714605,0.244741,11.51705,-0.26377,0.169531
3.565136,-0.569416,8.352032,0.027035,-0.463682
0.496068,0.975222,8.111781,0.148276,0.037258
0.872236,-0.457748,11.072924,0.035378,-0.00478
2.832709,0.720003,13.283826,0.077279,-0.048823
2.303111,0.107477,8.540939,-0.015371,0.043933
2.377656,-0.023501,6.681506,0.230106,-0.113961
2.430496,0.332309,12.619059,0.105731,-0.190364
0.652194,-0.731529,8.963959,-0.574383,-0.117314
1.900598,-0.775837,9.777368,-0.085881,0.109207
1.56754,1.383124,10.349778,-0.359346,0.000863
1.289269,-0.443677,8.199798,0.008765,0.010095
3.397784,-0.318687,7.753576,-0.023533,0.000357
1.702859,-0.160915,7.043453,0.373912,-0.26466
2.629133,-0.513432,9.633367,-0.210035,-0.00305
4.163741,-0.710872,11.324251,-0.056542,-0.134266
1.65436,0.828078,8.505463,-0.382631,-0.176257
3.209476,-0.180974,7.980954,-0.010137,0.131641
1.83698,1.311722,9.595346,0.569078,-0.364704
2.180216,-1.324595,9.186097,0.032394,-0.158797
1.757495,-0.70219,9.773775,-0.028502,-0.000671
0.583786,0.898282,10.0504,0.03491,-0.353089
4.200266,0.488883,9.611962,-0.181473,0.082463
3.36156,-0.855321,12.109518,0.209376,-0.071624
2.063908,0.434995,7.336244,0.215423,-0.086682
2.669549,-0.503403,6.598279,0.340636,0.016009
1.629062,-0.69231,7.632478,-0.083915,-0.04894
2.179019,0.137414,8.685838,0.004818,-0.128539
1.695973,0.515827,13.108541,0.190302,-0.01013
1.3225,-0.916394,10.6755,0.331083,-0.051622
2.920577,-0.115709,10.814711,-0.057822,-0.033365
2.355951,-0.072749,11.330089,-0.008438,-0.055385
2.50519,-0.882265,8.837472,-0.021595,0.019138
2.121987,1.352587,8.940159,0.112773,0.095604
1.244961,-0.283061,11.351494,0.036411,-0.425331
1.523831,-0.506547,9.472003,-0.04366,0.024154
1.816323,0.389191,8.038733,0.779477,-0.600457
2.656226,-0.215252,12.176579,-0.687834,-0.418725
0.438588,1.010099,11.07457,0.330482,-0.171056
1.763483,0.588726,13.340408,0.337225,-0.309656
2.314038,-0.47122,7.341184,0.05822,-0.046134
3.182233,-0.011376,12.520713,-0.071013,-0.16477
2.952909,0.128134,8.337961,0.33739,0.688424
3.073259,-0.693358,12.843891,-0.092433,0.200047
1.981579,-0.206421,8.808582,-0.288623,-0.473003
2.301165,-0.684976,7.561226,-0.412836,0.145624
0.035925,0.002694,10.251432,-0.329557,0.108234
1.334176,-1.176404,10.773546,0.328796,0.099269
4.474495,0.138911,9.648037,-0.124928,0.266398
2.472109,-0.459095,12.915742,-0.556456,0.203008
1.167123,0.924328,12.010424,-0.237052,0.045305
3.383264,-0.044158,6.787635,0.091766,-0.244087
2.800526,-0.398471,9.679621,-0.006071,-0.128067
2.432142,1.21652,11.928994,-0.081059,-0.230378
3.674259,-0.837957,12.221785,0.065599,0.005466
0.831521,1.758244,13.452376,-0.28511,0.087177
0.82733,-0.048349,10.956616,0.33064,0.043245
1.677711,0.042512,8.852441,0.36871,0.479494
0.551154,0.59606,7.524553,0.166424,-0.164351
2.405348,0.088167,6.599327,1.119832,0.008809
1.935176,-1.069376,14.350658,0.504277,0.149655
0.77404,0.712967,13.635744,0.288962,-0.521261
2.302961,0.147294,7.327562,-0.079797,-0.171962
1.330733,0.500409,8.462802,0.547741,-0.158562
2.098037,0.901425,7.307654,-0.762796,-0.02943
1.47608,0.924478,11.616743,0.033937,0.035207
3.264412,0.217198,12.985047,0.160684,-0.491202
0.369432,2.14938,13.569881,-0.839738,-0.149203
2.243235,0.264799,6.853648,-1.100245,-0.227083
3.843707,-0.458047,8.494236,0.289171,0.129661
1.860331,-0.032782,7.651339,-0.76472,-0.037127
2.876119,0.513283,7.950267,0.277166,-0.220186
1.055305,0.543071,8.4637,-0.310908,-0.020909
2.304308,0.031285,6.531667,-0.241787,-0.117832
1.767973,1.042732,12.060869,-0.33944,-0.054985
1.912124,0.135768,6.696774,0.247246,-0.031656
3.281776,0.065414,8.812923,0.18211,0.066262
1.624123,-0.643811,9.650432,0.84033,0.433545
1.097069,0.124391,11.836187,0.28126,-0.096652
2.258204,1.318009,10.535691,-0.102227,0.089943
2.633773,1.118624,8.243358,-0.091558,0.150881
3.586841,-0.633333,11.877052,-0.137025,0.005033
1.165327,-0.74066,9.845776,-0.213797,0.072159
3.400928,-0.51942,9.810299,0.224828,-0.00509
1.854793,-0.016017,8.595875,-0.180051,0.412163
2.02454,-0.818797,7.141349,-0.028013,-0.058884
1.488654,0.027243,8.935668,0.052975,0.332009
2.648293,0.246388,14.415173,0.355791,-0.09045
2.751129,-0.90876,10.432256,-0.480551,-0.576906
2.165098,-0.238903,10.384655,0.271832,0.185958
3.650309,-0.483345,12.586127,0.024698,-0.446517
3.079546,-0.021405,6.168223,-0.419785,0.213989
2.720742,0.395927,11.170371,0.026339,-0.05626
0.507145,1.24077,8.080497,0.112535,0.210753
3.362158,-1.162932,11.504476,0.375786,-0.060644
2.87552,-0.830922,9.188193,-0.137579,0.037177
0.54322,-1.0821,11.217673,0.043803,-0.10698
1.930386,-0.300425,9.596694,-0.099056,0.202752
1.990561,-1.038989,9.391171,0.05749,-0.003251
1.502875,1.206192,6.560108,0.310223,-0.089757
3.76527,0.583187,9.270073,-0.059676,0.275422
0.939446,1.461112,7.012617,0.291229,0.104975
0.457898,-0.82239,11.491453,-0.329815,-0.085312
2.859354,1.332978,9.48757,0.156889,-0.098585
1.806743,0.304317,7.482041,0.156004,0.123491
0.962049,0.193248,12.420871,-0.174547,-0.166577
2.093846,-0.498164,7.736212,-0.034352,0.014643
1.7069,-0.205074,11.472892,-0.023491,0.278565
2.282454,-0.183668,7.897427,-0.240014,-0.183432
2.626588,0.172741,13.214371,0.230506,0.285676
2.439776,-0.910556,9.435928,0.657668,0.399944
3.719765,0.568069,10.90183,0.196428,-0.164839
3.310815,-0.436193,12.120894,-0.111527,-0.178095
0.272733,-0.240101,8.899144,0.171653,-0.141217
0.463137,-0.902773,10.619217,0.441056,-0.200244
3.003654,-1.347797,11.049572,0.24113,0.072481
2.23141,-1.864074,9.830956,0.607601,0.356606
1.479673,0.807571,6.76593,-0.058498,-0.131625
3.470084,0.502505,11.415711,-0.341589,0.145926
2.135759,0.393382,6.478528,0.073589,-0.014588
3.228786,-0.077389,9.655222,0.072926,0.183478
3.118315,1.478475,13.87809,-0.001983,0.116597
3.184478,-0.08637,9.282198,-0.066546,0.224721
2.014511,-1.733695,11.215128,-0.299209,0.127028
1.454675,0.126487,7.249125,0.224174,-0.014425
0.87029,-0.580643,10.034084,0.003465,-0.046402
2.103725,-1.190474,9.515712,-0.017235,-0.508324
3.089126,-0.000299,11.130704,0.092814,0.356303
1.165776,0.521815,10.561437,0.200183,-0.246938
2.721191,-0.909509,7.385342,0.297672,-0.173813
0.474813,0.949326,7.597002,0.176598,0.258237
3.028053,-0.790955,9.448202,-0.108279,0.117244
3.672313,-0.910706,12.157718,-0.258171,-0.149064
2.932701,-0.103435,7.502848,-0.090329,0.254841
1.200953,-0.501457,8.32389,0.170348,-0.33226
1.994752,-0.044308,7.615863,0.047511,0.000422
1.146466,0.766706,6.917265,-0.367516,0.049623
1.934727,1.028362,7.946226,0.139524,-0.199636
-0.570164,0.633932,11.274405,0.144803,-0.030246
1.160237,-0.767604,7.275171,-0.161403,-0.006351
2.123634,-0.600102,12.361444,-0.400997,-0.106057
1.999991,0.347128,7.624096,-0.738071,-0.417313
1.754801,-0.898132,9.861194,0.786,0.448825
0.821791,0.340841,12.626244,0.326335,-0.003418
3.272046,-0.075293,11.043285,-0.18358,-0.35891
2.479444,0.145497,8.156538,0.427003,-0.102503
1.441353,1.034499,8.905581,0.162367,-0.059699
2.865641,-0.610281,10.662178,-0.317732,-0.517485
3.512745,-0.12514,11.360925,-1.180921,-0.07134
3.342849,0.105081,11.145972,-0.672722,0.019788
1.328038,0.512534,9.784254,0.048852,-0.091784
4.069138,-1.403931,12.05099,0.276737,-0.225373
2.108665,1.384321,10.368189,-0.225997,-0.126516
3.09676,-0.323926,8.943302,0.264328,-0.108501
2.530638,-0.10089,7.199429,-0.846947,-0.091135
2.306853,-0.589025,12.258758,-0.553695,-0.176371
3.108735,-0.058079,8.533754,0.440242,0.007798
0.172292,0.661624,12.531191,-0.209392,-0.198755
2.850373,-0.069605,7.08806,0.062711,-0.130843
1.758992,-1.55811,10.668615,-0.259763,0.308116
3.325784,0.120799,11.783945,0.395978,-0.11905
2.138154,0.010329,9.388926,-0.778166,0.048001
1.236429,-1.113235,13.437107,0.141722,-0.028638
1.236429,0.102836,6.402187,-0.252289,0.262643
2.305057,-0.06242,7.798184,-0.063748,0.090898
3.506758,-0.60579,9.850865,0.106562,0.01029
2.442022,-0.741857,9.975556,0.144643,0.487349
1.689088,1.629362,9.303902,-0.898279,-0.331561
0.754581,0.777184,12.509935,0.012178,-0.269606
0.32228,-0.370629,12.238101,0.532982,0.184743
1.046025,-0.695753,9.684561,-0.003256,-0.088177
2.221081,-1.105152,8.522378,-0.030312,-0.035997
1.784739,-0.621358,6.787186,0.132646,-0.005757
3.076253,-0.986898,9.308543,0.164534,-0.004353
1.496139,0.466879,13.626164,0.420036,-0.118402
2.434088,-0.113165,6.485713,0.035909,0.241265
1.763333,0.731828,11.277848,-0.324302,-0.028719
3.141068,-0.033979,12.241693,0.342348,-0.227552
1.469943,-0.414937,10.635683,0.036279,-0.333161
3.139871,-0.762664,5.690267,0.219263,0.243438
2.045496,0.740809,6.620882,-0.301837,-0.201752
3.140619,-0.829126,8.214618,-0.205872,-0.063384
2.507735,-0.684527,9.37231,-0.02127,-0.009335
3.919749,0.049397,8.924741,0.09957,0.027041
2.204466,-0.05269,6.868168,-0.52327,-0.508823
3.754343,-0.249531,11.003019,-0.024737,-0.054889
2.296075,0.132774,7.079977,-0.192596,0.408614
2.338587,-1.352138,10.013577,0.221557,-0.168146
2.728676,1.124462,11.602073,-0.776145,0.175214
1.003962,-0.0964,8.133935,-0.330188,-0.177742
0.92822,-0.779878,10.656789,-0.107826,0.238819
1.922153,-0.48574,7.845934,0.169512,0.007394
3.988306,-0.411794,9.651031,0.31821,-0.034192
2.07244,0.781974,11.735745,0.055368,-0.027017
0.919089,-0.531545,8.45412,-0.133265,-0.078439
2.627486,0.200134,8.961265,-0.006361,0.026527
2.324516,0.354762,12.646751,-0.573885,-0.1385
2.131268,-1.584305,10.825788,-0.24813,-0.011097
1.015638,-1.111738,9.580827,-0.151681,-0.482562
0.837209,0.655786,7.810757,0.226417,0.419068
1.027164,-1.015339,12.70468,0.100808,0.155353
3.232977,0.275727,10.101743,-0.196359,-0.168003
1.84192,1.291365,10.632689,0.738878,-0.01296
1.32235,0.873434,6.2275,0.076687,-0.151776
2.339934,-0.056732,9.139844,0.193929,0.477886
1.466351,-0.602946,9.839339,0.393951,0.103321
1.424737,0.046104,11.83439,0.254714,-0.058407
4.274511,-0.49038,10.991493,-0.02411,0.137401
3.403772,-0.353714,8.31446,-0.10549,0.009262
3.490142,0.045954,11.909833,-0.321057,-0.087112
2.339934,0.482596,6.137088,-0.768241,-0.78664
3.590733,0.419128,11.969559,-0.655073,0.308093
2.92881,-0.006437,8.522976,-0.233463,-0.093892
3.873645,-0.726589,9.520502,0.063964,-0.022081
2.516118,-0.097597,6.358328,0.175208,-0.289068
-0.166604,1.454076,13.842464,0.125001,-0.134561
3.147355,-0.166005,12.316089,0.676316,0.11144
1.940714,-0.74036,10.134675,-0.343414,0.113691
2.575394,-0.091609,7.378606,-0.638874,-0.429098
3.894302,-0.324675,8.741522,-0.134448,-0.243254
1.995351,-0.520917,8.812325,-0.041134,0.23374
2.514172,-0.260907,8.083041,-0.016934,0.052265
0.422871,-0.993484,11.200758,-0.265696,-0.323722
2.30805,-0.330812,8.75185,-0.416174,-0.455228
1.904639,-0.779429,9.796079,0.205341,-0.081898
1.638942,1.109193,6.932085,-0.109778,-0.334382
3.518433,-0.970582,8.242909,-0.132133,-0.334121
2.20237,0.419278,7.770192,-0.256441,0.069788
1.227897,-0.163011,12.562476,-0.179441,0.02374
1.60601,1.409469,11.799513,0.064069,0.129506
2.155069,0.556842,11.054213,-0.038441,0.179762
1.075214,1.200803,12.887151,0.07924,0.166695
2.209555,1.536106,9.957443,0.0023,-0.222717
1.969604,1.468746,9.536818,-0.707405,0.069691
2.722389,0.419278,8.155491,0.028934,-0.164585
1.046025,1.438509,9.902957,-0.211543,0.256905
2.663411,-0.478705,8.539442,-0.048098,-0.247904
3.516188,-0.160766,6.579717,0.075116,0.127194
-0.370779,2.806065,8.549172,-0.197393,-0.104987
1.704356,0.610431,7.552245,-0.314454,0.108261
3.708987,0.10119,9.354198,0.082731,0.078892
1.00486,0.627944,10.096355,-0.079936,0.316018
2.55339,-0.277972,10.720407,-0.670033,0.233848
1.426833,-1.001268,8.731343,0.096624,-0.047446
3.503465,-1.126857,11.747122,0.125201,-0.150313
1.309477,-0.171843,7.977361,0.312069,0.241451
1.541644,-0.128134,12.51278,-0.20015,-0.44277
1.324146,0.153581,7.573651,-0.262766,-0.197887
2.893633,0.897534,11.222463,0.279977,-0.07153
1.380729,0.682431,9.76195,0.085845,-0.198945
4.652325,-0.576601,11.535761,-0.30138,-0.149189
3.624862,0.09146,6.771768,-0.042721,-0.039561
1.716181,0.292641,6.725963,0.250448,-0.131332
0.798739,-0.349224,11.189082,0.192223,-0.226971
0.705483,0.997975,13.529765,0.107602,-0.236162
1.928739,0.253423,7.856113,0.267021,-0.269692
2.695445,-1.030307,9.405391,-0.047227,0.05575
2.802772,-0.079634,7.299421,-0.212381,-0.179113
2.269131,-0.006586,7.858508,0.004183,0.011004
2.626588,0.439336,7.801776,0.150641,0.225153
2.993625,-0.82718,12.202026,0.099523,0.7123
3.513045,0.114811,8.608449,0.099734,-0.017191
-0.031584,0.017514,13.152699,0.141765,0.066229
0.80802,-0.246238,10.269095,-0.006779,0.221722
3.280728,-0.093555,8.899593,0.169057,-0.007723
2.487827,1.069376,11.656859,-0.114936,0.069809
0.815953,-1.900298,13.141472,-0.049861,0.028195
1.792971,-0.956212,9.753567,0.358171,-0.727073
2.956951,0.042661,8.144563,-0.093125,0.195735
4.025279,0.130978,11.311677,0.109103,-0.057333
2.225722,0.868344,8.297695,0.019609,0.143472
3.109184,-0.276774,11.918216,-0.128027,-0.197093
2.620002,-0.526156,9.190289,0.536824,-0.065691
2.128723,-0.194146,6.884184,0.193629,0.673575
1.279988,0.92822,10.588531,0.39065,-0.222767
1.139431,0.096849,6.844966,-0.154042,-0.318027
1.360221,1.426234,13.805791,-0.040359,-0.211376
0.836461,0.781674,6.120173,-0.132506,0.379496
2.061663,0.85577,9.849218,-0.148868,0.297288
1.670376,0.640817,7.730225,0.132862,0.076061
3.716172,0.063468,11.289972,-0.762582,-0.314581
1.106798,1.077759,9.003028,-0.128981,-0.089246
4.699477,0.156724,9.870325,0.042941,-0.057304
4.644542,0.648751,10.628648,0.070086,-0.014629
2.998714,0.286504,7.823032,0.018333,-0.049658
2.616409,-0.081131,6.441255,0.105514,-0.31009
3.039729,-0.629591,9.329649,-0.064898,-0.19656
3.3662,0.532443,9.82931,0.230524,0.059524
2.964136,-0.325872,12.262799,-0.103685,0.140117
1.244961,0.717159,11.706107,-0.088473,-0.067042
1.659599,1.2743,12.94074,-0.150222,-0.163507
0.916095,-0.000449,7.29014,0.076583,-0.326763
2.088158,0.074844,7.604786,-0.561376,-0.168793
-1.719923,-0.042212,11.551329,0.479518,-0.128136
0.940644,1.022374,11.700269,-0.248519,-0.062408
1.783242,1.315165,9.228459,-0.182667,-0.211925
2.129322,0.56732,7.890092,-0.186666,0.064043
2.600692,0.22618,11.021131,-0.04721,-0.266435
1.210533,0.881217,12.235855,-0.602425,0.427878
3.537144,0.198787,10.102192,-0.050003,0.2524
3.309169,-0.734523,11.164234,0.098891,0.138937
2.52465,-0.670306,8.816965,-0.192183,0.287796
-1.177601,-0.242795,14.548546,-0.270287,-0.316816
1.620829,-0.271236,10.725197,-0.221861,-0.109375
0.484243,-0.080233,8.825497,0.111018,-0.001377
1.441353,2.849624,6.775061,0.131671,-0.37134
-0.767454,1.351689,13.578114,0.132856,-0.18044
2.485282,0.985551,12.832964,0.212646,-0.038262
1.844764,0.578098,6.83793,0.318195,0.028644
2.121538,1.038989,8.032446,0.410565,0.749527
1.335972,0.707429,5.591772,0.041796,-0.043646
4.491111,-0.511636,12.556638,-0.004471,-0.271111
1.186732,1.172961,10.564731,-0.185446,-0.652664
1.01953,0.656684,7.41049,0.064669,0.087856
1.870211,0.283211,7.995174,0.020606,-0.188373
3.29884,0.736618,12.131073,-0.163327,-0.070789
0.205972,-0.295036,9.754915,0.252286,-0.003455
1.722169,-0.69231,9.342971,-0.687741,0.146391
0.483944,-0.508642,11.186088,0.438056,0.438805
3.992348,0.015119,9.761501,-0.142958,0.207743
0.889301,-0.713117,9.917626,-0.105674,-0.244559
2.211501,-0.159119,6.416257,1.012669,0.314558
1.828448,0.617167,8.524922,0.220998,0.092583
3.392545,-0.086071,7.985294,0.03644,0.019684
1.83234,0.059726,11.15181,-0.228472,-0.048252
0.765358,0.099393,11.319012,0.06914,0.517427
1.986369,-0.008981,6.487509,-0.040403,0.111165
2.629731,0.467478,6.895411,-0.202527,-0.155796
1.707948,-0.574206,8.403824,-0.308959,0.289371
2.465822,0.104782,13.560601,0.210123,0.213882
1.304986,-0.630489,8.674012,0.438317,0.15072
-0.085622,0.825234,8.104447,0.268307,-0.248542
-0.194296,1.837728,11.150163,0.269879,-0.085302
1.239872,1.104403,8.374635,0.08211,0.334373
1.739084,0.089214,6.569838,0.12146,0.110661
1.723217,-0.4811,12.475956,-1.079835,-0.33864
1.970053,0.633782,14.097684,-0.374448,0.097277
1.80345,0.370031,8.589738,-0.808563,0.017129
1.316363,-0.493075,10.957514,0.108565,0.348167
0.014969,0.046254,9.042546,0.140547,-0.211394
1.998943,0.459993,9.031619,0.01173,-0.010367
4.293971,-0.00943,9.445658,-0.063524,-0.052969
1.307381,1.162034,8.782836,0.120995,0.249273
2.783162,-0.063019,6.869365,-0.17091,0.304684
2.312092,-0.445324,9.4732,0.045356,-0.000665
2.149829,-0.457449,9.065897,-0.238516,0.155658
4.802463,-0.010927,11.616443,-0.14767,0.224134
3.869154,-0.754281,11.725117,-0.422059,0.601136
3.115022,-0.224832,7.37202,0.317303,0.055306
1.397793,-0.02889,8.354427,0.23538,-0.067883
1.824855,0.326471,7.930059,-0.06651,0.187729
4.424649,0.13487,9.974807,-0.499371,-0.534314
1.883084,0.410297,7.248826,-0.26662,-0.03669
1.958378,1.239722,7.833959,0.158746,0.278461
-1.095721,0.487985,13.625565,-0.151402,-0.041439
1.75525,-1.19751,8.64632,-0.016484,-0.090058
1.699865,-1.612746,9.782158,0.179519,-0.017988
1.83204,1.249452,12.044703,0.014552,0.235408
2.275418,0.251477,7.181167,-0.297256,0.273249
2.726131,-0.530946,8.398735,-0.431084,-0.535499
3.917653,-1.488355,10.85827,0.162359,-0.183238
3.901786,0.717907,10.02645,0.125305,0.2768
1.14946,1.624272,10.886561,-0.35309,0.087706
0.534389,-0.731229,9.166638,-0.019688,-0.001203
1.719774,-0.777334,9.486074,-0.749833,0.00581
3.203937,0.319136,10.846445,0.084469,-0.051911
2.793042,-0.4567,7.372319,0.231278,-0.181091
3.7027,0.014819,10.995385,0.242449,-0.189026
3.119214,0.053589,11.662398,-0.503292,-0.481384
2.243984,-0.202978,7.19868,-0.210647,0.385506
2.067351,0.018112,12.12778,0.137931,-0.132403
0.155676,1.579665,11.398796,0.044616,0.012693
0.647104,2.90471,6.108946,0.019736,0.120906
2.556234,-0.099842,11.101664,0.175865,0.165216
3.233875,0.247286,8.374335,-0.453843,0.000499
1.24077,-0.274679,11.92091,0.10102,-0.036542
1.830992,0.653391,10.617271,0.131282,0.038252
2.859803,-1.080753,10.056238,-0.796922,-0.550392
1.761387,0.184417,7.624096,-0.165871,-0.320586
1.383723,-1.232836,11.219469,0.32904,0.110061
2.071243,-0.149389,10.267149,-0.135292,0.012423
3.046615,1.194366,12.644955,0.540598,-0.520088
1.177601,-0.887804,9.101224,0.121067,0.126085
1.377436,0.744701,10.725197,0.197446,-0.245803
1.656755,-0.659529,9.074579,0.23408,0.045982
4.542454,0.619562,12.946877,0.213261,-0.509022
1.861679,0.117655,8.766819,0.030048,0.194843
2.712958,-0.479902,8.975186,-0.737373,-0.538194
5.838309,-0.166604,9.210646,-0.288126,0.290936
3.262166,0.166604,6.967262,-0.714677,0.107395
1.214425,0.321831,7.53548,0.113172,-0.114848
2.618954,0.173489,7.120692,0.251838,0.013418
3.339855,0.120948,8.618178,0.299525,-0.25784
2.94318,3.857179,8.895103,-0.197113,-0.05597
1.717678,-0.969833,11.050171,-0.197175,0.331681
2.152374,-1.462908,10.03124,0.164492,0.242963
1.623823,0.859662,9.265732,0.227941,0.344189
2.1157,-0.115709,11.290871,0.118069,-0.031946
1.29376,0.433349,7.218289,0.015628,-0.069761
3.892505,0.902174,9.125324,0.079084,-0.034272
0.479303,-0.713416,10.192904,0.09166,-0.056144
0.324525,0.253423,14.134657,0.066384,-0.058558
3.5343,0.108375,11.86807,0.082897,0.293747
0.605491,-0.407602,9.814491,0.009531,-0.01206
1.416205,0.01946,9.294173,-0.298562,-0.240614
3.220104,1.095272,11.331286,0.17384,-0.032288
1.709745,1.425186,8.209379,0.06613,0.018136
1.946402,-1.422642,10.469079,0.178091,0.195124
2.650987,0.027992,7.25167,-0.22321,0.092081
2.14459,-0.007484,6.7562,0.04722,0.000196
1.821263,0.260608,7.174281,-0.069945,0.073499
3.83757,0.022753,12.328962,-0.836932,-0.036624
2.690505,-0.74545,10.543624,0.359054,-0.368851
2.49082,-0.246687,8.41086,-0.078072,0.055718
2.210304,-0.6974,7.386989,0.600374,0.401608
3.670218,-0.058678,8.056097,0.112604,-0.234116
2.55369,-1.105751,9.326505,0.50462,0.492785
-0.209115,1.269809,10.311308,-0.171661,0.069141
2.376009,0.121996,8.305179,-0.018614,-0.033825
0.222887,-0.087269,9.912686,-0.249998,-0.007213
2.025737,-0.299078,7.351213,0.00221,-0.081639
0.338895,2.008523,11.583362,0.146107,-0.20037
1.743125,-0.537532,8.029004,0.079116,-0.333951
2.290088,0.523911,7.337741,0.008966,-0.261496
3.117717,-0.473016,6.611302,0.210666,-0.467343
1.977089,0.997975,8.542586,-0.022535,-0.050551
1.660048,1.181493,12.2866,-0.018003,0.011086
1.684747,-1.305884,10.081086,-0.613435,-0.276318
1.364263,-0.803679,10.32927,0.110477,-0.320772
0.999621,-0.183668,8.527018,-0.077647,0.075774
2.425706,0.312999,9.123228,0.226468,-0.114829
0.906665,-0.576451,10.258467,-0.225745,0.312739
1.598526,1.870959,11.111394,0.084721,-0.341009
1.506018,0.424966,11.768078,-0.192856,-0.033003
2.748584,-0.49068,7.896379,0.01495,0.577407
3.77021,0.277673,11.10825,0.210547,0.181166
2.258503,-1.036744,9.61765,0.584364,0.404923
5.3617,-1.72636,9.512868,0.010501,-0.377697
2.830763,-0.379461,6.278843,0.270593,-0.064693
2.007326,-0.05763,6.842421,-0.045354,-0.506081
4.021537,0.207469,9.21379,-0.156149,-0.199373
1.038241,0.462089,8.916358,0.039359,-0.062555
1.686393,0.494721,11.624976,-0.307186,0.110098
3.776946,-0.755778,11.494297,0.194686,0.635005
3.455863,-0.503703,7.455546,0.127567,0.033032
2.887346,-0.276176,8.575966,0.07947,-0.006526
1.942361,0.238903,8.147407,0.300184,-0.04676
1.827999,0.077539,6.849456,0.118067,-0.03867
3.25543,-0.065414,7.700437,-0.145021,-0.133587
2.373764,-0.53873,8.81936,-0.025114,0.202193
3.372337,-0.089214,10.846894,0.168259,-0.222488
2.440226,0.807571,11.216475,-0.053348,0.063086
1.427132,-0.112416,11.808793,0.050543,-0.008699
3.982319,0.017364,10.35322,0.182247,-0.152109
1.766177,0.067061,7.702982,0.689195,-0.349013
1.085692,-0.475411,11.383827,-0.139375,0.361737
3.818859,-0.611478,9.231603,0.086385,-0.07851
1.897005,-0.920286,8.904832,-0.149219,0.026559
2.181563,0.494871,8.441246,-0.033321,0.024879
3.368745,-0.459993,11.898756,-0.20156,-0.088734
3.793561,-0.548909,8.681497,0.244609,0.116293
2.073189,-0.889151,9.224567,-0.188294,-0.946707
0.036674,1.241818,13.813275,0.120021,-0.130465
0.897833,0.079784,7.934849,0.218917,-0.184701
1.405727,0.950074,7.380402,0.355943,0.251956
1.963467,-0.850831,9.55044,-0.5014,0.000569
2.527344,-0.103734,10.235715,-0.20005,0.023793
1.216071,-0.662223,7.466473,-0.08112,-0.290637
-0.298779,0.527952,10.751991,0.03932,-0.291664
1.178948,-0.161215,9.910142,-0.217654,-0.580868
2.344574,-0.13457,6.822513,-0.068451,-0.080872
0.980162,0.364193,11.681857,-0.337882,0.545651
0.915646,0.619113,9.934541,0.340218,0.175053
0.340692,0.805475,13.686788,-0.670325,-0.323268
-0.058828,0.110171,11.872711,0.009255,0.031326
1.802701,0.43769,11.712544,0.044862,0.006926
1.275498,0.520318,7.279812,0.257737,0.232219
2.595004,0.179477,6.49679,0.618391,0.951592
0.248034,0.472867,11.109597,0.024163,0.256634
1.85614,0.422721,9.373208,-0.399511,-0.143611
2.506538,1.791624,7.085815,0.307659,-0.106422
1.515149,-1.967658,12.962594,-0.010039,-0.653434
2.521956,0.185015,7.69879,0.887954,0.320151
1.943558,-0.915197,11.116633,0.100187,-0.102207
4.466412,0.185315,10.220746,-0.799034,-0.705483
4.06839,0.78407,12.229718,-0.14584,-0.532666
2.378404,0.063618,7.469916,-0.036113,-0.119832
2.494862,-0.369731,7.404951,-0.179903,-0.089371
2.07753,-0.421823,6.936725,-0.032565,0.22586
1.4186,0.911455,9.236543,0.067495,-0.03577
1.838477,-0.94259,10.314601,-0.23965,-0.190261
1.588048,0.525707,12.191697,-0.771096,-0.121528
1.100661,1.154998,9.061107,-0.029547,-0.023697
1.581012,0.8896,13.683196,-0.175315,-0.166451
3.070265,-0.109572,9.120234,-0.006338,0.32321
1.773811,-0.113165,12.338841,0.211699,-0.127248
2.81804,0.113314,13.429324,-0.468261,-0.26352
2.158362,0.310903,12.406501,-0.249561,0.045362
2.091301,-0.390388,7.85776,-0.216654,0.150502
2.251767,0.12484,8.11253,0.150532,0.012262
0.986748,-0.010179,7.585027,-0.200573,0.115442
0.853525,-1.16877,8.318202,0.078311,-0.020041
4.286337,-1.113235,11.160791,0.316919,-0.169588
1.823508,0.639171,9.763746,-0.158008,0.456206
3.459456,-0.211211,12.419823,-0.085705,-0.061224
2.781516,0.788111,9.657018,0.347992,0.678413
3.017425,-0.494272,13.23383,0.212677,0.18198
1.596281,-0.831221,9.070687,0.038542,0.283066
0.003143,-0.273332,11.462114,0.257268,-0.379489
3.281027,0.577349,11.73829,-0.179538,-0.068632
1.129252,0.789608,6.765331,-0.109126,-0.014973
2.296075,1.599574,9.393566,0.030892,-0.301953
0.612826,0.580343,7.797585,0.106011,0.118471
3.028802,-0.621657,8.673563,-0.144561,0.145953
2.840793,-0.31749,9.62708,-0.288001,-0.233944
1.242566,-1.061293,12.32986,-0.080864,-0.225998
2.753674,-1.062341,10.973381,-0.434416,0.099144
2.492317,0.724044,8.654702,0.163143,0.010666
2.2603,-0.231568,8.973539,0.212442,-0.163665
1.003663,0.063019,10.811567,-0.082437,0.292709
1.93802,-0.397274,12.063564,0.017915,-0.054807
3.192262,0.425266,9.613758,-0.126556,-0.145893
1.679957,-1.564996,8.866213,0.424892,-0.043032
2.648742,0.306263,8.124206,-0.268167,0.181151
3.281326,0.190105,8.475675,-0.173707,-0.29625
1.88967,0.75982,9.628128,0.085459,-0.025871
3.866011,-0.436343,8.515193,-0.04653,0.374326
1.87081,-0.430355,6.720275,0.145961,0.198246
2.839445,0.966989,10.654394,-0.173855,-0.180295
3.827391,0.035177,8.894803,0.028122,0.126091
2.462978,0.946182,7.676487,0.171844,-0.378503
2.582879,0.696502,10.631342,0.270333,0.183551
2.289788,-0.473765,6.433472,-0.27313,-0.469712
1.670676,0.962648,8.558902,0.00907,-0.01207
1.131647,-0.39413,11.112142,0.066594,-0.068886
3.420986,0.339344,8.431367,0.056763,-0.119667
0.901575,-0.920436,13.810431,-1.150282,-0.420033
1.451082,0.784668,7.219188,0.01383,0.353724
1.743874,0.192051,7.411538,-0.062949,-0.380158
1.465153,0.492476,7.101233,0.214902,-0.16984
2.985991,0.383652,10.110425,0.217601,-0.066824
3.46709,0.733774,8.140971,-0.156762,0.075201
2.443219,-0.352966,11.233091,0.138912,-0.062575
2.180366,-0.611927,6.762787,-0.555567,0.075121
1.539249,0.555195,7.033723,-0.079704,-0.081521
1.075963,-1.045426,10.751243,0.395708,0.085948
0.525407,-0.803379,10.280023,0.080085,-0.112415
2.507585,0.272284,6.877598,0.28549,0.25157
2.026935,-0.031135,7.599996,-0.105804,-0.096966
1.872007,1.419049,9.950408,-0.870788,-0.404879
1.629212,-0.339793,9.856404,0.508656,-0.037223
2.419269,-0.280666,12.532838,-0.514903,0.094711
2.357597,0.72629,11.393407,0.341433,-0.477541
1.480571,1.58685,10.105036,-0.278954,0.375721
1.446143,0.371677,7.542366,0.135205,0.00862
2.063309,-0.103734,6.752608,0.116577,0.116733
4.171076,-0.477208,11.511063,-0.011473,0.120994
1.098865,-0.49517,8.212971,0.225253,0.445714
2.234853,0.013771,9.220376,-0.026221,-0.236923
3.308121,-0.625549,7.986492,0.300451,-0.03001
1.063239,0.62974,6.493048,-0.830804,0.097181
3.490442,-1.166524,8.613538,0.434173,-0.113135
2.334246,-0.490979,7.600295,0.628389,0.427051
2.453398,0.242795,6.616541,-0.032493,-0.189425
3.471581,-0.796494,11.061847,-0.262081,-0.297483
1.002316,0.094454,6.56864,0.006708,0.044174
1.547781,-0.70219,8.2471,0.188299,0.462197
1.837579,-0.524809,13.867163,-0.187003,0.034584
2.082919,-0.08158,6.286926,0.219519,-0.212509
3.563789,-0.214803,8.051607,0.299259,-0.647479
2.355202,0.075593,6.589148,0.274107,-0.152913
0.012125,0.465382,9.820927,-0.068003,0.104615
4.3522,-1.498085,11.755804,0.773099,0.218774
1.639241,0.448018,9.947564,0.28937,-0.168008
0.810265,-0.339943,13.21931,0.270454,0.060151
2.467619,-0.130079,6.356382,-0.070053,-0.231472
2.77957,-0.144749,6.32375,0.101117,0.23338
2.725981,-0.75997,7.219786,0.048091,0.033006
1.392854,0.364342,7.10722,-0.244279,-0.153357
-0.579146,-1.809737,13.51779,-0.179971,-0.229355
3.414699,-1.035247,12.038566,0.280396,0.050683
2.982398,-1.161285,9.530831,0.058407,-0.109414
1.69747,1.396596,7.657776,0.143877,-0.157387
0.578248,1.756597,12.636572,-0.060619,0.213442
2.24114,-0.126786,7.671547,0.114267,-0.033436
2.018103,0.960403,12.273427,-0.112722,0.368631
1.717678,-0.779429,10.756482,0.40987,0.836507
2.069596,0.640069,9.347162,-0.016055,-0.002617
2.204915,0.169448,7.316934,0.092586,0.063962
4.293222,0.292492,11.702514,-0.268468,0.123174
2.25072,0.464185,12.941638,0.865525,-0.192051
2.261497,0.006586,7.317234,-0.483682,-0.037579
0.905617,1.282982,10.718161,-0.252944,-0.012269
1.58685,-1.314117,9.198222,0.042424,-0.273963
3.456762,-0.397124,13.079052,0.122004,-0.131706
-0.121547,-1.142424,10.172097,-0.008995,0.018638
1.700464,-0.316292,7.532187,0.056936,0.011123
1.951043,-0.449515,10.51189,-0.878595,-0.238834
2.244732,-0.250429,10.422975,0.151441,0.184264
0.418081,-1.086441,11.323652,0.006621,-0.012998
1.412912,0.654589,8.580457,0.283966,-0.26895
3.039729,0.992436,12.984898,0.354811,-0.12895
3.974834,0.227078,11.548634,-0.509009,-0.293276
3.783981,-0.701741,9.421408,0.149004,-0.186339
1.076561,0.936902,7.655979,-0.023915,0.186144
0.739911,0.734223,10.369836,0.15237,-0.18932
1.737287,0.977318,13.787229,-0.167814,-0.12454
1.366808,0.866997,7.060967,-0.175553,0.331974
1.193019,-0.675096,9.993967,0.068611,0.042702
3.056195,-0.127235,6.465655,-0.051972,0.509357
2.728676,-0.561183,12.986844,0.429539,-0.169243
0.193398,0.718506,10.274933,0.290863,-0.327482
1.184337,-0.329914,11.889775,-0.122214,0.323249
1.305286,0.159718,8.562195,-0.020303,-0.15975
-0.272733,1.154399,12.502002,-0.045363,-0.146783
3.30378,0.255668,12.604239,-0.161486,-0.275017
2.91878,-0.434397,9.024434,-0.082314,-0.224983
1.318907,-0.620909,9.76674,0.013419,0.015687
1.665736,-0.282163,8.275541,0.015404,0.02536
1.182391,0.388592,9.465267,-0.101739,0.407721
3.146008,-0.331111,6.781198,0.196549,-0.085085
4.268524,-0.246687,9.137748,-0.138795,-0.018383
3.128195,0.28351,8.796907,0.178385,-0.088088
1.527723,0.054337,6.371949,0.26426,0.082598
1.631008,0.804876,12.798685,0.077913,0.159289
1.636247,0.200433,8.330177,-0.358737,-0.123619
2.127376,-0.040715,6.827153,-0.014122,-0.033127
2.274819,0.049547,6.471942,-0.295831,-0.034373
1.010399,0.536185,12.612173,-0.545975,0.283654
1.805246,-0.428858,9.784852,0.090433,-0.048917
1.51021,-0.287702,8.483309,0.024252,0.01
2.788252,-0.229622,6.805897,0.142073,-0.121096
3.116369,-0.109722,12.659624,-0.058518,-0.356533
1.406026,0.911155,10.002799,0.196953,0.242222
2.191443,-0.121547,7.468868,-0.027796,-0.02559
1.468446,0.340093,7.885602,-0.141295,0.104691
1.977388,0.811762,6.92969,-0.496623,0.311793
1.721271,0.339195,7.595355,0.070228,-0.087509
2.163601,-0.319286,6.873407,0.100367,-0.492384
4.665947,-0.352218,10.421628,0.001181,-0.12197
-0.330962,0.895139,10.716665,-0.251619,-0.369279
3.294948,0.797092,12.659175,-0.504033,-0.56197
2.429747,1.277593,7.3093,0.011014,-0.10372
1.734144,-0.04341,7.701335,0.093461,0.233936
2.317032,-0.519869,13.207485,0.484511,-0.244811
3.251389,-0.844394,9.368568,-0.200135,0.080263
0.290246,0.839604,10.332563,-0.172252,-0.06305
1.475332,-0.268991,13.294304,-0.751758,0.011449
-0.521665,0.620011,11.497142,0.214054,-0.463499
2.493664,0.046254,6.596033,0.356995,-0.101365
3.1496,-0.288001,8.063881,0.016706,0.194783
1.296604,-0.048948,9.605675,0.191879,-0.003756
0.07679,0.738564,9.831256,0.372718,0.037562
1.468297,0.623154,10.20428,-0.502944,-0.06493
1.46186,1.020428,13.064682,-0.041315,0.249673
3.401077,-0.270338,10.492431,0.463583,0.171545
3.050057,1.623973,12.625046,0.633634,-0.593726
1.395398,0.569266,5.749843,0.474552,0.673383
0.979862,-0.888552,11.736644,0.004068,0.11904
1.311722,-0.37497,9.692345,-0.012423,-0.016933
2.372716,0.003742,7.426507,-0.378669,-0.141198
2.020349,-0.966839,9.356144,0.126509,-0.178776
0.767753,0.90891,9.573941,0.258172,0.040042
0.843346,-0.561033,9.8341,0.623879,0.125348
2.045047,0.094603,9.049132,0.07646,0.152651
2.367327,-0.755479,8.830437,0.074775,-0.026539
3.587739,0.081431,6.866371,0.218824,0.149802
2.558629,-0.084424,6.678512,-0.061261,0.588481
3.498674,-0.42317,9.547446,0.051796,0.212078
2.358046,-1.438658,9.851164,-0.125451,0.050753
2.036665,-0.288899,7.754325,-0.15672,0.10538
0.329615,1.05815,11.136242,-0.184706,-0.531163
2.237846,0.364043,13.126054,0.001381,-0.15794
1.982178,-0.261207,13.530663,0.259896,0.09179
4.460874,-0.582738,8.792566,-0.80664,-0.319395
2.53917,-0.766107,6.702312,0.013549,0.156322
1.866768,-0.382006,6.917116,0.089364,0.312362
0.371378,1.953737,10.020911,0.122099,-0.298775
1.788481,0.048649,6.286178,0.322508,-0.304007
3.097359,0.21181,12.016561,-0.095114,-0.317453
1.356329,0.807421,9.225765,0.208137,0.032825
2.256408,-0.310454,9.800869,-0.488947,-0.230042
2.67838,0.583187,6.635102,-0.070896,-0.141152
3.830684,0.254022,10.43525,0.10625,0.005135
2.680476,0.296833,6.624624,-0.401225,-0.127016
1.665586,-1.00516,12.140055,0.114216,0.007219
0.506696,0.814157,9.661958,-0.486506,0.259205
0.613724,0.667312,12.068354,0.062809,-0.356272
2.206412,-0.397573,7.127129,0.047173,-0.158273
1.148562,-0.635129,9.941726,-0.308363,-0.546031
1.782344,-0.530197,8.73284,-0.049524,0.167925
2.628983,-0.210762,12.32043,-0.376689,-0.566231
2.9095,0.449815,12.986245,-0.247808,0.060357
1.406475,-0.485141,9.757908,-0.186166,0.228501
2.978356,-0.311053,6.479725,0.336418,0.214233
2.997068,-1.257685,10.149943,-0.223261,0.285477
0.8655,-0.117057,8.707992,-0.054715,-0.00287
2.011068,-1.259481,12.2146,0.092811,0.720543
1.747616,-0.950074,11.550281,-0.056859,0.209033
1.993554,0.313748,10.386302,-0.086124,0.076289
1.709595,-0.666564,9.565708,0.011493,-0.043443
2.859055,0.362396,6.033503,0.523615,0.514572
2.211501,1.251398,10.802586,-0.068416,-0.106683
2.949317,-0.24519,7.939939,-0.149592,-0.043224
2.084266,0.488135,7.409592,-0.511589,0.460482
1.702709,-0.402663,7.974966,0.431914,0.030095
2.408641,0.661175,7.909103,-0.20636,-0.373584
2.235302,-0.210313,6.760541,0.254094,-0.038452
1.67816,0.008532,12.204271,-0.84877,-0.048988
2.315235,0.582439,10.30053,0.151686,0.047271
3.002905,-0.462987,11.229049,0.032912,-0.347335
1.696871,-0.315394,7.134763,0.269259,0.062549
3.782035,1.299148,12.665462,-0.282199,-0.31119
3.661985,-0.238604,8.286319,-0.123377,0.163491
2.764152,-0.436941,9.606723,0.217022,0.19234
1.451232,0.220491,6.096672,-0.011314,-0.29669
2.408641,-0.686323,9.667047,0.096207,0.546968
0.908461,-1.195264,9.782607,-0.148349,-0.385142
3.090473,-0.912203,13.023068,0.20805,0.266093
3.078349,-0.485141,6.281537,0.002475,-0.109861
4.138294,-0.578697,11.64683,0.167833,-0.054375
3.373984,-0.617915,9.976903,-0.140777,-0.065495
2.103576,-0.333956,6.87685,0.086726,-0.256197
1.028511,-0.709375,12.101585,-0.371088,-0.042866
1.270109,0.916843,14.050681,0.037244,-0.326394
2.154619,-0.39907,10.385703,0.440541,-0.05449
3.458558,0.025746,8.967552,0.032968,0.309402
1.788181,1.208587,11.027269,-0.148781,-0.063424
0.37018,-0.190554,9.452394,0.096726,-0.059704
2.794389,0.708028,8.199798,0.089444,-0.036816
0.108973,0.657133,13.90249,0.192784,-0.149559
1.900149,-0.081281,8.050409,-0.279566,0.325582
2.86115,-0.136217,6.441255,0.121444,-0.037391
2.170337,1.031954,11.783945,-0.193136,-0.128174
1.68789,0.039368,11.680211,-1.157815,0.089602
0.573607,0.851729,7.724387,-0.285639,-0.088194
1.921704,0.037272,6.966214,-0.037819,0.159523
2.427352,-0.685275,13.128898,0.135398,0.132665
2.256408,-0.24025,7.069798,-0.017169,-0.094093
2.520758,-0.051343,10.075697,-0.283909,0.176752
2.882256,0.686023,8.898096,0.2086,-0.46453
1.912872,-1.580114,10.379416,-0.024343,-0.012373
3.531157,-1.095572,9.632918,0.441659,0.517867
2.961591,-0.056283,6.567144,0.342827,0.125046
2.319427,0.881667,11.465857,0.195085,-0.038343
2.032773,0.036225,7.474257,0.352194,0.014446
2.302213,-0.529599,8.506062,-0.103148,-0.057174
2.088906,0.385748,7.557185,-0.121143,0.109507
1.309627,-0.508343,9.763297,0.01539,0.003758
2.350412,-1.084794,9.9784,-0.028044,0.054746
1.095572,0.299078,6.503975,-0.086967,-0.164339
1.750759,0.08173,6.825955,-0.040341,-0.336596
3.738176,-0.361947,9.829759,0.130611,-0.156562
3.170108,0.543819,8.311766,0.220723,-0.138562
4.235891,0.13487,10.397379,0.016391,0.064276
2.143093,0.816702,8.037835,-0.490415,0.323627
2.899171,0.073497,11.677816,-0.106153,0.629259
-0.082179,-1.070574,11.440709,-0.258942,0.009327
3.703,0.089514,10.12255,0.431858,-0.208406
2.051484,0.130229,9.945169,0.260381,0.250205
0.70204,-1.904939,12.027638,0.177348,-0.015135
2.251767,-0.23097,6.904093,-1.10646,0.115001
2.959346,1.075364,11.77182,0.193217,-0.073318
1.868415,0.129331,12.320729,0.292902,-0.060506
3.503165,0.03383,7.132368,0.170261,0.084754
2.193688,0.195044,6.941365,0.11287,0.081205
2.060465,0.421823,13.602513,-0.435974,-0.59407
2.443219,0.183967,8.024812,-0.284671,-0.378564
4.411776,-0.060175,11.332035,0.183613,0.04358
0.7453,0.118703,10.691217,-0.173029,-0.082225
1.245859,-0.491428,9.861343,0.026428,0.016244
3.128644,-0.308658,11.21408,0.352698,0.527339
1.12985,1.481469,6.865473,0.099977,-0.094817
1.30319,-0.563428,9.712702,0.37203,-0.307674
1.016087,0.575254,8.633447,0.411495,-0.397759
2.242786,-1.198857,10.107282,0.442883,-0.175989
2.214495,0.576601,8.635842,0.175025,-0.107544
3.802393,-0.340392,12.307107,-0.661097,0.094185
0.789159,0.842298,6.698421,-0.213897,0.24397
4.426295,-0.592468,10.773696,0.198065,-0.029957
0.545765,-0.712668,11.33458,-0.157719,-0.588085
3.248245,0.457449,10.565778,0.143173,0.280049
0.577499,0.776585,6.339018,-0.252094,-0.504658
2.37092,-0.386047,8.286917,0.279589,-0.045473
1.658252,0.44727,7.00633,0.006833,0.03853
1.944456,-1.489253,10.078092,-0.22821,-0.137293
1.597029,0.080982,7.451505,-0.05721,-0.080052
4.812043,0.105081,11.811787,0.292131,0.238713
3.172054,-0.140408,8.147856,-0.146193,-0.053173
2.512974,0.965043,12.14245,-0.278546,-0.480107
1.24556,-0.891247,9.242979,-0.910819,-0.223182
2.976261,-0.26465,8.601563,-0.09327,-0.454432
2.953209,-0.580942,11.321856,0.264649,0.027898
2.517465,0.188458,6.759793,0.042845,-0.266039
3.836971,-0.02904,7.377558,0.085159,0.241663
3.156935,-0.449066,6.557264,-0.050443,-0.079994
1.355731,0.84619,6.18918,0.008414,-0.176255
1.327589,0.647853,7.351962,-0.359861,-0.155301
1.543889,-0.870141,13.652659,-0.113633,-0.151109
3.021317,0.042362,6.647227,-0.170113,-0.219178
2.706821,-0.258662,6.113736,-0.121749,0.157281
4.2558,-0.285756,11.654315,0.039055,0.121546
2.195335,-1.227148,9.340127,0.030477,-0.051026
1.537603,0.246687,9.696536,0.221456,-0.142442
1.881288,0.349074,8.924591,-0.368473,0.37897
1.99565,0.317639,8.460107,0.064761,-0.040842
0.544568,-0.640967,10.366393,-0.037004,-0.121421
2.74604,-0.595462,6.972052,0.186551,-0.242171
2.191443,0.396376,5.69356,-0.212021,0.036499
3.01009,1.428629,8.826695,-0.029783,-0.496955
2.227368,1.0339,8.827144,0.17727,-0.166804
1.936972,-0.263602,7.41034,-0.621051,-0.230883
2.831961,-0.518671,12.741055,0.304251,0.176478
3.050806,-0.405507,7.164102,0.04929,0.142566
1.38956,1.284479,9.830358,-0.215917,0.235664
0.661474,-0.708477,12.027788,-0.026828,-0.017787
2.663262,0.729134,7.773784,0.155971,-0.302373
2.252216,1.149909,8.512049,0.05528,-0.082771
1.583707,-0.218845,12.843592,0.218844,-0.068687
2.383643,1.499432,12.41144,-0.359553,-0.38164
2.830763,-0.474513,9.334589,-0.087844,-0.228841
1.660347,1.819466,11.13744,-0.054897,0.146491
1.028511,-0.758622,10.749446,0.384191,-0.197429
1.998943,0.705034,12.34423,0.088964,0.098724
2.502945,-0.243394,7.057673,-0.191902,0.596582
1.884282,0.135169,7.705227,0.375232,-0.276902
3.603157,-0.423619,10.327923,0.021464,0.413973
3.504363,0.547412,13.190869,-0.20991,-0.007392
4.093537,0.025297,9.998159,-0.271786,-0.216967
4.783153,-0.21181,11.243868,0.46965,0.580552
1.343606,1.88039,8.820108,0.893229,0.155989
0.495919,-0.191901,10.555899,-0.035239,-0.134088
1.526825,-0.08188,6.461314,-0.418905,-0.134868
3.820505,-0.505648,11.823613,0.773724,-0.385081
2.144441,-0.732876,8.021968,-0.529843,0.127147
2.143093,-0.517624,7.025191,-0.429477,0.181492
2.137405,1.284629,10.664124,-0.233124,-0.292884
2.621349,1.293011,11.883788,-0.132669,-0.188084
1.780996,-0.51463,7.667056,0.044148,-0.015176
1.803001,-0.185464,6.687344,0.106476,-0.565449
0.844993,0.690664,6.890022,-0.301474,-0.20441
3.320096,-0.773292,7.150031,0.047773,-0.098164
0.526006,-0.845741,10.650053,-0.049892,-0.286261
2.16869,-0.029339,7.313641,0.052537,0.102286
2.302662,0.418679,6.142477,0.034377,0.033981
1.907633,1.97634,11.545042,0.039513,0.056459
0.482896,-0.827629,8.921298,-0.418029,-0.003636
2.292333,0.533042,5.814658,0.125698,0.060057
4.060157,0.064516,8.133786,-0.166356,-0.031743
2.711312,-0.188159,8.239316,0.070824,0.139148
3.191214,-0.191152,6.931935,-0.27697,0.136831
1.920207,-0.454305,7.062913,-0.023731,0.171918
1.914968,0.034129,13.584251,0.296839,0.071142
1.272803,-0.563428,9.754615,-0.064665,-0.01922
2.619852,-0.367336,6.824309,-0.164467,0.023385
0.598905,0.619562,10.230476,0.394859,-0.099745
3.107089,-0.276176,7.585027,0.119505,-0.134408
0.83197,-0.644859,13.660593,0.11196,0.459055
3.41425,-0.273032,11.891422,-0.390848,-0.633961
0.923579,0.083676,10.473271,-0.130265,0.056451
1.85629,-0.525856,10.226284,-0.170531,0.037881
3.146008,0.083377,11.890673,-0.351343,-0.05651
1.384471,0.431553,7.978409,-0.060894,-0.261705
1.52458,0.601898,8.272098,-0.245972,-0.009064
1.769021,-0.24025,11.035801,-1.010749,-0.445935
2.111659,-0.325274,7.219487,0.16193,-0.167792
0.922831,-0.522713,9.902059,0.002447,0.021319
1.134191,-0.73557,9.861493,0.183539,0.094787
3.00545,0.392035,10.165062,0.353513,-0.257534
0.057031,0.068857,13.150903,0.015348,-0.210766
3.320395,-0.42302,9.044193,0.050604,0.440008
1.27909,-0.416883,7.393725,0.052167,0.024672
2.818938,-0.606988,7.749834,0.033126,0.48497
2.523003,0.996628,13.197456,0.058081,-0.127015
1.748065,0.832569,11.970457,0.056689,0.222262
4.618346,-0.070354,10.860366,-0.170004,-0.635794
3.306923,-0.251926,6.513555,0.370969,-0.015523
2.894381,0.246687,10.528506,0.180334,-0.439714
1.240321,0.096699,8.029303,-0.251747,0.08614
0.878673,1.282832,10.947335,0.250768,0.10262
0.545316,1.054258,7.635023,0.116458,-0.04805
3.927233,-1.325045,10.787018,0.075084,0.307311
2.224374,-0.56283,7.646699,0.778581,-0.545762
3.975732,-0.023501,8.177645,0.098871,-0.083998
2.023342,-0.178279,6.644233,0.241887,-0.04399
1.553619,0.932411,7.616461,-0.125404,-0.041902
1.739233,-0.143851,9.612261,-0.070404,0.006874
0.439187,0.944686,10.244696,-0.483716,-0.017184
2.233056,-0.882415,8.347691,0.07373,0.088658
1.182691,1.253194,11.317814,0.297716,0.252223
0.655188,-0.175136,8.96845,-0.296932,0.190091
1.931583,-0.748144,9.749526,-0.62781,0.140282
1.177002,-0.648452,11.328293,-0.223166,-0.028103
2.650987,0.60594,6.774462,0.298752,-0.253333
2.81325,-0.395328,6.477181,-0.159188,0.19165
3.197501,0.48095,7.048393,-0.176314,0.225917
1.701362,-0.155676,7.070247,0.177111,-0.042908
3.30842,0.094154,6.724317,0.404434,0.141162
2.66895,-0.694256,8.121362,0.074175,0.080327
0.921484,0.023202,6.527925,0.035838,0.054412
0.289049,-0.778232,12.038566,0.154753,-0.139985
2.606829,-0.363594,6.024223,0.07939,0.054787
1.086441,0.82733,9.326954,0.099933,-0.031125
1.42324,-0.072599,5.978568,0.130571,0.147444
2.460434,-0.189057,7.547754,0.671774,0.547997
1.562601,1.261577,10.325827,0.061573,0.286866
2.224524,-0.864901,10.8918,-0.077269,0.266152
1.638642,-1.394799,11.244916,-0.061104,-0.033209
0.054187,1.861529,10.467732,0.147563,-0.075853
2.008673,0.671354,7.42965,0.124535,-0.00356
1.333427,0.677042,7.373068,0.03838,0.100348
1.7795,1.22625,10.009236,-0.700893,0.197337
0.783171,0.836161,7.637418,0.068419,-0.355074
2.476899,-0.676743,12.656181,0.245594,-0.144442
1.369951,-0.930914,11.191178,0.098117,0.365362
-1.067281,-0.727936,11.585458,0.238392,-0.117557
1.41366,0.143701,6.754404,0.22755,0.200712
1.590892,1.164129,10.279873,-0.183274,-0.120084
1.699865,-1.612746,9.782158,0.179519,-0.017988
0.946033,1.253493,6.993906,-0.081142,0.001021
0.744851,0.945434,10.137519,0.309608,0.044246
3.415448,-0.518222,8.202044,0.058942,0.109994
1.37549,0.328267,10.029743,-0.009913,-0.095575
2.843487,-0.048499,13.689632,-0.375521,-0.352913
3.364553,-0.716261,7.934251,-0.199564,-0.522708
0.559836,-0.773292,12.32522,0.038697,-0.058819
3.459606,-0.859662,9.693991,0.063167,0.144906
0.789608,0.436492,7.604187,-0.122309,0.067096
3.127896,0.609383,11.311078,0.130175,-0.008656
2.512226,0.18771,6.599476,-0.350619,-0.14642
2.824926,0.844244,11.756702,0.069037,0.587708
1.630709,1.462159,9.976304,0.139254,0.190655
1.91871,0.449815,8.075557,-0.01614,0.178025
3.641627,-0.697549,8.240214,0.011371,0.03395
1.967658,0.947979,11.467054,-0.22006,0.349118
3.063978,-0.421224,7.821086,0.112575,0.094785
1.476679,1.245859,8.757239,-0.047213,-0.197214
1.735192,-0.548759,9.545949,0.294929,-0.419516
1.000968,1.44764,13.534255,-0.226357,0.035452
3.158432,-0.017963,14.538816,-0.898275,-0.786568
4.146078,-0.807571,10.889256,-0.255996,0.158988
3.445834,-0.364791,6.202202,-0.106881,0.051224
1.953438,1.28897,8.435408,0.203472,0.182502
2.855013,-0.168849,10.679841,-0.210878,0.011441
3.85179,-0.891546,12.299473,-0.042448,0.068778
2.039209,-0.449815,7.652387,0.123776,0.305071
4.661007,-0.941392,8.276888,0.083646,0.004052
1.051114,0.249531,9.221424,-0.14796,0.020235
4.626579,-0.248932,10.725796,-0.205728,-0.124035
2.990481,0.327818,7.114855,0.012639,0.08504
2.403552,-0.411794,9.702224,0.24186,0.673024
3.579806,-0.731978,11.227253,0.327092,0.010268
0.61537,0.480201,7.060667,0.354021,-0.005208
2.230811,-0.235909,11.394455,-0.298138,0.187854
1.885779,-0.322729,7.374115,0.328038,-0.077131
3.493435,-0.2404,10.626402,-0.63461,0.042629
0.371677,1.004411,9.031619,0.105292,0.099867
1.305735,-0.797392,10.263407,-0.054886,0.06501
2.159559,-1.07252,8.580008,-0.108891,-0.047249
3.921246,-0.045505,7.106173,0.453018,-0.058435
1.501378,0.545017,9.649833,0.075033,0.058433
1.137934,-0.683778,9.999057,0.125132,0.303647
1.346151,0.337548,13.438604,-0.626021,-0.102764
3.312312,-0.372725,7.146439,0.180204,-0.129487
3.759582,-0.385299,11.734548,-0.10222,0.269212
3.320994,0.216899,8.546178,-0.144421,0.072966
0.174238,0.600701,13.534255,0.079634,0.224895
3.627706,0.542472,8.42508,-0.163812,0.277257
3.457061,-0.427511,9.620943,0.122002,0.052742
2.06301,0.350571,9.76689,0.086549,-0.042144
3.646417,0.210013,7.402107,0.084705,-0.024221
1.821861,0.812959,6.810687,0.4689,0.130011
1.801953,0.732876,7.380402,0.020775,0.0031
1.906735,-0.065564,6.874454,-0.653134,-0.105346
1.414558,0.566123,8.007299,0.068922,0.266704
2.387236,0.187859,6.75635,0.039156,0.071775
3.104245,0.853824,13.528418,0.316289,0.000219
0.821791,-1.289718,9.788145,0.125675,0.241098
2.319277,0.821641,8.155042,0.187279,-0.261542
1.712589,-0.154329,7.411089,0.063537,-0.060646
1.498683,0.14894,12.970677,0.175269,-0.265575
1.970353,-0.033081,7.532336,0.049607,-0.117458
3.862268,-1.137335,11.121573,0.141731,-0.12374
3.460803,-0.049098,7.099886,0.335025,0.095077
2.640359,-0.125439,10.926977,-0.512363,-0.204143
3.540288,-0.136815,7.4536,0.209006,-0.141322
2.127675,-0.349373,12.218791,-0.165762,0.167621
1.789978,-0.149988,7.292086,0.283924,0.058777
3.825744,-0.215851,7.5497,-0.262914,-0.333218
0.465532,0.269739,12.681928,-0.042053,-0.40011
2.221081,-0.337099,11.548485,-0.433195,-0.237545
2.671046,1.556912,7.842192,-0.263448,-0.415703
4.295018,0.736319,10.173744,0.399205,-0.24713
2.215692,-0.236059,7.435338,-0.014263,0.164599
3.925587,-0.66836,12.876673,-0.12745,0.141266
0.048799,0.511935,11.539803,0.155139,0.337728
1.735192,0.052092,12.535981,0.193911,0.063057
2.156565,-1.542393,9.844728,-0.358611,0.075266
2.44292,-0.055385,13.56554,0.038065,0.000716
3.674409,0.873583,8.709489,0.246233,-0.168943
1.069077,1.425336,9.914632,-0.712212,0.298638
2.157464,0.297731,10.908416,0.034827,0.08153
2.089355,-0.281115,7.564969,0.565471,-0.150254
1.820514,0.856219,8.789722,0.600444,0.112467
1.162333,-0.993783,10.062525,0.115703,-0.219387
1.952091,0.169298,8.127199,-0.296793,-0.37105
1.576522,0.570763,7.188352,0.194009,0.219695
2.046395,1.584904,9.271869,-0.622224,0.300056
3.408412,0.698747,8.853639,0.290852,0.101734
2.066902,-0.092657,7.212452,-0.002946,-0.000408
2.252366,0.144899,8.87714,0.015472,-0.342405
0.405656,-0.568218,10.473869,-0.01058,0.013867
2.76505,0.110171,7.331155,0.043787,-0.205897
1.172063,-1.073717,8.442294,0.030316,0.19783
4.477339,0.287552,9.873468,0.029742,0.036028
2.109563,-0.326172,8.052804,0.359059,0.2379
1.829046,-1.149759,9.254805,0.359212,-0.125601
1.710194,1.004561,7.346573,-0.148503,-0.463295
1.304088,1.627565,8.537796,-0.031348,-0.111
1.866469,0.621807,7.233707,0.077395,-0.043287
1.869163,-1.137934,8.753647,-0.021015,-0.075153
-0.008383,-0.306113,16.206648,0.135962,0.665286
3.234025,-0.396376,7.064709,0.092204,0.02089
1.849254,0.566871,11.718831,-0.025431,0.063032
1.885479,-0.153132,11.109897,-0.171988,0.062681
3.974535,-0.724194,11.614198,0.09476,-0.099397
2.550696,1.06264,11.315419,-0.035716,-0.147975
1.768273,-0.157622,7.599547,-0.233642,-0.093741
4.148473,-0.48559,11.809392,-1.143819,-0.161398
0.147294,2.034419,14.726526,0.027869,-0.101104
1.767225,-0.018262,7.019203,-0.452853,-0.374955
3.680397,-0.400717,8.038883,0.013372,0.105401
2.752027,-0.273631,6.209986,-0.248048,0.246277
1.276695,0.953667,8.175699,0.382273,0.064897
2.937192,0.087718,10.921588,0.314829,-0.329456
1.07237,-2.368974,12.845089,-0.197105,0.065199
3.264262,0.582589,8.517438,-0.560286,-0.413871
2.373614,1.130749,9.220975,0.141043,-0.0009
2.891387,-1.643283,10.43046,0.01186,0.188992
3.027454,-0.645009,11.55552,0.164725,0.433702
2.411934,-0.128433,7.447014,0.354175,-0.116019
2.887944,0.530048,7.269184,-0.096123,0.09064
1.189876,0.407902,12.754677,-0.367543,0.237905
1.386866,-0.740211,9.743688,0.033755,-0.001513
2.706522,-0.222737,13.891113,0.419978,-0.148959
2.449357,-0.784968,7.050788,0.257812,-0.331704
1.614243,-0.911455,11.183843,0.141809,-0.278486
2.362687,1.244662,13.332625,0.696245,0.096908
1.478026,-1.076262,13.740077,-0.077719,0.259898
2.38978,1.225951,11.95968,-0.284966,0.010225
3.27504,0.056582,7.03522,0.116112,-0.03148
1.585204,0.018711,9.047935,0.056462,-0.079205
0.66821,0.828377,9.435329,-0.072567,-0.053613
2.4043,0.671204,11.033855,-0.579984,-0.021944
1.463656,0.55774,10.356963,-0.173719,-0.239346
1.736838,0.532892,7.04001,-0.01352,-0.270186
2.01032,-0.696202,10.820399,-0.229764,0.123399
0.63947,-0.563279,14.03227,0.015505,0.034768
3.718567,-0.619861,12.177477,0.412938,-0.030317
2.596051,-0.295935,6.433022,-0.122239,-0.719733
1.524879,0.903671,6.374494,-0.251462,-0.246046
1.687591,1.142724,7.158115,-0.447186,0.121954
-1.11563,0.709824,12.297228,-0.087008,-0.181111
4.184848,-0.976569,10.816507,0.796256,0.075872
3.003654,-0.161514,8.76637,0.021032,-0.010427
2.049239,0.450713,11.317964,-0.092174,-0.373718
2.648443,-0.402064,11.630664,-0.120941,-0.035156
1.91871,-1.052012,9.225466,-0.077064,-0.250717
1.032104,-0.483794,9.798923,-0.450533,0.205747
3.013084,-0.411195,8.07885,0.096255,0.063655
1.821263,0.753982,8.518935,-0.052269,0.159599
3.15918,-0.215701,11.779305,0.061197,-0.141621
1.811683,0.174836,8.281229,0.149753,0.066334
1.917812,0.504301,8.534203,-0.01672,0.182514
1.475931,1.742227,7.805369,-0.395194,0.06514
1.525478,0.492626,6.464158,0.045766,0.073979
2.569108,-0.12499,8.127648,0.305426,0.160539
3.944897,0.028291,8.887917,-0.108635,-0.050496
3.638783,-0.518971,11.561208,-0.125474,-0.154336
2.225572,-0.245939,7.250473,0.096887,0.304371
0.842448,0.575254,9.633517,-0.109355,0.106604
2.821333,-0.867895,7.407646,-0.010935,0.409727
3.787125,-0.038021,7.830816,-0.236924,-0.40871
1.878144,0.148342,9.887988,-0.04574,-0.159866
2.125131,0.382754,8.00191,0.167712,-0.411372
0.632884,0.92328,7.890691,0.170023,0.160894
2.116299,-0.613873,9.79084,-1.040781,-0.240273
3.166366,-0.115111,13.283227,0.145868,0.125948
2.070045,0.179776,14.163846,0.324029,-0.06752
1.818868,-0.274828,7.746391,0.069412,0.156759
1.595682,-1.175655,9.651629,-0.84974,0.075634
2.562072,-0.275278,8.454569,-0.002366,-0.4196
5.051695,-1.21667,10.615325,0.768977,0.218513
2.244732,-0.645009,7.164102,-0.215261,-0.217535
1.752556,-1.654659,10.903027,0.051704,0.546373
0.953218,0.448617,11.680211,-0.080867,0.11063
2.157464,0.391586,8.455467,0.00637,0.074123
1.809437,0.924028,7.924072,0.113669,-0.031198
0.710572,0.662073,13.726456,0.201243,-0.378349
0.625998,1.4186,9.788145,0.138207,-0.008421
-0.046404,-1.107697,10.928923,0.028229,0.028861
2.208807,-0.266296,12.303814,0.079239,-0.023563
1.802851,0.965792,7.377558,-0.059566,-0.274953
1.343456,0.027094,9.375903,0.120135,-0.63449
3.133434,-0.775238,10.532697,-0.221238,-0.154037
3.490591,-0.579744,8.026459,-0.821895,-0.25345
2.657274,-0.579445,9.712104,0.155454,-0.216359
4.151317,0.382155,11.409723,-0.337168,-0.026378
1.82231,0.069605,11.427836,0.266718,0.120162
3.561544,-0.220192,7.962093,-0.139809,-0.44533
3.64522,-0.146845,7.159761,0.066741,-0.086368
0.729433,0.397873,7.344776,0.00607,-0.018352
3.54912,-0.156425,12.28151,0.200677,-0.255583
3.189418,-0.848136,10.572215,-0.16536,-0.377677
0.758024,0.07215,7.170688,0.136982,0.404324
2.2121,-0.948428,7.488478,-0.071248,-0.002528
2.658771,0.580193,9.22816,-0.13436,0.009082
3.083887,-0.487087,7.096742,0.018697,0.224892
0.483195,0.387694,9.966874,-0.172303,-0.204343
2.402504,-0.297132,7.466174,0.018094,-0.472873
1.61559,-0.326022,7.933053,0.288267,-0.578873
4.237239,-0.554896,11.085947,-0.362247,-0.29372
3.484304,0.29324,8.469687,0.219867,0.26122
3.262017,0.064666,11.253598,-0.049854,0.403395
1.427581,0.785117,9.283694,-0.541128,0.140005
4.737947,-0.021106,12.025992,-0.371279,-0.424938
0.964594,-0.443528,10.846894,-0.018389,0.010793
0.494871,1.112636,7.577393,0.018152,-0.033172
1.745071,-0.486039,9.522298,-0.187543,-0.144632
0.62016,-0.110171,8.465346,0.289272,-0.063964
1.642534,-0.95696,12.03647,-0.13363,-0.044074
2.862946,-1.343157,9.522298,-0.247176,0.035245
1.506318,0.534389,7.23745,-0.198667,0.28706
3.362158,-0.368833,11.460318,-0.051722,0.30457
1.635798,0.426912,8.935219,0.399335,-0.563991
2.082769,0.20193,7.236851,0.167884,-0.146791
2.271377,-0.558938,9.834549,-0.093848,0.048003
2.54875,-0.605491,8.302485,0.107959,-0.075769
1.782793,-0.71177,9.827514,0.027692,-0.435196
1.250649,-0.949026,8.114775,0.032503,-0.02169
2.18815,0.89903,9.14164,-0.015242,0.038109
0.236658,1.409918,7.480544,-0.024267,-0.058218
1.787283,1.027463,8.801846,0.164952,0.32759
2.131118,0.01946,7.423064,0.196056,-0.011882
1.234184,-0.82254,11.217373,-0.366406,0.289366
2.557282,-0.977318,9.436227,-0.324673,-0.109737
2.661016,-0.736618,6.735693,0.307966,0.240942
3.855981,-0.202379,10.547965,-0.121224,0.55852
1.921853,-0.161963,10.144854,0.092057,0.45523
2.214645,-0.44233,6.620283,0.320028,0.25194
2.839445,-0.456401,11.200608,-0.253854,0.019233
3.958818,0.337249,11.364068,0.155225,0.110183
3.310216,0.135618,12.043356,0.104541,-0.10107
2.291884,-0.824935,7.925419,0.089713,-0.138111
2.238595,0.323477,5.785469,-0.423431,-0.193155
1.46171,1.33223,8.691376,-0.093703,-0.995996
4.066294,-0.164807,9.582773,-0.525619,-0.597986
3.713627,0.289498,10.918744,-0.209069,-0.112366
1.35588,-0.433049,8.625813,0.221192,-0.037115
0.254171,0.393532,11.616593,-0.224669,-0.546969
3.039729,-0.093555,6.724466,-0.083394,0.030757
0.711021,0.405656,11.903996,-0.135286,-0.121849
0.59127,0.766257,12.838353,0.236319,0.105656
2.426454,-0.320334,8.215366,0.252901,0.263366
0.795446,0.682581,8.442444,0.158721,-0.203774
2.309697,0.081431,10.971884,0.007451,0.118729
0.6733,-0.34608,7.736362,-0.467667,-0.17498
0.01422,-1.181792,10.621163,0.210405,0.016055
3.473976,-0.255369,8.185428,-0.107711,-0.128498
0.970282,0.810115,6.633156,-0.181396,-0.642875
1.126857,1.039588,7.02085,-0.009061,0.077845
3.04871,-0.262704,8.524473,0.09341,-0.243221
2.547852,0.397723,6.542445,0.038745,0.075691
3.474874,-1.413062,9.347312,-0.357215,0.145165
4.300557,0.032632,12.318035,-0.49666,-0.624509
3.252886,-1.641187,11.229348,0.230858,-0.066981
2.456242,0.207618,6.935527,0.138302,-0.35123
0.762664,0.197888,10.278226,-0.007084,0.029482
0.292791,0.424218,9.755513,0.107557,0.30136
0.619113,-0.770148,9.627679,0.036808,-0.261196
2.990182,-0.61073,8.370294,-0.453401,0.029342
2.435286,-0.998274,7.580686,-0.063049,0.296939
1.249152,-0.444725,8.215965,0.068338,-0.128561
0.047751,1.633403,7.041208,-0.991468,-0.14686
2.548151,-0.45221,10.990595,0.115257,0.470554
2.280957,1.228196,8.34829,0.385333,0.10346
0.900976,0.150886,12.587474,-0.035205,0.189748
3.785927,-0.202828,11.234737,0.156497,0.641528
0.278122,-1.383872,8.754245,-0.287408,0.085555
1.910327,0.294737,7.49207,0.377304,-0.163907
4.04429,0.263901,10.992242,0.12474,-0.123187
1.99071,0.613275,8.653954,-0.084867,-0.041624
3.371589,0.305664,7.903564,0.220217,0.083313
1.75031,0.665217,10.114766,-1.099514,-0.597451
2.066153,0.13487,14.009966,0.387258,-0.306791
3.507057,-0.253722,8.945997,-0.006449,-0.000994
2.594255,-0.248932,6.374494,0.139091,-0.005585
2.727179,0.632734,7.392078,0.533098,-0.146936
3.595673,0.421523,13.625565,-0.409826,0.00334
2.312092,-0.097747,8.507558,0.218066,0.246937
4.524791,-0.314945,10.716066,-0.088354,0.027529
1.690734,1.265169,9.30989,0.097135,-0.008147
0.132624,0.886008,10.331066,0.257632,0.032593
3.52966,-0.049547,8.897498,0.271165,0.040057
1.951043,0.142055,7.604037,0.113137,0.090457
1.950594,-0.738714,7.035819,-0.216429,-0.113055
2.268533,0.171094,7.969727,-0.062896,0.434997
1.941762,1.611998,9.349108,-0.187893,-0.124283
2.66431,-0.086221,6.607709,-0.00102,0.205949
1.15425,0.561782,10.096055,0.472553,-0.045873
2.367626,1.118773,13.070071,0.027777,-0.115118
0.011376,-0.340692,13.045971,-0.502055,-0.33814
1.056204,-0.888552,10.932067,-0.460448,0.318828
1.222508,-0.713117,9.745784,-0.072769,0.203523
2.852019,-0.708327,9.011261,0.338804,-0.034878
2.286645,0.167502,6.182294,-0.195002,0.000609
3.581003,0.389041,8.498427,-0.183451,0.041308
2.148482,-0.569117,6.746022,-0.19073,0.216651
2.143093,0.24519,7.255412,-0.003217,0.26431
1.081202,-0.699495,10.350526,0.81378,0.434092
0.675545,-0.792602,9.53098,1.142485,0.551685
6.165379,-1.414558,9.997111,-0.700366,-0.427433
2.040856,-0.268991,11.978241,-0.038836,-0.05496
1.854044,-0.916694,9.79054,-0.434472,0.275103
1.262624,0.981808,9.157207,0.290203,0.146655
3.5584,0.265697,12.166999,0.102734,0.00806
1.37519,0.098795,7.683372,-0.482419,-0.273951
1.571283,0.802032,6.787785,-0.094039,-0.0659
0.162562,-1.131647,10.249187,0.051781,-0.129457
4.071384,0.546663,11.610456,0.43144,0.059979
2.076033,-0.140558,9.141939,-0.072703,-0.269214
3.756738,-0.650697,12.041559,-0.817765,-0.019124
2.101181,1.155747,11.390114,0.304114,-0.023965
0.709824,0.226778,10.096205,-0.013383,0.260417
3.230432,0.289648,9.248518,-0.072989,0.071498
2.264042,-1.470542,11.624078,0.12343,0.02273
3.245251,-0.216151,8.255632,0.03814,0.619744
2.980302,-0.389789,7.712562,-0.101109,-0.190064
0.436792,0.793051,6.511609,0.220761,0.227947
1.963916,-0.573907,9.395662,0.563767,0.074637
1.911974,-0.564476,7.312743,0.30347,-0.016765
2.013762,0.713416,8.046517,0.017841,0.024312
0.955912,0.910706,8.087233,-0.347086,-0.095638
3.119812,0.68782,8.102052,0.295302,0.138686
3.440595,-0.381407,9.330846,0.080582,0.141021
1.580414,-0.236957,8.171358,0.023273,-0.203853
1.859284,1.659749,11.744727,0.115641,-0.042572
-0.811612,1.875001,14.940431,0.33001,0.299866
4.266578,-1.26951,11.147469,0.682165,0.012067
1.816024,0.037272,6.234386,0.033939,-0.156473
0.986,-1.312321,9.903705,0.02475,0.099221
4.794081,-0.728086,12.168795,0.502471,-0.194145
1.65421,0.190105,8.005203,-0.931677,-0.682341
2.931504,-0.19714,5.981262,0.085432,-0.236874
0.258213,0.409249,10.182875,-0.139635,-0.027419
0.758173,0.963846,13.415253,0.164673,-0.087201
-0.333956,0.086819,14.31563,0.098189,0.469986
3.502566,-0.618514,11.277997,0.20071,-0.301686
1.842069,0.528251,9.21349,-0.555907,0.271362
1.805845,0.720751,7.148834,-0.190164,-0.442848
0.947979,0.537532,7.417974,0.095807,0.145381
1.417103,1.272354,12.308005,0.092782,0.207606
2.835254,0.292641,9.30525,0.063588,-0.122617
3.787125,0.667911,11.239827,0.040901,0.947973
2.910098,-0.478405,6.402486,-0.497119,0.361173
2.197879,-0.559237,7.353309,-0.03196,-0.421575
3.720363,-0.263153,10.098001,0.342013,0.025444
1.098715,-1.655857,9.077124,-0.681708,-0.220056
1.138682,0.173639,7.300169,0.208082,-0.311844
3.428171,-0.041763,5.957012,0.012833,-0.026927
1.325045,-0.812959,12.16625,-0.007173,-0.134009
1.970353,0.313448,14.073135,0.145719,-0.268405
0.995131,-0.879571,10.134974,0.123985,0.090953
2.787054,0.750988,13.815221,-0.471882,-0.177046
2.931055,-1.710044,12.167298,-0.011066,0.039647
2.992278,0.189356,9.842333,-0.580023,-0.539088
2.802622,-0.517923,6.930139,-0.150017,0.184211
1.728605,0.515229,11.670331,0.081497,0.120632
2.902015,-0.430505,11.30554,-0.126185,0.089972
3.885171,0.529299,8.037985,-0.061599,0.480922
1.882186,-0.097896,7.172934,0.057301,-0.379986
2.493215,0.736319,8.238717,-0.514867,0.393554
0.73557,0.727787,8.278086,-0.177182,0.130672
2.446363,0.110919,8.253387,-0.405908,0.248373
3.365452,0.313598,8.778046,0.048632,-0.015483
1.064436,-0.133971,9.244177,0.03347,0.009274
1.237926,0.839005,6.902147,-0.10931,0.008506
2.766397,-0.12499,5.625452,-0.078281,-0.20665
2.5486,-0.742306,9.182505,-0.474147,0.182874
2.48603,-0.700394,9.023086,0.00751,-0.036185
3.927982,0.260458,11.333532,-0.066484,0.34236
3.127596,0.057031,6.047125,-0.852785,0.162421
3.6066,-0.788111,10.859019,0.190377,0.003989
0.680036,0.883463,8.83388,0.111488,-0.169071
1.982477,-0.981808,6.788683,-0.189372,0.007744
1.128054,-0.667761,9.551787,0.446721,-0.096984
0.624352,-0.10089,13.268408,-0.141471,0.036404
1.24541,1.680106,12.286899,-0.317017,-0.061844
1.255739,-1.201402,9.601933,-0.142323,-0.28591
3.484604,-0.190554,8.955427,0.076592,0.259816
0.757575,-1.256038,10.631342,0.185808,0.096187
2.913541,-0.193997,7.936795,-0.008692,-0.003429
2.992278,-0.050445,9.159902,-0.462511,0.323797
2.823279,0.004491,11.986025,-0.350432,-0.232328
3.00545,0.219593,7.350016,-0.065324,-0.09724
2.58707,-0.90397,7.28071,0.280501,-0.217518
1.609303,0.677641,11.375145,-0.117323,0.149975
2.069596,0.83661,6.723419,0.003154,-0.204991
0.248034,0.551603,8.974288,-0.029043,-0.350659
1.648223,1.302292,12.373719,0.395079,0.059937
1.576222,0.752036,8.239017,0.101813,-0.018898
1.044378,0.383652,9.353599,0.120238,-0.253654
2.85636,0.157922,8.222551,0.089744,-0.153386
3.088827,-0.079634,7.946824,-0.148573,0.150649
2.069596,-0.714015,7.745343,-0.259185,-0.136537
1.133593,0.662223,9.593999,0.208922,-0.007363
3.824247,0.299527,10.352921,0.089469,0.101679
4.261189,0.03368,11.098521,-0.179253,0.016735
1.921704,0.122146,7.539521,-0.14446,-0.231021
1.827849,-0.598156,9.086854,-0.09616,-0.081855
1.819017,1.32729,10.844948,0.513071,0.224617
1.820514,-0.392035,10.150392,0.407897,0.268924
2.09654,-0.607587,9.770931,0.230106,-0.113961
0.902623,-0.673599,10.720107,0.116534,0.100099
2.324965,-0.315394,7.192543,0.338502,-0.485276
2.892435,1.535208,11.829001,0.090037,-0.106075
1.794169,0.827779,7.415879,-0.705431,-0.484176
4.974156,-0.498014,11.582015,0.442531,0.077497
1.227148,-0.562979,7.380552,0.626331,0.223045
3.442392,0.262853,11.030262,-0.776094,0.406827
1.742526,-0.249082,8.425978,0.168655,0.383646
2.558031,1.188528,10.980865,-0.400584,-0.55137
4.240232,0.163161,7.896679,0.126962,-0.197157
3.949387,-0.211959,11.082204,0.062451,-0.202132
1.47144,0.463885,8.044871,0.101443,0.105419
2.117197,-0.884211,10.804382,0.057911,0.226153
0.775537,0.518821,7.460336,0.072048,0.228447
2.672842,-0.340841,12.448114,0.077182,0.247161
1.426983,0.220192,8.814869,-0.037346,0.108056
2.863545,-0.000599,11.678714,-0.057094,-0.330961
3.01054,-0.278421,6.873107,0.023507,0.080614
3.663631,-0.766855,11.084899,0.08253,0.167809
3.444936,-0.414937,12.25292,0.345283,0.12998
3.61139,0.50011,11.872112,0.229332,-0.098959
4.926256,0.065713,11.284733,0.225068,0.161606
0.744252,-0.788261,11.417807,-0.401839,-0.327551
2.69754,-0.116158,7.654333,0.278549,-0.191422
1.912124,1.301244,9.089548,-0.025478,-0.243547
1.636846,0.742755,6.906488,0.283667,-0.076084
1.73115,0.45191,8.516091,0.143883,-0.196764
2.197281,0.553549,13.054653,0.316296,0.034335
1.941762,-0.834215,9.732312,-0.789854,0.615096
1.708397,-0.696502,9.684561,-0.117723,0.070399
0.387843,0.944236,14.256354,-0.267925,-0.461903
3.911516,-0.261955,8.647517,0.026296,-0.039249
1.872456,0.769699,9.031768,-0.913923,-0.042221
1.378034,1.459615,13.480966,0.020711,-0.188364
3.921246,-0.644859,9.089698,0.108454,0.021308
2.040557,-0.017214,7.875573,-0.158887,-0.069112
4.323459,-0.220491,11.271112,-0.25336,0.084269
0.943039,0.609532,11.966565,0.114564,-0.253857
2.351011,-0.337997,11.739787,-0.230447,-0.08844
4.076922,0.478255,9.232052,-0.018705,0.092424
1.092578,0.683778,6.729256,0.152606,0.135502
3.793112,0.389939,9.268726,0.241681,0.732502
3.406915,0.418979,10.952574,-0.561302,0.177648
-0.060175,-0.238005,10.362501,-0.005104,-0.143679
2.031575,-0.602946,7.767647,-0.049417,0.069579
1.892664,0.606688,9.332792,-0.844315,-0.317646
2.648293,0.329465,6.672674,-0.584398,-0.283935
2.287992,0.058528,12.485536,-0.718086,-0.051296
2.126478,0.518522,13.831986,0.015652,0.182425
0.624651,0.093256,12.733271,0.11907,-0.240429
1.488056,1.784888,9.342073,0.185959,0.122982
2.765499,-1.266965,9.67513,-0.074534,0.07325
2.746938,-0.790506,9.39656,-0.105212,0.00396
2.076931,-0.170945,6.307583,0.193694,-0.226324
1.455124,0.492476,14.238241,-0.186192,-0.19416
-2.336491,1.70705,14.352304,0.396192,0.007192
2.509531,-0.066162,9.760603,0.294427,-0.11559
1.988914,-0.363744,14.192437,0.228173,0.471403
1.987567,0.829126,14.303955,0.368099,0.563819
1.148711,-1.23598,9.279952,0.067797,0.026593
2.118395,-0.5531,8.675809,0.153625,0.180743
0.468825,0.992137,10.479558,0.169808,0.032494
3.146158,0.236658,9.826615,-0.145152,-0.320939
1.603915,0.276026,7.313941,-0.158323,-0.110578
1.938619,0.613424,10.31505,-1.237472,-0.215323
1.502725,0.170795,8.986263,-0.305575,-0.156741
2.748884,0.820743,12.465029,0.406361,-0.422429
1.745969,1.693728,10.830278,-0.143196,-0.234402
0.798889,0.398471,11.603271,0.557077,0.556881
1.990112,1.121917,9.365275,-0.905825,0.050434
1.825155,0.454156,10.587184,0.019703,-0.049793
-0.125888,-0.686622,10.171648,0.008632,-0.003078
2.204615,-0.774489,10.856624,-0.000368,0.260681
1.805994,0.997526,10.774295,-0.087814,-0.190361
3.44793,-0.500709,11.72392,0.086816,0.251763
1.910477,-0.239652,7.286248,-0.012942,0.16232
3.579357,0.380209,7.252119,0.0736,0.080495
0.750689,-0.132025,12.998969,0.127432,-0.106088
2.330953,0.449515,9.353749,-0.423191,-0.212535
2.719395,0.352816,8.084239,0.084994,0.016811
0.935105,-0.623603,9.925709,0.002514,0.003333
1.294957,1.361718,9.250464,-0.128653,0.204167
1.409619,-0.46628,9.590107,-0.002917,-0.021319
-0.235161,0.486937,10.557695,0.445826,0.295987
3.498824,-0.243843,7.577393,0.02003,-0.184995
1.989213,1.18763,10.249486,-0.001239,-0.17089
3.269651,-0.421224,11.177856,0.192299,-0.257177
2.97177,0.277224,7.260801,-0.234595,0.237468
1.827699,-1.131497,10.06477,-0.236284,-0.071281
1.855541,1.415457,11.48846,-0.689881,-0.579069
0.10598,0.653541,13.554463,-0.000848,-0.373765
2.658621,0.35566,9.745035,0.248685,-0.030975
2.803221,0.317939,9.17038,0.364707,0.440192
2.16869,-1.159639,9.078771,-0.253627,0.092682
1.593436,-0.011376,12.670701,0.020051,-0.185279
-0.059277,0.365091,9.828262,-0.270903,-0.020378
2.453398,-0.59157,6.545738,-0.209603,-0.074492
1.646426,2.183659,9.380094,0.585693,-0.208731
2.759212,-0.305515,8.028704,-0.011619,0.055159
2.960993,0.72629,11.230845,-0.00518,0.051927
2.978656,-1.073717,10.577005,-0.008148,0.132605
2.126628,-0.789458,8.018376,0.103425,0.011463
1.688788,0.621657,7.078929,-0.060568,0.574461
0.964444,-0.462688,8.900491,0.312692,-0.102207
2.377207,0.908012,10.530452,-0.084131,-0.091928
-0.047152,-0.71671,10.640922,-0.318159,-0.108281
3.966901,-1.008453,9.045989,0.386642,-0.012073
3.013234,-0.459544,8.734337,0.177562,0.049001
4.02513,-0.265398,12.493919,-0.068795,0.907356
2.328857,0.077838,6.696175,-0.199377,0.08663
0.897234,-0.564027,13.558505,0.316651,-0.040618
0.640518,0.266446,13.702206,-0.259334,0.241894
1.057401,-0.248932,12.385245,0.035847,0.013138
2.079027,0.434097,8.615783,0.190334,0.159707
2.838847,-0.64935,8.683143,0.307237,-0.090686
2.161206,0.815055,9.684112,0.332226,0.026788
1.893862,-0.252525,7.822283,-0.110567,-0.133793
1.467848,0.583487,9.183553,-0.06212,-0.025827
1.812581,-1.144071,11.774964,-0.12415,-0.130068
2.39502,-1.266965,10.106833,0.142912,-0.237009
2.351161,-0.187261,6.627019,-0.357981,-0.001258
2.630929,-0.49532,11.922707,-0.107061,0.07927
1.738485,-0.556992,9.771231,0.083972,-0.345039
3.13538,-0.176932,6.250851,-0.034493,0.190594
1.183888,0.645458,10.354268,-0.442204,0.112131
2.747237,-0.522264,9.810599,0.324164,0.343035
2.759811,-0.947679,9.976604,0.006974,0.115569
3.654949,0.787363,10.486294,0.137366,-0.452506
2.633773,-0.236059,6.980733,0.14753,0.302607
2.432292,0.821641,8.279433,-0.658744,-0.243494
1.608106,-0.203726,10.119107,0.124871,0.001957
2.556234,0.879421,10.163714,0.149387,-0.013377
0.71656,-1.192271,11.70446,-0.075514,0.608212
3.715274,-0.356109,9.216185,0.027383,-0.070232
1.546284,0.294587,6.327043,-0.169378,-0.153386
1.966012,-0.515378,6.868617,-0.151629,-0.151518
0.229772,1.277444,7.536827,0.254341,0.784964
3.13553,-0.076341,7.483688,0.129657,0.142582
0.787961,0.410297,13.377531,-0.686277,-0.47674
2.921026,-0.44263,9.325607,-0.261625,0.291809
0.934507,0.246088,7.233857,-0.47071,0.150796
1.056653,0.948877,10.464439,0.486484,0.001535
1.900598,2.266587,9.932745,-0.724243,0.001697
0.294887,0.998274,7.762258,0.08516,-0.210721
0.756227,1.13494,7.113807,-0.288399,0.096886
3.705544,-0.701591,12.390035,0.056542,-0.20526
0.759072,1.084944,9.419612,0.071985,0.092675
4.355343,-0.977767,11.74323,-0.012228,-0.0288
1.344205,0.549208,9.057215,-0.106603,0.025213
3.434608,-0.105081,6.797215,-0.044596,0.006924
2.864593,-0.126637,6.743327,-0.154986,-0.282761
3.142715,0.046703,7.168743,0.23179,0.089545
2.465822,0.27423,11.730357,-0.215378,0.033826
2.005829,-0.607587,12.379557,0.270491,-0.277764
2.06301,0.00958,10.25248,0.055428,-0.033444
0.446821,-0.852926,8.115673,-0.12157,0.180528
3.087629,0.670306,13.144316,-0.507463,-0.124584
-0.031435,-0.083077,10.258916,-0.35936,0.213127
2.420018,-0.383353,9.227861,-0.106981,-0.202907
0.289947,-1.719624,12.257261,0.030244,-0.011342
3.001259,0.326471,6.432723,-0.595895,-0.262213
1.831591,-0.582738,9.976154,-0.009024,0.035586
1.95224,-0.70698,9.356144,-0.128203,0.090803
2.692301,-0.288001,7.139853,0.130494,0.085813
1.696422,0.562081,8.539742,-0.024354,0.051194
3.535199,-0.353265,7.67948,-1.207239,-0.469795
2.839146,0.091909,6.885232,0.192045,-0.168998
4.043092,-1.419199,10.629097,0.009159,-0.134972
4.857549,-0.917592,10.674003,0.162738,0.74502
2.637665,0.232167,6.306835,0.628997,0.452801
2.340982,0.158371,6.298602,-0.094573,-0.380825
1.107846,-0.446372,9.811497,0.004321,3e-06
2.887346,-0.158221,7.228468,-0.087221,-0.2306
3.19795,-1.051114,9.225915,-0.197709,0.302346
2.650388,0.713716,12.90197,0.141995,0.366958
1.495839,-0.267194,5.909411,0.168917,0.031406
1.17356,0.114961,7.113208,0.442345,0.06602
2.011816,-0.495769,7.222181,-0.418172,-0.098562
3.213218,-0.945135,11.414364,0.272573,0.215211
3.766019,0.576002,9.812994,0.0903,0.735407
3.12086,-0.504601,8.421936,-0.137221,-0.119976
2.10133,1.130749,12.130774,-0.591623,-0.303114
2.945126,-0.029938,12.554543,0.077999,0.687498
2.259402,2.693499,9.8582,0.209685,-0.072102
1.412313,-0.654738,11.621383,0.120317,-0.177392
4.155509,-0.102537,10.648257,-0.213039,-0.488609
2.574496,0.509241,6.843768,0.262706,-0.450612
2.291285,-0.252824,7.695198,0.190916,0.325166
1.523532,-0.593815,11.342812,0.183712,-0.221549
2.823279,-0.186961,7.711664,-1.128269,-0.193802
2.492766,0.323178,6.49679,0.058309,0.021553
3.907774,-0.460443,11.765983,0.065416,0.129623
2.696044,1.374592,9.17023,-0.348629,0.389454
2.729574,0.204774,6.426885,0.272347,-0.188723
3.773653,0.616268,6.541247,0.454525,-0.31657
3.077301,-0.020358,9.672735,-0.157964,-0.181786
3.607498,-0.808918,10.701247,-0.312023,-0.425888
-1.083447,0.103884,10.112521,0.072896,-0.105002
2.896028,-0.279169,7.824828,0.084808,0.073639
2.860402,0.253722,11.570938,-0.108709,0.315646
4.301305,-0.156275,10.415042,-0.031882,-0.324634
1.618434,-1.286575,12.240346,-0.009074,-0.579193
2.5004,1.347049,12.255465,0.274549,0.02382
1.991309,-0.782423,9.5214,0.499887,-0.24914
1.739383,0.09595,8.830587,0.049344,0.373831
0.737367,1.077908,8.457862,0.080407,-0.026848
1.234932,0.147593,10.03618,-0.076838,-0.255255
2.06765,1.713187,8.897647,0.231337,0.182712
2.900967,-0.119152,13.175901,0.384959,0.069234
2.507286,-1.160237,8.747659,-0.134877,-0.080198
2.382595,-0.192649,6.921008,0.308982,0.157342
3.402874,-0.582139,7.673343,-0.183104,-0.391987
0.977318,-0.156724,12.946727,0.267226,0.164269
3.120261,0.065863,11.097473,0.135351,-0.084724
1.087938,0.594863,7.495214,-0.536708,-0.120499
1.420396,-1.94296,12.188703,0.10553,-0.193322
3.460803,0.567919,8.291558,-0.079696,-0.025547
2.688409,-0.510139,9.361982,-0.487192,-0.358803
2.013313,0.967289,8.445438,0.308793,-0.450243
1.220113,-0.161215,10.636431,0.081084,-0.045495
2.074386,1.090632,11.274554,-0.211505,-0.400963
4.067043,-0.417033,10.888956,-0.571251,-0.405773
1.084644,0.36524,6.854995,-0.175188,0.226908
1.675017,-1.038391,9.783056,-0.096853,-0.056033
1.988016,-1.416205,9.095985,-0.021901,0.506369
1.702859,1.071172,9.532627,-1.135902,0.010621
1.708397,0.069605,9.539512,0.100158,-0.259533
2.439926,0.109722,7.585326,0.009589,-0.100463
-0.540526,-0.883912,10.182875,0.007175,0.456178
2.208507,0.566721,7.933652,-0.10956,-0.23146
1.888024,1.576522,8.961115,0.159049,0.501337
0.671504,-0.302222,10.846295,0.206905,-0.005825
3.541336,-0.459245,11.759995,0.26247,-0.179062
3.649112,-0.352218,7.985294,0.035033,-0.023814
1.48611,-0.063917,9.561666,0.298283,-0.350159
1.767824,0.37991,11.704311,-0.591542,-0.341588
2.338288,0.35581,13.284874,0.444949,-0.084479
1.56275,0.808469,9.12248,0.676028,-0.072919
3.037783,-0.643961,7.988737,-0.326425,-0.322347
0.362396,-1.347797,14.185701,0.047017,0.087244
1.364862,1.054108,5.776039,-0.419937,0.351239
3.518882,-0.915646,11.084001,-0.222699,-0.464161
2.686613,-0.132924,11.811638,0.101365,-0.08093
1.785038,0.717009,10.142309,0.293049,0.070949
2.786905,-0.973575,8.72805,-0.850264,-0.345424
1.659898,-1.510359,9.460627,0.136185,0.226584
3.26501,-0.324375,6.081853,0.154732,0.289661
2.840793,-0.260309,8.353678,-0.076836,-0.106052
2.37571,1.282982,11.330388,0.441843,-0.019077
0.95711,-0.403561,9.246422,-0.255763,0.305927
0.958607,-0.775837,9.707912,0.222285,-0.272001
3.056494,-0.574505,6.937623,-0.022169,0.198327
2.65428,-1.082699,9.931996,-0.326245,-0.087241
1.681304,-0.53364,9.874666,-0.441319,0.20004
1.444047,-0.771346,9.50209,-0.105428,-0.252903
2.204466,-0.604892,8.4396,-0.31238,0.101181
1.908681,1.318758,8.880882,-0.129311,0.052382
2.455045,-0.714614,8.657696,0.151807,-0.009382
1.421294,-0.677341,6.941066,0.00223,0.019599
3.379223,0.232167,8.369695,0.010359,-0.054672
1.682052,0.214953,11.543844,0.250119,0.159602
3.69776,-1.503623,12.939841,-0.210595,-0.085563
0.813109,-0.618065,10.260114,0.081037,0.101256
2.004332,-0.582439,9.608669,-0.758571,0.080589
1.15874,-0.659828,9.827963,-0.134756,0.419012
4.450545,0.125739,12.660822,-0.050509,0.030778
2.96698,0.765059,10.868748,0.268989,-0.155099
2.328109,0.612227,13.691578,0.801199,-0.27572
0.679287,-0.055834,12.069402,-1.193413,-0.048373
0.958008,0.941991,6.883136,-0.000928,0.010991
4.057612,-0.431852,9.298214,0.154467,-0.358172
4.358936,0.203427,11.895763,-0.485209,-0.573152
2.267784,-0.026196,7.173233,0.310057,-0.005655
1.946103,0.14924,8.535101,0.150951,-0.108615
1.821861,0.867895,10.506352,0.03322,0.260141
0.965343,0.344284,10.517279,-0.117007,0.162964
2.947521,0.279169,8.88672,0.306952,0.350566
2.682122,-0.077539,6.815028,0.123626,-0.155483
1.890119,1.506168,12.795242,0.163211,-0.299727
0.690514,0.719105,13.02247,-0.075226,-0.49237
1.172811,1.017734,9.790391,-0.071225,-0.18872
1.474883,-0.131876,7.160061,0.15664,0.023421
1.703757,0.431403,7.353458,0.045707,0.676625
0.643212,-0.559536,9.685609,-0.008872,-0.003098
4.045487,-0.581241,11.10825,0.109615,-0.488446
1.011447,0.604293,13.199701,-0.109462,0.056597
2.330803,-0.000299,6.575826,0.109103,-0.12224
4.518055,-0.117356,10.336755,-0.121996,-0.316905
1.538351,-1.093326,8.970246,0.638178,0.434117
4.038602,-0.40416,12.143797,-0.065478,0.183682
1.109044,-0.628992,9.755813,0.041873,0.331696
2.19294,-1.747915,12.871134,0.628613,0.088274
3.434159,-1.45243,10.448273,-0.044164,0.25502
1.519939,0.151635,12.742252,-0.144723,-0.410991
3.081941,-0.167801,6.268664,0.31503,0.336885
1.579066,1.934427,10.128987,0.174347,-0.086836
1.993554,-0.191751,7.099586,0.302874,-0.084283
2.286495,0.270188,6.391409,0.1309,-0.287936
2.356849,-0.124242,6.975045,-0.036349,-0.044694
1.033002,0.436642,8.860375,0.040754,-0.057677
1.972149,0.351768,6.960675,0.219517,-0.197336
1.132844,0.112865,11.939172,0.062218,-0.308544
3.343298,-0.707878,12.851226,-0.237614,-0.083368
3.848497,0.10089,10.242002,0.038081,-0.275551
0.597557,1.097218,8.552914,-0.489674,0.091362
4.555926,-1.29361,10.870694,0.627839,-0.047764
0.876278,-0.661025,9.571396,0.146792,0.295393
1.938768,-0.128882,7.033574,-0.309571,-0.154169
1.116678,0.834964,6.947054,0.247794,-0.091949
3.937861,-0.161065,10.270742,-0.453952,-0.337006
2.045646,0.411045,7.166348,-0.056884,0.431787
3.633245,-0.566422,8.044871,0.311873,-0.209681
3.625461,-0.204026,8.428822,0.009638,0.061259
2.540816,0.160915,12.091855,-0.391181,0.059152
2.371818,-1.065185,8.554261,-0.039869,-0.117967
3.458857,0.406854,7.473509,0.242797,-0.059762
3.300038,-0.872835,10.76202,-0.138161,0.566442
2.574796,-0.513582,9.652677,-0.066283,0.022462
1.455423,-0.773591,10.133477,-0.00294,0.022491
1.390758,-0.405507,7.2373,-0.250405,-0.006011
1.675316,0.809517,11.259885,0.411972,0.194488
2.520309,-0.648601,11.582165,0.290768,0.119249
-0.422721,1.956282,14.191539,0.122073,0.100224
3.978277,0.33201,13.874198,-0.077512,-0.443163
1.897903,-0.651894,11.859987,-0.347222,0.137349
2.374512,-0.54831,6.168972,-0.485904,-0.497719
3.711382,0.050894,7.009174,0.094348,0.089812
1.099015,0.191302,8.395591,0.183854,-0.091151
3.528463,-0.83212,10.580298,0.240931,0.085473
-0.578846,0.202229,11.910732,0.1009,-0.016036
4.512965,-0.36075,11.208242,-1.198682,0.044451
2.207909,1.104403,7.363038,-0.167786,0.172218
1.364113,0.757724,8.42508,-0.100678,0.046109
2.253115,0.655637,11.670331,-0.17855,-0.15036
2.702031,-0.72614,7.153175,-0.002543,0.257442
0.299976,0.44218,13.448184,0.150432,-0.040258
1.376987,-0.490231,9.977801,0.233306,-0.220122
3.09197,-0.26944,7.801776,-0.057701,0.151117
2.074835,-0.921184,7.006181,0.04065,-0.102357
1.907783,1.433719,12.943733,0.031457,-0.199184
1.448388,0.453557,7.681576,0.219762,0.392402
3.454666,-0.407902,9.216335,0.155733,0.397711
1.784589,1.444197,10.467882,-0.513642,-0.473406
1.043031,-0.878074,10.610835,-0.410285,0.058767
3.213817,-0.520617,7.991432,0.153657,0.152173
0.792751,0.736019,7.416178,0.184997,-0.237288
2.022594,0.615071,11.487711,0.031433,-0.025421
3.658243,-0.174986,10.204879,0.114504,-0.184749
1.276246,1.59179,11.907289,-0.611567,0.078828
2.73122,0.63019,9.93993,0.272995,-0.137696
1.575923,-1.470841,12.504247,0.223687,-0.19537
-1.157842,0.023801,12.133618,0.217153,-0.086583
3.569777,0.011227,8.506211,-0.123125,0.12121
0.731229,-0.797092,11.44999,0.015246,0.483223
0.454006,2.131268,11.005863,-0.371174,0.496012
0.748743,0.881816,11.230247,-0.06355,-0.07602
2.35131,0.44712,9.178164,0.226925,-0.079606
0.263302,-0.638123,11.553125,0.463192,-0.775164
2.203268,-0.798589,13.290562,-0.319108,0.241107
1.924548,-0.537832,10.468032,-0.350514,-0.200786
1.72172,0.549807,6.779552,-0.011545,0.06434
3.172054,1.614393,8.724457,-0.543591,-0.404098
-0.277523,2.485432,12.987742,-0.115854,0.20017
0.870889,-0.693208,9.824819,-0.05751,0.24166
1.008453,1.557661,11.846665,-0.005084,-0.2302
0.993334,-0.482896,11.141781,0.197085,0.190031
2.329606,0.922681,13.913267,0.040899,-0.322032
1.727707,0.318538,7.588619,0.190364,0.191486
0.958457,0.058828,9.834549,0.057573,0.167782
2.826572,-0.113763,6.93927,-0.046024,-0.310816
1.131647,1.164279,5.863307,0.495323,-0.228577
2.250271,0.256267,9.206605,-0.044957,0.267562
2.536924,-0.687969,9.796827,-0.118622,-0.032608
2.637515,0.446971,10.596465,-0.605137,0.289163
1.028362,1.218017,10.145752,0.123558,-0.08905
1.848057,0.884361,11.830498,-0.026516,-0.081483
1.012045,-0.437091,9.750723,-0.512353,-0.267053
1.945504,-0.361049,13.98886,0.089019,-0.029569
3.546425,0.161514,8.855884,0.92143,-0.098581
0.526306,1.295107,9.979298,-0.035298,0.041223
2.067201,-0.689466,7.231312,0.360424,0.253617
1.508563,1.890868,9.857451,-0.375248,0.547375
1.616189,1.221909,11.807596,0.202324,0.044507
4.157455,0.377814,10.519375,-0.999674,0.213039
2.593806,-0.977916,9.000184,-0.324529,0.071849
1.8997,-0.251178,7.639064,0.099408,-0.387912
0.876427,-0.069156,6.858288,-0.057673,-0.087714
1.707799,0.516725,6.498436,0.192005,0.492711
2.656825,-0.007634,6.327043,-0.244425,0.227606
0.453707,-1.046624,12.099339,0.000366,0.079973
2.831212,0.280068,6.79018,0.26852,-0.110091
1.867367,-0.222737,7.871681,-0.778937,-0.454258
1.832639,-0.106728,6.552474,0.022956,-0.096657
5.367239,-0.725242,10.170301,-0.051338,-0.234638
2.852169,-0.523911,7.400012,0.092415,-0.016869
2.814447,-0.737067,9.381441,-0.594191,-0.507043
-0.060325,1.996848,10.537787,-0.127808,-0.084469
1.201402,1.364413,9.087153,0.119897,-0.307856
2.072141,0.077239,8.582552,-0.149578,-0.129171
3.343597,-0.665217,9.867031,0.774985,0.318916
1.306783,0.576302,8.164322,-0.081972,0.457284
3.122357,-0.395328,7.892038,0.322955,0.013253
2.360292,0.346679,9.345815,-0.341623,-0.429117
-0.202679,1.344504,10.842553,0.223818,0.077409
2.288441,-0.435295,8.148156,0.068337,-0.01654
0.709075,0.738115,11.468401,-0.772194,0.125895
1.634601,0.776286,11.662697,-0.071494,-0.061405
1.344354,-0.463736,11.397898,-0.387359,-0.271461
2.55354,-0.178429,6.31387,0.093475,0.007343
2.185904,-1.157094,9.143436,0.635368,0.156019
3.701203,0.021256,12.369827,-0.191661,0.504554
2.85157,-0.696202,9.441766,-0.431615,0.071468
1.69283,-0.170645,7.244934,0.253569,-0.053535
0.869242,0.491278,13.263618,-0.075308,0.114061
0.935704,-2.557432,11.529474,-0.361606,-0.314944
2.092199,-0.766107,9.55014,-0.17375,-0.284053
1.456172,1.800306,11.154504,0.024307,-0.162246
1.275348,-0.941991,7.291038,0.242256,-0.117893
2.57285,0.991538,7.321275,0.211148,0.086634
2.282603,0.51463,11.204799,0.300165,-0.178682
1.40887,-0.782124,8.020771,0.443295,0.089941
2.810406,1.588197,8.8002,0.364064,0.237515
1.132245,0.16346,8.688532,-0.097392,0.022958
2.081122,1.413062,9.65148,-0.258575,0.032287
2.128274,1.156495,9.441317,0.233417,0.103681
2.073488,0.905916,7.589068,-1.009811,-0.21044
3.817661,-0.078736,8.014783,0.122477,-0.051379
1.621279,-0.66851,9.123528,0.202594,0.233665
0.949476,-0.686772,9.787846,0.359132,0.266266
2.6929,-0.394729,11.23818,-0.029074,0.017702
2.948868,1.00007,11.223511,0.45147,-0.022687
2.275867,-0.268542,9.465117,-0.058459,-0.369132
0.493673,-0.223336,9.010812,0.117773,-0.040014
1.376837,0.230521,6.991511,-0.136738,0.156572
0.978665,-0.352068,9.842632,-0.02195,-0.024864
1.54374,0.564027,10.42537,0.085046,-0.031168
3.086132,0.38485,7.757917,0.126536,0.189757
3.032544,-0.266895,7.159761,-0.035128,0.240349
3.868256,-0.962349,12.309353,-0.257106,-0.233316
2.10148,0.163161,10.980266,-0.068537,-0.346052
2.26,1.621428,11.648477,-0.327623,-0.576909
3.942052,-0.216749,10.850037,-0.063811,0.119901
4.047583,0.494422,7.54985,0.265194,-0.089284
3.760779,-0.07709,10.923085,-1.043148,0.043567
1.349144,-0.676892,9.787846,0.288708,0.004711
2.445016,0.081281,11.802956,-0.381473,-0.042544
2.12064,0.053439,6.912475,0.054554,-0.200999
3.690276,-0.831221,9.020392,-0.009443,-0.743531
3.090922,-0.429008,11.626772,0.144203,0.046825
0.685425,0.998124,6.308032,0.102471,-0.057001
1.443897,-0.17813,7.295828,0.099428,-0.018359
1.546734,-0.699495,9.205557,-0.247011,-0.135563
1.843267,1.291814,9.879755,0.236116,0.205648
1.602867,0.617616,9.499097,0.159825,-0.171344
2.80352,-0.725541,6.859635,-0.69881,0.227092
0.944386,-0.514929,12.008029,0.15052,0.165032
2.425257,1.629062,11.40673,0.134816,0.299704
2.744243,1.170566,9.312884,-0.113461,-0.027099
3.352129,0.157323,8.913365,-0.01553,-0.201407
3.73638,-0.059875,12.210109,-0.289837,-0.638487
1.292562,0.45685,11.630365,0.514777,0.131652
2.848726,-1.135389,9.868379,0.241846,-0.031994
3.032993,-0.111219,6.622079,0.169098,0.017169
2.286196,1.663341,10.271041,-0.183945,-0.141128
3.050057,-0.013921,6.861132,0.272862,-0.061781
2.836601,1.050216,11.427536,0.117527,-0.005797
3.533702,0.339344,8.524024,-0.030467,-0.208922
1.060545,-0.439187,12.655283,-0.418658,-0.420014
1.438509,-0.574954,8.666528,0.188508,0.080511
2.774181,-0.460592,6.777905,0.203303,-0.207643
1.553919,-2.545756,12.782519,0.018533,0.01124
1.469494,0.741558,7.208709,-0.081837,0.028244
3.04407,-0.213905,7.286847,-0.208713,-0.54089
2.760709,-0.575553,9.398206,0.183828,0.145368
2.668052,-0.013771,6.250103,-0.061142,0.050188
2.713407,-0.547112,9.521849,-0.273899,-0.126238
3.460055,0.034279,9.056766,0.081567,-0.322931
1.92335,-0.191452,8.210726,0.494167,-0.278394
1.666335,-0.029938,9.758657,-0.032741,0.077957
1.269211,-0.476908,9.453741,0.012743,-0.007256
2.280208,-0.225431,6.340515,0.100989,-0.330466
1.897454,0.12978,10.258916,-0.009558,0.514389
2.978506,-0.174537,8.11253,0.162307,0.05909
1.732647,0.571062,10.27179,0.105571,-0.038884
1.642684,-0.243094,9.09329,0.389768,-0.110046
3.415148,-0.573158,10.793305,-0.483112,-0.513767
3.67396,-0.330812,8.683293,-0.170516,-0.15579
0.622705,-0.075593,13.232184,-0.244805,0.298362
0.57705,-1.889521,11.438015,-0.088017,0.136998
2.786306,-0.034428,11.777209,0.00379,-0.111717
2.432741,0.82718,9.400452,0.106722,-0.146908
2.099235,1.00022,12.338093,0.846512,0.552879
3.992498,-1.054258,9.248967,0.055902,0.067068
2.451302,-0.449665,5.834417,0.030107,-0.00695
2.349963,-1.592538,10.455607,-0.306932,0.228632
3.26531,-0.50969,7.377858,0.166309,-0.031788
3.223098,0.012274,10.448273,0.066499,-0.166713
4.19817,-0.214654,10.866353,0.24877,-0.217792
3.512895,1.069975,11.579171,-0.427512,-0.078377
3.920198,-0.850531,11.063942,0.710241,0.168661
1.414858,0.540975,11.537707,-0.200291,-0.24939
2.054328,-0.767155,7.794591,-0.279032,-0.149629
3.118016,-0.495619,8.556207,0.063632,-0.150231
2.642455,-0.599803,8.153395,0.331147,-0.054567
2.597249,-0.484093,9.033116,-0.266044,0.171166
2.847079,0.603096,6.98253,0.592315,-0.054104
1.367406,-0.01946,12.673396,0.052181,0.130135
-0.927022,-0.330064,11.016192,-0.110033,-0.266553
2.33709,-0.674048,11.290421,0.173446,-0.011185
0.895438,0.849933,14.436429,0.207869,-0.09396
1.133293,-1.387016,10.521321,-0.530065,-0.386307
2.570155,-0.670605,8.97788,-0.849282,0.213619
4.288133,0.120948,12.020453,-0.089091,-0.320671
2.929109,1.013991,11.176059,0.108516,0.004165
2.571353,-0.5528,6.457272,0.117702,-0.270271
4.026178,-0.568218,8.672515,0.017842,-0.007754
1.23104,1.828298,10.12719,0.100074,0.486755
2.227518,1.089884,9.042995,0.816898,-0.137957
1.157543,-0.937351,8.866362,0.461006,-0.244931
2.949916,-0.051643,6.610254,0.228824,-0.139973
3.254382,-0.002545,5.77529,0.374181,-0.115959
1.919009,0.499362,7.349716,0.547817,-0.391927
1.734892,-0.171094,12.577295,-0.120204,0.116881
1.305735,0.758922,7.342531,0.074144,0.181516
1.472638,1.239123,8.593929,-0.139056,-0.142928
0.825234,-0.542322,10.062974,-0.056237,-0.007529
2.333647,1.005908,7.944429,0.127273,0.618671
3.79416,-0.154479,8.325238,-0.033943,-0.097805
3.533103,0.018861,10.379566,0.015815,-0.072353
2.443668,0.594713,6.737639,0.429751,0.086172
3.436404,-0.363744,6.558911,0.207947,0.04264
2.123634,1.315764,8.212223,-0.17847,0.487839
2.491718,-0.790057,9.477841,0.617841,0.588006
2.352209,-0.603395,7.925419,0.668872,-0.101328
2.022893,0.602048,8.52118,0.187384,0.260007
2.909949,-1.203797,6.870114,-0.109273,0.536121
2.765349,-0.595013,12.468621,-0.534618,0.214344
2.59665,-0.388143,7.563172,0.702775,-0.416379
0.377066,0.628842,7.755822,0.051645,-0.09899
3.905977,-1.293011,11.205548,0.771841,0.691678
1.486559,0.017065,11.46406,-0.226432,0.275461
1.70256,0.560285,7.173383,-0.096859,-0.150192
3.824996,-0.067959,9.23789,0.021649,-0.018879
-0.357307,1.632954,15.384857,0.182958,0.058239
2.035168,1.19242,11.098371,0.180275,0.248706
2.113006,-0.905467,10.353669,0.487296,-0.183915
3.857628,-1.126707,11.404335,-0.19716,-0.280628
5.081782,0.839454,10.894195,-0.465872,0.158413
2.358346,-0.911904,9.297616,-0.67183,-0.439131
1.51949,-1.709296,11.120974,0.349637,0.074627
3.027155,-0.178429,8.089029,0.189942,-0.16863
1.010549,1.067131,8.588989,0.184483,0.268572
1.800007,-0.934656,9.6898,-0.097609,-0.215517
0.755778,0.312849,7.531139,0.164348,-0.304792
2.283801,-0.910706,11.77676,-0.252495,0.189075
0.766556,0.051194,11.302696,0.128494,-0.202934
2.044449,-0.364043,6.849756,0.27404,0.201157
3.829936,-0.733475,11.115435,0.843077,-0.195784
2.838697,-0.643063,6.215525,0.22125,-0.075088
1.646726,1.046324,9.750574,-0.150056,0.24103
3.344794,-1.04842,10.082733,0.25829,0.30646
1.754801,-0.578098,9.782308,-0.331188,0.398717
0.028591,0.841999,9.434581,-0.443545,-0.618437
2.296524,-0.551753,8.94929,0.055252,0.044004
2.84199,0.281115,6.533913,0.114582,-0.025057
0.96654,0.542322,6.007158,-0.163671,-0.276583
0.757874,-0.847238,11.450888,0.156793,0.454771
3.728147,-0.449366,8.020771,0.0847,-0.26248
0.170196,0.565374,7.677385,-0.032822,0.038059
0.265847,0.987796,11.28608,-0.683709,-0.131797
0.639021,-1.094524,10.975476,-0.217555,-0.358935
3.315006,0.601749,8.333171,-0.16007,-0.268292
1.720073,-0.891995,9.720037,-0.275681,-0.021153
1.376987,0.348475,6.775211,-0.236902,-0.310352
0.88466,-1.036145,10.687775,-0.237209,-0.069488
3.011288,0.11077,11.967314,-0.180215,-0.455236
3.170706,1.363515,11.44026,-0.158795,0.176245
3.085234,0.172142,7.062613,0.193918,0.290239
2.680925,0.647853,6.418802,-0.086843,0.277177
0.318538,0.082628,10.394984,-0.152359,0.071939
2.354005,1.264121,10.717712,-0.113064,0.231354
1.963467,-0.431104,8.880732,0.054154,-0.001401
2.426155,-0.771496,6.997349,0.287885,-0.300094
1.721271,-0.473166,9.647588,-0.15034,-0.234456
1.787134,-0.585732,6.73704,-0.084735,-0.140012
1.398991,-1.182391,9.203611,0.149569,-0.358292
3.545976,-0.314795,12.577295,-0.689256,-0.077419
3.526367,-0.561931,8.54064,-0.560947,0.504931
1.9958,-0.546663,7.012767,-0.076278,-0.256429
0.436492,0.664319,7.83351,0.196825,0.104404
2.633474,0.277822,6.983727,0.183827,0.104354
1.094674,0.189955,6.211333,0.01521,0.111786
1.952989,0.102088,9.104667,-0.160079,0.169353
2.372566,-0.141755,9.474398,0.128052,0.677184
4.61176,0.319136,10.920541,0.42112,0.126323
3.619324,-0.09625,8.843909,0.104583,-0.024458
4.40983,-0.733774,11.718681,-0.13048,-0.261429
2.463427,-0.094903,6.126909,-0.586042,-0.283061
2.320025,-0.436193,7.27592,-0.037778,0.320164
2.81819,0.41823,7.48264,0.118562,0.406912
1.450783,0.9375,8.936117,-0.135381,-0.258392
0.261955,1.646277,9.315129,0.173745,0.28729
1.259032,-1.004262,10.916798,0.059234,-0.061574
0.852178,0.358205,7.265591,0.294194,0.178857
2.093397,0.228575,6.290968,-0.255247,-0.053756
1.722318,0.262404,9.154214,0.134328,0.224767
1.735491,0.432301,6.548732,0.192597,-0.198914
2.528692,-0.494122,6.977291,-0.096307,0.034382
2.951113,0.031734,12.49347,0.270758,-0.127909
3.426525,-0.407153,7.236851,0.282447,-0.560616
-0.252974,-0.139809,10.749746,-0.109138,-0.114278
1.575923,0.815804,11.927946,-0.064382,0.510335
3.541336,0.099094,8.74736,0.019127,0.107982
2.037563,0.114063,12.001293,0.033144,-0.148748
0.024998,0.7935,8.945099,-0.451437,-0.301261
2.559378,-0.184566,6.48242,0.68566,-0.159796
1.675316,0.809966,9.469009,-0.027211,0.082393
3.566483,-0.054337,9.43503,0.094476,0.160167
2.997217,-0.088915,9.317374,0.413815,-0.103458
3.288661,-0.268991,8.996142,-0.525597,-0.026572
1.916614,0.17783,6.150859,-0.343645,0.098772
1.231938,0.474962,8.335865,-0.295839,0.107338
1.959276,1.846859,8.591684,-0.324466,0.320688
3.163072,0.505648,13.374538,-0.685043,-0.115327
-3.176095,-0.148791,14.506933,-0.173947,0.083845
3.347489,-0.116608,7.877968,-0.025063,-0.19016
2.493215,0.015867,6.749764,0.407085,-0.359677
1.166824,0.420775,6.870263,0.203043,0.108995
3.401976,-0.058977,11.115286,0.214086,-0.379067
1.397494,1.704206,8.575816,-0.193618,0.209153
1.575324,-0.699795,7.426507,0.291551,0.147469
1.526825,0.911604,10.352023,0.083416,-0.029621
1.842369,0.791404,11.824361,-0.099339,-0.1362
2.082469,1.384621,11.601175,-0.09178,-0.351506
0.382904,0.853824,10.697355,-0.489931,0.057821
2.5486,0.132924,6.776558,0.252333,-0.368847
1.152154,-0.397723,14.006673,0.288847,0.019927
1.284629,1.186882,13.663586,0.115131,0.102874
1.771416,-1.107547,10.129136,-0.063471,-0.392203
2.156266,0.772543,10.261761,-0.051755,-0.27891
3.922144,-0.884511,13.282778,-0.208378,-0.157412
2.965034,0.073347,6.70336,0.292525,-0.003932
2.343527,0.461041,13.000016,0.236624,-0.031899
1.401535,0.61088,8.595725,-0.273581,0.152062
3.085983,0.297731,11.301049,0.37463,-0.352486
3.235372,-0.1922,9.855655,0.095229,-0.138546
2.808609,-0.291444,8.694071,0.083681,0.003388
1.97619,-0.106129,9.290131,-0.110914,-0.234823
3.320246,-0.446971,10.812166,-0.357634,-0.583261
1.973047,-0.367486,7.791448,-0.623692,-0.152865
2.202819,0.454605,10.924133,0.444569,0.363653
4.112398,-1.078807,10.363549,0.872731,0.575475
2.940485,-0.107027,6.732699,0.160502,0.119996
3.0535,0.13951,7.466623,0.137946,0.358706
1.707948,0.434546,10.669962,-0.272992,-0.040648
1.056802,-1.270258,9.31947,0.290703,0.071759
2.699636,0.420176,7.754025,-0.333399,-0.082886
3.578009,0.43784,8.91082,-0.168601,0.740174
2.997367,-0.564626,6.419251,0.243198,-0.125297
1.374891,-1.073418,9.1129,0.164387,0.052332
0.370929,0.984203,11.17561,-0.021968,-0.245671
1.803001,-0.371378,7.966583,-0.139805,0.066299
2.703528,-0.414638,11.544294,0.285754,-0.143989
2.020498,1.556164,8.240663,-0.816688,0.213255
0.38006,1.142873,7.442374,0.024691,0.24694
1.501378,1.140628,10.11297,0.543899,0.002769
3.090174,-0.060474,8.275092,0.228173,0.471403
3.579207,0.713716,10.494377,-0.03413,-0.127569
3.318749,-0.517175,12.066408,-0.671149,-0.269967
0.534987,0.518971,10.195299,-0.201727,-0.253728
4.290228,-0.006287,9.388177,-0.061545,0.142337
3.535199,0.240101,7.591314,0.173029,-0.042163
1.972299,0.498763,10.291399,0.128129,0.183183
1.213526,1.210084,11.269615,0.135301,0.258428
2.037563,0.155676,10.319241,-0.958371,-0.211946
3.171904,1.023871,12.349319,0.491175,-0.296501
0.931064,0.826581,6.398744,0.379253,0.085534
2.641707,-0.181572,8.691077,0.002809,0.008784
2.621349,-0.343536,6.441854,0.159411,-0.1044
1.255439,-0.064666,7.623946,-0.012817,-0.323338
2.123035,-0.033231,14.070889,-0.59507,-0.362184
1.074466,0.425715,10.106084,-0.162391,0.286825
3.171605,0.217198,11.633358,-0.007364,-0.191722
3.243306,-0.12963,7.489226,-0.116416,-0.477477
2.781965,-1.153801,10.158625,-0.033645,0.037809
2.623145,-1.128054,10.029444,0.352601,-0.446689
1.27924,1.08689,9.292825,-0.371431,-0.033859
0.578697,0.212408,8.033794,0.011737,-0.105538
1.296304,-0.256117,11.671379,-0.024269,-0.219688
2.160308,1.583557,12.898827,-0.580008,0.284612
4.629872,-1.414558,10.917697,-0.685036,0.368302
2.323468,0.085622,6.849007,0.338622,-0.113261
2.39502,-0.582589,11.093581,-0.047105,-0.247169
4.04893,-0.252675,8.47313,0.439218,0.565318
1.934727,0.170196,8.415051,0.078202,0.019736
2.740351,-0.381706,6.628366,0.092105,-0.059794
3.844455,-0.073797,9.713301,-0.013417,-0.189911
1.391207,-0.304018,7.912246,0.523293,-0.374022
1.905088,-1.059197,10.871592,0.248391,0.378308
3.967649,-1.129701,8.835526,-0.288189,0.159232
2.059417,-0.131277,8.308772,-0.033142,0.012723
1.69283,0.382455,10.676099,-0.209291,0.115688
1.393003,0.618963,8.743318,-0.133966,-0.082013
3.403922,-1.148412,12.09904,0.393762,0.018745
1.156196,0.203427,13.530214,-0.540306,-0.098626
3.037334,-0.257315,8.561596,-0.107918,-0.09966
2.549049,-0.110321,10.910661,-0.137639,0.15904
1.016985,0.27393,13.474679,0.014125,0.028041
0.299078,1.580713,9.096434,0.272806,0.073402
1.269959,0.331561,7.898026,-0.229051,-0.360654
3.675457,-0.037871,11.894865,-1.010833,0.002123
2.138603,0.072599,9.666898,0.117086,0.249216
1.772314,0.162412,8.67985,0.343962,0.298095
0.207169,-0.337398,8.900641,0.184574,-0.45538
1.48596,-0.613574,9.455238,0.224109,0.30538
3.392545,0.334854,12.072246,0.302349,-0.340146
0.986149,-0.482746,9.881701,-0.019997,-0.000256
3.484753,-0.71147,9.978999,0.248089,0.06956
2.538272,-0.736319,9.013806,0.333566,-0.406634
1.706002,0.985101,6.329438,-0.135648,0.076275
2.756817,0.02904,8.706046,-0.284322,-0.208979
1.833537,0.405207,7.061865,-0.274842,-0.30928
3.20753,-0.453707,11.206745,0.020653,-0.007257
3.466641,0.742157,13.360916,-0.03997,-0.513067
1.682501,1.361868,9.823023,0.165769,0.455002
2.699636,-0.53843,9.379645,-0.054215,0.024744
2.693349,-0.158071,9.137299,-0.175079,-0.630742
3.696114,0.369432,12.524306,-1.023291,-0.43488
0.76476,-0.93795,11.228301,0.161463,0.236919
2.310296,-0.350421,8.78568,0.295009,-0.388342
1.055006,-0.332908,12.823683,0.461437,-0.191612
-0.034279,1.252745,11.154055,-0.385843,0.378349
2.796634,-0.098196,11.832295,-0.591982,-0.442048
1.434467,0.409099,9.943223,0.226402,0.157371
1.878294,0.402663,6.735843,0.231991,-0.190464
3.950884,-0.295635,8.860375,-0.746396,-0.282686
3.42877,0.000449,7.168293,0.310519,-0.03133
3.482658,-0.405357,11.133398,-0.781832,-0.137334
3.223397,-0.180824,7.543563,0.008916,0.177429
2.412982,0.826731,8.831335,-0.451031,0.17344
2.151326,0.364043,8.265362,0.258879,-0.044246
2.841242,0.603994,12.347673,0.148294,-0.005009
0.048349,-1.13,11.136392,0.079136,0.006067
2.701432,-0.392783,12.552447,-0.078782,0.051087
2.057022,-0.194296,6.409671,0.293059,-0.02715
3.369643,-1.251248,10.788365,-0.587922,0.097181
2.241439,-0.456251,9.695488,-0.135848,-0.066994
0.795745,0.110321,11.384276,-0.064292,-0.237835
3.841013,0.353265,7.075037,0.362829,0.07479
1.617686,0.328716,6.836284,0.326846,0.036366
1.902993,0.614323,7.914791,-0.275697,0.060781
1.14946,-0.539927,8.930429,0.036939,0.202933
1.854044,0.318089,6.181994,-0.015871,-0.122154
1.607507,0.25477,14.217584,-0.457004,0.114311
3.022515,-0.965941,9.893676,0.007144,-0.082417
2.402055,1.656006,11.537408,-0.088934,0.38453
2.881059,-0.332758,12.222982,-0.128011,0.199897
0.085772,0.896037,10.522518,-0.019541,-0.073002
5.133874,-0.387394,10.335856,-0.010577,-0.283335
2.076482,-0.6251,9.849368,-0.236744,0.19728
2.672393,0.536933,9.765692,0.016691,0.090484
1.653761,0.001198,9.379645,0.024608,-0.373342
1.765129,0.48589,6.762038,0.043344,0.268127
2.363735,-0.167951,6.726113,-0.328653,0.221491
2.45714,-0.143851,7.414831,-0.585402,-0.64367
1.632805,1.146616,7.566765,0.311185,-0.197563
2.054178,-0.046703,7.110065,0.31508,0.074888
2.515968,-0.399519,11.524535,0.380677,0.123191
-0.097896,0.540077,12.126583,0.406667,-0.158428
3.268603,1.059796,8.659642,-0.173195,-0.019363
1.20724,-0.678539,9.805958,-0.040107,-0.064969
2.086062,0.852477,5.212012,0.137984,-0.237149
3.40931,-0.442929,6.245313,0.166191,0.175392
1.871558,-0.067659,7.173233,0.131227,0.062898
1.323997,0.967588,8.225695,-0.022977,-0.018631
1.598825,0.583337,7.009474,-0.108782,0.124132
3.46245,0.369132,8.313861,0.535177,-0.015227
4.319567,-0.053888,8.709489,-0.109187,-0.187685
1.540896,0.491877,10.985056,-1.194683,-0.286147
1.230741,-0.377515,11.722423,0.057968,-0.170903
3.685187,-1.515598,10.580897,0.050488,0.476446
2.933001,-0.245939,7.998766,0.052584,-0.253706
3.316952,-1.099314,8.407716,0.214525,-0.153498
1.512455,1.465453,10.60814,-0.400877,-0.291002
2.832709,0.119601,6.130801,0.160128,0.004086
3.680546,-0.498613,9.280551,0.177692,-0.139
1.694925,-1.115331,10.890603,0.107734,0.463886
2.278412,-0.121697,7.862101,0.033867,-0.042012
0.306413,0.128283,10.089619,-0.306293,0.038486
0.808169,0.238903,11.676319,0.004349,-0.040722
1.341959,-0.06751,7.466623,-0.230603,0.177303
2.823429,-1.137335,8.128846,0.013136,0.140677
1.693878,0.121098,13.328583,0.079023,-0.085298
0.70683,1.257834,7.324718,0.19244,0.222515
3.619324,-0.088316,9.005573,-0.307488,0.364549
3.36141,0.401914,9.911489,-0.015561,-0.254574
2.258204,-0.504301,7.891889,-0.444781,0.049469
2.343826,-0.424817,7.139404,0.167621,0.351707
1.576971,-0.488135,12.317735,0.003685,-0.067955
1.34166,-1.703009,11.019335,-0.278338,0.247036
0.286654,1.262774,15.241904,0.105571,-0.056348
1.892514,0.602347,8.672665,0.023248,-0.090762
3.463198,0.131876,6.293363,0.914666,0.796536
2.701881,0.629441,8.623867,-0.407304,-0.233338
2.350113,1.522484,10.803484,-0.012607,-0.021545
2.163451,1.183888,9.316177,0.551309,0.686102
3.251089,-0.7935,11.061248,-0.028468,0.174382
1.50018,0.032333,6.570586,0.418614,0.206642
1.989513,1.138682,7.678882,0.432768,0.022855
1.749861,0.061821,8.914712,-0.021692,-0.13326
3.400179,-0.223186,7.624545,-0.00187,-0.098141
2.257306,-0.431553,7.26604,-0.119611,-0.500907
1.236728,0.56747,9.190887,0.215655,-0.350571
1.850901,-0.182021,6.946155,0.039275,-0.012822
1.063688,-0.483495,9.852661,0.089224,0.149316
2.152524,-1.040187,9.551338,-0.33413,-0.621505
1.127905,0.862057,11.089539,-0.079022,-0.299165
2.108964,-0.45206,12.970079,0.036444,0.193909
2.997966,-0.925076,9.706415,0.26877,0.14221
0.708327,0.402513,14.622193,-0.049679,-0.06327
3.945495,-1.287323,10.597662,0.168115,0.334822
1.971999,0.511037,12.826078,0.201332,0.209755
3.034789,-0.24998,8.284223,0.209585,0.118952
1.917662,1.224603,13.062137,-0.16461,-0.65175
2.664759,-0.191152,8.864267,0.051478,0.305294
3.086731,0.85098,11.585907,-0.077167,-0.170236
1.00995,1.934727,9.543105,-0.026405,-0.136727
2.116748,-0.163011,7.023395,0.031443,0.232327
2.730921,-0.438139,10.860066,-0.33105,0.160365
3.10155,-0.219144,7.938592,-0.037007,-0.338244
3.042124,0.249381,7.086863,-0.428602,0.089223
0.717608,-0.060774,8.364905,0.485627,-0.075474
2.758164,-0.359702,8.779094,-0.282104,0.111538
2.436184,0.708477,8.539592,0.092576,-0.0292
1.586551,-0.62046,9.638457,-0.44919,0.953067
3.407664,0.082029,7.282057,0.29145,-0.023921
2.882705,-0.085173,6.560857,0.037249,-0.094228
2.524201,-0.345182,9.866582,0.75356,0.407094
1.510958,1.847309,12.971126,0.025824,-0.076509
3.534749,0.142653,11.619288,-0.034043,-0.252854
3.129392,0.457748,12.763808,0.167982,-0.777074
2.542164,0.221539,11.656859,0.63385,0.25621
3.218457,0.292192,7.195986,0.188008,-0.040064
1.040935,0.789608,9.954599,-0.016836,-0.078261
3.153492,0.188608,7.77109,0.083014,0.059934
2.48633,0.438139,8.115374,0.230466,-0.13005
1.508114,0.016466,6.871012,0.129872,0.190659
3.503465,-0.497416,10.491832,0.034602,-0.217943
3.524122,-0.33201,8.176297,-0.100884,-0.253905
1.632505,-0.73093,9.713301,-0.764688,-1.084979
3.943998,-1.085543,11.123968,-0.093668,0.257615
4.258345,-0.074994,10.304122,-0.034359,-0.051959
2.765349,-0.606988,7.005133,0.278834,-0.069567
1.796265,1.278342,10.222243,-0.071169,-0.85103
3.257975,-0.028441,11.614797,0.030265,0.082026
2.123933,-0.042212,13.116324,0.022753,-0.11522
1.640888,-1.294658,8.854088,0.08825,0.075814
3.277734,-0.351319,6.863378,0.367326,-0.146601
2.113754,-0.781974,7.538923,0.494048,0.018059
1.929188,0.972378,13.183984,0.336901,-0.121813
1.448388,-1.143322,8.385412,-0.337609,-0.41533
2.275867,0.138013,11.980786,-0.145598,0.265217
2.549199,-0.218546,8.978479,-0.047451,0.337273
1.892215,0.308209,8.173154,0.049895,-0.132081
1.608854,1.261577,8.339458,-0.182758,0.029668
0.588726,0.709674,7.6943,-0.01936,-0.09027
0.201331,-0.498164,12.518767,0.401292,-0.491561
3.9434,0.17813,9.265882,0.171703,-0.049746
3.83727,0.199984,10.859318,0.064018,-0.203318
1.624272,-0.895139,9.61271,0.302955,0.285642
2.007176,-1.231639,11.387869,-0.046512,0.11225
1.55347,0.823288,10.904973,0.099756,0.094562
0.763562,-1.693129,14.765894,-0.131892,-0.416645
2.338138,-0.299377,8.621172,-0.414005,0.042917
4.624932,0.293989,9.431288,-0.510027,-0.46915
1.818868,0.612077,8.040979,0.161889,0.234254
3.119064,0.383053,8.2471,-0.320525,0.289241
1.882635,1.637744,8.570278,0.085579,-0.1945
4.562961,-1.769321,10.965597,0.002904,-0.107914
2.271377,0.689167,13.071568,-0.167041,-0.312915
0.493224,-0.310305,11.481424,0.48962,-0.03651
3.55855,-0.193548,6.7803,-0.082935,-0.185671
3.757786,-0.002395,10.799742,-0.007942,-0.357754
3.555856,0.387394,10.292896,0.115153,-0.107896
1.379531,-0.395927,11.068583,0.093393,-0.002637
2.461781,0.632285,7.098389,0.106463,-0.023146
2.875071,-0.771645,13.937816,0.268797,-0.060871
1.556164,-0.329914,7.850575,0.370152,-0.211205
1.162333,-0.011376,7.276219,-0.274842,-0.403946
0.453707,1.053809,13.070819,0.292637,-0.041493
1.295706,0.486638,13.074412,-0.230372,-0.239121
0.200433,0.866398,9.227861,0.22413,-0.453082
1.554817,0.473316,13.79157,0.053039,-0.152202
2.681524,0.293989,13.221107,0.191555,-0.131562
0.198038,1.705404,8.592133,-0.050011,0.045462
1.694027,-0.017065,9.682016,0.224592,-0.14398
2.374362,-0.052541,6.497389,0.07259,-0.04587
3.137775,-0.151186,7.966883,0.182974,0.222637
1.879941,0.444276,9.566906,-0.010493,-0.000688
1.727408,-1.085094,9.262439,-0.158663,0.57469
0.719853,-1.180894,8.148306,-0.635549,-0.352408
3.447631,-0.414039,8.344847,-0.050784,-0.136584
2.763553,-0.782573,9.327703,0.24715,-0.123845
3.32294,0.051343,10.434052,0.075078,-0.170321
1.859134,0.177381,9.40105,0.135858,-0.409497
2.119443,-0.438438,8.25653,0.001243,-0.045602
3.638035,-0.743055,10.99299,-0.369709,-0.357435
4.216881,0.045655,11.153307,0.045182,-0.433803
0.814007,-0.710722,10.783875,-0.013297,0.190581
2.786456,-1.261427,10.69002,0.106193,0.011501
0.948278,-1.57263,11.687396,-0.057927,0.001009
3.014132,-0.87987,10.074051,-0.111329,0.093803
2.212998,-0.376467,11.865226,0.050056,0.001153
1.844764,0.788261,7.706125,-0.329344,0.182447
0.670605,-0.162861,7.589967,-0.251287,0.360079
1.56275,-0.671803,9.054671,-0.198857,0.208168
-0.41838,0.13936,10.864557,0.236619,-0.001744
2.304608,-0.651146,11.955339,-0.889584,-0.248821
2.218686,0.029938,7.803123,0.741785,-0.375129
1.219813,-1.135239,9.349408,0.12495,-0.182922
1.196312,-1.337169,9.330697,0.382749,0.157484
2.102977,-0.282163,7.473359,0.335651,0.085278
2.931654,-0.408051,8.390202,0.031974,-0.015951
1.835333,-0.107477,8.927286,-0.398975,0.173915
2.658023,0.077389,7.081175,0.054824,-0.060936
2.337539,0.024699,8.591234,-0.128462,-0.086156
2.138902,0.212857,12.885055,0.050745,-0.258784
2.536924,-0.453557,7.228618,0.162747,0.015408
2.062262,-0.488883,6.91966,0.565191,-0.077295
2.823578,-0.824036,11.013797,-0.390854,0.247193
1.341061,0.297132,6.819668,0.12091,0.366052
-0.633483,0.914149,13.827047,-0.869107,-0.143095
1.080004,-0.482447,9.878258,-0.128839,-0.13603
4.293073,0.18262,10.743609,-0.254143,0.122388
1.973646,0.459095,7.34777,0.339792,-0.166318
2.911895,0.160017,7.844138,0.575411,0.184166
2.634821,-0.108973,6.749764,0.323059,-0.113226
1.654958,0.705184,8.208031,0.167247,0.150381
2.585424,-0.478705,7.257508,0.132374,0.090857
2.10133,0.012125,7.17458,-0.052279,-0.24968
2.350861,-0.32722,7.718549,0.171979,0.147038
0.497565,-0.662373,9.945468,-0.057213,-0.218822
1.466351,0.721799,13.415103,-0.909768,-0.446769
3.562891,0.0723,6.314619,0.279064,-0.159365
2.351909,-0.889151,9.312135,0.313932,0.102485
1.893113,0.044008,12.425212,-0.026646,0.103444
1.860481,0.052541,9.549392,-0.158494,0.085328
3.734584,0.304617,8.013436,-0.064925,-0.140327
1.994303,-0.789159,9.331295,0.392056,0.311703
0.705184,0.883163,7.277417,0.126982,-0.162911
1.997297,0.156724,11.412717,-0.145833,-0.424875
2.759362,-0.294887,6.611601,-0.063378,-0.083902
1.825304,-1.475033,9.289532,-0.006383,-0.008975
2.177073,-1.2984,9.588161,0.183684,0.032328
1.31756,-0.67345,10.249187,-0.054225,-0.048809
4.01076,-0.465233,8.64647,0.152242,-0.150492
1.362467,-0.867446,8.80005,-0.000499,-0.029917
3.094665,0.34159,8.292905,0.378674,-0.119343
4.200715,-0.958906,10.995984,0.257856,-0.150283
2.829416,1.606609,12.681928,0.495301,-0.325865
0.768652,-0.781674,11.501782,0.078097,-0.288034
3.133883,-0.175884,8.177345,-0.149772,-0.01737
3.498525,-1.033301,11.646082,0.039974,-0.060032
1.897754,0.104782,8.133935,-0.097541,0.199887
2.042054,-0.423769,9.292376,-0.148167,-0.40799
0.704435,0.255968,8.972641,0.070031,-0.002127
1.773213,0.007335,7.203021,-0.539903,0.360244
1.520538,-1.277144,9.38204,0.104879,0.02605
1.244512,0.795596,9.313333,0.044657,-0.066888
2.439776,-0.827479,10.104438,0.159558,0.576871
3.838767,-0.351619,9.765992,0.008285,-0.155683
1.137485,-0.315244,11.316018,-0.001807,0.269258
1.001268,0.164957,7.621401,0.211789,-0.042077
2.580484,0.244442,11.475586,-0.303252,-0.200368
3.614534,0.084424,8.274044,0.10509,-0.045885
1.461561,-0.006586,5.82843,0.026856,-0.129485
2.652933,0.621358,10.473121,0.322865,-0.035513
2.217638,0.851729,12.423415,0.035313,0.005074
2.415527,0.65414,11.216625,0.238385,0.377334
2.254462,-0.230371,9.114846,-0.442368,0.150555
1.969005,-0.67824,9.692943,0.322381,0.188765
2.627935,0.576601,9.114696,-0.099727,-0.116942
3.775,-0.244891,10.843451,-0.075416,0.099206
2.79858,0.341739,6.102659,0.099208,0.085612
3.578908,-0.113165,11.38248,0.080522,-0.263929
1.819766,-0.24025,6.875203,0.19858,0.128006
2.459835,1.769021,15.23442,-0.627907,-0.710477
0.949326,1.499731,10.966794,-0.281121,0.066559
4.327651,-0.161814,10.856174,0.251717,0.157523
1.715283,1.388064,8.780441,-0.223278,0.117064
-0.496667,-1.429827,12.695549,-0.193626,0.027158
1.223556,0.348625,7.602391,0.122406,0.072453
2.785557,-0.419278,9.332493,0.425593,0.251211
1.41875,0.364791,13.517341,0.024412,-0.324235
3.111879,0.026495,6.245462,-0.253453,0.131193
3.916456,-0.317789,12.992233,0.256542,0.225555
1.600172,0.474663,11.181747,0.036943,0.05669
4.380042,-0.128882,10.469079,0.014565,-0.275862
0.721051,-0.708477,9.782757,-0.11546,0.011498
1.431324,0.678689,6.654412,-0.210361,-0.114547
2.244582,-1.104852,10.593321,-0.816661,-0.182298
3.140769,-0.059277,8.544532,0.177871,-0.044718
1.75031,-0.267045,7.402257,-0.113338,0.213726
1.271157,0.51478,15.634089,-0.337196,0.323341
3.522176,0.188608,11.780353,0.003088,0.273016
1.879791,-0.021256,5.856571,-0.454326,-0.509256
0.628094,0.385748,12.082424,0.009967,-0.024024
1.184337,0.290845,6.907386,-0.145593,-0.257808
2.297273,0.295785,8.402477,-0.052136,0.275193
2.910398,0.196392,5.512736,0.259409,0.018616
1.02926,-0.663121,10.067914,0.358571,-0.234281
1.906436,-1.464854,10.055789,-0.482123,-0.170472
0.233963,0.544418,8.352481,0.3144,-0.038711
2.812651,0.629591,11.46421,0.304879,0.043008
1.397943,-1.421145,8.358918,0.119434,0.091329
3.054398,-1.118474,10.953921,0.242005,-0.202163
2.091451,-0.724044,10.431059,0.029934,0.300723
3.271148,-1.288221,8.585097,-0.181978,0.085009
2.414778,0.740959,7.372619,-0.044268,0.424803
2.996768,0.342637,12.64241,-0.117695,0.184338
0.989293,0.445324,10.110725,0.279269,-0.604968
2.689607,-0.741408,11.468551,-0.510552,0.289586
3.859873,-0.036075,11.63261,0.058738,-0.102389
2.560426,0.683329,7.582782,0.032042,0.126368
1.45243,1.109792,6.387816,0.079,0.201254
2.747836,-0.249681,8.529563,-0.101763,0.143447
3.095712,-0.238604,8.927585,0.271591,0.684311
1.506168,-0.785866,10.190509,0.261208,0.181041
2.546355,-1.742526,11.31018,-0.136396,0.071252
4.489913,0.199086,10.926229,-0.848271,-0.72099
1.51455,-0.683928,7.634125,0.104882,0.058956
2.681374,-0.069007,8.389155,-0.022122,-0.683934
1.632505,-0.252375,9.092692,-0.145002,0.46377
1.202449,-0.186063,9.820927,0.043163,-0.350945
0.878373,-0.629142,9.819879,-0.598388,0.71564
4.369863,0.232167,13.166919,0.272772,-0.047031
3.312312,-0.26929,6.979686,0.05895,0.071516
2.981201,0.496967,13.222903,-0.00119,-0.184692
1.623524,0.532143,6.76129,-0.366082,0.085075
2.559677,0.205972,6.856941,0.141285,-0.130973
1.927691,0.102986,10.20907,-0.037819,0.075036
0.832269,-0.642763,8.170759,-0.170999,-0.002285
2.008224,-0.321681,6.619684,0.036181,-0.471942
1.594185,0.659978,5.639822,-0.044746,-0.513739
3.029251,-0.664468,8.889863,0.650327,0.236248
1.506617,0.133073,7.950866,0.099223,0.172536
1.509162,0.135019,8.732541,0.250385,0.152624
0.582139,-0.490979,8.772807,0.017492,0.015568
2.147285,-0.260159,9.15122,-0.399955,0.078195
2.844834,-1.330433,9.399554,0.298634,-0.374497
3.5105,0.161215,9.614806,-0.563896,-0.468495
2.640359,0.17813,6.96801,0.810209,0.002341
1.62562,-0.360151,7.658674,-0.016476,-0.014752
3.328478,-0.431702,11.44011,0.377628,0.094099
2.703528,0.130978,6.820716,-0.049378,0.10718
3.398982,-0.299527,8.61758,0.095364,0.041153
2.289938,0.725092,7.408993,-0.744498,-0.29571
2.235601,-0.671204,8.587792,-0.06429,-0.225597
-1.331631,1.586251,14.735956,0.302739,-0.148644
4.526737,-0.25986,8.850645,0.141736,-0.290833
1.685495,-0.576152,8.460556,0.232141,0.027852
1.582509,0.714015,12.776232,0.080966,0.468283
1.516646,-0.544118,9.654473,0.073109,-0.086396
2.150728,-1.231639,11.412268,0.080785,0.170611
1.078657,1.380429,9.081764,-0.053833,0.147791
3.548072,-0.039069,12.868141,-0.17195,-0.327529
1.616039,-0.941542,9.457333,0.038348,-0.052242
2.376308,-0.152383,7.072343,0.041467,0.436959
1.382675,-0.610431,9.604477,0.01574,-0.009685
3.367397,-0.931513,11.839629,0.160507,0.007915
2.40445,-0.580044,6.463559,-0.081845,-0.154102
2.253564,0.561632,8.433912,0.179373,-0.068591
3.179239,0.077389,9.740694,0.125437,-0.10129
3.766318,0.181273,8.72326,0.024297,-0.080572
2.946622,-0.063468,8.451575,-0.084625,-0.248231
1.564097,-0.970881,11.032358,0.148554,-0.146463
-1.39435,1.367257,13.576767,0.135218,0.122305
1.337169,1.410667,9.058563,-0.539248,-0.27829
1.069227,-0.732277,13.150753,0.266253,0.222276
4.849615,-0.096849,7.61257,0.193361,0.039464
2.263144,-0.001647,7.813152,0.159056,-0.03943
3.966452,-0.437241,11.200608,0.197337,0.697078
3.325634,-0.680335,11.545192,0.254774,0.001394
2.434537,0.663271,9.784403,-0.035354,-0.106586
3.178041,-0.103136,9.191486,-0.231828,-0.235413
1.491648,0.946182,6.430927,0.335996,-0.311339
3.139122,-0.08158,12.220288,0.10877,-0.039445
1.580713,0.026196,12.814702,0.119537,-0.14625
1.849704,-0.715063,9.33384,0.584242,-0.247021
1.544339,1.38971,7.707622,0.246387,0.139921
0.141606,0.36045,11.481574,0.174537,0.086789
1.968107,-0.251627,9.141939,0.337121,-0.064459
3.533552,-0.008233,12.420571,0.175192,-0.01574
0.720152,-0.272284,11.490256,0.022578,-0.013188
2.186054,0.019909,6.902297,-0.74141,0.238496
0.58678,-0.318089,12.057426,-0.148104,-0.113022
-0.251327,1.009201,13.997841,0.187978,-0.007596
1.739982,-0.181572,14.526692,0.029782,-0.130622
2.867886,-0.689616,8.912167,-0.204836,0.318679
3.931275,-0.999322,11.167677,-0.724572,-0.184194
2.141297,-0.319136,7.776928,-0.070723,-0.254902
2.76969,-0.777633,12.8876,0.02706,-0.182334
3.199297,0.186662,8.273894,-0.117224,-0.456268
0.635728,-0.757425,11.034753,-0.033688,0.084449
0.543969,0.5531,10.474618,-0.240573,-0.186536
2.232607,-0.156724,6.755003,-0.101159,0.03655
0.456102,1.534309,10.032587,0.301902,0.087129
1.600921,0.042661,12.269535,0.284319,0.339149
2.537374,0.242795,7.301367,-0.857646,0.218161
1.824706,-0.204624,7.981403,-0.099549,-0.115415
1.341211,0.011526,8.83388,-0.807843,-0.46088
1.883833,-0.741708,7.726782,0.049674,0.067736
2.442471,0.536784,11.423644,0.032674,0.084504
3.50541,-0.126337,8.286768,-0.20039,0.109311
2.518962,-0.964594,9.937385,-0.17171,0.35349
2.200424,0.280966,7.104825,0.293235,-0.038536
1.355731,0.036823,6.845415,-0.019359,-0.018251
3.469485,0.777783,11.140583,0.113807,-0.211165
2.714006,-1.122216,8.966354,-0.169785,0.317428
2.651436,-1.129102,10.683733,0.203239,0.517724
3.033442,0.012125,8.204289,0.048907,-0.001229
2.160757,-0.287103,7.713609,0.09089,0.045777
1.762285,0.72629,8.437205,0.182738,0.291787
2.411036,-0.455952,7.682474,0.182813,-0.061374
1.088686,0.965642,12.013268,0.289287,0.251525
5.764064,-0.883762,10.28586,-0.034997,-0.431528
1.994752,0.131576,7.781418,-0.281854,-0.305882
0.574206,0.606239,8.846304,0.320302,-0.05505
2.96219,0.989293,12.699591,-0.398994,-0.087871
0.856369,-0.654738,8.759485,0.123281,0.068087
1.695075,0.521665,6.784043,0.154598,0.084576
1.431174,0.048349,11.096275,-0.348256,-0.510385
1.939666,1.662443,11.800112,0.321727,-0.392479
2.584076,0.038919,6.623876,0.188843,-0.008816
2.02439,0.772993,13.053605,0.078269,0.686035
1.919758,-0.633183,10.15638,0.007717,0.060127
2.973716,0.577798,12.130924,-0.131222,-0.673009
2.204166,-0.725691,7.879914,0.10456,-0.151017
2.980751,-1.249003,10.814262,0.01177,-0.054399
1.893413,0.267045,12.209211,0.170799,0.226585
3.513494,-0.739462,9.197773,-0.432498,0.388496
1.670077,-0.281864,9.141041,0.272573,0.215211
3.501369,-0.321382,12.061618,-0.073527,-0.030068
3.599116,0.048799,8.865165,-0.095051,0.13502
2.806813,-0.129181,6.224955,0.024175,-0.260007
2.798131,-0.161963,8.566386,0.106288,0.153301
0.779579,0.363744,9.959389,-0.808084,0.329865
3.160378,-0.44263,8.71862,0.275779,0.072966
4.177962,-0.450713,9.593101,-0.192372,-0.343596
2.606679,-0.029638,8.780591,-0.016701,-0.198494
1.785038,-0.712967,9.420211,0.021106,0.026315
2.989134,-0.117057,11.133398,-0.002141,0.014561
1.85644,0.173938,7.986342,-0.124802,-0.178073
3.578309,0.484842,7.941436,0.097431,-0.106426
3.187023,-0.928369,7.943681,0.261066,0.119564
3.771258,0.072599,12.394825,0.380377,0.606193
3.08703,0.13951,8.665031,0.386237,0.737307
3.108735,-0.070503,7.097491,0.376417,0.030966
3.942502,0.181722,9.931547,0.169255,0.211348
2.470463,0.291444,6.811136,0.187104,-0.059328
2.070195,0.301473,6.589297,0.247341,-0.011377
2.419568,-0.083975,8.204439,-0.095992,0.107989
0.726439,0.33186,8.976683,-0.328393,0.338543
3.51514,-0.382305,8.183931,0.138895,-0.315901
3.432512,0.133822,9.420061,0.260504,0.180485
2.571053,0.333057,8.089777,0.074109,-0.226482
3.235073,0.314646,7.595206,0.003107,-0.163129
3.013982,0.044907,11.226953,0.034908,-0.064189
-0.229622,-0.29818,9.161698,0.064056,-0.209726
2.617158,-0.890798,8.69931,0.134431,0.108592
-0.92313,0.85577,12.068653,0.22607,0.367755
3.343148,0.416883,9.542506,-0.044448,-0.087084
3.469934,-0.382155,7.199578,0.416799,0.042309
2.647395,0.140109,6.931636,-0.002281,0.22374
1.398841,1.028062,11.306139,0.113874,0.015535
1.344504,-0.520019,9.806857,0.006594,-0.163239
1.498534,-0.816851,10.979817,0.221102,-0.132157
4.270619,-0.318987,11.29596,-0.02579,-0.02053
3.294798,-0.651445,9.430689,0.106857,-0.320615
1.166524,0.085173,9.631721,-0.138132,-0.209824
2.853666,0.045056,6.192922,0.649352,-0.017071
2.600093,1.387764,9.989926,-0.215333,0.444507
2.634971,0.508193,12.159664,-0.531642,0.241323
0.914897,-0.614921,9.816886,0.607037,-0.03605
1.148562,2.213896,10.687924,-0.357056,-0.208972
1.801204,-0.830772,8.397986,0.204895,0.64502
1.19272,-0.227677,12.472663,0.197503,-0.12806
5.10693,-0.011825,9.934541,0.015698,-0.003322
2.804568,0.094603,9.014854,0.146626,0.149798
1.884282,0.675695,12.847034,-0.050883,0.011486
2.007625,-0.786165,7.5256,0.093587,-0.046047
1.376837,-0.922083,13.364359,-0.113197,-0.355706
1.933679,-0.361199,7.36214,0.346219,-0.244232
0.733325,0.025746,8.427625,-0.173012,-0.100271
1.594484,1.275198,9.055269,-0.579662,0.095152
4.598887,-1.519191,10.83447,0.601321,0.100337
3.768713,-0.73078,11.793825,-0.291652,-0.211569
2.939886,-1.278641,10.354717,0.548576,0.344451
3.592829,-0.032932,11.676319,0.128453,0.264922
3.088677,-0.960852,8.190069,0.06737,0.466318
0.742905,-0.414338,9.845327,-0.422442,-1.141854
2.599045,-0.529449,10.03588,-0.187426,0.018493
3.1499,-0.167502,9.284144,-0.654114,-0.145081
4.355493,0.25492,7.815248,-0.076309,-0.30219
2.209106,0.470023,6.457122,0.353008,0.009853
0.585732,0.962199,11.253897,0.340919,-0.032661
1.846261,-0.630639,9.65627,-0.710651,0.171473
3.449577,0.412243,8.540789,0.089496,0.146261
1.15904,-0.75997,9.871223,-0.099411,-0.31378
3.256179,0.446072,8.359666,0.013958,0.239206
0.114811,-1.070274,8.500074,-0.270985,-0.341368
3.840114,-0.380359,8.873547,-0.062983,-0.132498
2.800826,-0.078886,10.176139,0.231787,-0.28001
2.878664,0.463586,8.53091,-0.024997,-0.054139
2.573448,0.689616,7.803722,-0.70911,-0.153283
2.337988,0.879721,9.611662,-0.570027,-0.505156
2.360441,-1.167422,9.052874,-0.365659,0.267092
4.382137,0.923579,11.22845,-0.415432,-0.511456
2.041006,-0.098495,7.405999,0.039632,-0.015217
2.263144,-0.406704,6.894812,-0.139776,-0.007909
2.809358,-0.462688,12.339141,-0.244047,0.213422
2.857558,0.214953,5.313351,0.201602,0.154578
1.31756,1.18299,10.185719,-0.366874,0.044235
2.360142,-0.077838,13.555062,-0.089474,0.216276
2.444866,-0.588127,8.521479,-0.074722,0.041753
2.985991,0.154778,6.710845,0.474099,0.167616
4.456533,-0.77913,11.119627,0.10459,0.147756
2.315086,-0.311502,7.577093,0.271177,0.08868
0.837059,-0.804277,9.914483,0.019899,-0.003677
2.744692,0.21136,11.694731,-0.080055,0.343823
1.467099,-0.639919,9.718241,-0.026565,-0.030301
1.133293,0.777334,11.578423,-0.270108,0.17611
2.101031,0.930764,8.000862,-0.239619,-0.160996
3.503015,-0.598905,11.973152,0.205214,-0.087467
1.848506,-0.622256,7.906708,0.061079,0.043029
3.444936,-0.439187,8.478968,0.11282,-0.247816
2.261647,-0.048948,7.389533,-0.197968,-0.427551
3.30857,-0.753683,8.952583,0.129978,-0.063344
0.46164,-0.21136,13.590987,-0.374201,0.310361
2.132466,0.3847,6.141728,0.233683,-0.04798
1.366658,0.516127,7.437583,0.312989,0.113834
1.988615,0.992436,8.206684,0.009556,0.407425
3.422483,0.202828,11.322305,0.252304,-0.275904
0.887205,-0.451162,11.077265,-0.162294,-0.264493
3.605852,-0.864303,11.30539,-0.00221,0.177598
2.09175,-0.623753,8.387358,-0.018768,-0.011942
2.170486,-0.538281,11.532169,0.152388,-0.037956
0.760269,0.361798,13.728701,0.145749,0.301252
3.678002,-0.717159,11.706855,-0.158677,-0.453888
1.653761,1.066981,6.132448,0.015745,-0.113975
0.400268,0.472268,11.809841,0.228212,0.012209
1.262624,0.686323,8.607551,-0.1995,-0.126796
2.805017,0.828976,7.951315,0.077798,-0.307114
2.807711,1.023871,11.842324,-0.037176,-0.521055
2.839745,-0.236658,7.704329,-0.203655,-0.097173
3.779341,1.625769,8.550369,-0.471132,0.066742
3.033292,-0.382155,9.040151,-0.027276,-0.200455
3.179089,-0.440983,6.86233,0.104833,-0.040143
1.933529,-0.669109,11.081306,-0.006667,-0.398886
4.011658,0.694855,9.161998,0.166709,-0.179611
2.465972,-0.186662,7.292984,-0.235495,0.124863
1.87066,0.676743,5.163063,-0.03644,0.020041
3.100952,-0.166903,7.985294,0.0716,-0.127487
1.72651,0.401315,7.004534,-0.06531,-0.16979
1.655108,1.097967,8.769364,0.134108,0.55925
0.166154,0.193997,13.991255,0.252679,-0.017535
2.671195,-0.322579,7.668703,0.138489,-0.320542
5.716313,-0.715662,11.534863,0.225964,0.331369
1.126707,-1.470392,9.121582,-0.615155,-0.651293
3.229235,1.215921,12.621753,-0.268827,-0.26453
2.598447,0.234113,11.023377,0.570953,0.115807
3.316952,-1.271755,9.341325,-0.629741,-0.515909
0.718506,0.76925,14.161002,-0.074992,-0.084028
3.591182,0.174537,9.914183,0.02549,0.040435
2.906805,-0.171244,6.236032,-0.267892,-0.147869
1.949995,-0.866099,9.542806,0.321691,-0.020067
4.128565,-0.004191,11.514505,-0.090934,-0.15201
3.558251,-0.044158,11.468252,0.219526,0.063273
-0.664618,0.228724,10.782977,0.130504,-0.131255
1.575923,-0.149389,7.01142,0.044118,-0.421463
2.882256,-0.223635,6.06868,-0.277245,0.224247
0.552202,1.149011,11.836187,0.34565,-0.127536
3.292104,-0.338596,6.513555,0.053289,-0.063193
1.417103,-0.318987,7.20841,0.20355,-0.060336
3.203937,0.319136,10.846445,0.165926,-0.26871
3.427273,0.2883,7.110963,-0.128848,0.066226
0.458047,1.031655,6.544241,-0.456551,0.22491
2.871628,-0.401315,7.818841,0.165753,0.047049
2.246229,0.13951,6.184988,-0.441951,-0.067758
3.346142,-0.020657,7.108867,-0.57791,-0.06129
1.77441,-0.301922,6.825357,0.162971,-0.319547
0.873733,2.128574,10.710228,-0.267685,0.188399
1.967209,1.244512,9.430539,0.144647,0.381906
4.312233,0.097597,7.613617,-0.026627,0.274826
2.925217,0.176483,8.645122,0.135221,-0.000813
2.542912,-0.204026,6.8764,0.247119,0.009241
2.651885,-0.012574,11.593391,-0.130925,-0.158166
1.897604,0.228575,11.445798,0.00301,0.071472
3.413951,-0.078287,11.733949,0.109609,0.257748
1.814078,-0.22603,9.620344,0.099528,-0.05001
0.971929,-0.111668,9.080267,-0.025726,-0.006127
0.779729,-1.368454,9.735605,-0.260795,-0.118783
3.300636,-0.263302,8.75185,-0.478556,-0.377441
0.640967,1.595831,9.434581,0.006037,-0.219657
3.124004,-0.189656,10.928025,0.335461,0.151515
-0.953367,-0.463586,11.064391,-0.033234,-0.164919
0.853824,0.697849,8.262817,0.06887,-0.071193
2.032623,1.272354,12.89748,0.218466,0.036987
0.549507,0.610431,7.603738,-0.862678,0.369276
2.247277,0.424068,12.083472,-0.080063,-0.304649
4.70322,-0.651296,10.108928,-0.11221,-0.147919
2.210004,0.20657,7.829019,-0.824851,-0.332284
1.574426,0.361498,14.461727,-0.550026,0.503604
1.261427,-0.667911,9.63666,-0.791195,-0.238214
0.201481,0.270787,9.012458,0.444245,0.029733
1.938319,1.444047,7.171287,0.223401,-0.159346
0.886457,-0.949476,8.215366,-0.368932,0.164482
1.380429,0.417182,8.90109,-0.270504,-0.023977
2.011218,-0.299377,11.91148,-0.286893,0.372159
1.383872,-1.643732,9.472153,0.474967,0.189891
2.506687,0.273332,8.147557,-0.039464,0.078093
3.137176,-0.375569,7.683672,0.078643,-0.475731
1.758693,0.38964,7.549102,-0.197236,-0.141948
0.74066,-0.555645,7.469467,0.27739,-0.019346
2.613415,-0.315694,9.590257,0.143856,0.687956
1.542692,0.229323,7.650141,0.12872,0.091431
1.009501,-0.053439,6.754254,-0.157785,-0.214234
2.183809,-0.833616,10.146351,0.101879,0.024797
-0.11062,1.529819,12.841047,-0.294046,-0.025635
1.413062,-1.067281,11.183993,-0.09513,-0.52036
1.923799,-0.409249,7.644304,0.093123,-0.016007
2.559827,0.082778,7.758815,0.184928,0.208221
0.385299,0.291594,13.567037,0.327556,-0.224728
3.142864,-0.052092,8.122709,0.05975,0.136958
2.287094,0.107776,7.060368,-0.182425,0.46844
3.587141,0.184267,11.576926,0.148034,-0.086911
1.145418,0.812361,8.522976,0.512534,-0.228506
2.303709,1.511706,8.713979,-0.889952,-0.45757
0.468526,-1.174308,10.845996,-0.25485,-0.181358
0.215851,0.682431,11.084749,-0.204618,-0.085854
2.235152,0.641716,13.192965,0.080397,-0.476042
0.028441,-0.08188,13.406122,-0.025951,0.114017
1.42818,1.213676,8.641979,0.337023,0.076477
1.839525,0.224683,10.197245,-0.032311,0.037874
2.511477,0.039668,6.902895,0.159439,-0.269259
3.190316,-0.134271,9.099727,-0.003571,0.130784
2.121838,-0.335303,7.673493,0.170174,-0.033087
3.804938,-0.320783,8.428822,-0.091523,-0.123047
3.903283,-0.612975,8.437205,-0.134155,-0.048817
2.634671,-0.331411,14.617403,0.286862,-0.197648
0.728236,0.734972,6.537954,-0.440078,0.262027
3.78952,0.486339,10.330767,0.08755,0.31877
1.705853,-1.576671,8.121212,-0.270784,0.002123
-0.151485,-0.356559,12.914245,0.173587,0.019483
0.56762,-1.076861,9.047336,0.260775,0.31248
2.710863,-1.464854,11.409125,-0.027089,-0.306011
3.493286,0.260758,6.896309,0.182083,0.295119
2.12528,1.295406,9.884246,-0.201596,0.352918
3.810925,-0.931214,10.773546,-0.005547,0.383331
0.733924,-0.693807,11.155702,0.333388,0.182915
0.837658,0.107776,9.720935,0.567294,0.180322
2.674488,0.071402,8.466095,-0.445743,0.503122
2.590363,0.209265,12.200529,0.147434,-0.108728
1.092279,-0.371677,10.312505,0.560352,0.533881
3.350932,0.263153,9.523496,0.193632,0.587809
3.302582,-0.227377,6.820117,0.107089,-0.025994
3.753295,0.091909,10.735376,-0.319526,-0.118331
2.085463,-0.045505,6.987769,-0.669441,0.075428
2.869233,-0.133672,6.893166,-0.050908,0.122767
2.888843,0.323477,8.851393,0.137186,-0.131375
2.654131,-0.105381,6.878047,0.199859,-0.013732
0.579146,0.060025,14.31563,0.72597,-0.102395
2.485432,0.526755,8.849298,0.043082,0.399072
4.615652,-0.73078,10.983111,0.070103,0.350582
1.819017,0.380209,6.854995,-0.307519,-0.408494
1.858984,0.765358,12.657529,0.026551,-0.248369
2.088307,-0.743354,8.632698,-0.204825,-0.020426
3.232378,0.294138,11.025921,0.161749,0.22814
1.09662,1.020877,8.925938,-0.376724,0.217109
1.973795,0.425715,8.551717,0.062752,0.018903
0.992586,0.603844,10.336755,-0.0462,-0.148376
1.491199,1.050066,12.277918,0.165641,0.077558
1.025218,0.161963,6.504873,0.102454,-0.042767
0.647104,0.767304,14.368171,-0.109161,-0.102458
1.681603,0.518971,7.983049,0.04689,-0.581672
1.939517,-0.073497,7.35765,-0.303616,-0.032148
1.145867,0.828228,8.717272,0.243028,-0.19173
3.271746,-0.167202,11.229049,0.114548,-0.206302
1.460064,1.33702,10.658885,-0.269227,-0.432104
1.697021,0.208516,10.381811,0.226497,-0.142418
-0.136217,0.658331,10.873688,0.366789,-0.159714
2.840343,0.330064,10.876682,-0.620034,0.276648
1.714535,0.622705,7.96808,0.268096,-0.347976
3.743865,-0.14894,9.798923,0.340238,-0.147593
3.802543,-1.057701,11.308085,0.008079,0.491568
-0.153431,0.129331,10.039772,-0.312805,0.204704
1.088536,0.291294,8.181237,0.398704,0.137784
1.422492,-0.723446,8.912616,-0.240335,-0.15831
3.016976,1.31277,12.875775,0.005149,-0.077484
3.069218,0.002245,7.392527,0.402967,-0.196828
3.468437,-0.162113,10.889555,0.044879,-0.099435
2.887795,-1.012195,10.795401,0.250416,-0.072317
3.703598,0.00973,9.087602,0.219684,0.087681
3.207081,0.306562,11.178454,-0.015176,-0.016251
0.359702,-0.20657,10.372381,0.489259,0.210256
0.671953,0.094304,9.990076,-0.193283,-0.173311
2.241289,-0.580044,7.177874,0.033066,0.632326
2.023642,1.412463,6.51131,0.476377,0.093473
0.781225,0.187859,6.911877,0.090436,0.033003
2.220782,-1.241069,10.75753,-0.04786,-0.055852
1.609154,0.665366,10.750494,-0.911123,-0.428123
1.118923,0.490231,7.824379,0.054375,-0.01497
2.787803,0.175735,10.542277,0.170803,0.212183
1.520837,1.188828,13.679304,-0.004602,0.083214
2.158362,-0.168549,6.782995,0.184596,-0.170115
2.169139,-0.773591,9.727671,0.3748,0.300188
1.701961,-0.683479,12.421918,0.017319,-0.324377
2.09654,-0.607587,9.770931,-0.017447,-0.006142
1.879342,0.130529,6.961424,0.146786,0.128487
0.25477,-1.349294,8.684041,-0.106003,-0.053808
1.073268,0.198936,12.885205,-0.440509,0.253309
3.042872,-0.943189,7.857161,-0.004435,0.013809
2.647544,0.128583,6.79018,0.143304,-0.13657
2.729274,-0.935255,12.111464,0.238772,-0.091226
2.689308,-0.059726,8.75694,-0.075169,-0.624771
4.931944,-0.272733,9.194031,0.130311,-0.106934
2.461631,-0.141456,13.745316,0.087485,-0.141173
0.418081,0.549956,7.819888,0.291554,-0.03575
3.154989,0.36554,6.375243,0.126892,0.082841
2.025737,-0.660876,8.043523,0.088462,-0.393197
3.858975,-1.300496,10.686877,0.107542,-0.043537
1.208587,0.3124,9.821676,0.201849,0.069393
3.028203,-0.204475,8.413255,0.048634,0.077457
0.924777,-0.712369,9.874366,0.517046,0.011963
1.62038,-0.244591,8.52103,-0.070725,0.006159
2.195784,0.076341,8.418943,-0.39877,0.133435
3.507207,-0.051643,8.62686,-0.080854,0.10032
1.803749,-0.458646,7.771539,-0.313529,-0.132979
0.856669,1.142873,6.6601,0.039662,0.127115
1.65421,0.190105,8.005203,-0.931677,-0.682341
0.145348,0.279169,10.811118,-0.209304,-0.034479
3.065775,0.518971,7.953411,0.239582,0.006086
4.111201,0.029339,8.151,0.063131,-0.161727
-0.232766,0.597258,11.745026,-0.22642,-0.111599
4.407285,-0.611179,8.974737,0.079122,0.055152
2.668052,-1.326541,9.47829,0.477424,0.305486
2.150428,-0.150587,6.278993,0.062532,-0.311825
2.965633,-0.551304,10.8918,0.191874,-0.031832
0.239502,0.646805,12.96918,0.08289,-0.332321
2.897525,0.497266,11.24282,-0.374259,-0.165252
3.568729,-0.069456,8.863369,0.080488,-0.177014
2.119143,0.371378,13.828244,0.391075,0.577273
2.559977,-0.272284,11.000325,-0.86043,-0.166649
2.771187,-0.514031,7.081175,0.203214,0.027173
3.852988,-0.201481,11.275153,0.228082,-0.324572
3.800746,0.005089,9.298813,-0.035071,-0.073922
1.309627,-0.709824,9.05961,-0.022595,0.025699
3.484454,0.470472,9.501791,0.165101,0.109293
3.520679,-0.152533,8.027357,0.195362,-0.003505
1.166674,1.937271,10.548414,-0.064072,0.331067
1.660198,0.636776,10.645413,0.269537,-0.126385
1.444197,0.116757,7.624994,0.204709,-0.089187
2.820734,-0.361349,10.922187,-0.283517,-0.246091
3.252736,0.018262,8.716075,0.24876,-0.381306
0.835263,-0.598905,9.802665,0.006401,-0.00902
0.271236,0.610431,8.916508,0.201879,-0.022272
2.794239,-0.818648,11.813883,0.233791,-0.014046
1.696572,0.012125,11.564651,0.004971,0.030454
1.223855,1.06279,10.009086,0.072852,-0.206027
0.808319,1.191672,7.142846,-0.003937,0.05632
3.109184,0.01452,11.91148,-0.582071,-0.489535
1.838776,-0.664019,9.633966,0.037505,-0.212032
0.798889,0.705782,10.209968,-0.150502,0.04291
2.76969,0.127385,7.096293,-0.567703,0.275305
1.850153,-1.117127,9.387279,-0.52298,-0.143377
2.136208,0.109273,8.461005,-0.131521,0.082166
1.604962,-0.699795,8.633896,-0.048224,0.088326
0.60579,1.116229,14.703773,-0.2988,-0.101293
3.167114,-0.143252,11.448044,0.310539,-0.010804
1.195264,-1.225352,11.703862,0.411025,0.208959
2.862348,-0.488584,9.395213,-0.182175,0.138355
2.749632,0.117955,8.236921,-0.02255,0.065018
1.753304,-0.078587,6.791976,-0.229084,-0.154712
3.843258,-0.660127,11.884985,-0.214223,0.335742
2.344425,-0.759521,9.554631,0.234321,0.197987
1.608256,-0.393681,10.586735,-0.074591,0.0634
2.994822,-0.006137,11.466455,-0.178398,-0.128212
2.103127,0.28351,7.882907,0.076153,0.047378
2.915338,1.536854,11.718232,0.031769,-0.127934
2.08232,-0.042063,7.670798,0.133056,0.435448
2.434687,-0.362696,9.393865,-0.030382,-0.039617
1.825304,-1.475033,9.289532,0.023993,0.650225
2.941234,-0.260758,6.521488,0.044277,0.270751
2.121389,0.775687,11.908486,0.115037,0.11825
1.845812,0.74545,12.034674,0.215399,0.197002
4.127666,-0.596809,10.278226,0.04821,0.306425
1.661545,-0.6013,13.403278,-0.330184,0.226772
2.089205,0.621508,6.783144,0.149519,-0.106191
0.103435,0.185464,10.158176,-0.028213,0.194211
2.65458,0.527353,6.398295,-0.042746,-0.062485
1.970053,-0.046404,7.170539,0.064066,0.012014
1.842518,1.184637,9.857152,-0.182716,0.351352
1.287323,-0.232167,10.860665,-0.22663,0.034937
3.727998,-0.215252,6.79467,-0.080795,0.086555
3.325036,0.17813,8.446336,-0.113638,0.190409
1.983974,-0.094304,7.85297,-0.355465,0.078687
0.465382,0.727188,12.274774,-0.347334,0.106861
1.353785,-0.584085,9.817185,-0.02701,-0.066052
2.634372,-0.05299,7.850874,0.265822,-0.385597
3.459456,-0.457748,11.086845,-0.174095,0.011405
2.474205,0.332459,13.543536,-0.137147,-0.073724
0.671504,0.036823,7.802824,0.480744,0.159808
1.481769,1.144071,8.62207,0.370098,0.337864
2.570455,-1.709296,10.594818,-0.423902,-0.014245
2.668651,0.107027,6.349346,0.247122,0.109225
1.405278,0.71641,9.067544,-0.301018,0.172432
3.465893,-0.296234,7.316336,0.078081,0.270294
3.60181,-0.907114,11.394455,0.176371,0.064975
1.088237,-0.854872,10.268946,-0.128327,-0.237026
1.644331,-0.287103,8.344697,0.100536,-0.37769
4.458479,0.295635,11.067236,0.317199,-0.040523
1.545237,0.181423,12.386891,0.091462,-0.385501
0.647703,2.461781,10.287058,0.213212,-0.403833
2.589615,-1.424737,9.484876,-0.630101,-0.655023
1.76977,0.425415,7.917635,-0.364617,0.113508
2.207609,-0.032033,8.821755,0.068027,0.117074
0.559836,0.507594,10.753937,-0.098891,-0.271993
1.829196,-0.174986,9.885144,-0.686807,-0.050103
1.520538,-0.978216,9.195378,0.005677,-0.21407
1.829945,-0.220342,12.593911,-0.143462,-0.139518
1.801653,-0.698148,10.331516,-0.404046,-0.068157
3.73653,-0.348775,8.941656,-0.487768,0.147077
4.93389,-1.167422,10.929971,0.055833,0.248552
2.098187,-0.253573,6.594836,0.171989,-0.046991
0.95217,-0.821492,12.19035,-0.006533,0.05727
1.355581,-1.043031,10.500514,-0.132064,0.195154
2.747536,0.433049,7.851024,-0.036767,-0.269553
1.055455,-1.203497,8.643326,-0.017813,-0.537348
3.475173,-0.277373,5.682184,0.303685,0.288016
4.91443,0.126337,11.244018,0.00647,-0.158011
1.508713,0.060175,10.621912,-0.191649,0.397934
1.665437,-0.459544,12.696747,0.249771,-0.312957
1.554218,0.219743,13.975987,-0.108085,0.116343
0.684676,1.16383,11.827205,0.109698,-0.023152
2.603087,-0.147144,6.29007,0.256894,0.217794
1.143772,0.27423,7.18416,0.085376,-0.113043
3.691474,0.005838,12.077335,-1.155574,-0.40942
3.207829,-0.3365,11.992462,-0.356171,-0.581088
2.54396,-0.65384,9.413325,-0.134239,-0.235124
1.30813,1.198408,10.428963,-0.272697,0.690032
0.693658,0.53394,9.288035,-0.000122,-0.422242
4.262835,-0.905317,11.149864,-0.065545,-0.392124
3.503015,-0.504301,11.057805,-0.197025,0.078382
1.126557,-1.069825,9.303603,0.069133,-0.101799
0.659828,0.652643,8.847052,-0.076223,-0.087365
2.196832,-0.626597,8.32898,0.268634,-0.074936
3.079696,-0.712069,9.764644,0.410123,-0.468785
3.566334,0.366139,8.562943,0.0483,-0.021083
1.432371,-0.966091,10.241253,0.078941,-0.010693
2.146686,0.238454,9.523645,-0.013962,-0.024707
1.607357,-1.489253,11.411969,0.292333,0.03871
1.840722,1.743275,13.625116,-0.205012,0.203652
2.473307,0.393083,6.125262,0.208921,-0.279534
3.419639,-0.532143,10.258168,0.01473,0.612842
1.912722,0.393681,11.528576,-0.053141,0.331674
0.969983,-0.612077,12.143797,-0.025749,0.271953
1.945804,1.529819,9.388177,-0.056337,0.223113
2.201921,-0.735421,7.948621,0.136425,-0.007537
3.1017,1.365461,11.202854,0.283017,-0.022715
2.232158,-0.170046,7.72274,0.303225,-0.100611
1.889521,-0.053139,7.863897,0.307824,-0.270735
1.249302,-0.54352,7.556885,-0.347913,0.036534
3.133883,-1.219364,11.091186,0.179228,-0.16989
3.303929,-0.176483,7.54042,0.050516,0.017505
3.046165,0.272284,8.254435,0.541669,-0.123574
2.322421,-0.17304,7.163653,-0.130495,-0.196547
3.589386,0.299078,6.834338,-0.222521,0.164927
2.647395,-0.988544,9.625134,-0.214304,0.308105
2.039509,-0.832718,9.532028,-0.010863,-0.011423
1.973646,0.187261,8.718769,0.051189,0.489506
-0.455353,-0.190105,11.322455,0.197392,0.014287
4.453988,-1.465303,11.12262,-0.895932,0.199841
3.244503,0.073048,9.042097,0.435971,0.424208
1.909429,-0.164059,12.50784,-0.063658,0.254854
0.738115,0.214803,6.090535,0.043526,0.162493
2.550097,-0.51433,8.709189,-0.050023,-0.01441
1.892514,-0.068707,12.68103,0.160192,0.171182
2.162254,0.824635,8.722811,-0.246892,0.43094
1.550625,-0.315694,7.055578,-0.131275,-0.30359
2.194586,0.385898,12.355307,0.314301,0.091529
1.530417,0.414638,14.178216,0.102198,0.193167
3.064278,-0.377814,11.971355,0.472233,0.105095
2.3323,-0.11541,11.98827,-0.050989,-0.055001
1.930386,-0.108973,12.627441,-0.072689,-0.036825
2.824626,-0.487237,8.761281,-0.081422,-0.190758
2.169588,-0.685574,11.438763,-0.666828,-0.54954
1.026116,1.194516,8.152796,0.05434,0.632212
2.339635,-0.147593,6.57867,0.092144,0.0368
2.826722,-0.17319,6.562952,0.156059,-0.076534
2.027534,-0.859513,9.59834,0.303764,-0.197493
1.558409,1.560206,8.820857,0.361334,0.179214
2.407743,0.470621,6.067782,0.168519,-0.24866
3.391797,0.481549,13.705649,-0.190956,-0.352815
2.050735,0.91834,8.523425,0.176416,0.174696
2.083966,-0.646356,7.049441,0.078229,-0.009873
4.072282,0.396076,11.406131,-0.779305,0.236308
3.593278,0.217947,7.818841,-0.881479,0.045087
1.475482,-1.09647,9.334738,0.005269,0.003342
2.476301,-0.512235,10.287657,-0.424916,0.353965
0.958607,0.773891,7.581584,0.0512,0.169244
1.428779,0.000748,9.758507,0.096117,0.046832
1.727258,1.228196,11.586955,-0.154603,0.099616
2.054328,0.140258,8.411009,-0.063413,0.063654
3.278632,-0.381706,9.306896,0.333446,0.063991
3.377277,0.345781,8.626262,0.317602,-0.125463
2.915936,0.324525,7.843988,-0.29192,-0.320158
-0.406255,-0.529748,11.046429,0.068642,-0.193703
2.849774,0.323926,7.672146,-0.247067,-0.232181
0.104932,1.198408,10.795101,0.239028,-0.095448
1.433569,-0.249531,8.307425,0.171454,-0.052179
2.595004,0.279918,6.574628,-0.306045,0.312238
3.139422,-0.014669,6.492299,0.234505,-0.077397
1.766177,-0.58648,11.071577,-0.020068,0.31421
0.489482,0.544418,9.075328,-0.355136,0.178463
1.329685,1.725761,11.326646,0.130052,-0.001515
1.389261,0.499511,13.831238,-0.221372,-0.271409
3.278782,0.33201,9.565708,0.151202,-0.430763
0.098046,-1.097817,12.077634,0.036369,-0.310114
2.264341,-0.078886,7.178173,0.072572,-0.114516
2.39487,1.353036,9.591005,0.019217,0.239879
1.921704,-1.138832,10.953322,-0.666673,0.032765
3.624114,0.620909,10.775043,-0.662428,-0.525365
3.458558,-0.188757,7.605684,-0.034732,0.12173
3.436254,0.014071,8.508307,0.138556,0.055663
0.793201,-0.506547,9.715097,-0.082118,0.140406
0.205373,0.608335,13.645773,0.188974,-0.23137
4.17886,-0.149689,9.461375,-0.304559,-0.075623
2.260449,0.034877,12.77683,0.2317,-0.129595
3.28447,-0.722398,8.529413,-0.622871,0.070561
3.167563,0.042212,8.637638,0.125424,0.230849
2.65922,-0.078587,9.397159,-0.071435,-0.094982
3.489394,0.368234,13.042827,-0.302867,0.277942
1.108744,0.386197,8.642578,-0.007976,0.059434
0.646057,0.266296,8.926387,0.306207,-0.081276
1.323548,0.16331,12.045751,-0.0458,0.086646
1.672173,-1.12985,6.545289,-0.009914,-0.033898
2.624193,-0.531545,7.687863,0.322768,-0.228854
1.525627,0.363295,10.814711,0.23784,0.174144
2.877466,-0.298629,6.423293,-0.222283,0.333974
2.144291,1.300047,9.992321,-0.015182,0.080041
0.916394,-0.810564,8.058193,0.136886,-0.037687
2.68332,-0.047751,8.707692,0.024326,-0.360884
3.485652,0.145048,6.573131,0.331842,0.316869
3.800148,-0.552501,11.195818,0.110873,-0.342267
1.372047,-1.411415,11.939023,0.328768,0.244964
2.863695,0.009131,8.167915,0.440112,0.382486
0.846639,1.081052,9.366023,-0.898057,-0.325228
2.213447,0.05269,6.726412,0.172489,0.402402
2.927163,-0.058229,9.873169,0.194258,-0.011853
0.033231,0.16331,12.459041,-0.009942,0.104988
3.372487,-0.185015,8.369995,0.247129,0.138194
0.914897,1.325793,7.244485,0.011727,0.152739
1.31262,2.177522,10.847193,0.014425,-0.388245
3.009492,-0.310604,7.785759,0.121541,-0.522847
3.031646,-0.118703,11.298505,0.182323,0.205606
2.14474,-0.301473,8.683143,-0.038803,0.06263
1.634152,-0.701441,6.944659,-0.558465,-0.459481
2.220333,-0.29833,9.558523,0.358358,0.219026
0.363594,1.035696,11.07472,0.023958,0.00964
2.242038,-0.147294,6.883136,0.015079,0.107361
0.532742,1.106798,9.552984,-0.035348,0.254237
1.6831,-1.044079,12.119996,0.310535,-0.255274
2.040108,-0.833766,9.494007,0.228887,0.386448
3.11113,0.145048,7.235953,0.222509,0.012807
2.218537,-0.130079,9.333241,-0.635191,-0.441234
2.89992,-0.513881,9.616003,-0.161971,-0.198837
4.753515,0.279918,9.33399,-0.320959,-0.252165
3.770809,-0.451012,10.547666,0.77107,0.132984
0.58663,-0.376018,11.862382,-0.034834,-0.153412
2.908302,-0.121248,6.219566,-0.164899,-0.033284
3.068619,0.37497,7.512428,-0.070969,0.142542
2.642605,0.167801,8.258177,-0.316018,-0.192622
1.661545,-0.219593,8.078102,0.090033,0.291712
1.016087,0.844244,13.268857,0.14618,-0.042163
2.5968,0.815654,13.548027,0.281251,-0.328283
3.28432,0.179776,6.500233,-0.298693,-0.093351
3.34225,-0.741109,11.896212,-0.453401,0.029342
1.672322,-0.477357,9.743389,-0.147346,0.285961
2.210753,-1.022673,10.311906,-0.327614,-0.375078
2.048191,-0.193697,7.077881,0.13927,-0.065529
2.177372,0.058528,7.360793,0.149114,-0.149929
2.507885,-0.526755,7.585027,0.169315,-0.100436
3.405867,0.715063,12.373419,0.1438,-0.270302
3.055746,-0.505499,11.236534,-0.067078,0.134852
2.217489,-1.050665,11.724519,-0.265579,-0.181287
2.296973,-0.568967,7.567214,0.089001,-0.14749
2.058519,-0.647404,8.376132,-0.122345,-0.649874
0.427361,-1.162333,12.717703,0.547505,-0.102236
4.464915,0.045954,11.924054,-0.134007,0.244932
2.76041,-0.922532,10.134974,0.135457,-0.234737
1.921255,-0.075593,7.323221,0.039557,0.056578
2.403252,-0.900078,9.068442,0.133823,-0.264552
4.536167,-0.627645,11.987372,-0.19353,-0.299889
0.232616,-0.401615,12.096795,-0.642489,-0.798439
2.153572,0.429307,11.075618,0.112461,0.11421
2.808609,-0.343835,6.932534,-0.100728,0.638526
4.637955,-1.272654,8.909024,-0.481091,-0.169801
1.985322,-0.319136,8.888965,-0.220599,0.24333
2.205514,0.67794,7.698341,0.302819,-0.01103
2.780618,-0.883313,7.972721,-0.392422,0.103138
0.17798,0.239951,11.10361,0.356574,-0.02741
3.878584,-0.263452,12.499008,0.10065,0.077717
-0.267194,2.587519,12.820689,-0.297561,0.133335
3.293601,-1.043031,11.398197,-0.032547,-0.184955
1.438808,0.312251,13.187726,-0.055138,0.550001
1.82276,-0.874182,10.264754,-0.007515,0.005785
3.240012,-0.489033,6.69872,-0.057191,-0.005622
1.737437,-0.539927,9.644444,-0.053999,0.0506
1.366658,1.581461,13.563744,-0.120341,0.111512
1.338666,-0.537233,9.786649,0.031355,-0.006073
0.478255,-1.572031,7.807165,0.299959,0.067965
1.313519,0.852028,11.287278,0.065734,-0.249834
1.692381,-0.94244,9.266331,-0.267762,-0.138096
4.414919,-0.206271,12.025692,-0.352236,0.172807
1.523831,-0.0241,6.719826,-0.486407,0.176664
2.604584,0.256417,8.806786,-0.162497,0.001309
2.352508,0.153132,12.980257,0.35403,-0.269399
3.216661,0.166753,9.321266,-0.139734,0.323153
1.81782,-0.96175,11.356434,-0.15573,0.022661
2.661166,0.091011,7.615264,-0.88758,0.353682
3.697311,-0.465233,6.818471,0.096458,0.158545
0.817749,-0.096699,13.212275,-0.264208,-0.018177
3.315755,-0.023801,9.319021,0.026374,-0.105579
3.470084,-0.613724,7.554939,-0.025983,-0.383192
3.334167,-0.119751,6.449937,0.086533,0.000736
3.440745,-0.079185,6.224057,-0.334183,-0.488626
2.956801,-0.690514,11.821966,-0.527669,-0.233211
2.075733,-0.174537,6.768774,-0.160501,-0.008391
0.815504,-0.434247,12.401561,-0.435626,-0.375053
3.159031,-0.174687,12.577894,0.002844,0.176618
3.038382,-0.453407,8.369995,-0.03544,0.319692
2.323468,-0.150287,7.117549,-0.088699,0.346179
2.679428,-0.369581,7.218739,-0.56386,0.241377
1.133443,0.553848,8.916807,0.1689,0.004079
2.442621,-0.41853,7.319479,-0.162153,-0.230639
1.696422,0.959954,7.148535,-0.245433,0.035813
2.065555,-0.308359,9.701775,0.471767,-0.024628
2.768792,-0.392484,6.916667,0.143534,0.1212
2.090253,0.203427,8.522527,0.904379,-0.239215
1.945055,-0.656535,7.902068,0.003032,-0.145922
1.984573,-0.190703,7.651638,-0.696671,-0.329059
2.601889,-0.151335,9.147627,0.123141,0.182128
2.136507,-1.132844,9.073981,0.400307,-0.007863
2.381098,-0.484393,6.896608,0.201268,-0.156678
4.262835,-0.104782,10.096055,0.294952,0.019672
1.531316,1.185984,7.472611,0.024849,0.118154
1.873354,-0.671653,9.553434,-0.581557,-0.117849
-0.496218,-1.073568,11.05571,-0.078361,-0.111532
0.221988,0.935255,11.837085,0.316939,-0.058484
1.969155,0.403561,12.598102,-0.106344,0.040227
3.262915,-0.36075,6.392607,0.504193,0.545501
1.88009,0.259111,12.00743,0.03473,-0.383416
3.061134,1.017584,9.126372,-0.015611,-0.141464
1.839525,-0.743504,9.554781,0.054739,0.123376
3.23148,0.001647,12.521461,0.271926,-0.008346
1.198258,0.165855,7.61736,0.246064,0.054077
1.739832,-0.148042,11.177856,-0.283836,-0.19887
1.186433,-0.069007,10.218351,-0.000734,0.242037
2.081122,-0.130978,7.51153,-0.060307,-0.006894
2.74604,0.119601,10.164014,-0.175087,-0.161221
1.688339,-0.536484,10.762769,-0.079066,0.152737
3.119663,-0.621059,9.967772,-0.751818,-0.374944
0.762065,0.575553,10.819351,0.255971,-0.04757
0.972528,1.965712,13.982723,0.112471,0.08596
1.957928,-0.475112,11.235336,-0.855828,-0.158626
1.439556,1.173859,7.145241,0.188607,-0.181268
2.578837,-0.396226,8.395442,-0.01861,0.006539
1.930236,0.362247,10.921738,-0.082785,0.055947
1.01444,0.671653,8.45891,0.079483,-0.079911
1.455872,0.349673,11.853999,-0.216594,-0.326545
0.878373,-0.810115,8.92055,0.260151,-0.17584
2.589914,0.645458,6.593489,0.278782,-0.169323
1.902843,1.037642,7.991432,-0.272632,-0.34637
1.675466,0.62525,9.371711,-0.115689,-0.056876
1.249152,0.534688,7.32397,0.263827,0.011267
1.063538,0.202978,11.376193,-0.168714,0.179114
1.783391,-0.387694,7.667206,-0.080703,0.175055
2.233505,-1.445245,10.098899,0.3421,0.160079
1.789978,1.431623,9.834998,-0.629204,-0.361183
3.303181,0.334854,11.010653,0.560016,0.187362
4.014801,-1.147514,10.829081,0.150255,-0.184557
1.743874,0.426613,10.974878,-1.004859,-0.191672
2.735861,0.425565,8.418494,-0.406714,-0.597891
3.004402,0.12993,7.211404,-0.036646,0.071852
1.534459,-0.12005,8.368049,-0.058429,0.018815
2.147883,0.664319,8.355774,-0.13743,-0.059145
3.60645,1.162183,10.301578,-0.053959,-0.035822
1.019081,0.758323,8.386311,0.000716,-0.034099
2.114802,-0.195943,7.056925,0.120657,-0.234735
3.934269,-0.773142,11.849659,0.189928,-0.218039
3.200794,-0.386945,9.178314,0.91034,0.42736
1.956432,-0.161364,11.4208,0.126231,0.129766
3.182233,-0.338147,10.543325,-0.514413,0.094975
1.269211,-0.436043,10.944641,0.016869,0.007932
0.918191,0.791704,9.253607,0.423315,0.092344
1.289419,0.424068,14.19543,-0.135195,0.007508
2.089655,-1.012644,7.051237,0.514661,-0.063497
2.69769,-0.405058,8.531359,0.111422,-0.267978
2.266138,0.161215,12.211606,-0.17979,-0.041337
2.065106,1.781146,12.350816,0.105747,0.162501
0.550405,-0.664169,9.906849,-0.020127,0.018209
0.59142,0.358804,10.928474,0.466196,0.195044
5.580246,0.39907,8.310718,-0.416544,-0.042424
2.06795,-0.378263,7.160809,-0.247975,0.224853
2.941533,0.723595,11.1804,-0.421706,-0.322342
1.612896,-0.079634,12.078682,0.089493,-0.0267
1.924249,-0.687969,9.731413,-1.090037,-0.531017
3.222948,-0.53364,11.51211,-0.502468,0.15687
1.661994,0.72599,7.787107,-0.02322,-0.119028
3.151546,-1.597478,11.864029,-0.149421,0.230363
4.986431,0.026495,10.153685,-0.625058,-0.760473
1.334475,-0.363594,13.00795,0.137623,-0.405404
3.061883,-0.979563,9.085806,0.174529,-0.475682
1.327889,-0.39907,10.443782,0.46918,0.673995
0.780776,-1.554517,12.215198,0.249747,-0.065574
2.291285,-0.635878,7.111711,0.421023,-0.336627
3.675307,-0.258662,9.944271,0.139719,-0.050558
1.522634,-1.74058,10.546169,0.987864,0.271304
2.145039,-0.260159,7.366182,-0.056392,0.090459
1.708846,0.351768,9.835896,-0.167248,-0.177569
2.588866,0.659079,8.613688,-0.992852,0.193655
2.20701,0.608335,11.044932,0.28373,0.208394
1.198408,1.039139,9.331595,0.262006,-0.225206
1.999392,-0.68288,7.426057,0.173892,-0.261809
1.210982,0.060774,10.397379,-0.114174,-0.401381
0.591869,-1.025068,11.200908,-0.117318,-0.146156
0.930914,0.164358,7.560777,-0.647988,-0.141933
3.228486,0.974025,12.801978,-0.255776,-0.171094
3.099006,-0.680036,9.307645,0.075581,0.163284
0.777184,-0.361349,10.089918,0.520823,0.134276
2.112557,0.932561,7.493417,-0.088885,-0.079092
1.513652,1.337469,10.771451,-0.31543,-0.153721
3.180736,0.522863,7.001091,0.315872,-0.088215
3.72216,-0.465831,7.040459,0.24036,0.303548
1.374592,-0.691412,11.543246,0.125979,-0.213612
3.400928,-0.14894,6.286926,0.076185,-0.081419
1.930984,1.2743,9.746382,0.270615,0.175789
2.135759,-0.312101,6.68899,-0.016948,0.119797
3.850593,0.362546,10.199939,0.030149,0.055407
-0.643961,0.694705,13.674813,-0.032718,-0.2872
0.840951,0.530946,8.426577,-0.130245,-0.340923
3.12565,0.419727,7.861352,-0.167499,0.289921
1.082699,0.367037,13.549524,-0.246168,0.173364
1.809737,1.108445,10.106982,0.071017,0.13917
2.589016,0.379162,6.915469,0.418345,-0.096082
1.391207,0.473166,14.169834,-0.28569,-0.260281
0.470921,0.698897,8.5595,-0.175606,-0.623091
1.280437,-0.446521,8.581205,0.072414,-0.044169
2.442022,-0.4808,9.140143,0.092289,0.087742
2.833009,-0.183369,6.854097,-0.047577,0.18807
4.149671,0.251028,8.48735,0.02938,-0.1574
1.005309,-0.616867,9.64669,0.031026,0.35027
1.065634,-0.425266,7.776628,0.264866,-0.206973
1.853446,-1.374142,7.15572,-0.020374,-0.006589
4.015101,0.512834,7.884554,0.070941,-0.25467
1.447191,0.743504,7.794292,-0.055757,-0.161649
-0.430205,0.724344,13.155094,-0.176414,-0.382203
0.113763,-0.4088,9.56975,0.279097,0.067122
2.003584,-0.257614,11.241922,0.344149,0.319821
3.995641,0.747096,6.854546,-0.033393,-0.476996
3.71258,0.095202,11.23818,0.278842,-0.00664
1.374891,-0.13951,11.147768,0.115134,0.161348
1.454974,-0.498014,9.088051,-0.014751,-0.11201
3.675008,0.360301,10.548115,-0.101201,-0.157736
1.065335,-0.586181,9.721085,0.270813,0.252587
5.273683,0.646356,10.216704,-0.142294,-0.000884
1.854044,-0.486339,7.220086,0.158109,-0.057991
2.546654,-0.407453,8.727301,-0.585749,-0.273204
1.960024,-1.714235,9.121282,-0.347208,-0.000822
2.845583,-0.439785,11.535612,0.034159,0.026126
1.705404,0.867596,6.029162,-0.174209,0.025784
2.568958,0.144599,7.716004,-0.005259,-0.055431
1.93817,0.367785,11.795322,0.010572,-0.422613
2.076931,0.403112,6.825656,0.225437,-0.117892
1.903891,0.552501,6.882987,-0.06694,-0.063477
1.176254,0.648901,6.849606,0.156462,-0.197309
1.648223,2.783013,14.768589,0.095845,0.549567
0.914598,0.026794,11.643537,-0.347212,-0.018703
1.309327,-0.959056,10.774744,0.175283,-0.059542
1.180595,-0.741259,10.089469,-0.131674,0.558045
4.509822,0.064216,11.268417,-0.323217,-0.373676
1.954336,-0.153281,6.910529,0.250017,-0.170087
1.675915,-0.994682,8.474028,0.017795,-0.16499
2.349664,-0.56732,9.218131,0.085167,-0.365778
3.131488,-0.330213,10.22823,0.14078,0.036152
1.257834,1.311124,6.577023,-0.074081,0.026166
1.777853,-0.193548,7.931107,0.165705,0.021259
0.942889,-1.066233,9.748478,0.223771,-0.05017
2.098636,0.507894,7.427255,0.186224,-0.125538
2.278562,-0.511786,6.733747,-0.282583,-0.082426
1.708248,2.804867,11.449091,-0.150019,0.051759
2.46672,-0.435594,7.372469,0.069368,-0.24067
4.383484,-0.139809,9.8823,-0.153369,-0.198507
2.13531,-0.432301,6.862479,0.08764,0.995407
2.30356,-1.248404,10.745854,0.195173,0.329766
2.155667,0.830922,8.953631,0.136652,0.163535
2.560126,-0.194745,6.295309,-0.319621,-0.672524
1.925745,-1.276396,12.619957,0.071303,0.001881
4.301156,-0.579146,9.522747,-0.195069,-0.290494
2.892735,-0.832868,10.985655,-0.487054,-0.242107
0.630639,-0.69725,12.169543,-0.173754,-0.29673
0.93795,0.404609,5.95806,-0.126158,0.033846
3.724106,0.152233,9.958342,0.451667,0.04792
1.835633,-0.198188,6.741381,0.251524,-0.261956
1.519341,-0.46658,11.21408,-0.000979,0.000752
2.353256,0.055085,6.460415,0.078316,0.080848
2.814298,-0.029339,7.11216,-0.159007,-0.196247
0.4567,4.678671,11.599828,-0.001511,-0.165192
1.540297,-1.511557,10.76681,-0.123961,-0.064353
1.55317,1.724264,9.344767,0.069116,0.067271
1.912872,-1.580114,10.379416,-0.024343,-0.012373
0.862955,0.735421,6.304889,-1.027264,-0.246926
2.079027,-0.975821,9.798474,-0.088769,-0.256303
3.790717,-0.852178,12.607233,0.243733,-0.008046
0.173789,0.301473,12.351864,0.116776,0.42178
2.916086,-0.030237,11.745625,-0.665306,-0.048505
4.182003,0.025447,12.586277,0.114394,0.613953
0.725541,0.441881,9.44925,-0.324526,-0.009533
2.656226,0.174687,10.639575,-0.241585,-0.163848
1.377735,-1.367556,9.075777,0.394463,0.191795
1.346151,-0.237406,7.137158,-0.571808,-0.201223
2.768493,-0.118553,10.753189,0.05509,-0.030909
1.947151,1.626817,7.781119,0.426213,0.183216
1.677861,-0.620909,7.72274,-0.041269,-0.009679
3.59223,0.75997,6.760691,-0.604262,-0.064273
2.815645,-0.440384,8.164023,0.260213,0.049609
0.594713,0.802182,6.768475,-1.060232,-0.096954
1.150657,-1.609303,11.086396,0.225437,-0.117892
1.661844,0.387993,7.06426,0.268089,-0.424196
-0.978815,-0.318687,13.300292,-0.189878,-0.011062
4.151168,-0.669857,8.432415,0.090869,-0.042936
2.357897,0.243693,9.042995,0.182145,0.017267
2.182462,-0.047002,7.11216,-0.372042,0.092435
0.515079,0.945434,14.077775,-0.008237,-0.0476
3.584147,0.387544,9.308842,0.389644,-0.137103
2.515968,0.233065,9.051228,0.601614,0.397912
3.91436,0.108375,7.528894,0.022215,-0.421336
2.118844,-0.261357,7.193291,-0.004908,-0.133605
1.205743,0.494721,12.788356,-0.075683,0.248657
1.717828,-0.133672,6.697073,-0.139344,0.452954
2.520459,0.612826,9.245674,0.020259,-0.025108
3.196752,0.056133,11.21902,-0.061258,-0.093571
2.331701,-0.340991,6.42479,-0.075488,-0.108134
1.237177,0.094304,7.48234,0.301936,-0.231813
1.638493,1.705254,10.676548,0.06391,0.149272
2.953658,-0.180525,6.361322,0.065602,-0.058857
1.107247,1.185834,11.96417,0.153225,-0.171134
2.089505,0.820893,7.626042,0.267129,-0.063145
0.112716,1.456621,13.507461,0.268518,-0.020719
1.871408,1.195264,6.047574,-0.013193,-0.372843
2.160308,0.106578,8.534951,0.283936,0.115938
3.465893,-0.127684,7.137458,0.343025,0.028623
3.252886,-0.34144,8.855884,0.127212,-0.140259
-0.546064,0.201032,12.558135,0.119493,-0.247591
2.245181,-0.377665,9.113947,-0.457366,-0.025933
3.430716,-0.116757,7.173832,-0.217655,0.237333
2.479743,0.534688,7.962242,-0.26564,0.087596
1.462309,0.864602,6.848708,0.038683,0.059273
1.225951,0.402513,8.1748,-0.116644,-0.134535
1.907334,-0.523761,9.613459,0.099302,0.02266
2.19758,0.452359,6.858887,-0.04364,0.078867
1.125659,0.487836,6.838978,0.377123,-0.148509
2.842738,0.454305,8.308023,0.257553,-0.100766
0.272284,0.667013,11.072026,0.291517,0.731851
2.203717,-0.68288,9.14628,-0.026672,0.084065
0.668959,1.179248,9.82916,-0.093993,-0.043442
2.139351,0.775986,8.474178,0.432881,0.091963
1.206641,-0.27902,7.252718,-0.411637,0.197691
2.880759,-0.593067,7.237749,0.168328,-0.062845
1.363814,0.049397,10.905422,-0.263317,0.266348
2.627785,0.008233,6.188431,0.032289,-0.145121
1.427581,0.239502,7.823032,0.2139,0.050503
2.793042,-0.113763,7.575297,-0.029033,0.19675
2.680925,-0.134121,10.719958,0.04866,-0.248047
2.111509,-0.185614,6.539451,0.125408,-0.173479
0.725392,0.414937,10.763367,0.06047,0.095209
1.676514,-0.492476,10.909164,-0.121868,-0.122754
0.420775,1.915417,12.292288,0.132672,-0.142299
1.738784,0.296683,7.024443,0.286885,0.083444
2.807412,-0.090861,7.77588,-0.033915,-0.044209
1.441053,-0.671653,11.634556,0.25049,-0.217615
2.136208,-0.178579,7.484735,-0.012276,-0.082509
3.066373,-0.790656,10.667716,0.297285,-0.150112
3.199147,-0.713267,12.075539,-0.104776,0.311869
0.508792,0.550705,13.073513,0.102225,-0.129378
2.093247,0.639919,7.725135,-0.254389,0.010647
3.314108,-0.049248,7.024742,0.218045,0.017289
3.903433,0.697999,7.505542,-0.052674,0.095247
2.038461,-0.290845,7.975864,0.219687,0.051859
1.695824,-1.135688,10.302326,0.086058,0.078814
3.442092,0.182021,6.108048,0.251141,-0.509808
0.848286,-0.763562,12.317885,-0.102461,0.194522
3.632646,0.152982,10.614577,-0.043496,-0.365693
0.656684,0.103884,11.920012,0.425468,0.544521
2.167942,-0.102088,7.438332,-0.514619,-0.067034
2.860851,-0.414039,9.614956,-0.712519,-0.838875
1.246458,0.403411,12.654834,0.057615,-0.123234
0.568368,1.223556,9.92526,0.06079,-0.271105
2.287543,0.003143,6.641988,-0.072177,0.302187
2.611918,-0.522713,11.652069,-0.1771,-0.386172
3.982019,-0.825533,12.08437,0.08809,-0.116945
2.56312,0.053439,9.240135,-0.241995,0.01325
2.131717,-0.526306,8.592133,-0.522102,0.444059
4.176166,0.332159,10.189311,0.024658,-0.27035
1.773662,0.897983,12.735516,-0.754251,-0.419555
2.439178,-0.161215,6.739585,0.087619,-0.124845
2.931504,-0.600252,6.729256,0.082567,0.177729
1.205144,0.784818,13.336666,0.490339,0.103014
2.733166,0.1925,12.100836,0.741646,0.645179
2.56791,0.394879,8.397088,-0.216174,-0.041631
4.204756,-0.747845,12.151281,0.064397,0.096741
0.005089,0.425266,9.993967,0.26478,-0.122191
1.823957,-0.925525,9.649085,0.084551,-0.165773
0.873733,-1.225052,9.838591,-0.123939,-0.017083
2.016756,0.650847,6.546786,0.023347,0.219699
2.32257,-0.16331,7.672595,0.026773,0.002534
4.142785,-0.13442,9.364077,-0.126541,-0.184252
3.656297,-0.955014,10.893447,0.203464,-0.211274
1.81752,-0.112865,7.384444,0.089904,-0.031579
1.393901,-0.466131,9.792935,0.377012,-0.27856
3.652704,-0.574356,12.520264,-0.293102,-0.677276
2.178719,-0.815504,8.792416,-0.404083,-0.079094
3.677552,-0.471969,8.757988,0.387443,-0.281206
0.509989,0.164209,9.261241,0.125448,-0.180204
3.296295,-1.089135,11.019934,-0.679496,-0.155063
2.243984,-1.121767,9.139544,-0.367859,-0.060811
1.996099,0.232317,12.566069,-0.498809,-0.241101
3.298092,-0.296384,7.344926,0.325164,-0.11157
0.314496,-0.858315,11.415412,-0.282655,0.002693
2.291285,-0.22603,8.84346,0.229386,0.082668
1.468596,0.285157,12.493021,0.027387,0.022667
3.979325,-0.140258,12.686119,0.188271,0.772449
1.353186,0.241448,7.160809,-0.105978,0.28946
0.013771,0.658481,8.28078,-0.127636,-0.261574
2.044748,-1.127605,15.305372,0.12274,-0.544814
4.411476,-0.585582,9.966724,-0.324388,0.04463
1.186283,-0.069456,7.962691,0.906181,0.447415
3.274291,0.376767,11.884835,0.035853,0.331428
3.968098,-0.585732,10.834919,-0.810954,-0.009552
1.286575,-0.689466,7.773934,0.196711,-0.479694
0.732277,-0.901875,11.274255,-0.007795,0.005539
3.099006,0.274529,6.54499,0.109347,-0.165012
1.065484,1.16832,9.556128,-0.410903,0.222025
3.451523,-0.479752,7.822134,0.042746,0.147114
2.650089,-0.003293,8.336614,0.164527,-0.112934
2.489473,-0.543819,10.470427,0.047691,-0.073286
0.905617,0.67824,9.58382,0.093619,0.160199
-0.504451,-0.20687,15.039076,-0.47578,-0.205864
1.579366,-0.826731,6.630312,0.309038,-0.039219
3.868256,-0.530347,8.048613,0.125167,-0.170166
3.417543,-0.605491,11.541898,-0.742393,0.00744
3.32279,-0.282463,7.151678,0.390573,-0.094429
1.794618,-0.294887,11.897709,0.593694,-0.236579
3.584147,0.387544,9.308842,0.209338,-0.103517
1.794768,1.392105,11.26243,0.098845,-0.129702
0.527653,0.199086,11.83454,0.236031,0.318995
0.730331,1.051414,10.687326,-0.317404,-0.38443
1.339115,-0.590372,9.671837,-0.014542,-0.018454
1.905687,-0.329914,6.738687,-0.187615,-0.218352
1.408721,0.410746,12.811109,0.212519,-0.15366
3.405718,-0.152233,6.048772,-0.098034,-0.147225
0.974324,-0.061073,6.628067,0.096743,-0.111864
2.991679,-0.536634,7.000941,0.032346,0.147483
1.250949,-0.67809,10.172396,0.033832,-0.037127
1.628464,1.189127,7.135063,0.027252,0.057084
2.835104,-0.426763,9.143137,-0.093406,0.133187
0.594564,0.781225,7.130572,-0.300793,-0.446715
3.511248,0.05793,8.840766,-0.000141,0.10029
3.076403,-0.409698,11.999946,-0.110707,0.682544
2.37571,-1.22625,11.426039,0.359321,0.145914
0.955762,-1.010848,11.464809,-0.29706,-0.323973
1.766626,0.647254,14.59016,-0.566802,-0.104742
2.940036,0.098795,6.594088,0.69449,-0.232907
1.512155,0.853824,8.825497,-0.302952,0.074351
1.232687,-0.637225,8.718769,0.912346,0.625423
3.267106,-0.036225,7.957303,-0.382315,0.711144
1.677112,-0.699944,10.903177,-0.049913,0.124501
2.564767,-0.202679,8.55965,-0.030351,0.145668
1.433868,1.293311,10.143357,0.154839,0.295971
2.43319,-0.315544,6.413114,-0.546658,-0.103482
1.680256,-1.145268,11.142379,-0.007712,-0.019882
0.28875,0.085921,8.211324,-0.308088,-0.297716
3.199896,-0.116308,11.182945,0.178563,-0.219262
2.650089,0.051792,7.590116,-0.481622,0.169239
1.196312,0.119452,11.278746,0.024849,0.312291
1.578767,-1.159189,9.725426,-0.128952,-0.063862
1.712439,-0.351319,8.04023,-0.085762,0.095524
2.75532,0.142354,6.64573,0.169931,0.474877
2.675985,0.601749,11.312426,-0.272921,-0.20356
1.39465,0.613574,8.209977,0.00493,0.034747
3.560646,-0.925376,11.04598,-0.888548,-0.390515
2.82747,-0.107027,8.526569,-0.047073,-0.406063
1.952689,0.203876,7.798782,-0.161464,-0.242674
2.743046,-0.25956,6.772966,0.464632,-0.408557
1.624272,-1.190774,9.514065,-0.072562,0.007989
3.237917,-0.606838,8.153395,0.057486,-0.267218
2.919678,0.728535,8.979976,0.279011,0.042586
1.070125,1.042432,8.762927,0.04048,0.109633
4.033063,0.11047,11.320509,-0.936049,-0.277972
2.720892,-0.017963,9.898167,0.256278,-0.014666
1.194666,-0.891247,12.502152,-0.012157,-0.450187
0.445623,-0.718805,10.349029,0.082349,0.274951
0.130079,0.713416,8.15564,0.384608,0.218347
2.255809,-0.138163,7.554341,-0.442806,-0.51981
2.404001,1.990112,10.625804,-0.074237,-0.250207
0.851879,0.0482,9.149124,0.334796,0.054438
3.306624,0.487386,13.400134,0.755228,0.15471
2.789898,0.643063,8.366103,-0.133067,0.222885
0.896336,-0.470172,8.644524,-0.964469,-0.120946
3.167862,-0.072599,8.048763,-0.535638,0.123353
2.58692,-0.059127,6.668782,-0.484952,0.285932
2.286346,1.498085,8.271649,-0.168963,0.216877
3.213667,-0.654289,9.089698,0.042526,-0.266407
1.07237,0.51942,11.417807,-1.001758,-0.889337
3.954626,0.323777,9.634415,-0.097434,0.137875
2.583178,-0.887654,12.325669,0.103319,-0.035693
2.455643,0.111518,7.557634,-0.022734,-0.073473
1.321602,0.652493,11.625125,0.102619,-0.101592
1.791325,0.164508,7.504794,-0.691423,0.12997
3.028203,-0.060923,8.445737,-0.938414,0.421488
3.242856,0.044158,10.719958,0.50678,-0.039866
2.580334,-0.693208,9.125773,-0.005961,-0.111181
2.468966,0.382904,11.457175,-0.299876,0.142201
1.60137,-0.515378,7.919581,0.177546,0.051744
2.350113,-1.133593,8.899444,-0.514877,-0.578445
0.775388,-0.627645,9.705218,0.061023,0.04574
2.244283,-0.213007,9.334439,0.400686,-0.024919
2.225572,-0.123344,9.626332,0.278866,0.145929
2.996469,-0.58184,11.653716,-0.98835,-0.137952
2.634671,1.372945,9.099278,-0.021315,-0.001568
2.699337,-0.387394,8.891809,-0.143809,-0.093152
2.565814,1.854494,12.495715,-1.351565,0.04346
2.446063,-0.088466,12.233161,-0.99129,0.021801
2.184108,-0.188009,11.743829,0.061532,-0.124859
2.130819,-0.393232,8.144114,-0.161858,-0.225743
0.751288,-1.60616,9.533226,0.200976,-0.490062
2.51043,0.799937,13.399236,0.252157,0.052106
1.779649,-0.140857,9.112151,-0.347458,0.17922
-0.282912,0.212857,8.784183,0.2373,-0.168057
2.93824,-1.090033,11.7097,-0.077402,-0.313497
4.04429,-0.004191,9.364676,-0.126554,-0.408899
2.029031,-0.173489,7.325467,0.02867,0.045848
4.202062,0.00958,9.389375,-0.653582,0.211058
2.80846,-0.008981,10.644964,-0.015787,0.567641
2.895429,-0.724344,12.133768,-0.53966,0.007982
4.204307,0.984952,10.049951,0.219383,0.1052
3.879183,0.717907,11.128608,0.796915,-0.459431
3.482209,-0.534538,7.397168,0.120269,0.299211
1.142724,-0.28875,8.40083,0.012086,0.30178
4.109255,0.364043,8.224347,-0.110449,-0.378515
2.713258,0.161814,12.005934,0.257406,-0.091906
2.825824,-0.355062,11.501033,-0.499692,0.319295
1.967658,-0.761167,11.691887,0.499685,0.003248
1.778901,-0.921633,9.68486,-0.004446,0.065011
0.561782,-0.870141,10.480605,-0.529643,-0.064567
0.705034,0.866847,7.667505,0.161943,0.006541
1.902095,0.154778,7.387587,-0.531554,-0.399641
2.040257,0.206271,6.965914,0.205752,0.062028
2.878963,0.012724,6.217171,-0.087279,-0.044685
3.679349,0.872086,8.984317,-0.066354,-0.142418
2.56806,-0.244292,6.839427,-0.006357,-0.399232
2.12064,0.153581,9.099428,-0.293304,-0.095183
1.944906,-0.613125,8.00176,0.025406,0.035425
0.882714,-1.384321,12.816797,0.160822,0.213675
0.580493,0.521815,9.848171,0.119601,0.208145
1.269061,0.711171,10.6755,0.146836,0.225972
3.247646,0.170645,7.803572,-0.186928,-0.293242
0.8173,0.271535,8.54992,-0.17523,-0.060796
0.771047,-0.284708,9.995464,0.24554,0.102008
2.715353,-1.060545,8.563542,0.309665,0.127021
0.993185,-1.162183,15.315701,-0.670145,0.137676
4.660259,-0.628693,8.403974,-0.106731,0.015743
2.708318,0.176633,13.992303,-0.404085,0.443013
2.116299,0.860411,7.686216,-0.014521,-0.007829
3.778592,-0.99543,10.913356,-0.08084,0.110002
0.229922,0.181123,7.801327,0.337537,-0.057755
3.697162,0.011077,7.730524,0.097377,0.109575
1.88503,-1.169219,9.775572,0.410976,-0.103519
1.728456,-0.033231,7.235803,0.062892,0.082814
2.452949,0.050744,7.696246,0.291058,-0.107746
2.413431,-0.366737,13.852344,-0.415941,0.461022
2.403103,-0.221988,10.314451,-0.276568,0.105949
1.036445,1.25993,11.841426,-0.015911,-0.035006
2.47675,-1.13479,9.578731,0.130961,-0.19508
1.922602,0.0482,13.716127,-0.303145,0.12479
2.480941,-0.294887,12.414733,0.065633,0.178966
1.286125,-1.062191,8.100555,0.67542,0.192631
-0.643661,0.64456,9.135952,0.284194,-0.050889
2.140848,1.335972,11.78619,-0.067965,-0.229793
0.616268,0.317789,7.982151,0.228323,0.055474
1.802851,-0.40386,9.458082,-0.03151,0.090173
1.460812,0.67824,11.215876,0.128575,0.179533
1.844464,-0.748893,9.519604,0.025468,-0.003512
2.317032,-0.390238,9.426348,-0.047988,-0.06616
3.363506,-1.492247,10.902877,-1.012613,-0.322073
1.852548,1.037942,13.323194,-0.244792,-0.067101
0.47137,0.758473,12.049493,-0.275081,0.295453
2.132316,0.080533,6.906039,0.405957,-0.174959
3.033592,-0.567919,11.597283,0.104553,-0.212397
0.966091,0.916095,9.848769,-0.11036,-0.207325
3.609444,-0.439785,8.460856,-0.195821,-0.282207
1.840872,1.398841,9.124725,0.389904,0.239814
2.44786,0.207768,6.385122,0.172848,0.047729
1.46171,0.267045,7.481293,0.230197,-0.138986
3.672164,-0.427361,11.833043,0.032815,0.048111
1.431922,0.96669,8.591234,-0.221893,0.031794
0.500858,-1.3704,9.876611,0.200218,0.071551
0.696502,0.847987,9.903256,0.056754,0.071673
2.177222,1.620979,8.901689,1.094742,-0.307704
1.651815,1.625919,10.220147,-0.159768,0.251868
1.964664,-0.087718,7.438931,-0.105955,0.036866
3.54433,0.013173,9.958342,-0.48086,0.558321
2.104923,-0.24983,7.89114,-0.571061,0.000654
2.307901,-0.673899,13.291311,0.321612,-0.283133
3.566184,-0.573757,8.747959,0.352776,-0.181358
2.037263,-0.04311,7.534582,0.063426,0.070126
1.313069,-0.564476,9.748328,0.009813,0.00083
1.792223,0.065713,11.418405,-0.213802,0.139524
3.41904,-0.204475,8.435558,0.0527,-0.040512
0.426313,-0.382904,15.439493,-0.368643,0.151464
2.09684,-0.253423,6.688691,0.211959,-0.054214
2.937791,0.204026,7.916587,-0.201037,-0.090479
4.455784,-0.384101,11.909235,0.001452,-0.434173
2.453847,1.071322,11.153905,0.013383,-0.371429
0.343835,2.178121,8.223898,-0.084389,0.25435
0.891097,1.265768,12.757371,0.044546,0.177971
-0.090861,0.118703,9.948312,-0.172412,-0.221468
3.944597,-0.094903,8.675359,0.059526,-0.354284
3.175197,-0.767903,11.529025,0.176704,-0.063037
0.654738,0.539328,11.325748,-0.086614,-0.0534
2.352059,0.261955,6.846313,0.167871,0.110293
3.616929,-1.010998,11.603121,0.104691,0.195999
1.08674,0.750839,9.081465,-0.065966,0.116265
1.715133,-0.468226,9.58397,-0.08778,-0.009287
2.881658,-0.674198,9.387429,-0.438095,-0.205331
2.309098,-0.160017,7.282955,0.127383,-0.282865
3.57786,-0.435594,11.880794,-0.142167,-0.127417
4.357439,0.277822,11.431129,0.204772,0.27689
1.792822,1.122965,6.475235,-0.064085,-0.029863
2.079326,-0.518671,6.859635,-0.125356,-0.060312
1.366658,0.482596,7.781568,-0.086556,0.025703
2.432442,-0.623004,6.174959,-0.383573,0.18348
1.406775,0.225431,8.571925,-0.356501,0.289657
0.266446,-1.405427,11.509416,0.270826,-0.176902
2.877915,0.057181,9.22816,0.195158,-0.147987
2.101929,-0.253872,6.441854,-0.014324,-0.093617
1.676963,0.559836,5.976771,0.188844,-0.083908
4.331992,0.403261,12.120894,-0.410604,-0.279396
3.648363,0.523162,7.225475,0.301886,0.024783
3.492088,-0.953817,9.706116,-0.554369,-0.280047
1.106798,0.572559,8.847651,-0.271266,-0.161301
2.709665,0.17304,12.700938,0.262706,0.122725
2.542014,0.020507,13.461956,-0.670144,-0.120186
3.079097,-0.077988,10.809921,0.276176,-0.077536
3.176844,-0.132624,11.102562,-1.107815,-0.132674
3.360063,-1.272953,8.178842,0.087652,0.168656
1.576671,-0.544118,7.900122,0.202046,0.084618
2.813849,0.099094,5.778434,0.266385,0.026511
3.684139,0.362247,10.2908,0.07361,0.020185
2.238894,-0.200733,6.356981,-0.29825,0.142007
3.992498,-0.406854,11.522589,-1.355927,-0.145507
2.104773,1.647474,12.872332,0.704882,0.342704
2.060316,1.02417,8.523575,0.047863,-0.064532
3.405269,0.465981,7.884704,-0.036772,-0.433197
3.317252,0.049697,12.097543,-0.177161,0.105825
1.24556,-0.307161,7.781418,0.188508,0.300789
4.377198,-0.459694,8.082143,-0.08723,-0.228726
4.021537,0.207469,9.21379,-0.029705,-0.018253
2.163301,-0.485291,9.832453,-0.072068,-0.052418
2.786306,0.171992,11.929143,-0.225365,0.138566
3.141517,-0.552501,7.618407,0.254949,-0.279385
3.271447,0.035925,11.346405,0.000874,0.007057
0.812959,-0.445174,9.782757,0.016075,-0.002261
1.189277,-0.76446,9.821077,0.385939,0.310216
0.943338,-0.542322,8.456964,0.037483,0.008685
2.9095,0.749641,8.725056,0.092451,0.044344
2.497856,0.049996,6.702762,-0.020823,-0.089561
3.03928,-0.751587,12.842095,0.426745,0.501821
3.535648,-0.079036,10.845098,-0.196656,-0.273611
3.118166,-0.126188,6.891818,0.003701,0.000529
2.089655,-1.012644,7.051237,-0.175647,-0.015874
3.144361,-0.324825,6.682254,-0.672732,-0.501293
0.868045,0.721051,6.548582,-0.030675,-0.234975
0.754581,-0.209265,8.058492,-0.033835,-0.358864
2.263892,-0.046703,6.863827,0.694739,-0.447706
1.615291,-0.848885,12.598102,0.104076,-0.107902
4.50099,-0.903371,11.703113,0.166,-0.079488
3.868256,-1.358874,9.049432,-0.119313,0.057105
1.491349,1.780248,8.537796,-0.550634,0.323337
1.145119,0.033231,9.698482,-0.407317,0.553202
1.165177,0.06242,13.178894,-0.019899,0.275609
0.973725,0.745899,8.93941,0.008917,-0.497781
1.847009,0.451311,7.03073,0.479387,-0.166533
3.707341,0.01946,9.03087,-0.001822,0.093988
0.579894,-0.67345,8.474328,0.026398,-0.100217
2.415228,-0.529,9.620344,-0.599903,-0.748309
3.26022,0.332608,7.304361,0.428405,0.0123
1.210682,-1.566492,10.98326,0.241099,-0.20239
4.257896,0.785117,10.915002,-0.164985,0.208421
1.272204,1.385519,11.972254,0.039736,0.031499
0.628094,-0.510888,10.043365,0.024676,0.065556
0.977767,-0.405507,8.011939,0.424125,0.225804
1.424138,-1.460812,8.620873,-0.467297,-0.148081
0.357008,-0.192649,11.576028,-0.171423,0.108006
3.010989,0.253573,9.396709,-0.816471,-0.247676
1.853745,0.822839,8.236921,0.365294,0.533809
3.456612,0.31255,7.21335,0.092014,-0.118843
1.25978,-0.008532,10.147249,-0.244818,0.304612
3.484005,0.893642,11.481873,-0.11633,0.084927
2.071393,-0.301174,8.835975,0.079863,-0.03991
2.057621,0.757575,9.940678,-0.887614,-0.101732
1.876198,-1.541195,10.189461,0.149836,0.035421
2.588118,-0.212408,10.207274,0.202679,-0.017834
3.559747,-0.179477,6.881789,-0.14788,0.148133
1.228196,1.429378,9.561966,0.201052,0.206335
2.431993,0.818199,9.746682,-0.055634,0.143367
1.252595,-0.518971,12.616813,-0.12149,0.214397
0.249232,0.516875,8.76158,-0.269483,0.076914
4.4001,-0.225431,10.374476,-0.329079,-0.360427
2.769241,0.283361,5.867648,0.107657,-0.216842
1.056653,0.911754,7.864346,0.499983,-0.05212
1.980531,-0.659978,7.430249,-0.228195,0.043982
0.729283,-0.079185,11.335927,0.116105,0.108737
1.43776,1.460962,10.840008,-0.111613,0.22084
0.801433,-0.432301,13.461357,0.102148,-0.077386
2.182761,0.873883,7.541467,-0.125864,-0.120515
1.846261,-0.751138,9.444011,0.619399,-0.176027
2.147883,-0.15882,7.441176,-0.048675,-0.134097
3.807033,-0.535586,11.778257,0.616696,-0.057299
2.989284,-0.526904,8.769663,-0.084747,-0.458564
0.938698,0.648152,7.254364,-0.098056,0.036041
0.992586,1.549278,10.647658,-0.079396,-0.104439
2.20222,0.753832,7.353009,-0.153439,-0.085974
-0.291594,0.215701,10.32478,-0.392258,-0.799886
1.617087,-0.825533,7.666757,0.185367,-0.224925
1.710194,0.047152,8.055349,0.511272,0.453336
2.461182,0.397424,8.680599,-0.328815,0.166214
1.905088,-0.852477,11.187136,-0.205949,-0.134151
3.132087,-0.5772,8.505612,-0.007543,-0.298427
3.908372,-0.233963,8.490344,-0.105899,-0.463601
5.057533,-0.605491,10.725496,-0.010454,-0.387827
0.687969,0.469424,7.427405,0.138896,0.184603
2.087409,-0.823587,9.067993,-0.271974,-0.073564
1.044977,-0.442779,7.983648,0.168938,0.319773
2.988984,0.318987,8.25174,0.129114,-0.026883
3.534749,0.142653,11.619288,0.041735,0.079935
3.091072,-0.075892,6.561156,-0.629067,-0.050026
2.71685,-0.289348,8.334219,0.028693,-0.011777
2.517764,-0.064516,11.8299,-0.525788,-0.579268
1.717678,-0.825533,9.63202,0.028626,-0.093923
3.408712,-0.222288,7.469467,-0.000499,-0.054824
1.160986,-0.777334,12.027638,0.112607,0.156628
3.25064,-0.402064,9.975556,0.055664,-0.050821
0.688718,0.301473,7.000193,-0.246375,0.075207
0.630788,0.439486,6.5402,-0.10714,-0.042595
1.842818,1.462309,13.193863,0.120937,-0.237975
2.545157,-0.357906,8.414751,0.377122,0.058478
2.983296,0.294737,8.033794,-0.181445,-0.017143
3.128345,-0.451311,10.737621,0.077232,0.644327
2.232308,1.243315,10.725496,-0.083813,0.049931
2.139651,0.636027,6.784043,0.088105,0.163065
-0.652793,0.546364,13.697715,0.010395,-0.17366
3.262915,0.479303,12.200229,-0.751056,-0.70778
2.953059,0.2886,11.654913,-0.559828,-0.125108
3.667074,-1.334026,10.592273,0.224467,0.485683
4.710105,-1.010698,11.095976,3.5e-05,-0.3583
0.489781,-0.443228,10.606194,0.113613,0.106592
0.957559,1.895957,8.63659,-0.249538,0.210101
2.63512,-0.607287,6.759044,0.531944,-0.167504
1.534758,0.731529,7.477251,0.094097,0.066865
4.483477,-0.580343,10.905272,-0.267227,-0.222111
4.057462,-0.255818,8.571925,0.008189,-0.256288
1.024769,0.085323,10.293046,-0.757746,-0.194218
2.337838,0.868344,11.267818,0.232377,0.025591
3.942651,0.537532,9.391321,0.121176,0.536855
1.576522,0.262404,8.892558,0.304733,0.782549
2.919828,0.263003,8.327932,-0.504155,-0.546458
1.94296,-0.40416,8.040081,0.496242,0.169482
2.631228,-0.136815,7.000492,-3.2e-05,0.119239
1.251547,1.118175,7.875124,0.14029,-0.14407
1.166075,-0.260907,12.361594,-0.285402,0.046022
3.319347,-0.534089,11.669433,-0.017723,-0.119442
4.581074,-0.683928,9.904454,-0.221161,-0.173925
1.354683,-1.007704,11.001522,-0.076916,0.054897
2.379153,0.510588,6.639144,0.132973,0.239914
1.441053,-1.545237,9.301956,-0.001979,-0.022817
3.193759,0.105531,8.124355,0.128573,-0.171706
2.719545,0.353714,10.338102,0.174213,-0.125909
2.617906,0.383503,9.537866,0.300877,0.153399
2.227668,-0.407602,10.209669,-0.010796,-0.093145
0.978365,-0.264799,11.497142,0.719813,0.562667
1.085692,0.418081,9.509275,0.237573,-0.1247
5.132377,0.656984,10.948233,0.175528,0.137825
2.95246,-0.749791,8.64153,0.018193,0.093463
4.283193,0.569566,11.310779,0.137165,-0.084668
3.039429,-0.402812,6.863078,0.146933,0.041514
1.330583,0.904868,7.919282,0.263992,-0.081601
2.778522,0.468526,10.34394,-0.160245,0.243827
2.210902,0.52436,9.455387,-0.083585,0.015999
2.959645,-0.33201,8.053553,0.14795,0.099538
2.296524,0.956361,7.497609,0.291752,-0.247839
2.60174,0.81266,10.878328,0.18431,0.041874
0.427062,0.802032,8.566685,0.018989,-0.206388
3.133284,-0.56762,11.592194,-0.661666,-0.557746
1.201402,0.110021,7.745493,-0.788643,-0.120019
3.302882,-1.454974,11.900403,0.354014,0.519212
2.877167,-0.076042,6.874305,0.302486,-0.219035
2.891537,-0.272883,8.047864,0.20301,0.084177
1.528472,0.29833,6.670279,-0.194138,0.352201
2.992876,-0.258063,7.178921,0.148535,0.000781
2.546804,-0.205523,7.722291,-0.155978,0.218133
2.625989,0.192949,9.77617,0.089535,-0.022997
0.888253,-0.286654,10.374626,0.2639,-0.233266
1.684747,0.584085,11.120674,-0.080436,0.004069
1.941612,0.12978,7.202422,-0.01771,-0.356883
2.012565,1.165776,11.381133,0.38496,-0.097752
0.228575,0.180824,8.425379,0.208136,-0.26827
3.278333,1.398093,13.144616,0.093581,-0.43008
1.523981,1.016686,9.16095,-0.60608,-0.247776
2.161505,0.646655,7.332053,0.033783,-0.319872
0.80772,-0.332159,9.376202,-0.05234,0.143932
3.903433,-0.147144,8.682395,0.127226,0.525053
2.344874,0.246388,6.033054,0.232373,-0.290679
2.14474,-0.260009,8.857082,-0.89314,-0.643113
0.641566,-0.23097,7.490723,-0.248133,0.039674
1.737587,-0.647553,12.127481,-0.244417,0.29792
4.201912,-0.203726,11.239378,-0.036332,-0.181427
2.079476,-2.371369,10.727442,-0.053237,0.757141
3.038531,0.037123,7.710316,0.376868,-0.019296
2.120341,-0.155527,7.426806,0.285346,-0.023085
3.046016,0.603695,8.576266,0.091055,0.122713
3.393743,0.496967,6.815327,0.269089,0.057118
2.725981,-0.30791,6.591992,-0.236537,0.386167
2.783911,-0.000449,8.427475,0.57404,-0.382088
0.974025,0.61058,10.967543,0.386089,0.284634
1.08659,-0.915197,9.875414,-0.27842,0.186561
1.427581,0.191452,12.618011,0.187115,0.003631
2.311194,-0.564476,6.796018,0.170845,-0.199982
1.392105,-0.413889,9.866433,0.047614,0.324566
3.113525,-0.464484,12.260404,0.110328,0.045417
4.352499,0.183818,9.925859,-0.156192,-0.053925
2.55848,0.424817,8.785231,0.007718,-0.355616
3.879932,0.551753,7.762558,-0.172681,0.048264
2.847229,-0.075144,6.432124,-0.128661,-0.191644
0.830174,0.732577,11.687246,0.207732,0.03349
4.495901,-0.475112,11.465108,-0.439128,0.027746
3.781287,0.141007,12.418775,0.257634,0.063384
0.429756,-1.984124,10.966495,0.384327,-0.211265
1.107996,-0.327818,10.317894,0.263766,-0.333261
1.288071,0.088167,7.137458,0.041832,-0.122473
1.536704,-1.29825,9.443861,-0.129809,0.092144
1.464854,-0.041913,6.641539,-0.53594,0.02396
0.295486,1.161435,15.005246,-0.010142,0.007043
2.559827,0.376018,6.54963,0.240553,0.034593
2.317481,-0.136666,6.715784,-0.236724,0.027507
2.530638,-0.956661,13.038636,0.176379,0.527693
4.418961,0.671055,10.543475,-0.478282,-0.497847
3.184777,-0.192799,8.751551,-0.444949,0.047356
0.304317,1.444796,12.21445,0.101602,-0.060308
2.559827,-0.27408,7.771539,0.561339,-0.381701
2.501299,-0.212558,7.198082,0.000855,0.089644
0.738864,0.640518,8.610844,-0.127859,-0.051263
2.984194,0.064666,8.731942,0.097549,-0.142478
2.388583,-0.465831,8.750354,0.335684,0.104737
4.009113,0.453856,9.635313,0.325956,-0.075268
3.681893,0.523012,6.873257,-0.328409,-0.171559
1.674268,0.683179,10.107431,0.702011,0.564771
3.519631,-0.220941,7.204219,0.026339,-0.023253
3.185077,0.384101,6.85724,0.442535,-0.188289
1.513652,-0.083077,8.075108,0.413838,-0.468065
2.877017,0.544418,11.468252,0.254545,-0.022109
4.026477,-0.785117,10.630145,0.749715,0.057031
2.041904,-0.123044,6.382577,-0.288147,-0.413131
3.402275,-0.066611,7.735314,0.025946,-0.032605
1.247805,-0.350721,7.403904,0.009939,-0.012725
2.844535,-0.430355,8.586145,0.44877,-0.139296
1.944007,-1.360371,8.884924,-0.077556,-0.034162
1.922153,0.837658,9.133407,-0.039546,0.109696
0.585133,0.545166,14.345868,0.369355,-0.212622
2.403103,-0.730182,11.091785,-0.8459,0.06821
2.497556,-0.603246,8.338111,0.037089,-0.385975
2.363585,-0.887504,12.540023,0.315374,0.016359
1.186433,-1.409619,9.613758,-0.198534,-0.159934
1.264121,-0.277523,11.994857,-0.676724,-0.108927
2.548151,1.174607,11.635005,0.096887,0.304371
1.738784,0.802781,12.037368,0.035262,0.266466
1.246757,0.25956,12.027638,-0.358989,0.000256
0.605042,0.330513,10.278077,-0.018906,-0.375427
2.262246,0.329615,13.817317,-0.048116,-0.095429
0.817899,-0.68303,10.857971,-0.2698,-0.099128
2.731969,0.194296,12.437486,0.192092,-0.170348
2.8372,0.0482,8.452473,0.311086,-0.173507
0.769101,0.250729,11.585458,0.243281,-0.042264
1.116678,-0.844693,7.792645,-0.324284,-0.242979
3.795358,0.20702,8.262518,0.11023,0.242766
3.20274,0.195044,11.016641,-0.49842,0.371811
0.335153,-0.3606,11.658656,-0.754129,-0.48563
2.70727,1.258882,9.64669,0.012615,0.090108
1.456022,1.229393,7.627239,-0.081144,0.383726
2.561773,-0.606539,8.199798,-0.376247,-0.083679
2.728975,-0.233065,8.307275,-0.105039,-0.076619
0.941991,0.711171,9.462872,0.204195,0.042444
1.248254,0.503253,7.91075,-0.262328,0.053483
1.644031,0.905617,7.407646,-0.08679,0.037848
1.541195,1.648372,9.427695,0.86375,0.337053
0.577948,-0.459544,7.263196,0.056277,-0.003064
2.464026,-0.838407,10.796149,0.150503,0.094448
1.460663,0.59621,10.75753,0.194628,-0.078849
3.952381,-0.825234,11.552975,-0.024212,0.092305
1.701063,-0.218096,7.673942,-0.72699,-0.305742
2.101779,1.793121,10.021959,-0.501135,0.047847
0.518971,0.477208,7.798633,0.012079,-0.048495
1.453028,0.076341,7.675289,-0.12423,-0.031904
3.584147,0.281564,9.440718,0.35382,0.152405
3.307821,-0.345482,11.511063,-0.718365,-0.872084
0.866847,1.152453,9.541009,0.156814,0.518995
1.906735,0.109273,8.001012,-0.947171,-0.391955
1.619931,-1.206192,10.912457,0.330533,0.30642
2.058819,0.127535,7.292236,-0.12876,0.490476
2.133214,-1.130449,10.333461,0.840919,0.220206
3.609145,0.09116,11.639496,0.027277,-0.192254
3.510799,0.266596,8.398136,-0.092366,-0.130267
1.810635,-0.094005,7.346573,-0.088951,-0.138131
1.876348,0.30312,11.135943,0.239994,-0.058686
2.773732,0.712219,5.733677,-0.280558,-0.102816
1.050066,1.43776,9.518406,0.000583,-0.272813
0.479752,0.578996,7.235504,-0.56925,-0.069164
3.270848,-0.387544,8.735385,0.37831,-0.056375
4.737199,0.430505,11.629017,-1.35123,0.116871
0.427062,0.771496,13.214071,0.228198,-0.119474
3.536396,-0.512684,10.826386,-0.040939,-0.276139
0.473016,-0.208217,12.555441,0.096021,0.046662
0.646057,0.665965,7.856263,0.304148,0.23578
0.534688,0.789758,8.446036,-0.457699,0.370649
2.867287,-0.087718,11.944561,0.685032,0.55234
1.893562,0.675994,13.186079,-0.015051,-0.023211
0.909209,-0.789608,10.325229,0.009189,0.03088
1.40887,-0.415835,10.645562,-0.020739,0.036869
3.109633,-0.349224,13.309124,-0.506288,0.068298
2.001638,-1.057701,8.91546,0.261101,0.144586
1.35124,1.327739,13.821209,-0.279173,-0.365979
2.296375,-0.155527,9.455088,0.133111,0.205336
1.360521,-0.780926,10.039772,0.156189,-0.040951
4.280199,0.681832,9.848171,-0.029097,-0.171301
1.097817,0.797841,10.729987,-0.942714,0.076548
2.482587,0.08667,6.94855,-0.482191,-0.025846
1.489702,-0.33665,6.56879,-0.202371,0.025907
4.797224,-0.248783,7.952962,0.149146,-0.055042
2.543211,0.315095,10.94,-0.43515,0.422471
4.140839,0.827779,12.420422,0.063747,0.000679
1.767674,0.862506,14.076278,-1.049791,-0.309678
2.541714,-0.247286,9.256002,-0.070967,0.21987
0.94738,0.52885,7.218739,-0.17052,-0.126044
1.633254,1.672173,6.968309,0.014826,0.025907
3.046315,-0.178579,6.949149,-0.403724,0.090559
3.170557,0.529748,13.418546,0.08561,-0.096757
1.967509,-0.282612,13.101954,-0.032072,-0.1058
2.583328,0.146994,6.114335,-0.057881,-0.245531
0.437989,1.064736,9.705817,-0.115831,-0.119769
3.152444,-0.523911,11.377241,-0.042985,0.156128
0.77404,-0.013921,7.874076,-0.080747,0.128581
1.855242,0.026046,6.79003,0.004875,0.540474
3.078199,0.925376,12.936548,0.88032,0.462936
2.112707,-0.487386,10.557096,0.324853,-0.193372
2.49591,-0.125739,9.622739,-0.122275,0.226923
4.269422,-0.691113,11.65656,0.206617,0.122097
1.222957,-1.034798,12.689861,0.13493,0.281236
2.633623,0.089364,7.512877,0.070437,-0.114272
3.903283,-0.612975,8.437205,-0.233806,0.11231
3.614234,1.297951,8.865165,-0.23274,-0.081622
1.321452,2.044748,13.239518,-0.019336,0.261664
2.166295,-0.27423,7.302564,0.357994,0.116772
2.880759,-0.383503,9.89188,0.458677,0.145551
2.077979,0.455054,10.112072,-1.011978,-0.315158
2.352508,0.104632,7.096293,-0.226064,-0.632971
1.952839,-0.973575,9.38683,0.03043,-0.046851
2.725832,-0.224234,6.959029,-0.141159,0.063305
3.706442,-0.233065,12.149036,0.018301,-0.083557
2.052981,-0.202229,9.415121,0.255166,-0.01726
2.390978,-0.140857,6.839128,0.174389,0.189583
1.430874,0.864452,9.014404,-0.030754,0.154284
2.459236,0.231568,8.485255,0.103945,-0.077713
2.718197,-0.595312,6.49649,0.301223,-0.028137
1.512155,-1.321452,12.175531,0.225772,-0.020857
3.105742,-0.129032,8.338111,0.294082,-0.079933
3.081043,0.012724,5.921835,0.058321,-0.040744
2.602039,0.710273,10.109976,-0.461244,0.006958
1.050515,0.649499,6.04473,0.014939,-0.204672
3.583099,0.073048,10.551708,-0.440319,-0.162665
4.64993,-0.715811,11.88274,0.235611,-0.00212
0.928968,-0.451162,12.049493,-0.103702,0.291417
2.6688,1.348097,10.143956,0.090638,-0.094937
2.118844,-0.482297,6.64079,0.851573,-0.207356
1.720522,1.517395,8.380622,-0.813715,-0.212094
1.860182,0.228874,10.429412,-0.663802,0.106167
1.031206,1.965862,9.519305,-0.012123,-0.364289
3.237468,0.616418,7.019054,-0.969494,0.01462
2.73601,0.864153,7.41498,-0.343315,-0.36681
2.006278,-0.280367,9.776021,-0.018532,0.121484
1.010698,0.466729,10.285711,-0.614872,0.25862
3.464396,-1.701661,10.785521,0.023499,-0.177197
-0.067959,0.161215,9.69444,-0.655506,0.350784
2.912044,-0.331561,6.534062,0.112647,-0.336267
1.813778,0.569865,9.595945,-0.285549,-0.16778
2.576442,-0.077539,6.649622,0.271706,-0.006889
0.803828,0.137714,7.805668,0.13571,0.250553
2.685416,-0.934058,7.546108,-0.547995,-0.176239
1.961521,0.073347,8.552465,0.353787,0.25922
2.242786,-1.083746,10.854378,-0.519171,-0.161253
2.002386,-0.358205,10.600057,0.152258,-0.288752
1.184786,0.091609,13.710439,-0.220003,-0.218497
2.362836,0.311802,8.321346,0.462507,-0.234323
1.321901,0.467328,7.16994,-0.336071,-0.217268
3.175946,-0.671803,11.78185,0.023427,-0.108012
1.619482,-1.148262,9.797276,-0.748351,-0.033792
2.385889,-0.116907,6.594986,-0.516745,-0.06284
1.29376,-0.29818,12.793596,0.003227,-0.013166
0.15373,0.768352,12.125984,0.235826,0.027003
1.41845,1.329835,6.141878,0.14732,-0.123466
2.236499,1.219215,9.786499,-0.401458,0.279204
2.819088,-0.227976,8.149503,0.146123,-0.161178
0.814157,0.601,6.904991,0.151392,0.287864
1.546135,-0.54816,8.619675,0.081781,0.052961
2.607578,-0.217348,9.138646,-0.107579,-0.30298
3.530708,0.255668,8.466544,-0.547814,0.058573
3.429219,0.111219,9.255104,0.050422,-0.226095
3.631448,0.367785,9.400452,0.043882,0.038506
3.349285,0.318238,10.351574,-0.031499,0.110213
-0.396525,2.83256,12.325369,0.093748,-0.612384
2.397714,-0.311053,7.667056,0.121635,-0.126843
2.214046,-0.160017,12.289594,0.087782,0.258942
1.878294,0.389939,9.960587,-0.688016,-0.603796
2.917134,0.827479,10.464439,0.052787,-0.170025
0.155676,-0.573158,12.155473,0.005639,0.0203
1.835333,0.402363,7.614815,0.254389,0.411729
1.988615,-0.313748,6.680907,0.031249,-0.077663
1.814527,-0.934357,11.354339,-0.653385,-0.821839
0.374821,0.509989,12.112811,-0.101184,-0.305076
1.765578,-0.42796,7.595355,0.129698,0.074637
3.69806,-0.690963,9.328152,0.392666,-0.105531
2.533332,0.396675,11.857143,0.222093,0.12293
3.878584,-1.390908,10.530751,0.00635,-0.071009
1.700464,1.107996,7.802974,-0.183708,-0.110799
1.135988,-0.755928,7.034621,-0.280461,0.178766
2.109114,0.753383,12.197086,0.096938,0.00451
1.977388,0.729733,6.812783,-0.00312,0.170215
1.854943,0.295336,6.688391,0.034413,0.067553
2.283352,-0.957708,9.778715,0.181942,0.329982
0.665217,-1.532363,14.870826,0.249027,0.15045
3.959117,-0.923879,8.897647,-0.081726,-0.177855
0.689915,0.929118,7.488927,-0.257925,-0.008125
0.945584,-0.656834,9.745484,-0.131361,-0.04932
3.018024,-0.166154,11.637699,-0.030249,-0.015281
4.191883,0.440384,9.025481,0.059506,0.129074
3.985762,0.246837,12.02704,-0.819793,-0.019314
2.955753,-0.048499,8.392298,0.357289,-0.003806
5.202731,0.145348,11.801608,0.045196,-0.018198
1.073118,-1.169069,10.308014,-0.741599,-0.329603
2.827021,0.06721,11.685151,0.173203,-0.037484
2.242636,-0.35581,7.917486,0.744687,-0.449269
1.992656,0.396376,7.572154,-0.545971,0.290705
1.372047,-0.72599,7.512428,0.265011,-0.136771
2.584226,-0.318538,7.721543,0.252525,0.04119
1.618135,-0.003742,6.465655,0.172841,-0.170745
2.938689,0.512534,11.106753,0.041297,-0.332102
2.563868,0.455203,5.644313,-0.133137,-0.199049
3.869603,-0.462388,9.281898,0.084349,0.096695
0.425266,0.044458,11.390264,0.052469,0.15486
1.281934,0.008233,11.424992,0.604219,-0.517646
3.116669,0.359852,6.162535,0.02392,-0.173704
1.783092,1.18778,8.570577,-0.19364,-0.03916
3.635191,0.03383,11.102113,0.824341,-0.343063
0.701142,-0.258063,9.36258,-0.034229,0.004955
-0.714165,-0.030686,14.1381,0.23619,0.048175
3.607199,0.1443,6.553522,0.078448,-0.131863
2.270029,-0.699795,11.389815,0.267236,-0.024649
1.866169,-0.983605,9.642349,-0.160852,0.17468
3.148702,-0.123942,8.13663,0.151127,0.167848
0.475411,-0.39413,12.021052,0.102309,-0.17181
4.878655,0.984203,11.330089,-0.71655,-0.541914
2.778672,0.049098,7.782317,0.261017,0.365847
1.281186,0.313448,7.859556,0.227317,0.0728
3.579357,-0.166005,7.553742,-0.016656,-0.045942
2.97162,-0.961301,9.739048,0.140524,0.020251
2.783911,-0.443827,9.852362,-0.058003,-0.033927
-0.779429,0.585133,11.82466,0.111715,-0.194571
3.241659,0.091759,8.123158,-0.14633,0.106643
1.436263,-0.926723,8.629854,0.225163,0.011956
1.081351,0.214205,11.931688,-0.046191,0.057196
1.475631,0.01931,12.312346,-0.237046,-0.003582
3.528912,-0.2166,10.186767,0.28735,0.072354
2.935246,-0.340692,7.575746,0.101614,-0.090203
1.591341,-0.458946,10.891501,-0.088311,0.088133
2.415228,-1.329086,9.744287,-0.118479,0.120576
0.968636,1.104254,12.260255,-0.42601,-0.358177
1.727558,-0.498014,7.560328,0.495787,0.762975
1.002615,1.209335,10.719808,0.050067,0.409648
2.15417,1.964964,12.934153,-0.120027,0.167705
2.552642,-0.048349,8.112081,-0.070556,0.222348
1.31277,-0.136067,11.257939,0.826728,-0.851348
2.353705,-1.540746,10.089319,-0.23329,0.606954
3.642525,-0.34144,8.679102,-0.232135,0.279113
2.090553,0.633034,11.197764,0.074961,0.19281
2.753823,0.32677,6.671926,-0.418174,0.356951
2.362836,-0.451012,8.836574,0.065706,-0.336179
2.952909,0.47137,13.839321,-0.874048,0.016703
1.778452,-0.584385,7.302564,0.064871,-0.054193
0.959355,-0.891995,10.384206,-0.510893,-0.180175
3.909271,-0.366737,10.299781,-0.15072,-0.139876
2.196682,-0.419428,8.199499,-0.310463,0.38818
3.110981,-1.642385,10.583142,0.115924,0.605684
1.603166,-1.122067,11.506871,0.464111,0.048295
3.073259,-0.456401,7.248527,0.084543,0.02926
0.83182,-0.539927,11.81044,-0.01532,0.14523
2.79858,0.244741,12.047248,0.316341,-0.228262
2.223776,0.666863,9.148825,0.003764,0.176406
2.436633,0.113165,9.711655,0.318247,-0.270088
3.384462,0.810714,6.96322,0.921652,-0.249355
1.896706,-0.030087,7.642208,-0.136015,-0.174059
2.456841,-0.150437,6.903494,-0.567182,0.165101
1.174458,-1.349893,11.344309,0.252396,0.403864
3.501668,-0.566871,9.24732,-0.409849,-0.356716
4.153712,-0.427511,8.388706,0.196086,0.097865
2.204765,-0.17289,13.593981,-0.541643,0.201071
3.207231,0.243843,9.370664,-0.283153,0.302138
1.683399,-0.192051,6.262976,0.280617,-0.290923
1.356928,-0.924328,11.32979,-0.138528,-0.05252
2.431095,-0.396525,7.121291,0.048784,-0.13941
2.01496,-1.371149,11.957135,0.068837,0.442327
1.085543,0.746498,10.618169,0.246833,0.128132
3.583249,-0.415386,9.618997,0.011664,-0.273755
0.076192,-0.457898,10.442135,0.043975,-0.016815
1.547183,-0.908311,9.28564,-0.16294,0.014484
3.372936,0.381557,9.058563,-0.1042,0.518473
1.594335,-0.261506,6.616391,-0.210713,0.282423
1.367556,0.32198,6.539002,0.020673,-0.389767
-0.107327,-1.924548,11.537108,0.005103,0.010527
-0.288899,1.554966,13.748759,-0.27312,-0.253423
2.646497,-0.526006,11.020832,0.019911,-0.0176
1.150058,-0.568667,14.884597,-0.02843,0.058846
3.345992,-1.111738,11.001822,0.065761,0.280546
2.79394,0.551603,9.765842,-0.097791,-0.061293
0.076192,0.535137,9.162147,0.251321,-0.010777
0.530796,-0.143252,10.272388,0.293865,-0.224254
4.479734,-0.310604,9.561217,-0.039279,-0.196934
0.109123,-0.401765,10.503957,0.224471,-0.116078
4.022884,0.612377,11.786041,0.525931,-0.745084
1.845213,0.188159,9.461076,-0.204969,-0.000358
0.811313,0.936004,7.190597,-0.484002,-0.207488
-0.210762,0.447869,14.411731,-0.184136,-0.051949
3.166216,0.174687,8.169861,-0.014879,-0.089185
0.949476,3.15948,14.228512,-0.168962,0.028903
2.145488,0.420476,6.114635,0.215678,0.10435
0.32707,0.958906,7.728728,0.084918,-0.121371
2.866389,-0.845143,11.648477,0.134592,0.111515
2.012565,1.215622,13.37828,-0.414205,-0.188727
0.54801,0.146396,9.216335,-0.011728,-0.373613
3.259173,0.065264,8.145611,-0.228488,0.134935
0.592618,1.073118,6.707103,-0.058268,0.561481
1.566642,-0.862506,7.964637,0.008722,0.054945
1.148861,0.249082,7.619605,-0.016111,-0.173952
0.453856,0.212857,8.704399,-0.069563,-0.211591
2.056424,0.857567,8.676557,0.452593,-0.137728
2.262096,0.041913,6.955286,0.286577,0.044537
3.115621,0.212259,9.836944,0.341008,-0.405753
0.668061,-1.168171,12.697346,0.182755,-0.166378
1.608106,0.489033,8.75215,-0.20812,0.47199
2.451452,0.026794,8.123158,0.18267,-0.178698
2.197879,-0.002994,12.135115,-0.605304,0.65117
2.241289,-0.011227,9.385932,0.027926,-0.008282
1.42833,-0.220941,10.427915,-0.110369,0.107289
2.275867,0.039668,7.316934,0.786474,-0.350499
2.301614,-0.645009,7.720795,0.288739,-0.063511
3.314557,-0.203726,6.741082,0.056534,-0.025777
3.636987,0.481549,8.026459,0.113396,0.115077
1.676514,0.384251,7.679331,0.173184,0.557625
1.682052,-0.701441,9.007219,0.292489,-0.008744
1.967808,0.843197,10.933264,-0.034687,0.204828
1.678011,1.576073,12.089759,0.199576,-0.190643
0.721799,0.125439,8.177046,0.359506,0.108209
1.831292,0.544418,7.354955,-0.161,0.12269
2.321971,-0.065264,10.174642,0.076724,0.124661
0.198338,0.699346,7.851024,0.107383,0.297071
2.802622,0.500709,9.793534,-0.044344,0.061265
1.074615,0.532742,9.219628,0.374404,-0.479497
1.899999,-0.083975,11.008109,-0.251071,0.281137
1.682202,1.133593,8.981623,0.645144,-0.105712
2.755021,-0.44727,9.041498,-0.689952,-0.213404
3.820505,-0.000748,13.005704,0.154823,-0.33673
-0.271086,2.29847,11.160641,-0.252446,-0.162987
3.290008,-0.084724,11.088342,-0.533092,-0.377848
4.023633,-0.542921,11.992761,0.002026,-0.098837
2.689008,-0.268991,11.895912,-0.66594,-0.182527
1.044528,0.318837,10.405761,-0.342992,0.006677
1.733545,0.5528,7.263346,0.183533,0.060153
2.604434,0.310903,8.156688,-0.372197,0.259062
-0.444126,0.890648,14.389577,-0.053656,-0.296491
2.353556,-0.029189,6.264174,0.084205,0.03833
2.818639,-0.07215,8.549621,-0.945249,-0.480065
1.675765,0.22139,6.907087,-0.025904,-0.167995
2.502197,-0.644709,7.026089,-0.15078,0.004057
4.502038,-1.063838,10.376871,0.420371,0.60853
1.665736,-1.129551,10.819351,0.11223,-0.145756
0.996777,0.948128,6.652616,-0.160446,0.040399
1.508862,1.098865,12.66621,-0.077071,-0.259239
2.396666,-0.499062,8.299491,0.139124,0.464374
1.647773,-0.459544,6.628965,0.396746,0.174619
3.045417,1.040935,10.937755,0.788668,-0.239369
1.584605,1.110241,7.494166,0.007853,-0.356112
1.943708,1.181792,9.544602,-0.881506,-0.015845
3.691174,-0.148791,7.151229,-0.014643,-0.264175
2.295477,1.078358,10.374326,0.080937,-0.100092
0.146545,0.482447,13.13279,-0.160443,0.016465
2.831961,0.904419,11.868968,-0.064473,-0.106455
1.479823,0.928968,6.246361,-0.03323,0.133153
2.066153,-0.737367,7.82408,-0.220025,-0.538393
1.084345,1.064736,10.900183,0.008472,0.375032
2.236649,-0.337847,6.802155,0.430989,-0.326041
1.848506,-0.160017,7.383845,-0.875489,-0.125432
3.508853,-0.169298,10.191856,0.005449,0.183237
2.282753,-0.609682,13.082794,-0.184452,0.286672
2.039958,0.733475,9.765093,-0.197699,0.068103
1.592239,0.580044,13.252841,0.048913,0.090267
2.123634,0.740959,9.647139,0.181379,-0.158787
2.164499,-1.243614,9.047635,-0.058384,0.109856
2.118395,1.05291,11.998599,-0.176365,-0.055248
0.170945,-1.062191,8.628357,-0.068805,-0.230933
2.763853,-0.524809,6.906338,0.393781,0.224061
2.446512,-0.489183,8.632399,0.424614,-0.293539
0.892893,-1.016386,11.15645,-0.030925,-0.434582
2.277514,-0.510738,6.792575,0.279722,-0.127511
2.80367,-0.042212,6.560408,0.321522,-0.024811
2.33694,-0.546214,6.707552,0.273674,-0.038916
3.247497,-0.033381,5.992638,-0.173765,-0.239887
1.389411,-1.119971,8.833131,0.093951,-0.097522
1.159938,0.92343,7.466773,0.131201,-0.128174
1.741928,1.170715,8.349188,-0.378341,-0.047455
1.713187,0.563129,8.930279,-0.406455,-0.065001
2.190994,-0.451761,9.369616,-0.053516,-0.004817
2.256408,1.018632,9.243428,0.057137,0.015135
2.958598,-0.381557,11.940819,-0.122214,0.323249
2.622247,0.013771,6.978189,-0.071345,0.034752
2.041455,1.18284,9.095236,-0.766381,-0.132458
2.522255,-0.515229,9.014255,-0.043668,0.327302
2.066752,0.356409,8.389155,0.048819,-0.058135
0.739612,0.793949,8.229886,0.046664,0.321421
0.290097,0.449815,13.303884,0.10943,-0.055519
1.316812,0.848286,6.812633,-0.004209,0.084367
1.825155,-0.847687,11.742332,0.068424,-0.069812
1.887874,0.227527,9.105715,0.226291,0.206697
1.63026,-0.323627,9.213191,-0.76896,-0.172672
2.308499,-0.361349,9.577384,-0.136325,-0.092603
1.427881,0.646057,14.148428,-0.309426,-0.175426
1.675316,0.29803,7.600894,0.070234,-0.147641
1.83234,0.357307,6.081254,0.15273,0.217005
2.848576,-0.72599,8.091723,0.004808,-0.077521
2.576143,-0.096998,9.165141,0.061652,0.040854
1.770069,0.622705,8.821755,-0.014776,-0.173177
0.663271,-0.781375,9.827663,0.029722,-0.240209
1.842968,0.229772,8.489895,-0.16849,-0.336266
3.69327,1.13973,11.407179,0.912104,-0.329572
1.242566,0.716261,7.519613,0.210013,-0.330784
1.470692,1.179547,12.990436,0.094713,0.063993
3.182532,-0.26944,9.489217,-0.188891,0.047441
1.441802,-0.908012,7.934999,0.037059,0.087179
1.029559,1.570833,10.976524,-0.119609,-0.064866
1.578018,0.060774,7.736512,-0.191271,-0.028147
2.153422,-0.291743,6.633905,-0.110144,-0.301137
-0.018412,0.660427,8.89166,0.18089,-0.316539
2.440076,-0.276625,7.103029,-0.061596,-0.042607
1.740281,0.164059,6.688242,0.142179,0.24296
2.734963,-0.342338,8.559201,-0.306186,-0.014485
1.920656,-0.501158,9.289981,-0.09901,-0.001916
1.743724,-0.271236,8.243058,-0.002426,0.183128
1.38986,0.674797,10.065369,-0.057097,-0.410809
3.628754,0.160017,10.019714,-0.507998,-0.552439
2.977309,-1.001118,9.727372,0.098216,-0.060901
1.551374,-0.521216,8.918454,0.000798,0.044196
4.160897,0.232018,10.905871,-0.58656,-0.1487
2.568209,-1.210233,7.848629,-0.031608,0.204377
1.744023,-0.449665,6.43901,-0.026184,0.007977
2.059866,0.242795,9.475446,-0.539253,-0.866723
1.349294,0.244741,9.928404,-0.867333,-0.21773
-0.183219,-0.889001,11.082953,-0.343712,-0.754713
1.263522,0.925376,8.923094,-0.30858,0.323192
0.36524,1.84162,11.437865,0.125902,0.035001
2.195035,0.362696,7.164851,0.027494,0.114692
1.712888,-0.32722,7.285051,0.220536,-0.069785
4.195026,0.639321,11.511063,-0.091277,0.704615
0.742905,0.685125,11.250604,-0.063097,0.42331
1.606908,-0.067061,10.941796,0.113302,-0.179681
1.597628,0.448168,12.709171,-0.157374,-0.021964
4.076623,0.033381,11.751762,0.20781,0.373249
3.301834,0.151635,6.970854,0.168708,-0.3713
1.655557,0.859812,7.306007,0.036589,-0.460446
3.748804,-0.771047,11.328143,0.128153,-0.183836
3.071762,-0.342637,8.06463,0.01931,0.146377
3.587739,-1.492846,9.676178,0.439863,-0.376901
-0.031285,0.320184,13.210329,0.093652,-0.545173
3.959716,0.360001,10.963501,0.128202,-0.121271
2.184557,0.413889,12.064761,0.203733,-0.048606
1.858236,0.394729,8.845705,0.09128,-0.353227
-0.126188,-0.595611,9.90146,-0.008983,0.058789
1.202,0.93271,10.157727,0.570995,0.590306
1.771267,1.262175,12.21909,0.164769,0.191721
4.586911,-0.143102,8.548723,0.202547,0.654115
1.670676,-0.86071,9.998608,-0.199963,0.388657
0.561183,0.190703,14.438974,0.390948,-0.043403
1.012195,-0.418679,13.231285,-0.979126,-0.128306
4.319567,0.110321,9.834848,0.341143,0.11174
2.455643,1.034798,9.210347,0.031262,-0.383822
3.886069,-0.436642,9.88694,0.531307,0.382081
-0.098495,0.195493,10.793455,-0.118423,-0.158441
1.80315,-0.908161,9.65118,0.266836,0.293183
1.561553,-0.094753,7.750134,0.182586,0.138748
1.800905,-0.422272,10.437495,0.187905,-0.148971
1.584605,0.706082,8.672964,-0.063527,0.107996
1.704505,1.004411,7.912396,0.066508,0.285567
2.45729,-0.79365,11.588003,0.048286,0.690871
-1.338966,1.304238,12.508289,-0.084315,-0.288809
1.170715,0.753234,6.232739,0.220004,-0.201427
2.042652,-0.48589,6.922505,0.035848,0.01338
2.103276,-0.379012,10.097851,0.129912,0.042925
3.660937,-0.848885,11.075618,0.803973,-0.003258
2.431244,-1.081651,9.519454,-0.601223,-0.431405
3.393593,-0.455503,10.078841,0.110423,0.189298
3.045417,-1.102757,10.998379,-0.092074,-0.546886
2.4766,-0.098795,10.873538,0.14868,0.036925
2.563868,0.487985,8.230485,0.133807,-0.337726
2.733316,-0.102088,7.063511,-0.060323,0.545769
0.978815,-0.422571,10.235415,-0.238141,0.479875
3.876189,-0.40401,11.02188,-0.515222,-0.421361
2.008374,0.305365,6.254444,0.07478,0.102421
1.849704,-0.670156,9.72348,0.297655,0.282073
1.82276,1.479074,11.618539,-0.532063,0.245882
2.606081,0.850531,8.122858,-0.555243,0.17455
2.079625,0.995879,5.39074,0.067758,0.090445
3.458708,-0.343536,10.599458,0.123922,-0.203006
0.066911,0.88496,12.90676,0.391136,-0.242458
3.930526,-1.625769,10.987601,0.064619,-0.156983
2.985542,-0.104333,7.597301,-0.152117,-0.263568
2.328408,-0.190404,8.981772,0.359041,0.4755
3.612887,0.227677,11.707305,-0.495533,-0.266546
1.193318,0.759521,6.928342,-0.005385,-0.291156
1.43297,0.589624,8.502619,0.430855,-0.135299
3.447631,-0.508044,7.411538,0.069861,-0.427416
2.40445,-0.632135,6.994655,0.0031,-0.00027
1.074615,1.467848,6.728358,0.079055,0.077402
1.409469,2.020199,10.436747,-0.347306,-0.093259
2.177222,-0.644111,8.047415,0.278849,0.353275
0.486488,1.537752,7.346573,0.044426,0.301362
1.138083,0.813858,11.174113,0.283739,0.014618
4.801864,-0.16346,11.546689,-0.231112,0.028104
0.811612,-0.57211,12.809612,-0.030517,0.066107
2.301763,-0.380808,11.248658,-0.385634,0.185842
2.641407,0.395478,7.957003,0.184603,0.019547
2.008224,-0.229922,8.878786,-0.508318,-0.101561
2.516118,-0.75967,12.002491,0.19887,0.565256
0.021106,1.228795,9.699829,0.036846,0.198208
1.796714,-0.598755,9.552086,0.211513,0.087486
3.193759,0.188159,9.222172,0.630137,0.30755
3.622018,-0.656235,8.291707,-0.049634,-0.198018
3.228935,-0.71641,11.54579,0.272377,-0.275167
1.258583,0.941991,6.134543,-0.094437,-0.064108
3.502716,0.223934,6.952742,0.200507,0.081927
2.748135,0.414189,9.002579,0.100893,-0.332885
2.719395,0.352816,8.084239,-0.260191,0.240071
1.718427,-0.089364,8.702453,0.018332,-0.037191
2.531536,-0.894989,8.98776,-0.47296,-0.100783
0.872386,0.577649,11.294313,0.069532,0.060967
1.006657,-1.656605,9.582473,0.508662,0.445698
2.330204,0.226778,6.941814,0.006,-0.098943
1.038241,-0.713566,11.192824,0.335901,0.26867
2.668052,0.962349,9.549392,-0.148247,0.243008
0.517923,0.462089,8.04532,0.172291,0.03085
2.860402,-0.621358,9.463321,-0.102943,0.225894
3.811524,0.051643,10.300231,-0.108194,0.077045
1.407972,-0.10583,7.146888,0.047312,0.011731
1.753454,-0.005389,6.357729,-0.034488,0.263853
4.099974,0.330812,8.528365,-0.217691,-0.178655
3.982468,-0.184566,9.964928,0.309733,0.194806
-0.144899,-0.36554,11.201656,0.162361,-0.218402
1.763782,0.033979,8.39619,0.022947,-0.412315
3.442541,0.052391,7.402556,-0.20611,0.095095
3.814368,0.005988,11.301798,0.172388,0.166216
0.273481,-0.489183,10.205029,1.175362,0.813616
4.605623,-1.092877,10.924433,0.237985,-0.06519
1.127455,0.158221,7.791448,-0.100389,-0.071823
1.171015,0.905317,12.553345,0.092267,-0.381233
3.316054,0.42332,7.91554,0.237137,0.011268
2.146985,0.97118,12.627142,0.147709,0.232785
0.910257,-0.152084,11.294313,-0.640516,-0.527915
1.934128,2.244133,10.266251,-0.583665,-0.38838
3.422483,-0.146096,6.840924,0.244117,0.080363
2.331402,-0.238155,10.008936,-0.332307,0.000956
0.185315,-0.38455,12.316238,0.389522,-0.637308
3.413053,-0.345631,12.480746,-0.495404,-0.047205
2.346969,-0.564776,6.864425,0.278419,0.48542
2.337539,-0.81251,9.3289,-0.32526,0.15356
0.677791,0.263602,7.972122,0.096957,-0.03762
1.763333,0.452359,6.780899,0.124307,-0.137184
1.893113,0.972228,9.760303,-1.133339,-0.046165
0.218695,0.581241,11.239078,-0.63765,0.092189
3.494483,0.227677,11.20944,0.10326,0.010685
1.036744,-0.486039,9.855505,0.006399,-0.045993
2.694397,-0.171992,8.597671,0.152747,-0.0718
1.696422,-0.671953,9.126222,-0.639685,-0.166385
3.757037,-1.243165,10.230476,0.434437,0.703621
4.215534,-0.082928,11.592194,0.071138,-0.154368
2.58737,0.003293,7.092102,-1.002978,-0.430392
1.388064,0.141007,12.334351,-0.127953,-0.062202
2.200724,-0.3606,6.577622,0.161606,0.066075
2.41418,0.75997,12.250525,-0.272315,0.060152
4.031566,0.171094,9.297017,0.235167,0.649612
3.81317,-1.624871,11.203153,0.295987,-0.140719
0.364791,-0.621657,13.400883,0.191689,0.084112
2.607128,1.21203,11.680061,-0.271474,0.077698
3.981421,-0.391436,12.766652,0.281247,-0.068926
3.846701,0.768951,11.706107,0.866497,-0.012062
3.15918,-0.36524,11.365266,-0.625546,0.318896
2.395918,0.825982,12.649894,0.165863,-0.093625
4.039949,0.664917,12.682826,0.116497,0.170347
3.057392,-0.339644,8.524922,0.093125,0.204465
3.201093,1.438958,10.197843,0.118144,0.079239
3.70779,-0.13951,8.881181,-0.019116,-0.077325
0.311951,0.073497,10.396331,-0.04925,-0.059143
2.262246,1.009501,13.50791,-0.009198,0.0075
3.685037,0.611778,9.106164,0.03818,0.018557
2.465224,0.59651,9.74743,-0.366143,0.104884
1.529968,-0.852926,8.062833,0.043149,0.807113
0.90906,-0.396974,6.800508,-0.951186,-0.464125
-0.582289,-1.609154,12.058774,0.004233,0.023189
3.422782,-0.037123,6.273903,-0.386315,0.35311
1.513203,1.526077,8.700358,-0.128424,0.530505
3.222199,-0.306263,8.480465,-0.220096,-0.372336
2.661316,-0.21136,9.412277,0.089584,-0.218657
3.229085,0.114662,7.693102,-0.073188,0.022898
3.221301,0.006287,11.419004,-0.053315,0.117318
1.05321,0.317639,7.912097,0.321366,0.419144
-0.510588,0.490081,12.63268,0.52367,-0.272486
2.073039,0.237855,7.702083,-0.00352,-0.028516
0.417033,1.118923,8.807235,0.151942,-0.033528
1.514401,0.25956,11.327245,-0.099826,0.205834
2.839745,-0.689915,9.888287,-0.269227,-0.432104
2.238295,0.233065,6.526578,-0.645631,0.123129
0.97148,0.775088,12.327914,0.059051,-0.343832
2.905009,-0.165256,6.967561,0.068564,0.129349
1.268013,0.186512,12.056079,-0.825274,0.06832
3.51993,-0.694406,9.674382,0.070632,-0.198078
4.244873,0.170346,8.696615,0.034414,0.529587
2.036216,-0.303868,6.845864,-0.127004,0.169289
2.147584,1.07222,10.571317,0.252512,-0.260795
2.122885,0.687371,8.971144,0.007781,0.237549
2.377955,0.060325,6.942713,-0.790987,-0.122397
4.100124,0.295785,9.294622,0.441742,0.271787
3.041525,-0.193248,7.976014,-0.35472,0.062055
3.378624,-0.844244,10.790461,0.051289,-0.072755
2.299219,-0.834964,12.45006,0.432021,-0.394893
4.39516,0.25971,11.506422,-0.093074,0.187915
1.485661,-0.325723,8.259824,0.590584,0.715308
1.076861,1.410517,10.134375,-0.048656,0.075663
1.903741,-0.112267,9.714499,0.074881,0.02802
3.32758,1.001717,11.520792,0.176137,-0.238549
0.60579,-0.61088,9.22322,-0.056091,0.058962
0.809367,0.213157,11.195668,0.354497,-0.043514
4.137546,-1.75989,11.050919,0.02946,-0.27633
2.978506,-0.174537,8.11253,-0.063464,-0.025217
3.331173,0.794697,9.899514,0.009378,0.047728
4.019292,0.469574,12.662768,-0.008129,-0.046026
1.137634,-0.18292,7.078331,-0.378923,-0.124753
3.747457,-0.094603,8.943901,0.062807,0.003451
3.831732,-0.63468,8.364606,0.013383,-0.124285
2.171385,0.378563,13.471087,0.752169,-0.246509
1.469344,1.152453,8.148904,-0.070857,-0.468889
2.204017,-0.042961,7.042705,-0.051377,-0.145031
2.094894,0.057331,13.649366,0.109668,0.036744
2.511777,-0.338746,9.269923,0.342773,0.044452
1.647474,0.11047,13.202845,-0.162775,-0.000409
2.781516,-0.320334,9.487271,0.136521,-0.20083
1.962719,0.968187,11.391761,0.110079,0.137657
2.425556,0.012424,7.317683,-0.979541,0.258645
3.719016,-0.199385,8.981174,0.259248,-0.045161
0.149389,0.737965,10.44498,0.249611,0.019399
2.346371,-0.671055,6.811885,0.199452,0.098851
2.116299,0.380209,9.316327,0.046892,0.06081
2.170486,0.555345,7.575596,0.258267,-0.103074
-0.431253,-0.50475,10.312804,0.398302,-0.096939
3.869004,-0.078138,13.094769,-0.318394,0.074821
0.887504,0.166903,12.77728,0.24764,0.039619
1.790726,-0.73078,9.262738,-0.041616,-0.071003
2.591411,-1.182541,9.539812,0.044765,0.546581
3.2701,-0.760718,12.941189,0.568065,-0.143014
2.638862,1.593137,12.549753,0.287981,0.004138
2.891986,-1.479673,11.200758,0.157719,-0.220137
2.027983,-1.030158,9.227561,0.364947,0.221608
2.893633,-0.356109,9.50224,0.008455,-0.312951
3.635041,-0.715811,10.991044,-0.695498,-0.160298
2.238745,-0.44727,8.091274,-0.11976,-0.205821
2.702031,0.270937,10.840757,-0.263362,-0.564719
2.157763,-0.110919,7.003636,0.004999,-0.209481
0.723296,-0.606239,12.018507,-0.684684,-0.133888
2.29877,0.058379,6.066734,0.295077,0.108476
1.901047,-0.382006,9.614057,0.147624,0.035099
2.090104,0.093406,8.161927,-0.079281,-0.03019
2.880909,-0.02874,6.160589,0.22218,-0.179248
3.245251,-0.381856,8.277637,0.097283,-0.00023
1.646277,-1.152753,9.240285,-0.272217,-0.130402
1.111588,-0.256267,7.883955,0.333334,-0.153239
1.133293,0.827479,8.791668,-0.089556,-0.361625
-1.714535,-0.167502,10.929672,0.0706,-0.783854
2.594854,0.148192,5.965844,-0.242799,0.164868
3.733985,-0.319585,7.45839,0.086739,-0.017619
2.915637,-0.213905,7.419172,0.163987,-0.018857
3.836372,-0.213456,8.874745,-0.08795,0.095545
3.232827,-0.023651,12.090957,-0.152125,-0.265148
0.872685,0.135169,7.469467,0.130724,-0.072121
1.378932,0.773741,6.179001,-0.530116,0.302696
2.578837,0.268542,12.804673,-0.124277,0.081419
3.798351,0.396376,10.668315,0.089528,-0.04304
1.218466,0.777334,6.726861,-0.144871,0.048891
3.645818,0.077838,8.692873,0.124287,-0.235445
2.785408,-0.210462,8.4634,0.259568,-0.008152
0.454455,-0.059426,7.390881,-0.009879,-0.12333
2.425855,0.328716,8.691227,-0.038012,-0.683331
2.632126,-0.573607,11.412867,-0.735942,0.011576
1.202,-0.646206,12.075838,0.2561,-0.26045
3.318449,-0.41853,7.09315,0.187134,-0.168092
2.773433,0.730481,8.380772,-0.349518,-0.006146
1.383423,-1.796115,9.735156,-0.271598,0.073206
3.300936,-0.618963,9.226064,0.163886,0.130385
1.215921,-1.047821,10.803334,0.367554,0.342613
2.884352,0.419877,7.603289,-1.012788,0.221299
1.650019,-0.795745,7.779023,-0.182729,0.120859
0.821192,1.110092,10.231074,0.155797,0.104099
1.74537,0.384999,8.771909,-1.068579,-0.267486
1.137634,-0.421823,10.046358,0.261728,-0.10296
1.922901,-0.925974,10.452165,0.072576,-0.265303
3.485502,-0.806074,9.484128,-0.264193,-0.136603
1.672622,1.839375,9.696835,0.126064,0.144992
2.717299,-0.461939,6.432873,0.332038,-0.051119
1.525328,1.144221,7.239695,-0.148151,-0.366291
2.578987,-0.573457,6.602171,0.147685,0.112006
0.302072,1.275198,7.827074,-0.167669,0.12536
0.55759,-0.061073,11.302546,0.22328,0.073819
2.72673,0.161963,6.594537,0.092944,-0.123522
3.344495,-0.01437,6.77551,0.286238,0.011612
2.72179,1.124911,12.779675,-0.283054,0.010024
1.497935,-0.962199,10.99763,0.190985,0.206313
0.978066,1.520538,13.408068,-0.094243,0.156345
1.163381,-0.00015,10.180629,0.124373,-0.027418
3.581602,0.126188,6.84287,0.149789,0.125282
1.259481,1.975442,10.089918,-0.241748,-0.099809
2.562821,-0.70698,7.428153,-0.027435,-0.083605
1.554368,0.176483,10.659483,-0.023498,-0.005058
1.656755,-0.207618,12.09889,-1.153621,0.043145
2.613565,-1.036594,12.5029,-0.96224,-0.433192
2.157014,0.782423,13.179044,-0.269519,-0.388271
2.863695,-0.502206,7.628886,-0.635727,-0.66548
3.321593,0.055235,7.065757,0.282035,0.14117
-0.213606,0.137564,12.61846,0.168416,0.21375
1.990261,-0.969234,9.576486,-0.374327,0.588735
2.549798,1.746867,8.599617,0.046816,-0.064621
3.004552,-0.236358,8.446635,0.029277,0.085886
1.819915,-0.201481,7.479646,0.27021,-0.039709
4.32301,-0.83661,11.355237,0.177751,0.197163
3.139871,-0.525856,9.528585,-0.06048,-0.299497
2.081571,0.219743,5.821095,0.195863,0.059529
1.088985,-0.623603,10.194999,-0.005489,0.018454
0.104483,0.917592,12.335997,0.274104,-0.129318
2.740651,0.642165,8.149054,-0.457039,0.104109
3.595673,0.307012,10.965597,0.09944,-0.013776
0.843795,-0.229772,11.362871,0.378956,0.081681
0.558938,0.492775,12.365486,-0.273754,0.15745
1.334176,-0.539927,9.704469,-0.274864,-0.338834
3.119663,-1.076561,11.270663,-0.074253,0.202129
2.766098,0.431104,12.31519,-0.129635,0.246314
1.450783,-0.367486,7.271279,-0.106678,-0.131495
2.694547,-0.23067,8.768765,-0.195445,0.312348
2.890639,0.005988,7.084468,0.030544,0.169793
3.591182,-0.007484,11.073672,-0.626455,-0.137897
0.0241,-0.549058,7.547305,-0.241026,0.077137
1.091081,0.735271,6.622079,0.213653,-0.116713
0.955762,-0.659079,9.727522,-0.041282,-0.049681
3.381319,-0.203277,6.716234,-0.099596,-0.012964
2.715802,-0.120499,7.058422,0.355265,-0.124738
1.380429,-0.13472,6.868617,0.085443,0.215012
-0.190404,-0.936752,11.284883,-0.332353,-0.132032
2.460733,1.089435,12.330309,-0.623707,-0.593637
1.142125,0.698448,8.178992,0.156612,-0.183853
4.147276,-0.592767,9.619895,0.287551,-0.215779
1.109493,-0.354313,10.173744,-0.550683,0.191925
2.759512,-0.561482,11.606863,-0.590695,0.250153
1.891167,0.360001,6.801107,-0.111859,-0.098087
2.207759,0.263153,6.585855,0.124455,0.150461
3.663182,-0.235161,10.033635,-0.392807,-0.237328
2.232907,-1.63011,9.673933,0.068046,0.061535
3.470832,-0.675396,8.094567,0.173804,0.022034
3.599265,-0.516127,11.764785,-0.264137,-0.805324
3.819008,-0.479752,9.590556,-0.079104,-0.078516
-0.259261,0.890498,14.72443,0.319596,0.020451
2.092349,-0.35102,7.062464,-0.32792,0.249926
0.972228,-0.410746,10.154284,0.22346,0.221426
0.94229,0.626298,10.578502,0.266503,-0.113813
2.275119,0.974474,8.369096,0.095882,-0.165333
1.143921,-0.95217,7.376361,-0.038654,0.032011
1.030008,-0.635429,8.370593,0.016219,-0.004795
3.098557,0.215552,7.432943,0.392502,-0.098037
3.765869,-1.257834,10.687475,0.134938,-0.100524
3.022215,0.728834,12.503948,0.789895,-0.414062
3.523672,0.203577,8.625962,-0.009921,-0.025376
2.802772,-0.303868,8.515642,0.438627,-0.365989
2.449506,-0.712818,10.280322,-0.857119,-0.631772
3.193908,-1.157992,12.188105,0.385054,-0.287359
2.763254,-0.2404,13.572276,-0.816457,-0.200763
4.15985,-0.619113,10.819052,0.328304,-0.023683
1.251847,-0.75009,8.730595,0.370649,-0.244826
3.187322,0.457,13.376633,-0.262364,0.09892
0.002994,-0.314945,9.329948,-0.143561,0.005595
3.285368,0.167502,7.742948,0.0746,-0.045645
2.505639,-0.341889,7.377558,0.054502,-0.088378
3.343597,-0.111967,7.158713,-0.001529,0.483707
2.450853,-0.566272,8.586594,-0.216031,-0.043203
3.046764,-0.04805,6.854845,-0.167229,0.602804
3.266358,0.633034,9.256601,-0.170244,0.17034
3.742368,-0.4329,10.821746,-0.129466,0.165827
2.872676,0.721949,7.41498,-0.125665,-0.185098
2.925217,-0.222887,7.303313,-0.118997,-0.093801
4.093987,-1.089285,10.708432,-0.147584,0.135433
2.431394,-0.030536,11.585757,0.38283,-0.244863
2.689158,-0.564626,7.039711,0.186168,0.070933
1.835184,-0.237855,7.657027,0.07431,-0.063782
1.845961,0.046553,8.543933,0.27364,0.050271
2.41418,0.873883,10.663525,0.034032,0.182756
1.802252,-0.676294,9.182804,0.05935,0.151314
1.812281,-0.290246,6.218519,0.532294,0.340622
3.459456,-0.886906,11.431877,0.019035,0.115145
1.735042,-0.365091,7.137308,0.403062,-0.072339
3.426974,0.603545,10.207723,-0.743163,-0.170325
1.115929,-0.552202,9.91568,-0.05936,0.016451
2.628384,0.814756,11.434721,-0.188582,0.4737
2.290237,-0.481848,8.977431,0.234482,-0.141585
0.465532,0.79829,13.741125,-0.406413,0.019949
2.330653,0.677641,8.685688,0.714883,-0.05448
2.842738,0.050146,8.376581,-0.240455,0.695051
0.800984,-1.731749,12.302317,0.265812,-0.061789
2.395768,0.252675,6.885232,-0.066917,-0.278646
0.643661,1.147663,13.896203,0.049396,-0.426463
1.954486,-0.557441,12.278666,0.097227,-0.159456
1.503773,0.678988,7.028185,0.047822,-0.059669
1.876647,0.536634,10.278376,0.283501,0.264048
3.503764,0.737816,10.077344,-0.643118,-0.357452
1.671275,1.162483,9.28579,0.227271,-0.115041
1.700164,0.276026,11.308085,-0.03554,-0.003847
1.401835,0.257914,6.697971,0.114952,-0.11132
3.633544,-0.088765,8.421637,-0.39441,-0.562851
0.86086,0.120948,13.150453,-0.145797,-0.481162
2.473606,0.358954,6.562803,-0.069269,-0.198269
5.050048,0.208816,10.729837,0.071353,0.087008
3.84685,-0.083826,11.615695,-0.393852,0.219044
1.012495,-0.974623,12.706327,-0.000279,-0.058049
1.385968,0.326321,7.723639,0.270099,0.009419
3.552413,-1.277444,11.000325,0.187373,-0.211687
2.97207,0.201182,7.842941,-0.856294,0.020063
3.463198,-0.002844,7.072493,0.222836,0.012624
0.493823,0.367935,6.929241,0.035275,-0.15781
1.671275,0.746647,11.50283,-0.025697,0.229566
3.638633,-0.238903,7.90566,-0.125865,-0.033839
2.280208,-0.258213,11.074421,-0.56936,-0.514258
3.292403,0.464933,10.487641,0.074808,-0.120265
0.685275,-1.401086,8.395292,0.015353,0.024826
2.187701,1.732348,10.329719,0.367697,0.015622
1.924548,-0.043559,12.045601,-0.494373,0.118057
1.318009,0.866698,9.63681,0.108904,-0.198294
4.111949,-0.364193,9.885293,0.077505,0.045969
2.693499,0.049996,12.136761,-0.132606,-0.507057
1.670227,-0.122745,10.540032,-0.266789,-0.394372
3.205734,-0.262704,9.322614,0.127219,-0.087509
1.50527,-0.352816,6.478079,-0.142053,-0.26145
2.029779,0.212558,7.821236,0.003205,-0.120764
3.153193,-0.031285,8.05954,0.03422,0.126501
0.774789,-0.346829,8.624016,0.043636,0.087595
2.528392,0.20672,6.576275,0.195854,-0.237988
1.165626,-0.746797,8.292905,-0.223628,0.039377
1.0339,-0.607137,8.166418,0.102736,0.070128
0.836461,0.465682,11.410023,0.004372,0.121052
2.493365,-0.319885,6.407725,0.168738,0.042324
1.136437,1.614393,10.173295,-0.241734,-0.143321
1.825454,1.331631,10.645413,0.371333,0.28495
1.185235,-0.145797,8.990005,-0.16252,0.170168
0.972977,0.287552,8.164472,0.019097,0.025681
2.337389,0.434247,6.838529,-0.431498,0.057943
0.840053,-0.534538,13.045971,0.073317,0.153725
1.522334,1.387614,13.576168,0.02564,0.078745
0.371976,0.587678,9.34372,-0.845386,-0.205917
3.183131,-0.477357,11.153307,0.236391,-0.233463
1.146167,-1.261577,8.005652,-0.050298,-0.025976
2.578837,-0.293989,7.087162,0.018657,-0.124627
1.831142,0.784818,13.537549,-0.12104,-0.233581
0.252375,0.060624,14.67653,0.021661,0.206094
2.443668,-0.081281,6.156996,0.28009,-0.135636
1.709745,-0.839454,11.62782,0.271963,-0.024357
1.587599,-1.805246,10.715168,-0.038014,0.01208
0.988993,0.287253,13.882431,-0.546571,-0.086011
0.933159,0.286205,6.743926,0.306703,0.344324
1.469794,0.428259,6.344856,0.047862,-0.270041
1.90928,0.676743,8.036638,0.866084,-0.24445
-0.039069,0.691113,12.894336,-0.170588,-0.086432
2.070794,0.75024,12.635824,0.622546,0.610353
1.150657,-1.609303,11.086396,0.074363,0.121786
2.991679,-0.030686,10.360106,-0.094281,-0.10726
1.94745,-0.855172,10.917846,0.121997,0.277143
1.367856,-0.516426,11.779305,0.004247,0.189099
1.41875,-0.818498,8.814121,0.239076,0.219288
1.796564,0.854573,10.293794,0.115546,-0.105929
0.963846,-1.097967,10.451865,-0.003917,-0.016894
3.036885,0.040865,8.63644,0.20666,-0.013096
1.194217,-2.313888,12.682227,0.116673,-0.166143
2.600692,0.267643,13.519736,-0.366194,-0.045092
2.275568,0.603246,7.408993,-0.089488,0.223062
0.367486,0.845592,8.707692,-0.035649,-0.122719
0.471819,-0.592767,10.059082,0.247381,-0.229911
2.839445,-0.005838,10.186018,0.063128,-0.074217
1.340013,0.004491,7.008127,-0.150358,-0.008019
0.310754,-0.262853,7.764204,0.089282,-0.062575
1.917812,0.328866,7.633376,-0.002393,0.302373
2.804268,0.006886,7.00663,-0.014579,0.125394
4.171076,-1.388513,11.452684,0.34215,0.146608
2.147434,-0.39892,7.022197,0.05983,-0.158346
2.574646,-0.264949,6.864874,0.1025,-0.02593
0.300126,0.440235,10.22359,-0.0383,0.104303
1.698817,0.007784,7.905959,-0.347638,-0.059968
3.589086,-0.51927,8.70395,0.079928,0.046705
1.868564,0.717907,9.743389,0.028637,0.160777
2.809208,-0.697999,8.361612,-0.263261,0.269125
2.443668,-0.064216,6.532416,-0.153697,-0.421451
0.795446,0.719254,13.350138,-0.277105,-0.196924
1.581611,1.002914,8.221054,0.031993,0.965739
1.564996,1.253044,9.14164,-0.188136,-0.013763
0.787812,0.811313,9.282048,-0.245252,-0.448477
1.550476,0.910107,13.179643,-0.018189,-0.115922
1.220712,0.269739,13.432018,-0.200229,0.099782
2.728975,0.06272,10.118359,0.219871,0.246369
2.884801,0.438588,7.065008,0.11971,-0.231121
1.512305,1.00965,7.090306,-0.184553,0.202962
1.300196,1.087189,12.929214,-0.06018,-0.039093
3.748655,0.118254,8.981473,-0.002635,0.040363
4.311185,-0.3365,7.225624,0.105774,-0.013978
1.274001,0.364642,11.825708,0.132418,-0.109542
1.683848,1.609453,8.680898,0.041738,0.025233
2.854414,-0.001796,6.317912,-0.63337,-0.313864
1.751508,0.361199,13.954881,-0.088349,-0.184776
0.662822,1.129401,8.734337,0.067373,0.049522
2.076931,0.079934,7.051087,0.243234,-0.297092
2.607128,0.317789,10.940599,-0.444657,-0.420094
2.453997,-0.261806,12.219988,0.077597,0.493537
3.913163,-0.651745,10.735525,0.685965,0.804299
4.31343,-0.190404,9.84862,-0.084076,0.036733
1.382375,0.066013,7.259005,0.056709,0.050169
-0.77404,1.147065,14.189144,-0.128928,0.233454
0.957259,-0.726739,9.984088,0.005614,0.035161
1.794768,0.038919,6.42464,0.164517,0.061912
2.477049,-0.136666,9.755064,0.19739,0.257894
3.840863,-0.354014,11.234138,-0.033113,-0.359411
2.193089,0.179477,8.552016,-0.909222,-0.167285
3.211572,-0.356708,12.136911,-0.370832,-0.032789
2.498454,-0.599952,6.297554,0.20165,-0.131293
1.906735,-0.039218,9.657018,-0.171123,0.088303
3.168761,-0.688718,6.552624,0.257966,-0.053603
0.910706,0.790057,7.783664,0.228555,0.062988
3.171156,0.176333,9.002429,0.194375,-0.415681
3.379971,0.489332,7.093299,0.005252,-0.185187
1.265918,1.87051,11.006163,0.211969,0.100483
1.714984,-0.810265,9.245075,0.160528,-0.208678
2.025887,0.863854,8.22809,0.003284,-0.072395
1.715283,-0.841849,9.694889,-0.326733,0.071805
1.720522,-0.289947,8.392148,0.127472,-0.074194
1.985771,-0.577948,12.672048,0.046712,-0.038032
2.03906,-0.216899,13.848901,-0.652489,-0.320871
2.323019,0.12963,5.928422,-0.079714,0.119923
0.971629,0.601449,10.543624,0.190048,-0.15631
1.017883,-0.376467,10.036479,0.001873,-0.090361
4.78944,-1.172512,12.200379,0.109049,0.031204
1.463357,-0.594564,9.692644,-0.241765,-0.069528
3.579955,-0.411195,8.316107,0.064424,0.22558
2.20701,0.516426,8.976533,0.688818,-0.359494
1.422193,0.158969,7.758666,0.122935,-0.218085
4.112997,0.097447,8.351134,0.063712,0.189631
2.77463,0.854274,8.621172,0.281295,-0.102101
1.946852,0.464484,7.034921,-0.123876,-0.235542
4.186794,-0.243244,10.994936,0.274758,-0.205517
1.16832,1.255589,6.471942,0.029889,0.244609
0.281115,0.12035,13.728252,0.032094,0.261976
1.615141,-0.393981,7.851772,0.177996,0.012665
3.24585,0.260159,10.066417,-0.993566,-0.200965
4.111051,0.135319,8.711584,0.208207,-0.040436
1.632655,1.108445,10.553953,0.250216,0.075894
2.526147,-0.218695,6.553672,0.19725,-0.047135
3.477868,0.201032,8.152197,0.411178,-0.113378
-0.144749,0.892145,13.080549,0.204999,0.027542
1.539548,0.426164,7.85776,-0.205991,0.312654
2.450105,-0.590223,6.555468,0.100246,0.010518
4.808451,0.933459,10.624456,0.200609,0.118593
3.237617,-0.214504,11.520194,-0.17243,-0.069553
2.542164,0.260309,7.851323,0.638046,0.890349
2.270029,-0.503703,8.717272,-0.60288,-0.043626
2.79394,-0.286355,7.738757,-0.938679,0.111502
0.615221,1.050216,14.186898,-0.233416,-0.249704
1.683848,0.766107,7.052584,-0.037944,0.071048
1.813778,-0.919837,8.231383,-0.258956,0.013279
4.345613,-0.037422,12.655433,-0.140805,0.023696
2.051035,0.11062,7.64131,-0.140209,-0.031454
2.520608,-0.43739,9.025032,-0.320846,-0.429025
2.427652,1.264421,9.924662,0.077422,0.1448
1.723965,0.52421,6.745573,0.062338,-0.180034
1.609453,0.409249,7.434889,0.196754,0.020225
3.208428,-0.042811,7.821685,0.037235,-0.073886
2.52929,1.107547,11.606414,0.110444,-0.096729
1.480871,0.602198,10.787318,-0.88361,-0.147297
1.273552,-0.78362,12.659175,0.095336,-0.058058
1.826202,-0.849633,8.108189,0.116348,0.089468
2.867886,-0.023202,8.241711,0.14603,-0.014751
-0.148641,0.97133,13.526022,-0.018508,-0.407928
1.321901,0.667612,6.821764,0.043479,0.079491
2.927911,-0.048649,9.315728,0.034068,0.499827
3.363056,-0.258512,12.656331,0.003458,0.004439
1.763333,0.46628,9.542955,0.094704,0.022188
1.31741,-0.021405,6.614595,0.044279,-0.146025
2.937192,-1.18763,9.281898,0.627883,0.503993
2.064956,-0.421224,6.69887,-0.590275,-0.347532
1.517844,1.252895,7.200626,0.15996,0.435619
0.523312,0.464634,10.83911,-0.008845,0.301349
1.977388,-0.707279,9.294921,0.209261,0.210095
3.869603,0.160616,9.45913,0.087533,0.096824
3.482807,-0.114512,7.930808,0.210312,-0.006572
2.821183,-0.857567,6.514603,0.231766,0.100036
0.869691,-0.603844,11.800411,0.07489,-0.047918
0.953517,0.302222,7.945328,0.226534,-0.013509
0.093555,-0.715213,10.52192,0.060808,-0.247769
4.008664,-0.095052,11.72407,-1.213419,-0.30144
2.809657,1.065185,10.332414,0.058342,-0.029549
2.53423,0.3606,8.298443,-0.075689,0.126708
2.446812,2.035467,8.837622,0.039586,-0.009169
3.249293,0.035027,8.346942,-0.065958,-0.132141
0.304766,0.804128,11.917318,0.082924,-0.183489
2.469415,1.003663,11.397599,-0.041811,0.279589
1.658252,-0.646057,9.607621,0.467043,0.059499
1.092877,-0.447569,9.796378,0.093172,0.556046
1.350043,0.478106,10.641521,-0.04312,0.040775
2.027384,0.274529,6.954538,-0.654152,-0.02229
1.207539,1.639391,8.169561,0.403233,-0.391762
1.666934,-0.85128,10.875933,0.127565,-0.287098
1.866469,1.454974,6.921457,0.089618,0.154645
2.497407,-0.777633,6.648724,0.247544,-0.106649
0.651146,0.435295,8.502619,-0.073129,-0.038746
3.534001,-0.512235,11.960578,-0.111248,-0.064188
1.420097,0.575104,8.305179,-0.124781,0.076942
2.315984,0.429607,7.267836,0.094555,-0.203243
1.249152,0.818648,9.36782,0.079924,-0.024121
1.361718,0.83197,8.509355,-0.650815,-0.182042
2.528991,0.11062,8.560698,0.208089,-0.135476
1.819317,-1.739533,10.944191,0.907199,-0.200683
2.458038,0.127235,5.927524,-0.298017,0.1992
3.24091,0.739612,11.573932,0.020291,-0.209051
1.249751,0.469124,7.383097,-0.425483,0.517892
3.195555,-1.275198,10.110276,-0.29117,-0.041867
1.999692,0.414189,12.269984,-0.233502,-0.327768
0.808618,-0.548759,9.732012,0.149754,-0.286973
2.882705,-0.069905,10.892399,-0.2767,0.045708
2.828368,-0.002395,9.169332,-0.044904,0.453817
1.9955,0.276625,10.284513,0.61754,-0.10166
1.846111,0.506547,6.610404,-0.052009,-0.210877
1.700464,-1.741329,10.789114,0.028962,0.097077
1.983825,0.748593,9.742041,0.043663,-0.034389
1.499282,-1.060395,9.270672,0.001084,0.021654
2.106719,-0.295336,7.431895,-0.11795,0.265987
2.365082,-0.533341,11.216475,-0.228197,-0.477755
2.827171,-0.321831,6.122718,0.362129,0.029346
3.621868,-0.000898,11.380534,-0.300556,0.368244
3.550317,1.277893,10.461146,0.053924,-0.153397
2.370321,-0.166903,11.164234,0.207735,-0.079115
1.223107,-1.110541,8.552016,-0.048266,-0.156849
2.016307,-0.379311,6.820117,-0.060514,-0.158736
1.887575,0.813558,13.877641,0.245289,-0.040164
1.521736,-0.917143,8.91546,0.320221,-0.098642
0.496817,1.417852,7.699389,-0.108193,0.194271
3.085534,-0.080083,13.726905,-0.08032,0.183904
1.586102,0.590971,10.374177,-0.238729,0.199225
0.578697,0.403261,9.870624,0.274415,-0.08799
1.287922,-1.394201,10.920541,0.687695,0.18749
1.977388,-0.906665,10.136172,0.319612,0.373304
2.083218,0.064067,7.264543,-0.153571,-0.214762
2.242786,1.081501,8.413404,0.040112,0.316175
1.349893,-0.815953,9.830358,-0.235282,0.472622
1.47174,-1.202749,8.704998,0.062185,-0.056351
0.94229,1.008752,7.125333,-0.055798,0.062689
2.823878,-0.856369,11.15166,0.167526,0.235839
3.286266,0.462838,11.193423,-0.247414,-0.13457
3.035238,0.596809,10.858869,-0.023622,-0.178781
1.141975,0.531694,11.244766,-0.140289,-0.470053
1.944756,0.562979,7.070397,0.179162,0.523639
3.042124,0.136666,6.971004,0.056269,-0.070341
2.373464,0.415237,8.122858,0.18395,0.412425
2.715802,0.094304,7.247928,-0.078116,0.285714
1.993405,0.906964,7.558682,0.00379,-0.111717
0.318987,-0.083526,13.234878,-0.135474,0.299325
1.071023,0.078736,8.380473,0.021475,-0.371454
3.737129,-0.371976,11.918665,0.210654,-0.043061
1.488804,0.166604,6.233936,0.097572,0.105194
1.880539,0.367935,7.357799,0.22032,0.035433
1.868714,0.276625,6.603967,0.197745,-0.066695
2.953808,-0.75518,8.363857,0.128995,0.020767
2.187102,0.213905,7.784113,0.103776,0.526725
1.610501,0.599054,6.459218,0.182326,-0.081311
1.040935,-0.241598,8.607251,-0.00154,-0.030604
3.003654,0.747096,11.981684,0.198994,-0.060496
0.718356,-0.374821,11.454031,0.159009,0.229917
3.041974,-0.313448,6.489455,0.005377,-0.041313
0.396525,1.651216,10.437196,0.604075,0.060766
0.260159,-0.912952,10.661729,-0.027918,0.05727
1.419049,-0.395029,9.121432,0.002101,-0.024247
2.261946,0.420176,8.512798,-0.243544,-0.034295
3.987258,-0.455353,8.826395,0.197657,0.027594
2.170486,0.592019,9.576935,0.281568,-0.06187
2.175875,-0.09116,6.579568,0.094765,0.134428
1.359174,0.067809,8.349487,0.199244,0.067813
2.419868,0.934956,11.228151,0.11511,-0.322087
1.054856,0.924178,7.743847,0.126894,-0.055107
2.597698,0.288899,10.326875,0.00527,0.014889
0.739612,0.543669,11.945908,-0.051343,-0.161068
2.65458,0.242196,9.310339,0.087057,-0.113908
1.171763,0.936902,8.53585,0.143105,0.358434
2.883005,-1.340762,11.911031,0.248589,0.131191
3.349884,-0.328716,8.720116,0.242232,-0.120675
3.003654,-0.439935,8.345895,-0.239821,0.355048
3.588338,0.39443,13.021422,0.093382,0.52709
2.093846,-0.000449,9.077423,0.100466,0.076137
3.491789,0.563279,8.851393,0.469445,-0.253588
1.011596,0.662373,11.71928,-0.028545,0.041583
2.132615,0.94244,10.827584,0.436121,0.403472
1.142424,-0.355062,8.978779,-0.217831,-0.153177
2.391876,-0.946482,10.075997,-0.365849,0.221247
3.434009,-1.479972,11.442206,-0.09906,0.215643
0.873284,0.503852,8.095016,-0.374959,0.096265
0.604742,0.856968,9.212443,0.132739,0.139716
-0.608335,1.419199,11.731255,0.021157,-0.206537
2.369722,-0.286804,6.610404,0.067438,-0.136016
1.403182,0.210762,10.390193,-0.049382,-0.474646
2.810555,0.068108,9.273216,0.348269,-0.3448
2.625241,-0.536335,11.224259,-0.111744,-0.480602
3.205285,0.388891,6.285579,0.114518,0.090457
1.296903,0.431403,7.508835,-0.418754,-0.246167
1.791624,0.382904,12.994178,0.172235,0.13135
3.734883,0.010179,8.93941,-0.152911,-0.107852
2.962939,-0.052092,6.795868,-0.179473,0.256307
0.938099,0.324974,7.209009,-0.06072,-0.258145
2.888843,0.039368,6.504125,0.099216,-0.093893
1.782793,1.677711,8.311466,-0.841097,0.049596
3.504363,1.286425,11.500285,0.725126,-0.566463
1.785637,0.128732,7.15542,-0.143946,-0.007286
1.906885,-0.916394,9.578581,0.011848,0.004328
1.967359,1.416654,12.165352,-0.963867,-0.263182
-0.627794,1.275797,14.265634,-0.34175,-0.191403
0.332309,0.074994,11.943214,0.182713,0.022773
2.192191,-1.093476,8.959169,-0.07389,0.185166
2.006128,0.132175,6.257138,0.375608,0.299796
1.525029,-0.684676,9.143736,-0.070683,0.076634
4.02004,0.289947,8.697064,0.20731,0.082868
1.005908,0.676443,7.013216,0.01395,0.009181
1.117576,0.627196,7.688162,0.196345,-0.054972
1.748963,0.406854,10.470277,-0.528018,-0.114715
2.765798,-1.758244,11.308983,-0.179351,0.171406
1.363964,1.545985,9.971065,-0.562513,0.149101
0.930465,-0.57226,9.805509,0.038523,-0.052445
1.494043,0.89948,9.385483,-0.563037,-0.501591
1.18314,1.642085,10.383457,-0.11754,-0.03144
2.990481,0.067809,8.513097,-0.026383,0.008947
0.600701,1.414708,9.926757,-0.302766,0.459176
0.91834,-0.699944,9.605226,0.206345,-0.325771
2.142794,0.03862,12.083472,-0.719673,-0.079817
0.696053,-0.484243,13.022769,0.052085,-0.08673
0.590971,0.253872,10.991792,-0.856827,-0.603373
3.559897,0.17798,12.532538,-0.293433,0.232302
2.456991,0.03368,9.258247,0.082964,0.271235
3.014282,-0.679138,11.124566,-0.918396,-0.424381
1.47159,0.181123,7.763755,-0.055244,0.097769
1.474733,1.708996,8.574769,0.480023,-0.170452
3.345244,0.036674,7.303462,0.200251,0.076821
1.905986,0.067659,7.611971,-0.016112,0.160883
1.155298,0.499062,14.115347,0.127906,0.094027
2.160308,-1.38477,11.459869,-1.159166,0.113595
1.857038,0.422422,9.405691,-0.303077,-0.125855
1.392404,-0.117356,7.133865,-0.037176,0.074187
1.792522,1.541045,11.269016,0.164862,-0.006575
4.806954,-0.199984,8.482261,0.052138,-0.190322
1.638493,1.551823,11.815529,0.202049,0.293017
1.050965,1.145717,9.923614,0.169514,0.584232
3.158133,0.032033,6.15999,0.201499,0.222068
3.05844,-0.625849,6.662196,0.041151,-0.490791
1.144071,0.369132,7.552844,0.048053,0.277677
2.552342,-0.86101,7.508536,0.308407,0.210949
1.946103,1.24047,9.128916,-0.252551,0.040656
1.340013,0.849334,8.625663,-0.067294,0.057723
1.624871,0.367336,6.832691,0.161648,0.126186
3.338358,0.317041,10.546019,0.086423,0.048398
1.730252,-0.444126,8.02586,-0.011852,0.17396
3.641927,-0.092358,8.114326,-0.049306,-0.11634
2.844235,0.248633,11.120076,0.202821,-0.09799
1.604214,1.577569,11.814482,-0.390296,0.334533
2.492916,1.071472,8.190667,0.579455,0.062977
1.807491,-0.148042,12.05578,0.04312,0.134743
0.425116,-0.08173,13.213622,0.070648,-0.026856
4.008664,-0.208816,12.825479,0.013705,-0.226483
1.910028,-0.470921,7.448361,0.095439,-0.08318
0.869392,1.192121,8.519683,-0.238946,0.005386
1.955084,-0.227078,7.335645,-0.231757,-0.391819
2.516267,-1.543889,12.117751,0.194849,0.144211
2.857109,-0.360001,8.537197,0.174602,-0.02231
3.078498,-0.106578,7.644902,0.277167,0.072195
1.787283,-0.517324,7.54521,-0.073972,-0.080908
1.095572,0.478555,6.744525,-0.142872,-0.050965
1.677861,0.359103,6.060298,-0.101393,0.129596
3.02491,0.496517,13.037289,-0.799497,-0.165836
1.338217,0.070653,9.697434,0.054683,-0.189677
0.958158,0.695903,7.097042,-0.35976,0.106121
2.246977,-0.236808,7.707472,-0.089973,-0.131181
1.774709,-0.289947,13.686938,-0.119493,-0.12323
2.742896,-0.123793,6.930139,0.320865,0.174698
2.584226,-0.575553,9.515862,0.323695,0.161375
0.845891,1.488505,12.958253,0.023095,-0.219785
1.072071,-0.681084,12.018507,-1.279119,0.070318
0.410446,0.124691,8.186476,0.117763,-0.166066
2.033821,0.372126,7.050488,-0.032468,-0.347253
2.13022,-1.04363,10.016421,0.635675,0.042314
3.072062,0.167502,12.323274,-0.465093,0.206339
1.63011,0.095651,6.772367,-0.3345,0.023339
3.116369,0.080982,7.166946,0.605604,-0.274564
2.703528,-0.555944,9.240135,0.045843,0.05433
3.261418,0.779429,8.747509,0.072324,-0.379717
4.67897,0.088017,9.795031,-0.064955,-0.124972
3.194507,0.561632,7.529193,0.030943,-0.122665
2.335593,-0.959056,9.53592,0.025522,-0.257269
1.458866,-1.116678,9.796827,0.341624,0.203007
1.418899,1.496738,9.061107,0.123067,0.361344
1.944456,0.445773,7.830965,-0.022224,0.019312
1.786535,0.460742,6.425987,0.133886,0.046765
1.585952,-0.309107,9.43982,-0.020924,0.043957
-0.085023,0.299976,13.973292,-0.312583,-0.214637
0.831371,-0.050146,7.451055,0.172508,-0.342178
1.710792,1.913471,12.851824,-0.075235,-0.030421
2.835553,-0.237107,10.024803,0.042209,-0.24733
3.276237,0.796643,11.275752,0.735861,0.315147
4.46716,0.032183,11.700718,0.050843,-0.240017
2.084865,-0.299228,8.239017,-0.119174,0.058913
2.013014,-0.938548,8.439749,0.479752,0.370836
-0.058528,-0.222138,14.737004,0.002689,-0.030552
3.026856,-0.228275,8.233329,0.609459,-0.122507
1.892365,-1.126857,10.260713,0.352224,0.044571
4.421056,0.109422,10.862611,-0.02371,-0.091415
0.466879,1.933978,13.470488,0.08434,-0.014513
3.434009,-0.667312,11.703263,-0.011116,-0.123557
3.681744,0.560584,7.135811,0.548952,-0.186316
1.337469,0.327519,6.846612,0.099841,0.166897
2.845583,-0.439785,11.535612,0.106726,0.136541
3.021018,-0.278421,6.553372,0.337426,-0.550901
1.917962,-0.266596,13.139077,-0.36324,0.295217
1.178799,-0.420625,7.680977,-0.086727,0.12632
1.352438,0.812061,9.093141,-0.167434,-0.17728
2.452051,-0.494122,11.287577,0.169144,0.133558
3.435356,-0.460742,12.106824,-0.002284,0.029022
1.710044,1.343307,8.652607,-0.233092,0.128515
1.678909,0.247735,7.103329,-0.372718,-0.001161
1.815874,1.153352,12.769047,-0.179463,-0.082028
1.836232,0.356109,10.303075,0.564346,-0.049992
2.223626,-0.821342,10.343191,0.304258,0.168954
2.282903,-0.908311,8.937464,-0.17462,-0.259846
2.108815,-0.731529,8.677755,0.684174,0.568285
0.92792,0.184267,6.716383,-0.428258,-0.012771
3.872896,-0.725691,9.116492,-0.113045,-0.028157
2.015409,0.79335,14.194682,0.128836,-0.168362
1.114433,0.887205,7.748936,0.130474,-0.124695
1.792073,-0.092807,9.053024,-0.423332,0.233597
3.957021,-0.024549,11.024874,0.205434,0.143336
2.371668,0.304617,12.028686,0.252314,-0.065941
1.952839,0.444576,11.282338,-0.036166,0.146345
3.107089,-0.075892,9.392518,0.047264,0.475271
2.734663,0.028141,13.643229,0.003312,-0.185604
1.590892,0.333656,6.721323,0.144897,0.20947
3.1737,1.285078,12.482542,0.323117,-0.205637
1.696123,0.036075,7.034472,0.086957,-0.057544
3.518882,-0.523461,8.991502,0.328481,-0.018957
2.370022,0.971779,7.695946,-0.552735,-0.009366
1.520688,-0.468376,11.503728,-0.822702,-0.323685
1.855691,0.762814,10.200388,-0.680143,-0.351718
1.117277,0.746498,8.13184,-0.042415,0.187515
2.082469,-0.56253,8.73284,-0.694124,-0.586172
3.097808,-1.18793,11.483819,0.186902,-0.098058
2.580484,1.5388,8.099806,0.22032,0.035433
4.177213,-0.30282,8.293653,-0.07431,-0.155784
1.943109,-0.898132,9.649983,0.347141,-0.163076
1.751508,0.267045,6.542445,0.181389,0.113945
2.526895,0.308359,11.987073,0.153349,-0.446192
1.93308,0.999472,9.52125,-0.363722,0.361435
1.236579,0.070803,8.379575,-0.167829,-0.254549
2.882556,-0.402064,7.388935,-0.224403,0.04735
2.312242,-1.153501,10.991643,-0.223678,0.076212
1.237926,0.758323,8.6559,0.012742,0.001671
3.546874,-0.457299,11.212134,0.036438,0.554393
3.329526,0.146994,7.49207,0.151253,0.012001
0.707429,0.073946,6.021229,0.137761,-0.112535
2.590962,0.224533,13.208084,0.044217,0.556882
0.196242,1.388812,13.550871,0.241447,0.037507
2.739304,-0.140558,9.010363,0.684771,0.692386
2.8613,0.364791,7.837552,0.154713,-0.085609
2.436034,-0.314496,7.535181,0.131631,-0.23469
1.258134,0.951871,6.743926,0.050207,-0.197729
1.713786,0.76476,7.203171,-0.171152,0.183017
3.403173,-0.680934,6.509962,0.183267,0.241832
1.876797,-0.611478,6.771918,0.071975,-0.249198
1.68804,0.218396,8.015382,-0.411463,0.065618
2.57285,-0.040865,7.731273,0.237702,0.054804
3.152744,-0.75488,9.422606,0.013272,-0.326746
1.96691,0.604443,8.503367,-0.173216,0.058158
1.748664,0.362247,8.786878,-0.430032,0.239416
2.885849,0.521066,9.08386,-0.104346,-0.283698
3.39524,-0.204325,8.922496,0.044401,-0.108779
2.791395,-0.140558,6.3715,0.038487,-0.036859
2.714156,-0.169747,6.779402,0.076722,0.354024
3.28432,0.413141,11.300151,0.469395,0.12559
1.542393,-0.084125,12.136761,-1.220269,0.065409
2.876568,0.223336,7.303911,0.011673,0.041182
2.597399,0.148791,6.782845,-0.201169,-0.045469
3.508704,-0.455802,12.10862,-0.869607,-0.124246
1.056503,-0.895588,11.94052,-0.356729,0.377201
3.708987,-0.512534,11.292816,-1.132368,-0.291352
1.046624,0.020058,10.851684,-0.346177,0.699482
1.352138,0.40401,7.287296,0.010467,-0.257044
3.129392,0.61552,11.426488,0.16237,0.199916
2.69305,-0.364492,9.337283,0.007043,-0.210933
1.897754,-0.712369,9.701027,-0.108823,-0.388748
0.916544,1.034499,6.263126,-0.648093,-0.184693
2.368674,0.213905,10.715617,0.133485,0.659618
2.887645,0.193248,7.173383,0.001717,-0.160525
2.333198,-0.627345,12.219539,-0.466869,-0.628653
3.257975,-0.756676,11.621982,0.094887,0.099367
2.195634,0.436343,8.195008,-1.052147,-0.340874
1.363515,-0.420476,13.063933,-0.23599,-0.464295
2.285896,-0.364642,12.333303,0.235873,0.171646
1.439706,-1.769919,8.549172,-0.326279,-0.016252
2.955304,-0.441731,6.955436,0.114374,-0.0041
2.264491,1.345552,9.871223,-0.364788,-0.59804
1.180595,1.224005,9.687405,-0.074525,0.100922
3.459456,0.441731,11.988869,-0.074806,-0.230078
3.045267,0.302521,6.500831,0.228619,-0.136468
2.865791,0.403261,6.841074,0.072387,0.196547
0.87044,-0.600401,9.914782,0.115158,-0.069445
3.328029,-0.157473,7.094497,0.318617,-0.393091
2.944976,0.339195,7.899523,0.211833,0.031881
0.73557,0.155227,12.501703,0.230349,0.110516
2.65937,0.493973,6.935527,0.207009,0.08772
4.337231,-0.008832,11.586955,0.266625,0.066346
1.585653,-0.186812,9.678723,-0.212452,-0.221451
2.643503,-0.421673,9.476793,-0.057657,0.098016
4.585415,-1.47159,10.283765,0.123649,-0.162135
2.99587,-0.598905,8.440498,0.114442,0.078359
0.728685,-0.468975,8.335865,0.178958,0.231238
1.710643,0.232018,7.429201,-0.259589,0.112784
2.038012,0.435145,7.621252,-0.507903,0.250339
1.521286,-1.064586,9.759256,1.24467,0.014431
0.747845,1.536555,12.768747,-0.182426,0.058818
1.937122,0.182321,6.634204,0.010739,-0.721663
2.145189,0.033381,6.692433,0.014074,-0.067569
3.987857,0.015418,11.21902,0.129679,-0.060712
2.252067,-0.324076,6.260731,0.083835,0.010394
2.696193,-1.127455,11.353291,0.082854,0.058287
1.957479,-0.208067,9.54535,-0.004927,-0.104698
2.358495,-0.571811,7.532785,0.120704,0.055064
3.144661,0.150737,9.282796,-0.234293,0.332235
1.393901,-0.830772,9.683812,-0.904909,0.323779
4.294869,-0.370629,11.795322,-0.175458,-0.418492
1.309178,1.096171,12.201726,0.119397,-0.392444
2.379751,-0.128134,7.191795,-0.012581,-0.021211
2.412084,0.118254,7.455546,-0.183429,-0.158246
2.111359,0.197888,6.814429,-0.30179,-0.137295
0.807421,1.212479,15.445631,0.003285,-0.014794
1.341959,-0.684077,8.920101,-0.168767,-0.092312
0.914299,0.64456,10.203981,0.053818,0.484535
0.415985,1.484014,10.683733,-0.512845,0.161989
0.916993,1.110541,7.576195,0.275865,-0.146374
1.745221,0.505199,8.380173,-0.299696,-0.14085
0.579445,-0.036973,8.595575,0.018526,-0.089943
3.27459,-0.492326,8.423733,0.262222,-0.312134
1.046773,-0.803828,9.745933,-0.122855,-0.344417
3.35153,0.27393,7.600145,0.066006,-0.127636
2.909949,0.422871,9.256601,-0.172709,-0.556701
2.309547,-0.13966,7.748637,0.176183,-0.248121
1.286874,0.670905,7.077432,-0.083042,0.130595
1.92814,0.189207,10.399923,-0.125209,0.034642
1.570085,-0.571062,8.894055,0.254147,0.051401
3.503614,-0.035327,8.250842,0.150683,-0.183366
3.857179,0.605042,11.905792,0.052821,-0.239371
1.748065,-0.111518,8.976833,0.754365,0.03308
2.157164,0.022304,7.024592,-0.02466,0.049773
2.156865,0.357457,9.932595,-0.255123,-0.098669
1.051114,1.572779,8.779992,0.621914,0.116887
2.33724,0.101639,6.666986,0.089831,0.001922
0.6492,0.387394,7.447463,-0.006583,-0.342003
3.950136,-0.892744,11.245665,-0.275565,0.357174
1.530118,-0.69261,7.379504,-0.030216,-0.003876
1.10141,0.042212,11.599529,0.012509,0.141147
2.045496,-0.277074,8.409961,0.056745,-0.284134
3.190465,0.116608,7.917785,-0.07255,-0.113695
1.890119,-0.621059,6.316714,0.056746,-0.094406
1.115181,-0.513732,10.150841,0.269204,0.351478
0.430205,1.356928,14.568305,-0.046739,-0.027703
2.400259,0.266446,7.859406,-0.303031,0.070224
3.747307,-0.106279,8.424032,-0.000876,-0.131762
3.642974,-0.356259,7.770791,-0.123448,-0.047395
1.691632,0.255369,8.727301,0.898865,-0.664052
3.278183,-0.29803,9.459579,0.122267,0.050317
3.206183,-0.883313,10.519375,0.147684,-0.103132
1.680106,0.939746,9.107062,-0.414998,-0.526192
1.280587,-0.133073,7.405251,0.01159,0.015864
4.224216,-0.859064,11.250455,-0.313144,-0.19475
0.325124,0.343985,7.932155,0.101195,0.001339
2.623445,-0.212708,7.283853,0.473441,-0.071293
1.116229,0.487536,6.538104,0.168816,-0.344044
0.161814,1.534908,13.105846,0.065625,-0.172009
2.26958,0.439636,12.324321,-0.081701,0.115567
2.054777,-0.582888,8.60276,0.056582,0.04494
1.403781,-0.02889,12.422218,0.280264,-0.11619
2.99602,-0.062869,7.531438,-0.713699,-0.328141
1.941762,0.322579,6.417605,0.310999,0.117909
5.290149,0.363295,11.43532,-0.484586,-0.258405
0.896336,1.328637,10.344389,-0.316837,0.27388
-0.92343,-1.265019,11.014545,0.045775,-0.015061
2.963238,0.293839,6.806346,0.106812,-0.040834
3.68369,-0.401914,8.899294,-0.054846,0.000394
3.076403,0.141755,8.627459,-0.629142,0.158214
1.653013,0.016166,6.784192,0.33459,-0.269651
1.169219,-1.332529,10.187665,-0.466399,-0.063363
3.501818,-0.248334,7.735015,-0.057555,-0.02965
3.635041,-0.715811,10.991044,0.109511,-0.045313
2.037263,0.463736,9.201964,-0.012748,-0.340714
2.380051,-0.657583,6.21792,-0.143941,0.107618
1.515898,0.140408,11.644435,0.180564,-0.023661
1.621877,-0.945584,9.536519,-0.389964,0.25106
3.410957,0.003892,9.18969,0.201161,-0.029073
1.91856,0.806074,7.489675,-0.02076,0.35859
3.206482,-0.319585,7.365284,0.002766,0.095155
1.963617,-0.035027,5.777086,0.042086,0.06707
1.719923,-1.140778,10.038126,0.071905,0.066954
2.772085,-0.13472,10.834769,-0.17077,-0.377275
2.605332,0.883463,13.583503,0.64623,-0.159952
2.095792,-0.619262,11.364068,0.190529,-0.160699
2.730322,0.09625,8.007598,-0.098122,-0.14888
1.772464,0.512235,9.651031,-0.259034,0.245188
2.683919,-0.188608,10.307715,-0.058002,0.542768
1.115929,-0.30297,7.211553,0.206399,0.044365
3.542982,1.032852,11.127111,0.021401,-0.270971
3.658991,-0.025447,11.884386,0.042834,-0.163994
1.464554,0.170196,8.708291,0.017658,-0.08398
4.714147,0.383503,12.991035,-0.092679,0.100199
2.492467,0.493823,8.064031,-0.679771,0.106408
2.051634,0.553848,9.352701,-0.013231,-0.028456
2.648892,-0.335003,9.96373,-0.13107,-0.002492
2.737058,0.343087,10.525362,0.171588,0.107652
2.978806,-0.990939,12.431798,-0.600525,-0.369431
0.825533,-1.383872,10.850786,0.043701,0.163363
2.871928,-0.295336,7.904612,0.129955,-0.475736
2.862048,0.376018,11.733799,0.024636,-0.290453
3.225493,-0.321831,8.794362,0.208789,0.169
1.35588,-1.606908,13.053455,-0.316521,-0.083898
2.426454,-0.381407,7.860903,0.441275,-0.242238
1.779799,-0.767005,12.279115,0.231448,0.02238
4.365672,-0.76446,10.502161,0.124737,0.132022
0.825533,2.243235,13.724659,-0.403918,-0.011557
2.881208,-0.651296,11.623928,-0.075196,-0.107252
1.623973,0.042661,7.858808,0.215309,-0.160082
2.357448,-0.311353,6.413862,-0.131825,-0.32224
1.613644,0.896486,12.118799,0.026371,0.042032
2.400558,0.83691,10.777887,-0.187002,-0.697359
2.56312,-0.058079,6.441106,0.26498,0.179114
3.147954,0.143551,6.537505,-0.265814,-0.402647
0.537981,0.930315,7.931706,-0.359824,-0.45725
0.750839,-0.157473,13.946199,0.082032,0.038443
1.194217,0.264949,8.263716,0.094833,0.496601
2.405049,-0.776735,8.815019,-0.727239,-1.105271
3.929628,-0.997825,11.609558,-0.295863,0.802731
1.772764,0.869093,5.865852,0.310325,-0.080643
2.099534,0.20178,7.211853,-0.18206,-0.246739
1.905687,0.98121,10.299632,0.077893,0.163862
2.425257,-0.082928,6.959777,0.235952,0.041634
1.018632,0.993185,6.795119,0.438564,0.063654
2.342329,-0.554597,6.946305,0.429779,0.200075
1.416205,-0.20178,6.382577,0.183108,0.059598
1.111588,1.619333,13.548326,0.357549,-0.216179
2.387834,0.105231,10.808274,-0.098312,0.004937
3.538192,-1.695524,8.034243,-0.214321,-0.411053
3.396138,0.448467,8.781938,0.208968,-0.04783
0.660427,-0.608784,8.067174,-0.011751,0.024933
2.391577,0.100441,8.923992,0.141542,0.080977
1.140927,1.18763,7.500004,-0.007616,-0.223457
3.014132,-0.004191,7.895781,0.229762,0.23653
2.768194,-0.281564,7.545509,0.04928,0.218249
1.141376,-0.665815,13.218861,0.424316,-0.070162
2.028881,1.192271,8.695418,-0.35163,0.174484
1.570534,0.99543,10.383008,0.182662,-0.003623
3.739823,0.228126,9.777368,0.107247,-0.322824
2.746189,0.929717,11.260633,-0.330055,0.172614
3.420238,0.003593,11.283835,-0.648131,-0.515514
2.162104,-1.359024,8.953331,0.468167,-0.032535
1.495091,0.058678,10.740315,0.197553,0.029371
1.720822,0.289049,13.078603,0.29136,0.09387
3.825595,-0.061372,6.776259,-0.123476,-0.432575
1.89461,-0.704435,9.66091,0.166279,-0.397134
3.797902,-0.171244,9.508377,-0.075221,-0.409208
2.430496,0.332309,12.619059,0.105731,-0.190364
3.213218,-0.945135,11.414364,0.180144,0.111596
2.22168,-0.712069,8.773555,-0.034289,-0.000586
3.907474,-0.179177,11.023377,0.358099,-0.182192
0.755329,1.085692,13.628859,0.19625,-0.10971
1.424138,0.458796,8.810678,-0.176204,-0.116823
2.063309,-0.776585,9.258098,-0.04876,-0.002683
1.087788,0.246986,7.329808,0.257105,-0.254317
2.079027,0.871039,9.010213,0.144931,-0.180076
2.148033,-0.108075,10.99793,-0.736612,-0.337387
4.31358,-0.575853,10.452314,0.44224,-0.290096
4.331093,-0.43769,8.879685,0.026579,-0.211433
1.22131,-0.697849,9.798175,0.068457,-0.199219
3.734584,-0.257465,10.162816,-0.3521,-0.064778
1.629062,1.021476,12.605137,-0.116118,0.158718
2.578239,-0.058528,12.15652,0.011301,-0.220576
-0.002096,1.862726,10.830278,-0.386294,-0.064834
3.292553,-0.026495,7.260651,0.176294,0.043209
3.797902,-0.160167,9.436976,0.421237,0.07466
0.678689,2.15911,11.189082,-0.243208,-0.246359
-0.018412,0.028441,13.664634,-0.374968,-0.470714
4.565805,0.570913,10.29095,0.039237,-0.1104
4.037853,0.441881,11.049722,0.162167,-0.028901
1.63041,0.720901,7.495962,-0.092662,-0.277182
1.397793,0.196092,7.274872,0.441447,0.107415
1.240021,1.11548,7.844587,-0.014946,0.074215
0.050894,0.069605,9.783804,-0.025681,-0.113292
2.866389,1.175206,9.288335,-0.73236,-0.403301
1.874702,1.092279,9.015452,-0.074058,0.030594
2.460284,-0.20178,6.311176,0.07659,0.168355
2.809358,-0.419577,9.411229,0.126814,-0.215743
2.897824,1.576522,12.14694,0.411526,-0.358647
2.571353,0.427511,6.22241,0.321184,0.072748
0.205822,1.206491,11.088342,-0.014483,0.069117
0.90876,-0.41853,11.939172,-0.175613,-0.093643
0.602796,0.916843,6.929989,0.248141,-0.161373
3.367996,-1.041534,10.961855,0.238094,0.710924
3.105592,1.83698,11.731853,0.181066,0.039703
4.017645,0.066013,12.890893,-0.325858,-0.072001
0.986149,-0.657283,10.235415,0.604401,-0.070038
3.067421,-1.09647,11.109148,0.180216,-0.122724
2.59201,-0.619113,8.508906,-0.384766,-0.397419
2.299668,0.618514,6.77566,0.18714,0.01583
2.07753,-0.123643,8.234975,-0.126866,0.582241
3.314557,0.04341,7.091503,-0.336973,-0.504847
2.01017,0.493823,10.147398,-1.008176,-0.08841
1.763932,0.289947,8.147108,-0.272522,-0.072256
3.435206,-0.066761,8.522976,-0.008806,-0.103188
4.04429,0.041015,10.870694,0.168303,-0.118787
1.18284,-0.528551,10.056687,-0.18752,0.050045
1.633104,1.052761,8.651858,-1.08405,-0.408438
1.175655,-0.333207,10.915002,0.1145,0.186907
3.260969,-0.294587,6.893166,0.122818,0.14664
1.542692,0.02874,9.988279,-0.084224,-0.013013
1.426833,1.417702,9.158255,0.072074,0.6669
0.90397,-0.782722,10.419383,-0.371093,-0.220988
3.771856,0.074695,8.754545,-0.19284,0.085259
1.707649,-0.572859,9.495205,0.052324,-0.088335
2.732568,-0.391286,7.169042,0.07368,-0.292983
1.213826,0.495021,8.878786,0.258754,0.146644
3.931724,-0.637824,12.232562,-0.015899,0.144703
1.26472,0.393083,10.104138,-0.257551,0.412934
3.37084,0.761317,11.158695,-0.79254,0.591042
1.058898,-0.625399,11.607462,0.002669,-0.037301
0.844993,0.327519,6.550229,0.070791,-0.033046
1.836531,0.46149,6.66519,-0.028783,0.107069
1.773362,0.254471,9.315279,-0.045549,0.008201
1.472189,-0.30297,9.736802,0.276179,0.093626
2.817291,-0.178878,9.858649,0.167176,-0.025392
2.068548,-1.19272,10.719509,-0.534768,-0.182315
2.301015,1.469344,8.61249,0.498835,0.067458
1.786086,-0.654888,8.75215,-0.100826,-0.426906
1.223855,0.253573,9.641301,-0.047048,-0.113369
2.122736,-1.613644,9.131461,-0.059233,-0.15881
2.314188,0.297282,6.165229,-0.02357,-0.260447
2.234553,-0.677641,7.911648,0.244161,0.035016
2.009272,-0.186512,7.129674,-0.486988,0.496731
0.61088,-0.983156,11.367062,0.101095,0.448854
0.893642,0.571062,9.310638,0.225349,0.049453
2.030677,-1.01459,9.494756,-0.059043,-0.042466
2.201921,-0.32722,7.742948,0.138407,0.078788
0.117805,-0.201331,8.890163,0.120771,-0.353898
2.634671,-0.269739,8.705148,-0.137898,0.280373
2.665208,-0.153581,8.182884,0.232516,0.049755
0.588576,0.314197,10.985056,-0.012779,-0.066692
0.753383,0.86535,9.486523,0.19795,0.296355
3.201542,0.059726,7.924371,-0.052999,-0.048216
0.741408,0.746797,10.549462,0.206448,0.437713
0.871937,0.121248,12.601246,-0.376275,-0.093474
3.211871,-0.005688,8.728349,0.059909,0.398519
3.589985,-0.430505,11.751163,0.160857,0.025348
3.261717,-0.309257,8.815468,0.162642,-0.038851
2.281256,0.665965,7.060518,0.135994,0.094406
2.519561,-0.726888,8.002958,-0.137373,0.256816
2.895279,-0.151036,8.503667,-0.247778,-0.012409
2.9815,0.21166,6.944509,-0.38419,0.253668
2.899021,0.247885,7.887248,-0.177984,-0.0262
0.583337,-0.004191,7.100035,-0.196621,-0.372731
0.198487,0.277972,7.981852,0.352151,-0.06282
1.655108,1.359623,8.789722,0.287109,-0.348263
3.005151,0.820294,11.74308,0.20588,0.002149
0.467628,-0.451611,8.636291,0.538791,-0.066254
3.051854,-0.453108,10.516082,0.139334,0.158148
3.527564,-0.361349,9.642049,0.088465,-0.234243
1.830843,0.994682,7.142397,-0.02157,-0.051127
3.85179,-0.698747,10.468481,0.104852,-0.296946
0.949326,-0.554148,9.459728,0.432778,0.232465
2.214196,-0.290695,7.052285,-0.389802,-0.066013
1.255589,1.307232,7.360344,-0.227509,-0.134719
2.851271,1.44764,10.115215,-0.129658,0.080564
1.287772,0.254321,11.472742,-0.198917,0.453303
1.558559,0.077239,12.231664,-0.597723,-0.017052
1.8994,-0.182021,7.021299,0.182846,-0.078943
1.107397,-1.400488,9.253008,0.338846,-0.041225
0.902623,-0.939147,10.515034,-0.078903,-0.20241
0.038021,0.626298,13.410313,0.100064,0.558567
1.387165,-0.86086,9.688453,-0.571267,-0.278244
1.139431,0.063019,10.512789,-0.567764,-0.011809
3.859275,0.936153,9.159004,-0.153988,0.499628
2.466421,0.403411,6.927594,-0.273206,0.337083
3.697162,1.042881,10.320439,0.142113,-0.033443
1.226699,-0.506397,9.338181,0.004668,-0.031697
3.435955,-0.589474,7.337591,0.06048,-0.420044
0.007335,-0.049397,11.52214,0.051341,0.00573
2.292483,0.323627,12.664115,0.041399,-0.201849
2.493215,0.736319,8.238717,0.26615,0.111311
2.241439,0.495021,7.527546,-0.066894,-0.143503
1.575923,-0.729283,10.392738,-0.097859,-0.499142
1.7072,0.010329,11.55552,-0.400862,-0.2579
1.112636,-0.036524,7.301965,0.227845,0.207255
0.30791,1.614393,9.673933,0.134171,0.184582
2.044748,0.20208,12.497661,-0.127494,-0.213328
2.3805,-0.553399,6.773864,0.618006,0.01202
1.777853,-1.409619,9.773925,0.840959,0.287714
2.449806,0.057031,8.233329,0.033091,0.180466
1.58206,-1.158441,9.566906,0.457768,0.126976
3.160079,-1.542692,9.965527,0.005638,0.194737
2.304308,0.498613,6.869066,0.356576,-0.128921
1.392554,-1.329086,9.391021,0.153444,-0.275319
2.915038,-0.432151,7.690408,0.213436,0.008239
0.913251,-1.201402,11.284434,-0.058864,0.042147
2.056424,1.227448,8.12211,-0.052906,0.249301
2.931354,-0.655188,7.711364,-0.008515,-0.001036
3.608396,0.024399,9.8579,-0.160835,0.062782
0.715811,1.411116,8.92025,0.102854,-0.005805
1.174907,0.838556,12.614268,0.145757,0.33643
1.302891,1.282982,11.000474,0.216994,0.064251
1.996997,-0.386646,7.079977,0.003723,0.125886
2.448309,-0.470472,7.528744,-0.154306,0.249941
1.162782,-0.698897,9.935739,-0.060485,-0.117177
2.867437,-0.744252,9.676927,-0.295967,-0.117255
3.460953,-0.2645,8.479567,0.088078,-0.140358
2.581532,1.700464,13.048216,0.346772,-0.047673
0.978665,0.294438,7.751181,-0.254827,-0.144852
0.101489,-0.048948,7.283254,-0.271055,-0.028807
2.220932,0.034279,9.211395,-0.29809,-0.37853
4.080964,-0.406405,7.811656,0.085575,-0.058706
0.206421,-0.415386,10.763068,-0.6723,-0.261215
2.897525,-0.342338,8.373288,0.243545,0.150518
3.655698,-0.41838,7.347022,0.045378,-0.12687
3.307522,0.159119,13.287269,-0.103279,-0.740362
0.959355,-0.22124,11.235186,-0.814367,0.002237
2.892285,-0.062121,6.653664,0.110873,-0.181411
1.334625,1.172512,9.321117,-0.274529,0.037722
1.876049,-1.237926,8.171956,-0.076053,-0.25546
1.713038,0.503253,8.860075,-0.082374,-0.064578
2.290986,-0.745749,9.595496,0.173001,0.040012
1.059946,0.21136,12.930411,-0.096664,-0.02923
2.407444,-0.501906,6.665938,-0.03348,-0.142967
2.08696,-1.381926,10.222392,0.102283,0.324455
1.786984,-0.277822,7.063661,-0.827911,-0.305817
3.957919,0.132175,8.699459,-0.041472,-0.119399
3.486999,0.008383,8.607401,-0.10949,-0.117619
3.170108,0.210911,14.071339,-0.094906,0.478935
1.273552,-0.78362,12.659175,0.041123,0.021086
2.259252,0.167502,7.153624,0.410551,-0.120892
2.835553,0.310903,8.885522,0.185359,0.028227
2.102378,-0.643212,9.733958,-0.027699,0.012468
0.752036,1.188678,8.138127,0.126916,0.047205
2.423311,-0.333656,14.618451,0.46953,0.392542
2.919828,-0.436193,9.070687,0.025729,-0.463595
1.776206,0.626597,6.130352,-0.294401,0.12192
1.070125,0.604443,9.079818,-0.043311,0.186168
1.825304,-0.34608,7.269333,-0.139806,0.100321
2.078129,-0.493973,8.317304,-0.038831,0.258863
2.693948,-0.387694,6.366561,0.241504,-0.147526
2.251019,0.480052,9.33878,-0.102307,0.503142
4.458778,-0.172441,11.030712,0.005749,-0.117368
2.847079,0.229622,6.841822,0.22491,0.056328
3.236719,0.035027,7.166797,0.202268,0.031844
2.287992,0.141156,8.178842,-0.029655,0.078148
3.083887,-0.027543,8.378976,0.227635,0.042456
3.425028,1.483715,13.092524,-0.046838,-0.00025
1.084794,1.749113,8.941356,0.354352,0.088984
0.179926,-3.571423,10.735675,-0.013264,0.007698
2.789749,-0.308359,7.130871,-0.182395,-0.064071
2.356849,-0.457898,7.597152,0.229488,0.31785
3.661087,0.441582,14.239738,-0.109197,0.095457
3.390749,-1.010549,9.084758,0.006817,0.24835
1.86108,1.371747,11.673026,0.162488,-0.276909
-3.87095,0.350122,15.079342,-0.097679,0.085455
1.299148,0.70189,9.119486,-0.215602,0.046546
0.529,-0.810564,9.894424,-0.09586,-0.12731
2.560725,-0.349673,6.210884,0.23462,-0.057555
3.027005,-0.847388,12.303515,0.614733,0.167455
2.307003,-0.694107,8.558153,-0.026669,0.035425
2.039808,-0.736768,10.759625,0.246864,-0.246589
2.113605,0.596809,7.564819,-0.508835,0.151587
2.181264,-0.705034,7.399413,0.289024,-0.579413
2.132166,0.468376,8.695418,-0.84348,-0.031584
2.393223,0.700992,7.672894,0.04391,-0.366548
1.882635,2.238295,10.176288,0.071551,-0.443129
2.932701,-1.377136,9.553134,-0.487547,-0.261307
0.198787,-0.152982,9.021739,0.292147,0.003334
1.639241,0.904868,8.774753,0.202586,-0.012825
2.161505,-0.020058,6.810537,0.180971,0.183793
2.600392,0.256267,6.984625,-0.001675,0.073637
2.338737,-0.819546,10.046957,0.270194,0.246717
2.998415,0.154928,13.537399,0.158875,0.061549
0.615969,0.295336,7.716304,-0.071712,0.087298
2.660717,-1.54359,11.644435,-0.210649,0.298693
1.431324,-0.968785,8.557405,-0.120792,-0.184119
2.288142,-0.708776,9.464668,-0.120215,-0.16551
2.93809,-0.950074,11.067834,0.00223,-0.004816
3.783532,-0.808618,8.575816,-0.372679,0.16784
1.713337,-0.108973,10.695409,0.118504,0.092768
1.376537,-0.739762,9.508826,0.518421,-0.072189
2.21195,0.590821,8.165071,-0.048919,-0.058122
3.571723,0.248334,8.940608,0.067993,-0.342032
3.085085,-0.353864,6.322103,0.10825,-0.0049
1.292562,0.406854,9.619446,0.139755,-0.031059
1.319656,-1.387165,8.387508,-0.293595,-0.00653
3.670816,-0.458796,11.200758,0.030613,-0.386958
0.034279,1.756597,12.686718,0.16436,-0.0196
2.897375,-0.558938,6.973698,0.198097,-0.106685
1.688189,0.53364,6.897806,0.201893,0.498752
1.379531,1.900747,8.805289,-0.038723,-0.214008
2.103576,-0.37497,6.23693,-0.290283,-0.064135
1.989513,-0.085173,6.856492,0.021622,-0.130604
4.233796,0.103136,11.213332,-0.278719,0.156746
3.047962,2.041604,12.421619,0.332369,0.471624
2.249672,-0.260309,13.190869,0.112932,-0.297864
1.801504,-0.730331,9.542207,-0.05802,0.038187
4.008514,-0.088167,8.736732,0.027626,-0.208039
1.918261,-0.452659,10.964699,-0.086844,0.229995
3.18328,-1.083896,11.871363,-0.060443,0.196348
2.056723,0.018711,7.021149,-0.116808,0.154573
2.309398,1.087788,7.775581,0.070559,0.755146
1.45707,0.479603,10.818154,0.200432,0.192185
2.500101,1.909579,7.862101,-0.170288,-0.392169
1.139281,-0.863554,16.125217,-0.030833,0.440222
4.43857,-0.243993,11.565549,-0.132033,-0.071389
2.24084,-0.249381,9.086255,-0.086233,-0.195154
2.660268,0.658481,10.541379,0.028765,-0.034451
2.466122,-0.629591,9.862391,0.470007,-0.01433
0.159418,-0.71177,12.794194,0.280374,0.839993
3.67381,0.095651,10.748399,0.172094,0.029415
2.839894,0.409848,7.061715,0.105609,-0.339511
1.758842,0.76925,9.505084,0.009482,0.190594
2.272125,-0.450413,6.512807,-0.244243,0.001773
2.041904,0.796045,6.959328,0.195552,-0.067692
-0.506696,-2.379452,12.434642,-0.018465,-0.012736
2.693798,0.160915,8.565787,0.311939,0.032574
2.859803,0.318388,7.989186,-0.933799,-0.070401
4.088747,-0.238454,11.182047,-0.031996,0.020955
4.072132,0.439935,11.082504,0.109713,-0.076052
1.311872,-1.129102,9.115295,0.022293,0.006472
3.309917,-0.906964,10.568024,-0.440545,0.178895
3.672613,0.418979,6.630462,0.156424,0.096893
3.017575,-0.144001,6.654711,-1.128335,-0.087302
2.055825,0.37018,7.128626,0.538244,0.135563
1.451532,0.477806,8.088879,-0.073993,-0.237966
2.204466,-0.05269,6.868168,-0.044316,0.025075
2.185904,0.131726,11.500135,0.015458,0.189881
1.544488,0.351319,7.234905,0.084335,-0.09875
3.241509,-0.471669,6.620732,0.013774,0.059846
1.420995,-0.758622,10.250235,-0.183674,-0.617662
3.459306,0.037572,10.505903,0.030382,0.112779
3.418591,0.314945,8.000862,0.127122,0.046477
4.540508,-0.221689,10.659483,-0.530448,-0.358952
3.149451,-1.454076,8.696915,-0.426818,-0.156352
1.755699,-0.068108,7.234606,-0.009482,-0.000783
3.069367,0.288899,6.475833,0.009303,-0.130382
1.655707,-1.45692,8.703501,0.205199,0.13571
1.994153,-0.181273,7.09315,-0.577948,0.121713
3.042423,-0.131576,11.541599,0.135359,-0.048645
1.538201,-0.465083,11.70955,0.361349,-0.056232
4.087849,0.20208,9.786199,0.283172,0.591985
0.755629,0.324825,11.321856,0.558716,-0.183666
2.69784,0.37048,10.701995,-0.008293,0.179433
3.35153,0.27393,7.600145,0.083482,-0.023245
1.740131,-0.69246,9.766441,-0.019796,0.00732
3.830385,0.834515,11.225307,0.205532,-0.302306
2.925965,-0.144899,7.015162,0.107904,0.302612
1.844913,0.092807,6.316864,0.101125,-0.106905
2.570006,-0.848585,10.105186,-0.024417,0.026473
2.099983,-0.349823,11.275004,-0.109886,-0.145034
1.336271,0.82239,8.004754,0.05617,-0.292335
2.940485,0.037272,6.714138,0.074079,0.11382
2.331701,-0.258363,6.955436,-0.011823,-0.070681
2.378404,-0.140707,12.744947,0.033294,-0.147363
2.538721,-0.180225,7.629784,-0.156755,0.467209
0.950374,0.242645,10.78148,-0.026539,0.697798
2.232009,0.55759,10.497071,-0.248321,-0.029854
3.183879,-0.662373,11.235785,0.061797,0.107768
2.079027,0.862955,10.690619,0.108038,-0.24489
2.46208,-0.124242,7.51153,-0.003715,0.252137
2.444566,0.941991,13.132491,-0.03769,-0.287384
2.281106,-0.477657,6.890621,-0.43752,0.084883
1.611848,1.643882,13.754747,0.782006,-0.268409
1.316812,0.489033,10.722952,-0.167223,-0.304433
0.981808,-0.314795,8.57881,0.017017,-0.00438
0.714464,-0.460742,10.333911,-0.272166,0.05478
1.383423,-0.49053,9.740245,0.282836,0.174345
0.650996,0.50475,9.721235,-0.08932,-0.010206
2.829117,0.337548,7.526798,-0.100612,-0.3561
1.434467,-0.809367,9.702523,0.609366,0.29986
1.001867,0.651745,8.760083,-0.169663,0.022928
0.989442,0.478255,10.307416,-0.053867,-0.004583
0.241298,-0.542622,10.854528,-0.863153,0.177786
1.949845,1.259631,11.505075,0.088519,0.3581
1.198558,1.970502,9.524993,0.451096,-0.089069
3.140469,-0.345931,6.795119,0.2296,0.204183
-0.348924,1.199306,10.852732,0.212912,-0.180079
2.097438,-0.258812,8.8725,-0.383869,-0.280261
2.473606,-0.3124,6.114635,0.42144,0.205042
4.02034,-0.555794,10.667267,0.490329,-0.159303
0.09625,-1.146316,12.254267,-0.10861,-0.145439
3.250491,-0.320633,10.824291,0.013238,-0.375289
0.757575,1.808389,13.214221,0.159976,0.236256
2.541714,-0.280666,6.586453,0.061987,0.305735
2.632426,0.565225,6.836284,0.003713,-0.027406
2.759661,-0.304018,7.483089,-0.082362,0.191536
2.343976,-0.157023,8.122858,-1.198169,-0.171091
1.348097,-0.072898,8.160879,0.799694,0.05858
2.407294,0.675994,12.37791,0.326473,-0.034543
3.265459,-0.37527,10.422975,-0.059893,-0.245329
1.856739,1.246009,13.053455,-0.889305,-0.231049
1.647474,-0.732277,8.470585,0.031702,-0.64115
-1.840573,1.097967,13.362862,-0.064959,-0.39824
0.420326,0.685125,11.131003,-0.193215,-0.108379
2.58707,0.12035,6.822513,-0.037325,0.249335
3.605852,-0.022154,12.782519,0.265494,0.154198
4.268224,0.027692,8.739277,-0.005842,-0.083834
1.124761,-0.910856,10.913056,0.146674,0.111745
1.751508,0.509989,12.08437,-0.028088,0.082909
3.33252,0.198936,12.802577,-0.327777,0.275803
0.502804,-0.652493,10.674003,0.071897,0.110357
1.787882,0.114063,10.341395,0.144647,-0.178955
-0.326471,0.080533,12.009227,-0.102367,-0.237608
2.677632,-0.257315,11.178155,-0.421392,0.072452
1.937571,-0.646206,9.613159,-1.041542,-0.113856
1.910327,0.326172,9.231303,0.439422,0.161571
1.069526,-0.564326,9.430838,0.032732,0.489807
2.628384,-0.2645,6.999445,0.138097,0.228352
2.07738,-0.91849,9.674981,-0.446966,-0.565358
0.904868,0.427511,7.418124,0.055001,-0.271709
1.01953,-1.692081,12.123589,-0.705773,-0.64241
2.296075,0.200134,6.82371,-0.10131,0.276721
1.224603,-0.61552,9.704769,0.453047,0.267418
1.661096,2.574945,10.060579,-0.463387,-0.108504
0.568069,-0.537832,9.828711,-0.01128,0.020467
2.225273,1.087638,7.595206,0.204764,0.078159
1.669179,-0.114063,12.314442,0.376249,-0.08061
3.024012,0.109422,8.185279,-0.406501,0.117956
0.665217,-0.125589,7.509434,-0.076681,-0.189963
4.700076,0.044308,10.919493,0.157763,0.091479
1.909429,0.231868,12.401261,-0.036324,0.789392
1.747616,0.282014,6.933132,0.177125,0.581956
2.013313,0.967289,8.445438,-0.068858,0.324839
2.868485,-0.103884,6.653065,-0.165285,0.030126
3.167114,-0.265248,8.523126,0.234179,0.039084
2.380051,-0.809068,9.175619,-0.469885,-0.083927
2.508334,-0.531395,6.581214,0.038263,-0.056976
3.264262,-1.447939,12.008329,-0.001205,-0.13465
3.141367,-0.379611,12.036919,-0.049996,-0.010508
2.691852,-0.420176,6.947054,0.130278,-0.072824
1.518293,0.943338,8.090077,0.165011,-0.064986
2.61611,-0.233365,7.527846,-0.032462,0.068207
4.151467,0.098645,9.125773,0.038549,-0.111166
2.525698,-0.078587,12.668007,-0.257745,0.326416
2.482438,-0.417033,11.971655,0.178349,-0.179257
1.350192,-0.465981,9.654324,-0.007395,-0.008763
0.889001,0.922831,8.13154,-0.529607,0.37842
1.046923,1.143772,6.303093,0.116569,-0.10331
2.893483,-1.009351,10.934312,-0.227232,-0.049754
0.94723,0.179926,7.084917,-0.14154,0.368197
2.439627,-0.197888,8.83882,-0.058293,0.366824
3.060985,-0.687371,9.471554,-0.156884,0.082922
0.138462,-0.679437,11.657608,0.197556,0.271818
2.313739,-0.231419,8.597821,0.302816,0.141739
0.214205,0.663869,11.476035,-0.03839,-0.193121
3.762875,0.472867,11.134146,-0.096534,0.118959
1.653611,-1.339265,9.617949,0.594128,0.657182
-0.031135,0.152982,11.395952,0.221922,-0.32436
2.602638,0.024848,7.270381,0.063083,-0.117249
2.193239,0.539328,9.604178,0.148975,-0.216009
1.900448,1.065335,13.70999,-0.228656,-0.170125
1.877995,0.235011,7.363637,0.119363,-0.046051
1.368454,0.595911,14.09484,-0.088905,-0.476176
2.343377,-0.240699,7.667655,-0.101977,-0.01472
3.127746,-0.152682,11.226654,0.222895,-0.112488
2.147135,0.263752,9.744885,0.389343,0.222588
0.294887,1.409469,14.452147,-0.041089,-0.015554
0.498164,0.883163,9.407936,-0.169301,-0.178862
1.081501,0.681533,10.844948,0.19106,0.181423
3.473377,0.381706,13.202395,-0.213722,-0.115218
1.822161,-0.173938,7.533085,-0.093369,0.003675
1.475182,-0.212708,12.763358,0.207757,-0.011913
1.291664,-0.173639,6.696175,0.203603,-0.322484
3.30842,-0.411195,7.424411,-0.165099,-0.298696
0.509091,-0.300126,10.958112,-0.035437,-0.150038
2.313289,0.751886,12.078832,-0.193957,-0.513945
2.221081,0.834066,8.434061,-0.792307,-0.595051
1.722917,-1.24062,10.832075,-0.260724,0.338047
2.021396,-0.733924,11.626772,0.428865,-0.024277
0.767155,-0.566721,10.28107,0.029023,0.124351
3.775599,-0.852926,8.149802,0.312358,-0.409184
2.076482,-0.628543,13.483661,-0.601793,-0.111471
-0.452808,-0.594863,12.19514,0.039521,-0.244426
1.723067,1.175805,13.793965,0.159492,0.278894
3.378175,0.188907,6.77566,-0.02539,0.341169
1.055455,-0.907563,8.872949,-0.153816,0.100293
2.599045,-0.529449,10.03588,0.14121,0.034071
2.470612,-0.541574,8.34335,0.090043,-0.230854
2.307302,-0.621807,11.831696,-0.035302,-0.551392
-0.166903,-2.098786,12.533736,-0.044772,0.004192
0.619113,0.440684,8.441995,0.074629,-0.01218
1.332529,0.780776,11.885135,-0.033699,-0.835808
1.846859,0.743204,7.903415,-0.123587,0.053074
4.981341,0.196392,9.835597,0.265795,-0.23263
2.220033,-0.065564,11.330239,-0.872733,0.237726
1.862128,-0.296234,7.909552,0.339915,0.029659
0.326471,1.770518,10.530152,0.12577,-0.077145
0.844244,0.229473,7.65568,0.262148,0.047605
1.368604,1.017883,14.007122,-1.041221,-0.560937
3.088677,-0.586181,7.111112,-0.082486,-0.419731
2.066303,0.785417,7.168293,-0.31011,-0.205241
2.098636,-0.066162,6.780151,-0.817227,-0.164357
1.820514,-0.157922,12.707674,-0.13402,-0.020705
2.734064,0.156425,6.419251,-0.407354,0.0477
2.673441,0.124391,7.772587,0.035724,-0.360459
0.840502,0.602048,7.253616,-0.26339,0.216355
1.724264,-0.096849,11.864478,-0.302391,-0.102917
2.790497,-0.751886,6.778803,0.137446,0.208158
3.334466,0.320933,12.851974,-0.107053,-0.102159
1.394201,-0.074395,12.813504,0.143067,0.090457
0.298479,0.404758,14.441818,0.446281,-0.207353
1.776655,0.062121,8.738378,-0.215708,0.241399
0.292641,-1.771716,10.535392,-0.01217,0.025074
2.509831,-0.432002,10.746602,-0.015968,-0.286798
1.085692,-0.475411,11.383827,-0.202002,-0.281359
2.795886,0.089813,8.06418,-0.126717,0.172948
1.465902,-0.434995,7.451355,0.037372,-0.027185
0.028141,-0.912203,11.55567,-0.1509,-0.226597
0.364492,0.734223,8.845855,0.171669,0.207703
2.181563,-1.330284,11.830648,0.101962,0.014588
2.336791,1.415906,9.332643,0.106726,0.136541
1.084644,0.536335,7.33325,0.144927,0.426019
0.51448,-1.021176,9.895921,-0.11099,-0.008395
2.777175,-0.441432,13.678705,0.212122,-0.440436
2.558629,-0.181273,6.315667,0.634433,-0.101175
2.682272,-0.251327,6.845565,-0.177422,0.362949
0.643961,0.149689,10.380613,0.147455,0.039756
1.126408,0.704435,7.385192,0.068622,0.039218
4.069438,-0.410596,12.921729,0.076805,0.031789
1.549129,1.186283,7.563472,0.022424,0.063336
2.272424,0.741558,11.005414,-0.110446,-0.248083
2.645149,0.571212,10.316547,-0.217415,-0.029024
2.461182,-0.173489,6.783144,0.130711,0.063533
1.996997,0.332459,7.060368,0.445127,0.07722
3.262316,-0.123044,6.652017,0.081583,0.072862
3.505111,0.084724,9.63187,-0.003396,-0.168544
0.464634,0.376317,11.612402,0.023469,-0.008057
2.729274,-0.020208,6.747518,-0.445687,0.148722
1.059048,-1.134042,13.440251,0.155573,0.03195
1.658102,1.553769,10.276131,-0.222851,0.121151
2.653532,0.18771,6.051316,0.016967,0.246752
3.64043,0.013322,8.865314,0.021432,0.183635
1.712888,0.928819,14.569203,-0.232447,-0.260686
1.378483,-0.438139,7.245233,-0.434081,-0.516591
1.415906,-0.872236,9.8823,0.109032,0.274945
1.659749,0.458497,12.57969,0.067626,0.473867
2.697391,0.064216,7.507937,-0.24972,0.637183
0.914748,0.275876,11.658805,0.28461,0.111961
1.41381,1.030607,7.393725,-0.353149,0.091073
2.320924,0.131576,8.87235,-0.523755,-0.038037
2.527943,1.510509,11.402239,0.118424,-0.154214
1.747915,0.442031,7.492519,-0.237159,0.53256
1.003064,-0.024399,8.301287,-0.091721,-0.024797
1.70705,-0.326022,7.269633,0.250014,0.300576
2.979255,-0.611927,9.310489,-0.412229,0.295657
1.502725,-0.246388,7.584578,-0.188351,-0.138308
3.571872,-0.209564,10.256971,0.106598,-0.388224
3.686983,-0.196392,11.807446,-1.074084,-0.065475
0.921783,-0.412542,10.819501,0.568198,0.484502
1.453627,1.432371,11.026071,-0.039897,-0.120222
3.723507,0.64905,8.467442,-0.112363,-0.259483
2.009721,-0.304167,9.79578,0.232468,0.051438
2.403552,2.093247,8.730445,0.274607,0.609646
2.992577,-0.100291,6.224356,-0.230975,0.451198
2.232009,0.06751,7.541168,0.072429,-0.069742
0.877625,0.656535,7.544611,-0.66063,-0.094233
1.782942,0.584834,11.912977,0.017541,0.110203
0.981808,1.695374,12.99837,0.094429,-0.1512
1.992357,-0.761616,7.860155,0.013219,-0.042105
0.041314,0.867746,12.106973,0.120693,-0.284829
3.219206,-0.152084,10.009535,0.18671,-0.154901
1.966311,0.60115,9.221574,0.052661,-0.067641
2.469115,0.534987,9.463022,0.303256,-0.257059
1.861529,0.353714,9.555829,0.179218,0.105627
3.415448,-0.420625,12.189751,-0.000867,0.018053
3.792663,0.059576,12.02674,-0.143047,0.097981
2.964884,-0.473016,9.076974,-0.026895,0.067133
0.697999,0.594713,12.081077,0.090183,-0.116359
1.685345,-0.517474,10.415042,0.149561,0.102783
3.272645,-0.970133,11.581716,-0.165174,0.338247
3.156336,-0.163011,6.417904,-0.940918,0.201698
2.363585,-0.302072,6.802754,-0.096402,0.146056
1.295706,0.11047,9.536968,0.213918,0.091715
3.989354,-0.020358,10.546618,-0.699852,-0.518264
1.689088,1.103505,7.092401,-0.044668,0.142482
1.44255,1.975592,9.517059,-0.077014,-0.206492
-0.618364,1.023871,12.32028,0.014723,-0.02039
2.67838,-0.315544,6.884184,-0.775666,0.013508
1.29825,0.508642,11.058254,0.273355,0.258573
2.88525,-0.859064,12.49317,-0.243486,0.339923
2.727628,0.796943,10.868449,0.260126,0.099663
1.935026,0.9137,9.074879,-0.127803,0.735813
1.682501,-0.046703,11.171718,-0.165941,-0.550849
2.714006,0.770747,10.715317,-0.309717,-0.063478
2.006877,-0.617915,7.79983,-0.391972,-0.07463
2.604733,-0.061073,8.740624,0.085721,0.059597
1.555266,0.615071,7.560777,0.396598,-0.180396
1.98113,0.517025,12.266991,0.438943,0.170764
3.242407,0.282313,8.560848,0.566213,0.412463
0.098345,-0.239352,10.141411,-0.220127,0.05571
-0.130379,0.429457,10.589579,0.007237,-0.170179
3.867507,0.048499,6.802005,0.34763,0.119215
4.021986,0.214953,12.856465,0.163159,-0.047097
-1.38971,1.700314,14.029725,0.325735,-0.140189
1.10111,-1.273851,10.571766,-0.086749,0.018316
2.075733,0.052391,11.855646,-0.220083,0.066362
3.673361,-0.545166,8.327633,-0.079727,0.336834
2.634372,-0.45685,7.120094,-0.025272,0.218756
3.951633,0.171992,12.871883,0.086167,0.06616
3.482957,0.691712,8.855435,-0.209897,-0.009814
1.341959,1.334325,10.6035,-0.665315,-0.445876
1.988465,-1.201851,8.755144,0.242474,-0.061369
1.469045,0.970881,6.399492,0.244517,-0.114512
3.728596,-0.614921,11.059302,0.19139,0.096718
3.194806,0.391735,12.948523,-0.166234,0.387853
2.455344,0.036075,6.962771,-0.074484,0.134928
2.168091,1.62517,9.86748,0.111292,0.127003
2.061812,-0.14924,11.455229,-0.186239,0.212335
0.07215,0.627794,8.435858,0.187539,0.148299
4.868326,-1.582509,9.699679,0.708595,0.557233
2.268383,0.456401,5.883515,0.231745,0.077918
1.709445,-0.432151,8.192164,0.626469,0.332898
2.081871,1.290766,9.134455,0.173296,-0.143522
-1.944606,1.299298,11.081905,0.24741,-0.08573
0.190554,1.035846,12.774585,0.095928,-0.036438
2.89468,0.082029,8.513247,-0.034884,-0.252371
2.93315,-0.342787,9.196725,0.126719,-0.018178
0.387095,-0.419128,11.75266,0.139137,-0.103065
2.73137,-0.411943,11.709101,-0.159682,-0.193947
3.151995,-0.923729,8.985964,0.511804,0.458665
1.024769,-1.618434,10.464888,0.016596,0.029239
2.57255,-0.174687,9.28115,0.152751,0.080677
1.431623,1.063838,7.019952,0.064788,0.101038
3.542384,0.1681,10.728041,0.022532,-0.21226
-0.287851,0.553549,10.972183,-0.136955,-0.032051
1.210233,0.621059,8.269703,-0.262108,-0.250202
3.311414,-0.39937,12.045601,-0.144935,-0.387965
3.864813,-0.209864,10.280322,0.005628,0.982858
3.074008,-0.117057,11.564801,0.526663,-0.18941
1.563648,1.056653,11.340118,-0.504976,0.272876
2.210304,-0.275577,6.215076,0.077918,-0.028446
1.097817,0.136965,9.504186,-0.069478,0.038928
1.908082,-0.829725,9.383687,-0.17661,-0.083086
2.290537,0.120799,8.090526,-0.068155,0.049916
3.123854,-1.108445,12.78686,0.071365,0.059291
3.046615,-0.495769,9.423803,-0.347102,-0.081809
-2.24069,-0.332908,12.337943,0.229717,-0.023976
3.299139,0.289199,6.762038,0.322864,0.05402
2.643652,-0.314795,12.830868,-0.084009,-0.31299
2.970423,-1.043779,9.379645,-0.220108,0.156036
2.370171,0.329465,12.904964,-0.477605,0.27797
2.69754,-0.052241,7.128626,0.201473,-0.166256
3.50571,0.290396,9.943971,0.043082,0.095006
2.132915,0.936153,6.617589,-0.235281,-0.180857
1.6831,-0.270038,7.371571,-0.147156,-0.183658
1.735042,-0.594414,8.374036,0.303619,0.164578
1.979484,-0.281415,9.317973,0.13189,0.63431
1.164728,-1.249751,11.411669,0.449055,-0.204213
1.760639,-0.586181,7.7904,0.492444,0.081644
1.51964,0.566422,10.938204,0.17157,-0.129759
2.400408,-0.417632,6.586753,0.057265,-0.263521
2.711012,-0.387394,8.991951,-0.162518,0.009599
2.17378,0.765358,7.976014,-0.491806,0.142784
2.147135,0.452808,12.518917,-0.023543,0.347296
1.895359,0.062121,12.734618,0.203279,0.236047
2.758314,0.190105,7.745793,-0.03211,-0.225114
2.975961,-0.136366,7.542066,-0.117212,0.172944
2.512974,0.176633,6.450985,-0.248778,0.160417
2.762655,0.199685,7.202273,-0.213898,0.203659
2.894531,-0.415686,8.270601,0.21733,0.110423
1.266067,-0.686772,9.716594,-0.507977,0.313651
4.100273,-0.323178,9.308842,-0.077247,0.091885
2.753823,0.684976,10.024504,-0.100499,-0.340856
4.875811,0.772843,11.227253,0.074101,-0.026628
2.977907,0.208666,8.74257,-0.24614,-0.614749
1.263522,0.517175,7.644004,-0.87224,0.25293
0.481698,0.709225,9.504186,0.160881,0.00154
3.887715,-0.231269,7.629035,-0.031136,-0.077597
2.744692,0.100741,8.937015,0.015794,-0.118556
2.044898,-0.114362,6.767427,-0.013586,-0.052447
2.668052,0.219743,14.10906,-0.221948,0.058768
2.337689,0.733774,10.058783,0.242604,0.128409
2.009571,-1.070274,11.400742,-0.217204,0.41177
1.164878,-0.123942,9.331146,0.036032,0.122194
1.648372,-0.061821,11.693982,-0.590706,0.375728
1.278342,0.669408,12.706776,-0.058729,0.271081
2.847978,0.687221,6.549181,0.15864,0.054887
2.426304,1.313069,12.91155,0.22046,0.376028
0.565524,0.970582,11.846515,-0.434353,0.095473
3.993695,0.253573,9.008267,-0.084703,-0.180206
1.337618,-0.427212,7.961943,0.323094,-0.26348
1.669927,0.782722,8.668773,0.086991,0.073417
2.22153,-0.323028,8.473429,1.10499,-0.581969
1.786984,0.00943,7.743398,-0.066798,0.265314
2.621648,0.28396,13.220358,0.539172,0.402312
-0.177681,0.627196,13.111834,0.074791,-0.220513
1.947899,0.45191,13.384567,0.134592,-0.142768
1.813329,-0.470472,7.64116,0.216865,0.003475
2.485132,-0.25028,9.623488,-0.331478,0.216024
2.167044,-0.755928,7.466623,-0.094145,-0.116853
3.192112,-0.217947,7.031179,0.125667,0.187439
2.637066,0.568069,11.013647,-0.142317,0.316965
3.238066,-0.014819,6.09742,0.248481,0.068332
1.198258,0.216001,6.6122,-0.139922,-0.075101
1.219364,1.435215,9.212592,-0.066373,0.107772
4.476591,-0.523911,10.67565,0.417144,0.004351
1.153801,1.414558,13.318554,0.013308,-0.167145
3.245401,-0.157922,8.222252,-0.07575,-0.148067
4.985682,0.263602,9.748628,0.308421,-0.037008
2.706222,-0.970432,9.410181,0.151768,0.125785
3.147355,-0.402513,7.14569,0.051172,-0.022873
1.893113,0.286654,7.25646,0.162943,-0.124355
1.058898,-0.703387,11.147319,0.234946,-0.132808
2.269281,0.918041,7.542815,0.016599,0.178674
1.064886,-1.062491,13.547278,-0.152529,-0.17998
3.595373,-0.278122,7.573501,0.028629,-0.301106
2.491569,1.299897,13.92644,-0.322929,-0.259558
2.66386,0.861459,8.581355,0.121953,0.186452
1.29361,1.66364,7.782167,0.122065,0.232459
1.86587,0.38964,6.65082,-0.252136,0.408609
3.735632,-0.191152,10.030491,-0.038876,-0.435522
2.474654,0.03383,5.647456,-0.04121,-0.08134
4.665947,-0.412542,10.720706,-0.211404,-0.422754
4.79438,-0.662073,9.849218,-0.917475,0.286101
3.125201,0.936902,8.974138,-0.139692,0.153272
1.073867,1.181044,13.809533,0.165545,-0.354568
1.6111,-0.515378,10.227632,-0.107967,0.103705
1.232836,-0.168999,10.822944,-0.300871,-0.369387
3.262765,-1.015339,11.145373,0.363398,0.209829
2.405797,-0.892744,11.59399,-0.463705,0.476984
1.290916,-0.63498,9.866283,0.571135,0.216305
2.265389,-0.468077,9.718241,0.145712,0.399538
2.64006,0.310005,8.126152,-0.013922,0.022571
0.726439,0.497116,9.166189,0.213595,-0.251443
2.676734,0.053738,6.59289,-0.110493,-0.13907
2.75068,-0.204924,6.831494,0.139499,-0.205161
1.257236,0.677491,7.893984,-0.057086,-0.383312
3.728297,-0.488584,8.260722,0.019802,0.180803
1.297801,0.504002,11.302546,-0.404153,0.329849
0.936004,0.946931,6.913374,-0.362096,0.326783
1.504671,-0.076641,8.553812,0.004168,0.002059
1.891766,-0.277822,8.025411,0.150594,-0.176979
0.756676,1.295406,13.562547,0.283437,-0.001242
2.997517,0.39428,10.140962,-0.096368,0.243685
2.535128,-1.89491,11.34865,0.352539,-0.158823
1.939816,0.46628,6.704258,-0.643375,-0.408196
3.117717,-0.473016,6.611302,-0.017846,-0.005162
0.934956,-0.107926,13.164524,0.275296,0.130473
2.061363,0.163011,10.25218,-0.043876,0.045754
3.567531,0.545765,11.974349,-0.226266,0.274217
1.528771,0.756377,9.059161,0.12397,-0.080488
0.856219,1.142873,8.017029,-0.109894,0.043835
-0.047152,0.3127,10.599159,0.283341,0.124459
0.657583,-0.243544,12.45979,-0.762178,-0.622486
1.330882,-0.760718,9.769135,-0.843747,-0.087134
1.449436,-0.763562,9.567953,0.234028,0.096745
2.082619,0.005688,6.736591,-0.406687,0.022196
1.170715,0.890648,6.966962,0.247348,0.091688
1.880539,0.537682,7.311246,0.202358,0.121801
1.877396,0.218396,8.559949,0.206801,0.075888
1.797462,-0.962049,9.722731,0.189909,-0.112708
3.07745,0.368833,9.394763,-0.110109,0.00434
2.549199,-0.18262,9.549841,-0.297997,0.032304
0.292492,0.566422,11.668236,-0.250124,0.19239
2.371818,0.633483,8.42508,0.019793,-0.494142
3.546425,0.020807,9.669891,0.341365,-0.004588
1.786984,-0.479303,7.978259,-0.337212,0.272553
1.264121,-1.950743,9.775871,-0.064009,0.020829
1.128952,0.998723,8.351134,-0.079354,0.345757
2.037563,-0.130978,8.293354,0.046261,0.024836
2.579137,-0.103734,8.15085,0.099942,-0.079635
2.002536,-0.396226,7.952962,0.046457,-0.14363
2.483785,-0.039368,6.230943,-0.165399,0.295665
0.135618,0.720152,13.855487,0.22187,0.085822
1.94775,-0.153581,8.52103,0.188129,0.194038
2.549498,-0.290845,6.525979,0.082085,-0.118948
3.278333,0.399968,11.44969,-0.166553,-0.492885
1.189427,-0.307012,10.977871,-0.068434,0.162937
0.556094,-0.026645,7.424561,0.330406,-0.093191
2.793641,0.075742,7.143595,0.237169,-0.023343
2.360142,-0.132924,7.081025,0.12032,0.146053
1.647025,0.864752,9.852212,-0.414562,-0.375944
1.592389,-1.107996,9.166638,0.805761,0.402202
1.222508,-0.540975,10.26685,-0.181754,-0.173801
1.028362,-1.271157,9.854158,0.217101,0.022662
3.57292,-0.27887,12.578343,-0.324849,-0.142032
2.940785,0.228425,7.244036,-0.619273,-0.62828
2.75562,-0.050146,6.148614,-0.422439,-0.136015
1.215772,-0.812211,9.744885,0.081176,-0.34081
3.703748,-0.425415,8.320597,0.049963,0.014968
1.208287,0.84619,7.367679,0.286456,0.005486
1.345851,-0.372276,10.148446,-0.443915,0.217413
1.849853,0.087269,7.104526,-0.22124,-0.166429
1.256337,-0.213456,11.195968,0.021061,0.042563
1.506018,0.020956,6.07841,0.240842,-0.032764
2.686314,-0.958906,12.238699,-0.163993,-0.0407
3.651058,0.027692,10.44004,-0.353653,0.371218
1.522334,0.208666,7.844587,0.05846,0.132811
2.069746,-0.176333,9.490265,0.168337,-0.015495
1.387764,-0.799338,10.243648,-0.47238,-0.533283
2.984494,1.242117,11.65162,0.124808,-0.353617
1.251248,0.790207,11.957584,-0.436305,-0.19672
3.08703,0.204475,8.915311,-0.755585,-0.571112
4.078718,-0.28351,11.036849,-0.014783,0.333527
1.852398,1.015488,11.073672,0.020711,-0.03132
-0.165855,-0.378712,11.254496,-0.220463,-0.117292
4.242627,0.423769,9.144185,0.22489,0.468851
3.391198,0.441731,14.913487,0.376894,-0.140046
0.414787,2.046694,10.022109,-0.605834,-0.216178
1.686842,-0.465831,12.309353,0.158768,-0.037673
1.647324,0.699346,9.089848,-0.084985,0.219466
3.297493,0.123793,9.312734,0.249381,-0.131258
0.20657,0.623903,12.016561,0.06532,-0.037531
0.893193,0.096549,7.234007,-0.448513,-0.144665
3.063829,0.002245,8.626711,0.018896,-0.311533
2.547852,-0.650996,7.790699,-0.108502,0.146829
0.770448,0.583487,8.92998,-0.172661,-0.264445
1.680855,0.209265,7.491022,0.390593,-0.020852
2.846032,0.699495,8.234826,0.20602,-0.060326
0.429906,0.118853,7.954758,-0.129309,0.342249
2.522854,-0.941093,9.955048,0.169831,0.115074
1.810485,-0.586929,9.712104,0.127516,0.08166
3.499872,-0.398771,7.269333,0.044423,0.00459
4.786297,-1.669927,10.010583,-0.018965,0.014995
3.528013,-0.056283,8.92055,-0.279349,-0.326644
2.021696,-0.015418,8.434959,-0.159479,0.341358
3.129991,0.302371,11.414663,0.180059,0.583
2.880759,-0.047002,6.48691,0.107559,-0.124168
2.968178,-0.318837,8.088131,0.123955,-0.067591
2.462379,-0.503104,9.454938,0.319687,0.221591
3.057093,-0.176333,7.175628,0.055721,0.077155
3.175197,-0.667013,10.815759,0.169033,0.323468
4.065995,-0.677641,12.073144,-1.039337,-0.368083
1.169518,-0.565823,9.762249,0.042127,0.166437
3.970493,0.043559,10.30517,-0.04136,-0.521873
2.152224,-0.156125,10.106234,0.211595,0.237488
2.372117,-0.447719,6.107749,0.174149,0.165896
2.267784,1.364712,7.445517,-0.132694,-0.044358
3.887416,0.183818,7.082073,-0.12211,-0.239408
2.349664,0.149539,6.495293,0.244046,0.00687
3.314557,0.169448,7.972721,0.484688,-0.173588
0.995879,-1.01474,10.82489,0.018864,0.238507
2.492018,-0.249082,9.326505,-0.053047,0.0126
2.500999,-0.342039,6.688541,0.19997,-0.172637
2.364333,0.296384,5.916147,-0.037886,0.112854
1.934278,-0.204624,7.786957,0.012708,-0.209585
0.693807,0.178579,7.184011,0.060516,0.313526
1.906885,0.661474,8.943153,-0.716909,0.051895
2.886747,-0.41838,8.487051,0.107404,-0.1841
1.359473,0.078437,6.882089,0.213881,0.048179
1.792822,0.037272,7.131171,0.172288,0.092754
2.824476,-0.002844,7.087761,-0.200891,0.27347
4.0392,0.16825,10.388846,0.24751,-0.00332
1.304088,1.028661,10.47342,0.077942,0.0305
1.174308,-0.601,7.770791,-0.209259,-0.071386
3.490591,0.387095,11.174562,-0.199386,0.105894
0.690364,-0.613724,10.073003,-0.355053,-0.05367
2.575993,-0.115859,12.018807,0.27653,0.823012
2.947521,-1.228346,12.276571,0.496149,0.010117
1.130449,0.37048,9.974807,-0.231318,0.187448
1.593885,-0.573008,6.591393,0.171994,0.063958
2.703827,-0.393681,10.808274,0.093681,-0.035163
4.661007,-0.392184,7.896679,0.19247,-0.197192
2.47675,-0.302371,6.753057,0.189837,0.104019
-4.386029,1.007405,14.851815,0.01461,-0.060122
2.198628,-0.214953,7.209158,-0.504422,-0.063808
2.881957,-0.030536,6.413413,-0.559315,0.376692
2.098786,-0.029189,7.571854,0.046827,0.044121
2.516118,-1.237177,9.593101,-0.079009,0.006975
3.186424,-0.819396,12.462035,-0.012905,-0.111953
2.968327,0.068408,6.243067,-0.002581,0.087421
2.116,1.379831,11.535761,-0.104794,0.018479
4.308191,0.189805,9.804012,0.13262,-0.009582
1.804498,0.495619,6.805598,0.111064,-0.229791
1.737287,-0.415087,7.646699,0.626904,-0.07852
0.197439,-0.305215,12.966935,0.134495,-0.026787
0.977018,0.541274,13.131443,-0.016414,0.379222
0.991688,0.808169,6.527925,-0.936489,0.030404
2.917433,-0.370779,13.174853,-0.408328,-0.361543
2.465224,-0.363145,9.605675,-0.224687,-0.066725
0.271086,0.578996,9.816287,-0.06146,-0.166297
1.971999,-0.254171,9.375304,-0.431973,-0.068337
1.988764,0.283361,11.208542,-0.045149,-0.31717
1.482816,0.353116,11.761791,0.15363,-0.19699
2.254162,-0.35087,11.036699,0.185765,0.050183
0.355511,0.680186,8.266111,-0.247431,0.349997
2.903662,0.389789,6.593638,-0.366991,0.368885
1.890569,0.037572,11.636951,0.594318,0.090935
2.434687,-0.309257,10.023606,-0.522195,-0.346504
2.897974,-0.6974,13.126054,-0.525849,0.221428
1.511257,0.434995,6.922804,0.053744,0.154078
4.683311,-0.780477,11.919563,0.064357,0.044959
1.097817,0.49053,9.271121,-0.117234,-0.156713
1.965563,-0.335901,8.982221,0.199108,-0.016217
3.487148,-0.734373,8.038284,0.214098,-0.627049
3.384761,0.233963,6.212082,0.277508,-0.033052
1.062491,-0.679736,12.996274,-0.000982,-0.101299
2.381098,-0.193847,6.566844,0.247146,-0.087426
1.718277,0.102088,6.816226,-0.185382,-0.016056
1.720971,0.110171,6.747668,-0.968193,0.16523
1.662144,0.974174,8.423583,-0.453093,-0.270849
4.249663,0.843047,10.843451,0.29919,0.160597
0.846939,-0.67345,9.913285,-0.086425,0.313394
2.260898,0.523461,8.860075,0.037475,-0.014711
0.919089,0.098196,11.302397,0.245495,-0.012737
0.433349,2.79379,11.336526,0.157004,0.119799
0.574805,-1.257385,10.350227,-0.057392,0.086348
3.51993,-0.152233,10.029893,-0.106365,-0.212196
3.185376,0.411644,7.74205,0.265566,0.479963
3.225193,0.329914,9.824669,-0.123551,-0.240357
1.715433,0.308508,7.66032,0.155044,-0.013308
1.886078,-0.044757,7.302415,0.359376,0.352303
2.176474,-0.277074,8.181536,0.04657,-0.036257
2.267335,0.46628,6.545738,0.250182,-0.097843
3.912713,-0.210762,9.062604,-0.190879,-0.001078
1.359922,-0.617316,11.026969,0.32712,0.011347
0.810564,0.600102,5.979166,0.227065,0.291894
3.104843,-0.382006,7.92003,0.049851,-0.448098
3.69297,-0.155976,11.04089,-0.983277,-0.416078
1.002914,0.789758,8.835676,-0.359437,0.159953
0.372725,0.421973,8.054301,0.175045,0.200174
3.573519,0.060025,12.119847,0.242414,-0.126557
1.039888,0.660127,9.421109,0.036112,0.539067
0.628393,-0.15852,12.624597,-0.352683,0.016847
3.403023,0.771346,12.38255,-0.358745,0.460432
1.156196,-0.631686,9.703571,-0.208667,-0.110374
4.836592,0.478405,10.144105,0.165432,-0.165763
1.359623,0.206121,7.726183,0.081876,0.242408
2.507585,0.540975,13.429174,-0.202153,-0.413277
3.013234,-0.762065,7.085216,0.299841,-0.254394
1.514101,-0.236508,7.632628,0.135275,-0.183619
3.494783,-0.319136,8.132738,0.06982,0.13931
1.63969,-0.109273,6.781348,-0.075118,-0.277276
0.847238,-0.659828,9.934541,0.00291,0.046252
1.792073,-0.798589,9.619746,0.004224,0.00565
1.775159,1.127605,11.454331,-0.609732,-0.241765
1.248703,0.938399,13.150304,0.40844,-0.178445
1.797462,-0.624352,8.581954,0.364868,0.451008
2.401007,-0.551753,7.041956,-0.275927,-0.651478
2.840493,0.402962,8.639883,-0.41037,0.199219
2.62569,1.406475,12.760215,-0.33645,-0.007269
2.32751,-0.338147,7.9347,0.349194,-0.517594
1.51485,1.207539,7.672744,-0.050061,-0.182868
0.609083,1.059048,11.248359,-0.043557,0.138636
1.571732,-0.818947,10.878179,0.589761,-0.334904
1.884431,-0.220791,6.480324,-0.334941,0.195085
2.595602,0.205223,7.069948,0.085431,-0.328059
2.640808,-0.823737,9.414223,-0.339726,0.210203
-0.891097,1.239722,13.066179,-0.08051,-0.041873
0.549058,0.215103,10.627001,-0.189515,0.227676
2.743345,-0.666264,6.55442,0.073969,-0.321094
2.525698,0.492775,11.323503,0.078123,0.058455
1.75525,0.247735,11.128309,0.055127,0.221196
2.419568,0.372575,6.753356,0.063235,-0.032077
1.364562,-1.180445,9.059012,0.795861,0.35019
1.217867,-0.496967,9.714349,0.421502,-0.30815
2.009122,-0.022453,12.893737,-0.160073,0.498339
0.266895,0.737816,13.024416,-0.189545,-0.306416
2.70278,-0.470023,7.345974,0.454817,-0.051075
2.768194,0.051493,7.146289,0.320602,-0.065085
2.283951,-0.295635,7.400311,0.354756,0.147871
2.055376,0.313149,13.564043,-0.511402,-0.497333
1.974694,0.307311,11.304642,0.063241,0.369197
0.755629,0.698897,11.979289,-0.296108,-0.141313
1.440754,-0.549208,7.460785,0.178674,0.479303
2.508484,-0.304018,7.863448,0.095754,0.190896
2.79873,-0.524958,10.341994,-0.280324,0.210041
2.141597,-1.123264,11.304492,0.152919,0.102829
2.4766,0.078287,7.844437,0.311736,-0.318761
2.031875,0.47137,8.669222,-0.259564,0.453066
0.34638,0.756976,10.334509,-0.106379,0.06943
2.704725,-0.966241,11.087593,0.137362,-0.027829
3.020718,-1.614992,9.63711,-0.097292,0.175138
0.782124,0.472118,8.513845,-0.326871,0.251459
2.299967,1.129551,8.849148,-0.122668,0.402629
1.061293,-0.3365,7.324269,0.376146,-0.310486
1.487008,0.561931,7.386091,0.09593,-0.043472
2.07723,-0.877176,9.609866,0.286789,-0.42808
2.58213,-1.104852,12.970827,0.087217,-0.286206
1.422492,0.785716,8.885522,-0.779409,-0.228969
2.800676,-0.387843,7.649543,0.495148,-0.119339
0.63977,0.115111,11.332035,0.169059,0.295931
3.79895,0.242346,9.588012,-0.175108,0.291787
2.184857,-0.355511,6.916966,-0.014976,-0.087794
4.027974,-0.304167,11.631113,-0.04554,-0.048736
1.915417,-0.286654,7.28056,0.153752,0.261372
1.159938,-0.255968,9.909842,-0.270419,0.254053
1.234184,-0.959355,7.836953,0.379275,0.285857
3.247646,0.759521,8.111482,0.213232,-0.136477
1.381627,-1.416504,8.727451,0.011965,0.004151
2.384092,-0.418679,13.136832,0.154392,0.374885
1.390309,0.508792,6.517148,0.176641,-0.034998
0.893193,-0.925076,10.564132,-0.698326,-0.238892
1.261427,0.525856,9.817185,0.415938,-0.180355
1.92844,-0.036374,8.788674,-0.062391,0.032799
2.915188,0.156724,8.312963,0.216182,-0.03866
1.78429,0.434696,10.39648,0.092509,0.230803
1.527573,0.843496,6.143075,0.313693,-0.180618
3.299588,-0.449216,9.604028,-0.834704,-0.450387
1.266516,1.031355,13.084141,-0.257768,0.431628
1.246009,1.05336,10.381512,-0.686106,0.153156
3.698359,0.250878,10.35831,-0.039368,0.579044
2.244582,0.568817,12.864249,-0.147569,-0.320944
2.217339,-1.693279,10.20892,0.523846,0.316446
1.713936,-0.686023,6.772217,-0.503839,-0.263333
1.824406,-0.756377,6.18394,-0.218391,-0.003647
2.017954,-1.406775,9.26648,-0.576819,-0.445325
3.160228,-0.138462,6.753506,0.373348,0.174302
3.639981,-0.348775,11.678415,0.383334,0.043766
1.91886,0.299976,13.317955,0.112776,0.254067
2.172881,0.641566,7.800579,-0.434036,0.026721
1.111888,0.23576,11.788436,-0.413065,0.277202
1.80809,0.383053,6.594088,0.006905,0.051871
1.398691,1.629811,9.105266,0.027694,-0.170022
1.26966,-0.707579,9.087453,-0.014275,0.07353
4.167633,-0.443977,10.480905,0.395172,-0.029066
3.441493,-0.352367,6.758296,0.08917,-0.015129
2.320924,0.485291,6.76144,-0.776973,-0.173458
3.31321,-0.052391,9.386231,-0.190452,0.046834
3.442392,0.262853,11.030262,0.121069,0.235811
3.167862,-0.287552,8.815618,0.605169,-0.043037
1.089135,-1.353785,10.116263,0.272641,0.530003
3.320246,-0.215701,11.658057,-0.08767,-0.153731
0.848136,-0.816702,8.384814,-0.466636,0.37681
2.560426,-0.26465,7.567813,0.055126,0.041043
3.335663,-0.731828,11.091036,-0.355437,0.052052
4.224066,-0.955762,12.989239,0.051663,-0.33733
1.96212,-0.069755,8.655301,-0.790426,-0.474119
-0.44233,0.833018,12.453353,0.066462,-0.235973
1.452879,-0.311203,9.612411,-0.254739,-0.005301
2.065106,-0.164508,6.728658,0.348803,0.212703
2.093696,-0.155078,7.505392,0.121686,0.338179
4.160748,-0.692909,7.544162,-0.803499,0.096073
2.690954,-0.391436,8.687185,0.249374,0.37362
1.916914,-0.177082,13.015734,-0.054664,0.354902
1.392704,0.529599,7.335047,-0.046402,-0.142369
1.900149,-0.954415,9.510772,0.013633,0.046552
3.57307,-1.039438,11.448193,0.107869,0.023856
4.154161,-0.020807,7.753127,0.200326,-0.234613
1.524131,-0.720751,9.928553,0.048704,0.063471
2.107467,0.779729,12.927118,-0.839608,-0.474672
3.242707,-0.397424,8.329429,0.093881,0.009921
3.023562,0.47586,12.135414,-0.545845,-0.081585
2.650388,-0.047302,6.866222,0.434848,0.001056
0.866698,-0.002395,9.298813,0.103649,-0.167398
2.017355,-0.579744,11.06978,-0.006776,0.288366
1.109343,-0.51942,11.548185,0.043296,-0.091895
2.487827,-0.182471,8.911718,-0.484939,0.28889
1.641487,0.251776,11.953093,-0.661695,-0.001242
0.803379,0.229622,10.968591,-0.48577,0.16673
0.915347,-0.399819,9.830507,-0.190722,-0.014253
2.897076,0.242645,7.61736,-0.025659,0.146985
1.966311,-0.343087,9.178014,0.14845,0.033441
1.939517,0.138163,7.551946,-0.262959,-0.012281
1.079106,-1.301543,11.353889,0.127104,0.06881
1.285676,0.42796,9.337732,-0.205945,-0.046105
3.761378,0.518522,12.143647,-0.992658,-0.500669
-0.475112,0.61088,14.172827,0.073822,-0.303488
2.209705,-0.736618,9.935739,-0.925916,-0.154472
3.050207,-0.406405,6.762038,-0.117351,0.001243
1.631008,1.438209,8.318651,0.069665,0.171254
0.649948,0.429607,10.66607,0.073542,-0.251324
1.797462,1.382076,6.287675,-0.209804,-0.263267
1.054557,-1.045576,10.982362,-0.044338,-0.026901
3.321593,1.061592,11.284733,-0.461612,0.598335
3.469335,-0.623154,11.282189,-0.227243,-0.148643
1.82725,-0.139959,7.234007,-0.080951,-0.173793
2.747836,0.353116,12.078982,-0.193515,-0.223746
2.267485,-0.80787,8.723559,-0.643576,-0.007049
2.604135,1.00007,9.097631,0.00609,0.173629
3.749553,-0.242346,7.91524,-0.060293,0.048872
3.193908,-1.157992,12.188105,0.385054,-0.287359
0.930166,-0.677641,11.737841,0.210505,-0.445242
1.280886,-0.997975,12.51742,0.162158,0.194986
1.302292,0.674797,7.611073,-0.055583,-0.070606
1.158591,-1.490151,13.962664,0.166869,-0.062599
1.054707,0.337847,13.191319,0.090135,-0.262623
2.850971,-1.040935,8.803044,0.048226,-0.020914
3.088527,-0.870141,11.9742,0.191789,-0.096455
0.322729,0.511786,11.674672,0.200634,-0.078822
1.531166,-0.659978,10.180929,0.043831,-0.038002
3.995641,-0.549358,9.070089,0.040168,-0.20508
2.33709,0.486788,8.413554,-0.033198,-0.018521
1.857637,0.116458,12.579241,-0.168236,0.324594
2.817591,-0.323777,8.539742,0.334583,-0.007836
3.174449,-1.691932,11.639795,0.101645,-0.200695
2.173929,-0.623903,11.586655,0.072635,-0.036048
2.234104,0.03862,12.284055,-0.113002,-0.17997
3.746709,0.103285,10.813214,-0.111583,-0.235982
2.315984,-0.782872,6.721173,0.084017,-0.128051
1.629811,-0.129181,7.327862,0.004857,-0.123814
0.787063,0.501607,8.496032,0.053576,-0.120743
1.305735,-0.848136,9.743688,0.022356,0.078235
3.273094,-0.585582,11.564202,-0.170741,0.359296
1.850302,0.227227,9.330846,-0.135473,0.043672
0.191901,1.74088,10.929821,-0.320077,0.513848
4.373306,-0.018561,9.549991,-0.012247,-0.075645
2.409539,0.053439,9.187145,-0.482539,-0.072703
3.454666,0.446671,8.402028,0.035485,0.107581
3.203937,0.075593,7.291338,0.309956,0.133453
1.615441,-0.734073,9.29073,0.02107,-0.1949
3.25064,0.225431,7.418723,0.256754,0.109055
2.700085,0.078138,9.655671,-0.132109,0.158379
2.657574,0.255968,12.741953,0.024116,0.479954
2.381098,-0.315843,6.424041,0.012813,-0.285564
2.080074,0.527204,10.532547,-0.045961,0.042628
1.373394,-0.702339,7.914342,0.233761,-0.267233
1.755849,-0.195793,7.690857,0.144695,-0.076177
2.864144,-0.339793,8.286169,-0.133658,-0.012517
2.652484,-0.660427,8.696466,-0.306218,0.367475
3.809578,-0.126038,8.109686,-0.191061,-0.208292
3.459755,0.081431,11.923156,-0.609858,0.337207
4.158652,0.384101,12.022399,-0.056076,0.024802
3.896547,-0.732277,11.269914,-0.099421,0.159318
3.709586,-0.09595,6.939719,-0.024211,0.224291
2.14474,0.472717,7.020102,-0.250631,0.103055
1.712289,-0.70713,9.887239,-0.025646,-0.070057
2.039509,-0.039518,11.892769,-1.000822,0.153278
2.854714,0.599204,5.834118,0.041359,-0.084985
3.686684,-0.007035,10.787617,-0.0723,-0.111099
2.885549,-0.213306,8.094867,0.11336,0.073815
2.718647,0.506397,13.024865,0.008801,-0.069296
-0.595761,1.465303,13.578414,0.170514,-0.108016
3.033292,0.023202,7.983648,0.243476,-0.119896
0.639171,0.00973,7.099287,0.549194,0.150165
2.133214,0.098795,10.469529,-0.049453,-0.02326
0.2166,0.494572,13.247751,0.025211,0.193298
1.896257,0.017663,6.38153,-0.303933,0.068393
3.37563,-1.083447,11.20959,-0.560439,-0.277856
3.126399,0.087568,7.532336,0.194772,0.095909
3.268753,0.868344,12.855417,-0.009347,0.150061
2.55848,0.940794,11.789035,-0.318076,0.363822
1.547332,0.252974,7.862699,0.209733,0.359124
0.498463,-0.690065,11.984977,0.194698,-0.532665
2.225273,1.196312,8.851842,-0.034687,0.087876
3.782933,0.045206,6.980434,0.145772,-0.074266
2.196832,-0.755629,7.816446,-0.080302,-0.180336
1.788481,-0.236658,6.388266,-0.39084,-0.233405
3.586991,-0.353415,11.947705,0.164942,0.029631
1.391955,0.266446,13.706547,-0.197367,0.191873
0.585433,-1.296454,8.834329,0.071446,-0.237054
1.445993,-0.264799,7.228468,0.295895,-0.104336
2.987038,-0.343386,11.256143,0.003582,-0.390635
2.002087,-0.885409,8.440947,0.276616,-0.363638
0.311502,-0.266296,7.479347,0.303058,-0.180228
2.514471,0.629291,7.765102,0.146086,0.803052
2.730472,-1.012794,9.582323,0.025432,0.059872
1.297053,-1.635798,9.620644,0.162485,0.059537
3.144361,-0.65878,11.117681,-0.040527,0.183308
0.859962,-0.37991,12.310999,0.083514,-0.15109
1.675616,1.843566,12.722194,0.009921,0.406429
1.683549,-0.065414,6.343509,-0.386469,0.03623
2.018253,0.149838,12.686868,-0.527265,0.064158
3.05829,-1.494193,9.488918,0.505479,0.640082
1.667682,0.962648,10.106533,0.038184,0.279839
2.604434,0.357906,12.160712,-0.061973,0.299688
0.757275,-0.313298,9.053623,0.084015,-0.140915
1.523532,0.376018,6.637348,0.145091,-0.30118
2.628534,-1.043929,9.793834,-0.098967,0.064274
1.829046,0.033231,7.212152,0.08091,0.15639
0.496817,0.269739,10.280771,-0.263538,-0.106339
3.159031,0.059726,9.414373,-0.116862,-0.474211
3.504961,0.111967,12.159364,-0.135629,-0.167811
-0.060624,0.892444,11.133847,0.012224,-0.003363
2.596501,-0.980162,9.501791,-0.329117,-0.295345
1.204545,1.438209,9.50224,0.086605,0.626993
1.528472,0.540676,9.158704,0.165617,0.092709
1.089135,-1.127306,11.299702,0.151713,-0.155916
2.882256,0.020358,7.141799,0.13626,-0.114348
2.187701,-0.755778,10.650352,-0.981899,-0.331561
0.815055,0.615221,10.102791,0.157511,0.077002
1.364263,-0.208217,8.370743,0.223003,-0.108391
2.619702,-0.336949,6.10236,-0.443447,0.179019
1.944606,-0.103136,11.587703,0.430933,-0.505502
2.852319,0.706531,9.591305,-0.347769,0.357429
2.32287,0.161364,13.637391,-0.174962,0.35842
3.720064,0.697999,7.979756,-0.23027,0.067379
2.398013,-0.510888,11.288026,-0.621609,0.223985
1.237776,0.067659,6.187533,0.250804,-0.047551
1.871109,-0.680934,6.08305,0.308262,0.32586
3.40482,-0.260458,12.130475,0.727372,-0.163865
0.486788,0.813109,12.285103,-0.033598,-0.207701
1.805246,0.521665,11.559711,-0.90231,-0.162471
2.1157,-0.115709,11.290871,0.118069,-0.031946
1.254841,-2.616259,11.74817,0.139595,0.358625
1.536555,-0.008083,11.19013,0.10487,-0.111783
1.887575,0.122146,6.463409,0.35247,-0.017315
2.037563,1.139281,9.028775,-0.042074,-0.169496
1.539249,-0.811013,9.355545,-0.009553,0.016649
1.267414,-0.574954,7.417076,-0.269948,-0.057584
2.727628,1.588946,9.888587,-0.282442,-0.455052
3.175197,-0.285905,10.547516,-0.190625,-0.221761
-0.19235,1.147514,12.918286,0.109245,-0.168169
2.660717,-0.710572,8.00685,0.045741,0.089845
3.846551,-0.233514,7.15048,-0.053598,-0.007768
3.22684,-0.256417,8.813372,-0.323134,0.237744
3.318599,0.524958,7.536827,0.157843,0.004151
0.804128,-1.306333,10.120305,0.015632,0.007941
3.270699,-0.759371,11.869268,-0.012647,0.284916
2.47151,0.241747,8.272098,-0.336877,0.327018
3.701353,-0.463137,11.886482,0.091923,0.034771
0.767903,0.688269,7.080576,-0.373324,0.068993
-0.653541,0.04311,11.60372,-0.000213,0.101211
3.945944,0.174387,8.262668,0.185773,0.06452
1.576522,-0.151485,7.478299,0.591358,0.682607
2.573149,-0.719254,11.644136,-0.041806,-0.11087
3.27474,-0.231419,6.043233,0.051026,-0.024286
3.793861,-1.07252,11.93558,0.240642,0.085055
1.749562,0.768801,7.595804,0.170506,-0.030145
1.541345,0.656535,13.263618,-0.081747,0.235935
3.430566,0.162562,8.634045,-0.035155,-0.136657
2.459236,0.327519,7.478898,0.015027,-0.181531
1.451981,0.657133,7.517667,0.287534,0.186664
1.195714,0.995879,9.982441,-0.278006,-0.013333
1.660497,1.16353,8.499326,-0.086829,-0.206356
3.069816,0.042212,10.852582,0.388301,-0.034742
1.808689,0.295935,8.017029,0.123787,0.142283
1.016386,1.073118,8.092172,0.176283,-0.086106
1.506018,-0.017514,6.611152,0.371842,-0.209876
3.022664,0.170645,8.246501,0.236997,-0.116811
1.297801,-0.565374,9.009165,-0.013601,0.004574
3.366799,-1.106649,11.314222,0.058706,0.119656
1.981579,-0.482746,8.575816,0.664976,0.237565
1.265468,1.36561,8.668025,-0.016823,0.004278
2.074237,0.20687,13.611495,-0.153444,-0.188937
2.972519,-0.276924,10.897938,-0.302991,0.087549
1.285527,1.487307,6.86712,-0.011684,-0.019867
0.362845,1.667532,8.23737,0.137693,-0.200119
3.266657,0.133223,10.058932,0.413046,-0.043733
3.090473,-0.402363,7.002738,0.022994,0.091275
3.635789,-0.071102,10.544822,-0.256911,-0.017426
0.788111,0.84649,13.143717,-0.112853,0.686466
3.47173,0.501607,7.835606,-0.437259,0.288592
2.140249,0.335901,11.925102,-0.177963,0.379912
3.091821,-0.189207,6.430328,0.064008,-0.393076
1.138383,-0.829126,9.948761,-0.567012,0.377557
0.482447,0.863854,10.651101,0.073531,-0.381092
1.585802,-0.881367,9.040151,0.041782,-0.143362
2.932552,-0.063318,7.873477,-0.033283,0.023269
2.338288,-0.487985,9.775123,-0.479171,-0.580662
2.729424,1.445095,7.48743,0.37125,-0.081799
1.994153,0.03862,6.790479,0.78925,0.161847
2.864144,0.019609,9.391919,-0.612008,-0.230184
2.278113,-0.411494,11.92091,0.290346,0.000519
3.156336,-0.126637,6.590794,0.292481,0.021168
0.243993,0.539778,9.167237,0.301201,-0.102127
2.076482,0.558938,12.729379,-0.155106,0.368747
2.632426,-0.633183,9.031469,-0.610195,0.234462
2.281705,-0.017364,7.88171,-0.157503,-0.057807
-1.801504,1.754951,9.80042,-0.553676,-0.156615
2.670596,-0.124391,7.046447,0.064505,-0.295888
3.98187,-1.387016,11.019335,0.578603,0.572412
2.336192,0.186362,13.282928,0.230786,-0.039238
1.855541,-0.891546,7.614965,0.101114,0.128176
1.01938,1.661994,9.042845,-0.115677,0.143005
2.307003,-0.369881,7.588919,0.05846,-0.143273
2.622397,-1.189726,11.469,-1.240274,0.316136
2.671944,0.170046,6.744824,0.030553,0.254624
2.796784,-1.173859,9.2569,0.03554,0.399698
1.676813,0.648152,8.851094,0.12831,-0.338505
0.824036,-1.107247,12.659025,0.119793,0.136736
1.258732,-0.140109,13.434263,0.014268,-0.023277
2.857857,-0.313149,7.307354,0.03503,0.409121
1.886976,0.017813,7.517368,0.565735,0.007631
2.415078,-0.722248,8.79526,-0.618592,-0.173712
4.336183,0.381407,11.510015,-0.123081,0.01725
1.977987,0.290396,10.320588,-0.26088,-0.048499
3.580854,0.042063,12.28196,0.174005,-0.633242
1.85614,0.859213,9.445209,-0.186903,0.140246
1.867966,-0.284708,9.247769,0.059989,-0.074855
0.226928,-1.13,11.142379,0.082306,-0.231421
1.712289,-0.097298,7.707323,0.272946,0.041937
1.2264,1.315015,12.494068,0.054458,-0.071775
1.270109,0.719254,12.08931,-0.008992,0.044672
3.014132,-0.87987,10.074051,-0.111329,0.093803
2.651436,0.863554,12.016112,-0.007571,0.092995
2.4043,-0.141905,7.466324,-0.08524,0.139077
3.392096,-0.171244,7.571106,0.316772,0.039213
-0.460592,1.376537,13.232932,0.012405,0.086505
1.015339,-0.574356,12.797787,0.829793,0.107616
3.97229,-0.024399,10.674303,0.17296,-0.00677
1.780996,0.719404,7.939041,-0.241877,0.26333
3.370242,0.991388,8.427325,0.023415,-0.143233
4.123625,-0.147892,10.823093,0.036968,-0.091146
2.729424,-0.991987,11.324251,0.062344,0.234858
3.90942,0.032333,9.309142,0.19862,0.156613
0.67824,0.159418,7.906409,0.484187,0.151554
1.317261,-0.397723,11.322904,-0.014813,-0.053051
3.16891,-0.682132,11.08909,-0.372874,0.053008
1.854194,-0.454904,12.803625,0.201246,-0.341002
4.13575,0.104034,11.211835,-0.440647,0.102273
2.121389,0.171244,6.649921,0.027175,0.265779
1.534908,-0.578996,11.74293,0.103564,0.721494
1.805994,0.950673,12.3586,0.639366,0.109255
3.22175,0.114063,7.280859,-0.242674,0.244181
1.923051,-0.619113,8.100106,0.178663,-0.280939
2.451153,0.512684,7.441475,-0.199966,0.05627
1.927242,1.219364,7.561077,0.057364,0.550699
1.886527,0.375569,12.986395,0.366268,-0.403911
2.740651,-0.071402,8.596773,0.1631,-0.143347
2.78436,0.340991,13.802947,-0.061955,0.387834
1.148861,0.90397,7.816446,0.060184,0.245405
2.608775,-0.270338,7.135961,-0.292942,0.360339
3.286266,0.462838,11.193423,0.185519,-0.106025
3.449427,-0.469574,11.091335,0.144595,-0.374895
3.336562,-0.168849,7.207213,0.336394,0.555857
2.613864,0.942141,8.534802,-0.012167,0.260231
1.988615,-0.242346,7.028035,0.493098,0.589876
1.412912,-0.806223,9.579479,0.382279,-0.272716
2.758164,0.416733,7.282955,-0.330752,0.175184
0.785716,0.171693,12.740456,0.593792,-0.166551
3.201093,0.890798,11.674822,0.160547,0.977844
2.32257,-0.14909,10.188413,0.160196,0.067418
2.184707,0.460293,11.977044,0.275844,-0.218721
0.931363,1.272055,8.576266,-0.102175,-0.199543
2.339934,-0.056732,9.139844,-0.257588,0.12756
2.0196,0.220042,7.743847,-0.108015,0.212921
2.403851,0.158071,11.905492,-0.659785,-0.144551
2.163601,-0.59142,6.762038,0.056045,-0.140368
0.143102,1.592838,13.538297,-0.039813,-0.02003
3.799249,-0.571811,11.096874,0.038124,0.224973
3.132686,0.041763,8.14636,0.365615,-0.236076
1.689986,-0.601599,9.854008,0.125906,0.070683
3.144062,-0.158221,7.475455,-0.245815,-0.447167
3.35168,-0.011975,9.015003,0.333413,-0.346624
1.852548,0.127684,9.192684,0.216035,0.076804
0.475411,0.642614,12.623849,0.1378,0.013415
1.366209,1.553769,10.761571,0.44991,-0.291057
-0.309407,-1.286724,9.662706,0.007955,0.016526
4.734505,0.285456,10.78642,-0.143634,-0.01057
4.227808,0.107027,8.200247,0.166974,-0.244632
0.911604,-1.118624,11.423644,0.127309,0.148661
3.432961,-0.526755,7.019802,0.239712,-0.149415
5.298532,-1.707799,10.118808,0.619798,0.656679
1.740131,-0.459095,6.389164,-0.025813,-0.10689
2.452201,2.198927,11.30539,-0.738863,0.041565
1.334026,-0.373773,9.764345,-0.218088,0.014747
2.199376,0.041164,7.372169,0.382615,-0.71875
3.800297,-0.288151,8.30952,0.287274,-0.272293
3.912564,-1.145867,9.702823,0.073541,-0.142079
2.132615,-0.148641,6.795868,-0.098015,0.247902
0.773891,1.904639,8.181536,-0.233215,0.093052
3.783981,-0.252824,6.836284,0.404425,0.290044
0.258213,-0.58663,10.512489,0.3523,-0.001868
1.166674,-0.478705,9.84383,0.414481,0.017009
3.744613,0.575254,12.957355,0.265067,0.023754
1.239572,-1.491947,8.570577,0.37619,0.196882
1.056802,-0.314496,9.964479,0.001062,-0.002271
3.394192,-1.249003,8.493637,0.081331,0.351992
1.59164,3.910169,11.285931,-0.007241,0.456346
1.850751,-0.625998,8.869356,0.460702,0.39985
2.163301,1.495091,10.309511,0.089809,-0.079206
2.830913,-0.691412,8.530311,0.2906,0.181531
1.207389,-0.387245,5.975574,0.002793,0.030049
3.602558,-0.106279,11.28608,0.160298,-0.027034
2.591711,0.43739,7.07878,0.134804,0.1693
0.584684,-0.08667,10.679392,0.114489,0.072199
2.696792,-0.665067,12.784016,-0.133479,0.18331
1.784739,-0.203427,6.996301,-0.06835,-0.455443
0.894989,0.908461,7.334598,-0.018249,-0.120782
2.391726,-0.102387,13.014237,-0.063724,0.275671
2.76041,-0.741708,12.505894,-0.007394,-0.420786
1.858984,0.760718,6.833589,0.114784,0.093632
2.573598,-0.076491,8.696615,0.022073,-0.33416
2.523303,-0.537383,10.678943,-0.519187,-0.398639
0.002096,0.243544,9.869277,0.656121,-0.187596
1.53416,-1.368754,10.102342,0.772931,0.369424
1.597179,-0.955912,8.581355,0.079439,-0.076059
3.132686,-0.324375,6.616241,0.195846,0.15113
1.815874,-0.253124,7.023544,-0.499606,0.280195
3.875291,-0.414488,8.868458,-0.04872,0.070067
1.564996,0.033081,7.469617,-0.046356,-0.028239
2.594704,0.208965,8.245004,-0.1002,-0.30008
3.812422,-0.589175,11.525732,-0.149138,0.002905
2.576891,-0.55759,11.217373,0.131331,-0.202674
4.206103,-0.067959,10.520273,0.076472,0.072501
4.165687,-0.69261,10.610086,0.222508,-0.202547
0.349373,0.00943,7.67993,0.369857,0.024053
3.147205,-0.38455,6.816675,0.111808,-0.145569
2.544708,-0.282912,7.434739,-0.497639,-0.033719
2.93839,0.661025,13.903687,-0.09057,-0.058709
-2.002685,2.429598,11.374696,0.208374,-0.059063
1.735042,-0.448916,7.816595,-0.213978,0.085124
1.036594,0.120948,7.246431,0.191474,-0.037984
0.827479,-0.53379,10.627001,0.159703,-0.212933
3.04377,1.400338,8.72341,-0.021677,-0.088917
4.791835,0.205074,10.582993,-0.339072,0.284303
2.223626,-0.824036,11.76254,0.135236,0.223296
0.179776,0.890049,10.657388,-0.224483,0.210477
3.498076,0.590073,8.706644,0.103976,-0.140014
1.498534,-1.331481,8.998837,0.110431,-0.017125
2.277514,-0.075293,8.012089,0.131539,0.179587
2.725083,0.104333,11.116184,-0.058323,-0.230084
3.538791,0.679437,12.044104,-0.610234,-0.365732
4.324357,-1.490451,10.454709,0.10438,-0.043604
2.367776,-0.1202,7.444769,-0.124904,0.154933
3.204237,0.879571,11.380384,0.163193,0.265123
1.729054,0.646805,8.941356,-0.173979,-0.092307
1.632206,0.217797,6.657705,-0.066422,0.202132
3.003953,0.297881,7.185807,0.104711,0.186267
2.367477,0.856519,8.480614,0.119949,0.21244
0.980162,1.247655,9.347612,0.190638,0.157493
1.464405,0.259411,10.407408,0.444516,0.315962
0.592468,-0.108524,9.055868,-0.119506,-0.213297
0.844843,0.765209,11.211236,0.02195,-0.099535
2.458637,-0.276774,9.738299,-0.1866,0.032469
1.953887,0.141456,6.707103,-0.358301,-0.258648
2.121389,-0.356708,6.464607,-0.302748,0.381279
1.730851,-0.745001,8.350984,0.330024,0.152734
1.915267,-0.690065,9.308543,0.020573,0.040161
1.504072,-0.973426,12.991334,-0.344319,0.352817
3.965404,0.207768,9.124126,0.052325,-0.290463
0.872536,1.044827,12.55125,0.051843,0.196432
3.064877,0.280068,8.25653,0.193045,-0.402285
1.650168,0.383802,7.292685,0.216331,-0.105796
3.999383,-0.227527,9.448202,-0.044665,-0.15005
1.492097,0.794697,7.969727,0.012113,0.498087
2.056573,0.536484,6.634503,0.129343,0.216515
3.750601,-0.011526,12.426559,-0.885853,-0.03341
3.901936,0.027692,10.932067,0.393202,-0.058817
1.540896,-0.489632,9.499546,-0.028562,-0.022368
2.768792,-0.392484,6.916667,-0.361536,0.072109
1.613794,-0.117655,8.601264,0.133645,0.051953
1.357377,0.122146,12.852573,0.130912,0.240985
0.903521,0.613724,9.593101,-0.21727,-0.078567
1.539249,0.541274,7.194339,0.099238,0.052707
1.135539,-0.473316,8.322393,0.247601,-0.119389
3.624712,-0.251926,8.293354,0.194486,-0.070985
2.109563,0.041613,14.035413,0.084899,0.188725
1.790576,0.582289,8.398286,0.107861,0.240594
3.008594,0.143252,11.840378,-0.093794,-0.324569
2.343826,0.325723,7.882009,0.312986,-0.083292
2.490521,0.283061,12.085718,-0.091378,0.103444
3.743565,0.775837,13.147909,-0.700385,-0.466525
3.352728,0.425864,12.812157,0.216977,-0.004495
2.185306,0.312251,7.292685,-0.62821,-0.176771
1.589844,-0.416584,12.327465,-0.052478,-0.287218
0.439935,1.386417,10.743159,0.272404,0.004496
3.104245,-0.667911,11.325,-0.753766,0.107542
3.038531,-0.416135,11.23354,-0.558527,-0.423984
3.294798,-0.727787,10.922487,0.151464,-0.219607
2.002536,0.860261,12.614268,-0.247356,-0.387743
3.883824,1.479224,13.691728,0.121062,-0.223084
2.4046,-0.762963,13.1762,0.181331,0.026061
1.575174,-1.602717,9.442215,0.88039,0.622045
3.810027,-0.48559,11.563154,0.178233,0.020344
2.685266,-0.297282,6.194868,0.01444,-0.105153
3.104394,-0.084125,8.32898,0.559858,0.10635
0.876877,0.955613,8.339159,0.329417,-0.067557
1.440455,0.005688,10.023905,0.209155,0.532454
1.823807,-1.294358,10.589279,0.054394,0.091774
0.824336,0.730481,10.183473,0.068009,0.0221
1.24556,-1.036594,10.705288,-0.719779,-0.383578
2.964136,-0.841849,12.070749,0.185022,-0.100381
1.250799,0.081281,8.062234,0.095282,0.444851
2.867287,-0.12005,8.770262,0.393266,-0.119768
2.119293,-0.185764,9.738748,-0.271191,0.729317
1.237926,-0.717757,11.704161,0.006736,0.019578
3.572621,-0.449665,8.010143,0.116303,-0.425366
2.257605,-1.335972,10.561288,0.258667,0.028106
1.726809,-0.710572,9.828262,0.588365,0.179834
1.561253,1.37549,12.153078,-0.16276,0.024901
2.439627,-0.02425,8.721613,-0.512604,0.315428
1.792522,-0.01901,12.762011,0.064667,0.143342
1.540596,1.08674,10.209669,-0.224248,-0.115304
2.41403,-0.544568,9.249266,-0.116117,0.218442
0.977916,-0.157622,6.889423,0.083048,0.092583
1.636846,-1.207988,7.948621,-0.362491,0.067378
3.302732,-0.130229,8.509355,-0.640849,0.302714
1.296903,-0.0961,11.899954,-0.568535,-0.111898
2.283651,-0.561782,12.596605,0.3946,0.198688
1.491648,0.730631,12.521012,-1.103143,0.032071
3.177143,-1.294658,11.562406,0.006016,-0.288147
3.831133,0.03353,10.794054,-0.467387,-0.13593
2.422862,1.249601,9.370813,0.186632,-0.058843
1.605262,1.23568,7.151379,0.118283,0.076694
1.025517,-0.441133,11.8055,0.309872,0.10934
2.022893,1.518592,9.951306,0.170178,-0.081896
2.057322,-0.426014,7.133416,-0.696959,-0.111561
1.063089,0.829725,6.566694,-0.066946,0.210201
2.781216,0.587528,8.869655,0.193897,-0.390307
1.627715,-0.644859,9.134904,-0.008727,0.173277
3.027005,-0.031734,6.205047,0.087068,-0.064955
1.35588,-0.324825,5.735323,0.009508,0.003231
2.316283,1.373843,12.648697,0.297934,-0.199004
1.477128,0.081131,12.900473,0.031061,-0.098295
1.034499,-0.461939,14.066399,0.24009,-0.018675
3.942801,-1.512006,11.10376,0.208454,0.032489
2.029779,-1.027912,8.818911,0.581042,-0.006371
2.633773,1.511108,8.630752,0.01541,-0.128049
0.510888,0.226479,7.741751,0.021081,-0.632564
-0.191003,-0.947081,12.306508,-0.49534,-0.38304
3.894751,-0.119601,9.147927,0.224677,0.09235
1.537153,-1.13,8.729397,-0.083589,0.026894
2.581681,0.248783,13.638139,0.159441,-0.057103
1.43776,-0.267793,11.482173,-0.157542,0.189105
0.977018,0.404609,8.151748,0.191612,0.065811
2.410737,-1.26936,9.050629,-0.453844,-0.434599
2.541565,1.146765,9.645342,0.126919,0.189557
4.692891,-1.100212,11.386522,0.396772,0.532965
2.811603,-0.627794,9.535471,-0.098222,-0.238991
2.577041,-0.422871,7.108268,-0.088951,-0.584736
4.329297,-0.459245,12.176429,0.340436,0.060386
0.356259,1.175056,14.735358,-0.324529,0.071849
1.632206,-0.093705,7.666158,0.043371,-0.097371
3.032244,0.276625,13.703404,-0.621784,-0.641841
1.796115,-0.758024,9.63202,-0.38839,-0.497081
1.544189,0.279169,7.031328,0.136354,-0.236294
2.850822,-0.082628,6.662046,0.330468,-0.243391
2.791695,-0.865201,8.404273,-0.018055,-0.003439
1.294957,-1.565894,9.549242,0.164444,-0.005166
3.328179,0.158969,8.054301,0.084421,-0.156268
2.353107,0.090113,9.685309,-0.167151,0.397507
-0.378712,0.72629,10.17569,0.041666,0.04244
2.878364,0.21645,7.846383,-0.36465,-0.039424
1.65915,-0.650697,9.689501,-0.193109,0.408932
2.501598,0.20687,6.929241,0.077469,-0.039878
1.847309,-0.785117,11.105257,0.090255,-0.100425
2.836452,0.025896,6.738986,-0.559857,0.193623
2.523003,0.053888,10.405013,-0.432181,0.055218
2.312541,-0.797242,10.102641,0.159469,-0.212843
2.083218,-0.210163,9.517209,-0.614864,-0.464733
4.444108,0.494122,12.975168,-0.119268,0.178913
2.97192,0.384999,8.152646,-0.12933,-0.302249
2.599794,-0.551304,9.873618,-0.101628,-0.141796
1.641037,-1.012045,8.249046,0.013249,0.117126
1.873654,-0.714165,9.569301,-0.133068,0.07495
0.239652,1.417402,13.779146,0.244773,-0.008505
1.138682,0.8414,8.65126,0.052935,-0.259056
3.51993,0.141905,11.537108,0.772047,0.095406
2.66416,-0.20208,6.468199,-0.075696,-0.135418
1.417702,1.088237,11.765833,0.23287,-0.140789
0.925525,-1.219364,9.287586,0.073342,-0.036042
0.461341,-0.17334,6.72282,-0.038654,0.235003
1.265019,-0.766706,9.083261,0.148099,0.0344
3.037184,-0.457598,7.089408,-0.005092,-0.402367
2.965783,-0.337099,6.550977,0.175682,0.068722
2.733466,0.164508,9.596095,0.279978,-0.011514
2.009122,0.362845,8.298443,-0.966801,-0.382111
-0.619562,1.424588,12.424613,0.126287,-0.321079
3.655698,-0.998873,12.316687,-0.595101,0.352148
2.987038,-0.353565,11.24312,0.066755,-0.001002
1.209934,-0.503703,10.04546,-0.069637,0.294418
2.513723,1.417103,11.667936,-0.31638,0.010765
5.017716,1.135389,10.46384,0.034478,-0.177428
2.223027,0.051643,7.089408,0.00717,0.032192
2.713707,-0.319585,6.268065,0.166839,-0.229647
2.25536,-0.056882,7.664961,0.518463,-0.287553
0.927322,-0.707579,9.865085,-0.160503,-0.086852
3.560795,-0.034129,8.887319,-0.414728,0.119548
4.194727,-0.187859,9.727522,-0.21018,0.349681
1.713636,0.288001,5.7708,0.136921,-0.012853
3.086881,-0.456251,9.671239,-0.063017,0.293441
1.753304,0.751437,10.963052,-0.861215,-0.153314
3.771258,1.100661,10.628348,-0.209927,-0.106441
2.063459,0.474513,8.822504,-0.620222,0.138804
0.647104,0.389939,13.053904,0.056513,0.250744
2.485282,-0.672252,9.054521,-0.484198,-0.108517
3.083588,-0.170196,8.709788,-1.012285,-0.310385
4.513863,0.224533,9.414971,-0.179758,-0.207228
4.509971,-0.166903,6.918613,-0.049855,-0.138238
1.023871,0.538879,7.988288,0.446406,0.286775
3.304678,-0.215701,10.869497,0.208393,0.312309
3.711682,-0.118703,9.583671,0.143367,-0.12808
0.925825,1.270258,7.195836,0.210736,0.164557
4.676276,0.401465,11.567645,-0.357443,0.007471
2.062112,0.455203,7.488777,0.247623,-0.204721
1.035098,0.910856,12.725787,-0.03172,0.122695
2.179917,0.541873,14.703025,0.297182,0.373236
2.775229,0.11526,8.439151,0.116017,-0.089999
1.385968,-0.308508,11.082504,0.081045,0.311966
3.128195,-0.429457,8.777747,-0.056648,-0.120183
3.193309,-0.093855,10.40636,0.202296,0.599387
3.446134,-0.552351,11.715388,0.009809,0.297305
1.936224,-0.878224,9.621392,0.388473,0.279968
4.869374,-0.232616,12.761113,0.193486,-0.097795
2.48139,0.148342,6.384823,-0.326909,-0.254478
1.679957,0.176034,7.25631,-0.257979,-0.25116
2.612218,-0.415237,8.254285,-0.321816,0.145728
0.223186,-0.073198,14.520704,0.099356,0.079698
1.632056,-0.159119,6.546936,0.319624,-0.203466
0.85098,0.054187,7.621701,-0.037191,0.189523
1.307381,1.416355,9.356443,-1.104841,-0.174911
1.252446,0.29803,9.472003,0.097399,-0.155211
0.310005,1.071023,10.033635,0.032763,0.112407
2.378404,0.691712,10.464289,0.211852,-0.165138
2.560575,-0.384251,7.198082,0.178561,-0.183386
0.842897,1.364113,9.125324,-0.442001,0.131065
3.321742,-0.08667,7.675888,0.362068,-0.016574
1.092877,0.878373,9.164842,-0.160744,0.176838
3.458259,0.333656,7.715705,0.041993,-0.100504
2.152224,-0.865949,9.878707,-0.126879,-0.023106
0.440235,0.908311,10.593471,0.133911,-0.197741
3.379073,-0.391586,12.500206,0.113678,0.372827
0.083377,-0.092208,12.619657,-0.012894,-0.243866
1.408421,0.794847,11.877201,-0.209987,-0.388469
1.97634,0.187111,7.193142,-0.067959,-0.013306
1.197959,0.687371,9.75701,-0.215738,-0.286642
3.088228,1.354833,11.601624,0.414664,-0.233675
1.234782,-0.522414,10.24769,0.30305,0.211268
2.080374,0.324076,11.356584,-0.008477,-0.03468
2.201023,-0.159718,6.740633,-0.270125,-0.242042
4.183351,-0.349673,8.938812,-0.08211,-0.071017
1.558709,-0.741408,9.60313,-0.12432,-0.132267
1.362317,0.284708,9.291628,0.13331,0.038335
1.634002,1.969904,8.433463,-0.471413,0.093429
1.378932,-0.319286,11.582913,0.361765,-0.551007
3.531157,-0.483345,9.69474,0.075933,-0.228362
3.10664,-1.917812,10.264754,0.119315,0.053063
2.722538,-0.382305,11.367661,0.198534,-0.078918
2.20267,0.242196,13.342953,0.051763,0.09703
1.797312,-0.522414,6.816226,-0.00704,-0.490442
0.592318,0.221839,9.089997,-0.051589,-0.193237
1.171314,0.646506,9.839189,-0.344619,-0.157164
1.061143,0.39922,6.564599,0.18689,-0.019773
1.254841,-0.407902,6.211184,0.157186,-0.041367
3.031496,-0.15852,10.59841,-0.10881,0.665789
4.641548,-0.806074,10.945539,-0.10082,0.156233
2.719395,0.241448,12.0221,-0.648165,0.171535
2.815795,-1.482667,11.070379,0.062811,-0.674025
0.555944,0.850232,9.627679,-0.235704,0.366392
3.327431,-0.807271,9.465566,0.184601,-0.19009
1.925296,0.204774,7.505392,-0.188161,0.445406
1.357228,-1.19721,8.054002,-0.044734,-0.009918
0.816103,-0.670605,10.100995,-0.068505,-0.287087
2.982248,-0.707878,10.209669,-0.357137,0.226319
1.473985,0.864003,11.54594,0.070571,-0.162505
1.287622,-1.029858,11.159294,0.0915,0.109497
1.504821,1.289419,6.646179,0.467125,-0.026268
3.035238,0.354463,8.81442,0.02861,-0.010841
1.703607,-0.448767,8.876841,0.142922,0.122523
-0.304018,1.092578,13.473781,0.022088,-0.075255
2.418371,-0.810115,6.940318,-0.369193,0.024449
3.696413,1.472338,11.623179,-0.033904,-0.098761
2.437681,0.929268,12.192895,0.084681,0.065689
2.574197,1.366957,11.835139,0.002336,-0.762931
1.458717,-1.407523,9.158555,-0.01728,-0.009877
1.726959,-0.694256,9.635313,0.321201,-0.019036
3.439847,0.252225,10.855875,0.004057,-0.219319
2.508035,0.180375,11.671679,-0.070738,-0.197194
1.757795,-0.776884,7.317982,-0.096679,0.019317
2.719545,0.25956,7.149882,-0.862757,0.093846
1.978586,0.093705,12.109219,-0.22227,0.081853
0.436043,0.80802,8.639883,-0.161988,-0.186142
0.673899,0.79814,7.864945,-0.775666,-0.49471
1.313519,1.113534,12.57026,0.228872,0.462204
0.957858,-0.746049,9.668095,-0.214143,0.301861
2.843786,-0.461341,8.172555,0.750404,-0.522072
1.876498,2.294129,12.955259,0.102043,-0.137497
0.82688,0.473316,8.926986,0.179137,0.016215
2.16884,-1.207988,8.572673,-0.154982,0.037083
0.251327,0.065264,8.455317,0.02877,-0.155339
4.148473,-0.560884,8.571925,0.231001,-0.266718
1.247955,1.936822,8.132139,0.098184,0.101999
0.35581,-0.561632,11.872112,-0.120631,-0.085873
2.252216,-0.201331,8.925489,0.877811,-0.144841
1.775458,-1.470243,10.082433,0.167039,0.079738
3.661386,-0.446222,7.322323,0.3122,-0.228746
0.410147,0.963995,8.538394,0.658032,0.25841
1.906436,-1.457968,10.193203,-0.077368,0.04085
1.070723,1.797013,12.567117,-0.499131,0.089893
2.06795,0.74515,7.479047,-0.722107,0.372076
0.983605,0.463137,7.505392,-0.153018,-0.1186
3.613037,-0.580792,12.137211,0.2722,-0.036962
0.943787,0.795745,10.931917,0.210183,-0.542464
2.436334,-0.23546,6.791377,0.25544,-0.364775
3.099006,-0.680036,9.307645,0.075581,0.163284
3.069667,-0.766257,9.437275,-0.195985,0.231379
2.209705,0.372575,6.375243,0.095336,-0.058058
3.409011,-1.277144,10.939701,0.069669,-0.49408
1.131347,-0.517474,9.752669,0.408787,0.072802
1.701961,-0.402363,7.385641,-0.016064,0.039072
5.095254,-0.602198,10.496622,0.354252,-0.218199
2.638413,-0.008083,6.142177,0.054946,-0.110724
2.691104,-0.016915,6.498137,0.329482,0.457761
3.954177,-0.734523,8.038883,0.090065,0.069141
3.793861,-0.870141,11.163036,-0.233444,0.588809
1.45692,-1.215772,10.941048,-0.030781,0.003608
2.207759,0.319286,7.54012,-0.02102,-0.164026
2.088307,-1.132695,8.943751,0.091793,-0.256425
1.222059,0.573158,7.176526,0.001319,0.050395
3.986959,-0.579894,9.041049,-0.127492,-0.06602
3.380121,-0.404758,9.839638,-0.144528,-0.083767
1.768722,1.256487,13.458962,-0.450373,0.033793
2.738106,-0.773142,10.77175,0.316765,0.24493
1.831591,-0.604892,11.064242,-0.464271,0.029023
2.157763,-0.054038,7.032226,0.262007,0.092869
3.911217,0.6733,11.373798,-0.272158,0.408133
2.518962,-0.30297,9.479338,0.107289,0.050463
3.155887,0.374222,6.368207,0.50854,0.015987
-1.001867,0.898282,12.001143,-0.208425,-0.117191
2.611918,0.316592,6.933432,-0.166045,0.226271
2.340383,0.841999,8.815468,0.084805,-0.195474
2.442321,-0.218546,11.121573,0.142705,0.869131
1.997297,0.400567,6.778803,0.313242,0.042527
3.594775,-0.628393,11.672577,0.168662,0.010006
1.304837,-0.74515,10.035282,-0.028404,0.013293
2.113605,0.067959,14.669195,0.283554,0.609409
2.593806,-0.977916,9.000184,0.107471,0.056769
2.098935,1.362616,11.730806,0.20172,-0.208415
0.871188,-0.443079,9.461375,-0.016974,0.123645
3.69327,0.102237,6.894513,0.469613,0.036233
0.350721,0.71162,12.479698,0.087549,0.172412
3.222499,0.428259,7.612719,0.045416,-0.064415
2.42361,-1.359323,9.668694,-0.251518,-0.067779
-0.074096,-0.371228,11.744876,0.204546,0.03678
2.059567,0.919987,11.971206,-0.25781,0.290684
1.702709,0.011975,7.230265,0.405681,-0.006383
1.836082,-0.194296,11.865526,0.363275,-0.037581
1.445245,0.552651,7.106622,0.097052,0.033937
3.973038,0.169298,13.144316,0.323527,0.082155
1.905986,-0.603545,11.041938,-0.72313,-0.381016
3.461252,-0.823138,8.847502,-0.202057,0.071038
1.609303,-1.05336,9.327254,0.0883,-0.17287
2.594704,0.287851,7.457492,0.158083,0.519767
2.598596,0.799038,11.408676,0.141238,-0.042635
2.989583,-0.287702,8.628657,0.498641,0.035466
3.072361,-0.210612,8.186476,0.207492,0.035906
2.130969,-0.225132,7.432943,0.135575,-0.083652
3.305576,0.132624,7.954159,0.094896,0.156717
2.19279,-0.344583,9.639954,0.525275,-0.352736
1.837429,-0.719105,7.313192,-0.450813,-0.348549
2.833458,-0.914897,11.43053,-0.442693,-0.373073
1.449735,-0.424817,9.681567,0.174473,0.204737
1.556912,-0.614622,7.435488,-0.121482,-0.014186
2.162104,-0.704285,7.983798,0.355562,0.114995
0.733026,1.063089,12.251573,-0.378962,-0.112055
1.297502,-0.516276,7.342681,0.09869,0.106946
3.097958,-0.228275,8.018675,0.069232,0.197967
3.632047,-0.154928,8.440348,-0.530934,-0.025298
1.361569,0.440534,12.290342,0.357289,0.105633
0.53873,1.085842,13.032798,-0.276036,0.14834
3.504213,0.342488,11.284135,0.3293,-0.079329
-0.388293,0.739612,11.099269,-0.083011,-0.21633
3.508255,1.475482,12.651541,-0.180174,-0.15351
3.927233,0.649499,9.957144,-0.1577,-0.153084
3.701503,-0.276625,9.082663,0.060038,-0.095243
2.222279,0.57705,11.324251,-0.356551,0.015789
0.891097,-0.108225,9.017698,0.298538,0.125825
2.925965,0.984503,12.578194,0.200542,-0.415856
1.221909,-0.062121,11.358829,-0.104018,0.190778
1.463656,0.07694,6.911877,0.223586,-0.24085
1.763633,0.675396,11.095676,-0.123133,0.054876
2.908901,-0.751587,8.667127,0.255138,0.173252
2.321822,0.996927,8.027058,0.052393,-0.001986
2.615062,-0.972378,11.395054,0.094007,0.033277
2.215243,1.528022,9.549542,-0.219374,0.342812
2.220033,0.438887,11.157049,-0.039404,0.180217
1.837279,1.657354,9.534722,-0.647559,-0.4221
0.504301,1.148412,11.583213,-0.112658,-0.20934
3.809578,-0.146994,8.213719,0.051629,0.179241
-2.181713,2.132915,11.378289,-0.317926,-0.310722
2.045496,0.781225,11.075618,0.011983,-0.064966
1.159339,1.043929,8.935818,0.3799,-0.662131
2.178121,-1.038391,11.014096,0.21442,-0.334922
2.249821,-0.149389,7.075187,-0.02227,0.127383
4.256099,-1.37534,10.306068,0.086308,0.655213
3.090623,-0.499811,8.440797,0.024136,0.233476
2.52465,0.92313,9.585168,-0.057804,-0.002393
2.007176,0.435594,7.969577,0.083794,-0.159622
2.811304,-1.106798,9.832004,-0.341332,-0.149399
3.18822,-0.215402,9.679022,-0.066661,0.106872
1.154399,-0.814756,8.993298,0.078631,0.007225
3.453618,0.167801,10.869048,0.047863,-0.172819
1.518742,-0.079784,11.556418,0.085126,0.08448
4.297713,-0.182471,11.538755,-0.135722,-0.276864
2.424209,-0.14909,7.341483,-0.302075,-0.289436
4.025878,-0.788111,11.567046,0.333314,-0.151749
3.237318,-0.130379,8.76158,0.180246,0.345684
3.565735,0.464185,11.48352,-0.592763,-0.003814
0.57211,-0.646506,11.34401,0.516518,0.347134
3.214565,-0.049697,8.701106,-0.169446,0.21557
1.752106,-1.108445,9.754166,-0.231373,0.341295
3.637137,-0.536335,9.583371,-0.144196,-0.179754
0.789009,0.582439,10.190359,-0.122398,-0.019237
2.845732,-0.421074,10.960657,-0.202247,-0.03734
1.826651,0.842149,8.724906,0.345828,0.423195
1.802402,-0.750839,9.648186,-0.118131,-0.0168
3.276985,0.316592,9.099278,0.205615,-0.10016
3.405568,-0.16361,7.912695,-0.004115,-0.267144
4.427493,0.443079,11.197315,-0.530866,-0.647517
4.057313,0.041913,9.523496,0.034862,0.971549
1.700614,-0.005089,7.826624,-0.082681,-0.167043
0.819246,1.265319,10.837463,-0.423682,0.09688
2.571652,-0.54801,6.743776,0.131798,-0.163163
2.525249,0.049397,9.170679,-0.164193,0.115634
2.765349,0.522713,8.368498,0.040576,-0.075432
1.829196,-0.734223,10.104887,0.240399,0.931542
2.744692,-0.075443,10.797496,-0.089793,0.305352
3.416645,0.189506,6.382278,-0.051735,0.149919
1.681004,0.34159,10.586435,0.022241,0.276326
1.054407,0.682431,7.003037,-0.564559,-0.065066
2.570305,0.864452,8.829689,0.03153,0.067254
3.546425,-0.527503,11.404484,-0.827428,-0.404778
1.411565,0.518522,13.361515,0.156922,-0.002733
1.298101,0.75997,10.371931,-0.109837,0.015126
-0.062271,0.755329,12.152628,-0.304117,-0.018891
2.161355,0.433798,9.300759,-0.04793,0.104483
0.083227,-0.026046,10.787617,-0.023721,0.249815
2.036365,0.077838,7.273674,-0.628205,-0.1474
0.699346,0.804727,8.840616,0.160182,-0.102487
2.316283,-0.495021,7.928712,-0.145972,0.061149
0.642015,0.44712,7.626491,0.168329,-0.005637
3.003654,-0.439935,8.345895,-0.239821,0.355048
4.392915,0.10598,10.290201,0.11325,-4.5e-05
2.480342,-0.42781,7.5979,0.071381,0.08235
1.854044,-0.205074,6.455326,-0.069902,0.045029
1.414409,1.276246,12.070749,0.05822,0.076359
0.305964,1.137036,7.883656,0.29877,-0.139703
3.334915,-0.170795,7.946076,0.193202,0.039826
3.269651,0.540676,8.509804,-0.038787,-0.193219
1.16832,0.563428,9.591305,0.070207,-0.334224
3.416944,0.396226,8.967851,0.335399,0.213033
4.89542,0.465382,10.11312,-1.012492,0.018343
3.170706,1.430874,10.427167,0.192573,-0.138949
1.997895,0.892893,8.958421,0.058608,0.310945
1.513952,-0.270937,7.794441,-0.077468,0.029484
1.238974,-0.911155,11.377391,0.175102,0.165091
0.924328,-1.292113,8.706944,0.379791,0.200843
4.067043,-0.417033,10.888956,0.28765,-0.234883
1.792672,0.55759,10.396031,-0.19571,0.514948
2.728077,0.162113,9.597292,0.010155,-0.490393
2.172432,-0.783171,9.86299,0.2422,0.34273
0.342338,0.005389,10.0022,0.112221,-0.028273
4.736301,0.131726,10.126592,0.161054,-0.07145
3.399431,-0.746797,8.306676,-0.072177,0.075702
3.57307,0.194745,11.244916,0.040609,0.048375
2.26,-0.716261,10.134974,-0.48205,-0.015766
3.825146,-0.59636,8.096962,0.13718,-0.287535
1.944606,1.04842,13.270953,0.372356,-0.096063
2.10627,-0.167951,9.076675,0.00638,-0.01984
2.748584,-0.335303,8.675359,0.015962,-0.064464
3.848347,0.406405,8.791219,0.06521,-0.317666
0.728535,1.078956,13.732593,-0.043504,-0.119596
2.808011,-0.174537,6.164481,0.260836,-0.481932
2.889741,0.004042,7.983798,0.249071,0.067115
2.975812,0.198038,6.309529,0.006332,0.324939
1.558409,-0.876727,9.605974,0.061261,0.119639
4.331842,-0.352966,8.355026,0.473847,-0.032972
-0.005389,1.41845,10.571167,-0.03546,0.08131
0.132475,-0.640368,12.567715,0.194237,0.038457
1.345253,-0.699795,8.440797,0.0255,0.274288
2.048939,-0.37033,7.312444,0.346308,-0.076196
2.446512,0.612676,11.977193,-0.000967,0.385485
2.647844,0.482447,12.072096,0.015967,0.028344
2.170187,0.236658,8.902886,-0.141215,0.072724
1.659299,0.938099,13.154495,-0.685774,-0.211102
2.109264,-0.755928,9.432186,0.023749,0.019475
2.471061,0.986898,11.799363,-0.155108,0.195332
3.107987,-0.123793,6.21283,0.124318,-0.077632
2.526147,-0.076341,8.928783,-0.147352,0.159678
3.7027,1.877845,11.404185,-1.187223,-0.202577
1.571582,-0.214504,9.582024,0.020598,-0.013502
1.527573,-0.837359,10.220746,-0.041286,-0.55867
3.187621,-0.665217,9.92541,-0.757812,-0.247964
2.270479,-1.197659,11.414813,-0.42302,0.145453
1.911675,0.443079,7.827672,0.096247,0.043637
2.348017,0.379012,7.926167,0.135056,0.035946
3.425477,-0.294438,7.071744,-0.120105,0.103813
2.968178,0.059726,13.916111,0.136419,0.203508
1.394949,1.555116,12.269086,-0.158752,-0.331939
3.254981,-0.117206,8.813073,0.152767,-0.042505
3.228935,-0.71641,11.54579,0.272377,-0.275167
1.287024,0.147144,7.828421,0.437763,0.186341
2.083068,-2.6688,13.62811,0.220006,-0.063939
2.413431,-0.020058,6.450536,0.243451,-0.051728
0.455952,-0.932411,13.702955,0.01683,0.138013
2.503095,-0.467029,8.331375,0.078138,-0.060675
2.913242,-0.661325,11.975547,-0.060766,-0.129822
3.680247,-0.738864,8.245903,-0.027439,0.462189
1.166524,1.123414,11.543096,0.285205,0.194314
3.232678,-0.534838,8.247849,-0.509446,0.110704
1.769021,-0.933609,9.638307,0.108137,-0.097032
3.578009,-1.463956,11.12756,0.241077,0.157397
1.840573,0.441133,7.470964,-0.229227,-0.046892
2.681823,-0.751288,8.692424,-0.029312,0.039651
2.395169,-0.166154,7.475604,0.221768,0.060979
1.963467,-0.100591,6.853348,0.255531,-0.373858
2.13037,0.090562,6.565796,-0.312373,-0.004959
0.631237,0.272134,7.572004,0.038158,-0.240592
0.949176,-0.247585,11.629167,0.364709,-0.162936
1.492696,0.263302,8.319699,-0.002458,0.039296
2.190994,1.183589,8.043523,-0.300325,-0.007524
1.474584,-0.366139,13.37319,-0.694357,-0.46568
3.117717,0.168549,7.345675,0.279064,-0.201158
1.528921,0.880319,7.10243,-0.041482,0.354334
3.100353,0.140408,7.491322,-0.049452,-0.378193
3.090174,-0.060474,8.275092,0.006075,-0.001101
1.319805,-0.771346,10.281669,0.261313,0.041826
0.383802,0.613125,10.733879,-0.080442,-0.109299
3.47667,-0.093555,8.051457,0.599489,0.037228
2.838248,0.593067,10.969189,-0.096521,-0.170542
2.057921,-0.101639,8.527916,0.126195,0.095056
1.395099,0.757724,13.377232,0.141679,-0.058549
2.787354,-0.520767,9.77138,0.134544,-0.109836
-0.656535,0.213157,13.678855,0.107401,0.227827
3.195555,-0.263752,6.669082,0.294771,-0.125218
4.296216,-0.515528,12.924424,0.112644,-0.05137
3.700006,1.046624,8.046517,0.052565,-0.091666
2.172283,0.206121,8.686137,-0.235647,0.226545
3.44793,-0.611778,8.690927,0.015327,0.206125
1.417552,-0.252375,10.289303,-0.070678,-0.145637
1.622925,0.645907,7.991581,-0.074856,0.117339
1.834286,1.018033,6.266269,-0.423013,0.376196
2.512974,0.752785,12.06057,-0.13969,-0.006536
3.61139,-0.194446,11.287428,0.177523,-0.03181
1.198707,-0.556393,9.767339,0.034978,0.236305
1.087938,1.910777,9.868977,0.219744,-0.171715
2.416425,0.417182,7.177125,0.279346,0.380915
1.572181,0.034428,7.879764,0.071462,-0.183465
0.940943,-0.281115,9.166339,0.295152,-0.162737
1.569636,0.212708,7.283703,0.066039,0.112871
2.091151,-0.724643,7.125183,-0.218868,0.010877
3.18807,0.301772,8.754096,0.161589,-0.021922
0.494721,-0.162562,10.763367,0.282812,0.143561
3.793112,-0.107477,8.547525,-0.148737,-0.091448
-0.83676,0.166154,10.274783,0.1729,-0.16322
1.763333,1.041983,7.508237,0.077682,0.109236
0.747995,-0.295635,7.326964,-0.110919,0.095146
4.166136,0.030986,11.039244,0.08663,-0.080357
3.084486,0.083077,9.112451,-0.501515,-0.531143
1.484463,-1.061293,13.643378,-0.185835,0.535504
1.73115,0.12499,12.247531,-0.257773,-0.316344
4.067492,0.040266,8.512947,0.253401,0.089239
0.59621,-0.54352,9.804911,0.00278,0.007077
3.300187,-0.74994,8.605904,-0.847934,0.088203
2.855911,0.699346,14.00323,-0.039418,-0.23843
1.117726,0.140408,11.311528,-0.640054,-0.643631
0.912802,-0.896037,13.388758,0.078887,-0.038022
0.473615,0.186812,13.50806,0.387667,-0.146857
1.684447,-0.34608,9.759854,0.02238,-0.03332
2.698289,-0.363594,7.813003,-0.681031,-0.491575
2.792443,0.264201,7.346273,0.1829,-0.256352
1.777703,-0.913101,9.600286,0.394912,-0.250681
2.252516,0.638422,8.56938,-0.056468,-0.108584
3.375481,-0.084125,11.51211,0.184986,-0.048031
1.085842,0.458796,10.995984,0.027378,-0.012944
1.075663,-0.547112,9.928853,0.41536,-0.183923
1.523981,0.304317,7.389084,0.067421,-0.048402
1.341061,1.795217,10.182126,-0.332607,0.270832
3.944148,-0.76955,8.781189,0.471976,0.406459
1.756597,0.529898,7.003636,-0.353154,0.33169
2.094594,-0.881966,9.878408,-0.041112,-0.003744
0.314795,0.333357,12.790751,-0.079557,-0.195756
1.902095,-0.959205,9.635313,0.058092,0.112417
0.382155,1.695674,9.648935,-0.185072,0.053545
3.675756,-0.202978,8.70874,-0.095316,-0.086458
2.297722,-1.024021,8.266859,-0.174593,0.148735
2.26958,-0.604593,6.898105,-0.584578,-0.014419
2.308799,-0.285007,7.504494,0.206915,0.124136
2.28904,-0.032183,6.651718,-0.171602,-0.120125
1.348546,2.630929,9.708212,0.1918,-0.1159
4.253405,0.366588,11.654464,0.35899,-0.218875
2.574047,-0.079634,6.22241,-0.189214,0.049392
1.992656,-0.029938,6.94885,-0.091929,0.04336
0.899929,-1.815125,9.898167,-0.409533,-0.182213
3.4623,-0.116308,9.501492,-0.267846,0.743163
2.178869,-0.365091,10.008038,-0.436621,0.172096
3.863167,-0.082029,6.845265,-0.031462,0.010282
3.104245,-0.142653,7.194938,0.14947,-0.198296
2.048939,0.079185,9.695039,0.211566,0.274409
2.383943,0.28875,9.417816,0.274229,-0.14412
2.977758,0.212857,9.371113,-0.183635,0.502955
0.473166,0.11047,7.695347,0.260121,-0.071631
2.08711,-0.039069,8.586295,-0.414635,-0.829006
3.202291,-0.097896,7.023844,0.165573,0.081575
1.024769,0.234263,8.565937,-0.005412,-0.033614
1.747466,0.834066,10.43031,0.271063,-0.010816
4.796625,-1.168919,10.711425,-0.136625,-0.298515
2.526895,0.092059,7.137607,0.100114,-0.20234
1.391656,-0.187111,8.119266,-0.211205,0.035061
0.233365,1.382076,13.239369,0.021089,0.068182
1.983825,0.748593,9.742041,0.163168,-0.411702
1.97664,0.609832,8.007748,-0.104647,0.00785
1.313968,0.129032,7.524852,-0.519125,-0.056363
3.482658,-0.958906,11.886183,-0.006985,0.042349
2.973117,-0.036225,13.775404,0.233925,0.004412
3.580105,-0.308658,8.560548,0.143783,0.044522
3.780089,0.517324,7.38145,-0.255526,0.051144
1.650767,-0.417632,7.479646,0.040064,0.200967
3.159031,0.147593,9.352102,0.238584,-0.202553
1.845213,-0.399819,9.549991,-0.269624,-0.219381
2.566413,-0.41838,6.932983,0.217357,0.03163
1.126857,-0.018861,9.938134,0.143451,0.451052
1.936224,-0.049996,7.269633,0.542416,-0.470927
2.598746,-0.160766,7.425309,-0.431335,-0.180756
1.728605,0.268092,6.599925,-0.837774,-0.430184
2.708168,-0.42811,8.168963,0.014817,0.331907
3.144212,-0.033081,8.77595,-0.034814,0.114689
1.388662,1.584305,12.942386,-0.245613,-0.131341
1.393901,-1.453178,9.068292,0.517743,0.258211
2.435735,-0.154329,7.887847,0.576399,-0.315851
2.044898,-0.83182,7.313941,-0.269733,-0.175229
0.374671,-0.575104,12.465478,-0.06346,-0.045703
1.31756,1.553769,12.400363,0.223241,-0.148431
1.532813,1.703907,9.870325,0.070075,-0.041696
1.840123,0.008233,7.694,0.096534,0.031011
1.26936,-0.667013,9.65133,-0.035074,-0.01662
3.432512,0.133822,9.420061,-0.005257,-0.103838
1.374741,-0.459544,7.10752,-0.020311,-0.219681
0.643961,0.921933,7.664811,-0.025116,-0.009684
0.952469,0.363295,6.372249,0.070805,0.136806
2.164649,1.169368,8.461903,0.012919,-0.397293
0.450114,2.515369,10.389295,0.332478,-0.055264
4.498146,-0.121398,11.391012,-0.165742,-0.432793
3.382666,0.518372,11.933484,-0.071857,0.629696
1.775608,-0.330662,8.549172,0.552173,0.150982
0.524509,0.371378,11.230396,-0.069827,-0.093518
1.674418,1.523382,10.164762,-0.551225,0.114483
1.414109,-0.920586,9.358239,0.018851,0.004026
1.600621,0.400717,12.631632,-0.6217,0.316318
0.730182,0.870141,9.494157,0.254064,0.085661
2.304608,0.181572,7.224127,0.128354,0.014113
0.925825,-0.72135,10.768158,0.222484,-0.115698
2.313739,-0.633483,12.222982,-0.272738,0.572167
0.48065,-0.661325,10.46384,-0.40987,0.150998
2.251318,0.721051,11.913725,0.249459,-0.20303
1.982328,-1.18299,9.710158,-0.366652,-0.030208
3.072062,0.77434,9.778266,0.819264,0.224232
1.419947,1.414109,9.131012,-0.097839,0.095796
2.434088,0.498014,6.214627,0.006911,0.034238
-0.567919,-0.553549,12.535083,-0.050624,0.131989
1.596281,2.576592,9.378148,0.125342,0.188875
1.194366,0.354164,13.283976,0.264291,0.144469
0.132624,0.888103,8.776699,0.130715,0.193629
3.92873,-0.377814,8.679401,0.203777,0.120285
1.333128,0.652793,13.467345,0.190916,-0.105618
2.047143,0.141606,13.395344,-0.433662,0.131418
1.78414,-1.58715,10.441686,0.855001,0.318569
1.972897,-0.2886,6.980584,0.280933,-0.314294
1.230292,-0.646356,9.746682,0.236569,-0.017413
2.785707,-0.383203,9.507778,-0.183918,0.100441
1.906885,0.841101,11.943813,-0.36548,-0.046176
3.759881,0.46179,10.358909,0.110173,-0.213625
2.921624,-0.287103,7.003037,0.261468,0.575088
1.503324,0.320034,8.742719,-0.320525,0.000567
1.245111,-1.458118,8.813372,-0.391,0.430976
0.449216,0.510289,8.576415,0.051965,-0.353495
2.877317,-1.243614,11.509117,-0.28149,-0.002617
3.640879,-0.346829,7.629335,0.030252,0.001437
2.647095,0.613873,7.856862,0.116683,0.12358
3.062931,-0.159718,6.781947,0.425629,0.021771
0.356109,0.969085,13.833932,-0.5539,0.268186
2.242786,-0.965193,9.678723,-0.074032,0.244074
4.18844,-0.030686,9.162746,0.077594,0.370196
3.043022,-0.277822,7.656877,0.00875,0.081947
1.968107,0.4811,6.558312,0.442176,0.451467
3.012486,0.360151,7.110364,0.127132,0.113398
0.85577,0.027842,8.068372,-0.431784,0.005411
0.790057,-0.490829,9.663455,-0.042095,-0.010738
1.04333,-0.598306,10.849139,-0.005569,0.381091
2.863695,-0.192799,7.423812,0.029717,0.039679
2.91414,-0.117655,11.428434,-0.422055,-0.491908
2.531236,-0.122445,12.773537,-0.149326,0.012245
1.503324,0.831072,10.067165,-0.310342,0.247039
0.553699,0.813259,9.476943,-0.047389,-0.114694
3.296595,1.36082,13.349839,0.069535,0.042016
2.066004,-0.174687,6.970555,-0.198061,-0.219238
2.040257,0.497116,6.724466,-0.774197,0.010279
2.094744,-0.593665,7.719298,0.086042,0.000826
1.504521,1.212778,8.651858,0.152504,0.089405
1.462908,-0.408201,10.576406,-0.008972,0.187442
1.784888,0.303569,7.5259,-0.062179,-0.004272
1.482367,-0.907712,9.763596,0.332294,-0.184646
1.141526,-0.379012,9.731563,-0.129139,0.063769
2.460434,0.436941,9.879605,-0.189661,-0.474314
1.568438,-1.500929,10.865605,0.131011,0.034161
1.526675,0.382155,8.48735,-0.300784,0.418188
1.688489,0.166454,13.052856,0.157196,-0.157799
0.117955,0.86086,10.947784,0.076317,-0.068918
2.303859,0.428259,12.50275,-0.115805,0.105183
2.827171,0.793201,11.575728,0.074716,0.066993
3.557502,-0.398172,7.048393,0.059455,-0.026335
2.610871,-1.522334,10.095456,0.174444,0.456684
3.905079,-0.51463,8.496481,0.140184,-0.196459
3.125201,0.391436,11.395952,-0.661048,0.111087
1.587898,0.574655,10.147249,0.309095,-0.235703
0.994083,0.336949,8.79077,0.070191,0.491971
2.334994,-0.623004,12.439133,0.278076,0.006293
2.206711,-0.641416,7.793394,-0.919466,-0.454807
3.802543,-0.50954,10.831176,0.124553,0.039195
2.464625,0.224832,6.226901,0.325027,-0.201449
1.180296,1.541794,8.188272,-0.496518,0.200987
1.787433,-0.459095,12.368779,0.136387,-0.033047
3.433859,0.207469,9.106762,0.140547,-0.093656
3.131039,-0.992436,8.746761,0.389789,0.104595
3.034639,0.151485,12.568613,-0.757582,-0.235123
2.466271,-0.550405,6.651418,0.085253,-0.213247
3.426225,-0.818947,9.879007,-0.031433,0.022981
1.582359,0.215103,7.574399,0.669401,-0.012044
1.140478,1.276246,6.492599,0.099808,-0.078105
3.316503,-0.25956,11.086096,-0.360864,-0.276325
0.111668,0.553848,12.157119,0.110285,0.040171
2.828219,0.102237,11.404933,-0.095893,-0.349213
1.147214,-0.658181,9.638457,-0.574329,-0.355742
1.287024,-0.734672,9.855056,0.040319,-0.115574
2.963238,-0.045056,7.452403,-0.05713,-0.000171
1.905537,1.475781,10.046209,0.226896,0.060462
1.452729,-0.174088,12.116553,0.074884,0.087301
1.452579,-0.855321,8.285121,-0.317519,0.425426
0.884211,-0.666115,9.831106,0.375444,0.288949
1.546284,0.526156,10.856174,-0.452134,0.52153
3.238515,0.071551,7.420669,0.080798,0.054439
2.610571,0.01437,7.013815,-0.073113,0.09982
3.025359,-0.273182,12.270733,0.137821,-0.336683
2.307601,-0.078138,6.909033,-0.28163,0.383896
0.373024,3.425028,14.00323,0.099486,-0.284879
0.917143,1.608106,9.125024,-0.054461,-0.179522
3.145708,-0.700394,12.32986,-0.087736,-0.246916
2.212848,0.093406,13.331876,0.067843,0.158655
1.892814,-0.231868,8.254285,-0.393364,0.007452
1.342259,-0.030536,8.312364,0.134837,0.02538
0.507295,0.535736,10.907368,0.227673,-0.268387
3.14496,-0.134271,7.853718,0.181959,-0.1901
3.334765,-0.35566,6.475684,0.17439,-0.098885
1.29376,-1.021775,10.847942,-1.39128,-0.128943
3.01533,0.149988,8.682694,-0.631839,-0.411088
0.589474,0.271535,8.822803,0.039879,0.066216
2.397265,-1.664838,9.682615,0.494485,0.459501
1.751358,0.665815,6.807394,0.151932,-0.037467
2.775528,-1.228495,10.399774,-0.4792,0.143124
1.987417,-0.347727,7.939789,0.413266,0.23885
3.216811,-0.162712,7.255562,0.179925,0.232915
3.231929,-0.020058,8.830886,-0.677922,0.2626
1.944007,-0.171244,11.239827,0.227665,-0.227212
1.733395,1.520987,9.093739,-0.272958,-0.212347
-0.585283,0.264799,12.36369,0.18647,-0.056154
2.243385,0.308359,12.062366,-0.468702,-0.554293
1.203497,-0.260159,8.193362,0.019242,-0.005528
1.975143,-0.353565,7.145391,-0.054063,-0.137128
1.883683,0.204624,7.12668,0.097457,0.061635
0.889151,0.407453,11.752211,0.164725,0.433702
2.489024,-0.794697,9.037157,0.424276,-0.254998
0.712069,0.659828,10.669513,0.539475,-0.019097
2.454895,1.070274,10.726245,0.114652,-0.007829
1.989662,-0.061372,6.464906,0.289582,0.013351
2.853815,0.069905,8.577912,-0.565301,0.010335
2.823279,0.268542,6.212681,-0.19965,0.109706
0.718955,1.223705,14.594351,0.063997,0.013042
1.53865,0.497715,13.767321,0.175005,-0.236054
-0.603395,0.783321,10.236763,0.20861,0.072565
2.267485,-0.438438,8.817264,0.284853,-0.41688
1.902244,-0.419877,11.337274,0.01948,-0.187624
1.487008,-0.244142,10.5312,0.271487,0.356699
2.323768,-0.248932,6.689888,-0.181697,0.164804
2.511328,-0.394879,8.318502,0.100869,0.06905
3.899241,0.002395,9.99741,-0.054078,-0.0446
1.636397,0.479603,9.392069,0.127772,-0.255552
2.110312,-0.357756,7.079827,-0.136049,0.199323
1.908531,-0.561931,9.608519,-0.519454,-0.157955
2.973267,-0.33186,8.690328,0.030534,0.103245
1.717528,-0.485441,9.753567,0.004399,0.369283
1.081052,0.031435,7.378905,-0.00515,-0.034687
1.768572,2.277514,12.906461,0.115616,-0.165843
1.79357,-0.862955,11.267369,-0.004027,-0.008179
2.926864,0.206121,7.658374,-1.124063,-0.242118
1.924847,-0.512085,9.813143,-0.165991,-0.040627
4.239634,-0.956511,11.872711,0.719569,0.847377
1.825753,2.983147,7.151379,0.134737,0.066919
3.045716,-0.190105,6.157745,-0.179019,0.318597
0.682281,0.482596,9.657767,-0.237886,-0.098915
2.334396,0.051493,6.552923,0.622226,0.404605
2.218986,-0.332459,6.767726,0.094216,-0.015501
4.058061,0.553848,13.539045,0.117544,-0.106524
3.417393,-0.145947,7.173533,-0.178384,-0.324466
2.734364,-0.347727,7.75193,0.183426,0.036287
2.975512,0.116009,11.394605,-0.586092,-0.285456
0.235909,-1.237327,8.855285,-0.070642,-0.014121
3.494333,1.120121,11.864328,-0.118994,-0.253406
1.080753,0.421523,6.280789,-0.017458,-0.259179
1.678011,1.066532,7.536827,0.054146,-0.119541
0.741708,0.915047,10.254126,-0.206736,-0.118106
2.386936,0.10104,9.001831,0.260583,-0.379556
1.814976,0.518372,8.690777,-0.089258,0.079201
1.901047,1.383573,9.441466,0.395393,-0.083584
3.016377,0.666714,8.349787,0.019274,-0.08847
2.30835,0.398172,9.729018,-0.264294,-0.454383
3.74147,0.098645,10.184821,-0.030741,-0.048463
3.168012,-1.456471,10.911859,0.38032,0.262421
3.302582,0.263602,7.57874,-0.085375,0.095028
2.513124,0.087269,7.28056,0.305903,-0.261653
0.486039,1.662742,10.033036,0.097255,-0.088578
3.049159,0.315544,13.602962,0.532457,0.630871
3.677253,0.054187,10.577604,0.2456,0.053957
1.821861,-0.142354,8.272996,0.170488,0.055573
2.954257,-0.915496,11.490855,0.046344,-0.161704
1.469045,0.753234,8.440498,0.125855,0.069759
3.03928,0.094154,7.317533,0.06822,0.034506
2.504741,-0.473166,9.219328,-0.216566,0.272502
4.601132,0.149689,11.18549,0.09902,-0.138117
2.877466,-0.002994,7.406748,0.041997,0.040376
1.813928,-0.048948,6.465655,0.137744,0.073293
3.492687,0.5531,11.130704,0.12172,-0.075483
1.262624,-0.846939,8.779243,-0.63877,-0.130466
1.277893,1.473536,11.053913,0.190854,-0.214633
4.619244,-0.191003,10.880873,0.06407,-0.31907
2.46672,1.289568,8.465945,-0.421042,-0.079208
2.765349,-0.171244,6.530021,0.09654,-0.205877
2.468517,0.16825,8.037087,0.096781,0.788993
2.133214,-0.458946,9.836794,-0.233029,-0.012914
3.776497,-0.063019,10.207723,0.404038,0.161471
1.883833,-0.607587,10.450817,-0.842845,-0.313646
1.82261,0.26914,6.872658,0.161226,0.182731
1.625021,0.100142,13.022619,-0.007982,0.432358
1.852248,-0.466879,9.524993,0.239678,0.104805
2.204316,0.015119,12.39692,-0.446562,-0.444317
0.959954,0.795596,11.356734,0.213274,0.186644
0.939596,-0.085323,12.857513,0.092577,0.167781
3.103197,-0.918789,9.72333,-0.403469,0.04654
3.442841,0.171094,7.028933,-0.006002,0.089278
1.387764,-0.022154,7.533983,-0.278735,0.056653
1.933529,0.84634,8.336913,-0.426596,0.347847
1.920506,-1.01459,9.258547,0.262994,0.278101
2.148183,-0.032782,10.238259,-0.32163,0.16507
1.912273,0.476908,8.847801,-0.235905,-0.146996
3.295996,-0.062121,8.244855,0.472819,0.202705
3.992198,-0.479902,9.663155,-0.461754,-0.576018
1.716331,0.854723,7.388785,0.707487,0.251834
2.912344,-0.623154,11.817924,-0.221166,0.404323
3.771108,-0.538281,8.090226,-0.132976,-0.161252
0.578397,0.159568,6.973249,-0.185956,-0.202703
2.034719,0.018112,6.852301,-0.082615,0.002841
2.455194,0.358954,8.162376,0.060877,0.291247
1.263972,-2.295776,11.419603,0.15927,0.262451
2.111958,-0.658181,8.977132,0.349779,-0.163252
1.724264,0.681982,7.025191,0.124206,0.125822
1.514251,-0.077389,11.950249,0.031188,-0.065246
3.257676,-0.488734,7.49716,-0.26521,-0.404918
3.107238,0.298928,11.151959,-0.015111,0.325059
1.467698,-1.54344,9.815838,-0.005795,-0.002505
1.449137,0.123044,14.656172,0.094825,0.267801
1.96197,-0.130229,11.822415,-0.015396,-0.237396
3.211122,-0.581391,8.875493,-0.053555,-0.123543
2.229613,-0.462089,7.345375,0.065901,-0.035843
3.057841,-0.311053,6.950496,0.166215,-0.068673
0.839305,-0.855621,11.157797,-0.013156,-0.008687
2.004482,-0.620609,7.622748,0.285732,-0.531972
1.643732,1.21652,9.257349,0.091112,0.026204
0.950224,-0.280217,12.399765,0.104624,-0.033659
0.953068,0.704435,6.569539,-0.035895,-0.318307
3.941753,-0.090562,11.820469,-0.469612,-0.332648
2.597399,0.326321,8.475525,0.217801,-0.275987
1.142125,0.25477,7.00633,0.155374,0.188835
2.108515,0.200433,8.558153,0.065902,0.094871
2.246379,0.683928,12.513229,-0.108793,-0.034822
2.268832,0.672701,8.196056,-0.111576,0.12433
2.408791,-1.31771,11.037148,-0.01118,-0.213479
2.155218,0.326022,14.293027,-0.401615,0.116605
1.391506,0.434247,7.339986,-0.314208,-0.204035
-0.342787,-0.015717,10.19006,0.544068,0.204972
3.561993,0.089813,11.306738,0.190085,0.71518
1.357976,0.681682,6.348149,0.01641,0.081937
0.219593,1.147813,11.285033,-0.011004,1.038157
2.745141,-0.58184,8.859177,0.175829,0.385424
3.310965,-0.477357,11.601175,0.144304,-0.206566
3.585943,1.07237,11.197016,0.156372,0.289408
2.580634,0.227826,11.966715,-0.111596,0.234346
1.066832,-0.523012,9.833501,-0.157478,-0.162057
1.949396,-1.385668,9.95894,-0.252439,0.161004
3.75105,-0.135019,8.879834,0.118842,-0.015248
1.77456,-1.510509,9.423204,-0.634267,-0.04077
2.953957,-0.459544,8.709039,-0.236766,-0.365564
1.761537,-1.224903,8.470585,0.775077,0.465961
2.709216,1.090632,11.777658,-0.405932,0.067521
3.608546,-1.671574,11.653267,-0.844144,0.065315
3.945346,0.087269,10.681787,-0.155475,0.058105
1.219963,0.260907,13.433814,-0.131461,-0.388641
3.171904,0.438438,11.97375,-0.200268,0.043822
0.823887,0.349972,9.384585,0.190828,0.068125
1.430725,-0.09116,9.737102,-0.159541,-0.203617
3.0056,-0.099543,9.558074,0.215998,-0.105413
2.079027,0.078138,6.47733,-0.182891,0.316185
3.472928,-0.536484,11.69009,-0.285993,0.12834
3.876938,-1.308579,10.854528,0.189747,-0.288401
1.567391,-0.557141,11.189681,0.304603,-0.078243
2.448159,-0.212558,7.998018,0.360545,-0.169679
1.566792,0.299677,11.479029,-0.408174,0.132281
2.374961,0.032632,6.659951,-0.180227,-0.122031
3.506608,0.381407,6.496341,-0.203444,0.12966
3.462899,-0.699196,8.327333,0.022254,0.138562
1.772165,-0.743204,10.994187,-0.045715,-0.016352
0.566272,0.605641,7.358548,-0.084974,-0.129594
2.900967,-0.119152,13.175901,-0.005904,-0.011979
2.378404,0.13487,10.296189,0.012725,-0.005322
2.643952,0.026196,9.337582,0.236432,0.111811
3.388953,0.241897,11.513308,0.035034,-0.176382
0.931812,1.532813,12.242741,-0.225244,-0.395564
1.848805,0.986449,10.082583,-0.134333,-0.319491
2.648293,0.576751,13.998889,-0.7038,-0.261152
3.888913,-0.327669,11.00736,0.0864,0.226571
3.400179,-0.004341,12.411291,-0.230642,-0.001179
2.316283,0.069156,13.001064,0.193531,0.097084
1.365161,-0.424517,9.458381,-0.231727,0.3417
1.228196,1.495241,12.995526,-0.156516,-0.185133
1.867217,0.204774,6.094576,-0.090034,-0.102276
3.762725,-0.195044,8.177046,0.069016,-0.07167
0.260458,0.377066,12.551549,-0.147846,-0.135107
3.59223,0.554148,10.661429,0.187508,0.101947
0.426014,0.785716,7.382498,0.002753,-0.348437
1.442401,0.378563,13.401781,-0.220433,0.035937
1.111289,0.439935,8.841963,-0.596934,-0.186904
3.100203,-0.467328,11.027269,0.086657,-0.050679
1.108295,-0.344733,8.785979,0.054404,0.110003
1.681154,-0.746947,9.070837,0.069952,-0.285337
3.777545,-1.725612,11.993809,0.451887,0.346732
0.422871,-0.152682,9.871372,0.485261,-0.00231
4.201014,-0.130978,12.85856,-0.17938,0.333949
2.221081,-0.337099,11.548485,0.330369,-0.717176
1.804198,-0.791554,10.02136,0.195453,0.211505
3.102748,0.196392,8.794362,-0.756052,0.378829
0.740211,0.466729,7.512727,0.301831,-0.082241
0.734972,-1.242716,8.666528,-0.116049,-0.097205
2.26015,-0.373174,7.445667,0.014487,-0.030206
1.253643,1.65406,10.234368,0.025444,0.432162
3.566633,-0.096849,10.171648,0.042817,0.164466
2.977159,0.055984,11.451037,0.344601,-0.160662
1.61559,1.283431,13.269606,0.000498,-0.120546
1.270109,-0.234712,13.005854,-0.15317,0.096657
3.131189,-0.55774,7.721244,0.069178,0.553785
3.287015,-0.108824,9.59864,-0.325546,0.174025
4.351002,-0.073647,11.881692,0.103079,0.158572
3.737129,-0.270488,11.176209,0.236278,0.086636
4.283043,-1.342858,11.193573,0.154722,-0.078374
2.196083,-0.186362,12.012969,-0.142185,0.122027
0.688568,0.619113,9.597592,0.277485,-0.236315
1.692381,-1.026266,9.640103,-0.066253,-0.004388
3.324137,1.556912,11.166329,-0.04957,-0.34315
0.584085,-0.373174,12.338991,-0.698044,0.072074
1.601071,-0.599054,11.726315,-0.122803,-1.261911
3.414998,-0.042362,11.920611,0.11202,0.116929
1.593736,-0.073347,7.460636,-0.055762,0.446589
3.272944,-0.328716,7.391479,0.54464,0.025266
2.242786,1.039139,13.388009,-0.775666,0.013508
0.542622,1.064436,10.408156,0.107972,-0.13135
0.207768,-0.843047,8.228539,0.006391,0.046196
2.655328,-0.679287,11.564651,-0.316303,-0.266818
1.100511,-0.645757,9.830807,-0.366488,-0.14412
0.803529,0.679886,7.548353,-0.1217,-0.254264
1.522334,0.099393,9.204659,-0.105861,-0.289416
2.986739,1.174607,9.073082,0.146317,-0.160616
1.290167,-0.574356,9.732162,-0.36258,-0.42348
2.589765,-0.290995,11.71898,0.016768,-0.266126
1.903442,0.695304,6.980434,0.308681,0.095106
1.382226,0.914149,14.615158,-0.360543,0.090053
3.93861,0.225581,11.126363,-0.179003,-0.051506
3.804189,-1.005309,13.763878,-0.194429,-0.007106
2.648293,-0.454904,10.794353,-0.057899,0.337032
1.465004,0.66342,7.580836,-0.080109,-0.074063
4.221072,0.365091,6.292914,0.452937,0.06599
3.274141,0.01901,9.259744,0.21839,-0.32607
3.673062,0.468226,10.030342,-0.110146,0.048176
2.382745,1.156944,13.452675,-0.136301,-0.152354
3.944747,-0.14924,11.389815,-1.100948,-0.27154
1.837878,-0.64426,7.535929,0.223416,-0.191899
2.382895,-0.473465,7.847431,0.086985,0.307076
1.585802,0.884062,13.094919,0.213588,0.006066
2.095492,-0.034877,9.676777,-0.056906,0.040651
0.416584,-0.276924,12.847184,0.350023,-0.217981
2.643503,-0.130529,7.127279,0.039572,0.130832
2.183958,1.24541,8.114626,-0.050891,-0.258886
1.520239,-0.487087,9.92077,-0.01083,0.048164
0.565823,0.344434,13.556709,-0.021559,-0.371443
4.4721,-0.242346,11.297756,-0.364324,-0.398991
2.044299,0.204325,8.993747,0.044612,-0.022895
3.168311,-0.438139,8.482411,-0.049541,-0.004533
1.976939,-0.581241,8.378826,0.005566,0.001627
2.205963,-0.000449,6.661447,-0.264841,0.017576
1.814227,0.512235,8.285869,-0.051529,0.305637
2.114802,-1.225052,9.092692,-0.043072,-0.12254
2.968926,-0.337997,11.183244,-0.594452,-0.518668
0.91385,1.094524,9.448951,0.254279,-0.147649
2.836152,0.068108,14.317876,0.399731,0.167871
1.542093,1.217568,7.256909,0.385631,0.365296
2.157913,-0.347428,7.26604,-0.513832,-0.207071
2.187252,0.202379,9.36782,0.039443,0.04204
3.060087,-0.108973,7.311096,-0.294635,-0.477368
0.745899,-0.18262,7.590416,-0.210035,-0.071952
1.525178,0.298928,6.795569,-0.182067,-0.217708
1.790876,0.830623,6.901249,0.321228,-0.121857
2.08217,-0.121248,7.616761,0.010532,-0.016541
3.490591,0.263153,7.403904,0.341559,0.02535
2.977309,0.335003,11.499986,-0.059628,-0.0547
1.734892,-1.132245,10.265652,0.279756,0.277764
3.362308,0.707728,13.429473,0.6832,0.366425
1.667233,-0.597258,8.261919,-0.129133,0.0929
1.254541,0.53858,7.218289,0.585333,-0.215221
0.387245,-0.445623,8.653804,-0.46667,-0.261449
4.072282,-0.026345,7.677984,-1.05178,-0.178313
3.876938,-0.44742,11.10825,-0.23483,-0.093012
1.729054,0.181872,7.523505,0.13835,0.412934
3.941454,1.012045,11.311977,-0.108867,-0.190143
3.268753,0.047751,9.028176,0.253936,-0.043051
1.953438,-1.322051,8.717272,-0.14281,-0.27726
1.228495,-0.036674,6.88149,-0.113165,-0.38647
1.549578,-1.280138,11.211985,-0.014061,0.187931
2.828967,0.181123,8.911568,0.12319,0.050621
2.75068,-1.384471,9.749226,0.515646,0.564016
2.158811,-0.119152,6.361172,0.03316,-0.326216
1.582659,-0.69246,9.746083,-0.148571,-0.169944
2.758613,-0.118853,8.469687,-0.124324,-0.357781
2.902464,-0.143402,6.979686,-0.704138,-0.032445
2.316283,0.63977,7.920629,-0.124505,0.025983
3.966901,-0.348176,11.23833,-0.758265,0.293236
1.859882,0.62989,12.804822,-0.005515,0.03478
2.842888,-0.299228,7.533833,0.057392,0.119672
3.377726,0.611029,8.88193,0.051763,0.067703
2.073937,-0.532443,8.461754,-0.662822,-0.210259
2.138603,0.072599,9.666898,-0.383152,0.120739
1.657354,-0.145647,8.305778,-0.014255,0.38133
0.962199,-2.492317,12.068354,-0.204152,-0.074086
2.156266,0.289797,7.671098,0.006493,0.076341
2.364333,-0.330662,6.691834,0.052804,-0.120631
2.442171,0.17783,8.215067,0.118431,-0.175262
1.210682,2.099534,10.207873,0.649004,-0.222285
2.031575,-0.73557,11.120974,0.219296,0.058244
-0.46643,0.064965,12.343033,0.280153,-0.163414
2.506238,-0.118254,6.048622,-0.118213,0.158148
3.641777,-0.021705,7.753576,-0.008517,-0.128099
2.527195,-0.60579,10.16102,-0.050115,-0.105052
-0.45191,0.613125,10.871443,0.111137,-0.132904
1.289718,0.401166,7.24194,0.04139,-0.228091
4.054618,-0.681832,8.102501,0.096207,-0.211878
2.819387,0.098645,9.839189,-0.925576,-0.357419
1.883383,-0.554597,9.21828,-0.538342,-0.853913
2.934198,-0.571362,8.16552,0.341423,-0.013308
2.892884,0.914299,9.070837,0.067589,-0.291009
2.652784,-0.772543,9.243728,-0.103347,0.051198
1.585204,1.041384,12.776681,-0.090208,0.075632
2.938689,-0.39413,10.107282,0.019944,0.15639
3.995192,-0.436343,9.454789,-0.037228,0.355019
3.924389,-0.17319,8.953331,0.435247,0.05241
2.244433,-0.005389,6.509813,0.278688,-0.159573
2.155069,1.804947,8.679401,-1.060279,-0.413718
1.139131,0.922083,7.153774,-0.083789,0.168404
1.334475,-0.462838,9.761501,-0.093167,0.280009
2.855612,0.026645,6.330186,0.264561,-0.118467
4.142785,0.619861,10.494377,0.734388,-0.31326
1.512455,-0.806523,8.527168,-0.163832,0.13529
3.878734,-0.078287,7.883806,-0.381357,-0.00536
2.971321,0.959056,13.118719,0.830705,-0.419242
3.352578,0.599054,10.906919,-0.030866,-0.078417
2.219734,1.134341,12.922627,-0.117628,0.505807
0.89903,0.194446,7.440577,0.25855,0.02047
2.969076,0.010478,7.020551,0.249043,-0.129191
2.285747,-0.179327,6.958879,0.012526,-0.046284
2.509382,0.73557,9.304202,-0.205094,-0.123383
3.306923,-0.392334,11.964619,0.126319,-0.350611
1.328188,-0.505948,8.037087,0.220562,-0.27037
3.797004,-0.118703,10.99793,-0.9839,-0.584384
4.186344,0.433648,10.859917,-9.1e-05,0.268233
3.829187,0.270937,9.958342,0.33984,-0.238066
1.666784,0.470322,11.422447,0.097034,0.144271
2.187551,0.780776,11.014695,0.017925,-0.134788
2.808609,-0.039817,6.257587,0.06064,0.194282
2.164948,-0.268542,8.132289,-0.047431,-0.040799
1.247057,-0.854723,9.143137,-0.429075,-0.717337
3.23612,0.279169,8.497829,-0.420082,0.109523
1.833088,-0.146845,7.144792,-0.074508,0.122223
2.321073,1.301693,7.902966,-0.205156,0.249444
1.694476,0.058528,9.903855,0.152306,0.121941
2.694397,-0.174986,11.833492,-0.718267,0.246013
1.990561,1.688489,10.499466,-0.497137,-0.5525
1.665736,0.345482,6.187084,0.016177,0.283513
0.278571,0.322879,10.525662,-0.221374,0.449673
1.197959,0.941542,6.752159,0.025466,-0.271835
0.883014,0.146246,6.883586,-0.101576,0.291382
3.464845,-0.000898,11.981235,-0.981583,-0.05275
2.633174,-0.485441,8.855285,0.072964,-0.075711
2.700235,0.291893,11.685151,-0.049939,-0.110876
2.643203,-1.141676,7.403754,0.263227,0.115686
1.122067,-0.685574,12.202924,-0.250893,0.291799
1.585353,1.373843,8.507708,-0.256041,0.245096
4.56835,0.291444,9.688453,-0.286916,-0.255089
2.552941,1.528322,11.515104,-0.247979,0.400208
3.578758,-0.356708,11.708352,-0.687428,-0.538947
1.018931,0.218096,14.26788,0.312506,0.664789
3.906277,-1.051713,10.736573,0.870479,0.611951
1.414708,-0.138462,8.303084,0.11729,-0.070457
0.51912,-0.733475,12.097693,-0.211549,0.046455
2.592459,-0.495021,11.816428,-0.338818,-0.142003
2.410587,-0.359253,7.700587,-0.020952,0.052022
2.487677,0.309257,7.751481,0.345577,-0.06969
4.138145,-0.354762,10.449919,-0.057414,-0.315681
2.436483,0.074695,7.226822,0.691647,0.408839
1.637146,0.248184,10.116712,0.197682,-0.392196
1.030757,1.045875,6.766978,-0.04809,-0.093222
4.07797,0.330213,10.839709,0.312299,0.36515
0.872835,0.069306,7.263645,0.112141,0.064407
1.961222,-0.851879,9.620644,-0.963216,1.143878
1.693728,-0.645907,7.887847,0.00411,0.031434
3.081791,0.051044,8.517438,0.131668,-0.278854
1.447939,-1.25035,9.099727,0.982075,0.259707
0.178579,0.561782,12.741354,-0.000553,-0.064512
2.33694,-0.509241,6.976842,0.011608,0.166007
2.233056,-0.953068,8.78568,-0.063486,0.241282
1.709445,1.638642,12.788806,-0.203642,0.007634
2.537823,-0.863405,10.782677,0.172109,0.172818
1.642684,0.466879,7.089408,0.267785,0.406893
1.496588,2.223925,9.776769,0.012571,-0.344638
2.777474,-1.147514,12.544514,0.423686,-0.003127
1.225651,-0.190703,12.739708,0.013704,-0.017127
2.172283,0.206121,8.686137,-0.235647,0.226545
1.57263,-0.224383,6.264623,0.047996,-0.694185
2.038162,1.040337,9.128767,-0.083355,0.354196
2.306104,-0.02874,9.293125,0.239564,0.057812
1.626218,-0.445923,8.065228,0.10816,0.010283
2.43319,0.360001,12.308305,0.697889,-0.113074
1.265918,-0.626298,11.609558,0.283366,0.367761
3.041076,-0.642614,11.467054,0.142006,0.084015
3.276836,1.75525,9.153615,-0.170866,0.338304
2.42376,-0.517474,9.875115,0.117175,0.477021
1.1782,-0.731529,9.573791,-0.066906,0.15363
1.927841,-0.123942,9.718091,0.11669,0.083845
1.497336,0.938997,8.25698,0.011625,0.25119
1.448987,-0.994083,11.864478,0.14234,-0.220477
1.812431,0.210313,8.655451,0.063289,0.126565
2.099684,0.751288,7.34792,0.089586,0.077473
1.437012,0.322579,6.984775,-0.037309,0.177513
2.677183,0.545316,7.596403,0.248871,-0.073608
3.485502,-0.981958,12.449761,0.448697,0.082814
1.896257,-0.708626,9.655222,0.420281,0.016591
1.14931,-0.421523,13.559253,-0.323937,0.117774
2.690505,-0.829725,9.838141,-0.522587,-0.034948
2.235601,-0.905018,9.834699,-0.466104,-0.142194
3.485801,0.193997,7.328311,0.432465,0.2941
2.025887,-0.434097,6.941216,0.24526,-0.071688
2.856959,-0.181273,9.755364,0.060579,-0.009819
1.768123,-0.613873,9.749675,-0.08121,-0.201987
3.490442,-0.562231,12.216546,0.205742,-0.208321
1.433719,-0.884361,9.154363,-0.186602,0.008697
3.700605,0.424218,10.166259,0.143517,-0.059872
3.213667,0.102836,7.295828,-0.230779,-0.233729
2.239343,-0.292192,7.135212,0.299639,-0.074734
2.863396,-0.031435,6.031557,-0.055744,-0.280556
1.12521,-0.459694,9.704469,0.113584,-0.090515
3.469785,0.118553,10.737771,-0.442217,0.030631
2.078428,0.593965,11.665691,0.686563,0.5446
1.307381,-0.876278,9.474099,-0.188096,-0.070287
1.733395,-0.11541,13.740676,0.052894,-0.276303
1.876498,-0.503104,7.018754,0.37266,-0.307027
0.817151,0.13472,6.936126,0.367279,-0.120657
2.177522,-0.967588,8.467292,-0.671896,-0.384425
1.027763,0.584385,7.161108,-0.358427,-0.02949
2.792293,-0.073347,6.832542,-0.225207,0.65067
-0.152682,-0.290246,10.174941,-0.003272,-0.451145
1.749412,2.329306,13.969251,-0.177183,-0.178103
1.862726,-0.215103,7.844288,-0.010675,0.081271
0.914299,0.024699,10.615924,-0.039187,0.104509
1.066832,0.898881,13.214969,0.006136,-0.072158
0.688418,-0.285456,12.300072,0.149461,-0.015852
2.397265,0.266446,14.373261,0.158824,-0.161779
4.360133,-1.40917,11.249407,-0.030629,-0.094341
2.589765,-0.59157,7.008875,-1.087638,0.183563
2.244732,-0.394729,5.974676,-0.278212,0.001577
0.56762,0.786465,11.544593,-0.145373,-0.202441
2.619403,-0.239801,7.754774,-0.103249,0.280301
0.647703,-0.654439,11.0123,0.269569,-0.0853
2.47645,0.128134,7.077732,-0.061849,0.068347
1.890119,-0.378563,8.108189,-0.153548,0.007769
0.903072,1.981729,6.239176,0.073965,-0.114176
0.466879,-0.571362,11.620784,0.083379,-0.304811
0.598006,0.212857,6.31866,-0.383094,0.151063
3.887715,-0.231269,7.629035,-0.114321,0.181229
2.921325,-0.042212,11.713591,-0.389629,0.215756
3.529959,-0.997825,12.379706,-0.223944,0.084127
-0.045655,1.223256,11.267369,-0.086616,-0.102025
1.456471,0.098046,6.135142,0.172619,0.003305
1.753903,-0.924178,13.857882,0.085151,-0.381473
1.829496,0.86535,11.982432,0.003879,0.349443
2.571353,-0.347428,8.11747,-0.937901,-0.326524
1.30334,-0.792751,9.708661,0.005556,0.272928
1.478625,0.925226,12.79135,-0.254665,-0.299343
1.342558,1.129102,8.800948,-0.664279,-0.561295
3.243306,1.251098,11.621533,0.013654,-0.189165
0.674797,1.280437,6.925199,-0.2465,0.242787
0.934656,-0.528102,9.768237,0.049359,-0.235165
1.207689,0.506696,7.619455,0.285451,-0.041198
1.887575,0.49532,5.791157,0.238739,-0.336849
1.435964,-0.050744,6.851702,-0.137526,-0.223294
2.194437,-0.32243,11.072774,0.169987,0.247021
0.711321,0.56283,12.881463,-0.102654,-0.202017
1.381926,0.200882,7.590715,0.012753,-0.455905
0.805325,-0.228724,11.348201,0.474063,-0.796021
1.67816,-0.804727,6.791826,0.272159,-0.001437
0.935555,-0.963846,9.027128,0.240306,0.123402
1.381028,-0.624202,8.40098,-0.043969,0.081043
3.73174,0.489632,12.395873,0.05667,-0.214099
1.306783,-0.226479,11.761791,0.000817,0.016177
2.8854,-0.326321,8.392897,-0.132906,-0.570741
2.795736,-0.959654,9.9061,-0.149284,0.266148
1.849254,-1.022973,11.000025,0.119665,0.054396
2.049837,0.374072,7.93919,-0.098365,-0.549421
3.181035,-0.453257,11.341765,0.239972,-0.09953
2.070045,0.29339,7.576944,-0.198309,0.088003
0.71177,-0.435744,9.839189,-0.017284,0.025608
1.015638,0.512235,10.690619,0.064842,0.17336
1.93293,0.223485,11.266172,0.086118,0.849522
3.977978,0.390987,8.195607,-0.286352,0.273162
3.031945,-0.248184,11.427985,-0.396342,0.064393
1.850003,1.422642,7.409143,0.436996,0.033901
2.129771,0.553848,11.500285,-0.967675,0.028824
0.491727,0.453557,11.759696,0.055659,-0.092018
1.915117,-0.015268,8.589887,-0.159217,0.517478
3.230432,-1.436114,12.917837,0.317814,-0.226689
2.937791,-0.125289,8.091873,0.219302,0.031624
2.602638,-0.550256,9.467961,0.272951,0.232471
1.297053,0.283361,6.347401,-0.471655,0.086168
1.612896,-0.550106,8.790021,-0.131223,-0.325238
2.454596,0.151635,14.374009,0.0294,-0.203324
2.055076,0.830024,6.791527,-0.153292,-0.027453
3.001259,0.585882,6.951993,0.304886,0.076448
3.379522,-0.566422,10.936707,0.073017,-0.292972
0.73572,0.794697,13.295202,0.135283,-0.008839
0.180225,1.603316,12.48359,-0.269987,0.060329
1.79357,0.761017,6.203999,0.120934,-0.009495
1.669179,-1.340762,11.291769,0.261266,0.061006
0.787662,0.709525,6.711593,0.298964,0.168008
2.680476,-0.012125,12.011023,-0.550644,0.026124
1.971999,-0.099543,12.806918,0.02092,0.349274
-0.323627,1.132994,10.3631,0.142645,-0.340428
3.229085,-0.840203,11.859837,0.145561,-0.341246
0.989442,-1.696871,13.444292,0.07255,-0.020679
1.127306,0.607287,11.994557,-0.199678,-0.119684
2.225123,-0.030237,9.550889,0.010885,0.056695
2.243834,0.429906,10.620415,-0.306862,0.146939
1.603915,0.425116,9.977053,-0.064827,0.17398
2.345622,-0.507894,7.118896,0.065001,0.718229
0.351768,0.677192,10.72849,0.126829,-0.037094
1.297652,-0.339793,7.615264,-0.055072,0.208775
3.421585,-0.527802,11.632011,-0.040868,-0.069045
0.492326,0.324675,7.719597,-0.305275,-0.239199
0.968336,0.515229,12.600347,0.003116,0.093471
1.647624,0.855471,11.370505,0.123583,0.3121
2.016906,0.906216,12.34438,-0.100603,-0.145949
4.169729,-0.40401,9.888287,0.094902,-0.173389
2.633324,-0.276625,9.063652,-0.349269,0.171724
3.173251,0.502056,11.188184,0.165053,-0.113365
0.986,0.348326,13.47917,0.037206,0.019061
0.78362,0.704734,11.7817,0.022724,-0.018311
2.803969,0.315694,6.896459,0.178471,-0.093548
1.635798,-0.679587,7.471563,-0.055685,-0.038869
3.923042,-1.175356,11.428884,0.65673,0.474318
0.463736,0.804277,7.235953,0.138843,0.179519
3.214416,-0.856219,11.48846,-0.908381,-0.556143
2.632875,-0.641716,11.59414,-0.024542,0.093369
2.028282,0.438588,13.22904,0.108192,-0.168742
4.595144,0.504002,13.61359,-0.058925,0.009958
1.806443,-0.503104,6.902446,0.186139,-0.01399
0.202978,-0.88945,13.32529,-0.257067,-0.107664
3.057392,-0.467777,8.688532,0.092588,-0.329331
3.012486,0.381557,10.082284,-0.706594,0.049147
2.459236,1.289568,7.979457,-0.029577,-0.213887
0.81266,-1.219364,10.155033,0.120986,-0.193185
2.076482,0.105231,6.832242,0.14537,-0.048262
2.140399,-0.260309,8.402327,-0.072994,0.005521
2.963986,-0.42811,7.423363,0.369749,0.209872
2.21689,-0.162712,6.508615,0.1357,0.1626
1.29825,-0.176483,8.239765,-0.394743,-0.203329
3.352578,-0.386945,12.313394,0.149748,-0.157811
0.65384,-0.416434,13.355826,-0.085499,0.031696
2.815196,-0.150886,8.860225,0.251306,-0.197636
3.301085,0.040865,8.921897,-0.346618,0.414428
2.284549,-0.748144,10.195149,-0.124286,0.099492
1.289269,-1.242416,11.504476,-0.240076,0.11542
3.354674,-0.388293,8.087382,-0.061649,-0.105317
3.678301,0.095501,7.235504,0.25988,-0.121482
2.634072,0.602347,11.885284,-0.317867,-0.484607
1.974694,-0.557291,6.242319,0.000845,-0.468243
2.926864,-0.653541,9.477841,-0.623388,-0.076647
0.420176,1.40423,7.89114,0.027134,-0.23126
3.800746,0.108973,7.45869,0.053387,0.307251
1.271456,0.401914,13.419145,0.011697,-0.129809
2.348766,1.165925,7.990234,0.194326,0.221036
0.270038,0.531096,12.775483,0.07364,-0.059905
2.867437,0.141905,10.927576,-0.082634,-0.097703
2.054627,-0.558339,7.235953,-0.109512,0.359409
2.796335,0.660427,6.640192,-0.143025,-0.04062
2.506987,-0.767005,7.325916,-0.423846,-0.317203
1.115929,-0.38949,11.982283,-0.008202,0.10827
1.743874,1.463956,13.294155,0.428832,-0.109968
2.504741,0.679287,7.615264,0.078968,0.24881
4.686904,0.18262,10.458302,-0.382628,0.015456
2.071393,0.935255,7.916288,0.219942,-0.200007
3.532205,0.027243,7.330556,-0.10209,0.054048
0.133373,1.432222,12.624148,-0.001045,-0.273414
2.81774,-1.128803,10.094558,-0.025274,0.13117
4.259842,-0.17813,11.35344,-0.299168,0.292912
4.230802,-0.158969,10.919792,-0.035041,-0.058478
3.339855,-0.313598,8.57881,-0.151691,0.213127
3.778443,-0.147443,11.750714,0.263672,-0.002454
2.049239,0.059576,11.352093,-0.140526,-0.183884
0.876427,1.126557,7.912246,-0.056926,-0.056124
1.380429,0.020208,7.242689,0.021409,0.006833
3.459905,-0.449815,8.555159,0.009567,0.013151
2.563868,1.084046,11.542647,-0.000517,0.022964
2.249971,-0.369731,8.897498,-0.159626,-0.223217
2.137854,0.141905,6.523285,-0.08671,0.041323
3.003804,-0.37976,9.105715,-0.212982,-0.059223
1.627865,-0.070952,7.370224,0.073859,-0.112822
3.295996,0.906216,11.878997,0.030939,-0.161896
2.698888,-0.195943,7.138954,0.177028,0.162537
1.726959,-0.732277,7.567813,-0.056062,0.027817
3.550616,-2.648293,11.079959,-0.041716,0.360971
2.087709,0.195793,8.458161,-0.015966,-0.281455
1.762884,1.117576,7.332652,-0.017656,-0.20722
2.383793,0.281265,10.336006,0.234768,0.163674
1.682501,1.456771,11.258089,-0.43447,-0.10806
4.216282,0.07679,10.67071,0.234012,0.263088
2.02918,0.181423,7.108119,-0.53919,-0.308233
0.229024,0.044008,10.055639,-0.107799,0.154159
1.888323,0.679437,12.896132,0.263472,-0.006293
3.072062,-0.095052,8.820707,-0.096369,0.083934
0.681533,0.615071,10.336904,0.214866,-0.012479
2.120041,-0.689317,9.609866,0.333388,0.490465
3.494932,0.241448,7.403904,0.025447,-0.186274
2.634372,-0.429457,6.849756,-0.055471,0.24546
0.698148,0.902324,11.939322,-0.666162,-0.368085
2.547403,-0.002844,8.584798,-0.135037,-0.306864
1.674867,-0.820893,10.073003,0.218034,-0.367484
3.006648,0.674048,7.365134,0.350266,-0.142168
3.813919,-0.076641,11.507021,0.371883,-0.060143
1.873803,-0.33171,10.084679,0.419275,0.074651
1.526376,1.271306,9.92526,0.006065,-0.058348
2.259551,-0.087718,6.685098,0.059855,0.066573
1.51949,-0.353565,8.135133,0.074929,-0.106514
3.034789,-0.440534,11.212583,-0.305616,0.167371
1.199605,-0.761317,9.74758,-0.665749,-0.425262
2.150728,-1.275198,8.868907,0.111329,-0.165095
1.797013,0.15882,6.950047,0.004226,0.055852
2.05822,0.970432,12.789255,0.230863,0.081991
2.070045,0.29339,7.576944,-0.139692,0.153272
1.050216,-0.146396,7.956105,0.067276,-0.051635
2.116,0.554297,8.616981,-0.082173,-0.020404
3.684887,-0.105231,7.410939,0.081345,-0.165739
1.198857,0.4811,7.346423,0.084385,-0.029705
3.475622,-0.398471,8.25189,0.215303,-0.425521
2.364633,-0.360001,8.277038,0.131706,-0.204693
1.74073,0.376767,9.350156,0.097248,-0.595773
1.853296,1.782493,9.071586,0.360441,-0.289421
4.259991,-0.37976,9.847572,0.551887,-0.158481
1.959276,0.048349,6.604416,-0.459474,-0.310406
3.29899,0.634081,7.841144,-0.278331,0.07344
2.282454,0.57226,11.516601,-0.236756,0.018522
0.217198,0.253722,11.1804,-0.419371,-0.00214
1.42339,0.435744,12.370276,-0.288013,-0.126305
3.131039,-0.045505,7.516918,-0.290542,-0.367761
0.268691,0.432451,9.399254,-0.208437,0.040903
4.228108,0.786315,9.174422,0.164625,-0.093406
3.178191,-0.213306,8.066875,0.216197,-0.208345
3.172952,1.318009,11.6374,0.774217,0.599426
1.036295,-0.414039,7.31903,0.010399,0.229969
1.746418,0.459993,11.971206,0.196617,0.270796
1.145568,0.294887,13.768069,-0.155576,0.113435
3.586691,-1.52937,10.61802,-0.194245,-0.46555
-0.091759,-0.274379,13.014386,0.171546,-0.278135
1.914219,1.698069,10.544672,0.102786,-0.090994
3.359464,-0.093555,11.14672,0.175748,-0.209883
0.870889,-0.111668,7.85746,-0.235271,0.336513
2.590513,-0.243394,6.521788,0.057273,0.292733
3.474275,-0.125439,8.225695,0.03867,0.22521
4.070934,-1.008902,10.452015,0.354998,-0.155472
1.962419,-0.587977,10.347981,0.051894,0.016452
2.244283,-0.268542,6.226602,0.044869,0.03643
2.624492,-0.061223,7.666757,0.529992,-0.390542
2.681224,-0.560135,6.232589,0.055375,0.130688
2.201622,0.359702,8.409812,-0.014801,-0.032651
1.291664,-0.446821,9.585018,0.215332,-0.379198
1.180595,-1.126707,9.436826,-0.129647,0.01344
2.146985,-0.832569,12.654684,0.18218,-0.416117
1.859733,0.991538,9.974059,-0.168131,0.281193
2.415377,-0.301024,6.81892,0.247959,-0.224031
2.663711,-0.412542,6.151159,0.321851,-0.121653
2.469265,-1.844764,10.4833,0.149197,0.241519
1.754352,-1.106649,9.957144,0.193513,0.056058
2.393373,-0.444875,6.931785,0.208736,0.1027
1.538201,0.743204,6.231691,0.327947,-0.558956
-0.183069,1.355431,10.773995,0.084431,0.291922
1.952091,0.797092,9.287137,0.218358,0.190639
2.526746,0.324974,6.529572,0.153979,0.162565
2.257456,0.16361,7.306905,0.129631,-0.155558
4.186045,-0.851729,10.349328,0.163441,0.227958
1.344803,-0.005988,11.301199,0.034389,0.043544
0.80323,0.425116,6.398594,0.102872,-0.170805
5.213359,-0.333357,9.14658,0.473439,0.177971
1.247057,-0.161065,11.76254,-0.002193,-0.180635
1.897454,0.414338,7.307055,0.000962,0.093518
1.660796,-1.041235,9.173074,-0.383167,0.221353
2.644551,-0.204624,13.40702,0.123935,0.079087
1.222358,-0.648452,9.775272,-0.058876,-0.132532
2.484683,-0.527653,7.692653,0.045314,-0.508146
2.270628,-0.540376,6.620882,0.179396,0.166579
3.147205,-0.173938,11.706706,-0.163532,0.266736
1.273851,0.727337,13.092374,-0.492997,-0.043227
3.194357,-0.156874,6.752458,-0.227696,0.103992
0.402513,1.190025,8.299641,0.14447,0.698938
1.564247,-0.069755,13.114379,-0.141902,0.348786
3.12086,-0.504601,8.421936,-0.137221,-0.119976
2.028432,-0.801882,9.27127,-0.066485,-0.016664
3.042872,0.66821,11.682157,0.730522,-0.392117
2.589166,0.282762,6.730304,-0.340304,0.43316
1.677711,1.267414,8.621022,-0.065589,0.10496
2.193239,-0.283211,8.82894,0.17097,-0.762093
2.528991,0.458646,7.541168,0.441652,0.008707
2.958598,-0.381557,11.940819,-0.025769,-0.023767
3.12086,0.272284,7.695347,0.095996,0.214831
3.288811,-0.144749,12.024794,-0.073919,-0.138089
2.745141,0.380359,8.325687,0.202699,-0.012132
3.226391,-0.277373,7.556736,0.020033,0.100298
0.036225,0.67315,9.552086,-0.020991,0.206274
4.581373,-1.471141,10.751841,0.082066,-0.120647
1.544788,1.935026,13.782888,0.056269,0.044155
3.763923,-0.389789,8.311466,0.088072,-0.231092
1.140478,0.510289,11.424992,-0.084083,0.280072
0.445923,0.684826,9.918225,0.245842,-0.169046
1.518742,-2.374213,11.488011,0.522454,0.233146
1.045127,-0.61088,9.606872,0.05147,0.008808
0.463436,0.119901,7.085216,-0.023758,0.116449
3.844605,-0.294737,7.821685,-0.906298,-0.219953
2.800826,-0.320633,9.474398,-0.213788,-0.297438
0.986299,-0.667911,9.741892,-0.302577,0.51967
3.686833,-0.547861,8.307275,0.018951,-0.141929
1.575923,-1.470841,12.504247,0.223687,-0.19537
0.15373,-0.205672,12.446018,-0.484593,0.131477
2.684518,0.886307,10.000554,0.212467,0.059871
3.564388,-0.465382,8.278385,0.052272,-0.274501
2.742746,-0.065713,6.23244,0.216409,0.161985
1.677711,-0.794398,12.091406,-0.579239,0.237745
0.790057,-1.648672,11.322455,0.011168,0.006687
1.584754,0.330363,9.483828,0.213372,0.271095
2.888394,0.483495,8.118068,0.375175,-0.142799
2.595602,-0.09116,6.433921,-0.171371,-0.028816
2.402504,-0.373623,8.166568,0.084903,0.043317
2.618804,-0.958008,8.850795,0.07114,0.117614
2.258653,-0.368983,8.943153,-0.178521,0.055227
3.470383,0.080982,8.759335,-0.078282,-0.201876
3.028353,-0.461191,7.080875,-0.039302,-0.008553
3.598068,-0.318987,12.0221,-1.063373,-0.246793
1.40423,0.703687,9.9302,-0.003239,0.363162
2.439327,-0.229323,12.860207,-0.189845,-0.179407
1.671574,-0.532293,7.801926,-0.041354,0.008369
0.739013,0.145048,8.163274,-0.010692,-0.079456
1.758094,0.297132,12.574601,-0.097694,0.144445
1.557062,0.770747,12.376413,-0.570588,-0.397852
2.612218,0.32228,6.837781,0.6216,0.328076
1.660048,0.655038,9.549242,-0.609478,-0.473604
2.979255,-0.611927,9.310489,-0.412229,0.295657
1.310525,1.834286,11.301199,-0.116362,-0.346879
0.135768,0.337548,11.394305,0.287901,-0.037581
1.930236,-0.611478,9.284443,0.326804,0.296125
0.666264,-0.014819,8.043972,0.273018,-0.385942
0.49532,0.661774,6.527626,-0.045053,-0.187965
0.835413,0.82224,7.504794,-0.614194,0.43858
0.648002,0.002994,8.206385,0.114533,0.002724
2.453997,-0.47631,6.285729,-0.031275,-0.012857
3.046764,0.493224,7.608528,0.260525,-0.260004
1.520987,-0.469574,10.631641,0.138774,0.353635
2.602039,-0.185913,10.080937,-0.38595,0.202216
3.829187,0.319286,7.069499,0.470916,-0.131862
2.844535,0.20208,9.509575,-0.210917,0.43552
1.851949,0.889151,11.358081,-0.054552,0.161656
1.279988,0.815055,10.311158,-0.654451,0.080987
0.662522,0.092957,8.099657,0.121276,-0.150617
1.009201,0.825384,9.536668,0.050132,0.153824
0.866249,0.056882,7.58338,0.084275,0.002816
3.187771,1.440305,11.756103,0.123516,-0.038393
2.214495,-0.242945,9.423204,-0.075688,-0.338688
3.150199,-0.213905,8.413704,0.072109,0.064499
2.994523,-1.193019,10.287806,-0.686882,-0.598059
1.141826,0.721051,5.129533,0.243801,-0.194184
2.035617,0.595462,13.418995,0.014436,-0.032361
1.664988,1.079106,7.085665,-0.209733,0.020242
3.621419,-1.021476,9.340127,0.181069,-0.228245
3.178191,-0.375569,6.858138,0.347476,0.117322
1.726959,0.186063,6.45817,0.248598,-0.01143
2.180665,-1.028511,12.837005,0.222541,0.483758
4.431984,-0.662822,8.125253,0.065956,-0.267904
3.291056,0.637375,6.865623,-0.626983,0.066156
0.588576,-0.659379,9.725725,-0.013203,0.013545
2.589615,-0.619861,7.487579,-0.163002,0.191124
4.277954,-0.850232,11.408226,-0.159136,-0.285363
0.645458,0.955164,13.664035,-0.102321,-0.121734
-0.12035,-0.020507,11.532618,0.41209,-0.013228
2.069447,-0.635129,7.97287,0.129605,-0.039372
1.207539,0.685425,7.315288,-0.002538,-0.122916
1.246458,1.22131,7.93949,0.174762,0.091813
1.200504,0.163909,8.403076,0.175328,-0.393321
3.042274,0.021405,7.408394,0.234944,-0.006879
2.551444,0.943787,13.406122,0.187585,0.158135
1.653462,1.187181,9.828412,0.00012,0.117748
-0.115709,2.003584,11.130554,-0.073084,-0.212296
3.220553,-0.348775,8.237819,-0.146593,-0.286514
3.514991,-0.219444,7.726034,-0.039822,-0.361431
3.084336,-0.214504,9.133257,0.865236,0.356521
0.158371,-0.571062,11.169772,0.128797,-0.167732
2.238146,0.884511,12.064312,-0.473067,-0.256674
0.831671,0.498164,10.932516,0.409097,-0.131515
0.729733,0.528701,12.024645,0.435242,-0.114266
2.872077,0.809068,8.705896,-0.116563,0.289064
1.455872,-0.631986,7.437583,0.278241,0.127225
2.31808,0.230221,6.230344,0.409211,0.396871
2.253713,0.004042,7.414681,0.657305,-0.177112
0.864153,0.858465,7.11695,0.194759,-0.016117
0.897384,-0.527353,12.273577,0.195426,0.267056
-0.036973,0.203427,11.703862,-0.128528,-0.216285
4.069138,0.256267,8.687933,0.061487,-0.016278
1.881587,-0.254621,6.8764,0.159744,-0.080414
1.537153,1.052012,7.573501,0.042998,-0.127327
0.087568,1.223556,9.542506,0.107889,-0.25858
1.996848,0.79844,8.279583,0.616923,0.050674
0.467478,0.089813,8.40562,-0.457546,-0.584471
2.314337,-0.20687,6.588549,-0.143198,0.26266
1.931883,-0.075742,9.400302,-0.031124,-0.055358
1.443598,0.903072,12.997023,-0.36751,-0.085455
2.886298,-0.220641,6.995553,-0.201662,0.167768
2.221979,-0.140707,10.134076,0.102196,0.682079
2.057172,-0.674797,9.325458,0.004706,-0.220527
0.103136,1.31756,9.390273,0.164525,0.036042
1.742676,0.242645,6.889274,0.107736,-0.078079
1.400338,0.184566,6.472989,0.166588,-0.041303
4.061803,0.199236,11.352093,0.033201,-0.019523
1.871259,-0.988245,9.081615,0.096451,0.191605
2.017205,-0.170346,6.479875,-0.487533,-0.490145
1.709146,0.516127,7.732321,-0.070527,-0.129398
1.637295,0.093855,8.825647,1.092438,-0.313664
2.896626,0.005988,7.053632,-0.173075,0.095657
2.858605,-0.171543,8.67042,0.00755,-0.224931
0.196841,-1.667532,12.434193,0.480848,0.706932
3.695815,-0.756826,9.047186,0.025256,-0.135055
3.167264,1.397644,10.438094,-0.115111,0.052034
3.43371,0.220192,10.24769,-0.583547,0.145887
0.676892,-0.310005,7.517667,-0.105095,-0.265141
2.884651,-0.272583,11.996952,0.148791,0.142493
2.775379,0.913401,14.129867,0.55415,0.450182
1.181493,0.966241,10.922786,-0.688984,-0.050476
2.09669,-0.418829,7.058721,0.471933,-0.672508
1.157393,-0.632734,11.367212,0.002558,-0.150476
2.358945,-0.523911,6.82386,-0.183369,-0.015158
3.019671,-0.643063,7.664661,-0.583068,0.035973
2.40445,-0.632135,6.994655,-0.155106,0.368747
1.410966,-1.378334,11.213032,0.151496,0.148301
4.162694,-0.549358,9.353,-0.327373,0.047212
2.702181,0.464185,7.281458,0.322748,-0.271147
2.77448,-0.618813,7.158863,0.243983,0.218446
2.019001,-0.601749,10.717862,-0.073566,-0.091047
2.026037,-0.531545,7.041507,-0.053694,-0.269605
2.724035,0.781375,8.856183,-0.334335,0.020662
1.987118,-0.273332,12.077036,-0.273657,0.034076
4.533173,-0.207469,10.100845,0.287794,-0.162735
3.128494,0.126188,6.577173,0.186253,-0.034376
1.74073,0.255369,7.586823,-0.036324,0.283869
1.895957,-0.313598,7.210805,0.160823,-0.271465
2.054328,-0.789309,9.465716,-0.383484,-0.244993
3.667972,0.703537,10.600806,-0.248513,-0.540607
3.211572,0.166454,6.599327,-0.080588,0.141934
2.056124,0.060774,6.956185,0.166107,-0.162107
0.950374,-1.129701,8.879535,-0.427739,-0.187988
2.262695,-1.113834,8.933423,0.418581,0.20903
3.276387,0.668061,7.27098,-0.29673,-0.170365
3.026856,-0.447869,9.611363,0.147147,0.02758
1.691033,1.155148,7.880213,-0.032088,-0.026468
1.347498,-0.383952,9.228759,0.243425,0.051721
2.43319,0.011227,6.534212,-0.005697,-0.359093
3.460504,0.073647,11.604468,0.116243,-0.188589
4.00582,-0.293091,10.871443,0.137829,-0.36994
3.31306,0.749791,12.750186,-0.81653,0.368539
1.835034,-0.29354,6.836284,0.233888,-0.045391
1.950893,0.690963,10.052047,0.128593,-0.154453
1.361718,0.743204,8.35278,-0.605236,0.124808
2.583478,-0.887504,6.918164,-0.549273,0.014353
1.5867,1.190624,11.556718,0.29478,0.179215
0.132624,0.178728,11.185789,0.037178,-0.070153
0.238604,0.128583,15.426171,0.319456,0.052585
0.643811,1.964814,8.023764,-0.270515,-0.373458
3.014881,0.030986,11.667787,0.189388,-0.076325
0.138163,1.146017,8.788225,0.090231,0.442071
2.177522,0.877625,8.257578,-0.790483,-0.648721
1.407523,-0.599952,7.542216,-0.106246,-0.167766
2.227518,-0.135169,7.697293,0.138684,-0.274772
2.061064,-0.464334,9.005573,-0.140507,0.058465
2.768942,-0.216899,7.202572,0.213126,0.146947
2.534679,-0.12978,11.832145,-0.271012,-0.232541
2.19758,-1.024619,10.865305,-0.25818,0.231292
1.593736,0.524509,6.597231,0.227952,-0.090269
2.730771,-0.78407,12.355157,-0.415079,0.396659
1.110092,-0.388293,7.533534,0.206499,-0.222202
1.727258,0.671354,9.912387,-0.008213,-0.08477
0.556243,-2.891986,12.408896,0.160482,0.070903
3.827241,-0.188907,8.478519,-0.074512,-0.172046
3.729345,-0.662522,11.272309,-0.07327,-0.0474
1.477877,0.310005,6.705456,0.066488,-0.275189
1.994003,1.113983,9.860146,-0.239319,-0.093524
1.57712,-0.344434,6.861432,-0.037638,-0.007668
1.883982,-0.65863,6.729706,-0.67172,-0.070023
1.907783,0.050146,7.489076,-0.047778,0.060421
3.818559,-0.281415,11.703413,0.147837,0.122374
4.143234,-0.968636,11.992761,0.187871,0.009954
0.864303,0.762664,11.687845,0.251023,0.25717
1.835034,-0.231868,11.087294,-0.244266,0.332041
1.023122,-0.765209,9.697284,-0.295924,0.576669
3.255879,-1.786834,10.902877,-0.379843,0.157191
1.455872,0.085772,11.125015,0.117801,-0.158973
2.103426,-1.01968,8.56474,0.12593,-0.42652
0.357157,-0.217348,8.467592,0.039636,-0.210638
2.397714,0.818797,10.85333,-0.235264,0.079526
0.926573,-0.114662,6.577173,0.645346,0.174631
3.023113,-0.802332,8.715626,-0.208235,-0.204318
4.270919,-1.137485,10.865156,0.112201,0.123967
1.977089,-0.205523,8.26656,-0.523488,-0.20613
2.574197,-0.021405,6.943611,-0.218465,0.516496
4.598438,-1.89491,12.965738,0.153031,-0.03915
1.271157,-0.700094,9.700578,0.02002,0.008793
1.973646,-0.137265,9.910142,-0.152798,-0.61407
2.749183,-0.291444,8.205786,0.105494,0.147922
2.634671,-0.018861,6.43437,0.076143,-0.063274
2.666106,-0.200583,6.384224,0.168088,-0.01091
3.387605,0.240699,10.533296,-0.379312,-0.710102
1.656006,0.77434,7.874824,0.026454,-0.193294
2.903063,0.350421,6.324648,-0.167439,-0.372236
2.052382,-0.031285,7.106771,-0.174153,0.045309
2.379751,1.026116,11.605217,-0.032378,-0.182723
1.937122,0.357906,7.89608,0.128066,-0.310172
0.78377,0.388442,12.288995,0.932591,-0.125267
3.186723,0.281115,8.148755,0.203102,0.114308
1.541195,0.247286,8.803792,-0.068506,-0.198579
2.337838,0.625699,9.376951,-0.235125,0.108597
1.678011,-0.990341,9.493708,-0.029847,0.246676
2.415078,0.406405,12.061169,-0.09075,0.187402
1.813179,-0.59651,8.749605,-0.232192,0.112558
0.506996,0.176633,9.267977,-0.041767,0.099693
2.902913,0.031135,7.151828,0.04441,-0.112969
2.771636,0.095501,6.73255,0.350659,0.149845
1.717828,-0.506547,7.206015,0.004036,-0.121068
2.314637,-0.208666,12.571158,-0.404614,-0.336874
4.145479,-0.931962,10.801538,-0.019132,0.071559
3.236869,0.074695,8.571176,0.09578,-0.028726
1.424138,0.033081,7.309899,0.079254,-0.343367
1.188678,-0.083077,9.526789,-0.023905,0.175942
1.081052,1.101859,6.556067,-0.136361,-0.076285
2.425855,-0.051792,6.429729,-0.473855,0.026835
1.600023,1.215472,9.180858,0.120303,-0.043038
1.379831,0.059576,12.52685,-0.272239,0.3288
2.489922,-0.48559,9.066496,0.088333,0.215681
1.460064,-0.379461,9.18026,-0.356754,0.53547
1.880539,0.367935,7.357799,0.003697,0.018796
3.457809,0.025746,9.693392,-0.154519,-0.143098
0.94723,0.115859,13.615536,0.048848,0.560819
2.402055,0.321531,7.536827,-0.073231,-0.028781
0.846639,0.663869,8.881631,0.254964,0.008286
2.891687,0.309257,7.823481,-0.179877,-0.210093
0.328267,0.185913,6.87685,-0.497783,0.105677
1.974843,-0.119302,8.107291,-0.129583,-0.068554
1.595532,0.687221,7.220535,-0.477505,-0.078248
0.950374,0.145647,9.589958,0.301215,-0.196472
1.470841,-0.919987,7.730225,0.081682,-0.439174
2.098187,0.410446,13.992303,-0.045885,-0.251483
1.800755,-0.465831,7.618857,-0.099919,0.154207
2.676135,0.56732,7.817943,-0.040142,0.669362
1.719774,0.318089,5.857469,-0.099681,-0.538387
2.321522,-0.643961,9.250314,-0.338717,-0.251823
1.641936,-1.02896,9.076226,-0.616108,-0.738908
0.652942,1.090782,13.472434,-0.619712,0.125251
2.552193,0.004042,8.215665,0.149725,-0.132337
1.590293,-0.627645,9.730515,0.084402,-0.074052
-0.12963,0.385448,11.075918,0.505383,-0.013335
0.987197,-0.676443,9.846075,-0.011328,0.038417
1.970951,-0.438139,6.782546,-0.054103,0.213314
3.600762,-1.124312,10.660531,0.104697,-0.182001
0.335303,1.017584,13.485756,0.192093,-0.164252
1.568438,0.581541,6.033054,-0.028848,-0.050961
3.882327,-0.64441,10.357861,0.146413,-0.020369
0.339045,-0.374072,11.33458,-0.044462,-0.007166
1.449286,0.765658,11.836037,-0.003212,-0.102263
3.378774,-0.153281,7.422615,-0.619836,0.219418
2.31808,-1.022075,9.951606,0.048523,0.05688
2.506687,-0.778381,9.521999,-0.018598,-0.126133
1.804647,-0.134121,10.572065,0.364329,0.073612
1.216969,1.150957,7.127578,0.144657,-0.159153
2.971471,0.786165,11.020084,0.098363,-0.068237
2.216591,0.064965,7.528744,-0.446017,-0.256508
1.588497,-0.642314,9.286688,-0.008362,0.015398
2.480342,0.897234,12.001443,-0.007495,-0.290672
1.537902,-0.143252,8.636291,0.372702,0.112161
3.684438,-0.791404,11.687396,-0.334592,-0.449755
2.17363,-0.164209,12.044254,-0.267519,0.070688
3.246449,-0.63483,12.082724,0.08088,-0.092627
1.823508,0.925076,11.291769,-0.23785,-0.04863
2.264192,-0.451012,7.250323,0.318239,-0.110988
2.532883,-0.157922,6.747219,-1.027979,0.092085
1.45692,-0.460892,7.073391,-0.067721,-0.149809
2.773732,0.729433,6.720874,0.002981,0.046218
3.211721,0.433648,11.307785,0.454418,-0.01804
3.831732,-0.084125,11.287577,0.318108,-0.270971
4.01061,-0.399669,8.077503,-0.01935,-0.079927
3.295247,-0.098046,8.41056,0.013506,-0.211133
4.030668,1.36082,12.973222,0.905967,0.195852
2.314188,-0.557441,6.380781,0.443818,-0.338942
2.152823,0.747246,13.516442,0.483588,-0.005206
1.457519,0.592169,9.18026,-0.411082,-0.103655
0.515079,-0.20672,11.976595,0.366206,0.071497
2.696044,-0.821192,7.276369,0.027473,0.005918
0.959654,0.873583,7.244934,0.07012,-0.066764
2.565365,-0.027992,7.910001,0.12664,-0.224545
2.692301,-0.224683,6.853947,0.076897,-0.136111
1.808539,-1.237177,12.327315,0.217686,0.252076
3.113226,0.118703,7.092401,0.053165,0.01108
1.484164,0.24519,6.946754,0.000563,0.166196
2.735262,-0.409997,12.169843,-0.518289,-0.067693
1.877246,1.240171,8.721763,0.145566,-0.122158
2.772085,-0.092358,7.611073,0.310077,-0.181177
1.544189,0.294887,9.413026,0.600841,-0.077485
0.197439,-0.22124,9.291179,0.187224,0.286383
2.734963,0.040566,12.431648,0.222563,-0.192812
2.013613,-0.743953,9.203611,0.082565,-0.371941
2.278562,2.49082,10.554851,-0.004897,0.229758
1.813778,-0.165855,12.073743,-0.237001,-0.491104
1.17835,1.313668,9.379346,-0.254353,-0.173506
2.86624,-0.589774,9.275911,0.292459,-0.354769
1.355282,-0.698298,11.302546,-0.481825,0.108078
1.878294,-0.466879,11.562556,-0.491073,0.935049
2.127226,-0.345332,7.404652,-0.40455,-0.019866
2.662364,0.106728,6.784791,0.137251,-0.148801
2.586621,-0.300126,7.303911,0.184316,0.175909
1.281635,0.342637,7.31439,-0.855347,-0.461555
2.00523,0.724044,7.512278,-0.357348,0.082056
5.716762,-0.308658,9.421558,-0.102534,-0.081143
1.916165,-1.155298,9.167536,0.044173,0.027195
3.458708,-0.65414,9.551787,-0.103431,0.008777
3.200944,-0.652942,10.54572,0.059391,0.11507
1.027613,0.301922,9.933793,-0.579802,0.166403
2.878963,-0.340991,7.005582,0.033607,0.13361
2.816543,-1.221011,11.899056,0.248135,-0.17184
3.14032,-0.199385,12.741953,0.158673,-0.055594
0.170795,-1.347049,13.005854,-0.041186,-1.037563
1.167871,-0.272284,10.398127,-0.715055,-0.114502
3.400778,0.628543,11.534713,-0.238648,-0.268239
3.541186,-0.140258,8.303383,-0.131901,-0.087093
1.629811,0.025746,12.739708,0.455084,-0.066147
2.307601,0.440833,6.868018,0.227626,-0.14838
2.835703,0.407752,7.607929,0.565712,-0.372628
0.457598,0.961301,7.592661,0.094366,-0.105959
2.314936,-0.547861,7.558831,0.424712,-0.14204
1.028811,1.008603,13.58979,-0.014992,-0.23449
4.184997,-0.037722,9.937385,0.01886,0.491427
0.016915,0.7694,8.637638,0.279699,-0.020212
3.779041,-0.088616,10.658286,0.041124,-0.342778
1.895209,1.072969,10.002949,-0.064665,-0.078294
1.694027,0.161814,10.755584,0.106022,-0.094806
2.820884,1.415007,10.98805,0.105876,-0.211375
1.916165,-0.602497,9.47799,0.923066,-0.112427
1.41396,-0.63468,10.279424,0.43462,-0.277145
1.245859,-0.045056,10.36295,0.023637,-0.099119
4.2799,0.976569,11.424543,-0.600607,-0.903539
1.953587,-0.652493,6.766379,-0.412849,-0.440356
1.963916,-0.827928,9.657018,-0.015157,0.004864
3.333867,-0.306712,10.417437,-0.416596,-0.036624
2.994523,-0.082329,8.393047,-0.283061,0.108763
3.069667,-0.766257,9.437275,-0.195985,0.231379
4.358786,0.325124,9.652228,-0.343257,-0.153949
1.295406,-0.683778,9.528885,0.170993,-0.136668
1.790576,1.542991,9.49266,-1.208005,-0.096095
3.045716,-0.091759,7.891739,0.57102,-0.099387
2.011816,0.289648,6.411318,0.134902,0.045668
3.400928,-0.153581,9.802366,-0.291751,0.028363
2.398462,-0.147144,14.329102,0.195567,-0.071799
3.636238,0.374821,8.832982,-0.164277,-0.20411
-0.884211,2.078428,10.741363,0.076004,-0.405403
4.150719,-0.29833,13.129198,-0.42422,0.108283
2.232308,-1.042133,7.16021,-0.331825,-0.058744
1.361569,1.079256,6.680159,-0.069951,0.142862
3.318449,-0.146246,6.975494,0.452376,0.09359
2.726281,0.094005,11.899056,-0.618316,-0.51817
2.878963,0.599354,9.866283,0.099052,-0.074191
2.253863,0.725392,6.754105,-0.093724,0.148632
0.830623,-0.734523,11.842324,0.274595,-0.069767
1.873654,0.392933,9.344468,-0.078717,-0.10358
3.352129,-0.924478,9.33384,0.058559,0.019966
3.003504,-0.171394,7.298672,0.167061,0.124051
3.013084,0.0723,8.092472,0.049556,0.178522
0.205523,-0.625399,10.407557,0.201649,-0.208804
3.255281,0.435744,9.174871,0.136693,0.032607
4.216731,-1.897305,10.717413,0.080939,0.110782
2.349664,-1.561104,10.866802,0.255515,0.297394
2.185455,1.114433,6.819369,0.372647,0.01537
3.752547,-0.802781,11.468252,0.052091,-0.192024
2.847678,-1.21667,8.967702,-0.041481,-0.222274
3.114124,-0.116608,7.677235,-0.065784,0.057597
1.795067,-0.962648,9.00228,-0.132094,-0.212144
0.759521,1.185535,7.421417,0.326361,-0.194592
1.143921,-0.95217,7.376361,-0.017686,0.499901
3.787574,-0.118853,8.042476,0.031286,0.09
0.574805,0.801433,8.281528,0.000955,-0.05555
2.891088,-0.975372,11.970607,-0.527597,0.000675
1.781745,-0.779579,9.575138,-0.61647,-0.540434
1.503024,0.64905,9.357341,0.066704,-0.081618
2.275269,0.656834,12.322974,0.721491,-0.441523
2.876868,-0.326471,7.529941,0.249193,0.235347
3.261568,0.279918,6.051466,-0.049735,-0.188363
1.38028,-0.868793,9.811497,-0.070327,0.008368
2.508035,-0.812959,11.185789,0.140828,-0.001713
2.944078,0.429307,8.210875,0.158546,0.19103
2.54875,0.938698,10.683134,-0.257691,0.12845
2.089056,0.41853,6.612799,-0.326781,0.006561
2.253713,0.577349,7.922725,-0.582737,-0.15043
2.969525,-0.496817,10.941647,-0.731392,-0.459349
2.725083,-0.938698,8.754245,0.221178,-0.238213
3.150798,-0.63019,9.090895,0.029112,0.183447
1.954037,0.273481,10.693613,0.007181,-0.36906
1.652863,1.456022,9.364676,-0.179876,0.086435
2.5486,-0.645458,12.432696,-1.0851,-0.113482
3.186274,0.053888,6.816226,0.329488,0.135616
2.178869,0.693358,7.453001,0.091811,0.235192
2.38529,0.631986,6.892567,0.227634,0.518654
4.075425,0.055385,12.889546,-0.301953,-0.240654
3.52472,0.762814,10.722502,0.129724,-0.349421
2.764152,0.930315,12.504547,0.265714,0.291015
3.195255,0.077239,6.827602,0.524369,-0.077426
1.256786,-1.012345,9.791289,0.245566,0.221492
1.584605,-0.814606,7.286548,-0.004665,-0.006624
2.426604,-0.06272,6.683302,-0.109832,-0.068461
2.948868,0.043559,9.078771,0.436205,-0.019529
1.637146,0.57705,7.419022,0.039915,0.121516
2.387385,-1.273402,9.278455,-0.133578,0.173803
3.672912,-0.29803,11.556119,-0.330283,0.004322
1.984124,0.335003,8.003107,-0.530498,0.007735
2.575844,-0.396076,5.985902,0.303965,0.198836
0.97148,-0.138163,13.857583,0.054369,-0.075342
2.172881,-0.080383,7.455097,0.035245,-0.337162
1.022973,0.912952,10.216555,-0.287404,0.264087
0.217348,0.527204,10.917697,-0.266023,-0.579044
2.97686,-0.171244,7.228468,-0.125436,0.473014
1.160836,-0.616268,9.826466,0.003496,0.021743
1.56305,-1.277444,9.920021,-0.061605,-0.113967
2.143842,0.090562,11.462114,-0.121399,0.41823
1.40408,0.24534,8.129145,0.354024,0.304879
2.090553,-0.018412,7.363038,0.034579,0.038889
0.900228,1.411714,10.357711,-0.543852,-0.417411
-0.655936,-0.661774,10.056837,0.128943,0.039991
0.511187,-1.006357,10.54587,-0.017895,-0.02741
0.2404,-0.704734,10.648407,-0.081284,0.276998
2.581981,-0.064965,6.576275,-0.006727,-0.147982
3.594625,-0.340542,7.657776,-0.074633,0.068032
2.807861,-0.298779,11.110496,0.214956,1.042392
1.847309,-0.625849,9.558074,-0.141971,-0.153378
2.25536,-0.364791,9.806407,0.077662,-0.400191
2.553989,-0.323328,7.140302,-0.007327,-0.016578
1.021476,1.519341,11.916719,-0.028374,0.058005
1.719325,-0.459245,7.838899,-0.09379,0.179698
0.634231,0.9616,13.271103,0.246922,0.196482
1.31277,-0.38934,11.260484,-0.552104,0.385598
2.183509,-1.111888,10.363699,-0.246814,-0.158752
0.526455,0.819396,14.036311,0.443616,-0.167782
3.515889,-0.173789,8.156987,-0.432028,-0.088331
3.218757,0.9375,12.630734,-0.379158,-0.527449
0.819546,-2.690505,12.716356,0.294428,-0.447867
2.008074,1.219963,13.470937,-0.116732,-0.185459
2.112707,-0.487386,10.557096,-0.115481,-0.344832
2.915338,-0.231868,11.323503,-1.398956,-0.232669
1.819167,1.07731,10.099199,-0.103527,-0.020075
1.021326,0.713416,10.124197,0.069843,0.037873
1.220113,0.585882,7.341034,-0.214262,-0.013239
1.611249,0.215402,7.519763,0.012417,-0.11012
2.752626,0.730631,6.724915,0.200492,-0.18315
3.249443,-0.424368,12.019406,-0.490969,-0.58366
0.888702,0.870889,8.620573,-0.096263,-0.010698
1.800606,0.184566,7.409143,0.169282,-0.090514
1.33208,-0.496817,11.858041,-0.033776,0.001568
2.578089,-0.295336,7.072792,0.101991,-0.124771
1.781296,-0.426613,8.834479,-0.255655,-0.018788
3.640879,0.206271,10.76711,-0.485268,0.039489
2.425406,-0.007634,9.287287,0.119048,0.032076
2.391726,-0.497865,6.823111,0.176518,0.097228
0.470322,0.963247,8.803343,-0.361588,-0.10637
0.864901,-0.56732,9.960587,0.024385,0.913872
1.243015,1.129401,9.609118,0.121452,0.245363
1.799707,-0.664917,9.812395,0.556026,-0.204037
3.015779,0.256117,6.009254,-0.069999,-0.081412
1.106649,0.734672,7.047794,0.006897,-0.217969
3.350632,0.435145,11.760145,-0.014994,0.301859
1.3707,0.898132,11.518996,-0.315438,0.156611
1.492846,-0.031285,6.156547,0.17367,0.276626
2.339635,-0.80323,7.017108,-0.19372,0.100465
1.768872,0.884211,7.432494,-0.16676,0.04213
1.875001,0.279319,8.584349,0.091978,0.106488
0.826282,-0.713566,9.347312,-0.038516,-0.015619
1.10605,0.547412,7.230414,0.213141,-0.373135
2.694247,-0.352966,8.530161,-0.216631,-0.129165
2.997966,1.221909,10.419682,-0.115771,-0.063676
4.344865,-0.722697,10.725646,0.1803,-0.05025
2.895579,-0.434546,7.953411,0.253353,-0.456769
0.813409,-0.060025,10.804532,0.188895,-0.393522
2.279011,0.770298,11.423195,-0.020429,-0.220658
1.046324,-0.568667,11.105406,0.237189,0.186202
2.530039,0.408351,6.835236,0.07744,0.396542
1.836082,-1.778003,10.22359,-0.01133,-0.061416
2.82268,-1.157842,11.467354,0.168749,-0.08046
2.513124,-1.082998,11.208093,-0.218917,0.384505
2.868335,0.628992,8.571476,0.074627,0.241312
0.6974,1.620081,7.172485,0.281531,-0.122431
1.558559,-0.469424,8.56953,0.056677,0.226023
2.26988,0.504451,6.695726,0.095356,-0.185325
1.980531,-1.099763,9.630523,0.527471,0.265429
2.073039,-0.019759,7.302115,-0.44316,0.479024
3.04422,-0.390987,9.273067,0.299119,0.18837
0.148491,0.677641,10.368938,0.371381,0.272244
1.844015,0.717458,8.151599,0.454369,0.190746
2.391427,0.723446,8.384814,0.414873,0.38533
1.503923,-0.364492,10.252929,0.091533,0.102776
3.425028,-0.133373,11.341166,-0.150546,-0.072672
1.87051,-0.843646,9.281,-0.010847,-0.066505
2.085014,-0.114212,10.452763,-0.155631,-0.211664
3.608696,-0.501607,9.046438,0.049966,-0.335753
1.910627,1.058299,9.351054,0.53271,-0.367333
2.886747,0.227078,7.941735,-0.370108,0.119878
2.546505,0.301922,11.333831,-0.185308,-0.461945
2.499053,0.091909,9.460177,0.015298,-0.173268
2.698289,-0.363594,7.813003,0.059691,0.043228
4.179608,0.338297,9.509425,0.269862,-0.154251
1.24571,1.310225,9.946815,-0.288418,-0.23097
1.593287,0.783171,8.428523,-0.123598,-0.066538
1.680406,-0.342937,6.569988,0.310177,-0.220941
1.265618,1.828747,8.91546,-0.337629,0.271872
2.516866,-0.636926,6.96307,-0.041678,0.020133
1.607507,1.304088,7.467821,-0.662851,0.248318
1.683399,-1.288371,9.225166,0.626218,0.535732
2.542463,-0.521815,10.429861,-0.354363,0.418446
3.937412,0.257914,11.212284,-0.255543,-0.445626
0.75982,0.893642,8.346044,0.232101,-0.040975
4.562812,-0.142653,9.373657,-0.052078,0.55089
2.814747,-0.396825,7.181915,-0.033576,0.046129
2.502047,-0.139959,7.109316,0.096896,0.272481
2.627935,-1.926793,14.599141,-0.771009,0.442047
1.273103,0.238604,11.908187,0.118054,-0.240514
2.229913,-0.000449,7.056326,0.081487,-0.069105
1.499133,0.570314,8.863219,0.166379,0.702978
1.58206,-0.639919,10.538834,0.016136,0.201892
4.218228,-1.024769,12.139456,0.499857,-0.35106
2.898722,-1.337768,9.948013,-0.202459,-0.000337
2.071093,-1.087039,11.563903,-0.137215,0.235737
-0.287552,-0.552651,8.999136,0.209899,0.017747
3.396138,0.18756,11.143727,0.178972,-0.108986
2.180965,0.237406,8.988059,0.293587,-0.051303
1.570235,-1.433569,10.862761,-0.319089,0.071874
3.119962,0.075144,7.392527,0.013467,-0.351334
0.656834,0.815055,8.604557,-0.186555,0.159786
2.216142,-0.157173,13.419294,0.116609,-0.017378
0.699196,1.59658,12.297377,-0.004428,0.108012
2.140998,1.063389,12.39737,-0.122589,-0.13677
3.380869,0.730631,13.901292,-0.111311,-0.237353
2.282753,0.030087,6.594088,0.043369,0.064809
0.694855,-0.996927,11.495495,0.102864,-0.076408
1.199156,-0.85113,12.47895,-0.446986,0.083031
2.007924,-1.118474,11.376642,-0.563571,0.323778
-0.364791,-0.332309,11.035202,0.068722,0.481621
1.470692,1.030757,7.993827,0.205479,0.035822
2.055825,-0.183518,7.55,-0.738912,-0.005706
1.565145,0.371527,8.705896,-0.688637,-0.225032
1.257834,-0.367037,6.639294,0.034468,0.010462
2.068548,0.591869,8.743767,-0.03331,0.09581
2.738855,-0.27393,6.712042,-0.226741,-0.21936
1.002765,1.342558,11.110496,0.059086,-0.196149
3.348237,-0.080533,8.132439,0.106489,-0.011452
3.961961,0.453108,8.856483,0.03923,0.645944
2.305057,-0.254171,6.916218,0.062716,-0.035166
1.332379,-0.348176,10.086475,0.271563,-0.199864
3.44314,0.407453,6.534661,0.004393,-0.374866
2.548001,-0.415835,8.883427,0.038037,-0.006899
1.727707,-0.917891,9.595346,0.128224,-0.153528
1.699416,1.00501,13.058545,-0.65939,-0.435801
1.504072,0.34623,7.426057,-0.25511,0.049541
3.052303,-0.088466,9.21828,0.383644,0.430262
2.487078,0.019909,10.8921,0.383668,0.308822
1.800306,-0.900378,9.358389,0.074399,-0.328895
2.278113,0.806074,13.85908,0.049043,0.033761
2.155368,-0.304317,7.091353,-0.403261,0.386368
4.028722,-1.251398,12.049044,-0.089921,0.373408
1.95254,0.596659,12.350218,0.035231,0.075587
1.094225,-1.401835,10.282867,0.134057,-0.167947
1.966161,-0.555345,9.029373,0.197062,-0.428801
-0.066312,1.499881,12.58957,0.313326,-0.154452
1.032403,-0.017364,12.30082,0.089238,-0.046858
2.565515,0.97133,8.756191,-0.057337,0.559729
2.098786,0.171094,10.439591,-0.049914,0.074477
1.99565,0.452359,7.531588,-0.033396,-0.038028
2.632576,-0.434097,6.725664,-0.262905,0.427695
1.896556,1.94266,10.024354,0.075964,-0.198838
2.874473,-0.112416,13.07022,0.010629,-0.118722
1.831591,0.339045,11.979289,0.105941,0.072747
3.370242,-1.122067,11.609109,0.175931,0.049337
-0.060025,0.358954,9.684261,0.151704,-0.044544
2.565814,-0.104034,11.489208,0.201295,-0.219772
2.340832,2.163301,13.703553,0.231302,-0.026909
3.453169,-1.59194,10.744207,0.42808,0.030362
2.834206,0.594414,12.115506,0.061924,0.448543
1.810934,0.00015,6.372548,-0.170427,0.050873
3.171754,0.862207,11.323652,0.74734,-0.345409
4.043841,0.421374,10.120903,0.058131,0.144024
2.039359,-0.343685,10.088421,-0.550405,0.13457
2.80816,0.21136,12.191997,-0.010072,-0.34893
1.589095,0.142803,9.864187,-0.534874,-0.329693
3.476521,0.005688,11.5651,0.17188,-0.07369
1.457669,0.776884,6.409372,-0.128195,-0.465671
2.102977,0.712069,7.687414,0.313838,0.200534
1.766626,1.600322,11.530672,-0.045695,0.031588
1.836681,1.118324,8.188721,0.077397,-0.161607
2.711761,-1.395548,10.724149,-0.07922,0.045119
0.810115,-0.08637,11.820619,-0.30161,-0.144437
2.695594,-0.022004,8.799152,-0.016784,-0.226534
1.592538,2.969225,11.510464,0.479581,0.218851
2.056573,-0.025746,7.157216,-0.854689,0.174551
2.969675,0.57226,8.742121,-0.42112,-0.488368
0.876278,0.061672,8.661738,-0.034573,-0.040402
1.851051,-0.329465,6.869365,-0.088609,-0.124411
2.009721,-1.163231,11.042387,0.338786,-0.486508
1.811234,-0.041015,7.14569,-0.061016,0.103481
1.753753,-0.838257,7.255712,-0.292978,0.031215
0.731828,0.986,12.351265,0.016675,-0.370838
2.843038,-0.278421,11.821367,-0.394524,0.494524
2.738705,-0.731828,11.519745,0.017586,-0.069717
0.856519,1.185834,11.466904,0.275952,-0.12171
2.991978,-0.533341,6.778504,0.024184,-0.109066
2.59186,-0.332309,12.188554,-0.408129,-0.333563
2.926864,-0.635578,8.179291,-0.169299,0.211701
2.999313,-0.136067,6.451284,0.324668,-0.179755
1.920656,0.077239,12.269535,0.05201,-0.034753
3.421585,-0.698597,10.711875,0.132952,0.349672
2.365381,0.963397,12.421619,0.197862,0.069031
2.128424,-0.44712,6.899752,0.372285,-0.487278
0.258812,-1.176553,9.815538,0.106545,-0.16529
2.246828,1.602418,8.855585,-0.67295,0.535787
3.105592,-0.07215,9.11754,0.272128,-0.078149
3.272195,-0.318837,10.754686,-0.0438,0.292719
3.241509,0.255369,7.354057,0.206964,0.025871
2.856061,-0.974324,7.841893,0.08823,-0.081155
3.003654,-1.347797,11.049572,0.24113,0.072481
0.802032,-0.994682,10.832823,0.341983,0.265709
2.5489,-1.107846,12.606335,-0.018691,0.041605
1.755699,0.363594,10.922786,-0.057148,0.123067
2.073189,-0.241448,6.417904,-0.339522,-0.396087
1.308728,0.756976,10.816956,0.326042,-0.227163
1.247655,-1.148412,11.838132,-0.188579,0.391779
3.565286,0.312251,8.853339,-0.312651,0.175784
1.211281,1.204845,12.564871,0.087355,-0.204107
2.036665,0.029339,8.401579,-0.192879,-0.348871
1.576222,0.126188,7.573201,-0.005701,-0.089848
1.676813,0.65878,10.447973,-0.330376,0.213664
3.106939,-0.218396,7.903714,0.294425,-0.274586
1.672023,-0.604144,10.001302,0.542457,0.045365
2.546055,-0.077688,7.490424,-0.02973,0.075144
1.738485,1.314117,8.775501,-0.120168,0.196621
2.973417,0.320184,6.416557,0.01106,0.053914
2.418371,0.263302,6.399642,0.017933,-0.223414
2.020349,0.676743,8.339757,-0.0569,0.183508
2.730023,-0.125289,6.126161,0.218964,-0.152896
4.147276,-0.994382,11.746972,0.302112,0.849758
1.20215,1.178948,13.130695,-0.240355,0.122926
0.956062,-0.414488,11.208242,0.377693,-0.085133
1.558858,-0.541125,10.667866,-0.010618,0.131321
1.167422,0.452509,10.933114,0.602676,0.386935
1.327739,0.291145,8.210426,0.19164,-0.195998
0.92792,-0.578996,10.264605,0.440038,-0.000863
2.6688,0.029788,11.920012,-0.690006,-0.404025
1.874252,1.146017,9.109906,0.137448,-0.135005
2.995571,0.18262,9.547296,0.155736,-0.069143
0.272134,1.251098,11.27665,0.059569,-0.011482
0.894091,1.115031,9.911788,0.004262,-0.073481
2.171834,0.505499,10.720107,-0.046497,-0.331587
1.31277,0.728236,6.989266,-0.149351,-0.250662
2.061663,-0.02874,13.030104,-0.073102,0.272376
2.093247,1.295257,9.257948,0.279677,-0.030133
3.865861,0.076042,8.12211,-0.318248,-0.091691
2.181414,1.939367,8.747509,0.315209,0.137473
1.560505,1.709445,9.909393,-0.314767,0.217044
3.081342,1.065484,7.395371,0.251104,-0.148327
2.329156,-0.421673,6.718928,0.11001,0.028062
2.446662,-1.011297,7.217691,0.094815,0.02542
0.823887,-0.291294,11.283087,0.193615,-0.214822
1.964664,0.022453,7.231911,-0.34022,-0.716263
3.831283,-0.278421,9.810599,0.06441,-0.049687
1.198707,-0.173789,10.797047,0.204578,-0.205068
1.630859,1.18763,11.934532,-0.06566,-0.032719
3.939957,0.547861,11.169473,0.316547,-0.025482
2.005529,-0.708776,9.200468,0.199794,0.161381
3.047513,-0.310305,11.697874,-0.133097,-0.285365
2.15447,0.394729,9.360036,-0.067597,-0.187332
3.823948,-1.385818,10.624756,-0.104486,0.389834
1.635798,0.478255,9.591904,0.117402,-0.160067
3.880979,0.314197,9.653426,0.195833,0.11122
3.508404,-0.947979,8.537197,-0.139615,-0.000604
-0.020807,0.975072,9.877061,0.23581,-0.07416
1.559307,1.337319,7.12668,0.117099,-0.188872
4.456832,-1.001418,10.529404,0.181469,0.472607
4.138444,-0.051194,8.398286,-0.273157,-0.256918
3.017874,0.068707,9.134305,0.036732,0.668198
-0.158221,0.364342,10.676847,0.158707,0.055898
2.936743,-0.172292,11.367361,-0.64721,-0.267049
1.077908,0.951272,9.150022,-0.012728,0.045333
1.383573,0.446222,12.0221,0.074186,-0.265013
2.181563,-0.094603,12.336297,0.042109,0.016262
2.253564,-0.085472,7.642657,0.355942,-0.085817
1.974843,-0.273481,11.601924,0.34758,-0.421658
0.776286,1.38986,10.702145,0.228572,-0.164659
2.301015,-0.678988,7.848928,-0.25107,-0.109232
1.390608,-0.034877,6.525829,0.55926,-0.153954
2.598147,0.724493,10.355765,0.028244,0.033592
2.412234,0.81266,13.064382,0.164736,0.042241
0.734672,-0.122146,11.533067,0.269356,0.132694
2.507286,-2.287992,13.192516,-0.053564,-0.145114
3.516787,0.610431,10.687775,-0.445968,-0.224723
1.202449,-1.366059,12.709471,-0.221435,0.137103
0.781076,1.202,8.345296,0.177547,-0.002347
3.650309,-0.037422,11.443852,0.25844,-0.043359
3.379073,0.290546,7.176826,-0.384155,0.15421
1.491798,0.907263,11.006612,-0.035943,0.139233
2.523452,-0.22124,7.997868,0.279726,-0.138847
1.315614,0.348026,7.612719,0.147067,0.137247
2.93839,-0.367336,7.712262,0.229382,-0.071484
1.834735,-0.054936,11.01709,0.044473,0.053508
1.858086,0.202828,11.777658,-0.096385,0.217872
2.50549,0.017663,6.80934,-0.188393,-0.017264
1.655557,1.479823,12.590917,-0.674014,-0.28996
1.337768,1.359323,8.782237,-0.064237,-0.221912
1.291963,0.790207,7.704179,-0.394728,-0.200955
2.575544,0.90412,9.172176,-0.032447,0.04597
2.761458,-0.298928,14.173127,-0.265606,-0.254482
2.038461,-0.339644,8.394394,0.222014,0.155007
0.662971,0.55759,10.284064,0.208895,-0.309712
2.460583,0.132325,8.663384,-0.183671,0.159403
3.145559,-0.013921,8.073461,0.191363,-0.107842
2.112258,-0.718057,12.49811,-0.003864,0.023025
1.81303,0.824785,7.140302,-0.063799,0.098755
0.430804,1.285976,11.210338,-0.083035,-0.351961
2.832111,-0.561632,10.313553,0.064331,0.04922
2.165547,-0.551004,8.064031,0.283563,-0.092558
1.800905,-1.188678,13.034894,-0.091335,0.342273
0.38964,-0.760868,9.163943,0.00564,-0.287822
3.287464,-0.417033,11.254047,-0.002577,0.16409
2.351759,-0.529898,13.645923,0.224271,-0.005571
2.744543,0.743803,8.475824,0.119463,-0.023178
3.324736,-1.387764,11.054961,0.124442,-0.192968
4.520001,0.496517,10.275532,0.083578,-0.028056
2.520159,0.036225,7.719896,0.08339,0.140954
1.694177,1.170715,11.588302,0.038324,-0.102248
2.577939,-0.207169,11.337124,-0.089478,0.142418
2.996618,-1.002316,11.895912,-0.285633,-0.03757
0.281115,-0.674497,9.085058,0.154556,-0.188484
1.913172,-0.745001,12.334949,-0.551822,0.629865
0.475411,0.286654,7.070696,-0.311257,0.015023
2.246528,-0.839604,8.32419,-0.370443,0.188217
0.882415,-0.635878,10.851235,-0.205131,0.087327
2.224674,0.254022,9.994417,-0.075631,0.245951
0.867296,-0.637075,11.966266,0.109356,-0.306762
0.499661,0.839454,8.849747,-0.237316,0.133009
3.550018,-0.440085,9.039103,0.042047,-0.226857
3.517086,0.016765,10.874736,0.18314,-0.1148
4.529581,0.697699,11.258687,-0.249977,-0.513376
1.447041,-0.295036,14.155913,0.123851,-0.03483
2.941832,0.282014,7.475305,0.130067,0.00295
3.051554,0.192051,11.579021,0.363856,-0.083082
2.015858,-0.959654,10.451117,-1.048392,-0.520187
2.360891,1.249751,8.274194,0.128735,-0.067113
1.199755,1.566343,8.733439,0.169144,0.133558
0.169298,0.733924,11.039094,-0.294605,-0.201334
0.946482,-0.588875,9.65627,-0.618382,-0.071925
2.874473,0.631537,12.588372,0.323555,-0.2051
2.690954,0.309257,5.854925,-0.046911,-0.115462
2.477648,0.249531,7.220984,0.076977,-0.368009
0.981659,0.457,9.376951,-0.344889,-0.187323
3.27504,-0.415087,10.981913,-0.087425,-0.341204
2.315834,-0.160167,11.906091,0.207592,0.281794
3.83263,0.331111,7.495812,-0.010818,0.092659
1.995351,0.625849,9.970616,0.19854,0.136423
1.358874,-0.465382,9.616602,0.232492,-0.115506
3.060087,0.30761,13.396093,0.560918,-0.120967
1.732048,0.609383,7.810458,-0.129342,0.171347
1.541195,-1.342708,10.958412,-0.114047,0.001719
1.821562,-0.17304,13.735587,0.156372,-0.131994
1.294059,1.135239,7.442972,0.307239,0.203799
3.552113,-0.24998,9.469159,0.232246,-0.127276
3.740721,0.178279,9.86284,-0.109013,0.368171
1.325943,1.036894,9.375603,-0.064209,-0.067922
3.90942,0.481698,10.681188,-0.324236,0.018544
5.052743,-0.349823,10.32942,-0.591949,0.013053
2.946772,-0.594564,11.046429,-0.141846,0.27768
1.066382,0.848735,10.207424,0.196487,-0.042511
0.795446,-0.516426,9.989776,0.120335,0.355366
1.018482,0.177681,8.621472,-0.286688,0.175186
3.312611,-0.919688,11.082953,-0.197659,-0.054833
3.742517,0.491877,9.683363,-0.001539,-0.120821
2.881059,0.215252,6.612799,0.03505,-0.143234
2.372566,0.424068,8.180339,0.541436,0.538696
2.846331,-0.530197,8.318801,0.275954,-0.5131
-0.242346,0.677491,12.615167,0.033234,-0.024032
1.777104,-1.094674,10.602003,-0.063931,0.257871
3.750301,-0.387544,10.40651,0.275979,-0.226897
1.681304,1.159189,13.018428,-0.304144,0.080399
2.104623,0.512983,12.736265,-0.04052,0.093819
2.037114,-0.618065,6.914421,0.041883,-0.228196
3.055895,0.070952,9.118737,0.06329,-0.060057
3.463198,-0.897234,11.088791,-0.326604,-0.404114
3.389402,0.398022,9.967473,-0.012086,-0.000682
0.58648,-0.570164,9.786499,0.296277,-0.114467
1.362467,0.933459,6.95364,0.196426,0.216313
3.69821,0.690514,12.794793,0.204698,0.29769
1.644331,-0.539778,8.215665,-0.215327,0.158271
4.076024,0.672851,11.107652,0.053272,0.075489
0.731229,1.216969,7.676487,0.060365,-0.034218
0.754132,-0.132774,10.359208,-0.260349,-0.589021
2.820435,-0.157622,6.017337,-0.041881,0.023981
1.317111,-1.800306,11.24327,0.249651,0.374036
1.368155,0.561033,12.958253,-0.177151,-0.067794
1.940864,1.602268,12.30097,-0.041776,-0.249228
2.359094,-0.010329,7.451954,-0.300757,0.18898
4.336482,0.260758,10.124945,-0.067502,0.290363
1.437311,0.376467,7.580985,0.170833,-0.113301
3.414998,1.400637,11.601774,0.74351,-0.250265
1.209185,1.319805,7.005732,0.247215,0.070527
0.821342,-0.383652,13.770913,0.597967,-0.263713
2.908302,-0.044458,12.260255,-0.121376,0.026845
1.665437,1.59164,11.653267,-0.390614,-0.015434
2.387834,0.778531,12.718003,0.636027,-0.491583
0.603096,0.304167,9.973011,-0.089159,0.232496
0.443228,0.595761,11.746523,0.093574,0.028598
1.86587,-0.80772,10.771002,0.543296,0.099086
2.408791,-1.088536,9.904603,-0.002921,0.023008
1.892964,0.000599,8.004155,-0.292254,-0.008682
2.355352,0.605491,10.537038,-0.051977,0.097489
1.70705,0.57241,10.109377,-1.091528,-0.405601
0.625849,1.399739,10.215357,-0.037862,0.359712
1.179098,1.221759,9.863589,-0.387296,-0.385687
3.264262,-0.217797,12.46458,0.186133,0.023044
2.372267,0.57226,10.805729,0.058633,0.011908
0.802631,-0.450413,8.191566,-0.055977,-0.452364
0.135618,1.011297,14.872173,-0.028418,-0.094517
0.541723,-1.963467,11.138637,0.142101,-0.215751
2.802323,-0.685125,9.466015,-0.058917,-0.022359
3.861221,0.95232,10.982961,-0.005335,-0.166057
1.138832,0.166154,6.796766,0.297599,-0.249481
1.055006,-0.332908,12.823683,0.04172,-0.029493
1.834585,2.994822,11.49789,0.352244,0.166611
3.825744,-0.176333,7.870783,0.003278,-0.098447
2.365681,0.299976,7.812853,-0.228697,-0.0129
3.616779,-0.948278,9.574091,-0.081989,-0.193955
2.398313,-0.304916,6.192024,-0.10864,0.220497
1.177901,0.611179,11.362122,0.108286,0.102652
3.986211,-0.331111,12.21939,0.040361,-0.0819
3.391647,-0.463885,8.957373,-0.037722,0.050619
4.173621,0.25028,13.314812,-0.32667,0.099273
2.547403,-0.08667,9.812245,0.024142,-0.261513
3.153642,0.295785,10.042766,-0.033989,-0.422896
1.651965,-0.208217,6.9249,-0.500373,-0.008292
1.725462,0.467478,11.732153,-0.145618,0.025968
0.840352,0.165855,9.592053,0.038336,-0.03186
0.373473,1.147514,6.3956,-0.37263,-0.158664
1.488804,0.194446,11.551179,-0.352945,0.118122
0.287402,-1.347947,9.061556,-0.070406,-0.137682
2.913541,-0.354164,6.64588,0.268495,0.206887
2.031725,-0.061821,7.023245,-0.152087,-0.247884
0.580942,0.637375,10.511441,0.465102,-0.062046
2.768343,-0.005988,11.628419,0.267865,-0.039296
0.151335,1.261726,12.182417,-0.209462,-0.379189
1.732198,0.435145,7.106023,-0.361625,-0.031138
2.110761,-0.573158,7.324269,0.035177,-0.005821
1.81752,-0.023651,13.187127,-0.407366,-0.121361
1.604962,0.310604,11.337873,0.428307,0.224627
2.867737,-0.051194,7.440278,-0.142813,-0.283043
-0.04311,2.159409,8.049661,-0.248637,-0.043827
2.686763,1.256936,12.483291,-0.644102,-0.427911
3.263663,-0.135768,8.268056,0.054772,-0.231078
0.944087,0.854723,7.412585,-0.658289,-0.389579
1.264421,-0.585732,9.908495,0.005409,0.009304
3.001109,-0.938399,12.014316,0.05191,0.042854
1.503623,0.837059,9.059161,-0.28765,0.356657
3.057093,-0.022753,6.46311,0.23921,0.103241
2.350412,-0.076341,8.896599,-0.02817,-0.002951
3.001858,0.042961,6.086343,0.083194,-0.002711
1.67816,-0.804727,6.791826,-0.239692,-0.060516
1.291664,0.996777,8.903186,0.111712,0.309252
2.082769,0.20193,7.236851,0.082257,-0.068952
2.494563,0.083676,7.421716,-0.102099,-0.22556
2.265389,0.956661,8.353828,-0.11209,-0.342177
0.953966,0.064067,10.998229,0.071294,0.322354
2.526147,0.175435,9.128617,-0.18792,0.337509
1.570085,-0.220491,7.5497,-0.308885,0.213396
4.159251,-0.696502,11.637999,-0.067649,0.005139
2.458937,-0.21181,12.617861,-0.92121,-0.528629
-0.029638,0.264949,9.075777,0.027596,-0.022978
0.133672,1.818419,14.039006,-0.202058,0.008683
1.176104,1.52937,9.784104,-0.000446,0.35789
2.242936,-0.063468,6.249654,0.061882,-0.21319
1.152453,-0.678689,8.928783,0.168934,-0.329773
0.92328,-0.667163,9.8579,-0.158092,0.114889
1.223705,1.006956,11.124566,-0.519663,0.252203
3.133284,-0.533042,8.679251,0.000125,-0.008252
1.898502,0.095202,6.162535,-0.974094,-0.003459
2.95276,-0.15867,7.616312,-0.594685,-0.132879
2.155218,0.35566,6.072422,-1.017169,0.014655
2.140698,0.125439,10.880424,0.099259,-0.100376
1.102906,-0.532892,7.448211,0.388282,0.257772
0.978365,0.516875,8.510253,0.042239,0.161137
1.137634,-0.659529,11.508069,0.3559,-0.011287
1.104852,1.14437,7.220984,0.074611,0.163937
0.777034,-0.816253,9.258547,0.098102,0.116596
2.066303,0.0479,7.406598,-0.036996,-0.32882
1.91871,0.372575,6.896758,0.126038,-0.013721
1.989064,-0.484991,12.345877,-0.095979,-0.163937
1.546434,-1.718576,10.840307,0.105824,0.113204
2.910697,0.093256,8.130043,0.313826,-0.402043
2.443668,0.50954,8.964558,0.037498,0.003446
1.47608,-1.199605,10.111473,0.256814,0.095109
3.212919,0.488285,13.768818,0.255928,0.008241
-0.880469,0.834215,11.521691,0.303334,0.037455
1.683998,1.35139,13.205988,-0.218752,-0.050473
2.720892,-0.106878,6.299051,0.388012,0.045224
0.710722,1.008004,8.566536,-0.536246,0.106414
3.598667,-1.333427,10.973081,0.272335,-0.140414
3.040477,0.530197,10.544373,0.192184,-0.117002
2.351011,-0.420925,9.317823,-0.356503,-0.321523
1.894311,0.111219,6.143075,-0.170552,0.051953
1.696123,-0.080832,11.74772,-0.115768,-0.070305
0.39937,0.317041,15.074103,0.524846,-0.18998
1.905088,2.008224,13.316458,0.040169,0.105883
2.415228,0.056732,13.510155,0.249882,-0.033264
3.331322,0.384101,10.934761,-1.142354,-0.694112
0.806523,1.072969,13.279036,0.135738,-0.266918
3.235073,-0.39413,11.785891,-0.145108,0.062682
0.418679,0.025896,8.273296,-0.341231,-0.446033
3.326532,-0.24504,11.157648,-0.329247,-0.53246
1.892365,0.450862,14.179264,-0.542449,-0.489586
3.262166,-0.389789,11.71449,-0.336207,-0.572958
3.68818,-1.008603,11.162737,-0.173956,0.339728
2.391876,-0.138462,7.008127,-0.106192,-0.005195
2.39951,0.588127,8.507409,0.058358,0.39038
1.791325,-1.04348,11.261532,0.359497,0.273341
3.104544,-0.459095,10.456206,-0.189059,-0.344605
1.249901,-1.089884,11.191028,-0.032655,0.041138
3.547323,0.46164,11.898457,0.845778,-0.429995
0.648452,1.048719,11.100017,0.262094,0.160838
1.14437,-0.661025,11.683354,-0.062224,0.026127
0.070803,1.306483,9.671538,0.056952,0.142653
2.170636,0.985251,11.022479,0.331652,0.049809
2.376608,-0.954415,9.383986,0.0693,0.524871
3.360961,0.078437,8.351134,-0.684022,-0.221651
0.077688,-0.982108,10.67086,-0.134248,-0.300149
2.857109,-0.183668,7.258107,-0.056397,0.176185
3.200345,-1.114433,10.820399,-0.165609,-0.736635
2.946473,0.205074,6.079158,0.239182,-0.0003
-0.378563,0.996628,8.838221,0.567826,0.033663
1.566642,0.313298,6.489006,-0.456415,-0.570926
1.254092,0.856968,7.886051,0.034577,-0.04982
2.886897,0.209415,12.479998,-0.137799,0.177652
1.926344,-0.600401,7.722142,-0.04803,-0.030832
1.390608,-0.611179,12.888498,0.277517,0.880295
3.843258,0.108824,7.531139,-0.21483,0.082233
3.046465,-0.696951,9.282796,-0.165548,-0.12836
1.337319,0.579595,9.96852,-0.63891,-0.042126
1.80794,-0.334854,9.520801,-0.096166,0.041725
1.983525,-0.463436,8.336614,-0.068595,-0.22939
1.097518,0.521815,7.806866,-0.002811,-0.012185
1.445843,-0.863105,10.759925,-0.791052,-0.194077
3.417543,-0.883014,8.272248,-0.036362,-0.105956
1.719025,1.113983,9.56002,0.199954,-0.283628
-0.260458,-0.035027,9.765692,-0.256824,0.057541
3.174149,-0.241298,6.628815,0.522183,0.063408
3.027155,-0.098345,7.115753,0.80369,0.71605
0.947679,-0.23067,10.566527,0.229171,-0.142783
3.92379,0.470172,10.11791,-0.183443,-0.229797
0.576152,-0.361947,10.865305,0.252617,0.015823
1.968556,-0.359552,6.971902,-0.082413,-0.318611
1.979334,0.201331,12.054732,0.019492,0.146271
1.867666,-0.458646,6.869664,0.150566,0.003026
1.579515,0.772094,10.69481,-0.130127,0.197188
0.809816,-0.654888,9.740844,0.536663,0.112505
0.192051,0.701591,10.477612,0.330334,-0.018763
1.722169,0.073647,7.207961,-0.255478,0.085564
2.039808,-0.736768,10.759625,0.096753,-0.480208
2.467918,0.573308,10.44962,0.268651,-0.002008
2.657274,0.030686,7.930957,0.103023,-0.014265
1.58191,-0.785716,12.884157,-0.404354,-0.319239
2.637815,0.261656,8.386011,0.294068,-0.114318
2.090553,1.276246,10.531949,0.223237,0.051969
2.537374,-0.775088,12.506493,0.253631,-0.201495
1.331032,-0.837808,8.35278,0.01449,-0.014212
2.5968,-0.339045,6.41955,0.19106,-0.114851
1.128354,-1.241369,10.231074,-0.341805,0.424117
1.843117,-0.137714,6.271957,0.274803,0.026557
3.21726,-0.279768,11.812985,-0.265243,-0.334538
3.249443,-0.598605,11.287278,0.097996,-0.193466
2.947521,-0.41823,11.335777,-0.028581,0.081779
1.881587,-0.496218,10.124047,0.3111,0.055028
2.921924,0.158969,7.046147,0.030905,0.057155
2.622247,-0.34638,8.572374,-0.126682,-0.613203
0.962498,-0.881816,7.9826,-0.077441,-0.00472
1.414558,-0.002395,6.983278,-0.144891,-0.280419
2.720443,0.088017,6.53062,0.019767,0.179794
3.33252,-0.481549,9.068143,-0.049148,-0.127295
2.532583,-0.71147,7.653435,0.201692,-0.03785
2.584975,-0.352966,7.310947,-0.082067,0.081911
2.883454,-0.146994,13.330828,-0.181562,-0.056141
1.620081,1.388662,11.569441,-0.214863,0.00077
2.264491,1.163979,8.382419,0.214726,-0.169804
2.777175,0.270038,10.893597,0.138064,-0.574817
2.958897,-0.299527,6.629115,0.000892,-0.008968
1.888922,-0.663271,9.700128,0.060031,-0.551629
1.988615,-0.51433,6.842421,0.146626,-0.193821
3.125051,0.059426,11.849509,0.151972,0.03112
2.3323,-0.412392,11.645034,-0.025666,0.089954
5.117408,-0.25986,11.417956,-0.350045,-0.041933
1.38477,0.38006,12.675341,0.094917,-0.126431
3.44778,-0.175136,6.307134,0.263122,0.456462
0.613125,0.775837,11.016192,0.543419,0.098698
2.521806,0.20672,10.068961,0.184236,-0.129575
1.898203,-0.323178,14.188245,0.279214,-0.082798
1.226549,-0.649499,9.632469,-0.21236,0.470749
2.587519,-0.291743,6.513705,-0.409521,0.217951
3.35632,0.642464,7.471413,0.22204,-0.03892
1.795965,-0.0479,7.118148,0.183642,0.022412
1.181044,1.29361,14.456787,0.310404,0.118277
3.866909,-0.563129,9.846075,0.001209,-0.226199
0.518971,0.133223,9.799073,0.055232,-0.429298
0.034279,0.221539,9.96373,0.111054,-0.257695
1.185684,-1.032253,9.198671,0.250521,0.038539
4.692891,0.407004,11.238629,0.066487,0.105034
2.311493,-0.827928,9.047935,-0.038672,0.248929
2.121538,0.334405,6.757548,-0.948017,0.046854
3.04392,-0.522114,11.866723,0.181791,0.136847
0.223635,1.613495,11.107202,-0.187235,-0.308341
1.747766,1.478176,8.112979,-0.671747,-0.478581
3.455564,-0.031884,8.401429,-0.193858,-0.199707
4.771777,1.167572,12.458143,-0.91401,0.428189
1.351989,-0.739462,10.767708,0.218929,0.157207
3.286416,-0.339793,11.501183,0.123479,-0.298483
1.088387,-0.299677,7.159312,-0.154177,-0.025527
2.103127,0.909958,9.406739,0.127658,-0.185389
2.048041,-0.526904,7.492819,-0.311686,0.271903
1.462758,0.935854,8.295599,-0.214014,0.260213
1.540596,0.530647,9.559122,0.148969,-0.387237
2.054627,-0.862806,11.360027,0.606885,0.795542
4.69798,0.39443,10.064022,-0.584157,-0.527842
1.570384,0.200134,6.95843,-0.239352,-0.225326
0.127086,0.969833,8.309371,-0.139717,0.110607
2.587819,-0.493823,8.902288,-0.714183,0.230111
2.823878,-0.248034,9.391171,-0.161145,-0.278483
2.019001,0.017214,9.326056,0.26774,0.21067
0.937351,-0.385598,9.912836,0.305087,0.391848
3.142116,-0.716261,8.749455,-0.471429,-0.120187
1.976041,1.037343,8.585397,0.090884,0.184299
3.654949,-0.464334,11.088042,0.400829,0.544536
1.550625,-1.135239,9.780811,-0.238244,-0.798798
2.360142,0.14445,7.250023,0.14264,0.118898
1.780996,-0.17304,10.523117,-0.123028,-0.405034
3.916905,0.765209,12.219539,-0.256189,-0.519454
1.697919,-0.890498,8.115224,0.240082,-0.022773
3.66902,-0.351469,10.738669,0.041287,0.310875
0.388742,0.249232,11.362422,0.135134,-0.04983
3.931275,-0.993334,11.068433,0.512756,0.238073
2.913841,-0.272134,6.554121,0.097681,0.177184
3.494633,-0.06257,7.647148,-0.062524,-0.155366
0.082329,0.763113,8.336764,0.183016,-0.156957
2.606829,-0.697999,7.577243,0.012652,-0.45403
2.436932,0.768502,12.895085,-0.048301,-0.379829
3.335214,0.496667,12.285402,0.05982,-0.282155
3.18328,-0.497116,8.143515,0.010957,-0.246072
2.669549,-0.28366,9.516161,0.050687,0.172905
-0.370031,0.689017,11.476485,0.475594,0.112517
1.520239,-1.858835,11.338322,0.118653,-0.141128
2.319277,0.760269,8.829838,-0.29471,0.4312
3.311264,-1.092578,8.838221,0.05529,-0.034848
-0.782872,-1.121019,11.5413,0.06233,0.013654
1.699266,0.06272,12.583433,0.069172,0.286278
3.530109,0.406405,8.452323,-0.017088,-0.302734
0.712668,1.415756,11.062595,-0.285633,-0.03757
1.131946,-0.223336,11.471545,-0.129719,-0.410025
1.809587,-0.645158,9.741293,0.661781,-0.486467
1.726659,-0.169597,6.771918,0.126624,0.08486
1.701512,-0.487985,9.617201,-0.6099,-0.07575
2.027833,-0.982706,11.454181,-0.373702,0.229649
1.241369,0.508193,7.381151,-0.520209,0.024817
2.677931,-0.285456,11.508668,0.042048,0.107345
2.489323,0.352816,7.313791,0.295082,-0.018689
0.559836,1.123264,8.173753,0.853603,0.185378
3.18837,0.056133,6.2513,0.304059,-0.058426
1.655707,-0.396675,12.203074,-0.161712,-0.217008
2.927313,-0.361049,9.062455,-0.358343,-0.365813
4.772975,0.433798,12.510684,-0.690637,0.084102
3.054548,-0.25492,9.605974,-0.366933,0.274898
1.102308,-0.096549,7.186705,0.126297,0.314039
1.576671,-0.683778,7.891889,0.20133,-0.264591
1.116229,0.337398,10.307116,0.12452,-0.234124
3.091521,0.481249,11.107951,0.304784,-0.001655
3.867957,-0.069456,11.125315,0.09497,-0.061831
2.666705,0.509989,12.027339,0.060437,-0.362053
0.498463,0.495919,11.88259,-0.343041,-0.750207
0.896186,0.186512,12.966636,0.062181,-0.163187
1.680256,-0.324675,7.747738,-0.484225,0.498062
2.730322,-0.235311,7.600295,-0.535901,0.014321
1.584605,1.040486,12.057426,0.007186,0.341645
0.95696,0.00494,7.623946,-0.349927,0.203495
4.260291,0.546064,8.517139,-0.104995,-0.307627
1.031655,-0.849034,9.822274,-0.682409,0.019569
3.677852,0.151335,8.643925,0.180418,0.039956
0.398172,-0.810115,11.444451,-0.218463,0.663772
1.573079,1.105451,6.291716,0.18843,0.191653
2.148183,0.608485,8.070168,0.182085,0.074167
3.71722,-1.090931,11.540851,0.367785,0.091887
0.217498,0.417781,13.997093,-0.039938,-0.208216
2.288142,0.203876,7.403454,0.127457,0.114514
0.161814,1.551673,11.119776,0.223267,-0.004126
1.905687,-0.912353,9.189391,0.213788,-0.192454
3.200944,-0.085173,7.169341,0.127613,0.64396
0.776435,-1.005759,9.687704,-0.015828,0.009119
1.362317,0.338147,6.809789,-0.690571,-0.288088
3.950136,-0.539478,11.328891,0.472346,-0.045717
3.652854,-0.138761,11.539803,-0.885598,-0.483241
2.354604,-0.176633,7.218439,0.388594,0.009431
0.207918,1.242117,14.086307,-0.053207,-0.043376
3.215763,0.106728,10.936707,-0.672322,-0.334559
2.734364,0.206121,7.100634,-0.088514,-0.103762
0.889001,-0.335153,7.586224,0.236452,-0.410174
1.357677,0.251776,12.7915,0.074543,0.077546
3.931874,-0.625549,10.888358,0.223294,-0.173007
0.848735,2.503544,13.937517,-0.15944,0.038798
3.499124,-0.646356,7.789502,-0.648411,-0.183149
2.450554,0.709075,11.886781,-0.330701,0.050404
-0.498164,1.540297,11.996353,-0.098098,-0.047633
2.821483,-0.201182,7.006031,-0.09498,-0.503595
3.995791,0.125739,12.18556,-0.266237,0.021385
1.314117,0.052092,10.530452,0.262768,-0.038344
2.022893,0.810714,12.217593,-1.11554,-0.566669
1.689387,-0.457299,9.658365,-0.10676,-0.060805
1.747466,-0.105081,9.947115,0.06305,-0.101208
-0.233514,1.470093,11.165132,0.057302,0.019931
2.153422,-0.651445,6.954388,-0.029277,-0.073616
3.080744,0.521965,6.417006,-0.395516,0.256556
1.665736,0.126337,9.41108,-0.166802,0.104403
1.324895,0.235011,11.236683,-0.182845,-0.129575
1.459914,2.292183,10.264305,-1.071516,0.044113
3.883225,0.494422,10.248738,0.369395,-0.341331
2.924918,-0.461939,7.794591,0.21895,0.069759
3.101401,-1.215622,10.796449,-0.035439,0.124442
2.964435,0.319735,10.433603,0.199993,0.145617
2.308799,0.215402,8.306077,0.565875,-0.474191
1.000968,0.55789,8.937764,0.435362,0.085233
3.832331,-0.613873,11.887081,0.146726,-0.280738
2.128723,0.263302,11.127111,0.149301,0.261418
2.751877,-0.059127,10.197993,-0.192247,-0.049065
2.169588,0.291594,11.880644,-0.294182,-0.634237
1.153651,-0.425116,13.382022,0.215074,0.193963
2.37571,-0.734073,7.775281,-0.499498,-0.134375
1.440754,0.929268,9.697733,-0.020165,-0.32448
0.042212,1.55302,11.438015,-0.500798,0.424722
4.815187,0.233215,10.795251,-0.665891,-0.674508
3.085683,0.057181,6.477181,0.282789,0.093789
2.219584,1.402434,9.243877,0.319335,-0.067303
1.844315,0.630639,12.335398,-0.02891,0.083506
1.977987,1.752106,9.440568,0.418308,-0.055595
0.383652,0.839604,9.389375,0.624186,0.109881
0.672851,0.799637,8.74736,0.39765,0.064711
1.574725,-0.617765,12.288246,-0.050074,0.427682
1.826801,0.10119,7.591913,-0.022006,0.143822
0.113763,-0.910407,11.845168,0.160052,-0.140872
2.050137,-0.010329,6.197113,0.024163,-0.143194
2.762954,-0.862357,7.316635,0.159954,0.354394
3.210973,-1.035397,13.433066,-1.096993,0.119549
2.302811,-0.205523,10.5074,0.091412,0.169088
0.786914,0.71671,12.547358,-0.08073,-0.109726
1.940864,-0.852777,8.678204,0.285768,0.101387
2.487078,-0.80787,11.149564,0.013325,0.687816
2.727328,-0.382904,12.447964,-0.584968,0.107302
3.391946,-0.103285,12.056977,0.021786,-0.050634
2.560575,0.603096,10.08423,0.449281,0.039852
3.259472,-0.199685,10.899584,0.000142,0.124815
1.832639,0.061522,7.020251,-0.208931,-0.030479
2.521207,-0.910257,9.169033,0.725649,0.454592
3.488346,-0.064366,8.955577,-0.68178,-0.08965
1.181792,0.88975,11.715088,-0.251629,-0.473063
3.484753,0.257764,6.190527,-0.042432,-0.058
1.935026,-0.764011,9.663604,0.381191,-0.015923
3.542982,0.16361,8.853788,-0.007309,-0.038089
4.716692,-1.251847,12.25277,0.401831,0.387031
2.766248,-0.234862,11.803704,0.156326,0.051897
2.446063,-0.699495,6.719826,-0.055377,0.083919
4.108955,-0.397723,11.361224,-0.138182,-0.548846
1.389111,1.373244,9.871821,-0.145134,0.057055
3.089276,-0.258961,9.530531,0.02509,0.248085
3.468587,0.550106,8.078102,-0.221242,-0.09091
3.06323,-0.013322,8.631501,0.02604,0.139725
2.739603,0.076491,11.494447,0.168045,-0.073295
2.136956,-0.061223,9.930499,-0.50199,-0.468867
1.554068,-0.085772,8.411907,-0.68246,-0.395046
3.174149,0.012125,9.402398,-0.385866,0.100788
2.158362,0.380808,9.32426,0.025349,0.17778
1.384022,1.987267,11.441906,0.020295,0.023335
4.785548,0.847687,11.746224,0.059418,0.004803
1.021027,0.711321,11.705209,-0.018025,0.236878
2.657873,-0.381557,11.392659,0.044557,0.124843
0.223934,0.37976,10.293345,0.069874,-0.332711
3.021018,0.095801,7.844737,0.24074,0.080388
1.082399,-0.90876,9.814341,-0.078839,0.220225
1.013692,2.040257,13.384567,-0.66577,-0.015276
2.29383,0.220641,9.348659,-1.087723,0.304396
3.298092,-0.911155,8.428373,0.047295,-0.394192
2.969375,-0.594115,8.519234,-0.174553,-0.29608
0.68303,1.25499,7.294631,0.05542,-0.332186
2.688559,1.701362,7.635322,-0.852719,0.329132
2.353705,-0.344284,9.513317,-0.846662,-0.305605
-0.151635,0.63947,13.811329,-0.476903,-0.163007
1.799707,1.492696,9.47829,0.393588,-0.067606
2.995421,0.381107,7.643405,-0.11124,-0.165597
2.443369,1.220412,9.294622,-0.031897,-0.011774
2.380649,0.04326,8.347392,-0.530028,-0.438956
3.439398,-0.152982,8.12211,-0.064476,-0.710969
2.287693,0.223036,7.181616,0.259679,-0.144611
1.079555,0.040416,14.434483,0.092831,-0.131305
4.119583,0.184716,7.577692,-0.087712,0.567208
1.709146,-0.161963,8.46834,-0.137618,-0.099262
0.171543,-0.127385,8.525671,-0.085033,0.037765
2.231859,0.701292,11.623778,0.075948,0.3951
1.828597,-0.327968,9.075777,-0.004429,-0.06608
2.730921,-0.438139,10.860066,0.04132,-0.019537
1.816024,-0.692011,8.316705,0.019057,-0.055524
3.038382,0.729134,7.51632,-0.079788,0.098721
0.615819,-0.502355,11.06529,-0.791478,-0.307786
1.169967,0.429457,8.036039,-0.110376,-0.088997
-0.664319,1.390459,11.51256,0.076417,-0.023318
2.322421,0.812959,8.977282,-0.075947,-0.089471
1.572181,-0.969534,9.094488,-0.003496,0.033044
1.588048,-0.447719,11.791879,-0.512575,-0.427509
2.244433,0.34623,9.515263,0.092179,-0.201818
1.805096,0.039069,7.17488,0.246259,-0.219911
2.111958,-0.629142,8.341404,-0.017889,0.215463
0.429906,0.898132,9.604328,-0.723948,-0.310574
0.145348,-1.036744,11.82481,-0.28882,-0.044446
1.154399,-0.638572,9.808353,0.255784,-0.123942
3.135829,0.065863,8.058343,-0.143319,0.158283
2.522255,0.69725,10.796748,0.186323,-0.213617
3.849695,-0.495021,10.832973,-0.102099,-0.323347
1.881737,-0.184566,7.286398,0.153195,-0.180539
3.537294,-0.362995,9.784553,-0.011622,0.059657
2.559378,0.169298,12.215947,0.027037,0.021209
2.660118,-0.070653,8.966205,0.166517,0.056341
2.757117,-0.78392,10.187515,0.03663,-0.108596
3.162174,-0.419727,12.110716,0.036712,0.180673
2.242337,-0.583337,11.837534,0.318414,0.03318
1.075214,0.808918,6.926097,0.038085,-0.051694
2.101929,0.56732,9.765243,0.255405,-0.174537
0.55759,0.179477,9.728569,0.040417,0.116053
1.516646,0.518821,11.70476,0.080083,0.05931
1.394799,1.475033,8.092322,-0.324742,0.211393
1.528172,-0.701591,9.61271,0.051993,0.064825
2.744393,-0.393831,11.689641,0.122071,-0.16531
2.574347,0.724044,13.95024,-0.536489,-0.169399
0.919837,0.281265,10.944341,0.081757,0.247133
1.551374,0.537383,8.241113,-0.26726,-0.065595
2.04834,0.117057,6.76144,0.131563,-0.251033
2.264042,-0.921484,12.186907,-0.293563,-0.624496
1.647025,0.178878,13.157639,0.09489,-0.060441
3.321892,0.092657,9.237291,0.255225,0.089935
1.312022,0.607437,8.56953,-0.083387,-0.061619
3.280578,0.1681,7.239096,0.090132,0.007713
2.362537,-0.267045,8.152646,-0.17417,0.059925
2.973866,-0.559387,12.953763,0.197208,-0.036107
3.789969,-0.170945,11.513907,-0.566556,-0.706451
1.661395,-0.393532,8.866512,-0.889073,-0.072051
1.90898,0.075742,12.017609,0.34456,0.003916
1.57727,-0.223336,7.364835,0.162327,-0.065059
3.288212,-0.247735,9.514664,0.077914,-0.042998
1.39959,0.947979,6.838978,-0.164716,0.13444
0.886906,1.438958,12.77219,-0.22655,0.582654
2.909649,0.085772,12.619208,-0.139962,-0.127484
2.462379,-1.423689,9.599837,0.047717,0.587277
1.880539,-0.039668,8.787776,-0.437282,0.081906
3.472629,-0.083077,11.492651,0.200519,0.238673
0.469574,0.464334,7.278614,-0.070206,-0.46695
1.792971,0.469124,11.588302,0.174027,-0.311401
2.720143,0.124242,10.980117,-0.029818,0.210303
2.116,0.893342,9.408984,0.16373,0.019558
3.178191,0.573907,10.053244,-0.029046,-0.143923
3.77994,0.010778,12.673695,0.266816,-0.190145
0.305515,0.507295,11.372301,0.347544,0.223539
5.302274,-1.613195,10.798245,-0.236608,0.282317
3.023413,-0.016915,6.917565,-0.047661,-0.084361
4.323908,-1.344803,12.867542,0.16015,-0.286579
2.263593,-0.017813,12.801379,0.022513,-0.218916
2.51492,-1.185834,9.869726,0.255713,-0.173284
1.513952,0.087119,12.409195,0.442731,-0.211359
3.309169,-0.893642,10.436747,0.175759,0.481062
1.732647,1.667233,8.951535,-0.22794,-0.209399
2.531536,0.287103,7.004085,0.415381,-0.078293
0.861758,0.640518,11.068433,0.087756,-0.162524
2.48618,0.127984,6.338569,0.446165,-0.198396
2.256707,-0.26914,6.415659,-0.066382,-0.33594
0.65893,0.437091,9.447005,-0.33882,-0.390735
0.089514,-0.825683,13.94575,0.120078,0.010819
3.331023,-0.495769,11.455229,0.088984,0.361286
1.389261,1.111888,12.597054,0.442195,-0.266493
1.246308,0.463586,7.529792,-0.23171,0.084109
2.194736,0.052541,6.262377,0.194004,0.069925
1.18299,1.767524,10.967243,0.197876,-0.272944
1.43776,1.653013,9.708361,-0.210103,0.076619
2.865192,0.342039,6.932683,-0.328823,0.284965
1.818718,0.56253,6.563252,0.160527,-0.316699
3.458408,0.001497,9.979148,0.132733,0.274409
0.535437,-0.897234,11.781999,0.007151,0.251385
1.826651,-0.878523,9.630823,0.083426,0.009009
1.572031,0.520168,5.980813,0.001082,-0.345329
3.495681,-0.323328,9.927805,0.020603,0.07691
0.3124,1.315015,10.725945,-0.058273,-0.004029
2.379901,-0.519869,6.570736,-0.066586,0.302079
3.135081,-0.234562,6.272257,0.213947,-0.42301
3.770958,0.029489,8.422835,0.297827,-0.316221
2.003284,-0.088466,7.789053,0.33527,-0.020816
2.219285,-0.276176,6.781348,0.108002,-0.036984
0.366588,0.068857,11.217972,-0.234961,-0.056473
1.302292,-0.29339,7.800279,-0.097885,-0.040747
0.422122,1.24541,10.788216,0.241756,0.103063
1.821861,-0.67824,9.521999,-0.052779,0.057251
0.537083,-0.001198,10.087822,0.098541,0.264984
2.654729,-0.353415,6.624025,-0.419313,0.211429
2.389481,-0.332908,7.748487,-0.256295,0.350208
1.753903,0.036225,12.067306,0.051355,0.060248
1.498534,0.02425,9.501192,0.021419,0.211556
2.78421,0.550705,11.179801,0.109737,0.327153
3.008594,0.632285,7.137607,-0.664199,-0.407888
3.011138,0.085622,9.151968,-0.166896,-0.332841
1.105002,-0.591869,10.435699,0.134397,0.053953
1.523382,-0.321382,10.434202,0.190637,-0.237043
1.534609,-0.060175,9.140293,-0.036487,-0.135308
1.825753,-0.41853,9.578881,-0.037656,-0.02245
2.786456,1.233734,10.219399,0.003103,-0.380931
2.349065,-0.150437,7.596703,-0.416618,0.006607
3.899391,-0.719105,9.285491,-0.367457,-0.293786
0.064666,-0.031435,13.602364,0.127475,0.006281
2.204765,-0.372875,6.567593,-0.087122,0.003369
3.619174,0.233365,9.621542,-0.491545,-0.527164
1.754202,-0.709824,9.587263,0.519933,0.175445
3.006049,-0.77419,10.38226,-0.204777,0.093536
1.692979,-0.382754,9.157357,-0.040026,-0.023766
1.546883,-0.532892,8.308323,0.20777,0.224847
1.821113,-0.358205,7.686815,-0.039344,0.036654
2.95276,-0.15867,7.616312,-0.594685,-0.132879
2.124981,-1.032702,9.225765,0.067994,-0.211846
3.267106,-0.286953,6.951095,0.021988,-0.002396
1.416953,-0.48065,9.819879,-0.130833,0.711083
2.089355,-0.261656,7.26634,0.091406,-0.179195
2.79379,0.335602,10.730436,-0.20796,0.268333
2.664759,-0.354613,6.884484,0.039539,-0.00019
4.141737,-0.990041,11.484717,-0.081674,-0.268908
2.738555,0.384101,7.68457,0.195853,-0.106077
0.238903,-0.930016,11.210637,-0.12338,0.444615
3.526966,-0.027543,11.760294,-0.196819,-0.161204
1.342408,-0.70683,9.580827,0.164447,-0.090812
0.589624,-2.131867,9.552685,-0.035455,-0.011123
4.160748,-0.010927,10.538236,-0.017566,-0.006267
-0.072898,0.667462,11.203602,0.14685,-0.219342
2.318978,1.306932,8.633746,-0.114949,-0.605955
1.653761,0.109722,13.686489,-0.167286,0.211649
2.563419,-0.239502,6.974896,-0.036904,0.011153
3.873345,-0.715362,11.663146,0.268518,0.035493
2.629432,0.350122,11.285033,0.135957,-0.041249
3.027155,0.63019,11.426488,-0.541207,0.243026
1.439706,-0.6971,8.98297,-0.045265,0.095268
1.641487,0.239502,10.989248,0.39228,0.389228
2.331701,-0.534538,8.730894,-0.087161,0.802441
2.044748,0.183967,7.433692,-0.139434,-0.088187
0.008233,2.143093,13.597274,-0.423793,-0.231083
1.592538,2.109863,8.389304,-0.276354,-0.617614
3.112029,-1.213826,9.210497,0.264236,0.022797
4.287983,-0.569266,8.017029,-0.025771,0.085211
1.767674,-0.589624,9.852811,0.091076,-0.120427
0.579146,-1.044977,12.272379,-0.011514,0.13286
2.662364,0.801583,10.301278,0.196727,0.1123
2.982548,0.16825,10.994936,-0.197108,0.113852
1.541345,0.766107,8.443492,0.161287,-0.302864
1.69268,0.506247,10.687026,0.287693,-0.199144
2.017205,-0.170346,6.479875,-0.033565,-0.042296
-0.095501,-1.319057,10.19006,0.010722,-0.028367
3.514392,-0.102986,11.342214,0.176459,0.031901
1.278042,-0.594863,14.629677,0.020805,0.041972
2.389182,-0.446222,10.01193,0.258056,0.306983
1.268612,1.925147,9.208551,0.071127,0.446921
2.954556,-0.061073,8.491242,-0.17817,-0.297821
1.8515,-1.247356,11.644136,0.113554,-0.056389
1.823957,1.351689,9.164991,0.260057,-0.219715
1.731599,0.147892,8.35757,0.025488,0.472823
1.207389,-1.156046,12.056678,-0.05586,-0.084282
1.677861,3.307073,11.24282,0.418498,-0.134928
3.460055,0.030986,6.36701,0.034243,0.003055
1.959276,-0.644709,11.09897,0.117615,0.205995
2.668052,-0.202828,9.918973,-0.409607,0.132713
0.818947,0.572859,9.767189,-0.248455,-0.1974
1.75525,-0.041015,7.278464,-0.088383,-0.033608
2.483336,0.15867,7.048992,0.021615,0.118438
0.92328,1.028511,6.968758,0.234356,-0.288981
2.335443,1.087189,8.644823,0.224918,0.148294
4.136797,0.803828,10.907218,-0.208156,0.022425
1.713187,0.298928,10.775492,0.282489,-0.03596
2.684368,0.136217,8.85768,0.614439,0.389104
3.468138,0.494871,11.420052,-0.33703,0.126356
0.479752,-0.09625,11.331137,-0.149405,-0.015946
2.540367,-0.678389,8.361313,-0.188874,-0.07601
0.891995,0.785117,7.25182,-0.039825,0.072549
0.939147,-0.402513,9.998159,-0.810255,0.004274
4.993017,0.230072,10.469379,0.236236,-0.25847
2.427951,-1.297951,9.816437,-0.087938,-0.453401
1.985771,-0.160766,8.117619,0.369669,0.175111
3.071912,-0.069007,11.426788,-0.015663,0.208482
2.304009,1.662892,10.638228,-0.499463,-0.490247
1.618884,-0.592318,9.810599,0.445076,0.068348
3.18343,0.036225,8.149653,0.404177,-0.237849
1.371298,-1.063089,9.248817,0.251103,0.171853
2.148033,0.251327,6.342461,-0.233254,0.193338
3.298541,-0.672851,7.771539,-0.163457,-0.206039
1.40438,-0.951272,11.78185,-0.374735,-0.270417
1.181792,-0.531545,10.755284,-0.078734,-0.367759
2.917283,1.295706,10.825039,0.486541,0.079553
2.437831,0.393681,9.074579,-0.487824,0.167089
2.041604,-0.560285,10.456356,-0.314701,0.213813
1.282683,0.878373,7.325167,-0.187324,0.201379
3.942202,-0.528701,11.003169,0.674907,-0.247472
3.293601,-0.305964,10.471175,0.149077,-0.186725
1.003064,0.254171,7.611073,0.081303,-0.118193
1.632206,-0.582888,7.419771,-0.211094,0.350208
3.191064,0.478106,7.088958,-0.739137,0.150016
2.819088,0.211959,7.957153,0.029043,-0.150142
1.979633,0.680934,8.205786,0.249744,0.653018
2.218986,-0.554746,9.288934,0.234982,-0.568511
2.598447,0.290845,12.146342,-0.144024,0.227251
3.326233,-0.271984,12.097842,-0.143305,0.071899
3.380869,-0.348625,8.101453,0.03009,0.105504
3.901637,-0.092059,12.475507,0.226517,-0.471223
2.646946,0.512085,6.191575,0.353452,-0.214641
2.9092,-0.854124,9.291329,0.159113,0.326322
1.793271,-1.102607,8.394693,-0.278733,-0.069531
0.783471,0.502655,9.105565,0.018418,-0.200636
1.892514,-0.9137,9.801617,-0.015913,0.023632
2.428849,-0.352667,6.991212,0.151261,0.211846
1.712289,-0.708626,9.186996,0.148659,0.138451
-1.308878,1.598077,13.7772,0.027318,-0.209573
2.230661,-0.624801,11.239527,-0.0606,-0.182257
1.734892,0.977617,7.864945,0.307603,-0.104106
2.136208,1.300047,10.576706,-0.297287,-0.290785
2.270479,-0.05793,6.489006,-0.179788,0.320221
4.497248,-0.230371,11.496094,-0.770926,-0.545294
4.490213,0.082778,10.879376,-0.195053,-0.095624
3.672014,-0.178878,8.977431,-0.04928,0.035907
0.876877,0.511786,9.266181,-0.022532,-0.093544
2.24563,-0.871787,6.758146,0.088453,0.509567
0.858764,-0.97597,11.738889,-0.249078,0.416933
1.252446,0.709674,10.043215,-0.959515,-0.188479
2.895728,0.166454,8.002958,0.059395,0.22769
3.77994,-0.176633,12.351415,-0.013844,-0.207561
3.141517,0.486638,6.672375,-0.613088,-0.085563
-0.782273,-1.561253,11.915821,0.373232,-0.100478
3.133135,0.508942,7.513326,0.022202,0.110944
1.824556,-0.029788,8.641979,0.051103,0.170753
0.220791,0.235161,8.342152,-0.258969,0.529535
1.890269,1.444796,10.291848,-0.544281,0.441804
2.858306,-0.695454,8.443492,-0.053915,-0.11508
1.720073,-0.535137,9.547596,0.085584,0.056584
2.392625,-0.608934,7.542066,-0.135665,0.151621
0.780477,0.121248,8.178543,0.237821,-0.302814
0.26914,1.566792,13.749508,0.013592,-0.234171
3.010989,-0.063767,6.713539,-0.259906,-0.370872
2.146536,-0.669109,7.721244,-1.0287,0.0246
0.86056,0.585433,7.548652,-0.4804,-0.345708
2.833158,1.066832,12.639716,0.130647,0.097147
2.816992,-0.357008,6.123017,-0.323607,-0.066469
2.874323,-1.076112,9.255553,0.114937,0.078742
3.290907,-0.319136,11.984977,0.040967,-0.139956
0.851729,1.320105,9.25705,-0.457587,-0.273786
2.133064,-0.173639,12.121344,-0.026317,-0.298009
2.310296,0.082928,7.332951,0.140549,-0.078187
1.911375,-0.281415,13.190121,0.717237,-0.368492
2.579436,-0.912353,6.702163,0.230978,0.370153
2.355053,0.236209,6.822962,-0.390957,0.166584
2.853217,-0.179177,6.801855,-0.513614,0.110674
1.102158,-0.385748,9.202713,0.025235,-0.242168
0.137714,0.638871,8.942404,-0.08274,0.126189
1.935625,-0.558489,9.834399,-0.369252,0.363528
3.177892,0.373773,9.933493,-0.099973,-0.516786
1.184337,1.006357,8.675659,-0.242056,-0.399265
2.016008,-0.67809,7.313941,-0.231851,0.077363
1.801653,1.131647,7.988438,0.201659,0.130628
2.192191,0.12963,12.747641,0.038704,0.036427
1.833387,-1.150508,8.521779,-0.277919,0.106453
2.107318,-0.874931,10.157278,0.006461,0.063995
2.991529,0.666863,10.675949,0.21382,-0.045682
0.456102,-0.578697,13.135185,0.264093,0.007462
1.632655,1.407972,7.666008,0.108483,-0.027524
3.175047,-0.093106,7.388486,0.281026,0.124374
4.69828,-1.093476,8.90094,-0.291323,0.145343
3.434608,-0.56268,10.724748,0.090392,0.512082
2.658172,-0.068108,5.992489,0.301196,0.144283
1.054557,-0.005239,7.946375,0.271017,0.09625
3.050207,-0.761916,11.797866,0.092831,-0.480635
2.601889,1.108445,12.4791,-0.595777,-0.511638
2.267485,-1.037792,9.592652,-0.074052,0.241719
1.788032,-0.600252,9.726923,0.757649,0.681655
2.123933,0.703836,11.731255,-0.120426,0.275674
2.088457,-0.488584,9.017249,-0.005307,-0.211848
2.071243,-0.664319,14.274466,-0.064632,-0.022355
3.457809,0.326621,13.49833,-0.307497,-0.160544
1.625919,0.555345,9.485175,0.140628,-0.291177
2.590962,0.641716,11.349848,-0.006321,0.016753
1.465602,0.410147,7.24703,-0.175071,0.145439
1.456172,-0.177231,12.348571,0.644894,0.246732
4.00103,-0.517624,9.696536,0.1375,-0.275531
2.20237,0.774639,9.010662,-0.145253,0.103467
3.459905,0.37048,8.914861,0.304129,-0.165838
2.06765,0.272433,6.422095,0.145175,0.020814
2.565964,0.34623,6.109395,-0.059894,0.707714
0.382155,0.22124,7.976014,-0.160688,0.15848
0.436043,0.412093,10.733579,-0.058732,-0.148778
1.413511,1.157543,6.551875,0.209042,-0.189957
2.029031,1.44734,9.888886,-0.111798,-0.060725
2.552193,0.178279,9.31468,0.180704,-0.175255
1.132545,-0.063019,8.048313,-0.045936,-0.096607
2.459236,-0.245639,6.76099,0.213007,-0.392263
1.450035,-1.382675,10.008338,-0.340955,-0.108367
3.434907,0.09116,5.946684,0.430632,0.491907
0.155976,1.677561,12.061767,0.163428,-0.679623
1.851799,0.267045,7.491322,0.414955,0.084264
1.182092,-0.627495,9.743987,0.291263,-0.40704
0.897234,-0.676593,11.194621,-0.159216,-0.065735
3.512446,-0.219743,7.7422,-0.014213,0.025861
2.930306,-0.35566,6.479276,0.08831,-0.202562
2.251169,1.213377,12.334351,0.035867,0.32601
2.990781,-0.285007,8.692424,0.154977,-0.046093
0.602048,1.275797,10.329869,-0.151558,-0.107071
1.644929,1.074915,11.982732,0.060635,0.105406
3.326383,-0.420176,8.15579,0.01203,-0.238429
2.526596,0.273631,9.516011,-0.041797,0.132455
1.923201,-0.390688,7.116501,-0.664954,0.058094
1.588646,0.053289,8.692424,0.41424,0.171566
3.994144,0.137714,9.955497,0.28888,0.466318
2.493814,-0.13472,6.290519,-0.286212,-0.190377
1.496738,-1.004561,9.396111,0.442309,-0.426529
1.525627,1.092279,11.46436,0.105657,-0.120919
2.167493,0.47631,13.124258,1.072004,-0.27219
1.564547,0.488434,8.033494,-0.08481,0.007281
2.009721,0.305215,7.59311,0.201432,-0.515041
0.693807,1.387165,7.983798,0.333673,-0.026731
0.393981,-0.737816,9.676328,0.00796,-0.021445
3.249143,-0.45191,8.303383,0.398267,-0.372014
1.920955,-0.342937,7.250173,0.083509,-0.298216
2.163152,0.252824,6.307883,0.284236,-0.283516
2.901117,0.263901,6.651418,-0.032653,-0.001033
0.838706,-1.295855,12.200828,0.394796,0.11297
3.347189,-0.008233,7.561376,0.248766,-0.129588
1.862726,0.540676,8.409961,0.081371,-0.142655
-0.123643,0.615221,10.339299,0.162165,-0.091265
2.165547,-0.1925,8.603808,0.171348,0.058105
2.354304,-0.449964,13.112882,-0.275972,0.408705
3.479365,0.06242,10.162218,0.496052,0.030301
1.973197,0.074844,8.778345,-0.156855,0.118468
0.661175,0.96639,7.880213,0.652277,0.364053
2.598147,-0.061971,6.515202,-0.019881,-0.312205
1.601819,0.713416,10.88731,-0.153617,0.152094
2.284849,0.132325,10.083032,-0.146507,0.2994
1.340612,0.449066,13.357623,0.590667,0.043635
2.708019,-0.039069,7.048393,0.06812,-0.023831
2.498005,-0.310454,9.428294,0.058398,0.00927
-0.082329,-0.834964,12.086316,0.014045,0.050638
1.831441,0.169148,7.709718,-0.137568,-0.112723
1.850901,-0.989143,7.750134,0.620005,0.373764
1.807042,0.320484,12.198134,0.00747,-0.058791
2.553989,-0.498014,11.177556,-0.001296,-0.258548
2.35131,-0.118254,7.199279,0.142452,-0.087992
3.333568,-0.40416,9.011261,0.316645,0.129097
0.414937,0.531694,14.188844,0.111629,0.427783
2.397714,0.007634,6.750662,-0.159055,0.028707
2.314487,-0.529599,7.307654,-1.285446,-0.229982
3.445086,-0.724344,11.87795,-0.274052,0.175399
1.069825,1.121169,7.696844,-0.46997,-0.217445
2.697091,0.136516,7.23236,0.114107,-0.031255
3.142116,0.026345,6.771319,0.024525,0.124708
1.322051,-0.462239,9.810449,0.1471,0.19651
1.576671,2.052831,7.871232,0.037481,0.037423
2.503544,-0.326022,6.407725,-0.367318,-0.134283
4.041296,-0.344434,12.267889,-0.21288,-0.61311
2.006428,-0.279768,8.175998,-0.209795,0.019924
-0.427361,-2.049388,11.43996,0.033458,0.012898
2.005679,-0.069456,7.18431,-0.23749,-0.062088
1.308429,1.352587,6.720125,-0.083994,0.050706
3.344794,-0.094903,9.450448,-1.467372,-0.288292
2.198778,-0.283061,12.011173,-0.196155,-0.064563
0.823288,0.307461,11.712095,-0.004572,-0.162915
2.262246,0.334854,6.972501,0.088583,-0.596904
2.34203,0.945135,8.675809,0.432066,-0.250604
2.214196,-0.556094,14.337036,-0.509446,0.110704
3.678151,0.959505,13.000765,0.149781,-0.094932
2.71715,1.066532,9.414073,0.475151,0.168675
2.590513,0.182171,6.898105,0.01209,0.20393
2.507735,-0.325124,13.593682,0.028842,-0.217114
1.889072,1.415157,12.127481,0.411818,0.565112
1.656006,-0.135917,7.986342,-0.039658,-0.811514
1.396446,0.791704,11.81059,-0.59508,0.246581
0.604293,-0.059127,8.346793,-0.008764,0.126765
3.014581,0.040566,6.713988,0.112504,-0.177568
3.230582,0.23097,6.781049,-0.042104,0.11081
0.80802,1.909579,13.435461,0.127797,-0.538995
2.061513,1.602118,10.597363,0.140216,-0.27214
3.489244,0.837059,10.298285,-0.050408,0.186544
2.36613,-0.971929,9.281898,-0.383156,-0.014779
0.590372,-0.486638,9.842333,-0.023501,-0.005914
1.252446,-0.060774,11.194471,-0.019736,0.392001
0.458497,0.32707,13.458513,-0.079391,0.345771
1.620829,0.579595,12.345577,-0.065459,-0.377528
3.010689,-0.832419,12.27702,-0.021584,0.026311
2.22183,-0.350421,8.866961,-0.012447,0.042402
0.962199,-0.718805,9.678424,-0.080617,0.061605
0.770747,0.747545,8.613987,0.248309,0.316928
3.340903,-0.421374,7.382199,0.16077,-0.190773
2.177821,0.82239,9.659413,-0.146171,-0.213423
0.994232,0.472118,6.499933,0.251019,0.004502
0.685874,-0.047751,9.359138,0.112253,-0.199494
1.872007,0.546364,6.50143,0.080088,0.017581
3.261867,-0.419128,11.380983,-0.078093,-0.131516
3.527714,0.555645,9.220676,0.109057,-0.031657
2.537823,1.36112,14.81589,-0.281278,-0.255057
2.099384,1.1541,10.429113,0.153488,0.492664
1.660198,0.448168,11.760145,0.120244,0.26123
0.544118,0.489033,9.268875,-0.250069,0.266426
3.464246,-0.40895,8.601713,0.052462,-0.142349
2.774331,-0.631537,8.371491,0.261628,-0.256404
3.518284,0.25971,7.574848,0.046929,0.292704
-0.392783,2.169439,13.85414,0.147328,-0.142664
1.640139,-0.145348,7.647896,0.035036,-0.107672
3.353925,-0.123493,7.964937,0.110277,0.076427
1.990561,-0.641266,9.461824,0.193969,-0.199645
2.054627,-1.075064,12.335847,-0.190789,-0.015144
0.229173,-0.218546,8.943003,0.283511,0.038885
3.304977,-0.182321,8.152497,0.007605,0.199667
3.135829,-0.524809,8.006101,-0.453908,0.014627
4.293073,-0.521066,10.077793,-0.206378,-0.358167
4.389921,-0.514031,7.70373,0.018894,-0.167062
4.171226,0.835113,11.880794,-0.21413,0.016191
3.257975,0.484393,9.740095,0.013592,-0.07711
0.195643,0.020657,9.713151,-0.301969,-0.024266
1.044079,0.94274,10.559042,0.109847,-0.14007
3.122956,1.165327,10.129136,-0.104414,0.145034
3.163072,-0.220342,11.615994,-0.357867,-0.281513
1.401236,0.555195,9.582174,0.066973,0.340264
0.372575,-0.256866,10.782977,-0.601452,-0.161259
1.725761,-0.415536,7.181915,-0.056925,0.002678
2.297422,0.625998,6.459218,0.605176,-0.231173
4.176315,-0.73587,11.495944,0.092969,-0.07022
1.448388,0.990041,9.530082,0.312226,-0.087575
4.493955,0.520168,10.851085,-0.074972,0.147666
3.409161,-0.136666,9.327404,0.290635,-0.096074
0.189057,0.637225,9.594897,0.049198,-0.018442
1.325943,-0.703238,9.624536,-0.224361,-0.051632
0.606838,0.814007,7.878716,-0.073119,-0.133278
1.8512,1.214125,8.304431,0.51471,0.077889
1.269061,2.031126,9.216784,0.259223,0.201761
2.411336,1.017135,8.974887,0.399311,0.443181
2.582879,-0.253573,7.356003,-0.402244,-0.146141
3.297044,-0.328716,10.638228,0.130354,0.055008
2.408042,-0.219743,6.322702,-0.191853,-0.434962
1.890269,0.695154,8.185728,0.070596,0.031459
4.860243,-1.622027,11.502381,-0.158927,-0.373887
2.210304,-0.6974,7.386989,-0.02968,-0.030792
1.905687,-0.912353,9.189391,0.005367,-0.005121
2.043401,-0.338746,8.073761,-0.034281,0.005099
1.324745,-0.741109,9.875115,-0.776105,0.292485
3.362607,0.221539,8.667127,0.260697,-0.072212
2.391876,-0.067809,9.539063,0.074206,0.040939
1.526376,0.030836,7.831564,-0.151968,0.133536
1.089435,0.20702,6.71294,-0.346241,0.082979
2.463427,0.867147,8.469687,-0.075665,0.058728
2.525997,-0.671803,9.07428,0.583035,0.318318
1.473685,0.109872,12.619508,-0.204197,0.112483
1.502575,-0.639321,12.371623,-0.121099,0.005297
2.544858,-0.341889,6.999145,0.489056,0.038892
0.456401,-0.084424,7.938891,0.278494,-0.021911
1.734144,-0.839454,6.969657,0.009691,-0.008407
2.762805,-0.123493,10.500514,0.302483,0.13136
3.747607,-0.284109,8.48765,-0.008835,0.267144
0.661474,-1.0821,11.881093,0.016559,0.340033
2.772834,0.554297,7.644304,-0.07256,0.012279
3.068918,-0.587079,8.39619,-0.039506,0.029048
1.520388,-0.864901,10.17524,-1.23072,0.314704
1.116977,0.598605,6.313721,0.093783,-0.100218
3.863616,-0.451162,8.955726,0.022102,-0.316728
1.465453,-0.864303,8.531658,-0.083594,0.043346
-0.082928,0.583337,9.658814,0.341802,0.379332
2.073488,-0.441731,12.072246,0.080615,-0.036182
2.253115,0.132924,12.515025,-0.53935,-0.470895
2.461481,-1.041534,11.105556,0.101718,-0.071469
1.857188,-0.791704,8.966803,-0.168633,0.57972
2.154619,-0.037272,7.60733,0.385732,-0.071875
3.116819,-0.099393,8.855734,-0.04841,-0.188889
3.763025,-0.402214,9.622889,-0.353513,-0.227236
2.764601,-0.191602,7.210206,0.023224,-0.184489
1.314417,-0.895139,8.878188,0.081439,-0.110141
0.422422,0.743204,10.412497,0.035844,0.134322
1.951192,0.066462,7.773186,-0.136756,-0.181048
3.488496,0.132774,11.953992,-0.197654,-0.042853
1.199007,0.284558,12.382101,-0.537179,0.344035
1.403032,-0.126487,6.458769,0.061514,0.053236
2.016606,-0.410746,9.793684,0.093584,-0.028971
2.240541,-0.436642,6.990014,0.162771,-0.28642
2.235002,-1.095721,7.236851,-0.140624,0.312993
3.189118,-0.8414,11.878548,-0.134016,-0.266207
3.384163,0.301174,7.18431,0.095976,-0.273512
0.450264,0.388742,10.2911,0.048372,0.031398
3.651806,-0.158071,12.141851,-0.135552,-0.147791
3.519781,0.064516,8.500523,0.134609,0.264295
3.561843,-0.820444,12.647649,0.493354,0.569339
2.011068,-0.102237,12.457245,0.025225,-0.027014
3.058141,0.03368,7.693102,0.390686,0.130598
3.246449,-0.147892,7.404053,0.028751,-0.258339
1.653761,-0.150737,10.276729,-0.156591,-0.013219
1.660946,2.153721,10.539283,-0.150521,-0.298363
3.373086,0.039218,9.527837,-0.105169,0.081603
4.445456,-0.316143,11.153606,0.124768,-0.152495
3.016228,0.511337,10.222991,-0.322119,-0.442143
1.521436,-1.515149,8.195607,0.059229,0.027558
0.820145,1.459615,11.326945,0.354655,0.109904
1.725612,0.262554,6.658005,0.019146,0.014979
2.190245,0.167202,12.20502,0.402833,-0.259523
3.748505,-0.209415,12.450509,-0.086015,-0.308742
2.811004,-0.31749,6.404133,0.088025,-0.008828
1.635948,0.695903,8.588839,0.376826,-0.002009
2.196233,-1.143023,9.774673,0.18566,0.009408
2.180366,0.04341,6.861132,-0.436758,-0.004398
1.569786,-0.22603,8.927286,-0.380637,0.324432
3.259023,-0.90906,7.881111,0.193687,0.107909
3.052153,-0.082329,5.699697,0.312593,0.016245
0.345182,0.421374,10.145752,0.236195,0.103272
2.827171,-0.10119,6.45832,0.053356,0.155745
3.042872,-0.943189,7.857161,-0.279076,0.128268
1.133144,-0.486189,9.756262,-0.769885,-0.099687
2.096241,0.966091,12.435241,0.023955,0.168753
1.336122,-0.560435,9.939032,-0.029244,-0.163876
-0.232317,-0.527054,10.049352,0.046334,-0.210174
1.717678,-0.180674,7.732919,-0.083299,0.142864
3.71243,0.040416,8.355325,-0.109634,-0.172471
2.759062,-0.202828,11.089539,-0.115768,0.33956
2.756967,-0.719254,6.504574,0.078382,0.269627
1.316961,0.308359,8.042775,-0.166457,0.236776
2.35655,-0.070803,6.7803,-0.089688,-0.248636
0.641416,-0.592618,9.244626,0.177522,0.223143
3.676954,-0.453557,12.333153,0.065441,0.803112
1.333876,1.202599,10.344239,-1.019536,-0.041297
2.598746,-0.568069,9.522298,-0.151493,-0.269964
2.583029,0.002844,11.85834,0.18063,0.224634
2.89483,0.448617,14.557078,-0.013657,-0.070777
2.59201,-0.474364,9.50239,-0.011124,-0.023852
2.189647,0.394879,13.130844,0.020184,0.011399
2.21225,-0.054337,9.478889,-0.009634,0.007243
1.966161,-0.771047,7.558382,0.229695,0.202163
2.079476,0.38006,6.792126,0.010059,-0.045575
4.302802,-0.47616,8.906629,-0.549693,-0.199383
0.345931,1.333727,11.299253,-0.129342,0.19107
0.462987,1.389111,10.70918,0.133801,0.05623
3.232229,0.331411,6.016289,0.207359,0.052247
2.758763,1.316363,7.069499,-0.08726,0.008092
3.389102,-0.076192,7.419621,-0.048773,-0.503865
2.352658,-0.285606,6.584807,-0.260689,-0.017291
1.331032,1.281186,11.726914,-0.126646,0.016518
4.437522,-0.611029,10.157278,-0.050487,0.148278
1.656306,1.688938,10.064171,0.554452,-0.41514
2.446812,0.255219,9.27127,0.0181,-0.03285
2.003284,-0.221988,6.093828,0.037959,-0.075814
1.914818,-0.750839,7.733817,-0.29657,0.466172
0.729433,1.209335,10.013726,-0.525411,0.048711
1.512305,0.994981,7.398664,-0.888411,0.192287
1.802402,-0.015268,13.122911,0.140822,0.143572
0.648452,-0.202379,10.7475,0.004255,-0.07145
1.447789,0.102387,8.234077,0.046856,0.02691
2.555636,-0.161963,9.586664,-0.031053,-0.039364
2.588717,-0.416733,6.70366,-0.089414,-0.163109
3.259023,0.291444,6.971004,-0.03306,0.350434
-1.113684,1.621877,12.922029,0.34512,-0.341636
2.925217,-0.306263,10.763966,-0.28151,0.032494
1.031056,0.481998,7.691905,-0.070198,0.372392
2.574646,-0.135618,8.059989,0.199763,0.010452
3.215014,-0.475561,8.680599,0.036961,0.14058
0.78392,0.478106,12.238849,-0.082529,-0.009713
1.949696,0.083377,6.838529,0.151409,-0.086914
1.790127,0.043709,7.305109,-0.149496,0.134298
1.445245,0.945434,10.126292,-0.065079,0.139833
3.331772,-0.008981,9.957294,0.072877,-0.282092
3.280728,-0.709225,11.804003,-0.224403,-0.469368
2.493664,-1.475332,10.23317,0.139026,0.108469
1.75989,0.206271,8.668773,0.190103,-0.269658
2.139052,0.774639,12.32043,-0.169502,0.073713
1.714684,0.775687,7.818092,-0.198944,0.052963
0.523611,1.583258,10.946736,0.419186,-0.039679
0.148641,0.951721,13.348791,0.258855,0.038109
2.993176,0.189057,7.527097,0.079779,-0.229802
2.097438,-0.521366,9.175619,0.086381,-0.407536
0.283211,0.580942,9.348659,0.335105,-0.005594
2.987038,-0.299677,6.727909,0.076057,0.116235
2.674189,-0.247136,6.923852,0.319007,0.057673
1.288071,-0.57211,9.764644,-0.64092,0.16564
2.903662,0.550705,12.885055,-0.046561,-0.360378
1.819766,-0.224533,6.49694,0.299365,-0.334949
-0.229922,1.727258,11.444002,0.01763,-0.254683
3.611839,0.585582,6.312224,-0.116099,-0.236037
2.825824,-0.773142,8.297246,0.228802,0.265326
1.250949,-0.106429,6.977889,-0.030717,0.141482
3.719914,0.093855,7.909552,-0.161772,0.04602
0.601749,-0.658181,9.828711,0.00183,-0.00165
1.879941,0.461341,6.909332,0.205235,0.168038
1.19721,-0.810714,12.500954,0.239714,0.239828
3.347489,-0.44263,7.993078,0.163001,-0.028771
2.075733,0.532143,8.129894,0.107354,-0.185513
0.910107,0.691113,7.038214,0.082129,-0.099398
3.469335,0.302222,10.987302,0.201139,-0.175129
2.334545,-0.220641,6.427783,-0.007926,0.251814
2.021097,0.225431,8.973839,0.117124,0.104891
2.620151,-1.16862,9.350456,0.582122,-0.366948
2.498005,0.501757,9.378447,-0.134914,0.730878
2.843038,-0.291444,7.192992,-0.106994,-0.015594
1.633553,-1.18778,9.65148,0.166102,-0.284379
2.675985,-0.669408,8.753497,0.397387,0.06198
0.924178,-0.380509,9.229507,-0.068602,0.300597
2.574496,0.907712,11.615246,-0.230706,-0.196688
1.872905,0.021855,6.778953,-0.182738,-0.102993
1.72172,1.152004,13.268408,0.198908,-0.335248
1.655108,0.448916,9.084459,-0.964838,0.207205
2.091301,-0.037871,6.970555,-0.082473,0.369291
4.579427,0.166005,9.796229,0.164488,-0.087334
3.820206,0.356259,11.821367,-0.09377,0.272717
1.425336,1.165177,10.463092,-0.142531,-0.040234
3.541785,0.08173,12.048894,0.054497,-0.24521
1.299148,0.821342,4.84707,0.157387,-0.270698
2.286346,-0.04805,6.70351,0.045682,-0.057575
4.484524,-0.598755,10.476414,0.074831,-0.248591
-0.035027,0.829575,11.849509,0.131681,-0.211159
3.786227,-0.595013,9.77647,-0.175696,-0.089182
3.754492,-1.004112,11.500584,0.013494,-0.158348
3.237767,-1.541944,11.321407,0.186175,-0.01775
2.258054,0.122146,7.067254,-0.016496,0.035709
2.96713,-0.696951,11.52678,0.303481,0.011795
2.74574,0.869841,7.454947,0.083339,-0.384681
1.386417,0.595462,8.071366,0.153269,0.016371
1.629511,0.723146,7.334747,0.461437,-0.191612
3.789669,0.2404,8.902288,0.030243,-0.030061
2.842289,-0.415237,8.529114,0.033807,-0.316819
0.386646,0.837359,14.019995,0.377619,-0.014725
1.38028,-0.572709,12.08931,0.498608,-0.004096
1.658701,-0.551902,7.54985,0.155222,-0.186683
3.749852,-0.127834,7.599996,0.354802,-0.294949
2.186952,-0.092358,11.577973,-0.048436,-0.093909
2.104025,0.007634,13.045821,-0.551907,-0.687466
1.621428,1.304088,7.978559,-0.209706,-0.04561
2.12558,0.809217,10.907817,0.242846,0.403331
1.561702,-0.602647,7.098688,0.24661,-0.576923
0.58678,0.879571,9.65627,0.16481,0.251676
1.030906,-0.474364,9.66106,0.007226,-0.052779
2.677782,0.506547,5.894442,-0.007156,-0.42698
0.464484,1.323847,7.690707,-0.263647,0.018444
2.189647,-0.313748,6.550528,0.177604,-0.184179
2.747986,-0.733774,8.889564,-0.067341,0.580524
2.55339,0.70713,11.28608,0.426889,0.333737
-0.112865,0.114811,11.645034,-0.043056,0.054098
1.018033,1.204845,10.993888,0.208059,-0.215575
1.805396,-0.814905,9.693093,0.206543,-0.072241
1.443149,-0.607587,10.662028,0.36748,-0.27034
3.232827,-0.248034,7.209608,0.140385,0.165175
1.703757,0.455203,7.840695,-0.169565,-0.142692
2.397564,0.09116,12.294833,-0.515737,0.528356
1.13494,-0.512384,9.872271,0.026954,0.05347
1.448987,0.854124,8.461754,0.147592,0.123769
2.516267,-0.458047,6.654861,-0.083281,-0.144987
2.128125,0.901276,8.629555,0.314103,-0.217808
1.305136,-0.181273,8.484207,0.152497,0.17457
1.017734,-0.839305,9.692345,0.341827,-0.033186
4.051176,0.493823,13.170512,0.3758,0.181109
2.110461,0.402812,9.267827,0.470559,0.055754
3.100802,0.568368,7.216643,0.03106,0.019515
3.087929,-0.457149,11.420202,0.054638,0.38032
3.406167,0.854423,12.612622,-0.240916,-0.081212
3.618425,-1.392105,12.261003,0.059823,-0.234244
2.177222,0.619412,6.371351,0.309721,0.210497
2.341581,-0.155826,11.338172,-1.019661,-0.120646
-0.08158,0.154479,9.421258,0.256104,0.743498
2.563569,-0.33171,7.426956,0.088403,0.027089
2.505939,-0.301922,7.156917,-0.359871,0.174991
2.618954,0.042212,6.810986,-0.045945,-0.073153
1.963916,-0.916095,9.482182,0.136501,-0.268603
3.290158,-0.424368,7.912845,0.202297,0.048841
3.055296,-0.169148,8.038135,0.095695,-0.102062
3.581752,0.816103,9.721833,-0.056186,-0.16556
2.404001,-0.658481,6.987619,-0.112844,-0.123888
2.070045,0.220491,8.898246,-0.15206,0.027319
1.262624,0.371976,9.213191,-0.325906,-0.203057
1.58685,0.699795,9.977053,-0.461165,-0.051845
-0.601898,-1.219813,11.534863,-0.133891,-0.050596
1.914668,0.102537,9.202114,0.524515,0.226953
1.406924,0.824635,8.393945,0.190034,-0.092798
3.344794,0.848885,11.671828,0.290741,-0.187542
1.601969,-1.473536,9.517209,-0.197841,-0.033592
3.284171,0.66372,11.743978,-0.365973,-0.438712
2.501897,-0.785267,8.983718,-0.277349,-0.378985
3.221601,0.189057,7.231911,-0.010331,0.248771
0.825084,1.100661,9.276659,-1.133703,-0.9045
2.993625,-0.840203,8.71353,-0.309379,0.389005
4.135301,0.05778,7.899822,-0.098642,0.034493
4.284391,-0.459395,7.628287,0.111957,-0.094554
3.521727,0.546514,12.349619,0.614587,0.508036
3.431913,-0.329914,12.512181,-0.136467,0.12122
0.731828,0.96669,11.881393,0.07103,0.181093
1.275198,-0.020208,13.180691,1.06009,0.017417
1.268462,1.265319,10.523866,0.379692,-0.160187
1.107996,1.63026,11.062446,-0.285939,0.180526
2.176025,0.764311,7.62664,-0.08225,0.100678
2.8134,-1.420696,12.086765,0.32105,0.165429
2.325115,0.224982,13.680801,-0.053432,-0.011035
3.162025,-0.266745,8.166418,0.200088,0.122427
2.700834,0.029189,10.186467,0.047552,-0.097528
2.329007,1.726659,9.683363,-1.108435,0.012926
2.054927,1.155747,13.809683,0.744618,-0.18006
1.784589,1.636846,8.542137,0.31164,0.127955
2.16405,0.326321,7.001989,-0.398415,0.363402
3.132236,0.25492,8.674761,0.07921,-0.111557
2.134411,-0.222737,8.13184,-0.071217,-0.337085
3.989354,-0.975671,10.180031,0.607012,0.252496
1.580114,0.395777,12.393478,0.300898,0.042717
1.902394,-0.479752,11.915821,-0.118768,-0.048102
0.696352,-0.940794,10.966944,-0.208184,-0.166147
4.289031,0.391586,11.405682,0.118716,-0.001763
3.006199,0.306862,11.212284,-0.105961,-0.06364
1.584305,0.244591,7.76151,-0.085413,-0.239234
3.040627,1.417552,10.802436,-0.430997,0.209085
1.439856,-0.890947,12.77683,0.222038,0.159959
1.870959,0.003892,7.909253,-0.034986,-0.175574
1.874851,0.356708,6.483318,0.173159,-0.30827
2.423161,-0.653391,6.772816,-0.497703,-0.515867
2.050885,0.329165,6.790329,0.095527,-0.157775
3.252736,0.258662,11.757001,0.061861,0.715198
3.831582,0.402663,7.945477,-0.020105,-0.046958
1.303789,-0.049996,6.452931,0.140277,0.322837
2.323618,0.398022,12.715608,0.71072,-0.400953
1.801354,1.927392,11.48352,-0.034451,0.138142
3.827092,-0.022304,7.068152,0.421037,-0.006129
0.899929,0.575853,8.562045,0.397851,0.167922
3.457061,0.490081,11.977942,-0.699723,-0.00655
2.393074,0.33186,10.563683,-0.126539,-0.400737
0.945584,0.470921,6.694828,0.451121,0.053853
1.306483,-0.819995,9.653276,-0.05934,0.099092
3.254382,-0.116308,11.370954,-0.742597,-0.111235
3.55376,0.401166,12.146641,0.106596,-0.022466
3.014132,0.193697,8.831036,-0.18977,0.023409
2.37077,-0.4567,7.603888,0.049291,0.268463
3.971691,0.558638,10.884765,-0.06632,0.667582
1.833837,-0.866398,9.756711,0.15149,0.166186
2.465673,0.080083,9.933044,-0.051706,0.26555
3.208278,0.201182,10.793006,-0.074855,-0.304943
3.509602,-0.904868,12.486135,0.416556,0.448684
0.935704,1.455872,7.75687,0.26048,-0.025907
3.497776,0.364193,7.43444,0.107494,-0.042459
0.830024,0.850382,6.742728,0.128093,-0.081647
2.209855,1.007106,13.907729,0.530858,-0.034114
4.009562,-0.099094,11.972703,0.052795,0.021331
2.818489,-0.41838,8.19905,0.254246,-0.147786
1.339864,-0.421973,9.696835,0.104529,-0.493193
2.448608,0.198038,6.56909,-0.263432,-0.104876
2.677782,-0.499511,7.549251,0.346982,-0.013738
1.429677,-0.053888,7.548802,0.011396,-0.13674
2.896776,-0.144899,7.297924,0.038637,-0.018177
2.501598,-1.466351,9.395213,0.833997,0.441288
0.364342,-0.945883,11.040292,-0.053255,-0.010494
0.956511,-0.162861,9.539662,-0.07484,-0.119902
1.282533,0.395029,6.941365,-0.154611,0.104844
1.667383,-0.550854,9.809252,0.025101,-0.026321
2.062112,0.349373,7.301666,0.548087,0.114307
2.057172,0.363744,9.039402,-0.074588,0.283356
1.613794,-0.655038,10.649903,0.127926,-0.133054
3.676505,-1.589245,11.922407,0.555468,0.557824
1.003813,-0.016466,6.798113,-0.199435,-0.139228
4.047733,-0.882864,11.686498,0.193891,0.15936
3.179837,0.521366,11.278596,0.283277,-0.29291
2.886448,-0.03368,7.765551,-0.268257,-0.066038
3.129841,-0.388742,7.999814,0.082426,0.020032
2.897076,0.804727,12.224629,-0.117407,0.029475
2.513872,-1.738185,8.310718,-0.381368,-0.134219
3.055446,-0.176633,11.071876,-0.070187,0.13584
1.898352,-0.204175,7.589518,0.30807,0.074533
2.878215,0.452808,6.584807,0.218453,0.054585
2.26479,0.106129,7.371571,0.127041,-0.114613
2.251917,0.096699,9.061856,-0.263278,-0.299458
4.48677,-1.466351,10.103689,-0.376887,-0.016009
1.492247,-0.284409,11.652668,-0.039477,-0.213579
2.908152,-0.914748,10.521171,0.017502,-0.002792
2.980751,-0.416135,9.188492,-0.074672,-0.442462
3.338657,-0.069605,9.642648,-0.926292,0.276504
3.523373,-0.90397,10.732382,0.278213,-0.280729
1.730402,1.311423,8.52582,0.514769,0.408668
1.568887,-0.888103,13.809234,0.067203,-0.191206
3.455265,-0.066312,9.207653,-0.185502,-0.246885
2.759811,-0.413141,6.711893,-0.654736,0.285858
2.883903,-0.223635,8.834778,0.170487,-0.136512
2.55369,-0.094005,7.259005,0.112001,0.048378
0.27872,0.462239,11.915522,0.299453,-0.077732
3.8711,0.32228,8.764424,-0.120796,0.309974
2.001039,0.510738,10.780582,0.149645,0.308608
2.870431,-0.143851,8.140073,0.002579,0.190568
1.39929,0.495919,8.304281,-0.137931,-0.062111
2.474205,-0.52406,8.789422,-0.436015,-0.441142
0.90891,0.752485,7.922575,0.246067,-0.429874
1.929637,0.176633,8.738378,0.028737,-0.315587
3.450924,-0.725092,8.368797,0.085495,-0.329309
1.870959,-0.570464,12.900174,0.321072,-0.016429
2.416724,0.631537,12.182716,-0.384318,0.066346
0.367635,0.679886,7.342531,0.401864,0.288728
3.166366,-0.13951,9.178463,-0.753388,-0.340011
-0.696651,-0.242346,13.859379,0.051775,0.162779
-0.091909,0.247136,10.84854,0.052264,-0.094948
1.659599,0.285307,8.967702,0.354468,-0.029302
3.83248,0.13951,11.62288,-0.558652,-0.354006
0.205223,-0.727188,9.074729,-0.035495,-0.032852
1.737437,-0.870739,12.038566,-0.060864,-0.142334
2.665806,-0.402663,9.402547,0.062259,0.175823
3.018772,-0.874931,9.029373,-0.751464,-0.256054
1.287173,-0.871338,11.424093,-0.245186,-0.382893
2.131867,0.077239,5.815257,0.254151,0.046085
1.941912,1.032253,8.685089,0.61229,-0.089115
3.398533,-1.040337,10.40142,-0.547764,-0.552076
4.175417,0.014071,11.617791,0.182053,0.166761
2.570155,-1.570983,8.96381,0.214771,0.465396
1.597478,-1.906885,10.990595,-0.006475,0.017294
1.75989,0.078886,8.275391,-0.128009,-0.199164
1.006058,1.145119,7.098539,0.141013,-0.161735
1.270857,1.353485,12.922478,0.314332,-0.018362
3.152744,-1.059048,7.827223,0.001729,0.325793
2.555785,0.194446,11.611354,0.01538,0.204111
1.659749,0.308808,6.892717,0.297237,-0.159848
3.46245,0.369132,8.313861,0.269498,-0.140689
1.185535,0.013173,7.425159,0.538591,-0.582019
2.987787,-0.598905,8.566685,0.088872,-0.131546
1.30813,-0.503703,9.532776,0.207224,-0.07751
3.316653,-0.448168,8.188721,0.069571,0.257962
1.456172,0.021106,7.952962,0.004165,0.634558
2.833158,0.515827,7.513476,0.035936,-0.149417
2.342479,-0.416883,8.878786,0.096929,0.399719
3.442092,-0.278122,7.919132,0.046636,-0.155257
1.239273,-0.545017,7.907606,-0.067319,-0.085793
2.450404,-1.002316,9.259445,-0.202855,0.063043
0.914149,-3.345842,13.877641,0.008428,-0.290963
3.143014,-0.064366,6.358627,0.08116,-0.057251
0.936752,1.533561,9.841435,-0.442442,0.070469
1.621428,0.261955,11.223511,-0.025921,0.296648
1.646875,0.269739,6.981332,-0.00265,-0.061887
-0.635429,-0.241448,11.262879,-0.062341,-0.161116
2.080374,-0.502206,7.446864,-0.303095,0.094491
2.531236,-0.446372,7.547305,0.155734,-0.071917
0.676593,-0.529599,11.508219,0.401881,0.120626
1.848207,-0.944386,9.644893,0.023861,0.250299
2.784959,-0.542771,9.106463,0.180299,-0.000997
3.514242,-0.054936,6.96786,0.221795,-0.013417
1.066083,0.917292,9.751322,-0.316478,-0.334259
3.372188,0.279619,12.224928,0.101886,-0.476453
1.819915,0.774489,8.938812,-0.628565,0.286989
1.090033,-0.667312,6.856043,-0.030789,0.014602
2.344724,0.277224,13.014087,0.211481,-0.162742
2.166145,-0.285307,6.539301,-0.266181,0.183738
2.089804,0.137863,9.563163,-0.040241,-0.024335
2.938689,-0.904569,9.63202,0.377966,0.447546
0.484243,0.017514,14.245127,0.203896,0.304054
3.052452,0.483345,10.984158,-0.458197,-0.431127
3.086881,-0.456251,9.671239,-0.063017,0.293441
2.581083,0.613424,9.993219,-0.136018,-0.092382
2.473905,0.563877,7.709418,-0.182003,-0.485391
3.002007,-0.925226,11.178604,0.115944,-0.250582
3.019221,0.102537,6.026917,0.179294,0.234982
1.82231,-0.125289,8.062684,-0.398747,-0.495853
1.896556,0.333806,10.393636,-0.130743,0.132057
3.157983,0.135169,8.047116,-0.038828,-0.007503
1.349294,0.257016,9.573043,0.152619,-0.111634
1.608405,-0.068108,8.634494,0.152516,-0.330571
0.81251,-0.701591,9.72363,-0.824043,-0.247432
2.129472,0.048948,6.971453,-0.5064,-0.306038
1.448687,0.620011,9.559122,0.055426,0.000249
1.866319,-0.146845,7.921228,0.276639,-0.081267
2.12573,-1.116977,9.323961,-0.084722,-0.110337
1.878294,0.883463,8.866063,0.043681,-0.004137
1.137784,1.174907,10.308613,0.137086,0.016823
1.177152,1.314267,6.960526,0.057877,-0.016822
0.627046,-0.752785,11.791579,0.41603,0.014791
2.34682,-0.111518,7.820487,0.051068,0.04413
1.246757,0.048948,7.326065,0.12053,-0.143462
1.062191,1.364263,11.150462,0.048912,-0.229687
2.965483,0.237855,7.803273,0.225729,-0.279198
2.999463,0.47601,7.341483,-0.079808,0.39026
0.821641,0.198787,11.896361,0.304426,0.133729
1.368903,-0.587379,9.239237,0.273195,0.122018
2.806065,-1.04842,9.609118,-0.096768,0.208678
2.080374,0.700094,9.401799,0.082628,-0.22726
0.965343,0.307311,10.818603,0.471467,-0.354896
1.523232,0.645907,12.545412,0.011629,-0.009595
2.911595,0.967438,10.215806,-0.498733,-0.32881
0.544418,-1.185834,9.74249,-0.69045,-0.503786
1.246458,1.063538,13.632751,-0.077126,-0.352318
2.569257,-0.801284,11.689043,0.004082,0.602836
3.416046,-0.562231,12.593611,0.08805,0.113484
1.250799,0.856519,7.334298,0.352727,0.001762
1.151256,-0.155078,8.00176,0.051983,0.059605
3.526816,-0.261207,8.64138,0.173436,-0.601285
0.714165,-0.383203,9.609267,0.021708,-0.101115
2.280358,0.138163,9.359437,-0.18662,0.193869
0.955613,-0.388592,6.622229,0.398269,0.207499
1.893562,0.47586,9.235345,-0.611869,0.069826
1.935325,1.283581,10.702744,-0.762167,0.265732
2.138303,-0.370629,8.096214,0.139359,0.059901
1.540596,0.244591,7.210955,0.092568,-0.431541
0.881217,0.840652,7.877968,-0.165167,0.148344
4.501739,-1.38986,10.882669,-0.675812,0.188336
1.697919,-0.190853,7.288493,-0.361394,-0.059399
0.324525,0.642464,11.504776,0.286653,-0.090141
1.953138,0.765059,8.424182,-0.137202,0.106711
2.786456,0.164658,11.661051,-0.085266,-0.207205
-0.036374,1.515449,12.567266,0.028485,0.000682
2.906057,0.05778,8.380772,0.306213,-0.166439
0.484991,0.263901,8.110584,-0.512454,-0.504094
4.244873,-1.91392,11.369906,0.560452,0.026251
1.545237,-0.678689,9.578132,-0.002909,0.000283
4.355193,0.332309,9.67049,0.003747,-0.189687
3.162174,0.654439,12.487183,0.524359,-0.425024
2.021846,-0.374072,13.357323,0.558115,0.208191
1.30798,1.16832,6.824159,0.289303,0.102518
3.04901,-0.402214,10.672506,0.069852,-0.054511
2.168391,-0.287552,6.460565,-0.440597,0.064441
1.484613,-1.950294,11.797118,0.713585,0.531146
3.094665,0.022304,6.254893,0.252851,0.063128
2.114653,-0.194146,8.457113,-0.34922,0.165043
1.799857,-0.722847,7.546407,-0.132452,0.077
0.243244,-0.143402,12.173884,0.250554,0.201945
0.344134,0.856818,7.106622,0.11531,-0.080953
1.698219,-0.791105,8.100255,0.065105,0.04904
1.465004,0.004341,7.87213,0.051411,0.137342
0.509989,1.587599,11.45448,-0.007319,0.013212
2.500251,-0.429756,8.042027,-0.458324,-0.131525
1.662742,-0.067659,7.045998,-0.466491,-0.174923
3.556005,-0.920436,9.607471,0.234095,-0.057826
-0.46149,1.641936,12.646751,0.308892,-0.12329
2.264192,-0.354762,6.392906,-0.838882,0.259284
3.223547,0.044308,7.073391,-0.081761,-0.029239
1.402883,0.948877,7.903265,-0.052898,-0.105263
-0.222887,-0.203577,10.409952,0.025631,0.406886
1.913471,1.718876,11.85834,-0.071763,-0.465377
2.92387,0.012873,7.954309,0.605151,-0.021371
1.603615,-0.910856,8.597072,0.950688,0.162053
2.786306,-0.209564,11.03131,0.121074,0.393912
2.304458,-0.183219,7.831714,0.259846,-0.37495
1.19242,-0.461939,6.598129,0.329295,0.312974
2.159859,-0.446671,7.226373,-0.214639,-0.017358
1.938469,-0.242496,8.671617,-0.501587,0.074612
3.952381,0.878373,9.918824,0.439749,0.160826
1.02926,-0.274679,11.160492,0.26372,0.227427
2.465074,-0.387394,7.619156,0.181415,-0.028473
0.347727,-0.492626,12.605886,0.232693,0.138794
2.272724,-0.381706,9.505383,-0.06292,-0.105015
2.240541,-0.131576,11.312126,-0.912164,0.147996
-3.381319,0.088316,12.099788,-0.685389,0.121195
0.358954,1.013991,10.693313,0.06329,0.100501
3.665428,-0.337847,8.507409,0.147786,-0.046253
1.320704,0.722697,11.431279,0.052687,0.102164
3.952381,-1.655408,12.018358,0.229997,0.27806
1.725911,1.435215,12.263997,0.244793,0.023777
2.41418,-0.321232,9.830058,0.112679,-0.126682
3.133434,0.044308,7.464677,0.092279,-0.106392
3.804938,0.354164,8.182285,0.60059,0.514667
2.574197,0.346679,9.492361,0.101551,-0.416654
0.705333,1.420097,6.790779,0.080019,0.098808
3.858526,-0.57211,10.661729,-0.887973,-0.684889
2.204915,-0.474663,6.793024,0.401995,0.023393
2.800826,-0.34159,8.617729,-0.491941,0.001404
1.244662,-1.385818,10.650652,-0.104135,-0.09027
1.819466,-0.803978,8.862919,-0.038315,0.182574
1.914519,-0.059726,7.78052,0.025488,-0.164118
4.805307,-0.741259,10.934911,0.162694,0.488149
1.199456,0.011676,11.067535,-0.376608,-0.105177
2.803819,-0.648452,9.092542,-0.017683,0.094698
1.464854,-0.707728,9.013207,-0.000656,-0.056352
2.565964,-0.501308,6.449638,0.243796,0.028084
2.395469,-0.707878,7.806416,0.69218,-0.259415
2.651137,-0.367336,8.663235,0.031089,-0.499158
1.832789,0.068408,6.725365,0.118126,0.746342
2.687811,-1.15425,11.897858,-0.24318,0.013569
1.410966,1.350043,9.518706,1.013339,0.042482
1.346001,0.316143,9.934242,0.669044,0.097586
3.454965,-0.689616,11.352093,0.39126,0.071118
1.007704,-0.825683,9.784852,-0.415555,-0.327557
3.256777,0.069755,6.80934,-0.178472,0.153245
0.104782,0.630489,8.397986,0.014137,-0.828157
2.103875,0.366588,9.812096,0.379481,0.149805
3.820655,0.129181,9.847272,0.183379,-0.32882
3.270549,-0.198637,7.206314,0.051779,0.29009
2.826273,-0.247585,9.434581,0.192452,0.026355
1.451232,0.709674,14.361286,0.362534,-0.1234
0.89903,-0.518671,10.594519,1.131608,0.435872
2.847978,-0.105231,13.002561,-0.429038,-0.512792
0.104782,0.966241,10.953622,-0.268148,-0.193186
1.09632,-0.101489,7.382797,0.301969,0.009946
1.085992,0.712518,6.43901,-0.167686,-0.567279
4.151916,-1.849105,11.010504,0.35038,0.001963
0.329465,-0.129481,11.564052,-0.129061,-0.022167
0.996777,0.554896,7.070846,0.431321,0.053969
2.974016,-0.651445,8.725805,-0.127564,0.130341
3.479215,-0.603246,8.174351,-0.074366,-0.16748
4.123775,-0.176932,10.145452,-0.008136,0.264157
1.989962,0.176184,8.389005,0.066794,-0.323684
0.534389,0.450563,8.918304,0.413481,-0.053568
1.141077,-0.786614,9.0644,0.085163,-0.160175
4.003425,-0.251776,9.020991,-0.004068,-0.267002
2.283651,0.290546,8.719069,-0.094957,0.115495
2.010918,1.000968,8.004604,0.336299,0.176529
0.818797,-0.465233,9.088051,0.055674,0.003366
3.427872,-0.630339,11.491304,0.179184,-0.198562
2.242786,-0.284259,9.379346,1.332722,0.263365
1.745221,0.326321,6.144722,0.382216,0.029579
3.227888,1.741179,12.495565,-0.296504,-0.294661
1.409619,-0.093106,6.712342,-0.001943,0.032728
2.204466,-0.576302,9.794283,-0.176352,-0.087492
-0.163011,1.759741,11.221864,0.133556,-0.048527
1.777703,-0.543669,9.621243,0.050895,0.159923
2.781366,-0.509091,6.033803,-0.346841,0.148827
4.102219,0.109872,8.430469,-0.22308,0.000351
1.825454,-0.141606,7.685169,0.183792,0.197415
2.830763,-0.379461,6.278843,-0.182721,-0.129667
2.903213,1.169668,7.687564,0.118768,-0.05163
1.740281,-0.714913,10.430011,-0.185165,-0.419279
1.347498,0.8896,7.263495,0.117176,0.20005
0.325872,-0.235909,10.930719,0.130128,-0.041013
1.51979,-0.747396,12.092903,0.000899,-0.060369
3.630101,0.144001,10.093061,0.008722,0.157491
-0.563877,2.015409,10.202334,-0.126733,0.052882
1.589844,1.171913,11.820918,-0.013976,-0.067449
4.149371,-1.326242,10.033336,0.724573,0.265226
4.673731,-0.071102,12.877721,0.182367,0.280079
1.82755,0.305814,7.572902,-0.199986,0.227494
2.050137,0.257764,6.909931,-0.009239,0.187483
4.488117,0.175884,10.476264,-0.743647,-0.647196
3.380121,0.154479,7.595206,0.081854,-0.08077
2.656975,-0.763263,8.90124,-0.012488,-0.43568
3.795807,-0.698298,11.348201,-0.025069,0.103679
1.581312,0.792003,9.734856,0.063297,0.217672
-0.658331,1.496139,12.231664,0.250535,0.221184
0.537832,-1.074615,13.305082,-0.578921,-0.584687
3.832181,0.616718,10.255174,-0.054879,-0.160967
2.634222,0.219144,6.90529,0.027559,-0.041782
2.226919,0.079485,7.653435,-0.365429,0.027763
1.595382,-1.02432,9.459429,-0.043803,0.067379
3.025508,0.286504,8.279882,0.091224,0.036507
2.720143,0.145797,7.090904,0.099156,0.379393
2.022444,1.321751,10.792407,-0.743232,-0.372452
0.752785,-0.529599,7.742499,0.31038,-0.166448
2.380799,-0.548459,6.845714,0.090645,0.161558
-0.235909,0.031584,12.011921,0.126813,0.136236
4.258794,-0.123044,11.751313,-0.125324,-0.347555
2.753674,0.293689,6.837631,0.0496,-0.024663
1.179248,2.301464,13.3205,0.162232,-0.092962
2.322121,0.210911,5.548661,0.28047,-0.174106
1.8033,0.283361,6.369704,-0.202915,0.235589
3.22654,-0.68767,11.076816,-0.794509,-0.655288
2.269281,0.001796,9.071436,-0.239865,-0.030689
2.916236,-0.246238,6.63136,-0.228369,0.413094
-2.194437,1.913172,12.80123,0.508471,0.038893
3.988306,0.721949,11.233689,0.085907,-0.007277
4.300108,-0.89454,11.586805,-0.137016,0.177777
0.357307,1.576372,9.37231,0.197257,-0.091965
1.848805,-0.10598,8.017178,0.403541,-0.303859
2.43813,-1.503474,10.828332,0.018981,-0.024976
1.722468,-1.236129,10.431358,-0.048741,-0.37153
4.235742,-0.127235,11.620036,-0.07969,-0.369415
1.40438,0.424218,7.608827,0.270474,0.133624
2.339784,-1.033002,10.805131,0.174682,-0.252932
0.761167,0.150287,12.721146,0.0116,0.01919
2.590962,0.231269,6.461314,-0.070896,0.201123
2.545008,-0.446072,7.076834,-0.508496,0.103245
0.406704,-1.916465,12.056678,0.301695,0.239129
3.777694,-0.386347,8.49244,0.168114,0.027089
1.366059,1.018033,6.361172,0.097356,0.116165
0.707429,-0.145497,10.909613,0.357219,-0.168256
0.521815,-0.315394,13.064682,0.302768,-0.108665
0.504301,0.254621,11.463162,0.163562,-0.026827
4.179608,-0.034428,8.693771,0.000874,0.074513
3.031346,-0.257614,7.469317,0.039991,-0.08585
2.73631,-0.363893,6.869365,0.295485,-0.22634
3.436404,-0.602048,8.457712,0.539216,-0.244445
3.887566,-1.263822,11.205847,0.272281,-0.162622
1.830693,0.279169,7.281159,0.149612,-0.15365
1.119971,-0.941841,10.94015,-0.004291,0.221696
1.677711,-0.960253,9.247619,-0.144886,-0.294708
1.43327,0.104483,7.850275,-0.031306,0.041915
2.230661,-0.027094,8.243058,-0.308751,-0.377399
3.37099,0.225282,6.256539,0.257228,-0.027159
0.944985,0.464783,9.754465,-0.054131,-0.220656
1.089584,-0.854872,8.259524,0.055116,0.100242
3.138374,-0.024399,8.195008,0.063879,-0.185321
1.886228,-0.049996,7.061865,-0.380399,-0.363103
2.558779,-0.444276,10.316846,-0.344857,0.089176
2.121838,-0.821192,12.375365,-0.041748,-0.340585
1.608405,-0.466879,6.765032,-0.104197,0.287815
2.426754,0.197888,6.509513,0.335971,0.198304
2.06765,-1.667233,9.181607,0.167213,0.165489
2.408791,-0.588875,8.286169,0.026353,0.371871
2.103725,0.667312,7.307654,0.131851,-0.027759
0.82733,-0.973575,9.143286,-0.001148,-0.002184
0.202679,1.761986,7.609426,0.040737,0.084514
3.697012,-0.33665,8.330926,-0.058181,0.055391
3.359464,-0.528102,9.635762,-0.14637,0.300929
0.619711,-0.750988,10.120903,0.022234,-0.156456
1.478775,0.277972,7.156468,-0.549557,0.553106
2.057471,-0.464783,8.134834,0.254792,-0.094875
1.233884,0.75997,6.128705,0.016026,-0.085219
0.482746,-0.603096,9.868379,-0.013541,0.019465
3.7509,-0.112117,8.078102,0.12425,-0.354343
1.162183,-0.049697,8.382269,0.205264,0.236029
3.641178,-0.306113,11.960877,-0.18498,0.056088
1.765429,0.631237,8.729247,-0.769205,-0.098934
1.912573,0.782273,12.165651,0.203752,0.192641
0.852477,1.188528,12.329561,0.007414,0.164003
4.217031,-0.544118,11.227103,-0.061832,-0.527769
0.666564,0.648601,9.184151,0.105609,-0.127424
2.090553,0.084424,12.082275,0.199346,-0.115491
1.675765,-0.67315,7.050189,-0.17109,0.239257
1.795067,0.82209,7.281308,0.58755,-0.683722
2.307901,-0.673899,13.291311,0.321612,-0.283133
1.571732,0.472867,7.311396,0.188772,0.038573
3.877537,0.251627,10.712773,-0.279439,-0.004078
2.866539,-0.800835,11.41137,0.258481,0.167372
3.569777,-0.54322,8.897947,-0.12302,0.006095
1.991908,0.747845,12.237352,0.101304,-0.102846
4.091591,0.010628,11.097024,-0.777601,-0.638738
1.703757,-0.289947,7.748487,-0.017415,0.005862
1.214425,0.469424,10.565629,0.176728,0.411446
0.045206,0.095202,11.396551,0.103505,-0.226852
-0.148342,-0.568518,10.817255,0.046656,0.290599
4.29906,-0.822689,10.470427,0.54627,-0.152479
-1.101859,0.212408,14.325959,-0.004042,0.000692
3.893104,-0.055984,10.961106,0.233491,0.633875
2.261348,-1.319207,9.555379,-0.393916,-0.254836
3.279081,-0.320633,8.012987,-0.10276,-0.074319
1.664539,0.247585,11.489507,0.370356,0.135753
3.691174,-0.602198,8.449928,0.046473,-0.187124
4.063001,-0.160317,10.985056,-0.86286,-0.25061
0.760269,0.916694,8.045918,-0.604144,-0.277205
1.324446,-0.67345,11.87795,0.263011,-0.003746
3.75105,-1.814227,10.461595,0.171701,-0.15057
1.090333,1.231788,12.19529,0.364596,0.199451
3.76542,-0.727487,11.003468,0.161472,0.009474
2.886298,-0.536933,8.196805,-0.149616,0.321803
3.070415,0.146396,6.438262,0.171352,0.113525
3.088228,-0.16825,8.351882,-0.097944,-0.274085
0.777633,-0.391436,11.308983,-0.031629,0.036222
2.595752,0.479453,6.561156,0.899991,0.334196
3.180586,-0.459993,8.456814,-0.00267,-0.428215
3.521577,0.260758,7.644753,-0.00882,-0.091828
2.367776,0.25956,10.671908,-0.215895,0.082472
-0.011676,0.983754,10.596165,0.027026,-0.054158
3.638184,-0.525407,8.581205,-0.123558,0.00138
1.095422,0.155976,10.092313,0.379132,-0.073398
0.596659,-0.594863,9.910142,0.005942,-0.006285
1.657952,-0.67345,9.745634,0.489532,0.222294
3.041076,0.381706,7.521259,0.178639,-0.056375
3.39015,0.19714,7.830217,0.348156,-0.016211
1.738036,0.419877,8.099357,1.215255,-0.556787
1.738485,0.034578,9.309142,-0.214003,0.406095
2.261048,-1.397344,10.698552,0.356897,0.38048
1.43297,-0.186512,9.118588,-0.021735,-0.000803
1.88967,-0.501158,11.980636,-0.007063,0.093679
3.003804,-0.279768,7.263795,-0.043028,0.034727
2.666255,0.215552,8.691077,-0.048754,0.007973
2.005979,-1.439407,10.490335,-0.085967,-0.074613
4.636458,-0.09116,11.532019,-0.190327,0.05342
3.807632,-0.920286,8.712183,0.015014,-0.165333
3.204836,-0.594115,9.077423,0.230415,0.358892
2.535428,-0.639171,13.626763,0.396504,0.095749
3.232378,-0.186961,7.224427,0.116348,-0.291693
2.374362,0.691263,8.14142,-0.736823,-0.23545
0.400717,0.030087,11.799662,-0.140808,-0.026265
2.793192,-0.350421,9.639954,0.348995,-0.098407
3.823948,-0.49547,9.236243,-0.188019,-0.061611
0.916394,0.699944,13.364359,0.218398,0.254326
1.965114,-0.86535,9.50224,0.08985,-0.523828
2.098336,0.328417,9.878408,0.144763,-0.630713
1.886527,1.258283,12.100237,-0.34922,-0.081393
1.951342,0.908161,6.899303,0.291288,-0.142145
1.744622,0.323178,10.515333,0.168201,0.060437
3.1017,-0.053888,6.051915,-0.018169,-0.078967
4.210893,0.042063,10.816956,0.135009,-0.001562
1.059946,-1.147963,9.794732,0.054691,0.011935
2.188449,-0.370929,7.973469,-0.231959,0.215252
3.104095,-0.248633,8.086933,0.076019,0.134522
3.20244,0.28351,6.757248,0.434599,0.004085
1.413361,0.357307,6.192772,0.229036,0.031353
3.23657,-0.152383,7.647297,0.447144,-0.03831
3.695216,-0.351918,8.092621,0.161218,0.062894
1.207988,1.10126,11.379037,0.029405,-0.398413
2.08711,-0.357157,12.569362,-0.183274,-0.120084
1.768123,-0.017514,7.664512,0.011885,-0.29004
3.92873,0.084424,8.588091,0.048325,-0.088996
1.87545,0.815804,9.772129,-0.398755,0.070547
0.336051,-0.613574,13.251793,-0.159152,0.145584
4.109105,-0.472418,8.941207,-0.12364,0.099057
0.222437,0.772993,12.05099,0.1486,0.121605
3.036286,-1.251847,10.014624,-0.091662,-0.205052
2.584076,1.150957,11.854598,0.057854,0.137331
2.163002,-0.099693,7.498357,0.133244,-0.196405
1.184487,-0.032782,7.774233,-0.34434,-0.006347
-0.584534,-1.006507,11.375145,-0.010005,0.033516
2.367776,0.273481,13.783188,0.107124,-0.011597
2.464176,0.406704,7.65104,0.16338,0.018004
2.286046,-1.398841,11.42559,-0.283249,0.199191
1.482367,0.113165,13.562547,0.247699,-0.037136
2.209555,0.266147,7.394024,0.884478,-0.414999
1.475931,1.010549,8.33826,0.224004,-0.137161
1.35618,-1.435365,11.841725,0.103051,-0.033652
0.409249,-0.704884,9.102421,0.400198,0.071602
1.544937,-0.539778,8.155341,0.134193,-0.03194
1.949696,-0.208367,7.345375,-0.482134,-0.370533
1.903591,-0.846789,8.725805,0.013634,-0.337005
3.001558,-1.097817,10.046209,-0.665027,-0.404223
2.90456,-0.349523,7.418274,0.012429,-0.017328
3.529361,0.815804,11.173215,0.521125,-0.010877
2.237397,-0.429756,11.421399,0.46987,0.14175
4.309239,-0.62046,11.050919,0.204233,0.415996
4.063001,-0.42781,9.304501,-0.124845,-0.215686
0.516127,-0.853226,8.004455,0.014259,0.010913
1.950444,-0.777334,9.593251,0.689324,-0.127997
3.587889,-0.396525,11.195668,0.16432,-0.051702
2.795287,0.144599,6.537206,0.06248,-0.209478
2.928959,0.285007,6.586154,0.476447,0.126156
2.347119,-0.537383,13.340259,0.18278,0.488762
0.797542,2.178719,13.9938,-0.090066,0.129146
2.189048,0.150287,9.270522,0.094917,-0.15403
-0.089514,0.975372,11.341016,-0.088296,0.471155
1.251697,-2.211501,14.303506,0.285057,-0.992748
2.597698,-0.883762,9.308543,0.360679,-0.305648
4.061354,1.254691,11.451337,0.025994,0.338418
1.661545,-0.566721,10.850636,-0.212666,0.019838
3.032843,0.47137,7.815997,-0.122171,-0.041923
2.443219,0.346978,12.271781,0.024572,0.416584
2.410437,-0.944087,8.966504,-0.086007,0.020298
2.446063,0.391286,7.390581,0.305737,-0.096953
1.572779,-0.202229,7.052734,0.000911,-0.080181
1.346001,0.162712,7.83815,0.29568,0.269536
0.848136,0.740211,6.843918,0.139312,-0.084569
1.00007,0.449515,14.014906,0.163103,-0.148324
0.861159,-0.383952,12.588223,-0.385186,0.240773
1.281635,-0.470172,10.158026,0.235273,0.084122
2.446512,0.202379,8.308772,0.269019,0.093103
0.361199,0.945135,8.237221,0.290449,-0.141926
4.162843,-0.112716,11.313773,0.018963,0.114151
2.540816,-0.628693,7.298223,0.185413,-0.152973
1.432072,0.020507,13.348791,0.253419,0.185787
2.802921,-0.397424,13.30104,0.021981,-0.129605
2.876119,-0.330363,7.50195,-0.04673,0.095714
3.922144,0.259411,9.044342,-0.130612,-0.178736
0.963097,0.053589,11.788286,-1.161313,-0.597303
3.143912,0.382006,6.844217,-0.359416,0.319456
0.90906,0.244292,12.175681,0.287539,0.047725
3.051554,-0.311802,6.232889,-0.322046,0.264982
2.346969,-0.564776,6.864425,0.278419,0.48542
0.198188,0.201481,7.804321,-0.561446,-0.376459
2.527793,-0.457449,7.620802,0.091546,-0.039854
2.13531,-0.91849,7.930508,0.056597,-0.172435
0.399669,-0.112865,12.274325,-0.084637,-0.097797
3.15918,0.017065,8.276439,0.159904,0.142054
1.136287,0.301922,7.264244,0.136554,0.088302
3.003205,0.786015,13.474081,-0.215835,-0.18702
2.69799,-1.310674,9.501941,0.237227,0.210098
1.195115,-0.126487,7.829169,0.087948,-0.19493
1.485062,-0.691562,8.470136,-0.079344,-0.001541
2.815046,-0.552202,8.233628,0.266276,-0.46992
2.362537,1.00486,8.308023,-0.237476,0.244299
1.646127,-0.648901,8.253237,-0.349035,0.112594
2.20222,0.104183,7.054081,0.266673,0.147617
2.001189,-0.065564,6.856791,0.092661,0.135568
1.420696,0.409698,10.456206,0.001297,-0.109628
1.893113,-0.815055,9.704769,-0.037122,-0.100889
2.777774,-0.470472,10.120305,-0.136007,-0.05817
2.050586,-1.047222,8.090526,-0.39142,0.002792
1.950145,-0.022902,6.918762,-0.081481,-0.122036
3.146307,-0.123643,8.313262,0.02424,0.146379
4.742438,-0.080233,7.139104,0.108553,0.039904
1.856739,0.940195,9.507778,0.123528,-0.110964
0.974174,-0.359702,9.693392,-0.048642,-0.238713
0.751737,0.013622,13.029655,0.084056,-0.039232
3.71228,-1.050965,10.12719,0.056461,-0.024567
1.759441,0.004191,6.659951,0.178441,0.063595
3.479215,-0.177381,8.650811,0.031153,0.217814
3.453468,-1.307681,12.027189,-0.104625,-0.237731
1.368454,1.483715,11.912677,-0.198448,-0.063291
0.761916,-1.388962,7.748487,0.027036,0.010263
2.227218,2.602937,8.771909,0.00741,0.301755
1.674268,0.158221,7.083719,-0.668961,0.083623
1.148562,-1.944307,12.57505,-0.072053,0.048519
4.163442,-1.336122,12.515923,-0.270412,0.554303
1.425037,-0.317041,10.250684,0.006811,-0.023783
2.287543,-0.390089,6.321055,-0.085534,0.036229
0.842149,0.604443,8.185877,-0.121612,-0.174581
1.88518,0.732277,12.398866,-0.090773,-0.214632
1.443897,0.642614,12.305311,0.084546,-0.105225
0.193997,-0.158221,12.380155,0.816549,0.028349
3.37084,0.761317,11.158695,-0.026489,-0.144465
1.874402,0.097298,6.475833,0.08948,0.108173
2.421814,0.050595,7.141499,0.164878,0.008944
2.463727,-0.448467,8.540789,-0.090521,0.260313
0.352966,-0.553848,12.285552,-0.042156,-0.127542
1.080303,0.312999,10.225386,-0.162243,-0.496628
3.792214,-0.343835,8.91052,0.218779,0.64466
1.151705,-0.373174,7.047046,-0.037388,0.209569
2.131867,-0.718805,9.014704,-0.048615,0.023274
3.293601,0.521516,10.879077,0.045198,0.194612
1.292113,-0.355062,8.561596,-0.139112,0.150399
3.360212,0.049547,7.505842,0.226596,0.091766
3.381019,-0.377216,12.138109,-0.552964,0.049196
1.967209,0.51957,7.119645,-0.070708,-0.186411
3.660189,0.707279,10.054292,-0.183179,-0.115405
3.308121,0.810115,11.259137,0.007043,-0.361886
1.935775,-1.377735,8.569679,0.565897,0.487607
0.579744,-0.939297,9.311237,-0.272468,0.22938
2.691403,0.498164,11.841126,0.110701,0.120349
1.589245,0.318538,6.034102,-0.192627,-0.146798
4.057762,0.109123,11.339819,0.061006,0.25423
3.060685,-0.510289,8.33856,0.039745,0.135636
4.095483,-1.426983,10.638826,0.374989,0.051896
2.215543,-0.108824,7.68472,-0.501936,0.122617
3.069966,0.064815,7.255263,-0.082255,0.074262
1.999542,0.393681,6.674919,-0.354808,0.081528
2.734214,-0.071851,8.417895,-0.084816,-0.025463
2.387086,1.118324,8.798553,-0.009974,0.052998
3.059937,-0.498913,11.019485,0.085819,0.286944
1.477278,-0.048799,6.847361,0.104529,-0.007122
1.55302,0.78856,7.023395,-0.031905,0.04678
0.923879,-0.176034,7.850724,-0.420802,-0.310725
3.823948,-0.877625,11.216326,-0.099516,0.079449
3.905828,-1.091231,11.82017,-0.039628,-0.367143
1.590293,-0.662223,9.89667,-0.247679,0.35863
1.63984,0.358205,9.066496,0.218838,-0.302231
2.587669,1.26472,9.470805,-0.51317,-0.062512
3.091521,-0.038021,6.703061,0.103731,-0.001885
0.830922,-0.368983,6.836284,-0.070527,0.130093
1.582958,0.778531,9.318871,-0.043868,0.429262
3.257077,0.544418,10.221644,-0.232895,0.037334
1.525927,-0.425864,8.402477,-0.029598,0.461753
3.180287,-0.03832,10.634336,0.085218,0.107914
2.535428,0.199685,9.405092,-0.101395,-0.201786
0.403112,1.257236,8.621621,-0.221798,-0.315822
2.469864,-0.117955,9.825418,0.350099,0.476644
0.919688,-0.73557,8.24246,-0.22982,0.266953
1.366957,0.450713,8.560249,-0.057551,-0.025776
1.179996,-0.183818,8.892558,-0.061912,0.114282
1.090782,0.589774,13.751753,-0.454468,0.105253
2.05358,-0.999023,7.459288,-0.144038,0.201932
1.456322,0.522713,12.889696,0.259065,-0.077337
3.301385,-0.43754,7.250023,-0.170495,0.181522
1.455124,0.411045,13.148208,-0.148638,0.227935
2.068997,0.531994,11.389366,-0.172772,-0.291532
3.028353,-0.22109,7.998766,-0.026255,0.091523
1.333277,0.355062,7.269782,0.054759,-0.13997
4.160748,-0.146695,10.313703,0.0849,-0.364429
1.446292,0.495769,9.720935,-0.090051,0.30596
3.159779,-0.584085,11.857891,0.229696,0.220539
3.37084,-0.938997,6.994205,0.266359,0.015688
4.008963,0.133223,10.821447,0.013717,0.274925
4.114194,0.055235,13.37798,-0.08967,0.55109
3.268304,0.22139,11.892469,-0.041237,-0.254767
1.288371,0.407752,9.611812,-0.190536,-0.216325
1.34181,0.557141,8.957822,-0.614565,0.042427
3.391946,0.056283,10.1468,0.043038,-0.167072
1.128354,0.250429,7.868238,-0.117051,-0.049149
3.047513,0.433648,12.245435,0.258598,0.262096
0.203577,0.927022,9.17996,0.040375,-0.167995
2.152973,-0.27393,7.231163,0.074075,0.10261
2.201173,1.097967,11.818374,0.033655,0.212622
1.592089,0.202229,7.001091,0.2084,-0.074677
1.71678,1.266965,7.101383,0.347323,-0.311908
1.694776,0.16825,6.211034,-0.339241,0.020401
1.587898,-0.722697,12.245885,-0.127243,-0.160368
3.868406,-0.593516,13.014386,-0.114135,0.050465
0.108674,-0.300575,12.755275,0.656168,-0.507294
1.710643,0.55774,5.84729,0.292796,-0.164551
2.894381,-0.158071,6.281837,-0.055853,-0.311869
3.924838,-0.540526,10.940749,0.416539,0.543442
2.363286,0.578098,13.273498,-0.654877,0.381742
1.512305,-1.451232,9.322913,-0.075086,-0.023129
3.169509,-0.147144,8.363408,-0.091685,0.115453
1.453028,1.047222,8.631052,-0.280929,-0.013985
2.634372,-0.408351,11.085348,-0.577077,0.354881
2.51986,0.076641,7.436985,-0.109553,0.448861
0.818498,-0.705483,9.842183,0.083491,0.028067
2.619702,0.710273,10.906171,0.603938,0.187058
2.100432,-0.111069,6.871311,0.210189,-0.298788
2.97192,-0.235909,6.092032,0.433918,-0.207161
2.453997,0.411943,7.388036,0.911786,0.478373
0.434247,-1.024619,11.321407,0.269442,-0.122193
2.727328,-0.343087,8.203391,0.351407,0.240863
3.439098,-0.045056,7.852221,-0.119512,-0.163106
0.628992,0.460892,6.989415,-0.020479,0.229626
2.190545,1.358275,13.278138,-0.001417,0.416038
2.093696,1.210084,8.083191,0.030124,0.270543
4.099824,0.314646,9.52619,-0.128281,0.004984
-0.032632,-0.316292,14.71964,-0.151315,-0.034528
1.704505,-0.13966,10.522818,0.635799,0.118657
1.480721,-1.028811,11.357332,0.129621,-0.016352
0.635429,-0.78841,10.682536,0.153129,-0.125815
1.305136,-0.346679,7.255412,-0.463587,-0.318977
3.614534,0.926873,12.980257,-0.642563,0.08577
-0.217198,-0.801284,10.411599,-0.169209,-0.099348
2.205963,-0.089214,6.563102,-0.427497,-0.560028
2.979105,0.48559,6.322702,0.44541,-0.127213
1.811084,1.881438,10.03109,0.370163,0.180689
0.086221,-0.467478,11.706257,0.330173,0.193758
1.301094,-0.32677,11.445948,-0.234206,0.09326
3.48176,-0.420027,7.356302,0.215918,-0.132686
2.463876,1.647025,14.292279,0.034731,0.278294
1.541944,0.102387,6.208938,-0.173661,0.056857
1.529669,1.539698,11.980486,0.326039,0.049994
2.873874,0.238454,10.736573,0.488027,-0.019057
0.088915,-0.168699,10.981464,0.101608,-0.28231
1.511706,-0.202229,7.666308,-0.061596,-0.351936
3.35168,-0.371378,6.796317,-0.271274,0.032782
1.316063,-0.520019,9.770782,0.209467,-0.304834
3.018024,-1.12506,11.301798,-0.800904,-0.414741
1.049318,0.425864,12.859908,-0.013748,-0.187239
4.743186,-0.542472,12.256213,-0.874294,-0.347209
1.997895,-1.450184,11.007809,0.011394,0.625282
3.610193,-0.02874,8.396789,-0.109359,-0.129753
3.335963,0.074395,8.599018,-0.337055,0.554196
1.769321,-0.288899,12.713811,0.109926,0.092756
2.728676,0.011825,7.154821,0.525097,-0.411883
2.386038,1.873205,8.275541,0.105704,-0.259428
3.817511,0.237406,8.726553,-0.226704,-0.088305
2.310146,-0.426313,7.239545,0.09838,0.089838
0.017663,0.60609,9.103918,-0.407549,0.042367
2.371219,-0.072898,12.531341,0.233335,-0.086527
2.044748,0.477806,6.623127,0.297566,0.18974
2.544858,-0.307461,7.219188,0.224855,-0.281062
0.512983,1.69268,7.836205,-0.185367,-0.064788
4.267625,-0.472268,11.591296,-0.306146,0.008971
2.304158,0.069605,8.366851,0.173879,0.254678
2.855013,-0.46149,9.50718,0.142669,-0.145268
3.918402,0.329465,9.946516,-0.062461,0.247798
2.269281,-0.655936,8.174202,0.306103,0.371977
2.894381,0.202229,9.807755,-0.892343,-0.446482
1.283581,0.857866,7.124884,0.29383,0.014941
2.166744,0.334405,11.731255,0.035176,-0.080755
3.54433,-0.602647,10.318193,0.428093,0.179696
3.064278,0.247286,12.306059,-0.000719,-0.551798
1.281335,0.580942,7.926916,-0.325364,0.038081
4.946613,-0.463436,10.336755,0.307616,0.11573
1.858086,-0.680784,9.464967,0.234878,0.234092
1.322051,-0.300874,11.804153,0.100656,0.178365
0.9616,-0.702789,12.50754,-0.181132,0.254056
4.201014,0.69725,10.934911,0.063419,0.007447
1.662742,-1.176853,12.456796,-0.042096,0.164153
2.838847,-0.735271,8.675809,-0.062122,-0.322322
0.558339,-0.421973,12.721446,0.091349,0.077015
3.807931,-1.380729,9.464668,0.473349,0.198388
3.079546,-0.703836,8.562195,0.292414,-0.065264
2.396217,-0.010778,6.993906,-0.525455,0.368998
3.538492,0.464334,10.552905,0.226779,0.025774
0.852777,0.584534,12.990287,-0.540952,-0.061105
0.794248,-1.046025,8.617879,0.252874,0.118025
1.432371,-0.139809,9.912387,0.133223,-0.014355
1.43297,-0.416434,10.863958,-0.744042,-0.128512
1.616039,-0.382754,9.3533,0.255243,0.627557
1.919758,0.027543,7.211254,-0.026389,-0.096229
2.015858,1.789678,10.715617,-0.070947,0.155832
2.684068,0.136815,8.014334,0.081572,0.002576
2.342778,-0.186961,6.308332,-0.176728,-0.140092
1.882934,-0.633932,9.847272,-0.149352,-0.653702
2.668201,-0.595312,7.337741,0.133736,0.089464
1.833238,-0.911305,9.561217,0.190668,0.017793
3.291954,-1.347947,11.064242,-0.094662,-0.150352
2.056274,0.10119,7.582632,-0.260656,0.497959
3.430267,-1.109044,9.253308,0.118152,0.303278
1.156645,-0.242645,9.302406,0.173018,-0.264408
1.387016,0.30282,12.155023,-0.099083,-0.018927
1.507964,0.951871,7.441026,0.005066,-0.007021
2.954257,-0.118553,7.500752,0.069317,-0.391839
3.428021,-0.23561,7.516469,0.239398,-0.031064
1.847758,0.254022,11.716735,0.229832,0.027425
1.057102,0.280217,13.072316,-0.077989,-0.235301
3.537594,-0.64935,11.028167,0.129788,0.003428
3.609594,-0.160317,8.373886,-0.20749,0.139216
3.570226,-0.01901,9.667646,0.096997,0.583479
2.442171,0.889301,6.755452,0.751327,0.245764
2.617906,-0.167352,7.081773,0.063229,0.105047
1.282533,0.116757,9.833501,-0.068512,-0.02945
2.240391,0.215701,8.718021,-0.173671,-0.188953
2.171385,0.951122,8.238418,-0.004653,0.068361
1.2502,1.336122,7.232061,0.10241,-0.049754
1.781146,1.310076,9.561367,-0.378582,-0.092971
1.908082,-0.850681,8.450078,0.275261,0.330638
1.791475,0.99543,10.32448,-0.264239,0.646188
1.983076,-0.810864,9.675879,0.070458,0.112256
3.099006,0.067061,6.48227,0.116316,0.011295
2.450105,0.184566,12.331507,0.202049,0.390086
2.687362,-1.249751,10.182575,0.714024,0.671266
1.848506,-0.622256,7.906708,0.184928,0.208221
3.528463,-0.32243,11.717483,0.145951,0.38397
5.194049,0.533191,10.395882,0.666378,0.102661
2.109413,0.368534,7.58832,-0.218807,-0.037842
0.454455,0.462688,9.533226,0.159003,0.041468
2.453248,-1.139431,9.222621,0.013998,-0.105443
1.550476,-1.201851,11.003917,-0.373581,0.201544
2.781067,-0.107477,8.753198,0.270463,-0.036213
1.455423,-0.773591,10.133477,0.410226,-0.129645
4.238736,-1.141826,9.662706,0.058959,-0.392978
1.031804,0.548459,6.171965,0.077961,-0.244681
0.829725,-0.469873,9.024583,0.458023,0.413741
1.379531,0.959804,12.099788,0.063998,-0.126617
2.41388,0.34638,11.528427,0.335175,0.071264
5.014872,-0.340392,7.177275,0.048572,-0.228737
1.225052,0.228425,11.321856,0.00155,0.004927
1.984423,0.594115,8.720416,-0.009266,0.029788
1.709745,1.594484,9.45883,-0.155316,0.299931
2.18306,1.775907,9.786199,0.236921,0.105784
2.920427,0.026196,7.237001,-0.292122,0.103462
3.81317,-0.236358,11.438763,0.353957,0.508959
-0.031884,0.750839,8.938213,0.162361,-0.198327
2.40909,-0.446671,6.957083,0.279969,0.104186
2.834655,-0.135169,9.167985,-0.439634,-0.53382
4.59724,-1.394949,11.536061,-0.027643,0.262659
3.92888,0.753234,13.107044,-0.011225,0.230794
2.117347,0.023651,9.11769,0.08787,0.003499
0.178429,-0.586181,13.139377,-0.039505,0.055763
1.54823,-1.129401,8.021369,-0.088492,0.361264
2.634072,-0.37976,7.379504,0.059568,0.210828
1.901047,0.574056,11.423046,-0.035337,-0.088064
2.08711,-0.357157,12.569362,-0.031106,-0.005205
2.349664,0.267943,11.077115,0.170987,-0.022902
2.397564,-0.296533,10.380164,-0.149754,-0.102107
3.91915,-0.963247,11.081905,0.210666,-0.467343
2.272874,1.259631,12.280612,-0.246334,-0.030238
1.425635,0.393532,6.359226,-0.961845,-0.270755
2.037713,0.432002,13.560002,-0.554709,-0.556356
1.142275,0.202679,7.218888,-0.779057,0.147139
1.001268,-0.03368,8.502768,-0.056409,0.215921
2.11091,0.925675,9.653725,-0.555674,-0.537806
2.914439,-0.417332,7.565418,-0.096247,-0.564381
1.326841,-1.318009,8.530461,0.068741,-0.010815
3.62112,0.720751,8.38197,-0.088917,0.506822
1.948049,-0.701441,7.038364,0.064892,-0.412018
3.444787,-0.354164,10.004446,0.164851,-0.179289
1.71184,-0.221539,7.4539,0.198138,-0.1273
2.487827,-0.63453,9.379645,-0.011708,0.11754
3.317401,0.125289,9.108559,-0.006782,-0.030816
0.185015,0.735121,8.499475,-0.137372,0.008845
0.269889,2.531835,14.432537,0.136272,0.00958
1.095572,-0.628842,10.131681,-0.009473,-0.496926
0.857866,-0.946931,9.296268,-0.516026,-0.71003
3.422034,0.310903,12.095298,0.084781,-0.210462
1.221011,-1.107547,11.667487,-0.219333,0.236559
2.597848,0.280068,9.633068,0.260223,-0.023984
2.623894,-0.846939,10.242451,-0.324075,0.185956
2.390978,-0.479752,7.535929,0.360829,-0.085839
3.259472,0.464783,13.269007,-0.076797,-0.204633
2.236799,-0.378862,6.754554,0.030272,0.147813
1.667083,-0.292043,11.731704,-0.630357,0.011023
1.786535,-0.790806,12.871583,0.046751,-0.522641
3.276387,-0.734373,11.368559,0.499108,-0.394426
1.947001,0.305664,11.291469,0.052915,-0.389626
2.637066,0.421523,8.427924,0.449604,0.003008
3.661386,-0.295635,11.370655,0.122534,0.152831
2.30805,0.028441,12.713811,0.084798,0.12775
4.685556,-0.210163,12.053535,-0.394358,-0.269104
3.12101,-0.929417,11.980786,-0.259659,0.141461
3.435805,0.042063,12.594809,0.317829,0.395532
3.075804,-0.08637,5.496869,-0.642856,0.30637
4.002527,0.349224,10.130334,0.50112,-0.094946
4.229006,-0.040715,11.432027,-0.212389,-0.175561
2.681823,0.033381,6.336324,-0.015863,-0.182179
1.604214,-0.174238,7.930808,0.01505,-0.064865
3.297343,-0.035027,8.687185,-0.245101,-0.143224
0.882714,0.650847,7.322772,-0.047604,-0.001047
1.792073,1.406475,9.046438,0.06741,0.001448
0.675096,-0.788111,11.601026,0.171172,0.127365
1.825753,-0.451012,7.473958,0.31382,0.050783
3.541935,-0.005688,12.43584,-0.010894,0.24446
3.41904,0.442929,8.225994,0.112404,0.035802
2.143393,-0.436492,7.300469,-0.568414,-0.032681
2.505939,-0.039518,7.342381,0.180461,-0.004983
2.624492,0.252974,6.418802,0.088666,0.284699
1.905687,-0.253273,7.719298,-0.293189,-0.413259
1.02432,0.303868,7.11695,-0.23406,-0.212082
1.287772,-0.269739,12.788506,-0.438257,0.17614
2.21689,0.873583,9.707463,0.087361,0.753446
1.771416,-0.758323,9.71884,-0.315974,-0.038729
2.206711,0.32707,8.61279,0.115105,-0.041273
0.589474,-0.554597,9.761651,-0.018077,-0.007699
2.546355,0.109572,6.974147,0.072384,-0.121928
1.269061,0.906665,11.25734,0.051475,0.174158
2.515369,1.447041,12.607533,0.655124,0.410595
2.345622,1.011297,11.67108,-0.765596,-0.034907
3.261118,-0.19235,11.438164,-0.194674,0.484739
1.09632,0.936602,12.801679,-0.274069,0.084604
1.372945,-0.41838,12.936399,-0.242871,-0.289258
-0.231119,-0.890199,11.427836,0.105439,-0.477959
1.219963,-0.085023,6.863378,-0.228548,0.244528
3.870501,-0.582738,8.398735,-0.324935,-0.167195
1.463507,0.522563,7.153025,0.024893,-0.196624
2.38978,0.160466,9.251212,0.35191,-0.014076
2.8613,-0.232916,6.952891,-0.143305,-0.036734
2.627785,-1.167123,7.642358,0.1685,-0.216872
0.372875,1.350641,13.388009,0.310644,-0.198181
1.991758,1.76977,8.445438,0.329185,0.186197
3.543731,0.114662,9.455088,0.136473,-0.483893
1.439706,1.422342,8.550369,0.032541,-0.092695
3.659141,0.586181,11.136092,0.072018,0.044799
2.493664,0.046254,6.596033,0.135113,0.041244
2.147883,-0.227677,9.099428,0.091018,0.039816
3.265609,-0.339943,10.706935,0.025729,0.006523
2.263593,0.025148,7.026987,0.262613,-0.123518
1.608705,2.510579,12.812007,0.336945,0.385831
2.808609,0.582439,9.594149,-0.070132,-0.091234
1.050965,-0.625699,8.550818,-0.726061,0.139765
1.565594,-0.66372,6.980284,0.233499,0.07811
1.534609,-0.060175,9.140293,-0.036487,-0.135308
3.512146,-0.213905,10.596315,0.12719,0.356915
2.881208,0.107926,11.726764,-0.244787,0.11699
3.415597,-0.183069,10.007439,0.190996,0.042115
1.406775,-0.861309,9.612261,-0.235508,0.132772
3.310067,-0.228874,9.642947,0.45429,0.340358
2.443369,-0.219144,12.519965,-0.371513,0.303037
3.472928,0.085622,8.668923,0.06993,0.005733
2.828219,0.278571,6.871161,-0.391258,-0.265517
4.264183,0.402513,10.701097,-0.255972,-0.396401
1.47159,0.811013,7.812254,-0.3558,0.019281
1.90449,-0.642913,9.288185,0.015232,-0.029205
2.242936,-0.55295,8.988508,-0.005646,-0.017303
2.997367,-0.657732,10.325229,-0.720109,-0.208001
1.323997,1.465752,10.160122,-1.127996,-0.106302
1.041534,1.762136,9.521999,-0.722173,-0.564541
2.402654,0.532742,11.886332,0.299417,0.285109
1.778302,1.040486,7.806566,-0.223963,0.252461
2.021696,0.661774,8.051756,-0.149705,0.01111
3.216062,-0.030986,7.666158,0.312622,-0.060949
3.074008,-0.247885,11.244617,0.497717,0.574518
-0.05793,-0.39907,10.84405,0.229806,0.173402
1.413361,-1.397045,9.185648,0.090325,0.01565
0.570913,1.642834,13.485157,0.005625,0.292448
1.320105,0.563279,12.237203,-0.257125,-0.00576
3.038232,0.095651,9.075627,-0.362439,0.109504
2.758464,-0.128732,8.212522,0.185363,0.35522
2.227967,0.336051,6.874604,0.075235,0.086111
2.237098,-0.09595,9.625284,-0.042846,0.063476
3.752846,0.22124,8.226144,0.148443,0.125426
3.635191,-0.453856,8.013735,0.12773,0.167661
0.38934,0.693059,13.050162,0.050677,-0.19949
2.839146,-0.574805,8.469687,0.039776,0.011708
2.749632,-0.039069,12.175681,-0.038788,-0.131448
1.799707,0.222288,10.187814,0.16858,0.233547
1.632954,0.783022,10.860665,-0.050436,-0.206348
3.254832,-0.60115,9.534273,0.477584,0.036441
1.364413,0.762065,7.04016,-0.270372,0.444057
2.25072,0.786914,9.063652,-0.191013,-0.00813
2.219734,0.358804,8.486003,0.118529,-0.394036
1.131198,-0.080832,10.357861,-0.308751,0.245592
2.490072,-0.16346,7.01591,0.07149,-0.015276
3.902834,-0.739911,10.420131,-0.705518,-0.623695
3.095563,0.669558,13.282329,-0.073053,0.076287
2.259252,0.45206,8.903485,0.020193,0.013108
1.176553,-0.653391,9.494306,-0.258208,0.092242
3.657943,0.079634,10.173145,-0.205097,-0.000838
2.434687,1.260678,8.906329,0.417429,0.035792
1.202749,0.581541,9.113049,0.056824,0.316184
1.232088,1.892514,10.365645,-0.780249,-0.285442
2.074835,1.503773,13.351635,-0.147673,-0.431021
1.457519,0.583038,7.015611,-0.119204,-0.032058
0.963696,0.773292,9.279054,0.235348,0.240875
2.242487,0.443827,12.723691,0.061978,0.406798
1.66888,-0.171394,7.697892,-0.031115,0.278697
1.971999,0.22603,7.346124,-0.080198,0.018438
2.253414,-0.643961,12.593312,-0.219143,-0.392833
2.250121,-0.123344,6.658903,-0.306092,0.291099
4.836742,-1.379082,10.465786,0.579551,0.139654
0.93765,-0.964893,9.085956,-0.313564,-0.017331
2.819986,-0.523162,9.285491,-0.088212,-0.438079
2.586322,0.053289,8.133786,0.0207,-0.182417
2.324366,0.595462,7.065308,0.113477,0.216108
1.895359,0.958457,9.298514,0.21686,0.288511
4.319867,0.290546,10.874886,-0.5807,-0.461716
1.46665,-0.18741,7.860155,-0.14611,-0.214418
2.042054,0.034279,13.039384,0.598821,-0.077451
3.133883,-0.733774,10.423724,0.360711,0.313545
2.543211,-0.314496,6.65082,0.057405,-0.385478
2.400408,-0.40865,9.485774,0.585904,-0.518088
-0.295336,-0.091909,12.117003,0.149748,-0.145902
1.33223,-0.806972,9.958342,-0.043461,0.160036
2.13531,-0.758173,11.044782,0.129261,-0.027462
1.88024,-0.25971,13.385465,-0.212214,0.142823
1.845363,-0.182171,9.461525,-0.351309,-0.029921
3.070116,-1.121169,9.576186,-0.100528,-0.017231
2.290686,-1.027613,10.518177,-0.118968,0.345646
2.299069,0.08667,12.394226,-0.742046,-0.609024
3.000959,0.726888,7.432793,0.038849,0.128233
2.645299,0.176483,13.591586,-0.143878,0.275463
1.527274,0.291893,7.242689,0.037884,-0.10137
1.576821,0.060325,6.991511,-0.553864,-0.035312
2.17827,-0.088466,8.097561,0.726965,0.045867
2.326761,-0.772693,11.289823,-0.634518,-0.225289
1.414259,1.895658,12.980407,0.104037,-0.101728
0.860411,-0.559237,9.986782,-0.264319,-0.225603
4.548441,-0.050445,11.3247,0.160806,-0.241622
0.697699,-0.364193,7.151528,0.092924,-0.208479
0.030087,-0.248483,12.671749,0.287471,-0.095792
3.302433,-0.329165,11.647429,0.082723,0.052036
2.581681,-0.558788,6.829548,-0.051774,-0.112512
4.4721,-0.66851,10.932815,-0.130098,-0.498524
1.368005,-0.916394,8.140222,0.309454,0.079428
3.396138,-0.145048,8.701405,0.15841,-0.062571
3.855233,0.069905,8.036338,0.070924,-0.041293
1.016536,0.991538,8.861572,0.019457,-0.109606
3.491789,-0.866997,9.987531,-0.209103,-0.045665
4.174818,-0.119601,11.427985,0.081002,0.167151
2.686763,1.256936,12.483291,-0.110028,0.475603
1.251996,-0.164658,7.333849,-0.079351,0.702684
1.212778,0.761017,6.883735,-0.341628,-0.036148
1.976789,1.588796,8.123906,-0.021266,0.0939
1.569187,0.229772,7.039262,0.10216,0.030651
1.864972,0.300425,12.133768,0.192025,0.010644
2.632126,-0.23082,6.566545,1.01472,-0.173717
1.878893,-0.006137,11.619886,-0.349199,0.094364
3.934568,0.66851,11.279195,-0.130954,0.33303
2.30341,-0.239801,7.006779,0.42564,0.597283
3.053051,-0.239502,8.509953,0.282671,0.078461
2.824327,-1.165776,11.652668,0.205597,-0.307718
3.11592,0.0482,6.944659,-0.463602,0.223269
1.46665,2.121688,9.672436,0.592985,-0.338958
2.64006,-0.17798,7.981852,-0.140428,0.266522
1.744023,-1.058,11.329191,-0.137042,0.289927
3.730542,-0.418979,9.532178,-0.08637,-0.306801
1.533561,1.663491,9.545949,-0.247194,-0.107644
2.40924,-0.118853,6.72282,0.042739,-0.227834
3.339855,-0.313598,8.57881,-0.025424,-0.232955
2.794688,1.097667,11.634556,0.199555,-0.116794
0.129331,0.410446,11.593092,0.045815,0.082547
2.013762,-0.497565,9.390123,0.101731,0.082085
1.980082,0.21166,7.438482,-0.205083,0.206483
2.538122,-0.318238,7.178323,-0.223063,-0.120135
1.841022,-0.720751,9.774823,0.437866,0.144205
1.756298,-0.042811,10.377171,0.207235,0.176416
3.930377,-1.027912,10.418634,0.160031,0.133952
-0.561931,0.503253,14.704671,0.045035,0.235821
2.564916,-0.23097,11.216775,-0.667305,-0.121405
1.805695,1.35603,12.452305,-0.206699,-0.152556
1.451232,0.32692,13.135934,0.557378,0.466057
1.493744,-0.064965,8.195607,0.03425,0.062292
2.095492,-0.21151,9.487421,0.185691,0.108282
1.504222,0.246687,6.749614,0.146068,0.042259
1.891167,0.777483,7.993976,0.386394,-0.058306
4.19832,-0.093855,8.975186,0.138178,0.560813
1.790876,-0.31734,11.260484,-0.103431,0.008777
2.518064,-0.082029,5.966293,-0.438462,-0.21801
0.898581,0.28875,9.813443,0.05489,0.286605
2.251468,0.537981,12.842394,0.897806,-0.376473
2.355651,1.543889,11.034454,0.15033,0.207484
2.493215,2.160757,13.408966,-0.271883,-0.299189
1.31262,-1.529819,9.246572,0.008476,-0.007463
2.868934,-0.198936,8.419691,-0.891584,-0.230537
2.075584,-0.277822,9.424552,0.03803,-0.537508
1.180745,-0.628244,9.812844,0.174877,0.711597
2.08696,-1.058748,7.536079,0.037882,0.286235
1.563349,-0.099992,10.734777,0.357939,0.144511
1.886527,0.673899,8.979527,0.777465,0.353151
2.027833,-0.34623,7.465725,0.124789,-0.109566
1.932182,0.345482,6.633007,0.256482,-0.099264
2.480941,0.183967,6.023324,0.005992,0.411103
1.541794,1.115929,7.628287,0.24555,-0.11251
3.314108,-1.272055,12.783117,0.061149,0.479363
3.220403,0.790955,12.172537,-0.703929,0.151498
1.090333,1.009351,8.758736,-0.114029,-0.136778
0.512684,0.33171,10.509346,0.176839,-0.147063
3.069966,-0.155676,8.364606,0.036103,0.104985
3.704047,-0.37512,9.125473,-0.10875,-0.37346
0.862207,0.501158,7.320976,-0.146655,0.092726
1.929488,0.440534,10.038724,-0.771078,-0.518011
1.902394,-0.644859,6.264623,0.152244,-0.071161
1.172063,-1.073717,8.442294,0.359451,0.044954
2.749333,-0.526156,9.591904,0.123966,0.7086
3.9193,0.95711,11.64713,0.589596,-0.549648
1.263073,-0.615819,8.440947,0.031895,0.007782
2.281855,0.223036,8.664283,0.499756,-0.048208
4.146228,-1.215173,11.36796,0.168407,-0.658281
3.052303,-0.972827,9.014554,-0.065059,0.147297
0.828228,1.249751,7.750882,-0.181948,-0.096337
1.562601,0.424068,9.75237,-0.345394,0.260559
1.902993,-0.191452,7.033723,-0.275314,0.421872
2.364932,-0.57241,13.712086,-0.099907,-0.434892
0.367336,-0.56253,9.234147,0.00939,-0.013087
3.10185,-0.081281,10.466984,0.158634,0.352979
2.916984,-0.545017,8.243358,0.312956,0.20957
1.26008,-0.54322,9.824071,0.047178,-0.415896
1.629661,0.219144,7.2855,-0.087068,0.200199
1.391656,-1.082399,8.988359,-0.451382,-0.013309
2.276316,-0.160167,9.965377,-0.208145,-0.180374
3.089276,-0.258961,9.530531,0.02509,0.248085
1.815874,-0.397723,9.661808,-1.190901,-0.195453
0.815504,0.405507,7.962392,0.020871,-0.067163
1.342259,2.11091,14.501245,0.037947,0.059191
3.650309,-0.220491,7.148085,-0.092665,0.042251
2.207759,0.921933,6.077212,-0.173203,-0.153867
0.623454,0.876427,9.768536,0.341003,-0.178689
1.664539,-0.210462,11.577225,0.053891,0.160214
3.857778,0.085472,12.72908,0.153441,0.052506
1.525478,0.095501,10.894644,-0.325546,0.174025
4.513714,-0.072749,11.253598,0.200259,-0.159632
3.357219,0.037871,7.880363,0.130071,-0.01553
1.817071,-0.908012,9.553134,-0.025882,-0.2067
2.002236,1.574276,11.669284,-0.403599,0.071676
2.442321,0.056133,10.663375,0.004636,0.059599
3.019671,-0.78407,9.988429,0.103873,-0.223878
2.182911,0.927471,11.369906,-0.499912,0.304445
3.788771,-0.659379,11.752211,0.228554,-0.257328
2.17378,-0.001796,7.379205,0.095202,0.120454
1.738185,0.247286,7.043752,-0.062782,0.348251
2.963238,0.146845,9.269923,-0.160937,-0.129062
0.24549,-1.015339,10.710677,0.404025,0.347459
4.266578,-0.490081,10.45935,-0.061457,-0.324274
1.277593,0.266296,6.415359,-0.35003,0.135837
1.204695,-0.479004,9.608669,0.202818,-0.120983
2.740651,-0.330363,8.106393,0.048247,-0.195833
2.390229,-0.011376,7.560478,0.0033,-0.026742
2.012265,0.55789,9.284293,-0.07723,0.169699
0.082478,-0.214354,8.74736,-0.123856,-0.12266
2.494113,-0.253573,7.339837,0.174081,-0.230609
0.179477,1.037043,9.029822,-0.212332,-0.378973
2.825824,-0.432002,8.892857,0.063097,0.04264
2.650838,0.1922,6.940617,0.16632,0.006534
1.83683,1.461561,9.496103,-0.051276,0.274544
1.906136,-0.820294,8.996142,0.228312,0.283329
3.03434,-0.020058,7.992779,0.127301,0.180244
1.87081,-1.022673,8.965307,0.009405,-0.053509
1.55347,0.530497,8.157437,-0.050061,-0.010017
0.93795,-1.127905,11.486663,0.233087,-0.04351
1.297352,0.876128,7.220984,-0.112975,0.267998
2.759961,-0.492027,10.061627,0.586759,-0.054608
2.989134,1.14916,9.193133,0.150552,0.060366
4.124523,-0.646805,8.331525,-0.152078,0.316726
2.628983,-1.151406,10.798694,0.234527,-0.258916
0.002844,0.132025,12.981305,-0.019928,-0.011404
3.59208,-0.975222,11.409424,-0.154089,-0.387505
3.501519,0.44233,9.370963,-0.044693,-0.107757
1.863026,-0.154179,8.065378,0.174764,-0.16099
4.500691,0.140109,8.728948,-0.017388,0.088342
2.096391,0.132624,7.504045,0.217734,-0.100278
-0.005089,0.849334,7.313941,-0.148366,-0.133057
4.012556,0.433049,10.708581,-1.140067,-0.387332
1.059048,-0.243244,10.459499,-0.234831,0.040175
1.895359,-0.085921,9.747131,0.012005,-0.002325
2.485731,0.768502,13.568085,-0.402812,-0.462331
3.659889,0.22124,12.003239,0.039931,-0.213316
1.707649,-1.056353,8.546927,-0.237386,-0.164946
1.939217,-0.536484,9.340277,0.201375,0.13947
2.058819,-0.205223,7.001241,-0.179626,0.331307
1.954336,-0.54322,7.956554,-0.156741,0.130264
2.170187,-0.332758,6.861282,0.185143,0.044664
3.690575,-0.275278,12.443324,-0.084045,0.492803
1.551524,0.573008,7.445966,0.070105,-0.003026
1.459764,2.128424,9.540111,0.081194,0.214944
3.39479,-0.178878,7.865544,-0.068142,-0.097841
1.911525,-0.802182,9.615255,-0.01578,0.181454
2.882256,0.534089,11.17097,-0.054093,-0.066499
3.358266,0.333207,10.229727,-0.159841,0.398138
3.55361,0.526006,10.937455,-0.074848,0.115971
0.308808,1.277893,12.268637,0.032875,-0.054824
0.390089,-0.648302,7.924371,-0.035281,0.346538
2.905159,1.517993,10.770403,-0.130673,-0.191626
2.563569,-0.003293,9.269773,-0.253818,0.022974
1.298849,0.615819,6.918613,0.122043,-0.176574
2.856809,0.810864,10.469079,-0.094726,0.041512
3.317102,0.343386,10.003997,0.033245,0.359642
-0.093855,0.837359,12.051289,0.034192,0.076449
3.171904,0.465382,9.427246,0.054494,-0.000925
2.091451,1.196013,8.756042,-0.047259,-0.164384
1.679358,1.457519,9.240883,-0.128683,0.246333
2.160308,0.06257,7.321425,-0.334176,0.271164
1.103954,-0.364791,8.716524,-0.272426,0.071816
-0.324825,0.869392,12.793296,0.154418,-0.063425
2.852019,1.261577,13.702505,-0.233832,0.010457
1.973945,0.229622,8.033195,-0.471994,-0.000331
1.276396,0.874631,11.65656,0.011489,-0.059848
0.614173,0.931363,10.953622,0.261543,0.084242
1.696722,1.299747,10.004745,-0.305628,0.24051
2.763853,0.493374,13.28218,-0.520879,-0.508754
-0.709824,-0.471669,14.319073,0.225895,-0.010278
3.90493,-0.127984,11.948303,-0.465268,-0.017339
1.247506,-1.07252,9.083112,0.413698,0.38391
4.360133,0.24055,11.350596,0.145323,0.107874
3.465593,-1.076561,8.691825,0.143805,0.072266
3.521427,-0.123493,7.880063,0.062248,-0.014293
2.549049,-0.316891,11.162138,-0.181211,0.321488
2.990032,0.771795,13.697266,0.173141,-0.021619
4.68391,-0.039069,11.767629,-0.114605,-0.244343
3.354674,0.415835,11.35344,-0.796108,-0.061112
1.443897,-0.5769,9.665999,-0.775795,-0.22178
1.723815,-0.890199,7.762558,0.238755,-0.061949
2.324516,0.354762,12.646751,0.303847,-0.524051
3.670517,-0.421074,8.311766,-0.039292,-0.010193
3.380271,-0.077688,11.528576,0.27158,0.047623
1.812431,0.652493,6.518195,-0.115166,-0.276063
2.152224,0.403112,12.769945,-0.220728,-0.310928
1.232088,0.434546,14.331647,0.550844,0.043236
2.7652,-0.333656,8.655601,-0.269771,-0.043411
1.828747,0.102686,6.787485,-0.022974,-0.33186
1.863625,-0.126188,9.148526,-0.169688,-0.077103
3.204536,-0.396376,13.391303,0.007627,0.424205
2.127226,1.574127,9.196875,-0.054878,-0.004257
2.069896,0.456102,7.282805,-0.153667,-0.003596
3.610043,-0.059875,7.556287,0.073046,-0.108569
3.212919,-0.049697,11.299702,0.327129,-0.44403
2.327211,-1.006208,11.684252,0.082261,0.290553
0.462089,1.2743,10.716665,-0.055102,-0.070128
3.658542,-0.020358,11.982582,0.368083,-0.086644
4.233347,0.022902,8.634045,0.031202,-0.626803
0.715662,-0.712219,12.211157,0.352293,-0.071092
1.768722,-0.178878,7.514823,-0.201296,-0.289583
4.14997,-0.155976,10.888208,-0.151053,-0.367809
2.10148,1.701512,13.683046,-0.13994,-0.410838
2.405947,-0.758772,6.744076,-0.606545,-0.654559
1.236728,-1.384172,8.808882,0.351465,0.717255
0.674048,-1.174757,8.92534,0.158115,-0.136667
2.990781,-0.039967,7.552694,0.17972,0.253762
2.408042,0.412991,12.660373,0.472757,0.837193
3.284021,0.590073,7.870334,0.016347,-0.017766
1.465602,2.004931,9.167536,-0.007145,0.086945
3.067571,-0.78362,9.425001,0.034251,-0.167775
1.20694,-0.905766,9.948163,-0.19559,0.013074
0.696352,-0.727787,8.784932,-0.007793,-0.247077
2.839745,-0.350721,6.244265,-0.394376,-0.004793
2.467469,-0.229772,9.679022,-0.283313,0.085474
3.937113,-0.101489,8.570128,-0.040392,0.094421
3.239713,-0.434397,10.855576,0.087436,0.004169
4.31358,-0.540227,11.371104,-0.010611,0.230531
1.348995,-0.02904,12.163256,0.603267,0.422117
2.07259,-0.121248,6.951694,-0.240039,0.426745
1.621728,-0.795146,10.471474,0.048834,0.29605
0.600102,0.04326,11.328143,-0.647427,-0.542647
2.596351,-0.429607,12.086167,-0.161632,0.103681
1.513952,-0.080383,6.423143,-0.031418,0.192565
1.600023,-0.734223,10.849139,0.717299,0.666384
1.146765,1.053809,7.688911,-0.034296,-0.029207
3.13059,-0.161963,11.626173,-0.048691,-0.256558
0.68752,0.665366,9.898167,0.346627,-0.074732
2.3082,-0.103435,7.773934,0.230465,0.05605
4.226611,-0.726888,9.065149,0.053541,-0.492453
4.160149,-0.055385,8.452922,0.162654,0.04165
2.749632,-0.849783,9.193282,0.245135,0.047202
1.852248,-0.635878,9.764495,-0.508392,0.263701
2.657723,0.063767,7.514374,0.206213,0.066851
2.401905,-0.578846,12.072395,-0.265414,-0.178301
2.22662,0.184417,6.122119,-0.495632,0.185076
0.012274,-1.087189,9.713151,0.123745,-0.234175
3.230881,0.084125,7.998018,0.261674,0.154434
1.500779,0.987347,10.072554,0.099751,-0.223777
0.473465,1.179098,8.210726,0.311748,0.218609
1.578468,0.782722,9.270372,-0.943098,-0.144466
3.40961,-1.420396,8.729846,0.024054,0.038668
1.73594,-0.464933,8.889863,0.196215,0.31439
2.734663,-0.071701,7.105873,-0.274805,-0.063038
2.993924,0.036674,9.587113,-0.345291,-0.213194
2.528692,-0.890648,9.379795,0.088078,-0.155186
3.04392,-0.522114,11.866723,0.181791,0.136847
2.968627,0.145947,8.337811,0.179808,0.08675
-0.18262,-1.430276,13.341606,-0.019446,-0.024995
2.706671,-0.392933,8.873547,-0.058284,-0.064863
4.759053,-1.488205,10.153087,0.274048,0.362483
0.2163,0.693208,13.361664,0.079143,-0.001368
2.240391,0.839604,10.987451,-0.686584,0.117343
1.191522,1.417402,7.464527,-0.522188,0.324827
1.848656,0.658331,7.970326,0.171388,-0.090044
0.462838,0.172591,7.863897,-0.335907,0.241374
1.890569,-0.742007,9.771829,0.235377,-0.060932
3.004552,-0.963696,9.054371,0.177176,-0.219998
2.402354,-0.042063,8.519384,-0.204318,-0.00628
5.297334,-0.017963,10.655891,-0.248113,0.184724
1.915866,0.693658,8.967103,-0.694926,0.058097
1.982777,0.950224,9.195079,0.167739,0.092044
2.295477,-0.72614,8.823851,0.312108,0.066499
1.446741,-0.633034,9.026679,0.742683,-0.117558
2.286046,0.506547,11.176059,-0.248236,-0.185717
0.75503,-0.172142,10.213561,0.081022,0.068428
-0.384101,-0.31255,10.868599,-0.112614,-0.002965
3.081492,-0.576451,9.394165,-0.176286,-0.077527
4.2799,-0.549507,11.720028,-0.078853,-0.247318
3.551515,0.072898,7.000343,0.371121,-0.115079
2.261048,0.435295,8.295599,-0.004855,-0.099959
1.792522,0.469574,12.176579,-0.355825,-0.408793
0.780477,-0.405956,9.569001,0.316968,0.148124
3.536845,-0.284858,6.973249,0.154774,-0.079784
1.56275,0.431253,11.314671,0.265827,-0.160395
1.372646,0.10104,12.16655,0.191388,0.024477
1.096171,0.18756,12.552896,0.06214,-0.304208
2.036515,0.670605,10.28107,0.261938,0.042129
3.1737,-0.634381,8.266859,-0.023072,0.169288
2.191892,0.253722,8.634794,-0.098238,-0.116292
2.036665,0.191452,7.928413,-0.321299,-0.048811
2.909799,0.007335,10.577304,0.157088,-0.245043
0.883313,-0.412692,13.289963,0.120114,-0.224105
1.60137,0.943488,7.543264,-0.131287,-0.38077
2.404749,-0.618514,7.196734,0.239112,0.058876
1.656306,-0.253872,7.201674,0.127283,0.068727
1.253793,-1.282832,8.503367,0.010902,0.005508
0.924028,0.903072,6.943162,-0.008538,0.155518
3.518733,-0.741558,11.516751,0.052196,0.176059
1.012345,-0.681383,9.769584,0.103391,-0.097429
1.53386,1.203797,12.509935,0.260478,-0.084209
1.682651,0.985551,6.568491,0.066228,-0.145647
2.333048,0.353565,8.167466,-0.017126,0.036102
3.318898,0.09146,8.326884,0.159541,-0.012397
2.753075,0.607137,12.45485,0.1791,0.103548
3.971242,0.157772,12.372521,0.000545,0.611389
2.039808,-0.044308,5.854326,-0.123682,-0.025943
2.458338,0.36045,8.128247,0.112606,0.015623
3.646567,0.185464,10.447375,-1.02039,-0.200774
0.233065,-0.300725,13.446238,-0.175434,0.070837
3.071163,-0.620909,10.753488,-0.558962,0.179332
0.51942,-0.152982,13.304333,-0.007421,0.058973
2.3805,-0.731678,6.21762,-0.31424,0.158193
2.747686,-0.147593,6.229296,0.130055,-0.380768
1.156944,-0.392184,9.672586,-0.141147,-0.102892
1.605561,-0.795745,10.966046,0.103569,0.075971
3.974535,1.113235,10.943892,0.88336,0.038919
2.919379,0.175435,6.986422,0.234588,-0.043698
0.0961,-0.364791,10.812465,0.090957,-0.248248
2.545606,-0.275427,6.887328,0.147085,-0.040293
0.924328,-0.779729,9.799372,0.037979,-0.107788
0.675845,0.174836,8.344847,0.337974,0.004394
2.29383,0.456401,9.079519,-0.416466,-0.111076
3.819457,-0.519869,10.754985,0.03634,0.012569
1.623524,0.133522,8.296647,0.449913,0.231014
0.33171,0.486638,8.75679,-0.078816,-0.294558
2.536326,1.701661,9.391321,-0.071233,0.154554
2.578688,-0.416733,7.62215,0.367512,0.112807
2.520309,-0.29833,11.253149,0.131134,-0.046379
3.622467,0.012125,10.228679,-0.135044,-0.081153
1.041534,0.804727,13.312716,0.162307,0.05909
2.819986,0.37033,13.385614,0.515093,0.580637
2.461182,0.397424,8.680599,0.481633,0.132971
1.62996,0.244442,11.750415,-0.007779,0.035992
1.388662,-0.252525,13.769716,-0.085082,-0.058105
3.42847,0.016615,7.831564,0.382546,0.154699
1.60616,0.1925,6.714138,0.109567,0.125814
1.897454,0.599952,6.516848,0.03528,0.611397
3.365452,-0.267793,9.558972,0.232912,0.125972
2.603237,-0.212857,10.013577,0.199137,0.014551
2.454147,0.188009,11.981534,-0.15189,-0.37826
1.636846,0.686323,10.974129,-0.237911,0.051973
3.245251,-0.420925,11.25734,0.258762,-0.140642
2.447411,0.509989,10.734777,0.228801,-0.102107
0.887205,-0.451162,11.077265,-0.162294,-0.264493
0.908161,-1.451981,9.960437,0.688233,0.219139
1.561553,1.654958,9.837842,0.217973,-0.136343
1.560804,0.053738,6.91502,-0.050629,0.053839
1.820963,0.30761,7.021898,0.188468,0.227387
3.59687,0.117655,10.62251,0.160177,0.362199
0.847987,3.150798,10.806029,-0.613692,0.060635
1.607357,-0.479303,12.688215,-0.062357,-0.073581
0.157173,0.811163,7.717052,0.216581,0.059632
3.728147,-0.583337,9.38698,-0.093843,-0.146889
2.212549,-0.520168,6.772217,0.129667,-0.470289
1.708846,0.69261,5.656587,-0.179658,0.029006
2.687362,-0.281714,7.656428,0.119609,0.133974
2.319726,-0.667013,10.364148,-0.779109,-0.131137
2.445016,-0.75024,9.228609,-0.008078,-0.039145
1.689836,0.919238,8.537047,-0.156911,-0.21223
3.35632,0.642464,7.471413,0.434678,0.051822
1.556912,0.339943,11.942915,-0.282467,-0.180583
1.21173,-0.127984,7.27592,-0.648252,-0.358426
2.822231,-0.527802,6.797964,0.3068,0.005416
3.284171,0.116757,6.03021,-0.015945,0.260494
3.473227,-0.270787,11.029963,-0.140198,-0.197168
0.257914,1.012644,8.123008,0.23944,-0.179424
2.592758,0.503852,11.55552,0.379843,-0.277345
2.002685,0.451761,11.139835,-0.233374,0.206006
2.66416,0.747995,11.864478,-0.19344,-0.14808
3.008893,-0.322879,8.446785,-0.044091,0.012392
2.467619,0.35102,9.620195,0.274996,-0.173002
1.650168,-0.36569,9.680819,-0.213518,-0.223038
3.063529,0.338596,10.761571,0.147384,0.946142
2.85666,-0.750539,11.442655,0.181694,0.008727
2.974465,0.177681,7.928413,0.376085,-0.168156
2.983147,-0.046104,6.675967,0.45827,-0.162604
3.692521,0.355511,11.308683,-0.284104,-0.004208
3.137775,-0.573008,12.380305,0.269213,-0.026749
1.827999,-0.334405,6.85724,-0.440417,-0.001906
3.818859,-0.075293,11.010054,0.185664,0.020381
1.655857,0.415835,12.607233,-0.142449,0.0062
1.45722,-0.307311,12.857662,0.904186,0.10128
0.39892,0.89948,7.766599,0.304603,0.11841
-0.170645,-0.318089,10.820698,0.030497,0.331907
1.531765,0.062869,6.593788,-0.456432,-0.301858
3.978726,0.477208,10.796299,0.104588,0.119498
0.889301,-0.121996,8.614286,-0.767763,0.016421
0.382604,-1.026266,10.884166,-0.07435,0.00349
0.275876,1.118923,7.385043,0.0248,0.195202
2.688559,-1.260379,10.400073,0.331691,-0.023271
1.281785,0.377814,8.731642,0.702873,-0.232606
0.743803,0.294737,13.77256,0.111464,0.150395
2.743345,1.170266,12.621154,0.231974,-0.055412
3.957919,0.267194,8.880134,-0.537496,-0.39908
3.706442,0.125888,8.456664,0.022442,0.145708
3.304379,-0.044757,11.859388,0.034328,-0.124576
3.469934,-0.220491,9.541009,-0.130973,0.19827
2.39008,-0.468675,10.633138,0.616884,-0.477331
3.350632,0.094753,10.211914,0.333141,0.733018
3.349884,-0.263003,8.242011,-0.130973,-0.44065
2.873275,-0.660127,11.475137,-0.017847,-0.119485
2.111808,0.031285,9.46841,-0.080539,-0.385522
-0.809517,0.54801,12.726086,0.15374,0.235887
1.638642,1.379831,9.483529,-0.131926,0.087498
2.633025,-0.167801,6.840775,-1.180468,-0.393029
3.115771,-0.332159,8.550669,-0.325576,0.093941
2.605632,-0.664768,8.866512,0.12971,-0.013545
1.25993,-0.474364,9.808653,0.006167,0.007138
1.088237,-0.854872,10.268946,-0.128327,-0.237026
2.359992,-0.376467,7.994426,-0.46235,0.162353
3.475622,-0.238903,7.951615,0.144668,0.050754
1.492247,0.190404,7.160061,-0.240495,0.087646
1.475332,-0.105381,7.16979,0.154361,-0.012367
3.825445,-0.291743,7.944429,0.113749,0.404805
0.211211,-0.394579,12.277918,-0.002541,-0.055737
1.607807,-0.051942,7.536677,-0.699438,-0.280151
2.283202,0.560884,8.433313,0.350424,-0.173641
2.107318,0.229173,7.051836,0.303652,-0.0412
2.086511,1.686543,10.432705,0.146413,-0.169721
1.726959,-1.048719,9.836794,-0.082128,0.036187
2.118694,-1.342109,8.952733,-0.038155,0.000176
2.824926,-0.900378,12.001892,-0.011414,0.022365
1.093476,0.927172,10.149195,0.307685,-0.348844
3.532803,-0.32692,8.515492,0.180091,0.076386
2.513872,-0.667163,13.85923,-0.063635,0.072549
0.588426,0.1202,12.902569,0.037457,0.017105
2.339934,-0.306413,8.918454,-0.014618,0.009749
1.649719,0.712219,7.932305,-0.037698,-0.045915
3.772156,-0.545316,11.929892,0.224282,-0.034047
3.337759,0.307161,6.771319,0.131702,0.019058
3.208428,-0.135319,11.984079,-0.006782,-0.304185
2.647844,-0.617616,12.317885,0.442753,0.544256
3.194058,-0.51912,12.793446,-0.063826,-0.173293
2.487827,-0.542023,12.032728,0.259069,-0.002445
1.866768,-0.123942,10.274634,0.084702,0.039798
0.86101,-0.158371,7.475604,-0.048345,0.010494
4.278852,-1.601071,10.423873,0.006589,-0.126396
0.304766,-0.063767,9.024284,0.158302,-0.053492
0.464334,-0.282762,9.544003,-0.398793,-0.473092
2.093247,0.662672,8.528665,0.266436,0.141401
3.457959,-0.868793,11.695479,-0.911438,0.241756
2.772235,0.108375,13.760136,-0.017003,0.208113
1.759741,-0.646655,7.661518,0.121019,0.014251
2.548301,1.384621,7.361991,-0.172592,0.084361
2.5489,0.89439,12.043655,0.154513,-0.341924
1.815724,0.850232,12.076886,0.19883,-0.131741
3.269202,0.099992,7.072942,0.013822,-0.251811
5.207222,-0.759371,12.70498,-0.133991,-0.29757
2.760859,0.165556,7.390581,0.164879,-0.124217
0.531395,0.417332,10.894345,-0.040977,-0.416839
2.242187,-0.366139,6.573281,0.203017,0.479819
1.833986,0.248483,6.925498,-0.009572,0.542891
1.562002,-1.143921,8.468041,0.037836,0.443475
1.566792,-0.924627,8.39604,-0.319463,-0.207237
2.050885,0.457,9.952504,0.054344,0.112867
2.673441,-0.446671,9.330248,-0.002194,-0.102181
1.893263,1.929787,12.518917,-0.198085,-0.22885
3.143014,-0.841849,9.210796,-0.099702,0.058616
1.794019,0.900228,11.97854,0.124371,0.117738
2.558929,0.12484,6.80949,0.098789,0.164086
1.948797,0.06736,7.667056,0.02319,0.082599
0.783022,0.641266,9.0406,0.148212,-0.08485
2.359543,-0.037123,9.280551,0.002989,0.037527
1.566043,1.573678,12.289145,0.084829,-0.106917
2.621948,0.439935,9.887838,-0.392557,-0.145078
0.75997,0.79829,10.256521,-0.211695,0.349954
1.419199,1.043779,9.8341,-0.689745,0.02235
1.628314,-0.708626,8.457712,-0.267827,-0.088322
3.678301,-0.299677,9.117091,0.361687,0.057134
1.939367,-0.766855,8.86262,-0.01202,0.04589
1.42339,-1.597628,9.746831,0.76188,0.646997
0.109572,0.106429,14.316229,0.010099,-0.128302
2.09175,-0.32243,7.621701,-0.114381,0.081072
1.16847,-0.818648,12.229119,0.286682,-0.141536
3.18358,-0.359403,10.385853,-0.071391,-0.605889
1.700614,-0.105381,7.329209,-0.292964,-0.169872
3.289709,-0.742456,10.749895,0.298645,-0.096034
2.453248,1.07701,8.907826,0.230391,0.1051
1.977238,-0.231568,7.585326,0.208513,0.122865
2.346371,0.791404,7.648195,-0.224781,-0.016472
2.858456,0.844693,11.060649,0.493171,-0.247181
3.622766,0.806673,12.543316,-0.454389,-0.729251
1.39914,0.950523,6.416407,0.291947,-0.170663
1.407373,-1.073867,8.383017,-0.047708,0.461002
2.680027,-0.424517,11.352393,-0.085609,0.307437
1.779799,-0.024998,5.84759,0.05346,-0.180457
3.53909,-0.808169,11.407628,0.14879,0.039409
2.761607,-0.045655,6.587651,0.509172,0.319205
1.545386,-0.297132,13.114977,0.284066,-0.075111
1.414259,-0.858165,9.943522,0.344594,0.063181
2.361639,1.105751,10.885513,0.029304,-0.028275
4.567901,-1.49539,11.52663,0.628693,-0.076614
3.045866,-1.304388,11.295661,0.082778,0.281052
2.480941,0.679587,11.899954,0.04464,0.082372
1.831591,-0.863105,9.243428,0.147205,-0.184803
3.161575,-0.03847,13.056599,-0.075583,-0.201986
2.196532,-0.844544,9.001232,-0.228105,0.406911
4.486321,0.219444,10.437794,-0.02,-0.169507
2.126179,-0.445324,8.683742,0.061567,0.730984
1.742526,-0.010329,8.923094,0.074733,-0.098832
2.148782,-0.742157,7.790849,0.016994,0.069079
1.446741,0.08173,8.018525,0.29313,-0.185152
2.185156,0.749491,7.541917,-0.585116,-0.120199
1.468446,-1.324446,7.69894,-0.012408,0.030214
2.085314,-0.89903,10.023007,-0.316734,-0.337185
1.167273,1.171614,6.964866,-0.078746,-0.058453
2.440525,-1.235231,7.072792,-0.015554,-0.018063
2.748135,0.076192,11.097922,-0.201775,0.238827
2.097139,-0.260907,7.004534,-0.1797,0.200118
3.031346,1.152304,12.341985,0.211877,-0.054682
0.905168,-0.198637,11.378139,0.178648,-0.274724
3.024012,0.923879,11.855646,0.188762,0.048403
2.478845,-0.440235,8.575517,-0.497014,-0.703089
2.041155,0.373324,10.925031,-0.741687,0.044955
1.512904,0.497865,6.752758,0.08345,0.385303
1.616788,-0.260608,7.526049,-0.309095,-0.407429
0.344284,-0.34608,8.834628,0.383681,-0.082947
2.790946,-0.778082,8.743468,0.185357,-0.030152
1.438359,-1.374292,11.495345,0.466771,0.505073
3.728147,0.392933,11.283386,0.438831,0.080563
0.219294,0.145348,13.701308,-0.663028,-0.540358
2.484084,0.03383,11.772868,0.265095,0.05367
2.190096,0.267045,8.595276,-0.017574,0.054945
1.194666,-0.483794,11.230396,-0.031892,-0.037909
3.672762,0.117655,11.915072,-0.533519,-0.185064
1.361718,0.119452,12.665911,-0.08375,-0.04643
1.498085,0.753084,6.604416,-0.355738,0.102097
1.627266,-0.75488,9.524843,0.014323,0.006434
1.570235,-0.145797,9.433383,-0.068443,-0.034602
2.387685,-0.062271,8.413853,-0.143357,0.092397
2.317331,0.750839,8.654553,-0.118446,-0.060424
1.496438,-0.135618,9.960437,0.14241,0.09394
0.080233,0.773741,11.795322,-0.264993,0.030567
1.982777,0.127086,7.34792,-0.044996,-0.127532
2.479893,0.069007,12.119398,0.295927,-0.098158
0.339195,0.818498,7.575596,0.110293,-0.044848
0.597557,1.494492,10.695558,0.152988,0.2065
4.006718,0.642763,9.063353,0.128887,0.073066
4.007915,0.005389,10.147398,0.262935,-0.163786
3.972439,0.252225,9.73321,0.040322,-0.07687
3.011288,0.291145,8.447384,-0.127809,-0.411797
1.844015,0.546963,8.869805,0.024898,0.030113
1.736389,0.242496,5.853128,-0.15207,-0.342647
1.922303,-0.807122,9.469458,-0.007316,-0.015372
0.52406,-0.184117,12.886852,0.021149,-0.009236
2.253264,0.496667,8.133486,0.059835,0.07785
1.688788,-1.004561,9.269025,-0.354857,-0.173292
4.416117,-0.048649,8.719967,-0.202547,0.257267
3.199297,0.410297,6.489605,-0.010476,0.527772
1.422642,0.400717,6.716084,0.427826,-0.022992
1.50991,-0.676743,8.530012,-0.274216,-0.266206
2.789898,0.219144,8.680748,0.323731,-0.237551
3.113226,-0.142204,10.037078,-0.31642,0.229613
2.171385,0.512983,13.194312,0.618883,-0.37003
3.497776,0.1922,5.981112,-0.01122,-0.307194
3.412603,0.01422,8.702154,-0.073476,0.08278
1.732797,0.195194,9.069939,0.227334,-0.040176
2.915487,0.288899,7.519164,0.059763,-0.061787
0.448318,0.69261,10.71876,-0.171076,-0.216684
2.288741,0.782872,6.935977,0.104137,0.028896
3.287763,0.040566,6.835535,0.380075,-0.296779
1.100961,0.344434,12.21909,0.138273,0.161919
0.927621,-0.489183,10.736873,0.368927,-0.088077
1.782942,1.008902,12.142899,0.094001,0.102958
1.564247,-0.086221,9.259146,-0.316922,-0.039729
0.929268,0.395178,9.807006,-0.191895,-0.140304
0.890947,0.225731,9.773326,0.046054,-0.317056
2.338737,-0.520318,7.267537,0.100622,-0.00062
3.007097,0.414638,13.517191,0.031332,0.014886
3.023113,-0.292492,8.680449,0.122481,-0.091364
2.656825,0.21136,8.539442,0.12909,0.109392
4.224515,0.594713,11.745625,-0.061166,0.123636
3.242407,-0.10104,6.589447,0.275479,0.068779
1.029858,0.882565,12.130325,0.088613,0.020276
-0.232167,0.099094,10.320439,0.343311,-0.061911
4.25086,0.251028,10.06477,0.196256,-0.254434
1.633403,0.922532,6.574778,0.096107,-0.309942
1.287024,0.617167,6.821465,0.083005,0.166671
0.729882,0.912952,11.918964,-0.154392,0.06635
1.742676,0.667612,7.764953,0.040812,0.089688
3.715274,0.311502,10.385553,-1.043345,-0.432362
3.648663,-0.119452,9.80985,0.16167,-0.073377
1.816622,-0.785566,8.55007,-0.252194,0.000979
5.295388,0.938548,12.435091,0.144329,-0.189264
0.243394,1.026715,8.568482,-0.194756,-0.070473
1.829346,-0.456102,7.639963,-0.010827,-0.024352
4.40474,0.338746,8.500673,-0.168264,-0.250939
1.310674,-0.199385,6.769223,-0.335925,0.372333
1.69732,1.054707,12.560231,0.222539,0.177763
2.890639,0.555345,11.550131,0.183876,0.073938
3.24136,-0.020807,9.254355,0.063805,0.034536
0.666264,-1.172212,13.593382,0.226289,0.72501
4.568051,0.198188,10.088421,0.136089,-0.022735
1.714086,-0.619113,9.753567,-0.120803,0.161252
2.094894,1.273701,7.173682,-0.196398,0.204765
3.169808,-0.069306,7.098688,-0.244081,-0.361478
0.917592,0.450114,12.020154,0.014663,-0.1821
4.853956,-0.238454,11.849808,0.148205,0.582367
1.611399,0.195493,8.255034,0.067585,0.076124
1.93802,0.342188,11.853101,-0.397051,-0.14143
1.344504,0.592767,7.607929,-0.405068,-0.098619
2.210154,-0.37497,11.078911,0.2631,-0.056559
3.024461,-0.440684,6.7324,-0.046652,0.094656
1.897005,-0.857417,9.712104,-0.445741,-0.254593
2.362986,-0.786465,8.297695,-0.22876,-0.030328
3.641627,-0.474962,10.251282,0.046725,0.219038
0.2404,-0.869691,10.681787,0.019397,0.107713
3.06787,0.466131,8.68943,0.109895,0.006061
1.2984,1.487307,8.580307,-0.084658,0.011884
2.581382,0.86535,12.990287,0.044296,0.192713
3.134931,-0.059127,9.277408,0.027956,-0.189157
1.550176,1.132844,8.463849,0.241371,0.052181
1.785038,-0.468975,8.887468,-0.438899,0.161247
2.738705,0.53843,9.616303,-0.176231,-0.058804
1.614093,-0.194446,10.056837,0.353178,0.50982
1.672322,0.319286,6.798263,-0.23861,-0.064937
2.943778,0.032632,8.746013,-0.052027,0.138506
1.71199,0.089514,7.442224,0.112978,-0.209708
1.427132,-0.758772,10.325378,-0.069772,-0.354631
2.783162,1.746718,12.673845,-0.085131,-0.029164
2.616709,1.348695,10.530003,0.164868,-0.139818
-0.40416,0.959355,12.570559,0.149374,-0.348679
2.795886,0.811163,11.091785,-0.36858,-0.120746
3.829487,0.426164,8.844657,0.020765,0.086554
1.305286,-0.444126,9.655072,-0.306051,0.130161
0.799338,1.580563,7.20347,-0.113687,0.297429
0.85113,0.407902,13.011692,0.289201,-0.052397
3.06338,0.113464,8.539292,-0.506452,-0.370616
0.405058,-0.416434,11.629167,-0.130131,-0.307517
